Seq,Value
AAAAAAA,1.44E-01
AAAAAAC,2.04E-01
AAAAAAG,1.93E-01
AAAAAAT,1.06E+00
AAAAACA,2.32E-01
AAAAACC,4.84E-01
AAAAACG,4.66E-01
AAAAACT,1.28E+00
AAAAAGA,7.65E+00
AAAAAGC,1.01E+01
AAAAAGG,6.14E+00
AAAAAGT,5.36E+01
AAAAATA,1.20E-01
AAAAATC,9.83E-02
AAAAATG,1.42E-01
AAAAATT,7.89E-01
AAAACAA,1.76E-02
AAAACAC,4.90E-02
AAAACAG,3.41E-02
AAAACAT,1.88E-01
AAAACCA,4.02E-02
AAAACCC,1.64E-01
AAAACCG,1.17E-01
AAAACCT,3.21E-01
AAAACGA,1.59E+00
AAAACGC,4.11E+00
AAAACGG,1.85E+00
AAAACGT,1.62E+01
AAAACTA,2.21E-02
AAAACTC,3.54E-02
AAAACTG,3.77E-02
AAAACTT,2.10E-01
AAAAGAA,7.74E-03
AAAAGAC,2.16E-02
AAAAGAG,6.67E-03
AAAAGAT,7.57E-02
AAAAGCA,8.28E-03
AAAAGCC,3.40E-02
AAAAGCG,1.07E-02
AAAAGCT,6.05E-02
AAAAGGA,7.86E-01
AAAAGGC,2.04E+00
AAAAGGG,4.05E-01
AAAAGGT,7.28E+00
AAAAGTA,3.85E-03
AAAAGTC,6.21E-03
AAAAGTG,2.92E-03
AAAAGTT,3.35E-02
AAAATAA,1.97E-02
AAAATAC,4.84E-02
AAAATAG,3.05E-02
AAAATAT,1.73E-01
AAAATCA,2.39E-02
AAAATCC,8.64E-02
AAAATCG,5.56E-02
AAAATCT,1.57E-01
AAAATGA,9.30E-01
AAAATGC,2.12E+00
AAAATGG,8.64E-01
AAAATGT,7.76E+00
AAAATTA,1.48E-02
AAAATTC,2.10E-02
AAAATTG,2.02E-02
AAAATTT,1.16E-01
AAACAAA,3.57E-05
AAACAAC,7.91E-05
AAACAAG,3.34E-05
AAACAAT,7.18E-04
AAACACA,4.06E-05
AAACACC,1.32E-04
AAACACG,5.69E-05
AAACACT,6.09E-04
AAACAGA,1.32E-02
AAACAGC,2.70E-02
AAACAGG,7.36E-03
AAACAGT,2.51E-01
AAACATA,4.52E-05
AAACATC,5.77E-05
AAACATG,3.72E-05
AAACATT,8.09E-04
AAACCAA,9.09E-07
AAACCAC,3.94E-06
AAACCAG,1.23E-06
AAACCAT,2.65E-05
AAACCCA,1.46E-06
AAACCCC,9.33E-06
AAACCCG,2.96E-06
AAACCCT,3.18E-05
AAACCGA,5.70E-04
AAACCGC,2.29E-03
AAACCGG,4.60E-04
AAACCGT,1.57E-02
AAACCTA,1.73E-06
AAACCTC,4.32E-06
AAACCTG,2.05E-06
AAACCTT,4.47E-05
AAACGAA,1.08E-06
AAACGAC,4.70E-06
AAACGAG,6.47E-07
AAACGAT,2.87E-05
AAACGCA,8.13E-07
AAACGCC,5.20E-06
AAACGCG,7.30E-07
AAACGCT,1.61E-05
AAACGGA,7.59E-04
AAACGGC,3.06E-03
AAACGGG,2.72E-04
AAACGGT,1.91E-02
AAACGTA,8.13E-07
AAACGTC,2.04E-06
AAACGTG,4.29E-07
AAACGTT,1.92E-05
AAACTAA,2.37E-06
AAACTAC,9.11E-06
AAACTAG,2.57E-06
AAACTAT,5.68E-05
AAACTCA,2.03E-06
AAACTCC,1.14E-05
AAACTCG,3.29E-06
AAACTCT,3.63E-05
AAACTGA,7.78E-04
AAACTGC,2.76E-03
AAACTGG,5.03E-04
AAACTGT,1.76E-02
AAACTTA,2.70E-06
AAACTTC,5.98E-06
AAACTTG,2.57E-06
AAACTTT,5.75E-05
AAAGAAA,5.66E-03
AAAGAAC,1.93E-02
AAAGAAG,1.10E-02
AAAGAAT,1.08E-01
AAAGACA,1.01E-02
AAAGACC,5.05E-02
AAAGACG,2.93E-02
AAAGACT,1.43E-01
AAAGAGA,1.19E+00
AAAGAGC,3.77E+00
AAAGAGG,1.38E+00
AAAGAGT,2.14E+01
AAAGATA,3.48E-03
AAAGATC,6.87E-03
AAAGATG,5.96E-03
AAAGATT,5.89E-02
AAAGCAA,4.16E-04
AAAGCAC,2.79E-03
AAAGCAG,1.17E-03
AAAGCAT,1.14E-02
AAAGCCA,1.05E-03
AAAGCCC,1.03E-02
AAAGCCG,4.41E-03
AAAGCCT,2.15E-02
AAAGCGA,1.49E-01
AAAGCGC,9.23E-01
AAAGCGG,2.50E-01
AAAGCGT,3.88E+00
AAAGCTA,3.85E-04
AAAGCTC,1.49E-03
AAAGCTG,9.50E-04
AAAGCTT,9.42E-03
AAAGGAA,1.06E-04
AAAGGAC,7.10E-04
AAAGGAG,1.32E-04
AAAGGAT,2.65E-03
AAAGGCA,1.24E-04
AAAGGCC,1.23E-03
AAAGGCG,2.32E-04
AAAGGCT,2.33E-03
AAAGGGA,4.23E-02
AAAGGGC,2.63E-01
AAAGGGG,3.15E-02
AAAGGGT,1.01E+00
AAAGGTA,3.87E-05
AAAGGTC,1.50E-04
AAAGGTG,4.24E-05
AAAGGTT,8.65E-04
AAAGTAA,1.25E-04
AAAGTAC,7.43E-04
AAAGTAG,2.82E-04
AAAGTAT,2.84E-03
AAAGTCA,1.68E-04
AAAGTCC,1.46E-03
AAAGTCG,5.65E-04
AAAGTCT,2.84E-03
AAAGTGA,2.34E-02
AAAGTGC,1.29E-01
AAAGTGG,3.15E-02
AAAGTGT,5.03E-01
AAAGTTA,6.94E-05
AAAGTTC,2.37E-04
AAAGTTG,1.37E-04
AAAGTTT,1.40E-03
AAATAAA,3.45E-04
AAATAAC,4.40E-04
AAATAAG,4.64E-04
AAATAAT,1.02E-02
AAATACA,3.31E-05
AAATACC,6.20E-05
AAATACG,6.66E-05
AAATACT,7.28E-04
AAATAGA,4.31E-02
AAATAGC,5.08E-02
AAATAGG,3.45E-02
AAATAGT,1.20E+00
AAATATA,1.44E-04
AAATATC,1.06E-04
AAATATG,1.71E-04
AAATATT,3.78E-03
AAATCAA,4.71E-05
AAATCAC,1.17E-04
AAATCAG,9.13E-05
AAATCAT,2.00E-03
AAATCCA,6.41E-06
AAATCCC,2.35E-05
AAATCCG,1.86E-05
AAATCCT,2.04E-04
AAATCGA,1.00E-02
AAATCGC,2.31E-02
AAATCGG,1.16E-02
AAATCGT,4.03E-01
AAATCTA,2.96E-05
AAATCTC,4.25E-05
AAATCTG,5.04E-05
AAATCTT,1.12E-03
AAATGAA,2.89E-05
AAATGAC,7.23E-05
AAATGAG,2.48E-05
AAATGAT,1.12E-03
AAATGCA,1.84E-06
AAATGCC,6.75E-06
AAATGCG,2.37E-06
AAATGCT,5.33E-05
AAATGGA,6.87E-03
AAATGGC,1.59E-02
AAATGGG,3.53E-03
AAATGGT,2.53E-01
AAATGTA,7.18E-06
AAATGTC,1.04E-05
AAATGTG,5.44E-06
AAATGTT,2.49E-04
AAATTAA,6.57E-05
AAATTAC,1.45E-04
AAATTAG,1.02E-04
AAATTAT,2.30E-03
AAATTCA,4.75E-06
AAATTCC,1.54E-05
AAATTCG,1.10E-05
AAATTCT,1.24E-04
AAATTGA,7.29E-03
AAATTGC,1.49E-02
AAATTGG,6.75E-03
AAATTGT,2.42E-01
AAATTTA,2.47E-05
AAATTTC,3.14E-05
AAATTTG,3.37E-05
AAATTTT,7.69E-04
AACAAAA,9.87E-03
AACAAAC,8.45E-03
AACAAAG,1.29E-02
AACAAAT,8.61E-02
AACAACA,1.03E+00
AACAACC,1.29E+00
AACAACG,2.02E+00
AACAACT,6.70E+00
AACAAGA,1.31E+01
AACAAGC,1.04E+01
AACAAGG,1.03E+01
AACAAGT,1.08E+02
AACAATA,2.71E-01
AACAATC,1.34E-01
AACAATG,3.13E-01
AACAATT,2.11E+00
AACACAA,1.72E-03
AACACAC,2.88E-03
AACACAG,3.25E-03
AACACAT,2.17E-02
AACACCA,2.54E-01
AACACCC,6.24E-01
AACACCG,7.19E-01
AACACCT,2.39E+00
AACACGA,3.87E+00
AACACGC,6.00E+00
AACACGG,4.38E+00
AACACGT,4.63E+01
AACACTA,7.09E-02
AACACTC,6.85E-02
AACACTG,1.18E-01
AACACTT,7.96E-01
AACAGAA,3.62E-04
AACAGAC,6.09E-04
AACAGAG,3.04E-04
AACAGAT,4.17E-03
AACAGCA,2.50E-02
AACAGCC,6.18E-02
AACAGCG,3.15E-02
AACAGCT,2.15E-01
AACAGGA,9.15E-01
AACAGGC,1.42E+00
AACAGGG,4.59E-01
AACAGGT,9.99E+00
AACAGTA,5.92E-03
AACAGTC,5.75E-03
AACAGTG,4.38E-03
AACAGTT,6.08E-02
AACATAA,1.13E-03
AACATAC,1.68E-03
AACATAG,1.71E-03
AACATAT,1.17E-02
AACATCA,8.87E-02
AACATCC,1.93E-01
AACATCG,2.01E-01
AACATCT,6.88E-01
AACATGA,1.33E+00
AACATGC,1.83E+00
AACATGG,1.21E+00
AACATGT,1.31E+01
AACATTA,2.80E-02
AACATTC,2.39E-02
AACATTG,3.73E-02
AACATTT,2.58E-01
AACCAAA,1.44E-05
AACCAAC,1.92E-05
AACCAAG,1.32E-05
AACCAAT,3.42E-04
AACCACA,1.06E-03
AACCACC,2.07E-03
AACCACG,1.45E-03
AACCACT,1.87E-02
AACCAGA,1.32E-01
AACCAGC,1.63E-01
AACCAGG,7.21E-02
AACCAGT,2.98E+00
AACCATA,6.01E-04
AACCATC,4.62E-04
AACCATG,4.82E-04
AACCATT,1.27E-02
AACCCAA,5.21E-07
AACCCAC,1.36E-06
AACCCAG,6.86E-07
AACCCAT,1.79E-05
AACCCCA,5.42E-05
AACCCCC,2.08E-04
AACCCCG,1.07E-04
AACCCCT,1.39E-03
AACCCGA,8.13E-03
AACCCGC,1.96E-02
AACCCGG,6.40E-03
AACCCGT,2.65E-01
AACCCTA,3.26E-05
AACCCTC,4.90E-05
AACCCTG,3.78E-05
AACCCTT,9.95E-04
AACCGAA,2.96E-07
AACCGAC,7.76E-07
AACCGAG,1.73E-07
AACCGAT,9.28E-06
AACCGCA,1.44E-05
AACCGCC,5.54E-05
AACCGCG,1.26E-05
AACCGCT,3.37E-04
AACCGGA,5.18E-03
AACCGGC,1.26E-02
AACCGGG,1.81E-03
AACCGGT,1.54E-01
AACCGTA,7.34E-06
AACCGTC,1.11E-05
AACCGTG,3.78E-06
AACCGTT,2.05E-04
AACCTAA,8.02E-07
AACCTAC,1.85E-06
AACCTAG,8.46E-07
AACCTAT,2.26E-05
AACCTCA,4.43E-05
AACCTCC,1.50E-04
AACCTCG,7.00E-05
AACCTCT,9.33E-04
AACCTGA,6.54E-03
AACCTGC,1.40E-02
AACCTGG,4.12E-03
AACCTGT,1.75E-01
AACCTTA,3.00E-05
AACCTTC,4.00E-05
AACCTTG,2.79E-05
AACCTTT,7.55E-04
AACGAAA,4.24E-04
AACGAAC,8.72E-04
AACGAAG,8.04E-04
AACGAAT,9.51E-03
AACGACA,4.87E-02
AACGACC,1.47E-01
AACGACG,1.38E-01
AACGACT,8.15E-01
AACGAGA,2.22E+00
AACGAGC,4.23E+00
AACGAGG,2.52E+00
AACGAGT,4.72E+01
AACGATA,8.60E-03
AACGATC,1.02E-02
AACGATG,1.43E-02
AACGATT,1.72E-01
AACGCAA,4.43E-05
AACGCAC,1.78E-04
AACGCAG,1.21E-04
AACGCAT,1.44E-03
AACGCCA,7.21E-03
AACGCCC,4.26E-02
AACGCCG,2.95E-02
AACGCCT,1.75E-01
AACGCGA,3.94E-01
AACGCGC,1.47E+00
AACGCGG,6.45E-01
AACGCGT,1.21E+01
AACGCTA,1.35E-03
AACGCTC,3.13E-03
AACGCTG,3.25E-03
AACGCTT,3.89E-02
AACGGAA,5.38E-06
AACGGAC,2.17E-05
AACGGAG,6.53E-06
AACGGAT,1.59E-04
AACGGCA,4.09E-04
AACGGCC,2.43E-03
AACGGCG,7.45E-04
AACGGCT,9.06E-03
AACGGGA,5.37E-02
AACGGGC,2.01E-01
AACGGGG,3.90E-02
AACGGGT,1.51E+00
AACGGTA,6.49E-05
AACGGTC,1.51E-04
AACGGTG,6.94E-05
AACGGTT,1.71E-03
AACGTAA,7.87E-06
AACGTAC,2.80E-05
AACGTAG,1.73E-05
AACGTAT,2.10E-04
AACGTCA,6.80E-04
AACGTCC,3.56E-03
AACGTCG,2.23E-03
AACGTCT,1.36E-02
AACGTGA,3.66E-02
AACGTGC,1.21E-01
AACGTGG,4.80E-02
AACGTGT,9.26E-01
AACGTTA,1.43E-04
AACGTTC,2.95E-04
AACGTTG,2.77E-04
AACGTTT,3.41E-03
AACTAAA,1.64E-06
AACTAAC,1.26E-06
AACTAAG,2.15E-06
AACTAAT,5.70E-05
AACTACA,1.02E-05
AACTACC,1.14E-05
AACTACG,2.00E-05
AACTACT,2.64E-04
AACTAGA,5.10E-03
AACTAGC,3.62E-03
AACTAGG,3.99E-03
AACTAGT,1.68E-01
AACTATA,2.26E-05
AACTATC,9.98E-06
AACTATG,2.60E-05
AACTATT,6.98E-04
AACTCAA,3.18E-07
AACTCAC,4.77E-07
AACTCAG,6.01E-07
AACTCAT,1.60E-05
AACTCCA,2.79E-06
AACTCCC,6.15E-06
AACTCCG,7.90E-06
AACTCCT,1.05E-04
AACTCGA,1.68E-03
AACTCGC,2.33E-03
AACTCGG,1.90E-03
AACTCGT,7.99E-02
AACTCTA,6.57E-06
AACTCTC,5.68E-06
AACTCTG,1.09E-05
AACTCTT,2.93E-04
AACTGAA,9.33E-08
AACTGAC,1.40E-07
AACTGAG,7.83E-08
AACTGAT,4.28E-06
AACTGCA,3.83E-07
AACTGCC,8.48E-07
AACTGCG,4.82E-07
AACTGCT,1.31E-05
AACTGGA,5.52E-04
AACTGGC,7.70E-04
AACTGGG,2.77E-04
AACTGGT,2.40E-02
AACTGTA,7.64E-07
AACTGTC,6.64E-07
AACTGTG,5.64E-07
AACTGTT,3.12E-05
AACTTAA,2.62E-07
AACTTAC,3.47E-07
AACTTAG,3.96E-07
AACTTAT,1.08E-05
AACTTCA,1.22E-06
AACTTCC,2.38E-06
AACTTCG,2.77E-06
AACTTCT,3.76E-05
AACTTGA,7.22E-04
AACTTGC,8.86E-04
AACTTGG,6.53E-04
AACTTGT,2.82E-02
AACTTTA,3.24E-06
AACTTTC,2.48E-06
AACTTTG,4.31E-06
AACTTTT,1.19E-04
AAGAAAA,2.11E+01
AAGAAAC,1.79E+01
AAGAAAG,3.40E+01
AAGAAAT,3.00E+01
AAGAACA,3.08E+01
AAGAACC,3.84E+01
AAGAACG,7.43E+01
AAGAACT,3.27E+01
AAGAAGA,9.63E+01
AAGAAGC,7.56E+01
AAGAAGG,9.27E+01
AAGAAGT,1.30E+02
AAGAATA,2.28E+01
AAGAATC,1.12E+01
AAGAATG,3.24E+01
AAGAATT,2.89E+01
AAGACAA,7.20E+00
AAGACAC,1.19E+01
AAGACAG,1.67E+01
AAGACAT,1.48E+01
AAGACCA,1.49E+01
AAGACCC,3.63E+01
AAGACCG,5.19E+01
AAGACCT,2.29E+01
AAGACGA,5.59E+01
AAGACGC,8.59E+01
AAGACGG,7.77E+01
AAGACGT,1.09E+02
AAGACTA,1.17E+01
AAGACTC,1.12E+01
AAGACTG,2.39E+01
AAGACTT,2.14E+01
AAGAGAA,5.11E+00
AAGAGAC,8.51E+00
AAGAGAG,5.27E+00
AAGAGAT,9.60E+00
AAGAGCA,4.94E+00
AAGAGCC,1.21E+01
AAGAGCG,7.65E+00
AAGAGCT,6.94E+00
AAGAGGA,4.45E+01
AAGAGGC,6.86E+01
AAGAGGG,2.74E+01
AAGAGGT,7.92E+01
AAGAGTA,3.29E+00
AAGAGTC,3.16E+00
AAGAGTG,2.99E+00
AAGAGTT,5.50E+00
AAGATAA,8.62E+00
AAGATAC,1.27E+01
AAGATAG,1.61E+01
AAGATAT,1.46E+01
AAGATCA,9.47E+00
AAGATCC,2.04E+01
AAGATCG,2.64E+01
AAGATCT,1.20E+01
AAGATGA,3.50E+01
AAGATGC,4.76E+01
AAGATGG,3.89E+01
AAGATGT,5.61E+01
AAGATTA,8.38E+00
AAGATTC,7.10E+00
AAGATTG,1.37E+01
AAGATTT,1.26E+01
AAGCAAA,2.24E-01
AAGCAAC,2.96E-01
AAGCAAG,2.52E-01
AAGCAAT,8.68E-01
AAGCACA,2.31E-01
AAGCACC,4.48E-01
AAGCACG,3.87E-01
AAGCACT,6.66E-01
AAGCAGA,7.09E+00
AAGCAGC,8.68E+00
AAGCAGG,4.75E+00
AAGCAGT,2.60E+01
AAGCATA,3.68E-01
AAGCATC,2.80E-01
AAGCATG,3.63E-01
AAGCATT,1.27E+00
AAGCCAA,1.59E-02
AAGCCAC,4.11E-02
AAGCCAG,2.58E-02
AAGCCAT,8.90E-02
AAGCCCA,2.32E-02
AAGCCCC,8.81E-02
AAGCCCG,5.62E-02
AAGCCCT,9.69E-02
AAGCCGA,8.56E-01
AAGCCGC,2.05E+00
AAGCCGG,8.28E-01
AAGCCGT,4.54E+00
AAGCCTA,3.91E-02
AAGCCTC,5.84E-02
AAGCCTG,5.58E-02
AAGCCTT,1.95E-01
AAGCGAA,3.04E-02
AAGCGAC,7.91E-02
AAGCGAG,2.19E-02
AAGCGAT,1.56E-01
AAGCGCA,2.07E-02
AAGCGCC,7.92E-02
AAGCGCG,2.23E-02
AAGCGCT,7.92E-02
AAGCGGA,1.83E+00
AAGCGGC,4.41E+00
AAGCGGG,7.88E-01
AAGCGGT,8.89E+00
AAGCGTA,2.97E-02
AAGCGTC,4.45E-02
AAGCGTG,1.88E-02
AAGCGTT,1.35E-01
AAGCTAA,4.45E-02
AAGCTAC,1.02E-01
AAGCTAG,5.77E-02
AAGCTAT,2.05E-01
AAGCTCA,3.44E-02
AAGCTCC,1.16E-01
AAGCTCG,6.69E-02
AAGCTCT,1.18E-01
AAGCTGA,1.25E+00
AAGCTGC,2.65E+00
AAGCTGG,9.69E-01
AAGCTGT,5.46E+00
AAGCTTA,6.56E-02
AAGCTTC,8.65E-02
AAGCTTG,7.49E-02
AAGCTTT,2.69E-01
AAGGAAA,1.44E+00
AAGGAAC,2.94E+00
AAGGAAG,3.37E+00
AAGGAAT,5.28E+00
AAGGACA,2.32E+00
AAGGACC,6.96E+00
AAGGACG,8.11E+00
AAGGACT,6.35E+00
AAGGAGA,2.60E+01
AAGGAGC,4.92E+01
AAGGAGG,3.63E+01
AAGGAGT,9.03E+01
AAGGATA,1.15E+00
AAGGATC,1.35E+00
AAGGATG,2.36E+00
AAGGATT,3.75E+00
AAGGCAA,2.96E-01
AAGGCAC,1.18E+00
AAGGCAG,9.95E-01
AAGGCAT,1.57E+00
AAGGCCA,6.75E-01
AAGGCCC,3.96E+00
AAGGCCG,3.40E+00
AAGGCCT,2.67E+00
AAGGCGA,9.08E+00
AAGGCGC,3.36E+01
AAGGCGG,1.82E+01
AAGGCGT,4.55E+01
AAGGCTA,3.54E-01
AAGGCTC,8.16E-01
AAGGCTG,1.05E+00
AAGGCTT,1.67E+00
AAGGGAA,1.21E-01
AAGGGAC,4.85E-01
AAGGGAG,1.81E-01
AAGGGAT,5.85E-01
AAGGGCA,1.29E-01
AAGGGCC,7.60E-01
AAGGGCG,2.89E-01
AAGGGCT,4.66E-01
AAGGGGA,4.16E+00
AAGGGGC,1.54E+01
AAGGGGG,3.71E+00
AAGGGGT,1.91E+01
AAGGGTA,5.74E-02
AAGGGTC,1.33E-01
AAGGGTG,7.55E-02
AAGGGTT,2.47E-01
AAGGTAA,9.56E-02
AAGGTAC,3.38E-01
AAGGTAG,2.58E-01
AAGGTAT,4.16E-01
AAGGTCA,1.16E-01
AAGGTCC,6.01E-01
AAGGTCG,4.67E-01
AAGGTCT,3.76E-01
AAGGTGA,1.53E+00
AAGGTGC,5.01E+00
AAGGTGG,2.47E+00
AAGGTGT,6.32E+00
AAGGTTA,6.85E-02
AAGGTTC,1.40E-01
AAGGTTG,1.63E-01
AAGGTTT,2.65E-01
AAGTAAA,4.12E-01
AAGTAAC,3.13E-01
AAGTAAG,6.64E-01
AAGTAAT,2.33E+00
AAGTACA,3.58E-02
AAGTACC,3.99E-02
AAGTACG,8.63E-02
AAGTACT,1.51E-01
AAGTAGA,4.41E+00
AAGTAGC,3.10E+00
AAGTAGG,4.24E+00
AAGTAGT,2.37E+01
AAGTATA,2.23E-01
AAGTATC,9.77E-02
AAGTATG,3.16E-01
AAGTATT,1.12E+00
AAGTCAA,1.57E-01
AAGTCAC,2.33E-01
AAGTCAG,3.64E-01
AAGTCAT,1.28E+00
AAGTCCA,1.93E-02
AAGTCCC,4.21E-02
AAGTCCG,6.71E-02
AAGTCCT,1.18E-01
AAGTCGA,2.85E+00
AAGTCGC,3.92E+00
AAGTCGG,3.95E+00
AAGTCGT,2.21E+01
AAGTCTA,1.27E-01
AAGTCTC,1.09E-01
AAGTCTG,2.60E-01
AAGTCTT,9.27E-01
AAGTGAA,1.55E-01
AAGTGAC,2.31E-01
AAGTGAG,1.60E-01
AAGTGAT,1.16E+00
AAGTGCA,8.91E-03
AAGTGCC,1.95E-02
AAGTGCG,1.38E-02
AAGTGCT,4.98E-02
AAGTGGA,3.16E+00
AAGTGGC,4.36E+00
AAGTGGG,1.94E+00
AAGTGGT,2.24E+01
AAGTGTA,4.98E-02
AAGTGTC,4.29E-02
AAGTGTG,4.53E-02
AAGTGTT,3.32E-01
AAGTTAA,2.34E-01
AAGTTAC,3.08E-01
AAGTTAG,4.36E-01
AAGTTAT,1.58E+00
AAGTTCA,1.53E-02
AAGTTCC,2.96E-02
AAGTTCG,4.27E-02
AAGTTCT,7.70E-02
AAGTTGA,2.23E+00
AAGTTGC,2.71E+00
AAGTTGG,2.47E+00
AAGTTGT,1.42E+01
AAGTTTA,1.14E-01
AAGTTTC,8.64E-02
AAGTTTG,1.87E-01
AAGTTTT,6.83E-01
AATAAAA,3.70E-02
AATAAAC,5.91E-02
AATAAAG,9.47E-02
AATAAAT,3.27E-01
AATAACA,5.79E-01
AATAACC,1.36E+00
AATAACG,2.22E+00
AATAACT,3.83E+00
AATAAGA,2.98E+00
AATAAGC,4.41E+00
AATAAGG,4.56E+00
AATAAGT,2.50E+01
AATAATA,2.27E-02
AATAATC,2.09E-02
AATAATG,5.12E-02
AATAATT,1.79E-01
AATACAA,3.66E-03
AATACAC,1.14E-02
AATACAG,1.35E-02
AATACAT,4.68E-02
AATACCA,8.11E-02
AATACCC,3.73E-01
AATACCG,4.49E-01
AATACCT,7.76E-01
AATACGA,5.02E-01
AATACGC,1.45E+00
AATACGG,1.11E+00
AATACGT,6.09E+00
AATACTA,3.37E-03
AATACTC,6.09E-03
AATACTG,1.10E-02
AATACTT,3.84E-02
AATAGAA,1.30E-03
AATAGAC,4.07E-03
AATAGAG,2.13E-03
AATAGAT,1.52E-02
AATAGCA,1.34E-02
AATAGCC,6.21E-02
AATAGCG,3.30E-02
AATAGCT,1.17E-01
AATAGGA,1.99E-01
AATAGGC,5.80E-01
AATAGGG,1.95E-01
AATAGGT,2.21E+00
AATAGTA,4.74E-04
AATAGTC,8.59E-04
AATAGTG,6.84E-04
AATAGTT,4.93E-03
AATATAA,5.19E-03
AATATAC,1.44E-02
AATATAG,1.54E-02
AATATAT,5.47E-02
AATATCA,6.12E-02
AATATCC,2.49E-01
AATATCG,2.71E-01
AATATCT,4.81E-01
AATATGA,3.72E-01
AATATGC,9.54E-01
AATATGG,6.58E-01
AATATGT,3.72E+00
AATATTA,2.87E-03
AATATTC,4.58E-03
AATATTG,7.47E-03
AATATTT,2.69E-02
AATCAAA,1.89E-05
AATCAAC,4.72E-05
AATCAAG,3.38E-05
AATCAAT,4.56E-04
AATCACA,2.09E-04
AATCACC,7.64E-04
AATCACG,5.57E-04
AATCACT,3.75E-03
AATCAGA,1.06E-02
AATCAGC,2.44E-02
AATCAGG,1.13E-02
AATCAGT,2.41E-01
AATCATA,1.76E-05
AATCATC,2.53E-05
AATCATG,2.77E-05
AATCATT,3.78E-04
AATCCAA,3.89E-07
AATCCAC,1.90E-06
AATCCAG,1.00E-06
AATCCAT,1.36E-05
AATCCCA,6.08E-06
AATCCCC,4.35E-05
AATCCCG,2.34E-05
AATCCCT,1.58E-04
AATCCGA,3.70E-04
AATCCGC,1.67E-03
AATCCGG,5.68E-04
AATCCGT,1.22E-02
AATCCTA,5.44E-07
AATCCTC,1.53E-06
AATCCTG,1.23E-06
AATCCTT,1.69E-05
AATCGAA,3.72E-07
AATCGAC,1.82E-06
AATCGAG,4.25E-07
AATCGAT,1.18E-05
AATCGCA,2.72E-06
AATCGCC,1.95E-05
AATCGCG,4.65E-06
AATCGCT,6.46E-05
AATCGGA,3.96E-04
AATCGGC,1.79E-03
AATCGGG,2.70E-04
AATCGGT,1.19E-02
AATCGTA,2.06E-07
AATCGTC,5.82E-07
AATCGTG,2.07E-07
AATCGTT,5.84E-06
AATCTAA,1.29E-06
AATCTAC,5.57E-06
AATCTAG,2.66E-06
AATCTAT,3.70E-05
AATCTCA,1.07E-05
AATCTCC,6.79E-05
AATCTCG,3.31E-05
AATCTCT,2.29E-04
AATCTGA,6.41E-04
AATCTGC,2.56E-03
AATCTGG,7.89E-04
AATCTGT,1.74E-02
AATCTTA,1.08E-06
AATCTTC,2.69E-06
AATCTTG,1.96E-06
AATCTTT,2.76E-05
AATGAAA,2.05E-03
AATGAAC,7.90E-03
AATGAAG,7.61E-03
AATGAAT,4.68E-02
AATGACA,3.54E-02
AATGACC,2.00E-01
AATGACG,1.97E-01
AATGACT,6.02E-01
AATGAGA,6.55E-01
AATGAGC,2.33E+00
AATGAGG,1.45E+00
AATGAGT,1.41E+01
AATGATA,9.31E-04
AATGATC,2.06E-03
AATGATG,3.03E-03
AATGATT,1.89E-02
AATGCAA,1.22E-04
AATGCAC,9.18E-04
AATGCAG,6.52E-04
AATGCAT,4.02E-03
AATGCCA,2.98E-03
AATGCCC,3.30E-02
AATGCCG,2.39E-02
AATGCCT,7.33E-02
AATGCGA,6.61E-02
AATGCGC,4.61E-01
AATGCGG,2.11E-01
AATGCGT,2.06E+00
AATGCTA,8.30E-05
AATGCTC,3.60E-04
AATGCTG,3.91E-04
AATGCTT,2.43E-03
AATGGAA,2.49E-05
AATGGAC,1.88E-04
AATGGAG,5.91E-05
AATGGAT,7.49E-04
AATGGCA,2.85E-04
AATGGCC,3.16E-03
AATGGCG,1.01E-03
AATGGCT,6.40E-03
AATGGGA,1.51E-02
AATGGGC,1.06E-01
AATGGGG,2.15E-02
AATGGGT,4.31E-01
AATGGTA,6.72E-06
AATGGTC,2.93E-05
AATGGTG,1.40E-05
AATGGTT,1.80E-04
AATGTAA,4.68E-05
AATGTAC,3.11E-04
AATGTAG,2.00E-04
AATGTAT,1.27E-03
AATGTCA,6.07E-04
AATGTCC,5.94E-03
AATGTCG,3.89E-03
AATGTCT,1.23E-02
AATGTGA,1.32E-02
AATGTGC,8.16E-02
AATGTGG,3.39E-02
AATGTGT,3.40E-01
AATGTTA,1.90E-05
AATGTTC,7.31E-05
AATGTTG,7.18E-05
AATGTTT,4.59E-04
AATTAAA,2.84E-06
AATTAAC,4.06E-06
AATTAAG,7.25E-06
AATTAAT,9.99E-05
AATTACA,2.64E-06
AATTACC,5.55E-06
AATTACG,1.01E-05
AATTACT,6.95E-05
AATTAGA,5.36E-04
AATTAGC,7.10E-04
AATTAGG,8.18E-04
AATTAGT,1.79E-02
AATTATA,8.72E-07
AATTATC,7.20E-07
AATTATG,1.96E-06
AATTATT,2.73E-05
AATTCAA,3.12E-07
AATTCAC,8.74E-07
AATTCAG,1.15E-06
AATTCAT,1.59E-05
AATTCCA,4.12E-07
AATTCCC,1.69E-06
AATTCCG,2.28E-06
AATTCCT,1.57E-05
AATTCGA,1.00E-04
AATTCGC,2.60E-04
AATTCGG,2.21E-04
AATTCGT,4.84E-03
AATTCTA,1.44E-07
AATTCTC,2.33E-07
AATTCTG,4.68E-07
AATTCTT,6.54E-06
AATTGAA,1.54E-07
AATTGAC,4.33E-07
AATTGAG,2.52E-07
AATTGAT,7.17E-06
AATTGCA,9.50E-08
AATTGCC,3.93E-07
AATTGCG,2.33E-07
AATTGCT,3.30E-06
AATTGGA,5.55E-05
AATTGGC,1.44E-04
AATTGGG,5.43E-05
AATTGGT,2.45E-03
AATTGTA,2.82E-08
AATTGTC,4.57E-08
AATTGTG,4.07E-08
AATTGTT,1.17E-06
AATTTAA,5.54E-07
AATTTAC,1.37E-06
AATTTAG,1.64E-06
AATTTAT,2.32E-05
AATTTCA,3.88E-07
AATTTCC,1.41E-06
AATTTCG,1.72E-06
AATTTCT,1.21E-05
AATTTGA,9.29E-05
AATTTGC,2.13E-04
AATTTGG,1.64E-04
AATTTGT,3.69E-03
AATTTTA,1.53E-07
AATTTTC,2.19E-07
AATTTTG,3.98E-07
AATTTTT,5.71E-06
ACAAAAA,1.95E-02
ACAAAAC,2.07E-02
ACAAAAG,2.25E-02
ACAAAAT,2.38E-01
ACAAACA,2.45E-02
ACAAACC,3.82E-02
ACAAACG,4.23E-02
ACAAACT,2.23E-01
ACAAAGA,3.95E+00
ACAAAGC,3.89E+00
ACAAAGG,2.72E+00
ACAAAGT,4.57E+01
ACAAATA,1.24E-02
ACAAATC,7.58E-03
ACAAATG,1.26E-02
ACAAATT,1.34E-01
ACAACAA,2.05E-03
ACAACAC,4.27E-03
ACAACAG,3.42E-03
ACAACAT,3.62E-02
ACAACCA,3.65E-03
ACAACCC,1.12E-02
ACAACCG,9.12E-03
ACAACCT,4.81E-02
ACAACGA,7.08E-01
ACAACGC,1.36E+00
ACAACGG,7.04E-01
ACAACGT,1.18E+01
ACAACTA,1.95E-03
ACAACTC,2.35E-03
ACAACTG,2.87E-03
ACAACTT,3.07E-02
ACAAGAA,5.48E-04
ACAAGAC,1.15E-03
ACAAGAG,4.06E-04
ACAAGAT,8.84E-03
ACAAGCA,4.56E-04
ACAAGCC,1.40E-03
ACAAGCG,5.06E-04
ACAAGCT,5.49E-03
ACAAGGA,2.12E-01
ACAAGGC,4.10E-01
ACAAGGG,9.36E-02
ACAAGGT,3.24E+00
ACAAGTA,2.07E-04
ACAAGTC,2.49E-04
ACAAGTG,1.35E-04
ACAAGTT,2.97E-03
ACAATAA,1.70E-03
ACAATAC,3.12E-03
ACAATAG,2.26E-03
ACAATAT,2.46E-02
ACAATCA,1.60E-03
ACAATCC,4.34E-03
ACAATCG,3.20E-03
ACAATCT,1.74E-02
ACAATGA,3.05E-01
ACAATGC,5.21E-01
ACAATGG,2.43E-01
ACAATGT,4.20E+00
ACAATTA,9.66E-04
ACAATTC,1.03E-03
ACAATTG,1.13E-03
ACAATTT,1.25E-02
ACACAAA,1.76E-06
ACACAAC,2.91E-06
ACACAAG,1.41E-06
ACACAAT,5.82E-05
ACACACA,1.55E-06
ACACACC,3.78E-06
ACACACG,1.87E-06
ACACACT,3.84E-05
ACACAGA,2.46E-03
ACACAGC,3.78E-03
ACACAGG,1.18E-03
ACACAGT,7.74E-02
ACACATA,1.69E-06
ACACATC,1.61E-06
ACACATG,1.19E-06
ACACATT,4.98E-05
ACACCAA,3.84E-08
ACACCAC,1.25E-07
ACACCAG,4.45E-08
ACACCAT,1.84E-06
ACACCCA,4.81E-08
ACACCCC,2.29E-07
ACACCCG,8.36E-08
ACACCCT,1.72E-06
ACACCGA,9.17E-05
ACACCGC,2.75E-04
ACACCGG,6.35E-05
ACACCGT,4.17E-03
ACACCTA,5.54E-08
ACACCTC,1.04E-07
ACACCTG,5.65E-08
ACACCTT,2.37E-06
ACACGAA,2.77E-08
ACACGAC,9.01E-08
ACACGAG,1.42E-08
ACACGAT,1.21E-06
ACACGCA,1.62E-08
ACACGCC,7.76E-08
ACACGCG,1.25E-08
ACACGCT,5.31E-07
ACACGGA,7.40E-05
ACACGGC,2.23E-04
ACACGGG,2.28E-05
ACACGGT,3.07E-03
ACACGTA,1.58E-08
ACACGTC,2.97E-08
ACACGTG,7.17E-09
ACACGTT,6.17E-07
ACACTAA,7.41E-08
ACACTAC,2.13E-07
ACACTAG,6.89E-08
ACACTAT,2.93E-06
ACACTCA,4.93E-08
ACACTCC,2.08E-07
ACACTCG,6.86E-08
ACACTCT,1.45E-06
ACACTGA,9.24E-05
ACACTGC,2.46E-04
ACACTGG,5.13E-05
ACACTGT,3.46E-03
ACACTTA,6.40E-08
ACACTTC,1.06E-07
ACACTTG,5.23E-08
ACACTTT,2.25E-06
ACAGAAA,8.65E-04
ACAGAAC,2.21E-03
ACAGAAG,1.44E-03
ACAGAAT,2.71E-02
ACAGACA,1.20E-03
ACAGACC,4.50E-03
ACAGACG,2.99E-03
ACAGACT,2.80E-02
ACAGAGA,6.92E-01
ACAGAGC,1.64E+00
ACAGAGG,6.90E-01
ACAGAGT,2.06E+01
ACAGATA,4.04E-04
ACAGATC,5.96E-04
ACAGATG,5.94E-04
ACAGATT,1.13E-02
ACAGCAA,5.47E-05
ACAGCAC,2.74E-04
ACAGCAG,1.32E-04
ACAGCAT,2.48E-03
ACAGCCA,1.07E-04
ACAGCCC,7.89E-04
ACAGCCG,3.87E-04
ACAGCCT,3.63E-03
ACAGCGA,7.45E-02
ACAGCGC,3.45E-01
ACAGCGG,1.07E-01
ACAGCGT,3.20E+00
ACAGCTA,3.84E-05
ACAGCTC,1.11E-04
ACAGCTG,8.14E-05
ACAGCTT,1.55E-03
ACAGGAA,8.42E-06
ACAGGAC,4.23E-05
ACAGGAG,9.00E-06
ACAGGAT,3.49E-04
ACAGGCA,7.72E-06
ACAGGCC,5.70E-05
ACAGGCG,1.24E-05
ACAGGCT,2.39E-04
ACAGGGA,1.28E-02
ACAGGGC,5.98E-02
ACAGGGG,8.21E-03
ACAGGGT,5.04E-01
ACAGGTA,2.34E-06
ACAGGTC,6.79E-06
ACAGGTG,2.20E-06
ACAGGTT,8.63E-05
ACAGTAA,1.22E-05
ACAGTAC,5.40E-05
ACAGTAG,2.35E-05
ACAGTAT,4.55E-04
ACAGTCA,1.27E-05
ACAGTCC,8.26E-05
ACAGTCG,3.67E-05
ACAGTCT,3.54E-04
ACAGTGA,8.67E-03
ACAGTGC,3.55E-02
ACAGTGG,1.00E-02
ACAGTGT,3.07E-01
ACAGTTA,5.12E-06
ACAGTTC,1.31E-05
ACAGTTG,8.70E-06
ACAGTTT,1.70E-04
ACATAAA,1.19E-05
ACATAAC,1.13E-05
ACATAAG,1.37E-05
ACATAAT,5.77E-04
ACATACA,8.88E-07
ACATACC,1.24E-06
ACATACG,1.53E-06
ACATACT,3.22E-05
ACATAGA,5.64E-03
ACATAGC,4.97E-03
ACATAGG,3.88E-03
ACATAGT,2.60E-01
ACATATA,3.77E-06
ACATATC,2.07E-06
ACATATG,3.83E-06
ACATATT,1.63E-04
ACATCAA,1.39E-06
ACATCAC,2.60E-06
ACATCAG,2.32E-06
ACATCAT,9.78E-05
ACATCCA,1.48E-07
ACATCCC,4.04E-07
ACATCCG,3.68E-07
ACATCCT,7.73E-06
ACATCGA,1.13E-03
ACATCGC,1.94E-03
ACATCGG,1.12E-03
ACATCGT,7.48E-02
ACATCTA,6.64E-07
ACATCTC,7.14E-07
ACATCTG,9.72E-07
ACATCTT,4.15E-05
ACATGAA,5.18E-07
ACATGAC,9.70E-07
ACATGAG,3.83E-07
ACATGAT,3.32E-05
ACATGCA,2.57E-08
ACATGCC,7.06E-08
ACATGCG,2.84E-08
ACATGCT,1.23E-06
ACATGGA,4.69E-04
ACATGGC,8.13E-04
ACATGGG,2.07E-04
ACATGGT,2.85E-02
ACATGTA,9.78E-08
ACATGTC,1.06E-07
ACATGTG,6.36E-08
ACATGTT,5.58E-06
ACATTAA,1.44E-06
ACATTAC,2.37E-06
ACATTAG,1.92E-06
ACATTAT,8.30E-05
ACATTCA,8.08E-08
ACATTCC,1.96E-07
ACATTCG,1.61E-07
ACATTCT,3.48E-06
ACATTGA,6.06E-04
ACATTGC,9.26E-04
ACATTGG,4.83E-04
ACATTGT,3.32E-02
ACATTTA,4.10E-07
ACATTTC,3.90E-07
ACATTTG,4.81E-07
ACATTTT,2.11E-05
ACCAAAA,1.27E-03
ACCAAAC,8.12E-04
ACCAAAG,1.43E-03
ACCAAAT,1.83E-02
ACCAACA,1.03E-01
ACCAACC,9.67E-02
ACCAACG,1.74E-01
ACCAACT,1.11E+00
ACCAAGA,6.40E+00
ACCAAGC,3.79E+00
ACCAAGG,4.31E+00
ACCAAGT,8.73E+01
ACCAATA,2.65E-02
ACCAATC,9.78E-03
ACCAATG,2.62E-02
ACCAATT,3.39E-01
ACCACAA,1.90E-04
ACCACAC,2.38E-04
ACCACAG,3.08E-04
ACCACAT,3.95E-03
ACCACCA,2.18E-02
ACCACCC,4.01E-02
ACCACCG,5.31E-02
ACCACCT,3.39E-01
ACCACGA,1.63E+00
ACCACGC,1.89E+00
ACCACGG,1.58E+00
ACCACGT,3.21E+01
ACCACTA,5.95E-03
ACCACTC,4.30E-03
ACCACTG,8.51E-03
ACCACTT,1.10E-01
ACCAGAA,2.43E-05
ACCAGAC,3.05E-05
ACCAGAG,1.75E-05
ACCAGAT,4.61E-04
ACCAGCA,1.30E-03
ACCAGCC,2.41E-03
ACCAGCG,1.41E-03
ACCAGCT,1.85E-02
ACCAGGA,2.33E-01
ACCAGGC,2.72E-01
ACCAGGG,1.01E-01
ACCAGGT,4.20E+00
ACCAGTA,3.01E-04
ACCAGTC,2.19E-04
ACCAGTG,1.91E-04
ACCAGTT,5.10E-03
ACCATAA,9.24E-05
ACCATAC,1.02E-04
ACCATAG,1.20E-04
ACCATAT,1.58E-03
ACCATCA,5.64E-03
ACCATCC,9.18E-03
ACCATCG,1.10E-02
ACCATCT,7.21E-02
ACCATGA,4.14E-01
ACCATGC,4.25E-01
ACCATGG,3.22E-01
ACCATGT,6.72E+00
ACCATTA,1.73E-03
ACCATTC,1.11E-03
ACCATTG,1.99E-03
ACCATTT,2.64E-02
ACCCAAA,6.71E-07
ACCCAAC,6.68E-07
ACCCAAG,5.25E-07
ACCCAAT,2.62E-05
ACCCACA,3.83E-05
ACCCACC,5.61E-05
ACCCACG,4.49E-05
ACCCACT,1.12E-03
ACCCAGA,2.34E-02
ACCCAGC,2.16E-02
ACCCAGG,1.10E-02
ACCCAGT,8.69E-01
ACCCATA,2.12E-05
ACCCATC,1.22E-05
ACCCATG,1.46E-05
ACCCATT,7.39E-04
ACCCCAA,2.08E-08
ACCCCAC,4.06E-08
ACCCCAG,2.36E-08
ACCCCAT,1.18E-06
ACCCCCA,1.69E-06
ACCCCCC,4.83E-06
ACCCCCG,2.86E-06
ACCCCCT,7.12E-05
ACCCCGA,1.24E-03
ACCCCGC,2.24E-03
ACCCCGG,8.36E-04
ACCCCGT,6.64E-02
ACCCCTA,9.89E-07
ACCCCTC,1.11E-06
ACCCCTG,9.85E-07
ACCCCTT,4.98E-05
ACCCGAA,7.18E-09
ACCCGAC,1.41E-08
ACCCGAG,3.61E-09
ACCCGAT,3.71E-07
ACCCGCA,2.72E-07
ACCCGCC,7.83E-07
ACCCGCG,2.04E-07
ACCCGCT,1.05E-05
ACCCGGA,4.78E-04
ACCCGGC,8.67E-04
ACCCGGG,1.43E-04
ACCCGGT,2.34E-02
ACCCGTA,1.35E-07
ACCCGTC,1.53E-07
ACCCGTG,5.98E-08
ACCCGTT,6.22E-06
ACCCTAA,2.37E-08
ACCCTAC,4.09E-08
ACCCTAG,2.15E-08
ACCCTAT,1.10E-06
ACCCTCA,1.02E-06
ACCCTCC,2.58E-06
ACCCTCG,1.38E-06
ACCCTCT,3.54E-05
ACCCTGA,7.36E-04
ACCCTGC,1.18E-03
ACCCTGG,3.98E-04
ACCCTGT,3.25E-02
ACCCTTA,6.74E-07
ACCCTTC,6.71E-07
ACCCTTG,5.37E-07
ACCCTTT,2.79E-05
ACCGAAA,6.14E-05
ACCGAAC,9.44E-05
ACCGAAG,9.99E-05
ACCGAAT,2.27E-03
ACCGACA,5.48E-03
ACCGACC,1.24E-02
ACCGACG,1.34E-02
ACCGACT,1.51E-01
ACCGAGA,1.22E+00
ACCGAGC,1.74E+00
ACCGAGG,1.19E+00
ACCGAGT,4.29E+01
ACCGATA,9.44E-04
ACCGATC,8.38E-04
ACCGATG,1.35E-03
ACCGATT,3.11E-02
ACCGCAA,5.51E-06
ACCGCAC,1.66E-05
ACCGCAG,1.30E-05
ACCGCAT,2.95E-04
ACCGCCA,6.98E-04
ACCGCCC,3.09E-03
ACCGCCG,2.46E-03
ACCGCCT,2.79E-02
ACCGCGA,1.87E-01
ACCGCGC,5.21E-01
ACCGCGG,2.62E-01
ACCGCGT,9.47E+00
ACCGCTA,1.27E-04
ACCGCTC,2.21E-04
ACCGCTG,2.63E-04
ACCGCTT,6.06E-03
ACCGGAA,4.06E-07
ACCGGAC,1.23E-06
ACCGGAG,4.24E-07
ACCGGAT,1.98E-05
ACCGGCA,2.40E-05
ACCGGCC,1.07E-04
ACCGGCG,3.76E-05
ACCGGCT,8.78E-04
ACCGGGA,1.54E-02
ACCGGGC,4.32E-02
ACCGGGG,9.61E-03
ACCGGGT,7.14E-01
ACCGGTA,3.72E-06
ACCGGTC,6.49E-06
ACCGGTG,3.42E-06
ACCGGTT,1.62E-04
ACCGTAA,7.24E-07
ACCGTAC,1.93E-06
ACCGTAG,1.36E-06
ACCGTAT,3.19E-05
ACCGTCA,4.87E-05
ACCGTCC,1.91E-04
ACCGTCG,1.37E-04
ACCGTCT,1.60E-03
ACCGTGA,1.28E-02
ACCGTGC,3.16E-02
ACCGTGG,1.44E-02
ACCGTGT,5.35E-01
ACCGTTA,1.00E-05
ACCGTTC,1.54E-05
ACCGTTG,1.66E-05
ACCGTTT,3.92E-04
ACCTAAA,5.35E-08
ACCTAAC,3.07E-08
ACCTAAG,6.01E-08
ACCTAAT,3.06E-06
ACCTACA,2.58E-07
ACCTACC,2.17E-07
ACCTACG,4.34E-07
ACCTACT,1.10E-05
ACCTAGA,6.32E-04
ACCTAGC,3.35E-04
ACCTAGG,4.25E-04
ACCTAGT,3.43E-02
ACCTATA,5.59E-07
ACCTATC,1.85E-07
ACCTATG,5.53E-07
ACCTATT,2.85E-05
ACCTCAA,8.90E-09
ACCTCAC,9.98E-09
ACCTCAG,1.44E-08
ACCTCAT,7.37E-07
ACCTCCA,6.09E-08
ACCTCCC,1.00E-07
ACCTCCG,1.48E-07
ACCTCCT,3.76E-06
ACCTCGA,1.79E-04
ACCTCGC,1.86E-04
ACCTCGG,1.73E-04
ACCTCGT,1.40E-02
ACCTCTA,1.40E-07
ACCTCTC,9.03E-08
ACCTCTG,1.99E-07
ACCTCTT,1.03E-05
ACCTGAA,1.58E-09
ACCTGAC,1.78E-09
ACCTGAG,1.14E-09
ACCTGAT,1.20E-07
ACCTGCA,5.07E-09
ACCTGCC,8.38E-09
ACCTGCG,5.47E-09
ACCTGCT,2.86E-07
ACCTGGA,3.57E-05
ACCTGGC,3.72E-05
ACCTGGG,1.54E-05
ACCTGGT,2.56E-03
ACCTGTA,9.85E-09
ACCTGTC,6.40E-09
ACCTGTG,6.25E-09
ACCTGTT,6.63E-07
ACCTTAA,5.42E-09
ACCTTAC,5.37E-09
ACCTTAG,7.04E-09
ACCTTAT,3.69E-07
ACCTTCA,1.97E-08
ACCTTCC,2.87E-08
ACCTTCG,3.83E-08
ACCTTCT,1.00E-06
ACCTTGA,5.69E-05
ACCTTGC,5.22E-05
ACCTTGG,4.41E-05
ACCTTGT,3.67E-03
ACCTTTA,5.08E-08
ACCTTTC,2.91E-08
ACCTTTG,5.82E-08
ACCTTTT,3.08E-06
ACGAAAA,5.88E+00
ACGAAAC,3.73E+00
ACGAAAG,8.14E+00
ACGAAAT,1.38E+01
ACGAACA,6.69E+00
ACGAACC,6.23E+00
ACGAACG,1.39E+01
ACGAACT,1.17E+01
ACGAAGA,1.02E+02
ACGAAGC,6.00E+01
ACGAAGG,8.45E+01
ACGAAGT,2.27E+02
ACGAATA,4.83E+00
ACGAATC,1.77E+00
ACGAATG,5.88E+00
ACGAATT,1.01E+01
ACGACAA,1.73E+00
ACGACAC,2.14E+00
ACGACAG,3.45E+00
ACGACAT,5.86E+00
ACGACCA,2.78E+00
ACGACCC,5.07E+00
ACGACCG,8.32E+00
ACGACCT,7.04E+00
ACGACGA,5.10E+01
ACGACGC,5.86E+01
ACGACGG,6.09E+01
ACGACGT,1.64E+02
ACGACTA,2.13E+00
ACGACTC,1.52E+00
ACGACTG,3.74E+00
ACGACTT,6.43E+00
ACGAGAA,7.43E-01
ACGAGAC,9.26E-01
ACGAGAG,6.59E-01
ACGAGAT,2.30E+00
ACGAGCA,5.60E-01
ACGAGCC,1.03E+00
ACGAGCG,7.43E-01
ACGAGCT,1.30E+00
ACGAGGA,2.46E+01
ACGAGGC,2.84E+01
ACGAGGG,1.30E+01
ACGAGGT,7.23E+01
ACGAGTA,3.63E-01
ACGAGTC,2.61E-01
ACGAGTG,2.83E-01
ACGAGTT,1.00E+00
ACGATAA,1.53E+00
ACGATAC,1.68E+00
ACGATAG,2.44E+00
ACGATAT,4.27E+00
ACGATCA,1.31E+00
ACGATCC,2.11E+00
ACGATCG,3.13E+00
ACGATCT,2.72E+00
ACGATGA,2.36E+01
ACGATGC,2.40E+01
ACGATGG,2.26E+01
ACGATGT,6.24E+01
ACGATTA,1.13E+00
ACGATTC,7.14E-01
ACGATTG,1.59E+00
ACGATTT,2.80E+00
ACGCAAA,2.27E-02
ACGCAAC,2.24E-02
ACGCAAG,2.18E-02
ACGCAAT,1.45E-01
ACGCACA,1.81E-02
ACGCACC,2.63E-02
ACGCACG,2.61E-02
ACGCACT,8.64E-02
ACGCAGA,2.73E+00
ACGCAGC,2.49E+00
ACGCAGG,1.57E+00
ACGCAGT,1.65E+01
ACGCATA,2.82E-02
ACGCATC,1.61E-02
ACGCATG,2.39E-02
ACGCATT,1.60E-01
ACGCCAA,1.38E-03
ACGCCAC,2.67E-03
ACGCCAG,1.92E-03
ACGCCAT,1.27E-02
ACGCCCA,1.57E-03
ACGCCCC,4.45E-03
ACGCCCG,3.26E-03
ACGCCCT,1.08E-02
ACGCCGA,2.83E-01
ACGCCGC,5.06E-01
ACGCCGG,2.35E-01
ACGCCGT,2.47E+00
ACGCCTA,2.58E-03
ACGCCTC,2.88E-03
ACGCCTG,3.16E-03
ACGCCTT,2.12E-02
ACGCGAA,1.60E-03
ACGCGAC,3.11E-03
ACGCGAG,9.89E-04
ACGCGAT,1.35E-02
ACGCGCA,8.50E-04
ACGCGCC,2.43E-03
ACGCGCG,7.86E-04
ACGCGCT,5.35E-03
ACGCGGA,3.68E-01
ACGCGGC,6.61E-01
ACGCGGG,1.36E-01
ACGCGGT,2.94E+00
ACGCGTA,1.19E-03
ACGCGTC,1.33E-03
ACGCGTG,6.45E-04
ACGCGTT,8.91E-03
ACGCTAA,2.86E-03
ACGCTAC,4.89E-03
ACGCTAG,3.18E-03
ACGCTAT,2.17E-02
ACGCTCA,1.72E-03
ACGCTCC,4.32E-03
ACGCTCG,2.87E-03
ACGCTCT,9.75E-03
ACGCTGA,3.05E-01
ACGCTGC,4.84E-01
ACGCTGG,2.03E-01
ACGCTGT,2.20E+00
ACGCTTA,3.19E-03
ACGCTTC,3.15E-03
ACGCTTG,3.13E-03
ACGCTTT,2.16E-02
ACGGAAA,4.54E-01
ACGGAAC,6.92E-01
ACGGAAG,9.08E-01
ACGGAAT,2.74E+00
ACGGACA,5.68E-01
ACGGACC,1.27E+00
ACGGACG,1.70E+00
ACGGACT,2.56E+00
ACGGAGA,3.11E+01
ACGGAGC,4.40E+01
ACGGAGG,3.72E+01
ACGGAGT,1.78E+02
ACGGATA,2.75E-01
ACGGATC,2.42E-01
ACGGATG,4.84E-01
ACGGATT,1.47E+00
ACGGCAA,7.99E-02
ACGGCAC,2.39E-01
ACGGCAG,2.31E-01
ACGGCAT,6.97E-01
ACGGCCA,1.42E-01
ACGGCCC,6.22E-01
ACGGCCG,6.14E-01
ACGGCCT,9.24E-01
ACGGCGA,9.33E+00
ACGGCGC,2.58E+01
ACGGCGG,1.61E+01
ACGGCGT,7.71E+01
ACGGCTA,7.26E-02
ACGGCTC,1.25E-01
ACGGCTG,1.85E-01
ACGGCTT,5.64E-01
ACGGGAA,1.98E-02
ACGGGAC,5.94E-02
ACGGGAG,2.54E-02
ACGGGAT,1.58E-01
ACGGGCA,1.65E-02
ACGGGCC,7.25E-02
ACGGGCG,3.16E-02
ACGGGCT,9.80E-02
ACGGGGA,2.59E+00
ACGGGGC,7.20E+00
ACGGGGG,1.99E+00
ACGGGGT,1.96E+01
ACGGGTA,7.14E-03
ACGGGTC,1.24E-02
ACGGGTG,8.06E-03
ACGGGTT,5.07E-02
ACGGTAA,1.91E-02
ACGGTAC,5.04E-02
ACGGTAG,4.42E-02
ACGGTAT,1.37E-01
ACGGTCA,1.80E-02
ACGGTCC,6.98E-02
ACGGTCG,6.23E-02
ACGGTCT,9.64E-02
ACGGTGA,1.16E+00
ACGGTGC,2.85E+00
ACGGTGG,1.61E+00
ACGGTGT,7.92E+00
ACGGTTA,1.04E-02
ACGGTTC,1.58E-02
ACGGTTG,2.11E-02
ACGGTTT,6.63E-02
ACGTAAA,2.92E-02
ACGTAAC,1.66E-02
ACGTAAG,4.03E-02
ACGTAAT,2.72E-01
ACGTACA,1.97E-03
ACGTACC,1.64E-03
ACGTACG,4.08E-03
ACGTACT,1.37E-02
ACGTAGA,1.19E+00
ACGTAGC,6.24E-01
ACGTAGG,9.80E-01
ACGTAGT,1.05E+01
ACGTATA,1.20E-02
ACGTATC,3.92E-03
ACGTATG,1.46E-02
ACGTATT,9.95E-02
ACGTCAA,9.52E-03
ACGTCAC,1.06E-02
ACGTCAG,1.90E-02
ACGTCAT,1.29E-01
ACGTCCA,9.12E-04
ACGTCCC,1.49E-03
ACGTCCG,2.72E-03
ACGTCCT,9.20E-03
ACGTCGA,6.59E-01
ACGTCGC,6.78E-01
ACGTCGG,7.85E-01
ACGTCGT,8.44E+00
ACGTCTA,5.87E-03
ACGTCTC,3.77E-03
ACGTCTG,1.03E-02
ACGTCTT,7.06E-02
ACGTGAA,5.71E-03
ACGTGAC,6.37E-03
ACGTGAG,5.05E-03
ACGTGAT,7.04E-02
ACGTGCA,2.56E-04
ACGTGCC,4.19E-04
ACGTGCG,3.39E-04
ACGTGCT,2.36E-03
ACGTGGA,4.43E-01
ACGTGGC,4.58E-01
ACGTGGG,2.34E-01
ACGTGGT,5.18E+00
ACGTGTA,1.40E-03
ACGTGTC,8.99E-04
ACGTGTG,1.09E-03
ACGTGTT,1.53E-02
ACGTTAA,1.05E-02
ACGTTAC,1.04E-02
ACGTTAG,1.68E-02
ACGTTAT,1.17E-01
ACGTTCA,5.35E-04
ACGTTCC,7.74E-04
ACGTTCG,1.28E-03
ACGTTCT,4.44E-03
ACGTTGA,3.81E-01
ACGTTGC,3.47E-01
ACGTTGG,3.63E-01
ACGTTGT,4.01E+00
ACGTTTA,3.89E-03
ACGTTTC,2.21E-03
ACGTTTG,5.47E-03
ACGTTTT,3.84E-02
ACTAAAA,5.76E-03
ACTAAAC,6.89E-03
ACTAAAG,1.27E-02
ACTAAAT,8.42E-02
ACTAACA,7.02E-02
ACTAACC,1.23E-01
ACTAACG,2.31E-01
ACTAACT,7.66E-01
ACTAAGA,1.77E+00
ACTAAGC,1.96E+00
ACTAAGG,2.32E+00
ACTAAGT,2.45E+01
ACTAATA,2.69E-03
ACTAATC,1.85E-03
ACTAATG,5.20E-03
ACTAATT,3.49E-02
ACTACAA,4.90E-04
ACTACAC,1.15E-03
ACTACAG,1.55E-03
ACTACAT,1.03E-02
ACTACCA,8.45E-03
ACTACCC,2.91E-02
ACTACCG,4.02E-02
ACTACCT,1.33E-01
ACTACGA,2.56E-01
ACTACGC,5.54E-01
ACTACGG,4.85E-01
ACTACGT,5.12E+00
ACTACTA,3.43E-04
ACTACTC,4.63E-04
ACTACTG,9.58E-04
ACTACTT,6.45E-03
ACTAGAA,1.05E-04
ACTAGAC,2.47E-04
ACTAGAG,1.48E-04
ACTAGAT,2.03E-03
ACTAGCA,8.50E-04
ACTAGCC,2.94E-03
ACTAGCG,1.79E-03
ACTAGCT,1.23E-02
ACTAGGA,6.16E-02
ACTAGGC,1.34E-01
ACTAGGG,5.18E-02
ACTAGGT,1.13E+00
ACTAGTA,2.92E-05
ACTAGTC,3.96E-05
ACTAGTG,3.62E-05
ACTAGTT,5.02E-04
ACTATAA,5.14E-04
ACTATAC,1.07E-03
ACTATAG,1.31E-03
ACTATAT,8.94E-03
ACTATCA,4.71E-03
ACTATCC,1.43E-02
ACTATCG,1.80E-02
ACTATCT,6.12E-02
ACTATGA,1.40E-01
ACTATGC,2.69E-01
ACTATGG,2.13E-01
ACTATGT,2.31E+00
ACTATTA,2.16E-04
ACTATTC,2.58E-04
ACTATTG,4.82E-04
ACTATTT,3.33E-03
ACTCAAA,1.07E-06
ACTCAAC,1.99E-06
ACTCAAG,1.63E-06
ACTCAAT,4.24E-05
ACTCACA,9.16E-06
ACTCACC,2.51E-05
ACTCACG,2.10E-05
ACTCACT,2.72E-04
ACTCAGA,2.27E-03
ACTCAGC,3.91E-03
ACTCAGG,2.08E-03
ACTCAGT,8.55E-02
ACTCATA,7.55E-07
ACTCATC,8.11E-07
ACTCATG,1.02E-06
ACTCATT,2.67E-05
ACTCCAA,1.89E-08
ACTCCAC,6.88E-08
ACTCCAG,4.17E-08
ACTCCAT,1.08E-06
ACTCCCA,2.29E-07
ACTCCCC,1.23E-06
ACTCCCG,7.59E-07
ACTCCCT,9.84E-06
ACTCCGA,6.82E-05
ACTCCGC,2.30E-04
ACTCCGG,9.00E-05
ACTCCGT,3.71E-03
ACTCCTA,2.00E-08
ACTCCTC,4.21E-08
ACTCCTG,3.89E-08
ACTCCTT,1.02E-06
ACTCGAA,1.09E-08
ACTCGAC,4.00E-08
ACTCGAG,1.07E-08
ACTCGAT,5.74E-07
ACTCGCA,6.22E-08
ACTCGCC,3.34E-07
ACTCGCG,9.13E-08
ACTCGCT,2.44E-06
ACTCGGA,4.43E-05
ACTCGGC,1.50E-04
ACTCGGG,2.60E-05
ACTCGGT,2.20E-03
ACTCGTA,4.60E-09
ACTCGTC,9.72E-09
ACTCGTG,3.97E-09
ACTCGTT,2.15E-07
ACTCTAA,4.63E-08
ACTCTAC,1.49E-07
ACTCTAG,8.19E-08
ACTCTAT,2.19E-06
ACTCTCA,2.99E-07
ACTCTCC,1.42E-06
ACTCTCG,7.92E-07
ACTCTCT,1.05E-05
ACTCTGA,8.74E-05
ACTCTGC,2.61E-04
ACTCTGG,9.24E-05
ACTCTGT,3.91E-03
ACTCTTA,2.94E-08
ACTCTTC,5.47E-08
ACTCTTG,4.58E-08
ACTCTTT,1.24E-06
ACTGAAA,3.61E-04
ACTGAAC,1.04E-03
ACTGAAG,1.15E-03
ACTGAAT,1.35E-02
ACTGACA,4.84E-03
ACTGACC,2.04E-02
ACTGACG,2.31E-02
ACTGACT,1.36E-01
ACTGAGA,4.37E-01
ACTGAGC,1.16E+00
ACTGAGG,8.31E-01
ACTGAGT,1.56E+01
ACTGATA,1.24E-04
ACTGATC,2.06E-04
ACTGATG,3.47E-04
ACTGATT,4.14E-03
ACTGCAA,1.84E-05
ACTGCAC,1.04E-04
ACTGCAG,8.45E-05
ACTGCAT,1.00E-03
ACTGCCA,3.50E-04
ACTGCCC,2.89E-03
ACTGCCG,2.41E-03
ACTGCCT,1.42E-02
ACTGCGA,3.79E-02
ACTGCGC,1.98E-01
ACTGCGG,1.04E-01
ACTGCGT,1.95E+00
ACTGCTA,9.50E-06
ACTGCTC,3.09E-05
ACTGCTG,3.84E-05
ACTGCTT,4.59E-04
ACTGGAA,2.28E-06
ACTGGAC,1.29E-05
ACTGGAG,4.65E-06
ACTGGAT,1.13E-04
ACTGGCA,2.03E-05
ACTGGCC,1.68E-04
ACTGGCG,6.19E-05
ACTGGCT,7.52E-04
ACTGGGA,5.27E-03
ACTGGGC,2.76E-02
ACTGGGG,6.41E-03
ACTGGGT,2.48E-01
ACTGGTA,4.67E-07
ACTGGTC,1.52E-06
ACTGGTG,8.37E-07
ACTGGTT,2.06E-05
ACTGTAA,5.21E-06
ACTGTAC,2.60E-05
ACTGTAG,1.92E-05
ACTGTAT,2.33E-04
ACTGTCA,5.27E-05
ACTGTCC,3.85E-04
ACTGTCG,2.90E-04
ACTGTCT,1.76E-03
ACTGTGA,5.62E-03
ACTGTGC,2.59E-02
ACTGTGG,1.23E-02
ACTGTGT,2.38E-01
ACTGTTA,1.61E-06
ACTGTTC,4.63E-06
ACTGTTG,5.22E-06
ACTGTTT,6.41E-05
ACTTAAA,1.12E-07
ACTTAAC,1.20E-07
ACTTAAG,2.46E-07
ACTTAAT,6.51E-06
ACTTACA,8.12E-08
ACTTACC,1.28E-07
ACTTACG,2.67E-07
ACTTACT,3.52E-06
ACTTAGA,8.06E-05
ACTTAGC,7.98E-05
ACTTAGG,1.06E-04
ACTTAGT,4.44E-03
ACTTATA,2.62E-08
ACTTATC,1.61E-08
ACTTATG,5.05E-08
ACTTATT,1.35E-06
ACTTCAA,1.06E-08
ACTTCAC,2.22E-08
ACTTCAG,3.36E-08
ACTTCAT,8.91E-07
ACTTCCA,1.09E-08
ACTTCCC,3.35E-08
ACTTCCG,5.16E-08
ACTTCCT,6.83E-07
ACTTCGA,1.30E-05
ACTTCGC,2.51E-05
ACTTCGG,2.45E-05
ACTTCGT,1.03E-03
ACTTCTA,3.71E-09
ACTTCTC,4.49E-09
ACTTCTG,1.04E-08
ACTTCTT,2.78E-07
ACTTGAA,3.17E-09
ACTTGAC,6.68E-09
ACTTGAG,4.46E-09
ACTTGAT,2.44E-07
ACTTGCA,1.52E-09
ACTTGCC,4.71E-09
ACTTGCG,3.21E-09
ACTTGCT,8.74E-08
ACTTGGA,4.35E-06
ACTTGGC,8.47E-06
ACTTGGG,3.65E-06
ACTTGGT,3.16E-04
ACTTGTA,4.41E-10
ACTTGTC,5.35E-10
ACTTGTG,5.46E-10
ACTTGTT,3.01E-08
ACTTTAA,1.39E-08
ACTTTAC,2.58E-08
ACTTTAG,3.53E-08
ACTTTAT,9.61E-07
ACTTTCA,7.58E-09
ACTTTCC,2.06E-08
ACTTTCG,2.88E-08
ACTTTCT,3.91E-07
ACTTTGA,8.88E-06
ACTTTGC,1.52E-05
ACTTTGG,1.35E-05
ACTTTGT,5.82E-04
ACTTTTA,2.92E-09
ACTTTTC,3.12E-09
ACTTTTG,6.52E-09
ACTTTTT,1.79E-07
AGAAAAA,1.11E-02
AGAAAAC,1.80E-02
AGAAAAG,1.51E-02
AGAAAAT,1.45E-01
AGAAACA,1.62E-02
AGAAACC,3.84E-02
AGAAACG,3.28E-02
AGAAACT,1.57E-01
AGAAAGA,3.37E+00
AGAAAGC,5.04E+00
AGAAAGG,2.72E+00
AGAAAGT,4.15E+01
AGAAATA,1.68E-02
AGAAATC,1.56E-02
AGAAATG,2.00E-02
AGAAATT,1.94E-01
AGAACAA,6.62E-04
AGAACAC,2.09E-03
AGAACAG,1.29E-03
AGAACAT,1.24E-02
AGAACCA,1.36E-03
AGAACCC,6.32E-03
AGAACCG,3.98E-03
AGAACCT,1.91E-02
AGAACGA,3.41E-01
AGAACGC,9.97E-01
AGAACGG,3.97E-01
AGAACGT,6.07E+00
AGAACTA,1.50E-03
AGAACTC,2.73E-03
AGAACTG,2.57E-03
AGAACTT,2.50E-02
AGAAGAA,1.93E-04
AGAAGAC,6.12E-04
AGAAGAG,1.67E-04
AGAAGAT,3.31E-03
AGAAGCA,1.86E-04
AGAAGCC,8.66E-04
AGAAGCG,2.41E-04
AGAAGCT,2.38E-03
AGAAGGA,1.11E-01
AGAAGGC,3.27E-01
AGAAGGG,5.77E-02
AGAAGGT,1.81E+00
AGAAGTA,1.73E-04
AGAAGTC,3.16E-04
AGAAGTG,1.32E-04
AGAAGTT,2.64E-03
AGAATAA,8.15E-04
AGAATAC,2.28E-03
AGAATAG,1.27E-03
AGAATAT,1.26E-02
AGAATCA,8.92E-04
AGAATCC,3.66E-03
AGAATCG,2.09E-03
AGAATCT,1.03E-02
AGAATGA,2.19E-01
AGAATGC,5.68E-01
AGAATGG,2.05E-01
AGAATGT,3.21E+00
AGAATTA,1.10E-03
AGAATTC,1.78E-03
AGAATTG,1.52E-03
AGAATTT,1.52E-02
AGACAAA,5.71E-07
AGACAAC,1.43E-06
AGACAAG,5.37E-07
AGACAAT,2.02E-05
AGACACA,5.84E-07
AGACACC,2.16E-06
AGACACG,8.23E-07
AGACACT,1.54E-05
AGACAGA,1.20E-03
AGACAGC,2.79E-03
AGACAGG,6.73E-04
AGACAGT,4.01E-02
AGACATA,1.30E-06
AGACATC,1.89E-06
AGACATG,1.08E-06
AGACATT,4.09E-05
AGACCAA,7.05E-09
AGACCAC,3.47E-08
AGACCAG,9.57E-09
AGACCAT,3.60E-07
AGACCCA,1.02E-08
AGACCCC,7.39E-08
AGACCCG,2.08E-08
AGACCCT,3.90E-07
AGACCGA,2.51E-05
AGACCGC,1.15E-04
AGACCGG,2.04E-05
AGACCGT,1.22E-03
AGACCTA,2.41E-08
AGACCTC,6.85E-08
AGACCTG,2.89E-08
AGACCTT,1.10E-06
AGACGAA,5.54E-09
AGACGAC,2.74E-08
AGACGAG,3.34E-09
AGACGAT,2.59E-07
AGACGCA,3.76E-09
AGACGCC,2.73E-08
AGACGCG,3.39E-09
AGACGCT,1.31E-07
AGACGGA,2.22E-05
AGACGGC,1.01E-04
AGACGGG,7.98E-06
AGACGGT,9.80E-04
AGACGTA,7.52E-09
AGACGTC,2.15E-08
AGACGTG,3.99E-09
AGACGTT,3.13E-07
AGACTAA,2.03E-08
AGACTAC,8.83E-08
AGACTAG,2.21E-08
AGACTAT,8.53E-07
AGACTCA,1.56E-08
AGACTCC,9.99E-08
AGACTCG,2.55E-08
AGACTCT,4.90E-07
AGACTGA,3.78E-05
AGACTGC,1.52E-04
AGACTGG,2.46E-05
AGACTGT,1.51E-03
AGACTTA,4.16E-08
AGACTTC,1.04E-07
AGACTTG,3.98E-08
AGACTTT,1.56E-06
AGAGAAA,2.75E-04
AGAGAAC,1.07E-03
AGAGAAG,5.38E-04
AGAGAAT,9.19E-03
AGAGACA,4.40E-04
AGAGACC,2.51E-03
AGAGACG,1.29E-03
AGAGACT,1.10E-02
AGAGAGA,3.29E-01
AGAGAGC,1.18E+00
AGAGAGG,3.84E-01
AGAGAGT,1.04E+01
AGAGATA,3.05E-04
AGAGATC,6.84E-04
AGAGATG,5.26E-04
AGAGATT,9.08E-03
AGAGCAA,9.81E-06
AGAGCAC,7.46E-05
AGAGCAG,2.77E-05
AGAGCAT,4.74E-04
AGAGCCA,2.23E-05
AGAGCCC,2.49E-04
AGAGCCG,9.42E-05
AGAGCCT,8.03E-04
AGAGCGA,2.00E-02
AGAGCGC,1.40E-01
AGAGCGG,3.37E-02
AGAGCGT,9.14E-01
AGAGCTA,1.64E-05
AGAGCTC,7.17E-05
AGAGCTG,4.06E-05
AGAGCTT,7.03E-04
AGAGGAA,1.65E-06
AGAGGAC,1.26E-05
AGAGGAG,2.07E-06
AGAGGAT,7.28E-05
AGAGGCA,1.75E-06
AGAGGCC,1.96E-05
AGAGGCG,3.29E-06
AGAGGCT,5.77E-05
AGAGGGA,3.76E-03
AGAGGGC,2.66E-02
AGAGGGG,2.82E-03
AGAGGGT,1.57E-01
AGAGGTA,1.09E-06
AGAGGTC,4.80E-06
AGAGGTG,1.20E-06
AGAGGTT,4.28E-05
AGAGTAA,3.26E-06
AGAGTAC,2.19E-05
AGAGTAG,7.37E-06
AGAGTAT,1.30E-04
AGAGTCA,3.93E-06
AGAGTCC,3.88E-05
AGAGTCG,1.33E-05
AGAGTCT,1.17E-04
AGAGTGA,3.47E-03
AGAGTGC,2.16E-02
AGAGTGG,4.68E-03
AGAGTGT,1.31E-01
AGAGTTA,3.25E-06
AGAGTTC,1.26E-05
AGAGTTG,6.48E-06
AGAGTTT,1.15E-04
AGATAAA,3.40E-06
AGATAAC,4.92E-06
AGATAAG,4.59E-06
AGATAAT,1.76E-04
AGATACA,2.94E-07
AGATACC,6.24E-07
AGATACG,5.95E-07
AGATACT,1.13E-05
AGATAGA,2.41E-03
AGATAGC,3.23E-03
AGATAGG,1.95E-03
AGATAGT,1.18E-01
AGATATA,2.56E-06
AGATATC,2.14E-06
AGATATG,3.05E-06
AGATATT,1.18E-04
AGATCAA,2.25E-07
AGATCAC,6.37E-07
AGATCAG,4.39E-07
AGATCAT,1.68E-05
AGATCCA,2.76E-08
AGATCCC,1.15E-07
AGATCCG,8.05E-08
AGATCCT,1.54E-06
AGATCGA,2.72E-04
AGATCGC,7.11E-04
AGATCGG,3.16E-04
AGATCGT,1.92E-02
AGATCTA,2.55E-07
AGATCTC,4.15E-07
AGATCTG,4.37E-07
AGATCTT,1.69E-05
AGATGAA,9.14E-08
AGATGAC,2.60E-07
AGATGAG,7.90E-08
AGATGAT,6.24E-06
AGATGCA,5.24E-09
AGATGCC,2.18E-08
AGATGCG,6.78E-09
AGATGCT,2.67E-07
AGATGGA,1.24E-04
AGATGGC,3.25E-04
AGATGGG,6.39E-05
AGATGGT,8.00E-03
AGATGTA,4.10E-08
AGATGTC,6.71E-08
AGATGTG,3.12E-08
AGATGTT,2.49E-06
AGATTAA,3.46E-07
AGATTAC,8.66E-07
AGATTAG,5.40E-07
AGATTAT,2.13E-05
AGATTCA,2.25E-08
AGATTCC,8.28E-08
AGATTCG,5.27E-08
AGATTCT,1.03E-06
AGATTGA,2.18E-04
AGATTGC,5.06E-04
AGATTGG,2.04E-04
AGATTGT,1.27E-02
AGATTTA,2.35E-07
AGATTTC,3.39E-07
AGATTTG,3.22E-07
AGATTTT,1.28E-05
AGCAAAA,6.24E-04
AGCAAAC,6.06E-04
AGCAAAG,8.23E-04
AGCAAAT,9.56E-03
AGCAACA,5.86E-02
AGCAACC,8.35E-02
AGCAACG,1.16E-01
AGCAACT,6.70E-01
AGCAAGA,4.71E+00
AGCAAGC,4.23E+00
AGCAAGG,3.71E+00
AGCAAGT,6.83E+01
AGCAATA,3.09E-02
AGCAATC,1.73E-02
AGCAATG,3.59E-02
AGCAATT,4.22E-01
AGCACAA,5.26E-05
AGCACAC,1.00E-04
AGCACAG,1.00E-04
AGCACAT,1.17E-03
AGCACCA,7.00E-03
AGCACCC,1.95E-02
AGCACCG,2.00E-02
AGCACCT,1.16E-01
AGCACGA,6.75E-01
AGCACGC,1.19E+00
AGCACGG,7.68E-01
AGCACGT,1.42E+01
AGCACTA,3.92E-03
AGCACTC,4.30E-03
AGCACTG,6.56E-03
AGCACTT,7.73E-02
AGCAGAA,7.34E-06
AGCAGAC,1.40E-05
AGCAGAG,6.21E-06
AGCAGAT,1.49E-04
AGCAGCA,4.57E-04
AGCAGCC,1.28E-03
AGCAGCG,5.78E-04
AGCAGCT,6.91E-03
AGCAGGA,1.06E-01
AGCAGGC,1.87E-01
AGCAGGG,5.33E-02
AGCAGGT,2.03E+00
AGCAGTA,2.17E-04
AGCAGTC,2.39E-04
AGCAGTG,1.61E-04
AGCAGTT,3.91E-03
AGCATAA,3.82E-05
AGCATAC,6.43E-05
AGCATAG,5.83E-05
AGCATAT,6.97E-04
AGCATCA,2.70E-03
AGCATCC,6.67E-03
AGCATCG,6.17E-03
AGCATCT,3.68E-02
AGCATGA,2.56E-01
AGCATGC,3.99E-01
AGCATGG,2.33E-01
AGCATGT,4.43E+00
AGCATTA,1.70E-03
AGCATTC,1.65E-03
AGCATTG,2.29E-03
AGCATTT,2.76E-02
AGCCAAA,1.88E-07
AGCCAAC,2.84E-07
AGCCAAG,1.72E-07
AGCCAAT,7.82E-06
AGCCACA,1.24E-05
AGCCACC,2.76E-05
AGCCACG,1.70E-05
AGCCACT,3.86E-04
AGCCAGA,9.80E-03
AGCCAGC,1.37E-02
AGCCAGG,5.37E-03
AGCCAGT,3.87E-01
AGCCATA,1.41E-05
AGCCATC,1.23E-05
AGCCATG,1.14E-05
AGCCATT,5.23E-04
AGCCCAA,3.29E-09
AGCCCAC,9.74E-09
AGCCCAG,4.36E-09
AGCCCAT,1.98E-07
AGCCCCA,3.08E-07
AGCCCCC,1.34E-06
AGCCCCG,6.11E-07
AGCCCCT,1.39E-05
AGCCCGA,2.92E-04
AGCCCGC,8.01E-04
AGCCCGG,2.31E-04
AGCCCGT,1.67E-02
AGCCCTA,3.71E-07
AGCCCTC,6.34E-07
AGCCCTG,4.33E-07
AGCCCTT,1.99E-05
AGCCGAA,1.24E-09
AGCCGAC,3.68E-09
AGCCGAG,7.28E-10
AGCCGAT,6.82E-08
AGCCGCA,5.42E-08
AGCCGCC,2.37E-07
AGCCGCG,4.78E-08
AGCCGCT,2.23E-06
AGCCGGA,1.23E-04
AGCCGGC,3.39E-04
AGCCGGG,4.33E-05
AGCCGGT,6.43E-03
AGCCGTA,5.54E-08
AGCCGTC,9.50E-08
AGCCGTG,2.87E-08
AGCCGTT,2.71E-06
AGCCTAA,5.58E-09
AGCCTAC,1.46E-08
AGCCTAG,5.92E-09
AGCCTAT,2.77E-07
AGCCTCA,2.78E-07
AGCCTCC,1.07E-06
AGCCTCG,4.41E-07
AGCCTCT,1.03E-05
AGCCTGA,2.59E-04
AGCCTGC,6.28E-04
AGCCTGG,1.64E-04
AGCCTGT,1.22E-02
AGCCTTA,3.77E-07
AGCCTTC,5.70E-07
AGCCTTG,3.52E-07
AGCCTTT,1.66E-05
AGCGAAA,1.68E-05
AGCGAAC,3.92E-05
AGCGAAG,3.20E-05
AGCGAAT,6.62E-04
AGCGACA,1.74E-03
AGCGACC,5.96E-03
AGCGACG,4.96E-03
AGCGACT,5.11E-02
AGCGAGA,5.01E-01
AGCGAGC,1.08E+00
AGCGAGG,5.70E-01
AGCGAGT,1.87E+01
AGCGATA,6.14E-04
AGCGATC,8.27E-04
AGCGATG,1.03E-03
AGCGATT,2.15E-02
AGCGCAA,8.51E-07
AGCGCAC,3.89E-06
AGCGCAG,2.34E-06
AGCGCAT,4.85E-05
AGCGCCA,1.25E-04
AGCGCCC,8.38E-04
AGCGCCG,5.14E-04
AGCGCCT,5.31E-03
AGCGCGA,4.31E-02
AGCGCGC,1.82E-01
AGCGCGG,7.09E-02
AGCGCGT,2.33E+00
AGCGCTA,4.67E-05
AGCGCTC,1.23E-04
AGCGCTG,1.13E-04
AGCGCTT,2.37E-03
AGCGGAA,6.84E-08
AGCGGAC,3.14E-07
AGCGGAG,8.36E-08
AGCGGAT,3.56E-06
AGCGGCA,4.69E-06
AGCGGCC,3.16E-05
AGCGGCG,8.59E-06
AGCGGCT,1.82E-04
AGCGGGA,3.89E-03
AGCGGGC,1.65E-02
AGCGGGG,2.84E-03
AGCGGGT,1.92E-01
AGCGGTA,1.49E-06
AGCGGTC,3.94E-06
AGCGGTG,1.60E-06
AGCGGTT,6.90E-05
AGCGTAA,1.67E-07
AGCGTAC,6.74E-07
AGCGTAG,3.68E-07
AGCGTAT,7.82E-06
AGCGTCA,1.30E-05
AGCGTCC,7.71E-05
AGCGTCG,4.29E-05
AGCGTCT,4.54E-04
AGCGTGA,4.41E-03
AGCGTGC,1.65E-02
AGCGTGG,5.81E-03
AGCGTGT,1.96E-01
AGCGTTA,5.48E-06
AGCGTTC,1.28E-05
AGCGTTG,1.06E-05
AGCGTTT,2.29E-04
AGCTAAA,1.32E-08
AGCTAAC,1.15E-08
AGCTAAG,1.74E-08
AGCTAAT,8.04E-07
AGCTACA,7.36E-08
AGCTACC,9.40E-08
AGCTACG,1.45E-07
AGCTACT,3.35E-06
AGCTAGA,2.33E-04
AGCTAGC,1.87E-04
AGCTAGG,1.83E-04
AGCTAGT,1.35E-02
AGCTATA,3.27E-07
AGCTATC,1.64E-07
AGCTATG,3.79E-07
AGCTATT,1.77E-05
AGCTCAA,1.24E-09
AGCTCAC,2.11E-09
AGCTCAG,2.35E-09
AGCTCAT,1.09E-07
AGCTCCA,9.79E-09
AGCTCCC,2.45E-08
AGCTCCG,2.79E-08
AGCTCCT,6.45E-07
AGCTCGA,3.72E-05
AGCTCGC,5.86E-05
AGCTCGG,4.22E-05
AGCTCGT,3.11E-03
AGCTCTA,4.61E-08
AGCTCTC,4.53E-08
AGCTCTG,7.72E-08
AGCTCTT,3.62E-06
AGCTGAA,2.41E-10
AGCTGAC,4.11E-10
AGCTGAG,2.03E-10
AGCTGAT,1.94E-08
AGCTGCA,8.90E-10
AGCTGCC,2.23E-09
AGCTGCG,1.12E-09
AGCTGCT,5.35E-08
AGCTGGA,8.10E-06
AGCTGGC,1.28E-05
AGCTGGG,4.08E-06
AGCTGGT,6.18E-04
AGCTGTA,3.55E-09
AGCTGTC,3.50E-09
AGCTGTG,2.64E-09
AGCTGTT,2.55E-07
AGCTTAA,1.12E-09
AGCTTAC,1.69E-09
AGCTTAG,1.71E-09
AGCTTAT,8.14E-08
AGCTTCA,4.72E-09
AGCTTCC,1.04E-08
AGCTTCG,1.08E-08
AGCTTCT,2.55E-07
AGCTTGA,1.76E-05
AGCTTGC,2.46E-05
AGCTTGG,1.60E-05
AGCTTGT,1.21E-03
AGCTTTA,2.50E-08
AGCTTTC,2.17E-08
AGCTTTG,3.36E-08
AGCTTTT,1.62E-06
AGGAAAA,1.44E+00
AGGAAAC,1.39E+00
AGGAAAG,2.34E+00
AGGAAAT,3.61E+00
AGGAACA,1.90E+00
AGGAACC,2.69E+00
AGGAACG,4.61E+00
AGGAACT,3.54E+00
AGGAAGA,3.75E+01
AGGAAGC,3.34E+01
AGGAAGG,3.63E+01
AGGAAGT,8.88E+01
AGGAATA,2.82E+00
AGGAATC,1.56E+00
AGGAATG,4.02E+00
AGGAATT,6.26E+00
AGGACAA,2.39E-01
AGGACAC,4.50E-01
AGGACAG,5.59E-01
AGGACAT,8.64E-01
AGGACCA,4.45E-01
AGGACCC,1.23E+00
AGGACCG,1.56E+00
AGGACCT,1.20E+00
AGGACGA,1.06E+01
AGGACGC,1.84E+01
AGGACGG,1.48E+01
AGGACGT,3.62E+01
AGGACTA,7.00E-01
AGGACTC,7.61E-01
AGGACTG,1.44E+00
AGGACTT,2.25E+00
AGGAGAA,1.12E-01
AGGAGAC,2.12E-01
AGGAGAG,1.17E-01
AGGAGAT,3.71E-01
AGGAGCA,9.79E-02
AGGAGCC,2.72E-01
AGGAGCG,1.52E-01
AGGAGCT,2.41E-01
AGGAGGA,5.56E+00
AGGAGGC,9.74E+00
AGGAGGG,3.45E+00
AGGAGGT,1.74E+01
AGGAGTA,1.30E-01
AGGAGTC,1.42E-01
AGGAGTG,1.19E-01
AGGAGTT,3.83E-01
AGGATAA,3.15E-01
AGGATAC,5.26E-01
AGGATAG,5.91E-01
AGGATAT,9.38E-01
AGGATCA,3.12E-01
AGGATCC,7.65E-01
AGGATCG,8.77E-01
AGGATCT,6.94E-01
AGGATGA,7.28E+00
AGGATGC,1.12E+01
AGGATGG,8.15E+00
AGGATGT,2.05E+01
AGGATTA,5.53E-01
AGGATTC,5.32E-01
AGGATTG,9.12E-01
AGGATTT,1.46E+00
AGGCAAA,3.16E-03
AGGCAAC,4.75E-03
AGGCAAG,3.57E-03
AGGCAAT,2.15E-02
AGGCACA,2.93E-03
AGGCACC,6.46E-03
AGGCACG,4.95E-03
AGGCACT,1.49E-02
AGGCAGA,5.69E-01
AGGCAGC,7.90E-01
AGGCAGG,3.84E-01
AGGCAGT,3.67E+00
AGGCATA,9.35E-03
AGGCATC,8.09E-03
AGGCATG,9.29E-03
AGGCATT,5.66E-02
AGGCCAA,1.09E-04
AGGCCAC,3.19E-04
AGGCCAG,1.77E-04
AGGCCAT,1.07E-03
AGGCCCA,1.43E-04
AGGCCCC,6.16E-04
AGGCCCG,3.48E-04
AGGCCCT,1.05E-03
AGGCCGA,3.33E-02
AGGCCGC,9.05E-02
AGGCCGG,3.24E-02
AGGCCGT,3.10E-01
AGGCCTA,4.83E-04
AGGCCTC,8.18E-04
AGGCCTG,6.92E-04
AGGCCTT,4.23E-03
AGGCGAA,1.38E-04
AGGCGAC,4.07E-04
AGGCGAG,9.97E-05
AGGCGAT,1.24E-03
AGGCGCA,8.47E-05
AGGCGCC,3.67E-04
AGGCGCG,9.17E-05
AGGCGCT,5.68E-04
AGGCGGA,4.73E-02
AGGCGGC,1.29E-01
AGGCGGG,2.04E-02
AGGCGGT,4.03E-01
AGGCGTA,2.43E-04
AGGCGTC,4.13E-04
AGGCGTG,1.54E-04
AGGCGTT,1.94E-03
AGGCTAA,3.36E-04
AGGCTAC,8.72E-04
AGGCTAG,4.38E-04
AGGCTAT,2.72E-03
AGGCTCA,2.34E-04
AGGCTCC,8.93E-04
AGGCTCG,4.57E-04
AGGCTCT,1.41E-03
AGGCTGA,5.37E-02
AGGCTGC,1.29E-01
AGGCTGG,4.18E-02
AGGCTGT,4.11E-01
AGGCTTA,8.92E-04
AGGCTTC,1.34E-03
AGGCTTG,1.02E-03
AGGCTTT,6.42E-03
AGGGAAA,6.20E-02
AGGGAAC,1.43E-01
AGGGAAG,1.45E-01
AGGGAAT,3.98E-01
AGGGACA,8.98E-02
AGGGACC,3.05E-01
AGGGACG,3.15E-01
AGGGACT,4.31E-01
AGGGAGA,6.36E+00
AGGGAGC,1.36E+01
AGGGAGG,8.91E+00
AGGGAGT,3.87E+01
AGGGATA,8.91E-02
AGGGATC,1.19E-01
AGGGATG,1.84E-01
AGGGATT,5.10E-01
AGGGCAA,6.16E-03
AGGGCAC,2.79E-02
AGGGCAG,2.08E-02
AGGGCAT,5.72E-02
AGGGCCA,1.27E-02
AGGGCCC,8.42E-02
AGGGCCG,6.41E-02
AGGGCCT,8.78E-02
AGGGCGA,1.08E+00
AGGGCGC,4.51E+00
AGGGCGG,2.17E+00
AGGGCGT,9.47E+00
AGGGCTA,1.33E-02
AGGGCTC,3.48E-02
AGGGCTG,3.96E-02
AGGGCTT,1.10E-01
AGGGGAA,1.67E-03
AGGGGAC,7.59E-03
AGGGGAG,2.51E-03
AGGGGAT,1.42E-02
AGGGGCA,1.60E-03
AGGGGCC,1.07E-02
AGGGGCG,3.61E-03
AGGGGCT,1.02E-02
AGGGGGA,3.26E-01
AGGGGGC,1.37E+00
AGGGGGG,2.93E-01
AGGGGGT,2.63E+00
AGGGGTA,1.43E-03
AGGGGTC,3.75E-03
AGGGGTG,1.89E-03
AGGGGTT,1.08E-02
AGGGTAA,2.19E-03
AGGGTAC,8.80E-03
AGGGTAG,5.95E-03
AGGGTAT,1.68E-02
AGGGTCA,2.39E-03
AGGGTCC,1.41E-02
AGGGTCG,9.72E-03
AGGGTCT,1.37E-02
AGGGTGA,2.00E-01
AGGGTGC,7.43E-01
AGGGTGG,3.24E-01
AGGGTGT,1.45E+00
AGGGTTA,2.84E-03
AGGGTTC,6.56E-03
AGGGTTG,6.77E-03
AGGGTTT,1.93E-02
AGGTAAA,3.59E-03
AGGTAAC,3.09E-03
AGGTAAG,5.80E-03
AGGTAAT,3.57E-02
AGGTACA,2.81E-04
AGGTACC,3.55E-04
AGGTACG,6.80E-04
AGGTACT,2.08E-03
AGGTAGA,2.18E-01
AGGTAGC,1.74E-01
AGGTAGG,2.11E-01
AGGTAGT,2.06E+00
AGGTATA,3.50E-03
AGGTATC,1.74E-03
AGGTATG,4.99E-03
AGGTATT,3.10E-02
AGGTCAA,6.61E-04
AGGTCAC,1.11E-03
AGGTCAG,1.54E-03
AGGTCAT,9.50E-03
AGGTCCA,7.32E-05
AGGTCCC,1.82E-04
AGGTCCG,2.56E-04
AGGTCCT,7.87E-04
AGGTCGA,6.84E-02
AGGTCGC,1.07E-01
AGGTCGG,9.54E-02
AGGTCGT,9.32E-01
AGGTCTA,9.68E-04
AGGTCTC,9.42E-04
AGGTCTG,1.99E-03
AGGTCTT,1.24E-02
AGGTGAA,4.32E-04
AGGTGAC,7.32E-04
AGGTGAG,4.48E-04
AGGTGAT,5.68E-03
AGGTGCA,2.24E-05
AGGTGCC,5.58E-05
AGGTGCG,3.48E-05
AGGTGCT,2.20E-04
AGGTGGA,5.01E-02
AGGTGGC,7.86E-02
AGGTGGG,3.11E-02
AGGTGGT,6.24E-01
AGGTGTA,2.51E-04
AGGTGTC,2.45E-04
AGGTGTG,2.29E-04
AGGTGTT,2.94E-03
AGGTTAA,1.09E-03
AGGTTAC,1.63E-03
AGGTTAG,2.04E-03
AGGTTAT,1.29E-02
AGGTTCA,6.41E-05
AGGTTCC,1.41E-04
AGGTTCG,1.80E-04
AGGTTCT,5.67E-04
AGGTTGA,5.89E-02
AGGTTGC,8.14E-02
AGGTTGG,6.58E-02
AGGTTGT,6.60E-01
AGGTTTA,9.56E-04
AGGTTTC,8.23E-04
AGGTTTG,1.57E-03
AGGTTTT,1.01E-02
AGTAAAA,3.30E-03
AGTAAAC,5.98E-03
AGTAAAG,8.49E-03
AGTAAAT,5.13E-02
AGTAACA,4.65E-02
AGTAACC,1.24E-01
AGTAACG,1.79E-01
AGTAACT,5.40E-01
AGTAAGA,1.51E+00
AGTAAGC,2.54E+00
AGTAAGG,2.33E+00
AGTAAGT,2.23E+01
AGTAATA,3.65E-03
AGTAATC,3.82E-03
AGTAATG,8.28E-03
AGTAATT,5.05E-02
AGTACAA,1.58E-04
AGTACAC,5.61E-04
AGTACAG,5.87E-04
AGTACAT,3.55E-03
AGTACCA,3.16E-03
AGTACCC,1.65E-02
AGTACCG,1.76E-02
AGTACCT,5.30E-02
AGTACGA,1.23E-01
AGTACGC,4.05E-01
AGTACGG,2.74E-01
AGTACGT,2.63E+00
AGTACTA,2.63E-04
AGTACTC,5.39E-04
AGTACTG,8.60E-04
AGTACTT,5.26E-03
AGTAGAA,3.71E-05
AGTAGAC,1.32E-04
AGTAGAG,6.12E-05
AGTAGAT,7.62E-04
AGTAGCA,3.47E-04
AGTAGCC,1.82E-03
AGTAGCG,8.57E-04
AGTAGCT,5.32E-03
AGTAGGA,3.24E-02
AGTAGGC,1.07E-01
AGTAGGG,3.20E-02
AGTAGGT,6.32E-01
AGTAGTA,2.45E-05
AGTAGTC,5.03E-05
AGTAGTG,3.55E-05
AGTAGTT,4.47E-04
AGTATAA,2.47E-04
AGTATAC,7.78E-04
AGTATAG,7.37E-04
AGTATAT,4.58E-03
AGTATCA,2.63E-03
AGTATCC,1.21E-02
AGTATCG,1.17E-02
AGTATCT,3.63E-02
AGTATGA,1.01E-01
AGTATGC,2.94E-01
AGTATGG,1.79E-01
AGTATGT,1.77E+00
AGTATTA,2.46E-04
AGTATTC,4.47E-04
AGTATTG,6.46E-04
AGTATTT,4.06E-03
AGTCAAA,3.48E-07
AGTCAAC,9.83E-07
AGTCAAG,6.23E-07
AGTCAAT,1.47E-05
AGTCACA,3.45E-06
AGTCACC,1.43E-05
AGTCACG,9.27E-06
AGTCACT,1.09E-04
AGTCAGA,1.10E-03
AGTCAGC,2.89E-03
AGTCAGG,1.18E-03
AGTCAGT,4.43E-02
AGTCATA,5.84E-07
AGTCATC,9.52E-07
AGTCATG,9.21E-07
AGTCATT,2.20E-05
AGTCCAA,3.47E-09
AGTCCAC,1.92E-08
AGTCCAG,8.97E-09
AGTCCAT,2.12E-07
AGTCCCA,4.87E-08
AGTCCCC,3.96E-07
AGTCCCG,1.89E-07
AGTCCCT,2.23E-06
AGTCCGA,1.87E-05
AGTCCGC,9.59E-05
AGTCCGG,2.89E-05
AGTCCGT,1.09E-03
AGTCCTA,8.73E-09
AGTCCTC,2.79E-08
AGTCCTG,1.99E-08
AGTCCTT,4.76E-07
AGTCGAA,2.19E-09
AGTCGAC,1.22E-08
AGTCGAG,2.52E-09
AGTCGAT,1.23E-07
AGTCGCA,1.44E-08
AGTCGCC,1.18E-07
AGTCGCG,2.48E-08
AGTCGCT,6.02E-07
AGTCGGA,1.33E-05
AGTCGGC,6.83E-05
AGTCGGG,9.11E-06
AGTCGGT,7.04E-04
AGTCGTA,2.19E-09
AGTCGTC,7.02E-09
AGTCGTG,2.22E-09
AGTCGTT,1.09E-07
AGTCTAA,1.27E-08
AGTCTAC,6.21E-08
AGTCTAG,2.63E-08
AGTCTAT,6.38E-07
AGTCTCA,9.47E-08
AGTCTCC,6.81E-07
AGTCTCG,2.94E-07
AGTCTCT,3.56E-06
AGTCTGA,3.58E-05
AGTCTGC,1.62E-04
AGTCTGG,4.43E-05
AGTCTGT,1.71E-03
AGTCTTA,1.91E-08
AGTCTTC,5.40E-08
AGTCTTG,3.49E-08
AGTCTTT,8.57E-07
AGTGAAA,1.15E-04
AGTGAAC,5.01E-04
AGTGAAG,4.28E-04
AGTGAAT,4.59E-03
AGTGACA,1.78E-03
AGTGACC,1.14E-02
AGTGACG,9.95E-03
AGTGACT,5.33E-02
AGTGAGA,2.08E-01
AGTGAGC,8.41E-01
AGTGAGG,4.63E-01
AGTGAGT,7.89E+00
AGTGATA,9.38E-05
AGTGATC,2.36E-04
AGTGATG,3.08E-04
AGTGATT,3.34E-03
AGTGCAA,3.31E-06
AGTGCAC,2.82E-05
AGTGCAG,1.78E-05
AGTGCAT,1.91E-04
AGTGCCA,7.28E-05
AGTGCCC,9.13E-04
AGTGCCG,5.86E-04
AGTGCCT,3.14E-03
AGTGCGA,1.02E-02
AGTGCGC,8.06E-02
AGTGCGG,3.27E-02
AGTGCGT,5.59E-01
AGTGCTA,4.06E-06
AGTGCTC,2.00E-05
AGTGCTG,1.92E-05
AGTGCTT,2.09E-04
AGTGGAA,4.47E-07
AGTGGAC,3.84E-06
AGTGGAG,1.07E-06
AGTGGAT,2.36E-05
AGTGGCA,4.60E-06
AGTGGCC,5.80E-05
AGTGGCG,1.65E-05
AGTGGCT,1.82E-04
AGTGGGA,1.54E-03
AGTGGGC,1.23E-02
AGTGGGG,2.20E-03
AGTGGGT,7.74E-02
AGTGGTA,2.17E-07
AGTGGTC,1.08E-06
AGTGGTG,4.57E-07
AGTGGTT,1.02E-05
AGTGTAA,1.40E-06
AGTGTAC,1.06E-05
AGTGTAG,6.02E-06
AGTGTAT,6.65E-05
AGTGTCA,1.63E-05
AGTGTCC,1.81E-04
AGTGTCG,1.05E-04
AGTGTCT,5.80E-04
AGTGTGA,2.25E-03
AGTGTGC,1.57E-02
AGTGTGG,5.79E-03
AGTGTGT,1.01E-01
AGTGTTA,1.03E-06
AGTGTTC,4.47E-06
AGTGTTG,3.89E-06
AGTGTTT,4.34E-05
AGTTAAA,3.21E-08
AGTTAAC,5.22E-08
AGTTAAG,8.26E-08
AGTTAAT,1.99E-06
AGTTACA,2.69E-08
AGTTACC,6.42E-08
AGTTACG,1.04E-07
AGTTACT,1.24E-06
AGTTAGA,3.45E-05
AGTTAGC,5.19E-05
AGTTAGG,5.30E-05
AGTTAGT,2.02E-03
AGTTATA,1.78E-08
AGTTATC,1.67E-08
AGTTATG,4.03E-08
AGTTATT,9.81E-07
AGTTCAA,1.71E-09
AGTTCAC,5.45E-09
AGTTCAG,6.36E-09
AGTTCAT,1.53E-07
AGTTCCA,2.04E-09
AGTTCCC,9.51E-09
AGTTCCG,1.13E-08
AGTTCCT,1.36E-07
AGTTCGA,3.13E-06
AGTTCGC,9.22E-06
AGTTCGG,6.95E-06
AGTTCGT,2.66E-04
AGTTCTA,1.43E-09
AGTTCTC,2.62E-09
AGTTCTG,4.66E-09
AGTTCTT,1.14E-07
AGTTGAA,5.60E-10
AGTTGAC,1.79E-09
AGTTGAG,9.23E-10
AGTTGAT,4.58E-08
AGTTGCA,3.11E-10
AGTTGCC,1.46E-09
AGTTGCG,7.68E-10
AGTTGCT,1.90E-08
AGTTGGA,1.15E-06
AGTTGGC,3.39E-06
AGTTGGG,1.13E-06
AGTTGGT,8.89E-05
AGTTGTA,1.85E-10
AGTTGTC,3.40E-10
AGTTGTG,2.68E-10
AGTTGTT,1.35E-08
AGTTTAA,3.35E-09
AGTTTAC,9.43E-09
AGTTTAG,9.96E-09
AGTTTAT,2.47E-07
AGTTTCA,2.12E-09
AGTTTCC,8.74E-09
AGTTTCG,9.42E-09
AGTTTCT,1.16E-07
AGTTTGA,3.20E-06
AGTTTGC,8.34E-06
AGTTTGG,5.68E-06
AGTTTGT,2.23E-04
AGTTTTA,1.67E-09
AGTTTTC,2.71E-09
AGTTTTG,4.37E-09
AGTTTTT,1.09E-07
ATAAAAA,5.65E-03
ATAAAAC,8.78E-03
ATAAAAG,7.13E-03
ATAAAAT,8.99E-02
ATAAACA,6.57E-03
ATAAACC,1.50E-02
ATAAACG,1.24E-02
ATAAACT,7.81E-02
ATAAAGA,1.69E+00
ATAAAGC,2.44E+00
ATAAAGG,1.28E+00
ATAAAGT,2.55E+01
ATAAATA,5.20E-03
ATAAATC,4.66E-03
ATAAATG,5.78E-03
ATAAATT,7.37E-02
ATAACAA,3.79E-04
ATAACAC,1.15E-03
ATAACAG,6.90E-04
ATAACAT,8.71E-03
ATAACCA,6.24E-04
ATAACCC,2.79E-03
ATAACCG,1.70E-03
ATAACCT,1.07E-02
ATAACGA,1.93E-01
ATAACGC,5.44E-01
ATAACGG,2.10E-01
ATAACGT,4.21E+00
ATAACTA,5.24E-04
ATAACTC,9.19E-04
ATAACTG,8.40E-04
ATAACTT,1.07E-02
ATAAGAA,9.38E-05
ATAAGAC,2.87E-04
ATAAGAG,7.59E-05
ATAAGAT,1.97E-03
ATAAGCA,7.24E-05
ATAAGCC,3.25E-04
ATAAGCG,8.77E-05
ATAAGCT,1.14E-03
ATAAGGA,5.36E-02
ATAAGGC,1.52E-01
ATAAGGG,2.59E-02
ATAAGGT,1.07E+00
ATAAGTA,5.14E-05
ATAAGTC,9.07E-05
ATAAGTG,3.66E-05
ATAAGTT,9.62E-04
ATAATAA,2.83E-04
ATAATAC,7.61E-04
ATAATAG,4.13E-04
ATAATAT,5.35E-03
ATAATCA,2.47E-04
ATAATCC,9.79E-04
ATAATCG,5.41E-04
ATAATCT,3.50E-03
ATAATGA,7.53E-02
ATAATGC,1.88E-01
ATAATGG,6.57E-02
ATAATGT,1.35E+00
ATAATTA,2.34E-04
ATAATTC,3.63E-04
ATAATTG,3.01E-04
ATAATTT,3.94E-03
ATACAAA,3.22E-07
ATACAAC,7.79E-07
ATACAAG,2.83E-07
ATACAAT,1.39E-05
ATACACA,2.64E-07
ATACACC,9.38E-07
ATACACG,3.47E-07
ATACACT,8.52E-06
ATACAGA,6.68E-04
ATACAGC,1.50E-03
ATACAGG,3.51E-04
ATACAGT,2.74E-02
ATACATA,4.49E-07
ATACATC,6.27E-07
ATACATG,3.47E-07
ATACATT,1.73E-05
ATACCAA,4.48E-09
ATACCAC,2.12E-08
ATACCAG,5.69E-09
ATACCAT,2.81E-07
ATACCCA,5.20E-09
ATACCCC,3.62E-08
ATACCCG,9.89E-09
ATACCCT,2.43E-07
ATACCGA,1.58E-05
ATACCGC,6.94E-05
ATACCGG,1.20E-05
ATACCGT,9.39E-04
ATACCTA,9.39E-09
ATACCTC,2.57E-08
ATACCTG,1.05E-08
ATACCTT,5.23E-07
ATACGAA,3.00E-09
ATACGAC,1.43E-08
ATACGAG,1.69E-09
ATACGAT,1.71E-07
ATACGCA,1.63E-09
ATACGCC,1.14E-08
ATACGCG,1.37E-09
ATACGCT,6.95E-08
ATACGGA,1.19E-05
ATACGGC,5.22E-05
ATACGGG,3.99E-06
ATACGGT,6.42E-04
ATACGTA,2.49E-09
ATACGTC,6.83E-09
ATACGTG,1.23E-09
ATACGTT,1.27E-07
ATACTAA,7.82E-09
ATACTAC,3.28E-08
ATACTAG,7.95E-09
ATACTAT,4.03E-07
ATACTCA,4.82E-09
ATACTCC,2.97E-08
ATACTCG,7.34E-09
ATACTCT,1.85E-07
ATACTGA,1.44E-05
ATACTGC,5.60E-05
ATACTGG,8.75E-06
ATACTGT,7.04E-04
ATACTTA,9.81E-09
ATACTTC,2.37E-08
ATACTTG,8.78E-09
ATACTTT,4.50E-07
ATAGAAA,1.73E-04
ATAGAAC,6.47E-04
ATAGAAG,3.16E-04
ATAGAAT,7.08E-03
ATAGACA,2.22E-04
ATAGACC,1.22E-03
ATAGACG,6.06E-04
ATAGACT,6.77E-03
ATAGAGA,2.05E-01
ATAGAGC,7.09E-01
ATAGAGG,2.23E-01
ATAGAGT,7.94E+00
ATAGATA,1.17E-04
ATAGATC,2.53E-04
ATAGATG,1.89E-04
ATAGATT,4.28E-03
ATAGCAA,6.96E-06
ATAGCAC,5.09E-05
ATAGCAG,1.84E-05
ATAGCAT,4.12E-04
ATAGCCA,1.26E-05
ATAGCCC,1.36E-04
ATAGCCG,4.99E-05
ATAGCCT,5.59E-04
ATAGCGA,1.40E-02
ATAGCGC,9.50E-02
ATAGCGG,2.21E-02
ATAGCGT,7.86E-01
ATAGCTA,7.10E-06
ATAGCTC,3.00E-05
ATAGCTG,1.65E-05
ATAGCTT,3.74E-04
ATAGGAA,9.94E-07
ATAGGAC,7.31E-06
ATAGGAG,1.16E-06
ATAGGAT,5.37E-05
ATAGGCA,8.45E-07
ATAGGCC,9.12E-06
ATAGGCG,1.48E-06
ATAGGCT,3.41E-05
ATAGGGA,2.24E-03
ATAGGGC,1.53E-02
ATAGGGG,1.57E-03
ATAGGGT,1.15E-01
ATAGGTA,4.02E-07
ATAGGTC,1.70E-06
ATAGGTG,4.14E-07
ATAGGTT,1.93E-05
ATAGTAA,1.40E-06
ATAGTAC,9.08E-06
ATAGTAG,2.96E-06
ATAGTAT,6.83E-05
ATAGTCA,1.35E-06
ATAGTCC,1.29E-05
ATAGTCG,4.28E-06
ATAGTCT,4.92E-05
ATAGTGA,1.48E-03
ATAGTGC,8.84E-03
ATAGTGG,1.86E-03
ATAGTGT,6.80E-02
ATAGTTA,8.56E-07
ATAGTTC,3.20E-06
ATAGTTG,1.59E-06
ATAGTTT,3.71E-05
ATATAAA,4.84E-06
ATATAAC,6.73E-06
ATATAAG,6.10E-06
ATATAAT,3.06E-04
ATATACA,3.35E-07
ATATACC,6.84E-07
ATATACG,6.32E-07
ATATACT,1.58E-05
ATATAGA,3.39E-03
ATATAGC,4.37E-03
ATATAGG,2.56E-03
ATATAGT,2.04E-01
ATATATA,2.23E-06
ATATATC,1.79E-06
ATATATG,2.47E-06
ATATATT,1.26E-04
ATATCAA,3.61E-07
ATATCAC,9.83E-07
ATATCAG,6.57E-07
ATATCAT,3.30E-05
ATATCCA,3.54E-08
ATATCCC,1.42E-07
ATATCCG,9.64E-08
ATATCCT,2.42E-06
ATATCGA,4.31E-04
ATATCGC,1.09E-03
ATATCGG,4.68E-04
ATATCGT,3.74E-02
ATATCTA,2.50E-07
ATATCTC,3.92E-07
ATATCTG,4.00E-07
ATATCTT,2.03E-05
ATATGAA,1.24E-07
ATATGAC,3.41E-07
ATATGAG,1.01E-07
ATATGAT,1.04E-05
ATATGCA,5.71E-09
ATATGCC,2.29E-08
ATATGCG,6.91E-09
ATATGCT,3.57E-07
ATATGGA,1.67E-04
ATATGGC,4.22E-04
ATATGGG,8.04E-05
ATATGGT,1.32E-02
ATATGTA,3.41E-08
ATATGTC,5.39E-08
ATATGTG,2.43E-08
ATATGTT,2.54E-06
ATATTAA,3.36E-07
ATATTAC,8.11E-07
ATATTAG,4.90E-07
ATATTAT,2.53E-05
ATATTCA,1.75E-08
ATATTCC,6.20E-08
ATATTCG,3.82E-08
ATATTCT,9.85E-07
ATATTGA,2.10E-04
ATATTGC,4.68E-04
ATATTGG,1.83E-04
ATATTGT,1.50E-02
ATATTTA,1.39E-07
ATATTTC,1.94E-07
ATATTTG,1.79E-07
ATATTTT,9.34E-06
ATCAAAA,6.65E-04
ATCAAAC,6.21E-04
ATCAAAG,8.18E-04
ATCAAAT,1.25E-02
ATCAACA,4.99E-02
ATCAACC,6.86E-02
ATCAACG,9.21E-02
ATCAACT,7.00E-01
ATCAAGA,4.96E+00
ATCAAGC,4.29E+00
ATCAAGG,3.65E+00
ATCAAGT,8.82E+01
ATCAATA,2.02E-02
ATCAATC,1.09E-02
ATCAATG,2.18E-02
ATCAATT,3.37E-01
ATCACAA,6.32E-05
ATCACAC,1.16E-04
ATCACAG,1.12E-04
ATCACAT,1.72E-03
ATCACCA,6.73E-03
ATCACCC,1.81E-02
ATCACCG,1.79E-02
ATCACCT,1.36E-01
ATCACGA,8.03E-01
ATCACGC,1.36E+00
ATCACGG,8.52E-01
ATCACGT,2.06E+01
ATCACTA,2.88E-03
ATCACTC,3.04E-03
ATCACTG,4.51E-03
ATCACTT,6.95E-02
ATCAGAA,7.50E-06
ATCAGAC,1.38E-05
ATCAGAG,5.92E-06
ATCAGAT,1.86E-04
ATCAGCA,3.74E-04
ATCAGCC,1.01E-03
ATCAGCG,4.42E-04
ATCAGCT,6.92E-03
ATCAGGA,1.07E-01
ATCAGGC,1.82E-01
ATCAGGG,5.03E-02
ATCAGGT,2.51E+00
ATCAGTA,1.35E-04
ATCAGTC,1.44E-04
ATCAGTG,9.41E-05
ATCAGTT,2.99E-03
ATCATAA,2.78E-05
ATCATAC,4.51E-05
ATCATAG,3.96E-05
ATCATAT,6.21E-04
ATCATCA,1.57E-03
ATCATCC,3.74E-03
ATCATCG,3.36E-03
ATCATCT,2.62E-02
ATCATGA,1.85E-01
ATCATGC,2.77E-01
ATCATGG,1.57E-01
ATCATGT,3.91E+00
ATCATTA,7.59E-04
ATCATTC,7.09E-04
ATCATTG,9.51E-04
ATCATTT,1.51E-02
ATCCAAA,2.22E-07
ATCCAAC,3.24E-07
ATCCAAG,1.91E-07
ATCCAAT,1.13E-05
ATCCACA,1.18E-05
ATCCACC,2.52E-05
ATCCACG,1.51E-05
ATCCACT,4.48E-04
ATCCAGA,1.15E-02
ATCCAGC,1.55E-02
ATCCAGG,5.88E-03
ATCCAGT,5.55E-01
ATCCATA,1.02E-05
ATCCATC,8.58E-06
ATCCATG,7.71E-06
ATCCATT,4.64E-04
ATCCCAA,4.39E-09
ATCCCAC,1.25E-08
ATCCCAG,5.44E-09
ATCCCAT,3.24E-07
ATCCCCA,3.29E-07
ATCCCCC,1.38E-06
ATCCCCG,6.10E-07
ATCCCCT,1.82E-05
ATCCCGA,3.86E-04
ATCCCGC,1.02E-03
ATCCCGG,2.85E-04
ATCCCGT,2.70E-02
ATCCCTA,3.03E-07
ATCCCTC,4.99E-07
ATCCCTG,3.30E-07
ATCCCTT,1.99E-05
ATCCGAA,1.41E-09
ATCCGAC,4.03E-09
ATCCGAG,7.72E-10
ATCCGAT,9.48E-08
ATCCGCA,4.93E-08
ATCCGCC,2.07E-07
ATCCGCG,4.06E-08
ATCCGCT,2.48E-06
ATCCGGA,1.38E-04
ATCCGGC,3.67E-04
ATCCGGG,4.54E-05
ATCCGGT,8.85E-03
ATCCGTA,3.84E-08
ATCCGTC,6.35E-08
ATCCGTG,1.86E-08
ATCCGTT,2.31E-06
ATCCTAA,4.52E-09
ATCCTAC,1.14E-08
ATCCTAG,4.48E-09
ATCCTAT,2.74E-07
ATCCTCA,1.80E-07
ATCCTCC,6.67E-07
ATCCTCG,2.67E-07
ATCCTCT,8.16E-06
ATCCTGA,2.07E-04
ATCCTGC,4.85E-04
ATCCTGG,1.23E-04
ATCCTGT,1.19E-02
ATCCTTA,1.87E-07
ATCCTTC,2.72E-07
ATCCTTG,1.63E-07
ATCCTTT,1.01E-05
ATCGAAA,2.22E-05
ATCGAAC,4.99E-05
ATCGAAG,3.95E-05
ATCGAAT,1.07E-03
ATCGACA,1.84E-03
ATCGACC,6.07E-03
ATCGACG,4.90E-03
ATCGACT,6.62E-02
ATCGAGA,6.54E-01
ATCGAGC,1.36E+00
ATCGAGG,6.96E-01
ATCGAGT,2.99E+01
ATCGATA,4.96E-04
ATCGATC,6.43E-04
ATCGATG,7.78E-04
ATCGATT,2.13E-02
ATCGCAA,1.27E-06
ATCGCAC,5.58E-06
ATCGCAG,3.26E-06
ATCGCAT,8.84E-05
ATCGCCA,1.49E-04
ATCGCCC,9.62E-04
ATCGCCG,5.73E-04
ATCGCCT,7.75E-03
ATCGCGA,6.35E-02
ATCGCGC,2.59E-01
ATCGCGG,9.76E-02
ATCGCGT,4.20E+00
ATCGCTA,4.26E-05
ATCGCTC,1.08E-04
ATCGCTG,9.63E-05
ATCGCTT,2.64E-03
ATCGGAA,8.66E-08
ATCGGAC,3.83E-07
ATCGGAG,9.89E-08
ATCGGAT,5.52E-06
ATCGGCA,4.76E-06
ATCGGCC,3.09E-05
ATCGGCG,8.13E-06
ATCGGCT,2.26E-04
ATCGGGA,4.87E-03
ATCGGGC,1.99E-02
ATCGGGG,3.32E-03
ATCGGGT,2.94E-01
ATCGGTA,1.15E-06
ATCGGTC,2.94E-06
ATCGGTG,1.16E-06
ATCGGTT,6.54E-05
ATCGTAA,1.51E-07
ATCGTAC,5.86E-07
ATCGTAG,3.10E-07
ATCGTAT,8.64E-06
ATCGTCA,9.38E-06
ATCGTCC,5.37E-05
ATCGTCG,2.89E-05
ATCGTCT,4.02E-04
ATCGTGA,3.94E-03
ATCGTGC,1.42E-02
ATCGTGG,4.85E-03
ATCGTGT,2.14E-01
ATCGTTA,3.03E-06
ATCGTTC,6.80E-06
ATCGTTG,5.49E-06
ATCGTTT,1.55E-04
ATCTAAA,3.93E-08
ATCTAAC,3.29E-08
ATCTAAG,4.84E-08
ATCTAAT,2.94E-06
ATCTACA,1.76E-07
ATCTACC,2.16E-07
ATCTACG,3.24E-07
ATCTACT,9.80E-06
ATCTAGA,6.87E-04
ATCTAGC,5.33E-04
ATCTAGG,5.05E-04
ATCTAGT,4.86E-02
ATCTATA,5.97E-07
ATCTATC,2.88E-07
ATCTATG,6.46E-07
ATCTATT,3.97E-05
ATCTCAA,4.16E-09
ATCTCAC,6.83E-09
ATCTCAG,7.39E-09
ATCTCAT,4.50E-07
ATCTCCA,2.64E-08
ATCTCCC,6.35E-08
ATCTCCG,7.01E-08
ATCTCCT,2.13E-06
ATCTCGA,1.24E-04
ATCTCGC,1.88E-04
ATCTCGG,1.31E-04
ATCTCGT,1.27E-02
ATCTCTA,9.49E-08
ATCTCTC,8.97E-08
ATCTCTG,1.48E-07
ATCTCTT,9.12E-06
ATCTGAA,6.88E-10
ATCTGAC,1.13E-09
ATCTGAG,5.42E-10
ATCTGAT,6.79E-08
ATCTGCA,2.04E-09
ATCTGCC,4.93E-09
ATCTGCG,2.41E-09
ATCTGCT,1.50E-07
ATCTGGA,2.29E-05
ATCTGGC,3.49E-05
ATCTGGG,1.08E-05
ATCTGGT,2.14E-03
ATCTGTA,6.21E-09
ATCTGTC,5.90E-09
ATCTGTG,4.31E-09
ATCTGTT,5.46E-07
ATCTTAA,2.29E-09
ATCTTAC,3.32E-09
ATCTTAG,3.26E-09
ATCTTAT,2.03E-07
ATCTTCA,7.70E-09
ATCTTCC,1.64E-08
ATCTTCG,1.64E-08
ATCTTCT,5.11E-07
ATCTTGA,3.55E-05
ATCTTGC,4.77E-05
ATCTTGG,3.02E-05
ATCTTGT,2.99E-03
ATCTTTA,3.12E-08
ATCTTTC,2.61E-08
ATCTTTG,3.91E-08
ATCTTTT,2.47E-06
ATGAAAA,1.76E+00
ATGAAAC,1.63E+00
ATGAAAG,2.66E+00
ATGAAAT,5.39E+00
ATGAACA,1.85E+00
ATGAACC,2.52E+00
ATGAACG,4.20E+00
ATGAACT,4.24E+00
ATGAAGA,4.52E+01
ATGAAGC,3.88E+01
ATGAAGG,4.09E+01
ATGAAGT,1.31E+02
ATGAATA,2.10E+00
ATGAATC,1.12E+00
ATGAATG,2.80E+00
ATGAATT,5.72E+00
ATGACAA,3.29E-01
ATGACAC,5.96E-01
ATGACAG,7.18E-01
ATGACAT,1.45E+00
ATGACCA,4.90E-01
ATGACCC,1.31E+00
ATGACCG,1.60E+00
ATGACCT,1.62E+00
ATGACGA,1.44E+01
ATGACGC,2.41E+01
ATGACGG,1.88E+01
ATGACGT,6.03E+01
ATGACTA,5.88E-01
ATGACTC,6.16E-01
ATGACTG,1.13E+00
ATGACTT,2.32E+00
ATGAGAA,1.31E-01
ATGAGAC,2.39E-01
ATGAGAG,1.27E-01
ATGAGAT,5.31E-01
ATGAGCA,9.16E-02
ATGAGCC,2.45E-01
ATGAGCG,1.33E-01
ATGAGCT,2.77E-01
ATGAGGA,6.43E+00
ATGAGGC,1.09E+01
ATGAGGG,3.73E+00
ATGAGGT,2.47E+01
ATGAGTA,9.32E-02
ATGAGTC,9.80E-02
ATGAGTG,7.96E-02
ATGAGTT,3.35E-01
ATGATAA,2.63E-01
ATGATAC,4.22E-01
ATGATAG,4.60E-01
ATGATAT,9.57E-01
ATGATCA,2.08E-01
ATGATCC,4.91E-01
ATGATCG,5.46E-01
ATGATCT,5.67E-01
ATGATGA,6.00E+00
ATGATGC,8.93E+00
ATGATGG,6.28E+00
ATGATGT,2.07E+01
ATGATTA,2.82E-01
ATGATTC,2.61E-01
ATGATTG,4.34E-01
ATGATTT,9.14E-01
ATGCAAA,4.29E-03
ATGCAAC,6.19E-03
ATGCAAG,4.52E-03
ATGCAAT,3.57E-02
ATGCACA,3.18E-03
ATGCACC,6.74E-03
ATGCACG,5.02E-03
ATGCACT,1.98E-02
ATGCAGA,7.63E-01
ATGCAGC,1.02E+00
ATGCAGG,4.80E-01
ATGCAGT,6.02E+00
ATGCATA,7.75E-03
ATGCATC,6.46E-03
ATGCATG,7.19E-03
ATGCATT,5.74E-02
ATGCCAA,1.66E-04
ATGCCAC,4.70E-04
ATGCCAG,2.53E-04
ATGCCAT,2.00E-03
ATGCCCA,1.75E-04
ATGCCCC,7.26E-04
ATGCCCG,3.98E-04
ATGCCCT,1.57E-03
ATGCCGA,5.04E-02
ATGCCGC,1.32E-01
ATGCCGG,4.58E-02
ATGCCGT,5.75E-01
ATGCCTA,4.51E-04
ATGCCTC,7.36E-04
ATGCCTG,6.05E-04
ATGCCTT,4.84E-03
ATGCGAA,1.79E-04
ATGCGAC,5.09E-04
ATGCGAG,1.21E-04
ATGCGAT,1.97E-03
ATGCGCA,8.81E-05
ATGCGCC,3.67E-04
ATGCGCG,8.91E-05
ATGCGCT,7.24E-04
ATGCGGA,6.08E-02
ATGCGGC,1.60E-01
ATGCGGG,2.45E-02
ATGCGGT,6.34E-01
ATGCGTA,1.93E-04
ATGCGTC,3.16E-04
ATGCGTG,1.15E-04
ATGCGTT,1.89E-03
ATGCTAA,3.11E-04
ATGCTAC,7.78E-04
ATGCTAG,3.79E-04
ATGCTAT,3.08E-03
ATGCTCA,1.74E-04
ATGCTCC,6.38E-04
ATGCTCG,3.17E-04
ATGCTCT,1.28E-03
ATGCTGA,4.92E-02
ATGCTGC,1.14E-01
ATGCTGG,3.58E-02
ATGCTGT,4.62E-01
ATGCTTA,5.05E-04
ATGCTTC,7.29E-04
ATGCTTG,5.42E-04
ATGCTTT,4.46E-03
ATGGAAA,9.37E-02
ATGGAAC,2.09E-01
ATGGAAG,2.05E-01
ATGGAAT,7.37E-01
ATGGACA,1.09E-01
ATGGACC,3.56E-01
ATGGACG,3.56E-01
ATGGACT,6.39E-01
ATGGAGA,9.51E+00
ATGGAGC,1.96E+01
ATGGAGG,1.24E+01
ATGGAGT,7.09E+01
ATGGATA,8.24E-02
ATGGATC,1.06E-01
ATGGATG,1.59E-01
ATGGATT,5.77E-01
ATGGCAA,1.05E-02
ATGGCAC,4.58E-02
ATGGCAG,3.32E-02
ATGGCAT,1.20E-01
ATGGCCA,1.73E-02
ATGGCCC,1.11E-01
ATGGCCG,8.17E-02
ATGGCCT,1.47E-01
ATGGCGA,1.81E+00
ATGGCGC,7.33E+00
ATGGCGG,3.42E+00
ATGGCGT,1.96E+01
ATGGCTA,1.39E-02
ATGGCTC,3.49E-02
ATGGCTG,3.86E-02
ATGGCTT,1.40E-01
ATGGGAA,2.42E-03
ATGGGAC,1.06E-02
ATGGGAG,3.39E-03
ATGGGAT,2.51E-02
ATGGGCA,1.86E-03
ATGGGCC,1.20E-02
ATGGGCG,3.91E-03
ATGGGCT,1.44E-02
ATGGGGA,4.68E-01
ATGGGGC,1.90E+00
ATGGGGG,3.92E-01
ATGGGGT,4.61E+00
ATGGGTA,1.27E-03
ATGGGTC,3.20E-03
ATGGGTG,1.56E-03
ATGGGTT,1.17E-02
ATGGTAA,2.27E-03
ATGGTAC,8.75E-03
ATGGTAG,5.74E-03
ATGGTAT,2.12E-02
ATGGTCA,1.98E-03
ATGGTCC,1.12E-02
ATGGTCG,7.51E-03
ATGGTCT,1.38E-02
ATGGTGA,2.04E-01
ATGGTGC,7.31E-01
ATGGTGG,3.09E-01
ATGGTGT,1.81E+00
ATGGTTA,1.79E-03
ATGGTTC,3.99E-03
ATGGTTG,3.99E-03
ATGGTTT,1.49E-02
ATGTAAA,1.22E-02
ATGTAAC,1.02E-02
ATGTAAG,1.85E-02
ATGTAAT,1.49E-01
ATGTACA,7.67E-04
ATGTACC,9.35E-04
ATGTACG,1.74E-03
ATGTACT,6.97E-03
ATGTAGA,7.37E-01
ATGTAGC,5.66E-01
ATGTAGG,6.66E-01
ATGTAGT,8.51E+00
ATGTATA,7.31E-03
ATGTATC,3.50E-03
ATGTATG,9.73E-03
ATGTATT,7.92E-02
ATGTCAA,2.54E-03
ATGTCAC,4.13E-03
ATGTCAG,5.55E-03
ATGTCAT,4.48E-02
ATGTCCA,2.26E-04
ATGTCCC,5.39E-04
ATGTCCG,7.38E-04
ATGTCCT,2.97E-03
ATGTCGA,2.61E-01
ATGTCGC,3.92E-01
ATGTCGG,3.40E-01
ATGTCGT,4.35E+00
ATGTCTA,2.28E-03
ATGTCTC,2.14E-03
ATGTCTG,4.38E-03
ATGTCTT,3.57E-02
ATGTGAA,1.42E-03
ATGTGAC,2.31E-03
ATGTGAG,1.37E-03
ATGTGAT,2.28E-02
ATGTGCA,5.87E-05
ATGTGCC,1.41E-04
ATGTGCG,8.53E-05
ATGTGCT,7.06E-04
ATGTGGA,1.62E-01
ATGTGGC,2.45E-01
ATGTGGG,9.40E-02
ATGTGGT,2.48E+00
ATGTGTA,5.03E-04
ATGTGTC,4.73E-04
ATGTGTG,4.29E-04
ATGTGTT,7.20E-03
ATGTTAA,2.54E-03
ATGTTAC,3.65E-03
ATGTTAG,4.44E-03
ATGTTAT,3.68E-02
ATGTTCA,1.20E-04
ATGTTCC,2.53E-04
ATGTTCG,3.14E-04
ATGTTCT,1.30E-03
ATGTTGA,1.36E-01
ATGTTGC,1.81E-01
ATGTTGG,1.42E-01
ATGTTGT,1.87E+00
ATGTTTA,1.36E-03
ATGTTTC,1.13E-03
ATGTTTG,2.10E-03
ATGTTTT,1.76E-02
ATTAAAA,2.89E-03
ATTAAAC,5.05E-03
ATTAAAG,6.94E-03
ATTAAAT,5.50E-02
ATTAACA,3.26E-02
ATTAACC,8.36E-02
ATTAACG,1.17E-01
ATTAACT,4.63E-01
ATTAAGA,1.31E+00
ATTAAGC,2.12E+00
ATTAAGG,1.88E+00
ATTAAGT,2.37E+01
ATTAATA,1.96E-03
ATTAATC,1.97E-03
ATTAATG,4.14E-03
ATTAATT,3.32E-02
ATTACAA,1.56E-04
ATTACAC,5.34E-04
ATTACAG,5.42E-04
ATTACAT,4.30E-03
ATTACCA,2.50E-03
ATTACCC,1.25E-02
ATTACCG,1.30E-02
ATTACCT,5.14E-02
ATTACGA,1.21E-01
ATTACGC,3.82E-01
ATTACGG,2.50E-01
ATTACGT,3.15E+00
ATTACTA,1.59E-04
ATTACTC,3.13E-04
ATTACTG,4.86E-04
ATTACTT,3.90E-03
ATTAGAA,3.11E-05
ATTAGAC,1.07E-04
ATTAGAG,4.80E-05
ATTAGAT,7.84E-04
ATTAGCA,2.33E-04
ATTAGCC,1.18E-03
ATTAGCG,5.38E-04
ATTAGCT,4.38E-03
ATTAGGA,2.70E-02
ATTAGGC,8.57E-02
ATTAGGG,2.48E-02
ATTAGGT,6.43E-01
ATTAGTA,1.26E-05
ATTAGTC,2.49E-05
ATTAGTG,1.70E-05
ATTAGTT,2.82E-04
ATTATAA,1.48E-04
ATTATAC,4.49E-04
ATTATAG,4.12E-04
ATTATAT,3.36E-03
ATTATCA,1.26E-03
ATTATCC,5.60E-03
ATTATCG,5.24E-03
ATTATCT,2.13E-02
ATTATGA,5.98E-02
ATTATGC,1.68E-01
ATTATGG,9.93E-02
ATTATGT,1.28E+00
ATTATTA,9.03E-05
ATTATTC,1.58E-04
ATTATTG,2.21E-04
ATTATTT,1.82E-03
ATTCAAA,3.39E-07
ATTCAAC,9.22E-07
ATTCAAG,5.67E-07
ATTCAAT,1.76E-05
ATTCACA,2.69E-06
ATTCACC,1.08E-05
ATTCACG,6.75E-06
ATTCACT,1.04E-04
ATTCAGA,1.06E-03
ATTCAGC,2.68E-03
ATTCAGG,1.06E-03
ATTCAGT,5.23E-02
ATTCATA,3.48E-07
ATTCATC,5.46E-07
ATTCATG,5.13E-07
ATTCATT,1.60E-05
ATTCCAA,3.81E-09
ATTCCAC,2.03E-08
ATTCCAG,9.20E-09
ATTCCAT,2.85E-07
ATTCCCA,4.29E-08
ATTCCCC,3.36E-07
ATTCCCG,1.55E-07
ATTCCCT,2.40E-06
ATTCCGA,2.04E-05
ATTCCGC,1.00E-04
ATTCCGG,2.94E-05
ATTCCGT,1.45E-03
ATTCCTA,5.87E-09
ATTCCTC,1.80E-08
ATTCCTG,1.25E-08
ATTCCTT,3.92E-07
ATTCGAA,2.05E-09
ATTCGAC,1.10E-08
ATTCGAG,2.20E-09
ATTCGAT,1.40E-07
ATTCGCA,1.08E-08
ATTCGCC,8.48E-08
ATTCGCG,1.73E-08
ATTCGCT,5.52E-07
ATTCGGA,1.23E-05
ATTCGGC,6.08E-05
ATTCGGG,7.87E-06
ATTCGGT,7.96E-04
ATTCGTA,1.25E-09
ATTCGTC,3.86E-09
ATTCGTG,1.18E-09
ATTCGTT,7.63E-08
ATTCTAA,8.44E-09
ATTCTAC,3.98E-08
ATTCTAG,1.63E-08
ATTCTAT,5.21E-07
ATTCTCA,5.05E-08
ATTCTCC,3.50E-07
ATTCTCG,1.46E-07
ATTCTCT,2.32E-06
ATTCTGA,2.36E-05
ATTCTGC,1.03E-04
ATTCTGG,2.73E-05
ATTCTGT,1.38E-03
ATTCTTA,7.79E-09
ATTCTTC,2.12E-08
ATTCTTG,1.33E-08
ATTCTTT,4.28E-07
ATTGAAA,1.25E-04
ATTGAAC,5.24E-04
ATTGAAG,4.34E-04
ATTGAAT,6.11E-03
ATTGACA,1.55E-03
ATTGACC,9.57E-03
ATTGACG,8.08E-03
ATTGACT,5.67E-02
ATTGAGA,2.24E-01
ATTGAGC,8.70E-01
ATTGAGG,4.65E-01
ATTGAGT,1.04E+01
ATTGATA,6.23E-05
ATTGATC,1.51E-04
ATTGATG,1.91E-04
ATTGATT,2.72E-03
ATTGCAA,4.05E-06
ATTGCAC,3.33E-05
ATTGCAG,2.03E-05
ATTGCAT,2.87E-04
ATTGCCA,7.14E-05
ATTGCCC,8.63E-04
ATTGCCG,5.37E-04
ATTGCCT,3.78E-03
ATTGCGA,1.24E-02
ATTGCGC,9.41E-02
ATTGCGG,3.71E-02
ATTGCGT,8.30E-01
ATTGCTA,3.04E-06
ATTGCTC,1.44E-05
ATTGCTG,1.34E-05
ATTGCTT,1.92E-04
ATTGGAA,4.66E-07
ATTGGAC,3.85E-06
ATTGGAG,1.04E-06
ATTGGAT,3.01E-05
ATTGGCA,3.84E-06
ATTGGCC,4.66E-05
ATTGGCG,1.28E-05
ATTGGCT,1.86E-04
ATTGGGA,1.59E-03
ATTGGGC,1.22E-02
ATTGGGG,2.12E-03
ATTGGGT,9.76E-02
ATTGGTA,1.38E-07
ATTGGTC,6.60E-07
ATTGGTG,2.72E-07
ATTGGTT,7.98E-06
ATTGTAA,1.04E-06
ATTGTAC,7.55E-06
ATTGTAG,4.17E-06
ATTGTAT,6.05E-05
ATTGTCA,9.71E-06
ATTGTCC,1.04E-04
ATTGTCG,5.85E-05
ATTGTCT,4.22E-04
ATTGTGA,1.65E-03
ATTGTGC,1.11E-02
ATTGTGG,3.97E-03
ATTGTGT,9.13E-02
ATTGTTA,4.66E-07
ATTGTTC,1.96E-06
ATTGTTG,1.65E-06
ATTGTTT,2.42E-05
ATTTAAA,7.88E-08
ATTTAAC,1.23E-07
ATTTAAG,1.89E-07
ATTTAAT,5.97E-06
ATTTACA,5.29E-08
ATTTACC,1.22E-07
ATTTACG,1.90E-07
ATTTACT,2.99E-06
ATTTAGA,8.38E-05
ATTTAGC,1.21E-04
ATTTAGG,1.20E-04
ATTTAGT,6.02E-03
ATTTATA,2.67E-08
ATTTATC,2.41E-08
ATTTATG,5.65E-08
ATTTATT,1.80E-06
ATTTCAA,4.74E-09
ATTTCAC,1.45E-08
ATTTCAG,1.64E-08
ATTTCAT,5.20E-07
ATTTCCA,4.51E-09
ATTTCCC,2.03E-08
ATTTCCG,2.34E-08
ATTTCCT,3.69E-07
ATTTCGA,8.58E-06
ATTTCGC,2.43E-05
ATTTCGG,1.78E-05
ATTTCGT,8.91E-04
ATTTCTA,2.42E-09
ATTTCTC,4.27E-09
ATTTCTG,7.37E-09
ATTTCTT,2.36E-07
ATTTGAA,1.32E-09
ATTTGAC,4.05E-09
ATTTGAG,2.03E-09
ATTTGAT,1.32E-07
ATTTGCA,5.86E-10
ATTTGCC,2.65E-09
ATTTGCG,1.35E-09
ATTTGCT,4.38E-08
ATTTGGA,2.67E-06
ATTTGGC,7.60E-06
ATTTGGG,2.46E-06
ATTTGGT,2.54E-04
ATTTGTA,2.66E-10
ATTTGTC,4.72E-10
ATTTGTG,3.60E-10
ATTTGTT,2.37E-08
ATTTTAA,5.62E-09
ATTTTAC,1.52E-08
ATTTTAG,1.56E-08
ATTTTAT,5.07E-07
ATTTTCA,2.84E-09
ATTTTCC,1.13E-08
ATTTTCG,1.18E-08
ATTTTCT,1.91E-07
ATTTTGA,5.31E-06
ATTTTGC,1.33E-05
ATTTTGG,8.81E-06
ATTTTGT,4.54E-04
ATTTTTA,1.71E-09
ATTTTTC,2.68E-09
ATTTTTG,4.19E-09
ATTTTTT,1.38E-07
CAAAAAA,2.36E-01
CAAAAAC,2.31E-01
CAAAAAG,4.10E-01
CAAAAAT,1.38E+00
CAAAACA,3.17E-01
CAAAACC,4.57E-01
CAAAACG,8.25E-01
CAAAACT,1.38E+00
CAAAAGA,1.24E+01
CAAAAGC,1.13E+01
CAAAAGG,1.29E+01
CAAAAGT,6.86E+01
CAAAATA,1.77E-01
CAAAATC,1.00E-01
CAAAATG,2.71E-01
CAAAATT,9.19E-01
CAAACAA,2.99E-02
CAAACAC,5.74E-02
CAAACAG,7.50E-02
CAAACAT,2.52E-01
CAAACCA,5.69E-02
CAAACCC,1.61E-01
CAAACCG,2.14E-01
CAAACCT,3.59E-01
CAAACGA,2.67E+00
CAAACGC,4.75E+00
CAAACGG,4.00E+00
CAAACGT,2.14E+01
CAAACTA,3.36E-02
CAAACTC,3.73E-02
CAAACTG,7.43E-02
CAAACTT,2.53E-01
CAAAGAA,1.40E-02
CAAAGAC,2.69E-02
CAAAGAG,1.56E-02
CAAAGAT,1.08E-01
CAAAGCA,1.24E-02
CAAAGCC,3.53E-02
CAAAGCG,2.08E-02
CAAAGCT,7.18E-02
CAAAGGA,1.40E+00
CAAAGGC,2.50E+00
CAAAGGG,9.31E-01
CAAAGGT,1.02E+01
CAAAGTA,6.23E-03
CAAAGTC,6.94E-03
CAAAGTG,6.11E-03
CAAAGTT,4.28E-02
CAAATAA,3.59E-02
CAAATAC,6.11E-02
CAAATAG,7.22E-02
CAAATAT,2.50E-01
CAAATCA,3.63E-02
CAAATCC,9.08E-02
CAAATCG,1.09E-01
CAAATCT,1.89E-01
CAAATGA,1.68E+00
CAAATGC,2.64E+00
CAAATGG,2.01E+00
CAAATGT,1.10E+01
CAAATTA,2.42E-02
CAAATTC,2.37E-02
CAAATTG,4.28E-02
CAAATTT,1.50E-01
CAACAAA,7.75E-05
CAACAAC,1.19E-04
CAACAAG,9.38E-05
CAACAAT,1.23E-03
CAACACA,7.34E-05
CAACACC,1.65E-04
CAACACG,1.33E-04
CAACACT,8.71E-04
CAACAGA,2.82E-02
CAACAGC,3.99E-02
CAACAGG,2.04E-02
CAACAGT,4.25E-01
CAACATA,8.81E-05
CAACATC,7.77E-05
CAACATG,9.38E-05
CAACATT,1.25E-03
CAACCAA,2.04E-06
CAACCAC,6.11E-06
CAACCAG,3.57E-06
CAACCAT,4.69E-05
CAACCCA,2.74E-06
CAACCCC,1.21E-05
CAACCCG,7.17E-06
CAACCCT,4.70E-05
CAACCGA,1.26E-03
CAACCGC,3.50E-03
CAACCGG,1.32E-03
CAACCGT,2.75E-02
CAACCTA,3.48E-06
CAACCTC,6.02E-06
CAACCTG,5.36E-06
CAACCTT,7.13E-05
CAACGAA,2.57E-06
CAACGAC,7.74E-06
CAACGAG,1.99E-06
CAACGAT,5.40E-05
CAACGCA,1.61E-06
CAACGCC,7.14E-06
CAACGCG,1.88E-06
CAACGCT,2.53E-05
CAACGGA,1.78E-03
CAACGGC,4.97E-03
CAACGGG,8.26E-04
CAACGGT,3.55E-02
CAACGTA,1.74E-06
CAACGTC,3.02E-06
CAACGTG,1.19E-06
CAACGTT,3.25E-05
CAACTAA,5.73E-06
CAACTAC,1.52E-05
CAACTAG,8.02E-06
CAACTAT,1.08E-04
CAACTCA,4.09E-06
CAACTCC,1.59E-05
CAACTCG,8.56E-06
CAACTCT,5.77E-05
CAACTGA,1.85E-03
CAACTGC,4.55E-03
CAACTGG,1.55E-03
CAACTGT,3.32E-02
CAACTTA,5.86E-06
CAACTTC,8.95E-06
CAACTTG,7.21E-06
CAACTTT,9.86E-05
CAAGAAA,1.17E-02
CAAGAAC,2.77E-02
CAAGAAG,2.95E-02
CAAGAAT,1.77E-01
CAAGACA,1.74E-02
CAAGACC,6.04E-02
CAAGACG,6.56E-02
CAAGACT,1.95E-01
CAAGAGA,2.44E+00
CAAGAGC,5.33E+00
CAAGAGG,3.66E+00
CAAGAGT,3.47E+01
CAAGATA,6.50E-03
CAAGATC,8.85E-03
CAAGATG,1.44E-02
CAAGATT,8.69E-02
CAAGCAA,8.94E-04
CAAGCAC,4.13E-03
CAAGCAG,3.25E-03
CAAGCAT,1.94E-02
CAAGCCA,1.88E-03
CAAGCCC,1.28E-02
CAAGCCG,1.02E-02
CAAGCCT,3.05E-02
CAAGCGA,3.16E-01
CAAGCGC,1.35E+00
CAAGCGG,6.84E-01
CAAGCGT,6.50E+00
CAAGCTA,7.42E-04
CAAGCTC,1.98E-03
CAAGCTG,2.37E-03
CAAGCTT,1.44E-02
CAAGGAA,2.41E-04
CAAGGAC,1.12E-03
CAAGGAG,3.88E-04
CAAGGAT,4.78E-03
CAAGGCA,2.37E-04
CAAGGCC,1.61E-03
CAAGGCG,5.71E-04
CAAGGCT,3.51E-03
CAAGGGA,9.52E-02
CAAGGGC,4.09E-01
CAAGGGG,9.17E-02
CAAGGGT,1.79E+00
CAAGGTA,7.93E-05
CAAGGTC,2.12E-04
CAAGGTG,1.12E-04
CAAGGTT,1.40E-03
CAAGTAA,2.90E-04
CAAGTAC,1.19E-03
CAAGTAG,8.43E-04
CAAGTAT,5.18E-03
CAAGTCA,3.23E-04
CAAGTCC,1.94E-03
CAAGTCG,1.41E-03
CAAGTCT,4.32E-03
CAAGTGA,5.35E-02
CAAGTGC,2.02E-01
CAAGTGG,9.29E-02
CAAGTGT,9.06E-01
CAAGTTA,1.44E-04
CAAGTTC,3.40E-04
CAAGTTG,3.69E-04
CAAGTTT,2.29E-03
CAATAAA,4.36E-04
CAATAAC,3.83E-04
CAATAAG,7.57E-04
CAATAAT,1.01E-02
CAATACA,3.49E-05
CAATACC,4.50E-05
CAATACG,9.07E-05
CAATACT,6.06E-04
CAATAGA,5.37E-02
CAATAGC,4.37E-02
CAATAGG,5.57E-02
CAATAGT,1.18E+00
CAATATA,1.64E-04
CAATATC,8.30E-05
CAATATG,2.50E-04
CAATATT,3.39E-03
CAATCAA,6.15E-05
CAATCAC,1.06E-04
CAATCAG,1.54E-04
CAATCAT,2.07E-03
CAATCCA,6.97E-06
CAATCCC,1.76E-05
CAATCCG,2.62E-05
CAATCCT,1.75E-04
CAATCGA,1.29E-02
CAATCGC,2.05E-02
CAATCGG,1.93E-02
CAATCGT,4.10E-01
CAATCTA,3.47E-05
CAATCTC,3.44E-05
CAATCTG,7.65E-05
CAATCTT,1.04E-03
CAATGAA,4.00E-05
CAATGAC,6.92E-05
CAATGAG,4.45E-05
CAATGAT,1.23E-03
CAATGCA,2.12E-06
CAATGCC,5.39E-06
CAATGCG,3.54E-06
CAATGCT,4.87E-05
CAATGGA,9.39E-03
CAATGGC,1.50E-02
CAATGGG,6.24E-03
CAATGGT,2.73E-01
CAATGTA,8.94E-06
CAATGTC,8.92E-06
CAATGTG,8.76E-06
CAATGTT,2.45E-04
CAATTAA,9.23E-05
CAATTAC,1.41E-04
CAATTAG,1.85E-04
CAATTAT,2.55E-03
CAATTCA,5.56E-06
CAATTCC,1.24E-05
CAATTCG,1.67E-05
CAATTCT,1.15E-04
CAATTGA,1.01E-02
CAATTGC,1.42E-02
CAATTGG,1.21E-02
CAATTGT,2.65E-01
CAATTTA,3.12E-05
CAATTTC,2.74E-05
CAATTTG,5.51E-05
CAATTTT,7.67E-04
CACAAAA,8.47E-03
CACAAAC,5.00E-03
CACAAAG,1.44E-02
CACAAAT,5.84E-02
CACAACA,7.36E-01
CACAACC,6.39E-01
CACAACG,1.87E+00
CACAACT,3.79E+00
CACAAGA,1.11E+01
CACAAGC,6.06E+00
CACAAGG,1.12E+01
CACAAGT,7.24E+01
CACAATA,2.09E-01
CACAATC,7.13E-02
CACAATG,3.12E-01
CACAATT,1.28E+00
CACACAA,1.52E-03
CACACAC,1.76E-03
CACACAG,3.73E-03
CACACAT,1.52E-02
CACACCA,1.88E-01
CACACCC,3.19E-01
CACACCG,6.88E-01
CACACCT,1.40E+00
CACACGA,3.39E+00
CACACGC,3.63E+00
CACACGG,4.96E+00
CACACGT,3.20E+01
CACACTA,5.65E-02
CACACTC,3.77E-02
CACACTG,1.22E-01
CACACTT,5.01E-01
CACAGAA,3.41E-04
CACAGAC,3.96E-04
CACAGAG,3.70E-04
CACAGAT,3.11E-03
CACAGCA,1.96E-02
CACAGCC,3.35E-02
CACAGCG,3.20E-02
CACAGCT,1.34E-01
CACAGGA,8.50E-01
CACAGGC,9.14E-01
CACAGGG,5.52E-01
CACAGGT,7.34E+00
CACAGTA,5.01E-03
CACAGTC,3.36E-03
CACAGTG,4.80E-03
CACAGTT,4.06E-02
CACATAA,1.08E-03
CACATAC,1.11E-03
CACATAG,2.12E-03
CACATAT,8.86E-03
CACATCA,7.06E-02
CACATCC,1.06E-01
CACATCG,2.07E-01
CACATCT,4.33E-01
CACATGA,1.26E+00
CACATGC,1.19E+00
CACATGG,1.47E+00
CACATGT,9.76E+00
CACATTA,2.40E-02
CACATTC,1.42E-02
CACATTG,4.14E-02
CACATTT,1.75E-01
CACCAAA,1.63E-05
CACCAAC,1.50E-05
CACCAAG,1.93E-05
CACCAAT,3.07E-04
CACCACA,1.00E-03
CACCACC,1.35E-03
CACCACG,1.77E-03
CACCACT,1.40E-02
CACCAGA,1.48E-01
CACCAGC,1.26E-01
CACCAGG,1.04E-01
CACCAGT,2.63E+00
CACCATA,6.12E-04
CACCATC,3.25E-04
CACCATG,6.36E-04
CACCATT,1.02E-02
CACCCAA,6.11E-07
CACCCAC,1.10E-06
CACCCAG,1.04E-06
CACCCAT,1.66E-05
CACCCCA,5.30E-05
CACCCCC,1.40E-04
CACCCCG,1.35E-04
CACCCCT,1.07E-03
CACCCGA,9.41E-03
CACCCGC,1.57E-02
CACCCGG,9.58E-03
CACCCGT,2.42E-01
CACCCTA,3.43E-05
CACCCTC,3.57E-05
CACCCTG,5.15E-05
CACCCTT,8.29E-04
CACCGAA,3.69E-07
CACCGAC,6.67E-07
CACCGAG,2.79E-07
CACCGAT,9.14E-06
CACCGCA,1.49E-05
CACCGCC,3.97E-05
CACCGCG,1.69E-05
CACCGCT,2.77E-04
CACCGGA,6.36E-03
CACCGGC,1.07E-02
CACCGGG,2.88E-03
CACCGGT,1.49E-01
CACCGTA,8.21E-06
CACCGTC,8.57E-06
CACCGTG,5.47E-06
CACCGTT,1.81E-04
CACCTAA,1.01E-06
CACCTAC,1.61E-06
CACCTAG,1.38E-06
CACCTAT,2.26E-05
CACCTCA,4.66E-05
CACCTCC,1.09E-04
CACCTCG,9.52E-05
CACCTCT,7.76E-04
CACCTGA,8.14E-03
CACCTGC,1.20E-02
CACCTGG,6.64E-03
CACCTGT,1.72E-01
CACCTTA,3.40E-05
CACCTTC,3.13E-05
CACCTTG,4.09E-05
CACCTTT,6.76E-04
CACGAAA,4.60E-04
CACGAAC,6.54E-04
CACGAAG,1.13E-03
CACGAAT,8.16E-03
CACGACA,4.41E-02
CACGACC,9.20E-02
CACGACG,1.62E-01
CACGACT,5.83E-01
CACGAGA,2.38E+00
CACGAGC,3.13E+00
CACGAGG,3.48E+00
CACGAGT,4.00E+01
CACGATA,8.38E-03
CACGATC,6.87E-03
CACGATG,1.81E-02
CACGATT,1.32E-01
CACGCAA,4.97E-05
CACGCAC,1.38E-04
CACGCAG,1.76E-04
CACGCAT,1.27E-03
CACGCCA,6.75E-03
CACGCCC,2.76E-02
CACGCCG,3.58E-02
CACGCCT,1.29E-01
CACGCGA,4.37E-01
CACGCGC,1.13E+00
CACGCGG,9.24E-01
CACGCGT,1.06E+01
CACGCTA,1.36E-03
CACGCTC,2.18E-03
CACGCTG,4.24E-03
CACGCTT,3.10E-02
CACGGAA,6.41E-06
CACGGAC,1.79E-05
CACGGAG,1.01E-05
CACGGAT,1.50E-04
CACGGCA,4.07E-04
CACGGCC,1.67E-03
CACGGCG,9.58E-04
CACGGCT,7.12E-03
CACGGGA,6.31E-02
CACGGGC,1.63E-01
CACGGGG,5.93E-02
CACGGGT,1.40E+00
CACGGTA,6.95E-05
CACGGTC,1.12E-04
CACGGTG,9.62E-05
CACGGTT,1.45E-03
CACGTAA,9.51E-06
CACGTAC,2.34E-05
CACGTAG,2.70E-05
CACGTAT,2.01E-04
CACGTCA,6.85E-04
CACGTCC,2.48E-03
CACGTCG,2.91E-03
CACGTCT,1.08E-02
CACGTGA,4.36E-02
CACGTGC,9.95E-02
CACGTGG,7.40E-02
CACGTGT,8.73E-01
CACGTTA,1.56E-04
CACGTTC,2.21E-04
CACGTTG,3.89E-04
CACGTTT,2.92E-03
CACTAAA,1.08E-06
CACTAAC,5.73E-07
CACTAAG,1.83E-06
CACTAAT,2.97E-05
CACTACA,5.60E-06
CACTACC,4.35E-06
CACTACG,1.42E-05
CACTACT,1.15E-04
CACTAGA,3.32E-03
CACTAGC,1.63E-03
CACTAGG,3.36E-03
CACTAGT,8.63E-02
CACTATA,1.34E-05
CACTATC,4.09E-06
CACTATG,2.00E-05
CACTATT,3.27E-04
CACTCAA,2.17E-07
CACTCAC,2.25E-07
CACTCAG,5.30E-07
CACTCAT,8.61E-06
CACTCCA,1.59E-06
CACTCCC,2.42E-06
CACTCCG,5.82E-06
CACTCCT,4.71E-05
CACTCGA,1.13E-03
CACTCGC,1.08E-03
CACTCGG,1.65E-03
CACTCGT,4.25E-02
CACTCTA,4.03E-06
CACTCTC,2.41E-06
CACTCTG,8.67E-06
CACTCTT,1.42E-04
CACTGAA,6.76E-08
CACTGAC,7.03E-08
CACTGAG,7.34E-08
CACTGAT,2.45E-06
CACTGCA,2.31E-07
CACTGCC,3.54E-07
CACTGCG,3.76E-07
CACTGCT,6.27E-06
CACTGGA,3.95E-04
CACTGGC,3.80E-04
CACTGGG,2.56E-04
CACTGGT,1.36E-02
CACTGTA,4.97E-07
CACTGTC,2.98E-07
CACTGTG,4.75E-07
CACTGTT,1.60E-05
CACTTAA,1.92E-07
CACTTAC,1.76E-07
CACTTAG,3.76E-07
CACTTAT,6.27E-06
CACTTCA,7.47E-07
CACTTCC,1.01E-06
CACTTCG,2.19E-06
CACTTCT,1.82E-05
CACTTGA,5.23E-04
CACTTGC,4.43E-04
CACTTGG,6.11E-04
CACTTGT,1.62E-02
CACTTTA,2.13E-06
CACTTTC,1.13E-06
CACTTTG,3.68E-06
CACTTTT,6.20E-05
CAGAAAA,2.45E+01
CAGAAAC,1.44E+01
CAGAAAG,5.12E+01
CAGAAAT,2.76E+01
CAGAACA,2.99E+01
CAGAACC,2.57E+01
CAGAACG,9.33E+01
CAGAACT,2.51E+01
CAGAAGA,1.11E+02
CAGAAGC,6.00E+01
CAGAAGG,1.38E+02
CAGAAGT,1.18E+02
CAGAATA,2.38E+01
CAGAATC,8.06E+00
CAGAATG,4.38E+01
CAGAATT,2.39E+01
CAGACAA,8.66E+00
CAGACAC,9.93E+00
CAGACAG,2.61E+01
CAGACAT,1.41E+01
CAGACCA,1.49E+01
CAGACCC,2.52E+01
CAGACCG,6.74E+01
CAGACCT,1.82E+01
CAGACGA,6.64E+01
CAGACGC,7.05E+01
CAGACGG,1.19E+02
CAGACGT,1.02E+02
CAGACTA,1.26E+01
CAGACTC,8.36E+00
CAGACTG,3.35E+01
CAGACTT,1.83E+01
CAGAGAA,6.52E+00
CAGAGAC,7.51E+00
CAGAGAG,8.72E+00
CAGAGAT,9.70E+00
CAGAGCA,5.27E+00
CAGAGCC,8.91E+00
CAGAGCG,1.05E+01
CAGAGCT,5.85E+00
CAGAGGA,5.60E+01
CAGAGGC,5.98E+01
CAGAGGG,4.47E+01
CAGAGGT,7.89E+01
CAGAGTA,3.77E+00
CAGAGTC,2.51E+00
CAGAGTG,4.44E+00
CAGAGTT,4.99E+00
CAGATAA,1.12E+01
CAGATAC,1.13E+01
CAGATAG,2.69E+01
CAGATAT,1.49E+01
CAGATCA,1.02E+01
CAGATCC,1.52E+01
CAGATCG,3.69E+01
CAGATCT,1.02E+01
CAGATGA,4.47E+01
CAGATGC,4.20E+01
CAGATGG,6.43E+01
CAGATGT,5.67E+01
CAGATTA,9.74E+00
CAGATTC,5.70E+00
CAGATTG,2.07E+01
CAGATTT,1.16E+01
CAGCAAA,3.45E-01
CAGCAAC,3.15E-01
CAGCAAG,5.01E-01
CAGCAAT,1.06E+00
CAGCACA,2.96E-01
CAGCACC,3.97E-01
CAGCACG,6.43E-01
CAGCACT,6.76E-01
CAGCAGA,1.08E+01
CAGCAGC,9.09E+00
CAGCAGG,9.33E+00
CAGCAGT,3.12E+01
CAGCATA,5.08E-01
CAGCATC,2.67E-01
CAGCATG,6.49E-01
CAGCATT,1.38E+00
CAGCCAA,2.53E-02
CAGCCAC,4.52E-02
CAGCCAG,5.30E-02
CAGCCAT,1.12E-01
CAGCCCA,3.07E-02
CAGCCCC,8.07E-02
CAGCCCG,9.65E-02
CAGCCCT,1.02E-01
CAGCCGA,1.34E+00
CAGCCGC,2.22E+00
CAGCCGG,1.68E+00
CAGCCGT,5.63E+00
CAGCCTA,5.59E-02
CAGCCTC,5.77E-02
CAGCCTG,1.03E-01
CAGCCTT,2.20E-01
CAGCGAA,5.14E-02
CAGCGAC,9.23E-02
CAGCGAG,4.78E-02
CAGCGAT,2.08E-01
CAGCGCA,2.92E-02
CAGCGCC,7.70E-02
CAGCGCG,4.07E-02
CAGCGCT,8.82E-02
CAGCGGA,3.06E+00
CAGCGGC,5.08E+00
CAGCGGG,1.70E+00
CAGCGGT,1.17E+01
CAGCGTA,4.51E-02
CAGCGTC,4.66E-02
CAGCGTG,3.69E-02
CAGCGTT,1.62E-01
CAGCTAA,7.62E-02
CAGCTAC,1.20E-01
CAGCTAG,1.28E-01
CAGCTAT,2.77E-01
CAGCTCA,4.92E-02
CAGCTCC,1.14E-01
CAGCTCG,1.24E-01
CAGCTCT,1.34E-01
CAGCTGA,2.11E+00
CAGCTGC,3.09E+00
CAGCTGG,2.12E+00
CAGCTGT,7.29E+00
CAGCTTA,1.01E-01
CAGCTTC,9.19E-02
CAGCTTG,1.49E-01
CAGCTTT,3.27E-01
CAGGAAA,2.13E+00
CAGGAAC,3.00E+00
CAGGAAG,6.41E+00
CAGGAAT,6.15E+00
CAGGACA,2.85E+00
CAGGACC,5.90E+00
CAGGACG,1.29E+01
CAGGACT,6.16E+00
CAGGAGA,3.78E+01
CAGGAGC,4.94E+01
CAGGAGG,6.82E+01
CAGGAGT,1.04E+02
CAGGATA,1.52E+00
CAGGATC,1.24E+00
CAGGATG,4.04E+00
CAGGATT,3.92E+00
CAGGCAA,4.51E-01
CAGGCAC,1.24E+00
CAGGCAG,1.96E+00
CAGGCAT,1.88E+00
CAGGCCA,8.57E-01
CAGGCCC,3.47E+00
CAGGCCG,5.59E+00
CAGGCCT,2.68E+00
CAGGCGA,1.36E+01
CAGGCGC,3.48E+01
CAGGCGG,3.55E+01
CAGGCGT,5.41E+01
CAGGCTA,4.85E-01
CAGGCTC,7.71E-01
CAGGCTG,1.86E+00
CAGGCTT,1.80E+00
CAGGGAA,1.96E-01
CAGGGAC,5.42E-01
CAGGGAG,3.78E-01
CAGGGAT,7.48E-01
CAGGGCA,1.74E-01
CAGGGCC,7.08E-01
CAGGGCG,5.04E-01
CAGGGCT,4.97E-01
CAGGGGA,6.64E+00
CAGGGGC,1.70E+01
CAGGGGG,7.66E+00
CAGGGGT,2.40E+01
CAGGGTA,8.34E-02
CAGGGTC,1.33E-01
CAGGGTG,1.42E-01
CAGGGTT,2.84E-01
CAGGTAA,1.57E-01
CAGGTAC,3.82E-01
CAGGTAG,5.46E-01
CAGGTAT,5.39E-01
CAGGTCA,1.58E-01
CAGGTCC,5.67E-01
CAGGTCG,8.26E-01
CAGGTCT,4.06E-01
CAGGTGA,2.48E+00
CAGGTGC,5.60E+00
CAGGTGG,5.16E+00
CAGGTGT,8.08E+00
CAGGTTA,1.01E-01
CAGGTTC,1.42E-01
CAGGTTG,3.10E-01
CAGGTTT,3.09E-01
CAGTAAA,3.69E-01
CAGTAAC,1.94E-01
CAGTAAG,7.68E-01
CAGTAAT,1.65E+00
CAGTACA,2.67E-02
CAGTACC,2.06E-02
CAGTACG,8.33E-02
CAGTACT,8.93E-02
CAGTAGA,3.89E+00
CAGTAGC,1.89E+00
CAGTAGG,4.84E+00
CAGTAGT,1.65E+01
CAGTATA,1.79E-01
CAGTATC,5.43E-02
CAGTATG,3.29E-01
CAGTATT,7.14E-01
CAGTCAA,1.45E-01
CAGTCAC,1.49E-01
CAGTCAG,4.36E-01
CAGTCAT,9.38E-01
CAGTCCA,1.49E-02
CAGTCCC,2.24E-02
CAGTCCG,6.70E-02
CAGTCCT,7.19E-02
CAGTCGA,2.60E+00
CAGTCGC,2.47E+00
CAGTCGG,4.67E+00
CAGTCGT,1.60E+01
CAGTCTA,1.06E-01
CAGTCTC,6.27E-02
CAGTCTG,2.80E-01
CAGTCTT,6.10E-01
CAGTGAA,1.52E-01
CAGTGAC,1.57E-01
CAGTGAG,2.03E-01
CAGTGAT,8.99E-01
CAGTGCA,7.30E-03
CAGTGCC,1.11E-02
CAGTGCG,1.46E-02
CAGTGCT,3.22E-02
CAGTGGA,3.06E+00
CAGTGGC,2.92E+00
CAGTGGG,2.44E+00
CAGTGGT,1.71E+01
CAGTGTA,4.40E-02
CAGTGTC,2.62E-02
CAGTGTG,5.17E-02
CAGTGTT,2.32E-01
CAGTTAA,2.33E-01
CAGTTAC,2.12E-01
CAGTTAG,5.62E-01
CAGTTAT,1.24E+00
CAGTTCA,1.27E-02
CAGTTCC,1.70E-02
CAGTTCG,4.58E-02
CAGTTCT,5.05E-02
CAGTTGA,2.19E+00
CAGTTGC,1.84E+00
CAGTTGG,3.15E+00
CAGTTGT,1.10E+01
CAGTTTA,1.02E-01
CAGTTTC,5.34E-02
CAGTTTG,2.16E-01
CAGTTTT,4.83E-01
CATAAAA,3.82E-02
CATAAAC,4.22E-02
CATAAAG,1.27E-01
CATAAAT,2.67E-01
CATAACA,4.99E-01
CATAACC,8.09E-01
CATAACG,2.47E+00
CATAACT,2.61E+00
CATAAGA,3.04E+00
CATAAGC,3.11E+00
CATAAGG,6.02E+00
CATAAGT,2.02E+01
CATAATA,2.11E-02
CATAATC,1.34E-02
CATAATG,6.15E-02
CATAATT,1.31E-01
CATACAA,3.91E-03
CATACAC,8.44E-03
CATACAG,1.87E-02
CATACAT,3.95E-02
CATACCA,7.23E-02
CATACCC,2.29E-01
CATACCG,5.17E-01
CATACCT,5.46E-01
CATACGA,5.29E-01
CATACGC,1.06E+00
CATACGG,1.51E+00
CATACGT,5.07E+00
CATACTA,3.24E-03
CATACTC,4.04E-03
CATACTG,1.36E-02
CATACTT,2.92E-02
CATAGAA,1.47E-03
CATAGAC,3.19E-03
CATAGAG,3.12E-03
CATAGAT,1.36E-02
CATAGCA,1.27E-02
CATAGCC,4.06E-02
CATAGCG,4.04E-02
CATAGCT,8.78E-02
CATAGGA,2.23E-01
CATAGGC,4.48E-01
CATAGGG,2.83E-01
CATAGGT,1.95E+00
CATAGTA,4.83E-04
CATAGTC,6.05E-04
CATAGTG,9.02E-04
CATAGTT,3.98E-03
CATATAA,5.97E-03
CATATAC,1.14E-02
CATATAG,2.29E-02
CATATAT,4.97E-02
CATATCA,5.86E-02
CATATCC,1.65E-01
CATATCG,3.36E-01
CATATCT,3.65E-01
CATATGA,4.22E-01
CATATGC,7.48E-01
CATATGG,9.66E-01
CATATGT,3.33E+00
CATATTA,2.96E-03
CATATTC,3.27E-03
CATATTG,9.99E-03
CATATTT,2.20E-02
CATCAAA,2.59E-05
CATCAAC,4.45E-05
CATCAAG,5.96E-05
CATCAAT,4.93E-04
CATCACA,2.38E-04
CATCACC,6.01E-04
CATCACG,8.21E-04
CATCACT,3.38E-03
CATCAGA,1.43E-02
CATCAGC,2.27E-02
CATCAGG,1.96E-02
CATCAGT,2.57E-01
CATCATA,2.16E-05
CATCATC,2.15E-05
CATCATG,4.39E-05
CATCATT,3.67E-04
CATCCAA,5.50E-07
CATCCAC,1.85E-06
CATCCAG,1.83E-06
CATCCAT,1.51E-05
CATCCCA,7.16E-06
CATCCCC,3.54E-05
CATCCCG,3.57E-05
CATCCCT,1.47E-04
CATCCGA,5.15E-04
CATCCGC,1.61E-03
CATCCGG,1.02E-03
CATCCGT,1.34E-02
CATCCTA,6.90E-07
CATCCTC,1.34E-06
CATCCTG,2.02E-06
CATCCTT,1.69E-05
CATCGAA,5.58E-07
CATCGAC,1.89E-06
CATCGAG,8.24E-07
CATCGAT,1.40E-05
CATCGCA,3.40E-06
CATCGCC,1.69E-05
CATCGCG,7.52E-06
CATCGCT,6.38E-05
CATCGGA,5.86E-04
CATCGGC,1.83E-03
CATCGGG,5.17E-04
CATCGGT,1.40E-02
CATCGTA,2.78E-07
CATCGTC,5.42E-07
CATCGTG,3.61E-07
CATCGTT,6.22E-06
CATCTAA,1.96E-06
CATCTAC,5.85E-06
CATCTAG,5.23E-06
CATCTAT,4.45E-05
CATCTCA,1.36E-05
CATCTCC,5.94E-05
CATCTCG,5.42E-05
CATCTCT,2.30E-04
CATCTGA,9.61E-04
CATCTGC,2.65E-03
CATCTGG,1.53E-03
CATCTGT,2.06E-02
CATCTTA,1.48E-06
CATCTTC,2.54E-06
CATCTTG,3.46E-06
CATCTTT,2.98E-05
CATGAAA,2.69E-03
CATGAAC,7.14E-03
CATGAAG,1.29E-02
CATGAAT,4.84E-02
CATGACA,3.86E-02
CATGACC,1.51E-01
CATGACG,2.77E-01
CATGACT,5.19E-01
CATGAGA,8.45E-01
CATGAGC,2.08E+00
CATGAGG,2.42E+00
CATGAGT,1.44E+01
CATGATA,1.09E-03
CATGATC,1.68E-03
CATGATG,4.61E-03
CATGATT,1.75E-02
CATGCAA,1.65E-04
CATGCAC,8.58E-04
CATGCAG,1.14E-03
CATGCAT,4.29E-03
CATGCCA,3.36E-03
CATGCCC,2.57E-02
CATGCCG,3.48E-02
CATGCCT,6.54E-02
CATGCGA,8.82E-02
CATGCGC,4.25E-01
CATGCGG,3.64E-01
CATGCGT,2.18E+00
CATGCTA,1.01E-04
CATGCTC,3.02E-04
CATGCTG,6.14E-04
CATGCTT,2.34E-03
CATGGAA,3.58E-05
CATGGAC,1.87E-04
CATGGAG,1.10E-04
CATGGAT,8.51E-04
CATGGCA,3.41E-04
CATGGCC,2.62E-03
CATGGCG,1.57E-03
CATGGCT,6.06E-03
CATGGGA,2.14E-02
CATGGGC,1.04E-01
CATGGGG,3.93E-02
CATGGGT,4.83E-01
CATGGTA,8.66E-06
CATGGTC,2.61E-05
CATGGTG,2.34E-05
CATGGTT,1.83E-04
CATGTAA,6.80E-05
CATGTAC,3.13E-04
CATGTAG,3.77E-04
CATGTAT,1.46E-03
CATGTCA,7.36E-04
CATGTCC,4.98E-03
CATGTCG,6.11E-03
CATGTCT,1.18E-02
CATGTGA,1.90E-02
CATGTGC,8.09E-02
CATGTGG,6.29E-02
CATGTGT,3.86E-01
CATGTTA,2.49E-05
CATGTTC,6.60E-05
CATGTTG,1.21E-04
CATGTTT,4.74E-04
CATTAAA,2.25E-06
CATTAAC,2.23E-06
CATTAAG,7.45E-06
CATTAAT,6.28E-05
CATTACA,1.75E-06
CATTACC,2.54E-06
CATTACG,8.66E-06
CATTACT,3.64E-05
CATTAGA,4.20E-04
CATTAGC,3.84E-04
CATTAGG,8.30E-04
CATTAGT,1.11E-02
CATTATA,6.23E-07
CATTATC,3.55E-07
CATTATG,1.81E-06
CATTATT,1.54E-05
CATTCAA,2.57E-07
CATTCAC,4.96E-07
CATTCAG,1.22E-06
CATTCAT,1.03E-05
CATTCCA,2.82E-07
CATTCCC,8.02E-07
CATTCCG,2.02E-06
CATTCCT,8.49E-06
CATTCGA,8.13E-05
CATTCGC,1.46E-04
CATTCGG,2.32E-04
CATTCGT,3.10E-03
CATTCTA,1.06E-07
CATTCTC,1.19E-07
CATTCTG,4.47E-07
CATTCTT,3.81E-06
CATTGAA,1.34E-07
CATTGAC,2.61E-07
CATTGAG,2.85E-07
CATTGAT,4.95E-06
CATTGCA,6.91E-08
CATTGCC,1.97E-07
CATTGCG,2.20E-07
CATTGCT,1.90E-06
CATTGGA,4.77E-05
CATTGGC,8.59E-05
CATTGGG,6.05E-05
CATTGGT,1.67E-03
CATTGTA,2.21E-08
CATTGTC,2.48E-08
CATTGTG,4.12E-08
CATTGTT,7.24E-07
CATTTAA,4.90E-07
CATTTAC,8.38E-07
CATTTAG,1.87E-06
CATTTAT,1.62E-05
CATTTCA,2.86E-07
CATTTCC,7.19E-07
CATTTCG,1.64E-06
CATTTCT,7.08E-06
CATTTGA,8.11E-05
CATTTGC,1.29E-04
CATTTGG,1.85E-04
CATTTGT,2.55E-03
CATTTTA,1.22E-07
CATTTTC,1.20E-07
CATTTTG,4.09E-07
CATTTTT,3.58E-06
CCAAAAA,1.90E-02
CCAAAAC,1.39E-02
CCAAAAG,2.83E-02
CCAAAAT,1.83E-01
CCAAACA,1.99E-02
CCAAACC,2.14E-02
CCAAACG,4.44E-02
CCAAACT,1.43E-01
CCAAAGA,3.79E+00
CCAAAGC,2.58E+00
CCAAAGG,3.38E+00
CCAAAGT,3.46E+01
CCAAATA,1.08E-02
CCAAATC,4.57E-03
CCAAATG,1.42E-02
CCAAATT,9.26E-02
CCAACAA,2.07E-03
CCAACAC,2.97E-03
CCAACAG,4.45E-03
CCAACAT,2.88E-02
CCAACCA,3.06E-03
CCAACCC,6.47E-03
CCAACCG,9.89E-03
CCAACCT,3.19E-02
CCAACGA,7.02E-01
CCAACGC,9.35E-01
CCAACGG,9.04E-01
CCAACGT,9.28E+00
CCAACTA,1.77E-03
CCAACTC,1.46E-03
CCAACTG,3.35E-03
CCAACTT,2.19E-02
CCAAGAA,5.85E-04
CCAAGAC,8.46E-04
CCAAGAG,5.60E-04
CCAAGAT,7.46E-03
CCAAGCA,4.06E-04
CCAAGCC,8.62E-04
CCAAGCG,5.82E-04
CCAAGCT,3.87E-03
CCAAGGA,2.23E-01
CCAAGGC,2.98E-01
CCAAGGG,1.28E-01
CCAAGGT,2.69E+00
CCAAGTA,1.98E-04
CCAAGTC,1.65E-04
CCAAGTG,1.67E-04
CCAAGTT,2.25E-03
CCAATAA,1.84E-03
CCAATAC,2.34E-03
CCAATAG,3.17E-03
CCAATAT,2.11E-02
CCAATCA,1.45E-03
CCAATCC,2.70E-03
CCAATCG,3.74E-03
CCAATCT,1.24E-02
CCAATGA,3.26E-01
CCAATGC,3.84E-01
CCAATGG,3.36E-01
CCAATGT,3.55E+00
CCAATTA,9.39E-04
CCAATTC,6.89E-04
CCAATTG,1.43E-03
CCAATTT,9.59E-03
CCACAAA,2.26E-06
CCACAAC,2.58E-06
CCACAAG,2.35E-06
CCACAAT,5.92E-05
CCACACA,1.66E-06
CCACACC,2.80E-06
CCACACG,2.59E-06
CCACACT,3.26E-05
CCACAGA,3.12E-03
CCACAGC,3.31E-03
CCACAGG,1.94E-03
CCACAGT,7.76E-02
CCACATA,1.95E-06
CCACATC,1.28E-06
CCACATG,1.78E-06
CCACATT,4.54E-05
CCACCAA,5.11E-08
CCACCAC,1.14E-07
CCACCAG,7.66E-08
CCACCAT,1.94E-06
CCACCCA,5.33E-08
CCACCCC,1.76E-07
CCACCCG,1.20E-07
CCACCCT,1.51E-06
CCACCGA,1.20E-04
CCACCGC,2.49E-04
CCACCGG,1.08E-04
CCACCGT,4.32E-03
CCACCTA,6.62E-08
CCACCTC,8.55E-08
CCACCTG,8.74E-08
CCACCTT,2.23E-06
CCACGAA,3.90E-08
CCACGAC,8.79E-08
CCACGAG,2.60E-08
CCACGAT,1.35E-06
CCACGCA,1.91E-08
CCACGCC,6.31E-08
CCACGCG,1.90E-08
CCACGCT,4.94E-07
CCACGGA,1.03E-04
CCACGGC,2.15E-04
CCACGGG,4.10E-05
CCACGGT,3.38E-03
CCACGTA,2.01E-08
CCACGTC,2.60E-08
CCACGTG,1.18E-08
CCACGTT,6.18E-07
CCACTAA,1.06E-07
CCACTAC,2.10E-07
CCACTAG,1.27E-07
CCACTAT,3.31E-06
CCACTCA,5.88E-08
CCACTCC,1.71E-07
CCACTCG,1.06E-07
CCACTCT,1.37E-06
CCACTGA,1.30E-04
CCACTGC,2.39E-04
CCACTGG,9.36E-05
CCACTGT,3.86E-03
CCACTTA,8.22E-08
CCACTTC,9.40E-08
CCACTTG,8.70E-08
CCACTTT,2.28E-06
CCAGAAA,1.06E-03
CCAGAAC,1.88E-03
CCAGAAG,2.30E-03
CCAGAAT,2.64E-02
CCAGACA,1.23E-03
CCAGACC,3.19E-03
CCAGACG,3.97E-03
CCAGACT,2.27E-02
CCAGAGA,8.41E-01
CCAGAGC,1.37E+00
CCAGAGG,1.08E+00
CCAGAGT,1.97E+01
CCAGATA,4.47E-04
CCAGATC,4.55E-04
CCAGATG,8.50E-04
CCAGATT,9.86E-03
CCAGCAA,6.96E-05
CCAGCAC,2.41E-04
CCAGCAG,2.17E-04
CCAGCAT,2.50E-03
CCAGCCA,1.14E-04
CCAGCCC,5.78E-04
CCAGCCG,5.31E-04
CCAGCCT,3.05E-03
CCAGCGA,9.35E-02
CCAGCGC,2.99E-01
CCAGCGG,1.74E-01
CCAGCGT,3.18E+00
CCAGCTA,4.39E-05
CCAGCTC,8.75E-05
CCAGCTG,1.20E-04
CCAGCTT,1.40E-03
CCAGGAA,1.14E-05
CCAGGAC,3.95E-05
CCAGGAG,1.57E-05
CCAGGAT,3.73E-04
CCAGGCA,8.70E-06
CCAGGCC,4.44E-05
CCAGGCG,1.80E-05
CCAGGCT,2.13E-04
CCAGGGA,1.71E-02
CCAGGGC,5.51E-02
CCAGGGG,1.42E-02
CCAGGGT,5.32E-01
CCAGGTA,2.84E-06
CCAGGTC,5.69E-06
CCAGGTG,3.46E-06
CCAGGTT,8.29E-05
CCAGTAA,1.67E-05
CCAGTAC,5.11E-05
CCAGTAG,4.17E-05
CCAGTAT,4.92E-04
CCAGTCA,1.45E-05
CCAGTCC,6.51E-05
CCAGTCG,5.42E-05
CCAGTCT,3.19E-04
CCAGTGA,1.17E-02
CCAGTGC,3.32E-02
CCAGTGG,1.75E-02
CCAGTGT,3.27E-01
CCAGTTA,6.30E-06
CCAGTTC,1.11E-05
CCAGTTG,1.38E-05
CCAGTTT,1.65E-04
CCATAAA,8.89E-06
CCATAAC,5.85E-06
CCATAAG,1.33E-05
CCATAAT,3.41E-04
CCATACA,5.54E-07
CCATACC,5.35E-07
CCATACG,1.24E-06
CCATACT,1.59E-05
CCATAGA,4.16E-03
CCATAGC,2.54E-03
CCATAGG,3.71E-03
CCATAGT,1.51E-01
CCATATA,2.53E-06
CCATATC,9.61E-07
CCATATG,3.33E-06
CCATATT,8.65E-05
CCATCAA,1.08E-06
CCATCAC,1.39E-06
CCATCAG,2.32E-06
CCATCAT,5.98E-05
CCATCCA,9.51E-08
CCATCCC,1.80E-07
CCATCCG,3.07E-07
CCATCCT,3.94E-06
CCATCGA,8.59E-04
CCATCGC,1.02E-03
CCATCGG,1.10E-03
CCATCGT,4.52E-02
CCATCTA,4.61E-07
CCATCTC,3.43E-07
CCATCTG,8.74E-07
CCATCTT,2.28E-05
CCATGAA,4.26E-07
CCATGAC,5.50E-07
CCATGAG,4.07E-07
CCATGAT,2.16E-05
CCATGCA,1.76E-08
CCATGCC,3.34E-08
CCATGCG,2.51E-08
CCATGCT,6.65E-07
CCATGGA,3.80E-04
CCATGGC,4.55E-04
CCATGGG,2.17E-04
CCATGGT,1.83E-02
CCATGTA,7.22E-08
CCATGTC,5.38E-08
CCATGTG,6.07E-08
CCATGTT,3.26E-06
CCATTAA,1.20E-06
CCATTAC,1.36E-06
CCATTAG,2.06E-06
CCATTAT,5.46E-05
CCATTCA,5.61E-08
CCATTCC,9.38E-08
CCATTCG,1.45E-07
CCATTCT,1.91E-06
CCATTGA,4.98E-04
CCATTGC,5.25E-04
CCATTGG,5.13E-04
CCATTGT,2.15E-02
CCATTTA,3.06E-07
CCATTTC,2.01E-07
CCATTTG,4.65E-07
CCATTTT,1.24E-05
CCCAAAA,6.45E-04
CCCAAAC,2.85E-04
CCCAAAG,9.40E-04
CCCAAAT,7.34E-03
CCCAACA,4.36E-02
CCCAACC,2.83E-02
CCCAACG,9.51E-02
CCCAACT,3.70E-01
CCCAAGA,3.21E+00
CCCAAGC,1.31E+00
CCCAAGG,2.79E+00
CCCAAGT,3.46E+01
CCCAATA,1.21E-02
CCCAATC,3.08E-03
CCCAATG,1.55E-02
CCCAATT,1.22E-01
CCCACAA,9.97E-05
CCCACAC,8.63E-05
CCCACAG,2.10E-04
CCCACAT,1.64E-03
CCCACCA,9.56E-03
CCCACCC,1.21E-02
CCCACCG,3.01E-02
CCCACCT,1.17E-01
CCCACGA,8.45E-01
CCCACGC,6.76E-01
CCCACGG,1.06E+00
CCCACGT,1.32E+01
CCCACTA,2.81E-03
CCCACTC,1.40E-03
CCCACTG,5.20E-03
CCCACTT,4.11E-02
CCCAGAA,1.35E-05
CCCAGAC,1.18E-05
CCCAGAG,1.26E-05
CCCAGAT,2.03E-04
CCCAGCA,6.07E-04
CCCAGCC,7.75E-04
CCCAGCG,8.48E-04
CCCAGCT,6.81E-03
CCCAGGA,1.28E-01
CCCAGGC,1.03E-01
CCCAGGG,7.16E-02
CCCAGGT,1.83E+00
CCCAGTA,1.51E-04
CCCAGTC,7.57E-05
CCCAGTG,1.24E-04
CCCAGTT,2.02E-03
CCCATAA,5.23E-05
CCCATAC,4.00E-05
CCCATAG,8.80E-05
CCCATAT,7.07E-04
CCCATCA,2.66E-03
CCCATCC,2.99E-03
CCCATCG,6.71E-03
CCCATCT,2.69E-02
CCCATGA,2.31E-01
CCCATGC,1.64E-01
CCCATGG,2.33E-01
CCCATGT,2.96E+00
CCCATTA,8.81E-04
CCCATTC,3.89E-04
CCCATTG,1.31E-03
CCCATTT,1.06E-02
CCCCAAA,4.51E-07
CCCCAAC,3.10E-07
CCCCAAG,4.57E-07
CCCCAAT,1.39E-05
CCCCACA,2.15E-05
CCCCACC,2.17E-05
CCCCACG,3.26E-05
CCCCACT,4.95E-04
CCCCAGA,1.55E-02
CCCCAGC,9.90E-03
CCCCAGG,9.40E-03
CCCCAGT,4.55E-01
CCCCATA,1.28E-05
CCCCATC,5.08E-06
CCCCATG,1.14E-05
CCCCATT,3.52E-04
CCCCCAA,1.45E-08
CCCCCAC,1.95E-08
CCCCCAG,2.12E-08
CCCCCAT,6.48E-07
CCCCCCA,9.77E-07
CCCCCCC,1.93E-06
CCCCCCG,2.14E-06
CCCCCCT,3.26E-05
CCCCCGA,8.49E-04
CCCCCGC,1.06E-03
CCCCCGG,7.42E-04
CCCCCGT,3.60E-02
CCCCCTA,6.18E-07
CCCCCTC,4.80E-07
CCCCCTG,7.96E-07
CCCCCTT,2.46E-05
CCCCGAA,5.30E-09
CCCCGAC,7.17E-09
CCCCGAG,3.44E-09
CCCCGAT,2.17E-07
CCCCGCA,1.67E-07
CCCCGCC,3.33E-07
CCCCGCG,1.63E-07
CCCCGCT,5.10E-06
CCCCGGA,3.48E-04
CCCCGGC,4.36E-04
CCCCGGG,1.35E-04
CCCCGGT,1.35E-02
CCCCGTA,8.96E-08
CCCCGTC,7.00E-08
CCCCGTG,5.12E-08
CCCCGTT,3.26E-06
CCCCTAA,1.77E-08
CCCCTAC,2.11E-08
CCCCTAG,2.08E-08
CCCCTAT,6.52E-07
CCCCTCA,6.35E-07
CCCCTCC,1.11E-06
CCCCTCG,1.11E-06
CCCCTCT,1.75E-05
CCCCTGA,5.43E-04
CCCCTGC,5.99E-04
CCCCTGG,3.80E-04
CCCCTGT,1.89E-02
CCCCTTA,4.53E-07
CCCCTTC,3.11E-07
CCCCTTG,4.67E-07
CCCCTTT,1.48E-05
CCCGAAA,3.95E-05
CCCGAAC,4.20E-05
CCCGAAG,8.32E-05
CCCGAAT,1.15E-03
CCCGACA,2.94E-03
CCCGACC,4.59E-03
CCCGACG,9.28E-03
CCCGACT,6.42E-02
CCCGAGA,7.76E-01
CCCGAGC,7.64E-01
CCCGAGG,9.77E-01
CCCGAGT,2.15E+01
CCCGATA,5.46E-04
CCCGATC,3.35E-04
CCCGATG,1.01E-03
CCCGATT,1.42E-02
CCCGCAA,3.67E-06
CCCGCAC,7.63E-06
CCCGCAG,1.11E-05
CCCGCAT,1.55E-04
CCCGCCA,3.87E-04
CCCGCCC,1.18E-03
CCCGCCG,1.76E-03
CCCGCCT,1.22E-02
CCCGCGA,1.23E-01
CCCGCGC,2.36E-01
CCCGCGG,2.23E-01
CCCGCGT,4.91E+00
CCCGCTA,7.61E-05
CCCGCTC,9.13E-05
CCCGCTG,2.04E-04
CCCGCTT,2.86E-03
CCCGGAA,2.87E-07
CCCGGAC,5.99E-07
CCCGGAG,3.87E-07
CCCGGAT,1.11E-05
CCCGGCA,1.42E-05
CCCGGCC,4.35E-05
CCCGGCG,2.86E-05
CCCGGCT,4.09E-04
CCCGGGA,1.07E-02
CCCGGGC,2.08E-02
CCCGGGG,8.66E-03
CCCGGGT,3.93E-01
CCCGGTA,2.36E-06
CCCGGTC,2.84E-06
CCCGGTG,2.80E-06
CCCGGTT,8.11E-05
CCCGTAA,5.18E-07
CCCGTAC,9.54E-07
CCCGTAG,1.26E-06
CCCGTAT,1.80E-05
CCCGTCA,2.91E-05
CCCGTCC,7.86E-05
CCCGTCG,1.06E-04
CCCGTCT,7.55E-04
CCCGTGA,9.05E-03
CCCGTGC,1.54E-02
CCCGTGG,1.32E-02
CCCGTGT,2.98E-01
CCCGTTA,6.44E-06
CCCGTTC,6.84E-06
CCCGTTG,1.38E-05
CCCGTTT,1.99E-04
CCCTAAA,2.09E-08
CCCTAAC,8.28E-09
CCCTAAG,3.04E-08
CCCTAAT,9.46E-07
CCCTACA,8.41E-08
CCCTACC,4.89E-08
CCCTACG,1.83E-07
CCCTACT,2.84E-06
CCCTAGA,2.44E-04
CCCTAGC,8.93E-05
CCCTAGG,2.12E-04
CCCTAGT,1.05E-02
CCCTATA,1.96E-07
CCCTATC,4.48E-08
CCCTATG,2.51E-07
CCCTATT,7.90E-06
CCCTCAA,3.60E-09
CCCTCAC,2.79E-09
CCCTCAG,7.56E-09
CCCTCAT,2.36E-07
CCCTCCA,2.05E-08
CCCTCCC,2.33E-08
CCCTCCG,6.45E-08
CCCTCCT,1.00E-06
CCCTCGA,7.14E-05
CCCTCGC,5.12E-05
CCCTCGG,8.95E-05
CCCTCGT,4.43E-03
CCCTCTA,5.07E-08
CCCTCTC,2.27E-08
CCCTCTG,9.37E-08
CCCTCTT,2.95E-06
CCCTGAA,6.80E-10
CCCTGAC,5.29E-10
CCCTGAG,6.34E-10
CCCTGAT,4.07E-08
CCCTGCA,1.81E-09
CCCTGCC,2.07E-09
CCCTGCG,2.53E-09
CCCTGCT,8.10E-08
CCCTGGA,1.51E-05
CCCTGGC,1.09E-05
CCCTGGG,8.42E-06
CCCTGGT,8.57E-04
CCCTGTA,3.80E-09
CCCTGTC,1.70E-09
CCCTGTG,3.12E-09
CCCTGTT,2.02E-07
CCCTTAA,2.36E-09
CCCTTAC,1.61E-09
CCCTTAG,3.96E-09
CCCTTAT,1.27E-07
CCCTTCA,7.13E-09
CCCTTCC,7.18E-09
CCCTTCG,1.80E-08
CCCTTCT,2.87E-07
CCCTTGA,2.44E-05
CCCTTGC,1.55E-05
CCCTTGG,2.45E-05
CCCTTGT,1.24E-03
CCCTTTA,1.99E-08
CCCTTTC,7.85E-09
CCCTTTG,2.94E-08
CCCTTTT,9.52E-07
CCGAAAA,4.06E+00
CCGAAAC,1.78E+00
CCGAAAG,7.26E+00
CCGAAAT,7.53E+00
CCGAACA,3.84E+00
CCGAACC,2.47E+00
CCGAACG,1.03E+01
CCGAACT,5.32E+00
CCGAAGA,6.96E+01
CCGAAGC,2.82E+01
CCGAAGG,7.44E+01
CCGAAGT,1.22E+02
CCGAATA,2.99E+00
CCGAATC,7.56E-01
CCGAATG,4.71E+00
CCGAATT,4.94E+00
CCGACAA,1.23E+00
CCGACAC,1.06E+00
CCGACAG,3.18E+00
CCGACAT,3.30E+00
CCGACCA,1.65E+00
CCGACCC,2.08E+00
CCGACCG,6.40E+00
CCGACCT,3.31E+00
CCGACGA,3.59E+01
CCGACGC,2.85E+01
CCGACGG,5.54E+01
CCGACGT,9.13E+01
CCGACTA,1.36E+00
CCGACTC,6.74E-01
CCGACTG,3.10E+00
CCGACTT,3.25E+00
CCGAGAA,5.62E-01
CCGAGAC,4.85E-01
CCGAGAG,6.45E-01
CCGAGAT,1.38E+00
CCGAGCA,3.53E-01
CCGAGCC,4.47E-01
CCGAGCG,6.07E-01
CCGAGCT,6.47E-01
CCGAGGA,1.84E+01
CCGAGGC,1.47E+01
CCGAGGG,1.26E+01
CCGAGGT,4.27E+01
CCGAGTA,2.47E-01
CCGAGTC,1.23E-01
CCGAGTG,2.49E-01
CCGAGTT,5.39E-01
CCGATAA,1.17E+00
CCGATAC,8.90E-01
CCGATAG,2.43E+00
CCGATAT,2.59E+00
CCGATCA,8.36E-01
CCGATCC,9.32E-01
CCGATCG,2.59E+00
CCGATCT,1.38E+00
CCGATGA,1.79E+01
CCGATGC,1.25E+01
CCGATGG,2.21E+01
CCGATGT,3.74E+01
CCGATTA,7.77E-01
CCGATTC,3.40E-01
CCGATTG,1.42E+00
CCGATTT,1.53E+00
CCGCAAA,2.07E-02
CCGCAAC,1.41E-02
CCGCAAG,2.57E-02
CCGCAAT,1.04E-01
CCGCACA,1.38E-02
CCGCACC,1.38E-02
CCGCACG,2.57E-02
CCGCACT,5.19E-02
CCGCAGA,2.45E+00
CCGCAGC,1.55E+00
CCGCAGG,1.82E+00
CCGCAGT,1.17E+01
CCGCATA,2.31E-02
CCGCATC,9.08E-03
CCGCATG,2.53E-02
CCGCATT,1.04E-01
CCGCCAA,1.30E-03
CCGCCAC,1.74E-03
CCGCCAG,2.34E-03
CCGCCAT,9.50E-03
CCGCCCA,1.23E-03
CCGCCCC,2.42E-03
CCGCCCG,3.32E-03
CCGCCCT,6.71E-03
CCGCCGA,2.63E-01
CCGCCGC,3.25E-01
CCGCCGG,2.82E-01
CCGCCGT,1.82E+00
CCGCCTA,2.18E-03
CCGCCTC,1.68E-03
CCGCCTG,3.46E-03
CCGCCTT,1.42E-02
CCGCGAA,1.60E-03
CCGCGAC,2.15E-03
CCGCGAG,1.28E-03
CCGCGAT,1.07E-02
CCGCGCA,7.09E-04
CCGCGCC,1.40E-03
CCGCGCG,8.49E-04
CCGCGCT,3.53E-03
CCGCGGA,3.63E-01
CCGCGGC,4.51E-01
CCGCGGG,1.73E-01
CCGCGGT,2.29E+00
CCGCGTA,1.07E-03
CCGCGTC,8.26E-04
CCGCGTG,7.50E-04
CCGCGTT,6.33E-03
CCGCTAA,2.90E-03
CCGCTAC,3.43E-03
CCGCTAG,4.17E-03
CCGCTAT,1.74E-02
CCGCTCA,1.45E-03
CCGCTCC,2.53E-03
CCGCTCG,3.14E-03
CCGCTCT,6.52E-03
CCGCTGA,3.06E-01
CCGCTGC,3.34E-01
CCGCTGG,2.63E-01
CCGCTGT,1.74E+00
CCGCTTA,2.91E-03
CCGCTTC,1.98E-03
CCGCTTG,3.69E-03
CCGCTTT,1.55E-02
CCGGAAA,3.96E-01
CCGGAAC,4.17E-01
CCGGAAG,1.03E+00
CCGGAAT,1.89E+00
CCGGACA,4.13E-01
CCGGACC,6.40E-01
CCGGACG,1.60E+00
CCGGACT,1.47E+00
CCGGAGA,2.68E+01
CCGGAGC,2.62E+01
CCGGAGG,4.15E+01
CCGGAGT,1.21E+02
CCGGATA,2.15E-01
CCGGATC,1.31E-01
CCGGATG,4.91E-01
CCGGATT,9.14E-01
CCGGCAA,7.21E-02
CCGGCAC,1.49E-01
CCGGCAG,2.70E-01
CCGGCAT,4.97E-01
CCGGCCA,1.07E-01
CCGGCCC,3.23E-01
CCGGCCG,5.97E-01
CCGGCCT,5.50E-01
CCGGCGA,8.31E+00
CCGGCGC,1.59E+01
CCGGCGG,1.86E+01
CCGGCGT,5.43E+01
CCGGCTA,5.89E-02
CCGGCTC,7.01E-02
CCGGCTG,1.94E-01
CCGGCTT,3.61E-01
CCGGGAA,1.90E-02
CCGGGAC,3.93E-02
CCGGGAG,3.15E-02
CCGGGAT,1.20E-01
CCGGGCA,1.31E-02
CCGGGCC,4.00E-02
CCGGGCG,3.27E-02
CCGGGCT,6.19E-02
CCGGGGA,2.45E+00
CCGGGGC,4.70E+00
CCGGGGG,2.43E+00
CCGGGGT,1.46E+01
CCGGGTA,6.15E-03
CCGGGTC,7.34E-03
CCGGGTG,8.98E-03
CCGGGTT,3.45E-02
CCGGTAA,1.85E-02
CCGGTAC,3.38E-02
CCGGTAG,5.55E-02
CCGGTAT,1.05E-01
CCGGTCA,1.46E-02
CCGGTCC,3.90E-02
CCGGTCG,6.53E-02
CCGGTCT,6.17E-02
CCGGTGA,1.11E+00
CCGGTGC,1.88E+00
CCGGTGG,1.99E+00
CCGGTGT,6.00E+00
CCGGTTA,9.06E-03
CCGGTTC,9.54E-03
CCGGTTG,2.39E-02
CCGGTTT,4.57E-02
CCGTAAA,1.55E-02
CCGTAAC,6.07E-03
CCGTAAG,2.76E-02
CCGTAAT,1.14E-01
CCGTACA,8.71E-04
CCGTACC,5.02E-04
CCGTACG,2.33E-03
CCGTACT,4.80E-03
CCGTAGA,6.21E-01
CCGTAGC,2.26E-01
CCGTAGG,6.63E-01
CCGTAGT,4.34E+00
CCGTATA,5.71E-03
CCGTATC,1.29E-03
CCGTATG,8.98E-03
CCGTATT,3.75E-02
CCGTCAA,5.22E-03
CCGTCAC,4.01E-03
CCGTCAG,1.35E-02
CCGTCAT,5.57E-02
CCGTCCA,4.17E-04
CCGTCCC,4.70E-04
CCGTCCG,1.61E-03
CCGTCCT,3.32E-03
CCGTCGA,3.57E-01
CCGTCGC,2.54E-01
CCGTCGG,5.50E-01
CCGTCGT,3.61E+00
CCGTCTA,2.89E-03
CCGTCTC,1.28E-03
CCGTCTG,6.57E-03
CCGTCTT,2.75E-02
CCGTGAA,3.32E-03
CCGTGAC,2.56E-03
CCGTGAG,3.81E-03
CCGTGAT,3.24E-02
CCGTGCA,1.24E-04
CCGTGCC,1.41E-04
CCGTGCG,2.13E-04
CCGTGCT,9.04E-04
CCGTGGA,2.54E-01
CCGTGGC,1.82E-01
CCGTGGG,1.74E-01
CCGTGGT,2.35E+00
CCGTGTA,7.30E-04
CCGTGTC,3.25E-04
CCGTGTG,7.36E-04
CCGTGTT,6.34E-03
CCGTTAA,6.21E-03
CCGTTAC,4.22E-03
CCGTTAG,1.28E-02
CCGTTAT,5.45E-02
CCGTTCA,2.63E-04
CCGTTCC,2.63E-04
CCGTTCG,8.16E-04
CCGTTCT,1.73E-03
CCGTTGA,2.22E-01
CCGTTGC,1.39E-01
CCGTTGG,2.74E-01
CCGTTGT,1.84E+00
CCGTTTA,2.06E-03
CCGTTTC,8.08E-04
CCGTTTG,3.75E-03
CCGTTTT,1.61E-02
CCTAAAA,3.53E-03
CCTAAAC,2.91E-03
CCTAAAG,1.00E-02
CCTAAAT,4.07E-02
CCTAACA,3.58E-02
CCTAACC,4.35E-02
CCTAACG,1.53E-01
CCTAACT,3.09E-01
CCTAAGA,1.07E+00
CCTAAGC,8.17E-01
CCTAAGG,1.82E+00
CCTAAGT,1.17E+01
CCTAATA,1.48E-03
CCTAATC,7.04E-04
CCTAATG,3.70E-03
CCTAATT,1.52E-02
CCTACAA,3.10E-04
CCTACAC,5.01E-04
CCTACAG,1.27E-03
CCTACAT,5.18E-03
CCTACCA,4.46E-03
CCTACCC,1.06E-02
CCTACCG,2.74E-02
CCTACCT,5.57E-02
CCTACGA,1.60E-01
CCTACGC,2.39E-01
CCTACGG,3.92E-01
CCTACGT,2.53E+00
CCTACTA,1.95E-04
CCTACTC,1.82E-04
CCTACTG,7.05E-04
CCTACTT,2.90E-03
CCTAGAA,7.08E-05
CCTAGAC,1.15E-04
CCTAGAG,1.29E-04
CCTAGAT,1.08E-03
CCTAGCA,4.76E-04
CCTAGCC,1.14E-03
CCTAGCG,1.30E-03
CCTAGCT,5.43E-03
CCTAGGA,4.09E-02
CCTAGGC,6.14E-02
CCTAGGG,4.45E-02
CCTAGGT,5.91E-01
CCTAGTA,1.76E-05
CCTAGTC,1.65E-05
CCTAGTG,2.83E-05
CCTAGTT,2.40E-04
CCTATAA,3.50E-04
CCTATAC,5.01E-04
CCTATAG,1.15E-03
CCTATAT,4.81E-03
CCTATCA,2.68E-03
CCTATCC,5.63E-03
CCTATCG,1.32E-02
CCTATCT,2.75E-02
CCTATGA,9.43E-02
CCTATGC,1.25E-01
CCTATGG,1.85E-01
CCTATGT,1.23E+00
CCTATTA,1.32E-04
CCTATTC,1.09E-04
CCTATTG,3.82E-04
CCTATTT,1.61E-03
CCTCAAA,8.65E-07
CCTCAAC,1.11E-06
CCTCAAG,1.71E-06
CCTCAAT,2.72E-05
CCTCACA,6.18E-06
CCTCACC,1.17E-05
CCTCACG,1.83E-05
CCTCACT,1.45E-04
CCTCAGA,1.81E-03
CCTCAGC,2.16E-03
CCTCAGG,2.14E-03
CCTCAGT,5.39E-02
CCTCATA,5.49E-07
CCTCATC,4.07E-07
CCTCATG,9.57E-07
CCTCATT,1.53E-05
CCTCCAA,1.58E-08
CCTCCAC,3.98E-08
CCTCCAG,4.51E-08
CCTCCAT,7.17E-07
CCTCCCA,1.60E-07
CCTCCCC,5.92E-07
CCTCCCG,6.85E-07
CCTCCCT,5.43E-06
CCTCCGA,5.63E-05
CCTCCGC,1.31E-04
CCTCCGG,9.61E-05
CCTCCGT,2.42E-03
CCTCCTA,1.51E-08
CCTCCTC,2.19E-08
CCTCCTG,3.79E-08
CCTCCTT,6.08E-07
CCTCGAA,9.72E-09
CCTCGAC,2.46E-08
CCTCGAG,1.23E-08
CCTCGAT,4.03E-07
CCTCGCA,4.61E-08
CCTCGCC,1.71E-07
CCTCGCG,8.75E-08
CCTCGCT,1.43E-06
CCTCGGA,3.88E-05
CCTCGGC,9.09E-05
CCTCGGG,2.94E-05
CCTCGGT,1.53E-03
CCTCGTA,3.67E-09
CCTCGTC,5.36E-09
CCTCGTG,4.10E-09
CCTCGTT,1.36E-07
CCTCTAA,4.17E-08
CCTCTAC,9.29E-08
CCTCTAG,9.54E-08
CCTCTAT,1.56E-06
CCTCTCA,2.24E-07
CCTCTCC,7.34E-07
CCTCTCG,7.69E-07
CCTCTCT,6.26E-06
CCTCTGA,7.77E-05
CCTCTGC,1.60E-04
CCTCTGG,1.06E-04
CCTCTGT,2.75E-03
CCTCTTA,2.38E-08
CCTCTTC,3.06E-08
CCTCTTG,4.79E-08
CCTCTTT,7.91E-07
CCTGAAA,2.80E-04
CCTGAAC,5.55E-04
CCTGAAG,1.15E-03
CCTGAAT,8.30E-03
CCTGACA,3.13E-03
CCTGACC,9.13E-03
CCTGACG,1.93E-02
CCTGACT,6.93E-02
CCTGAGA,3.34E-01
CCTGAGC,6.15E-01
CCTGAGG,8.21E-01
CCTGAGT,9.40E+00
CCTGATA,8.63E-05
CCTGATC,9.89E-05
CCTGATG,3.13E-04
CCTGATT,2.28E-03
CCTGCAA,1.48E-05
CCTGCAC,5.74E-05
CCTGCAG,8.76E-05
CCTGCAT,6.33E-04
CCTGCCA,2.34E-04
CCTGCCC,1.34E-03
CCTGCCG,2.08E-03
CCTGCCT,7.50E-03
CCTGCGA,3.00E-02
CCTGCGC,1.08E-01
CCTGCGG,1.06E-01
CCTGCGT,1.22E+00
CCTGCTA,6.84E-06
CCTGCTC,1.53E-05
CCTGCTG,3.58E-05
CCTGCTT,2.61E-04
CCTGGAA,1.94E-06
CCTGGAC,7.57E-06
CCTGGAG,5.11E-06
CCTGGAT,7.61E-05
CCTGGCA,1.44E-05
CCTGGCC,8.25E-05
CCTGGCG,5.68E-05
CCTGGCT,4.22E-04
CCTGGGA,4.42E-03
CCTGGGC,1.60E-02
CCTGGGG,6.97E-03
CCTGGGT,1.64E-01
CCTGGTA,3.57E-07
CCTGGTC,8.03E-07
CCTGGTG,8.28E-07
CCTGGTT,1.25E-05
CCTGTAA,4.50E-06
CCTGTAC,1.55E-05
CCTGTAG,2.14E-05
CCTGTAT,1.59E-04
CCTGTCA,3.79E-05
CCTGTCC,1.91E-04
CCTGTCG,2.70E-04
CCTGTCT,9.99E-04
CCTGTGA,4.78E-03
CCTGTGC,1.52E-02
CCTGTGG,1.36E-02
CCTGTGT,1.60E-01
CCTGTTA,1.25E-06
CCTGTTC,2.48E-06
CCTGTTG,5.23E-06
CCTGTTT,3.92E-05
CCTTAAA,5.28E-08
CCTTAAC,3.90E-08
CCTTAAG,1.50E-07
CCTTAAT,2.42E-06
CCTTACA,3.19E-08
CCTTACC,3.46E-08
CCTTACG,1.36E-07
CCTTACT,1.09E-06
CCTTAGA,3.74E-05
CCTTAGC,2.56E-05
CCTTAGG,6.35E-05
CCTTAGT,1.63E-03
CCTTATA,1.11E-08
CCTTATC,4.72E-09
CCTTATG,2.77E-08
CCTTATT,4.52E-07
CCTTCAA,5.16E-09
CCTTCAC,7.47E-09
CCTTCAG,2.12E-08
CCTTCAT,3.43E-07
CCTTCCA,4.42E-09
CCTTCCC,9.39E-09
CCTTCCG,2.71E-08
CCTTCCT,2.19E-07
CCTTCGA,6.23E-06
CCTTCGC,8.34E-06
CCTTCGG,1.53E-05
CCTTCGT,3.92E-04
CCTTCTA,1.63E-09
CCTTCTC,1.36E-09
CCTTCTG,5.87E-09
CCTTCTT,9.61E-08
CCTTGAA,1.64E-09
CCTTGAC,2.38E-09
CCTTGAG,2.99E-09
CCTTGAT,9.96E-08
CCTTGCA,6.57E-10
CCTTGCC,1.40E-09
CCTTGCG,1.79E-09
CCTTGCT,2.98E-08
CCTTGGA,2.22E-06
CCTTGGC,2.98E-06
CCTTGGG,2.41E-06
CCTTGGT,1.28E-04
CCTTGTA,2.05E-10
CCTTGTC,1.72E-10
CCTTGTG,3.28E-10
CCTTGTT,1.11E-08
CCTTTAA,7.28E-09
CCTTTAC,9.33E-09
CCTTTAG,2.39E-08
CCTTTAT,3.98E-07
CCTTTCA,3.31E-09
CCTTTCC,6.23E-09
CCTTTCG,1.63E-08
CCTTTCT,1.35E-07
CCTTTGA,4.59E-06
CCTTTGC,5.44E-06
CCTTTGG,9.00E-06
CCTTTGT,2.38E-04
CCTTTTA,1.37E-09
CCTTTTC,1.01E-09
CCTTTTG,3.97E-09
CCTTTTT,6.68E-08
CGAAAAA,2.48E-02
CGAAAAC,2.76E-02
CGAAAAG,4.33E-02
CGAAAAT,2.54E-01
CGAAACA,3.00E-02
CGAAACC,4.91E-02
CGAAACG,7.86E-02
CGAAACT,2.30E-01
CGAAAGA,7.40E+00
CGAAAGC,7.64E+00
CGAAAGG,7.73E+00
CGAAAGT,7.20E+01
CGAAATA,3.35E-02
CGAAATC,2.15E-02
CGAAATG,5.16E-02
CGAAATT,3.06E-01
CGAACAA,1.52E-03
CGAACAC,3.32E-03
CGAACAG,3.84E-03
CGAACAT,2.26E-02
CGAACCA,2.61E-03
CGAACCC,8.38E-03
CGAACCG,9.88E-03
CGAACCT,2.90E-02
CGAACGA,7.74E-01
CGAACGC,1.56E+00
CGAACGG,1.17E+00
CGAACGT,1.09E+01
CGAACTA,3.09E-03
CGAACTC,3.89E-03
CGAACTG,6.87E-03
CGAACTT,4.08E-02
CGAAGAA,4.71E-04
CGAAGAC,1.03E-03
CGAAGAG,5.28E-04
CGAAGAT,6.39E-03
CGAAGCA,3.78E-04
CGAAGCC,1.22E-03
CGAAGCG,6.35E-04
CGAAGCT,3.83E-03
CGAAGGA,2.68E-01
CGAAGGC,5.44E-01
CGAAGGG,1.80E-01
CGAAGGT,3.45E+00
CGAAGTA,3.79E-04
CGAAGTC,4.79E-04
CGAAGTG,3.74E-04
CGAAGTT,4.58E-03
CGAATAA,2.02E-03
CGAATAC,3.89E-03
CGAATAG,4.08E-03
CGAATAT,2.46E-02
CGAATCA,1.84E-03
CGAATCC,5.22E-03
CGAATCG,5.57E-03
CGAATCT,1.68E-02
CGAATGA,5.36E-01
CGAATGC,9.57E-01
CGAATGG,6.47E-01
CGAATGT,6.20E+00
CGAATTA,2.45E-03
CGAATTC,2.73E-03
CGAATTG,4.36E-03
CGAATTT,2.67E-02
CGACAAA,1.68E-06
CGACAAC,2.91E-06
CGACAAG,2.04E-06
CGACAAT,4.68E-05
CGACACA,1.43E-06
CGACACC,3.65E-06
CGACACG,2.61E-06
CGACACT,2.98E-05
CGACAGA,3.47E-03
CGACAGC,5.58E-03
CGACAGG,2.52E-03
CGACAGT,9.19E-02
CGACATA,3.44E-06
CGACATC,3.44E-06
CGACATG,3.68E-06
CGACATT,8.55E-05
CGACCAA,2.14E-08
CGACCAC,7.28E-08
CGACCAG,3.76E-08
CGACCAT,8.65E-07
CGACCCA,2.59E-08
CGACCCC,1.29E-07
CGACCCG,6.82E-08
CGACCCT,7.81E-07
CGACCGA,7.54E-05
CGACCGC,2.37E-04
CGACCGG,7.92E-05
CGACCGT,2.89E-03
CGACCTA,6.59E-08
CGACCTC,1.29E-07
CGACCTG,1.02E-07
CGACCTT,2.37E-06
CGACGAA,1.79E-08
CGACGAC,6.10E-08
CGACGAG,1.40E-08
CGACGAT,6.60E-07
CGACGCA,1.01E-08
CGACGCC,5.07E-08
CGACGCG,1.18E-08
CGACGCT,2.79E-07
CGACGGA,7.05E-05
CGACGGC,2.23E-04
CGACGGG,3.29E-05
CGACGGT,2.47E-03
CGACGTA,2.18E-08
CGACGTC,4.30E-08
CGACGTG,1.50E-08
CGACGTT,7.17E-07
CGACTAA,6.63E-08
CGACTAC,2.00E-07
CGACTAG,9.34E-08
CGACTAT,2.20E-06
CGACTCA,4.26E-08
CGACTCC,1.88E-07
CGACTCG,8.98E-08
CGACTCT,1.06E-06
CGACTGA,1.22E-04
CGACTGC,3.40E-04
CGACTGG,1.03E-04
CGACTGT,3.84E-03
CGACTTA,1.22E-07
CGACTTC,2.12E-07
CGACTTG,1.51E-07
CGACTTT,3.61E-06
CGAGAAA,7.74E-04
CGAGAAC,2.08E-03
CGAGAAG,1.96E-03
CGAGAAT,2.04E-02
CGAGACA,1.03E-03
CGAGACC,4.07E-03
CGAGACG,3.91E-03
CGAGACT,2.04E-02
CGAGAGA,9.14E-01
CGAGAGC,2.27E+00
CGAGAGG,1.38E+00
CGAGAGT,2.29E+01
CGAGATA,7.72E-04
CGAGATC,1.19E-03
CGAGATG,1.72E-03
CGAGATT,1.81E-02
CGAGCAA,2.86E-05
CGAGCAC,1.50E-04
CGAGCAG,1.04E-04
CGAGCAT,1.09E-03
CGAGCCA,5.41E-05
CGAGCCC,4.17E-04
CGAGCCG,2.96E-04
CGAGCCT,1.54E-03
CGAGCGA,5.74E-02
CGAGCGC,2.79E-01
CGAGCGG,1.25E-01
CGAGCGT,2.08E+00
CGAGCTA,4.28E-05
CGAGCTC,1.29E-04
CGAGCTG,1.38E-04
CGAGCTT,1.45E-03
CGAGGAA,5.09E-06
CGAGGAC,2.68E-05
CGAGGAG,8.26E-06
CGAGGAT,1.78E-04
CGAGGCA,4.51E-06
CGAGGCC,3.49E-05
CGAGGCG,1.09E-05
CGAGGCT,1.17E-04
CGAGGGA,1.15E-02
CGAGGGC,5.59E-02
CGAGGGG,1.11E-02
CGAGGGT,3.79E-01
CGAGGTA,3.02E-06
CGAGGTC,9.19E-06
CGAGGTG,4.32E-06
CGAGGTT,9.39E-05
CGAGTAA,1.02E-05
CGAGTAC,4.74E-05
CGAGTAG,2.99E-05
CGAGTAT,3.21E-04
CGAGTCA,1.03E-05
CGAGTCC,7.00E-05
CGAGTCG,4.50E-05
CGAGTCT,2.41E-04
CGAGTGA,1.07E-02
CGAGTGC,4.61E-02
CGAGTGG,1.87E-02
CGAGTGT,3.19E-01
CGAGTTA,9.16E-06
CGAGTTC,2.45E-05
CGAGTTG,2.36E-05
CGAGTTT,2.56E-04
CGATAAA,5.82E-06
CGATAAC,5.81E-06
CGATAAG,1.02E-05
CGATAAT,2.38E-04
CGATACA,4.19E-07
CGATACC,6.15E-07
CGATACG,1.10E-06
CGATACT,1.28E-05
CGATAGA,4.07E-03
CGATAGC,3.76E-03
CGATAGG,4.25E-03
CGATAGT,1.58E-01
CGATATA,3.94E-06
CGATATC,2.27E-06
CGATATG,6.06E-06
CGATATT,1.43E-04
CGATCAA,3.98E-07
CGATCAC,7.78E-07
CGATCAG,1.00E-06
CGATCAT,2.35E-05
CGATCCA,4.07E-08
CGATCCC,1.17E-07
CGATCCG,1.53E-07
CGATCCT,1.79E-06
CGATCGA,4.74E-04
CGATCGC,8.57E-04
CGATCGG,7.14E-04
CGATCGT,2.65E-02
CGATCTA,4.05E-07
CGATCTC,4.56E-07
CGATCTG,8.98E-07
CGATCTT,2.13E-05
CGATGAA,1.72E-07
CGATGAC,3.37E-07
CGATGAG,1.92E-07
CGATGAT,9.26E-06
CGATGCA,8.20E-09
CGATGCC,2.36E-08
CGATGCG,1.37E-08
CGATGCT,3.30E-07
CGATGGA,2.29E-04
CGATGGC,4.16E-04
CGATGGG,1.53E-04
CGATGGT,1.17E-02
CGATGTA,6.91E-08
CGATGTC,7.82E-08
CGATGTG,6.81E-08
CGATGTT,3.32E-06
CGATTAA,6.59E-07
CGATTAC,1.14E-06
CGATTAG,1.33E-06
CGATTAT,3.20E-05
CGATTCA,3.57E-08
CGATTCC,9.07E-08
CGATTCG,1.08E-07
CGATTCT,1.30E-06
CGATTGA,4.10E-04
CGATTGC,6.56E-04
CGATTGG,4.94E-04
CGATTGT,1.89E-02
CGATTTA,4.01E-07
CGATTTC,4.00E-07
CGATTTG,7.13E-07
CGATTTT,1.73E-05
CGCAAAA,7.25E-04
CGCAAAC,4.86E-04
CGCAAAG,1.24E-03
CGCAAAT,8.78E-03
CGCAACA,5.67E-02
CGCAACC,5.59E-02
CGCAACG,1.45E-01
CGCAACT,5.13E-01
CGCAAGA,5.40E+00
CGCAAGC,3.35E+00
CGCAAGG,5.50E+00
CGCAAGT,6.19E+01
CGCAATA,3.23E-02
CGCAATC,1.25E-02
CGCAATG,4.85E-02
CGCAATT,3.48E-01
CGCACAA,6.33E-05
CGCACAC,8.30E-05
CGCACAG,1.56E-04
CGCACAT,1.11E-03
CGCACCA,7.02E-03
CGCACCC,1.35E-02
CGCACCG,2.59E-02
CGCACCT,9.18E-02
CGCACGA,8.01E-01
CGCACGC,9.73E-01
CGCACGG,1.18E+00
CGCACGT,1.33E+01
CGCACTA,4.23E-03
CGCACTC,3.20E-03
CGCACTG,9.17E-03
CGCACTT,6.60E-02
CGCAGAA,9.37E-06
CGCAGAC,1.24E-05
CGCAGAG,1.02E-05
CGCAGAT,1.50E-04
CGCAGCA,4.86E-04
CGCAGCC,9.42E-04
CGCAGCG,7.96E-04
CGCAGCT,5.81E-03
CGCAGGA,1.33E-01
CGCAGGC,1.62E-01
CGCAGGG,8.68E-02
CGCAGGT,2.02E+00
CGCAGTA,2.48E-04
CGCAGTC,1.89E-04
CGCAGTG,2.39E-04
CGCAGTT,3.54E-03
CGCATAA,4.94E-05
CGCATAC,5.74E-05
CGCATAG,9.75E-05
CGCATAT,7.12E-04
CGCATCA,2.91E-03
CGCATCC,4.97E-03
CGCATCG,8.60E-03
CGCATCT,3.13E-02
CGCATGA,3.27E-01
CGCATGC,3.51E-01
CGCATGG,3.85E-01
CGCATGT,4.46E+00
CGCATTA,1.98E-03
CGCATTC,1.33E-03
CGCATTG,3.44E-03
CGCATTT,2.54E-02
CGCCAAA,2.88E-07
CGCCAAC,3.01E-07
CGCCAAG,3.42E-07
CGCCAAT,9.50E-06
CGCCACA,1.59E-05
CGCCACC,2.44E-05
CGCCACG,2.83E-05
CGCCACT,3.91E-04
CGCCAGA,1.49E-02
CGCCAGC,1.44E-02
CGCCAGG,1.05E-02
CGCCAGT,4.64E-01
CGCCATA,1.95E-05
CGCCATC,1.17E-05
CGCCATG,2.03E-05
CGCCATT,5.71E-04
CGCCCAA,5.23E-09
CGCCCAC,1.07E-08
CGCCCAG,8.96E-09
CGCCCAT,2.49E-07
CGCCCCA,4.08E-07
CGCCCCC,1.23E-06
CGCCCCG,1.05E-06
CGCCCCT,1.45E-05
CGCCCGA,4.58E-04
CGCCCGC,8.67E-04
CGCCCGG,4.69E-04
CGCCCGT,2.07E-02
CGCCCTA,5.30E-07
CGCCCTC,6.25E-07
CGCCCTG,7.99E-07
CGCCCTT,2.25E-05
CGCCGAA,2.09E-09
CGCCGAC,4.29E-09
CGCCGAG,1.59E-09
CGCCGAT,9.09E-08
CGCCGCA,7.63E-08
CGCCGCC,2.30E-07
CGCCGCG,8.69E-08
CGCCGCT,2.48E-06
CGCCGGA,2.05E-04
CGCCGGC,3.90E-04
CGCCGGG,9.32E-05
CGCCGGT,8.46E-03
CGCCGTA,8.39E-08
CGCCGTC,9.94E-08
CGCCGTG,5.62E-08
CGCCGTT,3.25E-06
CGCCTAA,9.54E-09
CGCCTAC,1.73E-08
CGCCTAG,1.31E-08
CGCCTAT,3.74E-07
CGCCTCA,3.96E-07
CGCCTCC,1.05E-06
CGCCTCG,8.14E-07
CGCCTCT,1.16E-05
CGCCTGA,4.37E-04
CGCCTGC,7.32E-04
CGCCTGG,3.58E-04
CGCCTGT,1.62E-02
CGCCTTA,5.79E-07
CGCCTTC,6.05E-07
CGCCTTG,7.00E-07
CGCCTTT,2.02E-05
CGCGAAA,2.47E-05
CGCGAAC,3.99E-05
CGCGAAG,6.10E-05
CGCGAAT,7.70E-04
CGCGACA,2.13E-03
CGCGACC,5.05E-03
CGCGACG,7.87E-03
CGCGACT,4.95E-02
CGCGAGA,7.26E-01
CGCGAGC,1.08E+00
CGCGAGG,1.07E+00
CGCGAGT,2.14E+01
CGCGATA,8.12E-04
CGCGATC,7.55E-04
CGCGATG,1.76E-03
CGCGATT,2.25E-02
CGCGCAA,1.29E-06
CGCGCAC,4.09E-06
CGCGCAG,4.61E-06
CGCGCAT,5.83E-05
CGCGCCA,1.58E-04
CGCGCCC,7.34E-04
CGCGCCG,8.44E-04
CGCGCCT,5.32E-03
CGCGCGA,6.47E-02
CGCGCGC,1.89E-01
CGCGCGG,1.38E-01
CGCGCGT,2.76E+00
CGCGCTA,6.38E-05
CGCGCTC,1.16E-04
CGCGCTG,2.00E-04
CGCGCTT,2.56E-03
CGCGGAA,1.11E-07
CGCGGAC,3.50E-07
CGCGGAG,1.75E-07
CGCGGAT,4.55E-06
CGCGGCA,6.32E-06
CGCGGCC,2.94E-05
CGCGGCG,1.50E-05
CGCGGCT,1.94E-04
CGCGGGA,6.19E-03
CGCGGGC,1.82E-02
CGCGGGG,5.85E-03
CGCGGGT,2.41E-01
CGCGGTA,2.16E-06
CGCGGTC,3.95E-06
CGCGGTG,3.01E-06
CGCGGTT,7.91E-05
CGCGTAA,2.73E-07
CGCGTAC,7.63E-07
CGCGTAG,7.79E-07
CGCGTAT,1.01E-05
CGCGTCA,1.77E-05
CGCGTCC,7.27E-05
CGCGTCG,7.57E-05
CGCGTCT,4.90E-04
CGCGTGA,7.13E-03
CGCGTGC,1.84E-02
CGCGTGG,1.21E-02
CGCGTGT,2.50E-01
CGCGTTA,8.06E-06
CGCGTTC,1.30E-05
CGCGTTG,2.02E-05
CGCGTTT,2.66E-04
CGCTAAA,1.18E-08
CGCTAAC,7.08E-09
CGCTAAG,2.01E-08
CGCTAAT,5.68E-07
CGCTACA,5.48E-08
CGCTACC,4.84E-08
CGCTACG,1.40E-07
CGCTACT,1.97E-06
CGCTAGA,2.05E-04
CGCTAGC,1.14E-04
CGCTAGG,2.09E-04
CGCTAGT,9.38E-03
CGCTATA,2.63E-07
CGCTATC,9.10E-08
CGCTATG,3.94E-07
CGCTATT,1.13E-05
CGCTCAA,1.14E-09
CGCTCAC,1.34E-09
CGCTCAG,2.81E-09
CGCTCAT,7.97E-08
CGCTCCA,7.55E-09
CGCTCCC,1.30E-08
CGCTCCG,2.78E-08
CGCTCCT,3.93E-07
CGCTCGA,3.39E-05
CGCTCGC,3.69E-05
CGCTCGG,4.98E-05
CGCTCGT,2.24E-03
CGCTCTA,3.83E-08
CGCTCTC,2.60E-08
CGCTCTG,8.29E-08
CGCTCTT,2.38E-06
CGCTGAA,2.36E-10
CGCTGAC,2.79E-10
CGCTGAG,2.58E-10
CGCTGAT,1.50E-08
CGCTGCA,7.28E-10
CGCTGCC,1.26E-09
CGCTGCG,1.19E-09
CGCTGCT,3.46E-08
CGCTGGA,7.84E-06
CGCTGGC,8.57E-06
CGCTGGG,5.11E-06
CGCTGGT,4.73E-04
CGCTGTA,3.13E-09
CGCTGTC,2.13E-09
CGCTGTG,3.01E-09
CGCTGTT,1.78E-07
CGCTTAA,1.12E-09
CGCTTAC,1.16E-09
CGCTTAG,2.20E-09
CGCTTAT,6.40E-08
CGCTTCA,3.91E-09
CGCTTCC,5.98E-09
CGCTTCG,1.15E-08
CGCTTCT,1.67E-07
CGCTTGA,1.73E-05
CGCTTGC,1.66E-05
CGCTTGG,2.03E-05
CGCTTGT,9.39E-04
CGCTTTA,2.24E-08
CGCTTTC,1.34E-08
CGCTTTG,3.88E-08
CGCTTTT,1.14E-06
CGGAAAA,2.28E+00
CGGAAAC,1.51E+00
CGGAAAG,4.77E+00
CGGAAAT,4.50E+00
CGGAACA,2.50E+00
CGGAACC,2.44E+00
CGGAACG,7.84E+00
CGGAACT,3.68E+00
CGGAAGA,5.84E+01
CGGAAGC,3.59E+01
CGGAAGG,7.31E+01
CGGAAGT,1.09E+02
CGGAATA,3.99E+00
CGGAATC,1.53E+00
CGGAATG,7.36E+00
CGGAATT,7.01E+00
CGGACAA,3.90E-01
CGGACAC,5.07E-01
CGGACAG,1.18E+00
CGGACAT,1.11E+00
CGGACCA,6.06E-01
CGGACCC,1.16E+00
CGGACCG,2.75E+00
CGGACCT,1.29E+00
CGGACGA,1.70E+01
CGGACGC,2.05E+01
CGGACGG,3.07E+01
CGGACGT,4.60E+01
CGGACTA,1.02E+00
CGGACTC,7.70E-01
CGGACTG,2.73E+00
CGGACTT,2.61E+00
CGGAGAA,1.94E-01
CGGAGAC,2.54E-01
CGGAGAG,2.61E-01
CGGAGAT,5.07E-01
CGGAGCA,1.41E-01
CGGAGCC,2.71E-01
CGGAGCG,2.84E-01
CGGAGCT,2.76E-01
CGGAGGA,9.50E+00
CGGAGGC,1.15E+01
CGGAGGG,7.63E+00
CGGAGGT,2.35E+01
CGGAGTA,2.03E-01
CGGAGTC,1.53E-01
CGGAGTG,2.40E-01
CGGAGTT,4.71E-01
CGGATAA,5.53E-01
CGGATAC,6.37E-01
CGGATAG,1.34E+00
CGGATAT,1.30E+00
CGGATCA,4.57E-01
CGGATCC,7.73E-01
CGGATCG,1.66E+00
CGGATCT,8.02E-01
CGGATGA,1.26E+01
CGGATGC,1.34E+01
CGGATGG,1.83E+01
CGGATGT,2.81E+01
CGGATTA,8.72E-01
CGGATTC,5.79E-01
CGGATTG,1.86E+00
CGGATTT,1.82E+00
CGGCAAA,6.60E-03
CGGCAAC,6.83E-03
CGGCAAG,9.63E-03
CGGCAAT,3.54E-02
CGGCACA,5.09E-03
CGGCACC,7.75E-03
CGGCACG,1.11E-02
CGGCACT,2.04E-02
CGGCAGA,1.17E+00
CGGCAGC,1.12E+00
CGGCAGG,1.02E+00
CGGCAGT,5.96E+00
CGGCATA,1.75E-02
CGGCATC,1.05E-02
CGGCATG,2.25E-02
CGGCATT,8.37E-02
CGGCCAA,2.35E-04
CGGCCAC,4.76E-04
CGGCCAG,4.94E-04
CGGCCAT,1.82E-03
CGGCCCA,2.57E-04
CGGCCCC,7.65E-04
CGGCCCG,8.10E-04
CGGCCCT,1.49E-03
CGGCCGA,7.08E-02
CGGCCGC,1.33E-01
CGGCCGG,8.91E-02
CGGCCGT,5.22E-01
CGGCCTA,9.35E-04
CGGCCTC,1.09E-03
CGGCCTG,1.73E-03
CGGCCTT,6.47E-03
CGGCGAA,3.16E-04
CGGCGAC,6.43E-04
CGGCGAG,2.95E-04
CGGCGAT,2.24E-03
CGGCGCA,1.62E-04
CGGCGCC,4.83E-04
CGGCGCG,2.26E-04
CGGCGCT,8.57E-04
CGGCGGA,1.07E-01
CGGCGGC,2.01E-01
CGGCGGG,5.97E-02
CGGCGGT,7.19E-01
CGGCGTA,4.99E-04
CGGCGTC,5.86E-04
CGGCGTG,4.11E-04
CGGCGTT,3.15E-03
CGGCTAA,7.79E-04
CGGCTAC,1.40E-03
CGGCTAG,1.31E-03
CGGCTAT,4.98E-03
CGGCTCA,4.53E-04
CGGCTCC,1.19E-03
CGGCTCG,1.14E-03
CGGCTCT,2.16E-03
CGGCTGA,1.23E-01
CGGCTGC,2.04E-01
CGGCTGG,1.24E-01
CGGCTGT,7.44E-01
CGGCTTA,1.86E-03
CGGCTTC,1.92E-03
CGGCTTG,2.76E-03
CGGCTTT,1.06E-02
CGGGAAA,1.24E-01
CGGGAAC,1.98E-01
CGGGAAG,3.75E-01
CGGGAAT,6.28E-01
CGGGACA,1.49E-01
CGGGACC,3.51E-01
CGGGACG,6.79E-01
CGGGACT,5.67E-01
CGGGAGA,1.25E+01
CGGGAGC,1.85E+01
CGGGAGG,2.27E+01
CGGGAGT,6.03E+01
CGGGATA,1.60E-01
CGGGATC,1.47E-01
CGGGATG,4.27E-01
CGGGATT,7.22E-01
CGGGCAA,1.27E-02
CGGGCAC,3.98E-02
CGGGCAG,5.57E-02
CGGGCAT,9.34E-02
CGGGCCA,2.18E-02
CGGGCCC,1.00E-01
CGGGCCG,1.43E-01
CGGGCCT,1.19E-01
CGGGCGA,2.19E+00
CGGGCGC,6.34E+00
CGGGCGG,5.73E+00
CGGGCGT,1.52E+01
CGGGCTA,2.47E-02
CGGGCTC,4.45E-02
CGGGCTG,9.50E-02
CGGGCTT,1.61E-01
CGGGGAA,3.65E-03
CGGGGAC,1.15E-02
CGGGGAG,7.10E-03
CGGGGAT,2.45E-02
CGGGGCA,2.93E-03
CGGGGCC,1.35E-02
CGGGGCG,8.52E-03
CGGGGCT,1.47E-02
CGGGGGA,7.05E-01
CGGGGGC,2.05E+00
CGGGGGG,8.19E-01
CGGGGGT,4.49E+00
CGGGGTA,2.81E-03
CGGGGTC,5.10E-03
CGGGGTG,4.81E-03
CGGGGTT,1.68E-02
CGGGTAA,4.87E-03
CGGGTAC,1.35E-02
CGGGTAG,1.71E-02
CGGGTAT,2.94E-02
CGGGTCA,4.43E-03
CGGGTCC,1.80E-02
CGGGTCG,2.33E-02
CGGGTCT,2.00E-02
CGGGTGA,4.38E-01
CGGGTGC,1.12E+00
CGGGTGG,9.18E-01
CGGGTGT,2.51E+00
CGGGTTA,5.66E-03
CGGGTTC,9.04E-03
CGGGTTG,1.75E-02
CGGGTTT,3.04E-02
CGGTAAA,4.35E-03
CGGTAAC,2.59E-03
CGGTAAG,9.11E-03
CGGTAAT,3.42E-02
CGGTACA,2.84E-04
CGGTACC,2.48E-04
CGGTACG,8.89E-04
CGGTACT,1.66E-03
CGGTAGA,2.61E-01
CGGTAGC,1.44E-01
CGGTAGG,3.27E-01
CGGTAGT,1.94E+00
CGGTATA,3.81E-03
CGGTATC,1.31E-03
CGGTATG,7.03E-03
CGGTATT,2.67E-02
CGGTCAA,8.29E-04
CGGTCAC,9.66E-04
CGGTCAG,2.50E-03
CGGTCAT,9.42E-03
CGGTCCA,7.66E-05
CGGTCCC,1.31E-04
CGGTCCG,3.47E-04
CGGTCCT,6.50E-04
CGGTCGA,8.46E-02
CGGTCGC,9.13E-02
CGGTCGG,1.53E-01
CGGTCGT,9.11E-01
CGGTCTA,1.09E-03
CGGTCTC,7.33E-04
CGGTCTG,2.90E-03
CGGTCTT,1.10E-02
CGGTGAA,5.76E-04
CGGTGAC,6.74E-04
CGGTGAG,7.72E-04
CGGTGAT,5.98E-03
CGGTGCA,2.49E-05
CGGTGCC,4.28E-05
CGGTGCG,5.00E-05
CGGTGCT,1.93E-04
CGGTGGA,6.59E-02
CGGTGGC,7.14E-02
CGGTGGG,5.28E-02
CGGTGGT,6.48E-01
CGGTGTA,3.00E-04
CGGTGTC,2.03E-04
CGGTGTG,3.55E-04
CGGTGTT,2.78E-03
CGGTTAA,1.47E-03
CGGTTAC,1.52E-03
CGGTTAG,3.56E-03
CGGTTAT,1.37E-02
CGGTTCA,7.21E-05
CGGTTCC,1.09E-04
CGGTTCG,2.62E-04
CGGTTCT,5.04E-04
CGGTTGA,7.84E-02
CGGTTGC,7.48E-02
CGGTTGG,1.13E-01
CGGTTGT,6.95E-01
CGGTTTA,1.16E-03
CGGTTTC,6.89E-04
CGGTTTG,2.47E-03
CGGTTTT,9.64E-03
CGTAAAA,4.61E-03
CGTAAAC,5.78E-03
CGTAAAG,1.54E-02
CGTAAAT,5.67E-02
CGTAACA,5.42E-02
CGTAACC,9.98E-02
CGTAACG,2.71E-01
CGTAACT,4.98E-01
CGTAAGA,2.09E+00
CGTAAGC,2.42E+00
CGTAAGG,4.16E+00
CGTAAGT,2.43E+01
CGTAATA,4.59E-03
CGTAATC,3.32E-03
CGTAATG,1.35E-02
CGTAATT,5.02E-02
CGTACAA,2.29E-04
CGTACAC,5.61E-04
CGTACAG,1.10E-03
CGTACAT,4.07E-03
CGTACCA,3.81E-03
CGTACCC,1.37E-02
CGTACCG,2.74E-02
CGTACCT,5.06E-02
CGTACGA,1.76E-01
CGTACGC,4.00E-01
CGTACGG,5.06E-01
CGTACGT,2.97E+00
CGTACTA,3.42E-04
CGTACTC,4.84E-04
CGTACTG,1.45E-03
CGTACTT,5.41E-03
CGTAGAA,5.70E-05
CGTAGAC,1.40E-04
CGTAGAG,1.22E-04
CGTAGAT,9.26E-04
CGTAGCA,4.44E-04
CGTAGCC,1.61E-03
CGTAGCG,1.42E-03
CGTAGCT,5.39E-03
CGTAGGA,4.92E-02
CGTAGGC,1.12E-01
CGTAGGG,6.27E-02
CGTAGGT,7.57E-01
CGTAGTA,3.38E-05
CGTAGTC,4.80E-05
CGTAGTG,6.35E-05
CGTAGTT,4.88E-04
CGTATAA,3.85E-04
CGTATAC,8.37E-04
CGTATAG,1.48E-03
CGTATAT,5.64E-03
CGTATCA,3.41E-03
CGTATCC,1.09E-02
CGTATCG,1.97E-02
CGTATCT,3.73E-02
CGTATGA,1.55E-01
CGTATGC,3.12E-01
CGTATGG,3.57E-01
CGTATGT,2.15E+00
CGTATTA,3.45E-04
CGTATTC,4.32E-04
CGTATTG,1.17E-03
CGTATTT,4.49E-03
CGTCAAA,6.44E-07
CGTCAAC,1.26E-06
CGTCAAG,1.49E-06
CGTCAAT,2.15E-05
CGTCACA,5.33E-06
CGTCACC,1.53E-05
CGTCACG,1.85E-05
CGTCACT,1.33E-04
CGTCAGA,2.02E-03
CGTCAGC,3.65E-03
CGTCAGG,2.79E-03
CGTCAGT,6.39E-02
CGTCATA,9.71E-07
CGTCATC,1.09E-06
CGTCATG,1.98E-06
CGTCATT,2.89E-05
CGTCCAA,6.63E-09
CGTCCAC,2.54E-08
CGTCCAG,2.22E-08
CGTCCAT,3.21E-07
CGTCCCA,7.78E-08
CGTCCCC,4.37E-07
CGTCCCG,3.90E-07
CGTCCCT,2.81E-06
CGTCCGA,3.54E-05
CGTCCGC,1.25E-04
CGTCCGG,7.07E-05
CGTCCGT,1.62E-03
CGTCCTA,1.50E-08
CGTCCTC,3.31E-08
CGTCCTG,4.43E-08
CGTCCTT,6.47E-07
CGTCGAA,4.46E-09
CGTCGAC,1.71E-08
CGTCGAG,6.62E-09
CGTCGAT,1.97E-07
CGTCGCA,2.44E-08
CGTCGCC,1.38E-07
CGTCGCG,5.44E-08
CGTCGCT,8.07E-07
CGTCGGA,2.66E-05
CGTCGGC,9.46E-05
CGTCGGG,2.36E-05
CGTCGGT,1.11E-03
CGTCGTA,4.00E-09
CGTCGTC,8.86E-09
CGTCGTG,5.23E-09
CGTCGTT,1.57E-07
CGTCTAA,2.61E-08
CGTCTAC,8.83E-08
CGTCTAG,7.00E-08
CGTCTAT,1.04E-06
CGTCTCA,1.63E-07
CGTCTCC,8.08E-07
CGTCTCG,6.53E-07
CGTCTCT,4.83E-06
CGTCTGA,7.27E-05
CGTCTGC,2.28E-04
CGTCTGG,1.16E-04
CGTCTGT,2.74E-03
CGTCTTA,3.54E-08
CGTCTTC,6.91E-08
CGTCTTG,8.36E-08
CGTCTTT,1.25E-06
CGTGAAA,2.03E-04
CGTGAAC,6.13E-04
CGTGAAG,9.80E-04
CGTGAAT,6.43E-03
CGTGACA,2.64E-03
CGTGACC,1.17E-02
CGTGACG,1.90E-02
CGTGACT,6.22E-02
CGTGAGA,3.64E-01
CGTGAGC,1.02E+00
CGTGAGG,1.05E+00
CGTGAGT,1.09E+01
CGTGATA,1.49E-04
CGTGATC,2.60E-04
CGTGATG,6.33E-04
CGTGATT,4.20E-03
CGTGCAA,6.06E-06
CGTGCAC,3.57E-05
CGTGCAG,4.21E-05
CGTGCAT,2.77E-04
CGTGCCA,1.11E-04
CGTGCCC,9.64E-04
CGTGCCG,1.16E-03
CGTGCCT,3.80E-03
CGTGCGA,1.84E-02
CGTGCGC,1.01E-01
CGTGCGG,7.66E-02
CGTGCGT,7.98E-01
CGTGCTA,6.68E-06
CGTGCTC,2.27E-05
CGTGCTG,4.09E-05
CGTGCTT,2.72E-04
CGTGGAA,8.70E-07
CGTGGAC,5.15E-06
CGTGGAG,2.69E-06
CGTGGAT,3.63E-05
CGTGGCA,7.47E-06
CGTGGCC,6.50E-05
CGTGGCG,3.45E-05
CGTGGCT,2.33E-04
CGTGGGA,2.96E-03
CGTGGGC,1.63E-02
CGTGGGG,5.47E-03
CGTGGGT,1.17E-01
CGTGGTA,3.80E-07
CGTGGTC,1.30E-06
CGTGGTG,1.03E-06
CGTGGTT,1.41E-05
CGTGTAA,2.75E-06
CGTGTAC,1.44E-05
CGTGTAG,1.53E-05
CGTGTAT,1.04E-04
CGTGTCA,2.68E-05
CGTGTCC,2.06E-04
CGTGTCG,2.24E-04
CGTGTCT,7.54E-04
CGTGTGA,4.38E-03
CGTGTGC,2.11E-02
CGTGTGG,1.46E-02
CGTGTGT,1.56E-01
CGTGTTA,1.82E-06
CGTGTTC,5.47E-06
CGTGTTG,8.91E-06
CGTGTTT,6.08E-05
CGTTAAA,3.46E-08
CGTTAAC,3.88E-08
CGTTAAG,1.15E-07
CGTTAAT,1.69E-06
CGTTACA,2.42E-08
CGTTACC,3.98E-08
CGTTACG,1.20E-07
CGTTACT,8.83E-07
CGTTAGA,3.67E-05
CGTTAGC,3.81E-05
CGTTAGG,7.28E-05
CGTTAGT,1.70E-03
CGTTATA,1.72E-08
CGTTATC,1.11E-08
CGTTATG,5.04E-08
CGTTATT,7.50E-07
CGTTCAA,1.91E-09
CGTTCAC,4.19E-09
CGTTCAG,9.16E-09
CGTTCAT,1.35E-07
CGTTCCA,1.89E-09
CGTTCCC,6.10E-09
CGTTCCG,1.36E-08
CGTTCCT,9.99E-08
CGTTCGA,3.44E-06
CGTTCGC,7.00E-06
CGTTCGG,9.87E-06
CGTTCGT,2.31E-04
CGTTCTA,1.43E-09
CGTTCTC,1.81E-09
CGTTCTG,6.03E-09
CGTTCTT,8.99E-08
CGTTGAA,6.62E-10
CGTTGAC,1.46E-09
CGTTGAG,1.41E-09
CGTTGAT,4.28E-08
CGTTGCA,3.07E-10
CGTTGCC,9.94E-10
CGTTGCG,9.80E-10
CGTTGCT,1.48E-08
CGTTGGA,1.34E-06
CGTTGGC,2.73E-06
CGTTGGG,1.70E-06
CGTTGGT,8.20E-05
CGTTGTA,1.96E-10
CGTTGTC,2.50E-10
CGTTGTG,3.68E-10
CGTTGTT,1.13E-08
CGTTTAA,4.02E-09
CGTTTAC,7.80E-09
CGTTTAG,1.54E-08
CGTTTAT,2.34E-07
CGTTTCA,2.11E-09
CGTTTCC,6.03E-09
CGTTTCG,1.22E-08
CGTTTCT,9.18E-08
CGTTTGA,3.78E-06
CGTTTGC,6.81E-06
CGTTTGG,8.69E-06
CGTTTGT,2.09E-04
CGTTTTA,1.80E-09
CGTTTTC,2.02E-09
CGTTTTG,6.09E-09
CGTTTTT,9.31E-08
CTAAAAA,7.92E-03
CTAAAAC,8.50E-03
CTAAAAG,1.29E-02
CTAAAAT,9.96E-02
CTAAACA,7.68E-03
CTAAACC,1.21E-02
CTAAACG,1.88E-02
CTAAACT,7.21E-02
CTAAAGA,2.34E+00
CTAAAGC,2.33E+00
CTAAAGG,2.28E+00
CTAAAGT,2.79E+01
CTAAATA,6.55E-03
CTAAATC,4.06E-03
CTAAATG,9.42E-03
CTAAATT,7.33E-02
CTAACAA,5.49E-04
CTAACAC,1.15E-03
CTAACAG,1.29E-03
CTAACAT,9.98E-03
CTAACCA,7.54E-04
CTAACCC,2.33E-03
CTAACCG,2.66E-03
CTAACCT,1.02E-02
CTAACGA,2.76E-01
CTAACGC,5.37E-01
CTAACGG,3.89E-01
CTAACGT,4.76E+00
CTAACTA,6.82E-04
CTAACTC,8.26E-04
CTAACTG,1.42E-03
CTAACTT,1.10E-02
CTAAGAA,1.44E-04
CTAAGAC,3.05E-04
CTAAGAG,1.51E-04
CTAAGAT,2.40E-03
CTAAGCA,9.28E-05
CTAAGCC,2.88E-04
CTAAGCG,1.46E-04
CTAAGCT,1.15E-03
CTAAGGA,8.14E-02
CTAAGGC,1.59E-01
CTAAGGG,5.09E-02
CTAAGGT,1.28E+00
CTAAGTA,7.11E-05
CTAAGTC,8.66E-05
CTAAGTG,6.55E-05
CTAAGTT,1.05E-03
CTAATAA,4.41E-04
CTAATAC,8.20E-04
CTAATAG,8.33E-04
CTAATAT,6.60E-03
CTAATCA,3.22E-04
CTAATCC,8.79E-04
CTAATCG,9.10E-04
CTAATCT,3.60E-03
CTAATGA,1.16E-01
CTAATGC,1.99E-01
CTAATGG,1.31E-01
CTAATGT,1.64E+00
CTAATTA,3.28E-04
CTAATTC,3.52E-04
CTAATTG,5.45E-04
CTAATTT,4.37E-03
CTACAAA,5.96E-07
CTACAAC,9.97E-07
CTACAAG,6.78E-07
CTACAAT,2.04E-05
CTACACA,4.07E-07
CTACACC,1.00E-06
CTACACG,6.93E-07
CTACACT,1.04E-05
CTACAGA,1.22E-03
CTACAGC,1.89E-03
CTACAGG,8.29E-04
CTACAGT,3.96E-02
CTACATA,7.48E-07
CTACATC,7.21E-07
CTACATG,7.48E-07
CTACATT,2.28E-05
CTACCAA,8.59E-09
CTACCAC,2.81E-08
CTACCAG,1.41E-08
CTACCAT,4.25E-07
CTACCCA,8.31E-09
CTACCCC,4.00E-08
CTACCCG,2.04E-08
CTACCCT,3.07E-07
CTACCGA,2.99E-05
CTACCGC,9.07E-05
CTACCGG,2.93E-05
CTACCGT,1.40E-03
CTACCTA,1.62E-08
CTACCTC,3.05E-08
CTACCTG,2.34E-08
CTACCTT,7.12E-07
CTACGAA,6.10E-09
CTACGAC,2.00E-08
CTACGAG,4.44E-09
CTACGAT,2.76E-07
CTACGCA,2.76E-09
CTACGCC,1.33E-08
CTACGCG,3.01E-09
CTACGCT,9.31E-08
CTACGGA,2.38E-05
CTACGGC,7.24E-05
CTACGGG,1.04E-05
CTACGGT,1.02E-03
CTACGTA,4.55E-09
CTACGTC,8.63E-09
CTACGTG,2.92E-09
CTACGTT,1.83E-07
CTACTAA,1.61E-08
CTACTAC,4.67E-08
CTACTAG,2.12E-08
CTACTAT,6.56E-07
CTACTCA,8.29E-09
CTACTCC,3.53E-08
CTACTCG,1.63E-08
CTACTCT,2.52E-07
CTACTGA,2.93E-05
CTACTGC,7.87E-05
CTACTGG,2.30E-05
CTACTGT,1.13E-03
CTACTTA,1.82E-08
CTACTTC,3.04E-08
CTACTTG,2.10E-08
CTACTTT,6.58E-07
CTAGAAA,3.07E-04
CTAGAAC,7.92E-04
CTAGAAG,7.25E-04
CTAGAAT,9.92E-03
CTAGACA,3.28E-04
CTAGACC,1.24E-03
CTAGACG,1.16E-03
CTAGACT,7.92E-03
CTAGAGA,3.58E-01
CTAGAGC,8.57E-01
CTAGAGG,5.06E-01
CTAGAGT,1.10E+01
CTAGATA,1.87E-04
CTAGATC,2.79E-04
CTAGATG,3.89E-04
CTAGATT,5.39E-03
CTAGCAA,1.28E-05
CTAGCAC,6.46E-05
CTAGCAG,4.36E-05
CTAGCAT,5.97E-04
CTAGCCA,1.93E-05
CTAGCCC,1.44E-04
CTAGCCG,9.88E-05
CTAGCCT,6.76E-04
CTAGCGA,2.54E-02
CTAGCGC,1.19E-01
CTAGCGG,5.17E-02
CTAGCGT,1.12E+00
CTAGCTA,1.17E-05
CTAGCTC,3.41E-05
CTAGCTG,3.51E-05
CTAGCTT,4.87E-04
CTAGGAA,1.94E-06
CTAGGAC,9.83E-06
CTAGGAG,2.93E-06
CTAGGAT,8.27E-05
CTAGGCA,1.37E-06
CTAGGCC,1.02E-05
CTAGGCG,3.11E-06
CTAGGCT,4.38E-05
CTAGGGA,4.31E-03
CTAGGGC,2.03E-02
CTAGGGG,3.90E-03
CTAGGGT,1.75E-01
CTAGGTA,7.03E-07
CTAGGTC,2.06E-06
CTAGGTG,9.37E-07
CTAGGTT,2.67E-05
CTAGTAA,2.77E-06
CTAGTAC,1.24E-05
CTAGTAG,7.56E-06
CTAGTAT,1.06E-04
CTAGTCA,2.23E-06
CTAGTCC,1.46E-05
CTAGTCG,9.11E-06
CTAGTCT,6.40E-05
CTAGTGA,2.87E-03
CTAGTGC,1.19E-02
CTAGTGG,4.69E-03
CTAGTGT,1.05E-01
CTAGTTA,1.52E-06
CTAGTTC,3.91E-06
CTAGTTG,3.65E-06
CTAGTTT,5.20E-05
CTATAAA,5.21E-06
CTATAAC,5.01E-06
CTATAAG,8.50E-06
CTATAAT,2.61E-04
CTATACA,3.01E-07
CTATACC,4.24E-07
CTATACG,7.34E-07
CTATACT,1.12E-05
CTATAGA,3.61E-03
CTATAGC,3.21E-03
CTATAGG,3.52E-03
CTATAGT,1.71E-01
CTATATA,2.16E-06
CTATATC,1.20E-06
CTATATG,3.10E-06
CTATATT,9.61E-05
CTATCAA,4.02E-07
CTATCAC,7.57E-07
CTATCAG,9.47E-07
CTATCAT,2.91E-05
CTATCCA,3.29E-08
CTATCCC,9.09E-08
CTATCCG,1.16E-07
CTATCCT,1.78E-06
CTATCGA,4.74E-04
CTATCGC,8.25E-04
CTATCGG,6.66E-04
CTATCGT,3.25E-02
CTATCTA,2.50E-07
CTATCTC,2.71E-07
CTATCTG,5.18E-07
CTATCTT,1.61E-05
CTATGAA,1.47E-07
CTATGAC,2.78E-07
CTATGAG,1.54E-07
CTATGAT,9.74E-06
CTATGCA,5.63E-09
CTATGCC,1.56E-08
CTATGCG,8.82E-09
CTATGCT,2.78E-07
CTATGGA,1.95E-04
CTATGGC,3.40E-04
CTATGGG,1.21E-04
CTATGGT,1.22E-02
CTATGTA,3.63E-08
CTATGTC,3.96E-08
CTATGTG,3.34E-08
CTATGTT,2.14E-06
CTATTAA,4.03E-07
CTATTAC,6.72E-07
CTATTAG,7.61E-07
CTATTAT,2.40E-05
CTATTCA,1.75E-08
CTATTCC,4.28E-08
CTATTCG,4.95E-08
CTATTCT,7.78E-07
CTATTGA,2.48E-04
CTATTGC,3.83E-04
CTATTGG,2.80E-04
CTATTGT,1.40E-02
CTATTTA,1.50E-07
CTATTTC,1.44E-07
CTATTTG,2.49E-07
CTATTTT,7.95E-06
CTCAAAA,4.87E-04
CTCAAAC,3.14E-04
CTCAAAG,7.76E-04
CTCAAAT,7.22E-03
CTCAACA,3.05E-02
CTCAACC,2.89E-02
CTCAACG,7.28E-02
CTCAACT,3.38E-01
CTCAAGA,3.58E+00
CTCAAGC,2.14E+00
CTCAAGG,3.41E+00
CTCAAGT,5.04E+01
CTCAATA,1.33E-02
CTCAATC,4.94E-03
CTCAATG,1.86E-02
CTCAATT,1.75E-01
CTCACAA,4.79E-05
CTCACAC,6.06E-05
CTCACAG,1.10E-04
CTCACAT,1.03E-03
CTCACCA,4.25E-03
CTCACCC,7.90E-03
CTCACCG,1.46E-02
CTCACCT,6.81E-02
CTCACGA,6.00E-01
CTCACGC,7.02E-01
CTCACGG,8.24E-01
CTCACGT,1.22E+01
CTCACTA,1.96E-03
CTCACTC,1.43E-03
CTCACTG,3.97E-03
CTCACTT,3.74E-02
CTCAGAA,6.03E-06
CTCAGAC,7.66E-06
CTCAGAG,6.16E-06
CTCAGAT,1.18E-04
CTCAGCA,2.51E-04
CTCAGCC,4.67E-04
CTCAGCG,3.83E-04
CTCAGCT,3.67E-03
CTCAGGA,8.47E-02
CTCAGGC,9.95E-02
CTCAGGG,5.17E-02
CTCAGGT,1.57E+00
CTCAGTA,9.78E-05
CTCAGTC,7.17E-05
CTCAGTG,8.79E-05
CTCAGTT,1.71E-03
CTCATAA,2.27E-05
CTCATAC,2.54E-05
CTCATAG,4.18E-05
CTCATAT,4.00E-04
CTCATCA,1.07E-03
CTCATCC,1.76E-03
CTCATCG,2.95E-03
CTCATCT,1.41E-02
CTCATGA,1.48E-01
CTCATGC,1.54E-01
CTCATGG,1.63E-01
CTCATGT,2.48E+00
CTCATTA,5.56E-04
CTCATTC,3.59E-04
CTCATTG,9.01E-04
CTCATTT,8.73E-03
CTCCAAA,2.15E-07
CTCCAAC,2.17E-07
CTCCAAG,2.39E-07
CTCCAAT,8.68E-06
CTCCACA,9.49E-06
CTCCACC,1.40E-05
CTCCACG,1.58E-05
CTCCACT,2.86E-04
CTCCAGA,1.10E-02
CTCCAGC,1.02E-02
CTCCAGG,7.27E-03
CTCCAGT,4.19E-01
CTCCATA,8.88E-06
CTCCATC,5.16E-06
CTCCATG,8.67E-06
CTCCATT,3.19E-04
CTCCCAA,4.40E-09
CTCCCAC,8.67E-09
CTCCCAG,7.05E-09
CTCCCAT,2.57E-07
CTCCCCA,2.75E-07
CTCCCCC,7.96E-07
CTCCCCG,6.59E-07
CTCCCCT,1.20E-05
CTCCCGA,3.82E-04
CTCCCGC,6.96E-04
CTCCCGG,3.65E-04
CTCCCGT,2.11E-02
CTCCCTA,2.73E-07
CTCCCTC,3.10E-07
CTCCCTG,3.84E-07
CTCCCTT,1.42E-05
CTCCGAA,1.49E-09
CTCCGAC,2.96E-09
CTCCGAG,1.06E-09
CTCCGAT,7.97E-08
CTCCGCA,4.37E-08
CTCCGCC,1.27E-07
CTCCGCG,4.65E-08
CTCCGCT,1.74E-06
CTCCGGA,1.45E-04
CTCCGGC,2.66E-04
CTCCGGG,6.17E-05
CTCCGGT,7.34E-03
CTCCGTA,3.67E-08
CTCCGTC,4.19E-08
CTCCGTG,2.30E-08
CTCCGTT,1.74E-06
CTCCTAA,4.87E-09
CTCCTAC,8.49E-09
CTCCTAG,6.25E-09
CTCCTAT,2.34E-07
CTCCTCA,1.62E-07
CTCCTCC,4.14E-07
CTCCTCG,3.10E-07
CTCCTCT,5.79E-06
CTCCTGA,2.21E-04
CTCCTGC,3.56E-04
CTCCTGG,1.69E-04
CTCCTGT,1.00E-02
CTCCTTA,1.81E-07
CTCCTTC,1.82E-07
CTCCTTG,2.04E-07
CTCCTTT,7.72E-06
CTCGAAA,2.06E-05
CTCGAAC,3.20E-05
CTCGAAG,4.74E-05
CTCGAAT,7.84E-04
CTCGACA,1.42E-03
CTCGACC,3.24E-03
CTCGACG,4.90E-03
CTCGACT,4.04E-02
CTCGAGA,5.98E-01
CTCGAGC,8.60E-01
CTCGAGG,8.23E-01
CTCGAGT,2.16E+01
CTCGATA,4.13E-04
CTCGATC,3.70E-04
CTCGATG,8.38E-04
CTCGATT,1.40E-02
CTCGCAA,1.22E-06
CTCGCAC,3.70E-06
CTCGCAG,4.04E-06
CTCGCAT,6.70E-05
CTCGCCA,1.19E-04
CTCGCCC,5.31E-04
CTCGCCG,5.92E-04
CTCGCCT,4.90E-03
CTCGCGA,6.01E-02
CTCGCGC,1.69E-01
CTCGCGG,1.19E-01
CTCGCGT,3.14E+00
CTCGCTA,3.67E-05
CTCGCTC,6.43E-05
CTCGCTG,1.07E-04
CTCGCTT,1.80E-03
CTCGGAA,8.82E-08
CTCGGAC,2.69E-07
CTCGGAG,1.30E-07
CTCGGAT,4.45E-06
CTCGGCA,4.04E-06
CTCGGCC,1.81E-05
CTCGGCG,8.93E-06
CTCGGCT,1.52E-04
CTCGGGA,4.89E-03
CTCGGGC,1.38E-02
CTCGGGG,4.31E-03
CTCGGGT,2.34E-01
CTCGGTA,1.05E-06
CTCGGTC,1.86E-06
CTCGGTG,1.37E-06
CTCGGTT,4.73E-05
CTCGTAA,1.55E-07
CTCGTAC,4.18E-07
CTCGTAG,4.14E-07
CTCGTAT,7.05E-06
CTCGTCA,8.07E-06
CTCGTCC,3.19E-05
CTCGTCG,3.22E-05
CTCGTCT,2.73E-04
CTCGTGA,4.01E-03
CTCGTGC,9.99E-03
CTCGTGG,6.39E-03
CTCGTGT,1.73E-01
CTCGTTA,2.80E-06
CTCGTTC,4.35E-06
CTCGTTG,6.58E-06
CTCGTTT,1.13E-04
CTCTAAA,2.22E-08
CTCTAAC,1.28E-08
CTCTAAG,3.52E-08
CTCTAAT,1.31E-06
CTCTACA,8.25E-08
CTCTACC,7.01E-08
CTCTACG,1.97E-07
CTCTACT,3.64E-06
CTCTAGA,3.82E-04
CTCTAGC,2.04E-04
CTCTAGG,3.63E-04
CTCTAGT,2.14E-02
CTCTATA,3.02E-07
CTCTATC,1.01E-07
CTCTATG,4.23E-07
CTCTATT,1.59E-05
CTCTCAA,2.43E-09
CTCTCAC,2.75E-09
CTCTCAG,5.57E-09
CTCTCAT,2.07E-07
CTCTCCA,1.28E-08
CTCTCCC,2.13E-08
CTCTCCG,4.41E-08
CTCTCCT,8.17E-07
CTCTCGA,7.12E-05
CTCTCGC,7.46E-05
CTCTCGG,9.76E-05
CTCTCGT,5.76E-03
CTCTCTA,4.97E-08
CTCTCTC,3.24E-08
CTCTCTG,1.00E-07
CTCTCTT,3.77E-06
CTCTGAA,4.26E-10
CTCTGAC,4.84E-10
CTCTGAG,4.34E-10
CTCTGAT,3.32E-08
CTCTGCA,1.05E-09
CTCTGCC,1.76E-09
CTCTGCG,1.61E-09
CTCTGCT,6.12E-08
CTCTGGA,1.40E-05
CTCTGGC,1.47E-05
CTCTGGG,8.52E-06
CTCTGGT,1.03E-03
CTCTGTA,3.45E-09
CTCTGTC,2.26E-09
CTCTGTG,3.10E-09
CTCTGTT,2.40E-07
CTCTTAA,1.44E-09
CTCTTAC,1.44E-09
CTCTTAG,2.64E-09
CTCTTAT,1.01E-07
CTCTTCA,4.02E-09
CTCTTCC,5.92E-09
CTCTTCG,1.11E-08
CTCTTCT,2.11E-07
CTCTTGA,2.20E-05
CTCTTGC,2.04E-05
CTCTTGG,2.42E-05
CTCTTGT,1.46E-03
CTCTTTA,1.76E-08
CTCTTTC,1.02E-08
CTCTTTG,2.85E-08
CTCTTTT,1.10E-06
CTGAAAA,1.75E+00
CTGAAAC,1.12E+00
CTGAAAG,3.43E+00
CTGAAAT,4.23E+00
CTGAACA,1.54E+00
CTGAACC,1.44E+00
CTGAACG,4.50E+00
CTGAACT,2.77E+00
CTGAAGA,4.44E+01
CTGAAGC,2.63E+01
CTGAAGG,5.19E+01
CTGAAGT,1.02E+02
CTGAATA,1.87E+00
CTGAATC,6.92E-01
CTGAATG,3.23E+00
CTGAATT,4.04E+00
CTGACAA,3.38E-01
CTGACAC,4.23E-01
CTGACAG,9.55E-01
CTGACAT,1.18E+00
CTGACCA,4.20E-01
CTGACCC,7.74E-01
CTGACCG,1.78E+00
CTGACCT,1.10E+00
CTGACGA,1.46E+01
CTGACGC,1.69E+01
CTGACGG,2.46E+01
CTGACGT,4.83E+01
CTGACTA,5.43E-01
CTGACTC,3.93E-01
CTGACTG,1.35E+00
CTGACTT,1.69E+00
CTGAGAA,1.43E-01
CTGAGAC,1.80E-01
CTGAGAG,1.80E-01
CTGAGAT,4.58E-01
CTGAGCA,8.33E-02
CTGAGCC,1.54E-01
CTGAGCG,1.57E-01
CTGAGCT,1.99E-01
CTGAGGA,6.92E+00
CTGAGGC,8.07E+00
CTGAGGG,5.19E+00
CTGAGGT,2.10E+01
CTGAGTA,9.13E-02
CTGAGTC,6.63E-02
CTGAGTG,1.01E-01
CTGAGTT,2.60E-01
CTGATAA,2.91E-01
CTGATAC,3.22E-01
CTGATAG,6.58E-01
CTGATAT,8.37E-01
CTGATCA,1.92E-01
CTGATCC,3.13E-01
CTGATCG,6.52E-01
CTGATCT,4.13E-01
CTGATGA,6.55E+00
CTGATGC,6.73E+00
CTGATGG,8.86E+00
CTGATGT,1.79E+01
CTGATTA,2.80E-01
CTGATTC,1.79E-01
CTGATTG,5.58E-01
CTGATTT,7.18E-01
CTGCAAA,5.64E-03
CTGCAAC,5.62E-03
CTGCAAG,7.68E-03
CTGCAAT,3.71E-02
CTGCACA,3.48E-03
CTGCACC,5.10E-03
CTGCACG,7.11E-03
CTGCACT,1.71E-02
CTGCAGA,9.89E-01
CTGCAGC,9.14E-01
CTGCAGG,8.06E-01
CTGCAGT,6.17E+00
CTGCATA,9.15E-03
CTGCATC,5.26E-03
CTGCATG,1.10E-02
CTGCATT,5.36E-02
CTGCCAA,2.26E-04
CTGCCAC,4.42E-04
CTGCCAG,4.45E-04
CTGCCAT,2.15E-03
CTGCCCA,1.98E-04
CTGCCCC,5.68E-04
CTGCCCG,5.84E-04
CTGCCCT,1.41E-03
CTGCCGA,6.75E-02
CTGCCGC,1.22E-01
CTGCCGG,7.94E-02
CTGCCGT,6.09E-01
CTGCCTA,5.51E-04
CTGCCTC,6.21E-04
CTGCCTG,9.55E-04
CTGCCTT,4.67E-03
CTGCGAA,2.59E-04
CTGCGAC,5.07E-04
CTGCGAG,2.26E-04
CTGCGAT,2.25E-03
CTGCGCA,1.06E-04
CTGCGCC,3.05E-04
CTGCGCG,1.39E-04
CTGCGCT,6.88E-04
CTGCGGA,8.65E-02
CTGCGGC,1.57E-01
CTGCGGG,4.52E-02
CTGCGGT,7.13E-01
CTGCGTA,2.50E-04
CTGCGTC,2.83E-04
CTGCGTG,1.92E-04
CTGCGTT,1.93E-03
CTGCTAA,4.55E-04
CTGCTAC,7.86E-04
CTGCTAG,7.17E-04
CTGCTAT,3.56E-03
CTGCTCA,2.12E-04
CTGCTCC,5.37E-04
CTGCTCG,4.99E-04
CTGCTCT,1.24E-03
CTGCTGA,7.09E-02
CTGCTGC,1.13E-01
CTGCTGG,6.68E-02
CTGCTGT,5.26E-01
CTGCTTA,6.64E-04
CTGCTTC,6.61E-04
CTGCTTG,9.21E-04
CTGCTTT,4.63E-03
CTGGAAA,1.18E-01
CTGGAAC,1.81E-01
CTGGAAG,3.34E-01
CTGGAAT,7.33E-01
CTGGACA,1.14E-01
CTGGACC,2.58E-01
CTGGACG,4.84E-01
CTGGACT,5.29E-01
CTGGAGA,1.18E+01
CTGGAGC,1.68E+01
CTGGAGG,2.00E+01
CTGGAGT,6.96E+01
CTGGATA,9.31E-02
CTGGATC,8.27E-02
CTGGATG,2.32E-01
CTGGATT,5.15E-01
CTGGCAA,1.37E-02
CTGGCAC,4.12E-02
CTGGCAG,5.59E-02
CTGGCAT,1.23E-01
CTGGCCA,1.87E-02
CTGGCCC,8.29E-02
CTGGCCG,1.15E-01
CTGGCCT,1.26E-01
CTGGCGA,2.33E+00
CTGGCGC,6.50E+00
CTGGCGG,5.69E+00
CTGGCGT,1.98E+01
CTGGCTA,1.62E-02
CTGGCTC,2.82E-02
CTGGCTG,5.83E-02
CTGGCTT,1.30E-01
CTGGGAA,3.34E-03
CTGGGAC,1.01E-02
CTGGGAG,6.06E-03
CTGGGAT,2.74E-02
CTGGGCA,2.14E-03
CTGGGCC,9.52E-03
CTGGGCG,5.82E-03
CTGGGCT,1.31E-02
CTGGGGA,6.37E-01
CTGGGGC,1.79E+00
CTGGGGG,6.91E-01
CTGGGGT,4.97E+00
CTGGGTA,1.57E-03
CTGGGTC,2.74E-03
CTGGGTG,2.51E-03
CTGGGTT,1.15E-02
CTGGTAA,3.17E-03
CTGGTAC,8.46E-03
CTGGTAG,1.04E-02
CTGGTAT,2.35E-02
CTGGTCA,2.31E-03
CTGGTCC,9.05E-03
CTGGTCG,1.13E-02
CTGGTCT,1.28E-02
CTGGTGA,2.82E-01
CTGGTGC,6.97E-01
CTGGTGG,5.53E-01
CTGGTGT,1.98E+00
CTGGTTA,2.25E-03
CTGGTTC,3.47E-03
CTGGTTG,6.50E-03
CTGGTTT,1.48E-02
CTGTAAA,9.36E-03
CTGTAAC,5.36E-03
CTGTAAG,1.83E-02
CTGTAAT,9.01E-02
CTGTACA,4.89E-04
CTGTACC,4.11E-04
CTGTACG,1.43E-03
CTGTACT,3.51E-03
CTGTAGA,5.56E-01
CTGTAGC,2.95E-01
CTGTAGG,6.49E-01
CTGTAGT,5.07E+00
CTGTATA,5.02E-03
CTGTATC,1.66E-03
CTGTATG,8.64E-03
CTGTATT,4.30E-02
CTGTCAA,2.01E-03
CTGTCAC,2.26E-03
CTGTCAG,5.68E-03
CTGTCAT,2.80E-02
CTGTCCA,1.49E-04
CTGTCCC,2.45E-04
CTGTCCG,6.29E-04
CTGTCCT,1.55E-03
CTGTCGA,2.03E-01
CTGTCGC,2.11E-01
CTGTCGG,3.43E-01
CTGTCGT,2.68E+00
CTGTCTA,1.62E-03
CTGTCTC,1.05E-03
CTGTCTG,4.03E-03
CTGTCTT,2.01E-02
CTGTGAA,1.19E-03
CTGTGAC,1.34E-03
CTGTGAG,1.49E-03
CTGTGAT,1.51E-02
CTGTGCA,4.11E-05
CTGTGCC,6.81E-05
CTGTGCG,7.72E-05
CTGTGCT,3.90E-04
CTGTGGA,1.34E-01
CTGTGGC,1.40E-01
CTGTGGG,1.01E-01
CTGTGGT,1.62E+00
CTGTGTA,3.79E-04
CTGTGTC,2.46E-04
CTGTGTG,4.18E-04
CTGTGTT,4.29E-03
CTGTTAA,2.16E-03
CTGTTAC,2.15E-03
CTGTTAG,4.89E-03
CTGTTAT,2.48E-02
CTGTTCA,8.50E-05
CTGTTCC,1.24E-04
CTGTTCG,2.88E-04
CTGTTCT,7.27E-04
CTGTTGA,1.14E-01
CTGTTGC,1.05E-01
CTGTTGG,1.54E-01
CTGTTGT,1.24E+00
CTGTTTA,1.04E-03
CTGTTTC,5.97E-04
CTGTTTG,2.07E-03
CTGTTTT,1.06E-02
CTTAAAA,2.55E-03
CTTAAAC,3.08E-03
CTTAAAG,7.93E-03
CTTAAAT,3.84E-02
CTTAACA,2.40E-02
CTTAACC,4.25E-02
CTTAACG,1.12E-01
CTTAACT,2.70E-01
CTTAAGA,1.14E+00
CTTAAGC,1.28E+00
CTTAAGG,2.12E+00
CTTAAGT,1.63E+01
CTTAATA,1.55E-03
CTTAATC,1.08E-03
CTTAATG,4.25E-03
CTTAATT,2.08E-02
CTTACAA,1.43E-04
CTTACAC,3.37E-04
CTTACAG,6.40E-04
CTTACAT,3.10E-03
CTTACCA,1.90E-03
CTTACCC,6.60E-03
CTTACCG,1.28E-02
CTTACCT,3.09E-02
CTTACGA,1.09E-01
CTTACGC,2.37E-01
CTTACGG,2.91E-01
CTTACGT,2.24E+00
CTTACTA,1.30E-04
CTTACTC,1.78E-04
CTTACTG,5.15E-04
CTTACTT,2.53E-03
CTTAGAA,3.02E-05
CTTAGAC,7.16E-05
CTTAGAG,6.02E-05
CTTAGAT,6.01E-04
CTTAGCA,1.88E-04
CTTAGCC,6.56E-04
CTTAGCG,5.62E-04
CTTAGCT,2.80E-03
CTTAGGA,2.58E-02
CTTAGGC,5.66E-02
CTTAGGG,3.07E-02
CTTAGGT,4.86E-01
CTTAGTA,1.09E-05
CTTAGTC,1.50E-05
CTTAGTG,1.92E-05
CTTAGTT,1.94E-04
CTTATAA,1.46E-04
CTTATAC,3.04E-04
CTTATAG,5.24E-04
CTTATAT,2.61E-03
CTTATCA,1.03E-03
CTTATCC,3.16E-03
CTTATCG,5.55E-03
CTTATCT,1.38E-02
CTTATGA,5.79E-02
CTTATGC,1.12E-01
CTTATGG,1.24E-01
CTTATGT,9.84E-01
CTTATTA,7.96E-05
CTTATTC,9.60E-05
CTTATTG,2.52E-04
CTTATTT,1.27E-03
CTTCAAA,3.95E-07
CTTCAAC,7.43E-07
CTTCAAG,8.56E-07
CTTCAAT,1.62E-05
CTTCACA,2.62E-06
CTTCACC,7.23E-06
CTTCACG,8.49E-06
CTTCACT,8.00E-05
CTTCAGA,1.23E-03
CTTCAGC,2.13E-03
CTTCAGG,1.59E-03
CTTCAGT,4.76E-02
CTTCATA,3.65E-07
CTTCATC,3.95E-07
CTTCATG,6.95E-07
CTTCATT,1.33E-05
CTTCCAA,4.59E-09
CTTCCAC,1.69E-08
CTTCCAG,1.44E-08
CTTCCAT,2.72E-07
CTTCCCA,4.31E-08
CTTCCCC,2.33E-07
CTTCCCG,2.02E-07
CTTCCCT,1.91E-06
CTTCCGA,2.42E-05
CTTCCGC,8.25E-05
CTTCCGG,4.52E-05
CTTCCGT,1.36E-03
CTTCCTA,6.36E-09
CTTCCTC,1.35E-08
CTTCCTG,1.75E-08
CTTCCTT,3.35E-07
CTTCGAA,2.62E-09
CTTCGAC,9.70E-09
CTTCGAG,3.64E-09
CTTCGAT,1.42E-07
CTTCGCA,1.15E-08
CTTCGCC,6.26E-08
CTTCGCG,2.40E-08
CTTCGCT,4.66E-07
CTTCGGA,1.55E-05
CTTCGGC,5.31E-05
CTTCGGG,1.29E-05
CTTCGGT,7.95E-04
CTTCGTA,1.44E-09
CTTCGTC,3.07E-09
CTTCGTG,1.76E-09
CTTCGTT,6.94E-08
CTTCTAA,1.10E-08
CTTCTAC,3.57E-08
CTTCTAG,2.74E-08
CTTCTAT,5.34E-07
CTTCTCA,5.46E-08
CTTCTCC,2.61E-07
CTTCTCG,2.05E-07
CTTCTCT,1.99E-06
CTTCTGA,3.02E-05
CTTCTGC,9.10E-05
CTTCTGG,4.52E-05
CTTCTGT,1.39E-03
CTTCTTA,9.09E-09
CTTCTTC,1.71E-08
CTTCTTG,2.00E-08
CTTCTTT,3.94E-07
CTTGAAA,1.39E-04
CTTGAAC,4.04E-04
CTTGAAG,6.27E-04
CTTGAAT,5.39E-03
CTTGACA,1.44E-03
CTTGACC,6.16E-03
CTTGACG,9.73E-03
CTTGACT,4.17E-02
CTTGAGA,2.46E-01
CTTGAGC,6.62E-01
CTTGAGG,6.63E-01
CTTGAGT,9.04E+00
CTTGATA,6.25E-05
CTTGATC,1.05E-04
CTTGATG,2.48E-04
CTTGATT,2.15E-03
CTTGCAA,4.68E-06
CTTGCAC,2.66E-05
CTTGCAG,3.04E-05
CTTGCAT,2.62E-04
CTTGCCA,6.87E-05
CTTGCCC,5.74E-04
CTTGCCG,6.69E-04
CTTGCCT,2.87E-03
CTTGCGA,1.41E-02
CTTGCGC,7.41E-02
CTTGCGG,5.46E-02
CTTGCGT,7.47E-01
CTTGCTA,3.15E-06
CTTGCTC,1.03E-05
CTTGCTG,1.80E-05
CTTGCTT,1.57E-04
CTTGGAA,5.71E-07
CTTGGAC,3.26E-06
CTTGGAG,1.65E-06
CTTGGAT,2.92E-05
CTTGGCA,3.92E-06
CTTGGCC,3.29E-05
CTTGGCG,1.70E-05
CTTGGCT,1.50E-04
CTTGGGA,1.93E-03
CTTGGGC,1.02E-02
CTTGGGG,3.32E-03
CTTGGGT,9.34E-02
CTTGGTA,1.53E-07
CTTGGTC,5.02E-07
CTTGGTG,3.87E-07
CTTGGTT,6.95E-06
CTTGTAA,1.29E-06
CTTGTAC,6.48E-06
CTTGTAG,6.71E-06
CTTGTAT,5.94E-05
CTTGTCA,1.01E-05
CTTGTCC,7.43E-05
CTTGTCG,7.84E-05
CTTGTCT,3.46E-04
CTTGTGA,2.03E-03
CTTGTGC,9.43E-03
CTTGTGG,6.30E-03
CTTGTGT,8.85E-02
CTTGTTA,5.20E-07
CTTGTTC,1.51E-06
CTTGTTG,2.38E-06
CTTGTTT,2.13E-05
CTTTAAA,5.35E-08
CTTTAAC,5.78E-08
CTTTAAG,1.66E-07
CTTTAAT,3.20E-06
CTTTACA,2.99E-08
CTTTACC,4.75E-08
CTTTACG,1.39E-07
CTTTACT,1.34E-06
CTTTAGA,5.61E-05
CTTTAGC,5.61E-05
CTTTAGG,1.04E-04
CTTTAGT,3.18E-03
CTTTATA,1.63E-08
CTTTATC,1.02E-08
CTTTATG,4.46E-08
CTTTATT,8.69E-07
CTTTCAA,3.33E-09
CTTTCAC,7.04E-09
CTTTCAG,1.49E-08
CTTTCAT,2.88E-07
CTTTCCA,2.64E-09
CTTTCCC,8.20E-09
CTTTCCG,1.77E-08
CTTTCCT,1.71E-07
CTTTCGA,5.94E-06
CTTTCGC,1.16E-05
CTTTCGG,1.59E-05
CTTTCGT,4.88E-04
CTTTCTA,1.52E-09
CTTTCTC,1.86E-09
CTTTCTG,6.01E-09
CTTTCTT,1.17E-07
CTTTGAA,9.82E-10
CTTTGAC,2.09E-09
CTTTGAG,1.96E-09
CTTTGAT,7.77E-08
CTTTGCA,3.64E-10
CTTTGCC,1.14E-09
CTTTGCG,1.09E-09
CTTTGCT,2.15E-08
CTTTGGA,1.96E-06
CTTTGGC,3.86E-06
CTTTGGG,2.34E-06
CTTTGGT,1.47E-04
CTTTGTA,1.78E-10
CTTTGTC,2.18E-10
CTTTGTG,3.12E-10
CTTTGTT,1.25E-08
CTTTTAA,4.25E-09
CTTTTAC,7.95E-09
CTTTTAG,1.53E-08
CTTTTAT,3.03E-07
CTTTTCA,1.79E-09
CTTTTCC,4.92E-09
CTTTTCG,9.62E-09
CTTTTCT,9.52E-08
CTTTTGA,3.96E-06
CTTTTGC,6.86E-06
CTTTTGG,8.49E-06
CTTTTGT,2.67E-04
CTTTTTA,1.16E-09
CTTTTTC,1.26E-09
CTTTTTG,3.68E-09
CTTTTTT,7.38E-08
GAAAAAA,6.89E-02
GAAAAAC,1.07E-01
GAAAAAG,1.12E-01
GAAAAAT,7.63E-01
GAAAACA,1.32E-01
GAAAACC,3.03E-01
GAAAACG,3.23E-01
GAAAACT,1.10E+00
GAAAAGA,5.45E+00
GAAAAGC,7.85E+00
GAAAAGG,5.29E+00
GAAAAGT,5.72E+01
GAAAATA,8.36E-02
GAAAATC,7.50E-02
GAAAATG,1.20E-01
GAAAATT,8.24E-01
GAAACAA,5.47E-03
GAAACAC,1.67E-02
GAAACAG,1.28E-02
GAAACAT,8.76E-02
GAAACCA,1.49E-02
GAAACCC,6.66E-02
GAAACCG,5.24E-02
GAAACCT,1.78E-01
GAAACGA,7.35E-01
GAAACGC,2.07E+00
GAAACGG,1.03E+00
GAAACGT,1.12E+01
GAAACTA,9.96E-03
GAAACTC,1.75E-02
GAAACTG,2.06E-02
GAAACTT,1.42E-01
GAAAGAA,2.27E-03
GAAAGAC,6.93E-03
GAAAGAG,2.36E-03
GAAAGAT,3.32E-02
GAAAGCA,2.89E-03
GAAAGCC,1.30E-02
GAAAGCG,4.51E-03
GAAAGCT,3.16E-02
GAAAGGA,3.42E-01
GAAAGGC,9.67E-01
GAAAGGG,2.13E-01
GAAAGGT,4.74E+00
GAAAGTA,1.64E-03
GAAAGTC,2.89E-03
GAAAGTG,1.50E-03
GAAAGTT,2.13E-02
GAAATAA,9.09E-03
GAAATAC,2.45E-02
GAAATAG,1.71E-02
GAAATAT,1.20E-01
GAAATCA,1.31E-02
GAAATCC,5.20E-02
GAAATCG,3.70E-02
GAAATCT,1.29E-01
GAAATGA,6.38E-01
GAAATGC,1.59E+00
GAAATGG,7.17E-01
GAAATGT,7.97E+00
GAAATTA,9.91E-03
GAAATTC,1.54E-02
GAAATTG,1.64E-02
GAAATTT,1.16E-01
GAACAAA,8.23E-06
GAACAAC,2.00E-05
GAACAAG,9.31E-06
GAACAAT,2.48E-04
GAACACA,1.11E-05
GAACACC,3.96E-05
GAACACG,1.89E-05
GAACACT,2.50E-04
GAACAGA,4.50E-03
GAACAGC,1.01E-02
GAACAGG,3.04E-03
GAACAGT,1.29E-01
GAACATA,1.51E-05
GAACATC,2.11E-05
GAACATG,1.51E-05
GAACATT,4.06E-04
GAACCAA,1.36E-07
GAACCAC,6.44E-07
GAACCAG,2.22E-07
GAACCAT,5.91E-06
GAACCCA,2.60E-07
GAACCCC,1.81E-06
GAACCCG,6.37E-07
GAACCCT,8.46E-06
GAACCGA,1.26E-04
GAACCGC,5.55E-04
GAACCGG,1.23E-04
GAACCGT,5.22E-03
GAACCTA,3.74E-07
GAACCTC,1.02E-06
GAACCTG,5.39E-07
GAACCTT,1.45E-05
GAACGAA,1.52E-07
GAACGAC,7.23E-07
GAACGAG,1.10E-07
GAACGAT,6.04E-06
GAACGCA,1.36E-07
GAACGCC,9.52E-07
GAACGCG,1.48E-07
GAACGCT,4.04E-06
GAACGGA,1.58E-04
GAACGGC,6.98E-04
GAACGGG,6.86E-05
GAACGGT,5.97E-03
GAACGTA,1.66E-07
GAACGTC,4.56E-07
GAACGTG,1.06E-07
GAACGTT,5.88E-06
GAACTAA,5.27E-07
GAACTAC,2.21E-06
GAACTAG,6.89E-07
GAACTAT,1.89E-05
GAACTCA,5.37E-07
GAACTCC,3.31E-06
GAACTCG,1.05E-06
GAACTCT,1.44E-05
GAACTGA,2.56E-04
GAACTGC,9.96E-04
GAACTGG,2.00E-04
GAACTGT,8.70E-03
GAACTTA,8.70E-07
GAACTTC,2.11E-06
GAACTTG,1.00E-06
GAACTTT,2.78E-05
GAAGAAA,1.89E-03
GAAGAAC,7.08E-03
GAAGAAG,4.45E-03
GAAGAAT,5.39E-02
GAAGACA,4.01E-03
GAAGACC,2.20E-02
GAAGACG,1.41E-02
GAAGACT,8.52E-02
GAAGAGA,5.91E-01
GAAGAGC,2.05E+00
GAAGAGG,8.30E-01
GAAGAGT,1.59E+01
GAAGATA,1.69E-03
GAAGATC,3.65E-03
GAAGATG,3.50E-03
GAAGATT,4.29E-02
GAAGCAA,9.01E-05
GAAGCAC,6.60E-04
GAAGCAG,3.06E-04
GAAGCAT,3.71E-03
GAAGCCA,2.71E-04
GAAGCCC,2.91E-03
GAAGCCG,1.38E-03
GAAGCCT,8.32E-03
GAAGCGA,4.79E-02
GAAGCGC,3.25E-01
GAAGCGG,9.71E-02
GAAGCGT,1.87E+00
GAAGCTA,1.21E-04
GAAGCTC,5.11E-04
GAAGCTG,3.62E-04
GAAGCTT,4.44E-03
GAAGGAA,2.15E-05
GAAGGAC,1.58E-04
GAAGGAG,3.24E-05
GAAGGAT,8.10E-04
GAAGGCA,3.02E-05
GAAGGCC,3.27E-04
GAAGGCG,6.82E-05
GAAGGCT,8.49E-04
GAAGGGA,1.28E-02
GAAGGGC,8.72E-02
GAAGGGG,1.15E-02
GAAGGGT,4.57E-01
GAAGGTA,1.15E-05
GAAGGTC,4.86E-05
GAAGGTG,1.52E-05
GAAGGTT,3.84E-04
GAAGTAA,4.04E-05
GAAGTAC,2.62E-04
GAAGTAG,1.10E-04
GAAGTAT,1.37E-03
GAAGTCA,6.44E-05
GAAGTCC,6.13E-04
GAAGTCG,2.62E-04
GAAGTCT,1.63E-03
GAAGTGA,1.12E-02
GAAGTGC,6.73E-02
GAAGTGG,1.82E-02
GAAGTGT,3.60E-01
GAAGTTA,3.25E-05
GAAGTTC,1.21E-04
GAAGTTG,7.78E-05
GAAGTTT,9.80E-04
GAATAAA,5.99E-05
GAATAAC,8.34E-05
GAATAAG,9.72E-05
GAATAAT,2.64E-03
GAATACA,6.85E-06
GAATACC,1.40E-05
GAATACG,1.66E-05
GAATACT,2.25E-04
GAATAGA,1.11E-02
GAATAGC,1.43E-02
GAATAGG,1.08E-02
GAATAGT,4.63E-01
GAATATA,3.64E-05
GAATATC,2.92E-05
GAATATG,5.20E-05
GAATATT,1.43E-03
GAATCAA,5.29E-06
GAATCAC,1.44E-05
GAATCAG,1.24E-05
GAATCAT,3.37E-04
GAATCCA,8.57E-07
GAATCCC,3.43E-06
GAATCCG,3.01E-06
GAATCCT,4.08E-05
GAATCGA,1.67E-03
GAATCGC,4.21E-03
GAATCGG,2.33E-03
GAATCGT,1.01E-01
GAATCTA,4.82E-06
GAATCTC,7.58E-06
GAATCTG,9.95E-06
GAATCTT,2.73E-04
GAATGAA,3.05E-06
GAATGAC,8.36E-06
GAATGAG,3.18E-06
GAATGAT,1.78E-04
GAATGCA,2.31E-07
GAATGCC,9.31E-07
GAATGCG,3.61E-07
GAATGCT,1.01E-05
GAATGGA,1.08E-03
GAATGGC,2.73E-03
GAATGGG,6.70E-04
GAATGGT,5.95E-02
GAATGTA,1.10E-06
GAATGTC,1.74E-06
GAATGTG,1.01E-06
GAATGTT,5.72E-05
GAATTAA,1.10E-05
GAATTAC,2.65E-05
GAATTAG,2.06E-05
GAATTAT,5.75E-04
GAATTCA,9.44E-07
GAATTCC,3.35E-06
GAATTCG,2.65E-06
GAATTCT,3.70E-05
GAATTGA,1.81E-03
GAATTGC,4.03E-03
GAATTGG,2.02E-03
GAATTGT,8.97E-02
GAATTTA,5.99E-06
GAATTTC,8.34E-06
GAATTTG,9.90E-06
GAATTTT,2.79E-04
GACAAAA,5.10E-03
GACAAAC,4.77E-03
GACAAAG,8.09E-03
GACAAAT,6.66E-02
GACAACA,6.33E-01
GACAACC,8.70E-01
GACAACG,1.50E+00
GACAACT,6.17E+00
GACAAGA,1.00E+01
GACAAGC,8.70E+00
GACAAGG,9.51E+00
GACAAGT,1.24E+02
GACAATA,2.04E-01
GACAATC,1.10E-01
GACAATG,2.84E-01
GACAATT,2.37E+00
GACACAA,5.74E-04
GACACAC,1.05E-03
GACACAG,1.31E-03
GACACAT,1.09E-02
GACACCA,1.01E-01
GACACCC,2.72E-01
GACACCG,3.46E-01
GACACCT,1.43E+00
GACACGA,1.92E+00
GACACGC,3.26E+00
GACACGG,2.63E+00
GACACGT,3.44E+01
GACACTA,3.44E-02
GACACTC,3.64E-02
GACACTG,6.94E-02
GACACTT,5.79E-01
GACAGAA,1.14E-04
GACAGAC,2.10E-04
GACAGAG,1.16E-04
GACAGAT,1.97E-03
GACAGCA,9.38E-03
GACAGCC,2.53E-02
GACAGCG,1.43E-02
GACAGCT,1.21E-01
GACAGGA,4.27E-01
GACAGGC,7.28E-01
GACAGGG,2.60E-01
GACAGGT,6.99E+00
GACAGTA,2.71E-03
GACAGTC,2.88E-03
GACAGTG,2.42E-03
GACAGTT,4.16E-02
GACATAA,5.63E-04
GACATAC,9.12E-04
GACATAG,1.03E-03
GACATAT,8.75E-03
GACATCA,5.26E-02
GACATCC,1.25E-01
GACATCG,1.44E-01
GACATCT,6.10E-01
GACATGA,9.84E-01
GACATGC,1.48E+00
GACATGG,1.08E+00
GACATGT,1.45E+01
GACATTA,2.02E-02
GACATTC,1.89E-02
GACATTG,3.26E-02
GACATTT,2.79E-01
GACCAAA,3.57E-06
GACCAAC,5.21E-06
GACCAAG,3.94E-06
GACCAAT,1.27E-04
GACCACA,3.12E-04
GACCACC,6.69E-04
GACCACG,5.16E-04
GACCACT,8.28E-03
GACCAGA,4.87E-02
GACCAGC,6.57E-02
GACCAGG,3.21E-02
GACCAGT,1.64E+00
GACCATA,2.16E-04
GACCATC,1.82E-04
GACCATG,2.10E-04
GACCATT,6.84E-03
GACCCAA,8.36E-08
GACCCAC,2.39E-07
GACCCAG,1.33E-07
GACCCAT,4.30E-06
GACCCCA,1.04E-05
GACCCCC,4.34E-05
GACCCCG,2.47E-05
GACCCCT,3.97E-04
GACCCGA,1.94E-03
GACCCGC,5.12E-03
GACCCGG,1.84E-03
GACCCGT,9.44E-02
GACCCTA,7.60E-06
GACCCTC,1.25E-05
GACCCTG,1.07E-05
GACCCTT,3.48E-04
GACCGAA,4.47E-08
GACCGAC,1.28E-07
GACCGAG,3.17E-08
GACCGAT,2.10E-06
GACCGCA,2.59E-06
GACCGCC,1.09E-05
GACCGCG,2.75E-06
GACCGCT,9.09E-05
GACCGGA,1.16E-03
GACCGGC,3.08E-03
GACCGGG,4.91E-04
GACCGGT,5.17E-02
GACCGTA,1.61E-06
GACCGTC,2.67E-06
GACCGTG,1.00E-06
GACCGTT,6.74E-05
GACCTAA,1.91E-07
GACCTAC,4.84E-07
GACCTAG,2.44E-07
GACCTAT,8.09E-06
GACCTCA,1.26E-05
GACCTCC,4.67E-05
GACCTCG,2.41E-05
GACCTCT,3.97E-04
GACCTGA,2.32E-03
GACCTGC,5.42E-03
GACCTGG,1.77E-03
GACCTGT,9.28E-02
GACCTTA,1.04E-05
GACCTTC,1.52E-05
GACCTTG,1.17E-05
GACCTTT,3.92E-04
GACGAAA,1.53E-04
GACGAAC,3.44E-04
GACGAAG,3.50E-04
GACGAAT,5.12E-03
GACGACA,2.09E-02
GACGACC,6.90E-02
GACGACG,7.17E-02
GACGACT,5.23E-01
GACGAGA,1.19E+00
GACGAGC,2.47E+00
GACGAGG,1.62E+00
GACGAGT,3.77E+01
GACGATA,4.49E-03
GACGATC,5.84E-03
GACGATG,9.07E-03
GACGATT,1.34E-01
GACGCAA,1.03E-05
GACGCAC,4.55E-05
GACGCAG,3.42E-05
GACGCAT,5.01E-04
GACGCCA,2.00E-03
GACGCCC,1.29E-02
GACGCCG,9.92E-03
GACGCCT,7.25E-02
GACGCGA,1.36E-01
GACGCGC,5.57E-01
GACGCGG,2.70E-01
GACGCGT,6.28E+00
GACGCTA,4.56E-04
GACGCTC,1.16E-03
GACGCTG,1.33E-03
GACGCTT,1.97E-02
GACGGAA,1.18E-06
GACGGAC,5.22E-06
GACGGAG,1.73E-06
GACGGAT,5.24E-05
GACGGCA,1.07E-04
GACGGCC,6.95E-04
GACGGCG,2.36E-04
GACGGCT,3.54E-03
GACGGGA,1.75E-02
GACGGGC,7.16E-02
GACGGGG,1.53E-02
GACGGGT,7.35E-01
GACGGTA,2.07E-05
GACGGTC,5.28E-05
GACGGTG,2.68E-05
GACGGTT,8.17E-04
GACGTAA,2.73E-06
GACGTAC,1.06E-05
GACGTAG,7.23E-06
GACGTAT,1.09E-04
GACGTCA,2.81E-04
GACGTCC,1.61E-03
GACGTCG,1.12E-03
GACGTCT,8.38E-03
GACGTGA,1.88E-02
GACGTGC,6.80E-02
GACGTGG,2.98E-02
GACGTGT,7.13E-01
GACGTTA,7.22E-05
GACGTTC,1.62E-04
GACGTTG,1.69E-04
GACGTTT,2.57E-03
GACTAAA,3.06E-07
GACTAAC,2.57E-07
GACTAAG,4.85E-07
GACTAAT,1.59E-05
GACTACA,2.26E-06
GACTACC,2.78E-06
GACTACG,5.36E-06
GACTACT,8.78E-05
GACTAGA,1.41E-03
GACTAGC,1.10E-03
GACTAGG,1.34E-03
GACTAGT,6.95E-02
GACTATA,6.12E-06
GACTATC,2.96E-06
GACTATG,8.54E-06
GACTATT,2.83E-04
GACTCAA,3.84E-08
GACTCAC,6.30E-08
GACTCAG,8.78E-08
GACTCAT,2.89E-06
GACTCCA,4.02E-07
GACTCCC,9.68E-07
GACTCCG,1.38E-06
GACTCCT,2.26E-05
GACTCGA,3.01E-04
GACTCGC,4.57E-04
GACTCGG,4.11E-04
GACTCGT,2.14E-02
GACTCTA,1.15E-06
GACTCTC,1.09E-06
GACTCTG,2.32E-06
GACTCTT,7.71E-05
GACTGAA,1.06E-08
GACTGAC,1.75E-08
GACTGAG,1.08E-08
GACTGAT,7.29E-07
GACTGCA,5.19E-08
GACTGCC,1.26E-07
GACTGCG,7.89E-08
GACTGCT,2.66E-06
GACTGGA,9.32E-05
GACTGGC,1.42E-04
GACTGGG,5.65E-05
GACTGGT,6.07E-03
GACTGTA,1.26E-07
GACTGTC,1.20E-07
GACTGTG,1.13E-07
GACTGTT,7.72E-06
GACTTAA,4.70E-08
GACTTAC,6.82E-08
GACTTAG,8.60E-08
GACTTAT,2.91E-06
GACTTCA,2.61E-07
GACTTCC,5.57E-07
GACTTCG,7.16E-07
GACTTCT,1.21E-05
GACTTGA,1.92E-04
GACTTGC,2.59E-04
GACTTGG,2.10E-04
GACTTGT,1.13E-02
GACTTTA,8.44E-07
GACTTTC,7.07E-07
GACTTTG,1.36E-06
GACTTTT,4.65E-05
GAGAAAA,1.00E+01
GAGAAAC,9.31E+00
GAGAAAG,1.96E+01
GAGAAAT,2.14E+01
GAGAACA,1.74E+01
GAGAACC,2.38E+01
GAGAACG,5.09E+01
GAGAACT,2.78E+01
GAGAAGA,6.80E+01
GAGAAGC,5.84E+01
GAGAAGG,7.92E+01
GAGAAGT,1.37E+02
GAGAATA,1.58E+01
GAGAATC,8.44E+00
GAGAATG,2.70E+01
GAGAATT,2.99E+01
GAGACAA,2.22E+00
GAGACAC,4.03E+00
GAGACAG,6.24E+00
GAGACAT,6.83E+00
GAGACCA,5.46E+00
GAGACCC,1.46E+01
GAGACCG,2.30E+01
GAGACCT,1.26E+01
GAGACGA,2.56E+01
GAGACGC,4.30E+01
GAGACGG,4.30E+01
GAGACGT,7.46E+01
GAGACTA,5.23E+00
GAGACTC,5.48E+00
GAGACTG,1.30E+01
GAGACTT,1.43E+01
GAGAGAA,1.48E+00
GAGAGAC,2.70E+00
GAGAGAG,1.85E+00
GAGAGAT,4.17E+00
GAGAGCA,1.71E+00
GAGAGCC,4.58E+00
GAGAGCG,3.20E+00
GAGAGCT,3.59E+00
GAGAGGA,1.91E+01
GAGAGGC,3.23E+01
GAGAGGG,1.43E+01
GAGAGGT,5.11E+01
GAGAGTA,1.38E+00
GAGAGTC,1.46E+00
GAGAGTG,1.52E+00
GAGAGTT,3.47E+00
GAGATAA,3.95E+00
GAGATAC,6.35E+00
GAGATAG,8.90E+00
GAGATAT,1.00E+01
GAGATCA,5.17E+00
GAGATCC,1.22E+01
GAGATCG,1.74E+01
GAGATCT,9.78E+00
GAGATGA,2.38E+01
GAGATGC,3.54E+01
GAGATGG,3.20E+01
GAGATGT,5.71E+01
GAGATTA,5.57E+00
GAGATTC,5.17E+00
GAGATTG,1.11E+01
GAGATTT,1.26E+01
GAGCAAA,5.12E-02
GAGCAAC,7.41E-02
GAGCAAG,6.95E-02
GAGCAAT,2.97E-01
GAGCACA,6.27E-02
GAGCACC,1.33E-01
GAGCACG,1.27E-01
GAGCACT,2.71E-01
GAGCAGA,2.40E+00
GAGCAGC,3.22E+00
GAGCAGG,1.95E+00
GAGCAGT,1.32E+01
GAGCATA,1.22E-01
GAGCATC,1.02E-01
GAGCATG,1.46E-01
GAGCATT,6.29E-01
GAGCCAA,2.35E-03
GAGCCAC,6.66E-03
GAGCCAG,4.61E-03
GAGCCAT,1.97E-02
GAGCCCA,4.08E-03
GAGCCCC,1.70E-02
GAGCCCG,1.20E-02
GAGCCCT,2.55E-02
GAGCCGA,1.88E-01
GAGCCGC,4.92E-01
GAGCCGG,2.20E-01
GAGCCGT,1.49E+00
GAGCCTA,8.41E-03
GAGCCTC,1.37E-02
GAGCCTG,1.45E-02
GAGCCTT,6.27E-02
GAGCGAA,4.24E-03
GAGCGAC,1.20E-02
GAGCGAG,3.68E-03
GAGCGAT,3.24E-02
GAGCGCA,3.44E-03
GAGCGCC,1.44E-02
GAGCGCG,4.48E-03
GAGCGCT,1.97E-02
GAGCGGA,3.79E-01
GAGCGGC,9.97E-01
GAGCGGG,1.97E-01
GAGCGGT,2.75E+00
GAGCGTA,6.00E-03
GAGCGTC,9.84E-03
GAGCGTG,4.60E-03
GAGCGTT,4.09E-02
GAGCTAA,9.79E-03
GAGCTAC,2.45E-02
GAGCTAG,1.54E-02
GAGCTAT,6.75E-02
GAGCTCA,9.02E-03
GAGCTCC,3.32E-02
GAGCTCG,2.12E-02
GAGCTCT,4.64E-02
GAGCTGA,4.08E-01
GAGCTGC,9.46E-01
GAGCTGG,3.82E-01
GAGCTGT,2.67E+00
GAGCTTA,2.09E-02
GAGCTTC,3.02E-02
GAGCTTG,2.89E-02
GAGCTTT,1.29E-01
GAGGAAA,4.78E-01
GAGGAAC,1.07E+00
GAGGAAG,1.35E+00
GAGGAAT,2.62E+00
GAGGACA,9.17E-01
GAGGACC,3.01E+00
GAGGACG,3.87E+00
GAGGACT,3.75E+00
GAGGAGA,1.28E+01
GAGGAGC,2.65E+01
GAGGAGG,2.16E+01
GAGGAGT,6.65E+01
GAGGATA,5.54E-01
GAGGATC,7.13E-01
GAGGATG,1.38E+00
GAGGATT,2.70E+00
GAGGCAA,6.35E-02
GAGGCAC,2.77E-01
GAGGCAG,2.58E-01
GAGGCAT,5.03E-01
GAGGCCA,1.72E-01
GAGGCCC,1.11E+00
GAGGCCG,1.05E+00
GAGGCCT,1.02E+00
GAGGCGA,2.89E+00
GAGGCGC,1.17E+01
GAGGCGG,7.03E+00
GAGGCGT,2.17E+01
GAGGCTA,1.10E-01
GAGGCTC,2.78E-01
GAGGCTG,3.96E-01
GAGGCTT,7.79E-01
GAGGGAA,2.44E-02
GAGGGAC,1.07E-01
GAGGGAG,4.42E-02
GAGGGAT,1.77E-01
GAGGGCA,3.10E-02
GAGGGCC,2.00E-01
GAGGGCG,8.41E-02
GAGGGCT,1.68E-01
GAGGGGA,1.25E+00
GAGGGGC,5.07E+00
GAGGGGG,1.35E+00
GAGGGGT,8.56E+00
GAGGGTA,1.68E-02
GAGGGTC,4.26E-02
GAGGGTG,2.68E-02
GAGGGTT,1.09E-01
GAGGTAA,3.05E-02
GAGGTAC,1.18E-01
GAGGTAG,9.95E-02
GAGGTAT,1.99E-01
GAGGTCA,4.40E-02
GAGGTCC,2.50E-01
GAGGTCG,2.15E-01
GAGGTCT,2.14E-01
GAGGTGA,7.26E-01
GAGGTGC,2.60E+00
GAGGTGG,1.41E+00
GAGGTGT,4.48E+00
GAGGTTA,3.18E-02
GAGGTTC,7.08E-02
GAGGTTG,9.12E-02
GAGGTTT,1.84E-01
GAGTAAA,7.08E-02
GAGTAAC,5.89E-02
GAGTAAG,1.38E-01
GAGTAAT,6.00E-01
GAGTACA,7.33E-03
GAGTACC,8.94E-03
GAGTACG,2.14E-02
GAGTACT,4.64E-02
GAGTAGA,1.12E+00
GAGTAGC,8.65E-01
GAGTAGG,1.31E+00
GAGTAGT,9.03E+00
GAGTATA,5.57E-02
GAGTATC,2.67E-02
GAGTATG,9.54E-02
GAGTATT,4.20E-01
GAGTCAA,1.74E-02
GAGTCAC,2.83E-02
GAGTCAG,4.90E-02
GAGTCAT,2.14E-01
GAGTCCA,2.55E-03
GAGTCCC,6.10E-03
GAGTCCG,1.08E-02
GAGTCCT,2.34E-02
GAGTCGA,4.70E-01
GAGTCGC,7.08E-01
GAGTCGG,7.90E-01
GAGTCGT,5.47E+00
GAGTCTA,2.06E-02
GAGTCTC,1.93E-02
GAGTCTG,5.09E-02
GAGTCTT,2.24E-01
GAGTGAA,1.62E-02
GAGTGAC,2.65E-02
GAGTGAG,2.02E-02
GAGTGAT,1.82E-01
GAGTGCA,1.11E-03
GAGTGCC,2.67E-03
GAGTGCG,2.08E-03
GAGTGCT,9.30E-03
GAGTGGA,4.90E-01
GAGTGGC,7.42E-01
GAGTGGG,3.66E-01
GAGTGGT,5.21E+00
GAGTGTA,7.58E-03
GAGTGTC,7.15E-03
GAGTGTG,8.33E-03
GAGTGTT,7.56E-02
GAGTTAA,3.88E-02
GAGTTAC,5.58E-02
GAGTTAG,8.72E-02
GAGTTAT,3.91E-01
GAGTTCA,3.02E-03
GAGTTCC,6.38E-03
GAGTTCG,1.02E-02
GAGTTCT,2.27E-02
GAGTTGA,5.47E-01
GAGTTGC,7.28E-01
GAGTTGG,7.35E-01
GAGTTGT,5.23E+00
GAGTTTA,2.74E-02
GAGTTTC,2.27E-02
GAGTTTG,5.43E-02
GAGTTTT,2.46E-01
GATAAAA,2.34E-02
GATAAAC,4.09E-02
GATAAAG,7.24E-02
GATAAAT,3.10E-01
GATAACA,4.36E-01
GATAACC,1.12E+00
GATAACG,2.02E+00
GATAACT,4.32E+00
GATAAGA,2.80E+00
GATAAGC,4.54E+00
GATAAGG,5.18E+00
GATAAGT,3.52E+01
GATAATA,2.09E-02
GATAATC,2.11E-02
GATAATG,5.69E-02
GATAATT,2.46E-01
GATACAA,1.50E-03
GATACAC,5.13E-03
GATACAG,6.69E-03
GATACAT,2.87E-02
GATACCA,3.96E-02
GATACCC,1.99E-01
GATACCG,2.65E-01
GATACCT,5.67E-01
GATACGA,3.05E-01
GATACGC,9.67E-01
GATACGG,8.14E-01
GATACGT,5.54E+00
GATACTA,2.01E-03
GATACTC,3.96E-03
GATACTG,7.90E-03
GATACTT,3.43E-02
GATAGAA,5.00E-04
GATAGAC,1.72E-03
GATAGAG,9.92E-04
GATAGAT,8.75E-03
GATAGCA,6.17E-03
GATAGCC,3.12E-02
GATAGCG,1.84E-02
GATAGCT,8.08E-02
GATAGGA,1.14E-01
GATAGGC,3.63E-01
GATAGGG,1.35E-01
GATAGGT,1.89E+00
GATAGTA,2.65E-04
GATAGTC,5.27E-04
GATAGTG,4.64E-04
GATAGTT,4.14E-03
GATATAA,3.16E-03
GATATAC,9.59E-03
GATATAG,1.13E-02
GATATAT,4.99E-02
GATATCA,4.44E-02
GATATCC,1.98E-01
GATATCG,2.38E-01
GATATCT,5.23E-01
GATATGA,3.37E-01
GATATGC,9.44E-01
GATATGG,7.20E-01
GATATGT,5.03E+00
GATATTA,2.54E-03
GATATTC,4.44E-03
GATATTG,8.00E-03
GATATTT,3.56E-02
GATCAAA,5.75E-06
GATCAAC,1.57E-05
GATCAAG,1.24E-05
GATCAAT,2.07E-04
GATCACA,7.55E-05
GATCACC,3.02E-04
GATCACG,2.44E-04
GATCACT,2.03E-03
GATCAGA,4.77E-03
GATCAGC,1.20E-02
GATCAGG,6.14E-03
GATCAGT,1.63E-01
GATCATA,7.78E-06
GATCATC,1.22E-05
GATCATG,1.48E-05
GATCATT,2.50E-04
GATCCAA,7.65E-08
GATCCAC,4.08E-07
GATCCAG,2.38E-07
GATCCAT,3.99E-06
GATCCCA,1.42E-06
GATCCCC,1.12E-05
GATCCCG,6.63E-06
GATCCCT,5.54E-05
GATCCGA,1.08E-04
GATCCGC,5.33E-04
GATCCGG,2.00E-04
GATCCGT,5.33E-03
GATCCTA,1.55E-07
GATCCTC,4.78E-07
GATCCTG,4.26E-07
GATCCTT,7.21E-06
GATCGAA,6.88E-08
GATCGAC,3.69E-07
GATCGAG,9.51E-08
GATCGAT,3.28E-06
GATCGCA,5.99E-07
GATCGCC,4.71E-06
GATCGCG,1.24E-06
GATCGCT,2.13E-05
GATCGGA,1.09E-04
GATCGGC,5.39E-04
GATCGGG,8.98E-05
GATCGGT,4.91E-03
GATCGTA,5.54E-08
GATCGTC,1.71E-07
GATCGTG,6.74E-08
GATCGTT,2.35E-06
GATCTAA,3.78E-07
GATCTAC,1.78E-06
GATCTAG,9.41E-07
GATCTAT,1.62E-05
GATCTCA,3.73E-06
GATCTCC,2.59E-05
GATCTCG,1.39E-05
GATCTCT,1.20E-04
GATCTGA,2.78E-04
GATCTGC,1.22E-03
GATCTGG,4.14E-04
GATCTGT,1.13E-02
GATCTTA,4.59E-07
GATCTTC,1.25E-06
GATCTTG,1.01E-06
GATCTTT,1.75E-05
GATGAAA,9.06E-04
GATGAAC,3.81E-03
GATGAAG,4.06E-03
GATGAAT,3.09E-02
GATGACA,1.86E-02
GATGACC,1.15E-01
GATGACG,1.25E-01
GATGACT,4.74E-01
GATGAGA,4.28E-01
GATGAGC,1.67E+00
GATGAGG,1.15E+00
GATGAGT,1.38E+01
GATGATA,5.96E-04
GATGATC,1.45E-03
GATGATG,2.35E-03
GATGATT,1.81E-02
GATGCAA,3.48E-05
GATGCAC,2.87E-04
GATGCAG,2.25E-04
GATGCAT,1.72E-03
GATGCCA,1.01E-03
GATGCCC,1.23E-02
GATGCCG,9.82E-03
GATGCCT,3.73E-02
GATGCGA,2.80E-02
GATGCGC,2.13E-01
GATGCGG,1.08E-01
GATGCGT,1.31E+00
GATGCTA,3.44E-05
GATGCTC,1.63E-04
GATGCTG,1.96E-04
GATGCTT,1.51E-03
GATGGAA,6.69E-06
GATGGAC,5.54E-05
GATGGAG,1.92E-05
GATGGAT,3.02E-04
GATGGCA,9.11E-05
GATGGCC,1.11E-03
GATGGCG,3.92E-04
GATGGCT,3.07E-03
GATGGGA,6.03E-03
GATGGGC,4.62E-02
GATGGGG,1.03E-02
GATGGGT,2.58E-01
GATGGTA,2.62E-06
GATGGTC,1.25E-05
GATGGTG,6.63E-06
GATGGTT,1.05E-04
GATGTAA,1.98E-05
GATGTAC,1.45E-04
GATGTAG,1.03E-04
GATGTAT,8.05E-04
GATGTCA,3.07E-04
GATGTCC,3.28E-03
GATGTCG,2.38E-03
GATGTCT,9.29E-03
GATGTGA,8.34E-03
GATGTGC,5.62E-02
GATGTGG,2.58E-02
GATGTGT,3.21E-01
GATGTTA,1.17E-05
GATGTTC,4.93E-05
GATGTTG,5.35E-05
GATGTTT,4.24E-04
GATTAAA,6.48E-07
GATTAAC,1.01E-06
GATTAAG,2.00E-06
GATTAAT,3.42E-05
GATTACA,7.19E-07
GATTACC,1.65E-06
GATTACG,3.33E-06
GATTACT,2.83E-05
GATTAGA,1.82E-04
GATTAGC,2.63E-04
GATTAGG,3.36E-04
GATTAGT,9.09E-03
GATTATA,2.89E-07
GATTATC,2.61E-07
GATTATG,7.88E-07
GATTATT,1.36E-05
GATTCAA,4.62E-08
GATTCAC,1.42E-07
GATTCAG,2.06E-07
GATTCAT,3.52E-06
GATTCCA,7.26E-08
GATTCCC,3.27E-07
GATTCCG,4.85E-07
GATTCCT,4.13E-06
GATTCGA,2.20E-05
GATTCGC,6.25E-05
GATTCGG,5.87E-05
GATTCGT,1.59E-03
GATTCTA,3.10E-08
GATTCTC,5.48E-08
GATTCTG,1.22E-07
GATTCTT,2.10E-06
GATTGAA,2.15E-08
GATTGAC,6.61E-08
GATTGAG,4.25E-08
GATTGAT,1.50E-06
GATTGCA,1.58E-08
GATTGCC,7.13E-08
GATTGCG,4.68E-08
GATTGCT,8.21E-07
GATTGGA,1.15E-05
GATTGGC,3.27E-05
GATTGGG,1.36E-05
GATTGGT,7.58E-04
GATTGTA,5.70E-09
GATTGTC,1.01E-08
GATTGTG,9.95E-09
GATTGTT,3.54E-07
GATTTAA,1.22E-07
GATTTAC,3.31E-07
GATTTAG,4.36E-07
GATTTAT,7.65E-06
GATTTCA,1.02E-07
GATTTCC,4.05E-07
GATTTCG,5.44E-07
GATTTCT,4.77E-06
GATTTGA,3.04E-05
GATTTGC,7.62E-05
GATTTGG,6.48E-05
GATTTGT,1.81E-03
GATTTTA,4.89E-08
GATTTTC,7.65E-08
GATTTTG,1.54E-07
GATTTTT,2.73E-06
GCAAAAA,6.54E-03
GCAAAAC,7.60E-03
GCAAAAG,9.12E-03
GCAAAAT,1.19E-01
GCAAACA,9.77E-03
GCAAACC,1.67E-02
GCAAACG,2.04E-02
GCAAACT,1.33E-01
GCAAAGA,1.97E+00
GCAAAGC,2.12E+00
GCAAAGG,1.64E+00
GCAAAGT,3.40E+01
GCAAATA,6.02E-03
GCAAATC,4.04E-03
GCAAATG,7.39E-03
GCAAATT,9.78E-02
GCAACAA,4.46E-04
GCAACAC,1.02E-03
GCAACAG,8.98E-04
GCAACAT,1.18E-02
GCAACCA,9.44E-04
GCAACCC,3.16E-03
GCAACCG,2.85E-03
GCAACCT,1.86E-02
GCAACGA,2.28E-01
GCAACGC,4.81E-01
GCAACGG,2.74E-01
GCAACGT,5.71E+00
GCAACTA,6.16E-04
GCAACTC,8.09E-04
GCAACTG,1.09E-03
GCAACTT,1.45E-02
GCAAGAA,1.12E-04
GCAAGAC,2.56E-04
GCAAGAG,1.00E-04
GCAAGAT,2.70E-03
GCAAGCA,1.11E-04
GCAAGCC,3.73E-04
GCAAGCG,1.49E-04
GCAAGCT,2.00E-03
GCAAGGA,6.42E-02
GCAAGGC,1.36E-01
GCAAGGG,3.43E-02
GCAAGGT,1.47E+00
GCAAGTA,6.14E-05
GCAAGTC,8.10E-05
GCAAGTG,4.84E-05
GCAAGTT,1.32E-03
GCAATAA,5.47E-04
GCAATAC,1.10E-03
GCAATAG,8.84E-04
GCAATAT,1.19E-02
GCAATCA,6.16E-04
GCAATCC,1.82E-03
GCAATCG,1.49E-03
GCAATCT,1.00E-02
GCAATGA,1.46E-01
GCAATGC,2.73E-01
GCAATGG,1.41E-01
GCAATGT,3.01E+00
GCAATTA,4.53E-04
GCAATTC,5.27E-04
GCAATTG,6.44E-04
GCAATTT,8.76E-03
GCACAAA,2.82E-07
GCACAAC,5.12E-07
GCACAAG,2.74E-07
GCACAAT,1.40E-05
GCACACA,2.97E-07
GCACACC,7.92E-07
GCACACG,4.33E-07
GCACACT,1.10E-05
GCACAGA,5.88E-04
GCACAGC,9.87E-04
GCACAGG,3.41E-04
GCACAGT,2.77E-02
GCACATA,3.94E-07
GCACATC,4.12E-07
GCACATG,3.37E-07
GCACATT,1.74E-05
GCACCAA,4.00E-09
GCACCAC,1.42E-08
GCACCAG,5.61E-09
GCACCAT,2.88E-07
GCACCCA,5.97E-09
GCACCCC,3.11E-08
GCACCCG,1.25E-08
GCACCCT,3.20E-07
GCACCGA,1.42E-05
GCACCGC,4.66E-05
GCACCGG,1.19E-05
GCACCGT,9.65E-04
GCACCTA,8.38E-09
GCACCTC,1.72E-08
GCACCTG,1.03E-08
GCACCTT,5.36E-07
GCACGAA,2.71E-09
GCACGAC,9.67E-09
GCACGAG,1.69E-09
GCACGAT,1.78E-07
GCACGCA,1.89E-09
GCACGCC,9.92E-09
GCACGCG,1.77E-09
GCACGCT,9.28E-08
GCACGGA,1.08E-05
GCACGGC,3.55E-05
GCACGGG,4.01E-06
GCACGGT,6.70E-04
GCACGTA,2.25E-09
GCACGTC,4.63E-09
GCACGTG,1.24E-09
GCACGTT,1.32E-07
GCACTAA,1.15E-08
GCACTAC,3.61E-08
GCACTAG,1.29E-08
GCACTAT,6.79E-07
GCACTCA,9.10E-09
GCACTCC,4.20E-08
GCACTCG,1.53E-08
GCACTCT,4.02E-07
GCACTGA,2.12E-05
GCACTGC,6.18E-05
GCACTGG,1.43E-05
GCACTGT,1.19E-03
GCACTTA,1.44E-08
GCACTTC,2.61E-08
GCACTTG,1.42E-08
GCACTTT,7.58E-07
GCAGAAA,2.02E-04
GCAGAAC,5.65E-04
GCAGAAG,4.08E-04
GCAGAAT,9.48E-03
GCAGACA,3.33E-04
GCAGACC,1.37E-03
GCAGACG,1.01E-03
GCAGACT,1.17E-02
GCAGAGA,2.40E-01
GCAGAGC,6.22E-01
GCAGAGG,2.89E-01
GCAGAGT,1.07E+01
GCAGATA,1.37E-04
GCAGATC,2.21E-04
GCAGATG,2.44E-04
GCAGATT,5.73E-03
GCAGCAA,8.27E-06
GCAGCAC,4.53E-05
GCAGCAG,2.41E-05
GCAGCAT,5.62E-04
GCAGCCA,1.93E-05
GCAGCCC,1.55E-04
GCAGCCG,8.43E-05
GCAGCCT,9.80E-04
GCAGCGA,1.67E-02
GCAGCGC,8.48E-02
GCAGCGG,2.91E-02
GCAGCGT,1.08E+00
GCAGCTA,8.43E-06
GCAGCTC,2.66E-05
GCAGCTG,2.16E-05
GCAGCTT,5.10E-04
GCAGGAA,1.20E-06
GCAGGAC,6.59E-06
GCAGGAG,1.55E-06
GCAGGAT,7.44E-05
GCAGGCA,1.31E-06
GCAGGCC,1.06E-05
GCAGGCG,2.54E-06
GCAGGCT,6.07E-05
GCAGGGA,2.71E-03
GCAGGGC,1.38E-02
GCAGGGG,2.10E-03
GCAGGGT,1.60E-01
GCAGGTA,4.84E-07
GCAGGTC,1.54E-06
GCAGGTG,5.52E-07
GCAGGTT,2.67E-05
GCAGTAA,2.74E-06
GCAGTAC,1.33E-05
GCAGTAG,6.40E-06
GCAGTAT,1.53E-04
GCAGTCA,3.40E-06
GCAGTCC,2.42E-05
GCAGTCG,1.19E-05
GCAGTCT,1.42E-04
GCAGTGA,2.89E-03
GCAGTGC,1.30E-02
GCAGTGG,4.03E-03
GCAGTGT,1.53E-01
GCAGTTA,1.67E-06
GCAGTTC,4.68E-06
GCAGTTG,3.44E-06
GCAGTTT,8.32E-05
GCATAAA,1.44E-06
GCATAAC,1.50E-06
GCATAAG,2.01E-06
GCATAAT,1.05E-04
GCATACA,1.28E-07
GCATACC,1.96E-07
GCATACG,2.67E-07
GCATACT,6.95E-06
GCATAGA,1.01E-03
GCATAGC,9.78E-04
GCATAGG,8.44E-04
GCATAGT,6.98E-02
GCATATA,6.63E-07
GCATATC,3.99E-07
GCATATG,8.14E-07
GCATATT,4.29E-05
GCATCAA,1.09E-07
GCATCAC,2.23E-07
GCATCAG,2.20E-07
GCATCAT,1.15E-05
GCATCCA,1.38E-08
GCATCCC,4.13E-08
GCATCCG,4.15E-08
GCATCCT,1.08E-06
GCATCGA,1.31E-04
GCATCGC,2.47E-04
GCATCGG,1.57E-04
GCATCGT,1.30E-02
GCATCTA,7.56E-08
GCATCTC,8.89E-08
GCATCTG,1.34E-07
GCATCTT,7.07E-06
GCATGAA,3.82E-08
GCATGAC,7.83E-08
GCATGAG,3.42E-08
GCATGAT,3.67E-06
GCATGCA,2.26E-09
GCATGCC,6.79E-09
GCATGCG,3.02E-09
GCATGCT,1.62E-07
GCATGGA,5.14E-05
GCATGGC,9.74E-05
GCATGGG,2.74E-05
GCATGGT,4.67E-03
GCATGTA,1.05E-08
GCATGTC,1.24E-08
GCATGTG,8.25E-09
GCATGTT,8.97E-07
GCATTAA,1.68E-07
GCATTAC,3.02E-07
GCATTAG,2.70E-07
GCATTAT,1.45E-05
GCATTCA,1.12E-08
GCATTCC,2.97E-08
GCATTCG,2.71E-08
GCATTCT,7.24E-07
GCATTGA,1.05E-04
GCATTGC,1.75E-04
GCATTGG,1.01E-04
GCATTGT,8.60E-03
GCATTTA,6.94E-08
GCATTTC,7.23E-08
GCATTTG,9.85E-08
GCATTTT,5.34E-06
GCCAAAA,4.58E-04
GCCAAAC,3.20E-04
GCCAAAG,6.23E-04
GCCAAAT,9.86E-03
GCCAACA,4.42E-02
GCCAACC,4.55E-02
GCCAACG,9.01E-02
GCCAACT,7.11E-01
GCCAAGA,3.43E+00
GCCAAGC,2.22E+00
GCCAAGG,2.79E+00
GCCAAGT,7.00E+01
GCCAATA,1.39E-02
GCCAATC,5.60E-03
GCCAATG,1.66E-02
GCCAATT,2.66E-01
GCCACAA,4.43E-05
GCCACAC,6.07E-05
GCCACAG,8.71E-05
GCCACAT,1.38E-03
GCCACCA,6.06E-03
GCCACCC,1.22E-02
GCCACCG,1.79E-02
GCCACCT,1.41E-01
GCCACGA,5.64E-01
GCCACGC,7.16E-01
GCCACGG,6.63E-01
GCCACGT,1.67E+01
GCCACTA,2.02E-03
GCCACTC,1.59E-03
GCCACTG,3.49E-03
GCCACTT,5.59E-02
GCCAGAA,5.33E-06
GCCAGAC,7.34E-06
GCCAGAG,4.65E-06
GCCAGAT,1.52E-04
GCCAGCA,3.41E-04
GCCAGCC,6.90E-04
GCCAGCG,4.46E-04
GCCAGCT,7.26E-03
GCCAGGA,7.61E-02
GCCAGGC,9.70E-02
GCCAGGG,3.97E-02
GCCAGGT,2.05E+00
GCCAGTA,9.62E-05
GCCAGTC,7.64E-05
GCCAGTG,7.39E-05
GCCAGTT,2.44E-03
GCCATAA,3.21E-05
GCCATAC,3.89E-05
GCCATAG,5.05E-05
GCCATAT,8.22E-04
GCCATCA,2.33E-03
GCCATCC,4.16E-03
GCCATCG,5.50E-03
GCCATCT,4.46E-02
GCCATGA,2.13E-01
GCCATGC,2.40E-01
GCCATGG,2.01E-01
GCCATGT,5.19E+00
GCCATTA,8.74E-04
GCCATTC,6.12E-04
GCCATTG,1.21E-03
GCCATTT,1.99E-02
GCCCAAA,1.16E-07
GCCCAAC,1.27E-07
GCCCAAG,1.10E-07
GCCCAAT,6.80E-06
GCCCACA,7.89E-06
GCCCACC,1.26E-05
GCCCACG,1.12E-05
GCCCACT,3.45E-04
GCCCAGA,6.02E-03
GCCCAGC,6.07E-03
GCCCAGG,3.41E-03
GCCCAGT,3.34E-01
GCCCATA,5.33E-06
GCCCATC,3.35E-06
GCCCATG,4.45E-06
GCCCATT,2.78E-04
GCCCCAA,2.33E-09
GCCCCAC,4.99E-09
GCCCCAG,3.19E-09
GCCCCAT,1.98E-07
GCCCCCA,2.25E-07
GCCCCCC,7.06E-07
GCCCCCG,4.61E-07
GCCCCCT,1.42E-05
GCCCCGA,2.06E-04
GCCCCGC,4.07E-04
GCCCCGG,1.68E-04
GCCCCGT,1.65E-02
GCCCCTA,1.61E-07
GCCCCTC,1.98E-07
GCCCCTG,1.94E-07
GCCCCTT,1.21E-05
GCCCGAA,7.58E-10
GCCCGAC,1.62E-09
GCCCGAG,4.60E-10
GCCCGAT,5.87E-08
GCCCGCA,3.42E-08
GCCCGCC,1.08E-07
GCCCGCG,3.11E-08
GCCCGCT,1.98E-06
GCCCGGA,7.49E-05
GCCCGGC,1.49E-04
GCCCGGG,2.72E-05
GCCCGGT,5.50E-03
GCCCGTA,2.07E-08
GCCCGTC,2.56E-08
GCCCGTG,1.11E-08
GCCCGTT,1.43E-06
GCCCTAA,3.95E-09
GCCCTAC,7.47E-09
GCCCTAG,4.33E-09
GCCCTAT,2.75E-07
GCCCTCA,2.02E-07
GCCCTCC,5.61E-07
GCCCTCG,3.32E-07
GCCCTCT,1.05E-05
GCCCTGA,1.82E-04
GCCCTGC,3.18E-04
GCCCTGG,1.19E-04
GCCCTGT,1.20E-02
GCCCTTA,1.63E-07
GCCCTTC,1.78E-07
GCCCTTG,1.57E-07
GCCCTTT,1.01E-05
GCCGAAA,1.54E-05
GCCGAAC,2.60E-05
GCCGAAG,3.04E-05
GCCGAAT,8.54E-04
GCCGACA,1.64E-03
GCCGACC,4.06E-03
GCCGACG,4.84E-03
GCCGACT,6.79E-02
GCCGAGA,4.56E-01
GCCGAGC,7.11E-01
GCCGAGG,5.37E-01
GCCGAGT,2.39E+01
GCCGATA,3.45E-04
GCCGATC,3.35E-04
GCCGATG,5.98E-04
GCCGATT,1.70E-02
GCCGCAA,8.96E-07
GCCGCAC,2.95E-06
GCCGCAG,2.55E-06
GCCGCAT,7.18E-05
GCCGCCA,1.35E-04
GCCGCCC,6.55E-04
GCCGCCG,5.76E-04
GCCGCCT,8.09E-03
GCCGCGA,4.51E-02
GCCGCGC,1.38E-01
GCCGCGG,7.66E-02
GCCGCGT,3.42E+00
GCCGCTA,3.01E-05
GCCGCTC,5.72E-05
GCCGCTG,7.53E-05
GCCGCTT,2.15E-03
GCCGGAA,6.22E-08
GCCGGAC,2.06E-07
GCCGGAG,7.85E-08
GCCGGAT,4.55E-06
GCCGGCA,4.39E-06
GCCGGCC,2.13E-05
GCCGGCG,8.29E-06
GCCGGCT,2.40E-04
GCCGGGA,3.50E-03
GCCGGGC,1.07E-02
GCCGGGG,2.64E-03
GCCGGGT,2.43E-01
GCCGGTA,8.27E-07
GCCGGTC,1.58E-06
GCCGGTG,9.19E-07
GCCGGTT,5.39E-05
GCCGTAA,1.75E-07
GCCGTAC,5.11E-07
GCCGTAG,3.99E-07
GCCGTAT,1.15E-05
GCCGTCA,1.40E-05
GCCGTCC,6.01E-05
GCCGTCG,4.79E-05
GCCGTCT,6.91E-04
GCCGTGA,4.60E-03
GCCGTGC,1.24E-02
GCCGTGG,6.26E-03
GCCGTGT,2.87E-01
GCCGTTA,3.52E-06
GCCGTTC,5.92E-06
GCCGTTG,7.06E-06
GCCGTTT,2.06E-04
GCCTAAA,6.97E-09
GCCTAAC,4.37E-09
GCCTAAG,9.48E-09
GCCTAAT,5.97E-07
GCCTACA,4.00E-08
GCCTACC,3.69E-08
GCCTACG,8.15E-08
GCCTACT,2.56E-06
GCCTAGA,1.22E-04
GCCTAGC,7.09E-05
GCCTAGG,9.93E-05
GCCTAGT,9.93E-03
GCCTATA,1.06E-07
GCCTATC,3.82E-08
GCCTATG,1.27E-07
GCCTATT,8.07E-06
GCCTCAA,7.51E-10
GCCTCAC,9.22E-10
GCCTCAG,1.47E-09
GCCTCAT,9.31E-08
GCCTCCA,6.11E-09
GCCTCCC,1.10E-08
GCCTCCG,1.80E-08
GCCTCCT,5.66E-07
GCCTCGA,2.24E-05
GCCTCGC,2.54E-05
GCCTCGG,2.63E-05
GCCTCGT,2.63E-03
GCCTCTA,1.71E-08
GCCTCTC,1.21E-08
GCCTCTG,2.96E-08
GCCTCTT,1.89E-06
GCCTGAA,1.26E-10
GCCTGAC,1.55E-10
GCCTGAG,1.10E-10
GCCTGAT,1.43E-08
GCCTGCA,4.79E-10
GCCTGCC,8.68E-10
GCCTGCG,6.26E-10
GCCTGCT,4.05E-08
GCCTGGA,4.21E-06
GCCTGGC,4.80E-06
GCCTGGG,2.19E-06
GCCTGGT,4.52E-04
GCCTGTA,1.14E-09
GCCTGTC,8.08E-10
GCCTGTG,8.72E-10
GCCTGTT,1.15E-07
GCCTTAA,6.79E-10
GCCTTAC,7.37E-10
GCCTTAG,1.07E-09
GCCTTAT,6.93E-08
GCCTTCA,2.94E-09
GCCTTCC,4.68E-09
GCCTTCG,6.91E-09
GCCTTCT,2.24E-07
GCCTTGA,1.06E-05
GCCTTGC,1.06E-05
GCCTTGG,9.94E-06
GCCTTGT,1.02E-03
GCCTTTA,9.26E-09
GCCTTTC,5.80E-09
GCCTTTG,1.28E-08
GCCTTTT,8.41E-07
GCGAAAA,1.95E+00
GCGAAAC,1.36E+00
GCGAAAG,3.27E+00
GCGAAAT,6.87E+00
GCGAACA,2.64E+00
GCGAACC,2.70E+00
GCGAACG,6.63E+00
GCGAACT,6.94E+00
GCGAAGA,5.04E+01
GCGAAGC,3.24E+01
GCGAAGG,5.04E+01
GCGAAGT,1.68E+02
GCGAATA,2.33E+00
GCGAATC,9.33E-01
GCGAATG,3.43E+00
GCGAATT,7.29E+00
GCGACAA,3.71E-01
GCGACAC,5.04E-01
GCGACAG,8.97E-01
GCGACAT,1.89E+00
GCGACCA,7.12E-01
GCGACCC,1.42E+00
GCGACCG,2.58E+00
GCGACCT,2.70E+00
GCGACGA,1.63E+01
GCGACGC,2.05E+01
GCGACGG,2.35E+01
GCGACGT,7.84E+01
GCGACTA,6.64E-01
GCGACTC,5.21E-01
GCGACTG,1.41E+00
GCGACTT,3.01E+00
GCGAGAA,1.50E-01
GCGAGAC,2.05E-01
GCGAGAG,1.61E-01
GCGAGAT,6.98E-01
GCGAGCA,1.35E-01
GCGAGCC,2.71E-01
GCGAGCG,2.17E-01
GCGAGCT,4.68E-01
GCGAGGA,7.39E+00
GCGAGGC,9.34E+00
GCGAGGG,4.74E+00
GCGAGGT,3.25E+01
GCGAGTA,1.07E-01
GCGAGTC,8.40E-02
GCGAGTG,1.01E-01
GCGAGTT,4.41E-01
GCGATAA,4.89E-01
GCGATAC,5.87E-01
GCGATAG,9.46E-01
GCGATAT,2.04E+00
GCGATCA,4.98E-01
GCGATCC,8.79E-01
GCGATCG,1.44E+00
GCGATCT,1.55E+00
GCGATGA,1.12E+01
GCGATGC,1.25E+01
GCGATGG,1.29E+01
GCGATGT,4.44E+01
GCGATTA,5.24E-01
GCGATTC,3.63E-01
GCGATTG,8.92E-01
GCGATTT,1.95E+00
GCGCAAA,3.61E-03
GCGCAAC,3.90E-03
GCGCAAG,4.21E-03
GCGCAAT,3.45E-02
GCGCACA,3.44E-03
GCGCACC,5.47E-03
GCGCACG,6.00E-03
GCGCACT,2.46E-02
GCGCAGA,6.45E-01
GCGCAGC,6.45E-01
GCGCAGG,4.49E-01
GCGCAGT,5.84E+00
GCGCATA,6.52E-03
GCGCATC,4.07E-03
GCGCATG,6.69E-03
GCGCATT,5.55E-02
GCGCCAA,1.42E-04
GCGCCAC,3.02E-04
GCGCCAG,2.40E-04
GCGCCAT,1.97E-03
GCGCCCA,1.92E-04
GCGCCCC,5.98E-04
GCGCCCG,4.85E-04
GCGCCCT,1.99E-03
GCGCCGA,4.33E-02
GCGCCGC,8.48E-02
GCGCCGG,4.35E-02
GCGCCGT,5.67E-01
GCGCCTA,3.87E-04
GCGCCTC,4.72E-04
GCGCCTG,5.72E-04
GCGCCTT,4.76E-03
GCGCGAA,1.56E-04
GCGCGAC,3.31E-04
GCGCGAG,1.16E-04
GCGCGAT,1.97E-03
GCGCGCA,9.84E-05
GCGCGCC,3.07E-04
GCGCGCG,1.10E-04
GCGCGCT,9.28E-04
GCGCGGA,5.30E-02
GCGCGGC,1.04E-01
GCGCGGG,2.36E-02
GCGCGGT,6.35E-01
GCGCGTA,1.67E-04
GCGCGTC,2.05E-04
GCGCGTG,1.10E-04
GCGCGTT,1.88E-03
GCGCTAA,4.38E-04
GCGCTAC,8.21E-04
GCGCTAG,5.91E-04
GCGCTAT,4.99E-03
GCGCTCA,3.14E-04
GCGCTCC,8.65E-04
GCGCTCG,6.34E-04
GCGCTCT,2.67E-03
GCGCTGA,6.95E-02
GCGCTGC,1.21E-01
GCGCTGG,5.60E-02
GCGCTGT,7.50E-01
GCGCTTA,7.12E-04
GCGCTTC,7.69E-04
GCGCTTG,8.44E-04
GCGCTTT,7.21E-03
GCGGAAA,1.05E-01
GCGGAAC,1.75E-01
GCGGAAG,2.54E-01
GCGGAAT,9.48E-01
GCGGACA,1.57E-01
GCGGACC,3.84E-01
GCGGACG,5.68E-01
GCGGACT,1.06E+00
GCGGAGA,1.07E+01
GCGGAGC,1.65E+01
GCGGAGG,1.55E+01
GCGGAGT,9.15E+01
GCGGATA,9.23E-02
GCGGATC,8.88E-02
GCGGATG,1.97E-01
GCGGATT,7.42E-01
GCGGCAA,1.20E-02
GCGGCAC,3.91E-02
GCGGCAG,4.18E-02
GCGGCAT,1.56E-01
GCGGCCA,2.53E-02
GCGGCCC,1.21E-01
GCGGCCG,1.32E-01
GCGGCCT,2.47E-01
GCGGCGA,2.07E+00
GCGGCGC,6.27E+00
GCGGCGG,4.33E+00
GCGGCGT,2.57E+01
GCGGCTA,1.58E-02
GCGGCTC,2.98E-02
GCGGCTG,4.86E-02
GCGGCTT,1.84E-01
GCGGGAA,2.79E-03
GCGGGAC,9.17E-03
GCGGGAG,4.34E-03
GCGGGAT,3.34E-02
GCGGGCA,2.76E-03
GCGGGCC,1.33E-02
GCGGGCG,6.42E-03
GCGGGCT,2.46E-02
GCGGGGA,5.43E-01
GCGGGGC,1.65E+00
GCGGGGG,5.03E-01
GCGGGGT,6.14E+00
GCGGGTA,1.46E-03
GCGGGTC,2.77E-03
GCGGGTG,2.00E-03
GCGGGTT,1.55E-02
GCGGTAA,4.25E-03
GCGGTAC,1.23E-02
GCGGTAG,1.19E-02
GCGGTAT,4.57E-02
GCGGTCA,4.77E-03
GCGGTCC,2.03E-02
GCGGTCG,2.00E-02
GCGGTCT,3.83E-02
GCGGTGA,3.85E-01
GCGGTGC,1.03E+00
GCGGTGG,6.43E-01
GCGGTGT,3.92E+00
GCGGTTA,3.36E-03
GCGGTTC,5.60E-03
GCGGTTG,8.28E-03
GCGGTTT,3.22E-02
GCGTAAA,3.50E-03
GCGTAAC,2.17E-03
GCGTAAG,5.85E-03
GCGTAAT,4.89E-02
GCGTACA,2.82E-04
GCGTACC,2.57E-04
GCGTACG,7.05E-04
GCGTACT,2.94E-03
GCGTAGA,2.11E-01
GCGTAGC,1.22E-01
GCGTAGG,2.11E-01
GCGTAGT,2.80E+00
GCGTATA,2.09E-03
GCGTATC,7.48E-04
GCGTATG,3.07E-03
GCGTATT,2.60E-02
GCGTCAA,7.39E-04
GCGTCAC,9.00E-04
GCGTCAG,1.78E-03
GCGTCAT,1.50E-02
GCGTCCA,8.44E-05
GCGTCCC,1.51E-04
GCGTCCG,3.05E-04
GCGTCCT,1.27E-03
GCGTCGA,7.60E-02
GCGTCGC,8.56E-02
GCGTCGG,1.10E-01
GCGTCGT,1.46E+00
GCGTCTA,6.63E-04
GCGTCTC,4.65E-04
GCGTCTG,1.41E-03
GCGTCTT,1.19E-02
GCGTGAA,4.17E-04
GCGTGAC,5.10E-04
GCGTGAG,4.47E-04
GCGTGAT,7.71E-03
GCGTGCA,2.23E-05
GCGTGCC,4.00E-05
GCGTGCG,3.57E-05
GCGTGCT,3.07E-04
GCGTGGA,4.80E-02
GCGTGGC,5.43E-02
GCGTGGG,3.07E-02
GCGTGGT,8.41E-01
GCGTGTA,1.48E-04
GCGTGTC,1.04E-04
GCGTGTG,1.40E-04
GCGTGTT,2.44E-03
GCGTTAA,1.22E-03
GCGTTAC,1.31E-03
GCGTTAG,2.35E-03
GCGTTAT,2.02E-02
GCGTTCA,7.37E-05
GCGTTCC,1.16E-04
GCGTTCG,2.13E-04
GCGTTCT,9.15E-04
GCGTTGA,6.52E-02
GCGTTGC,6.50E-02
GCGTTGG,7.53E-02
GCGTTGT,1.03E+00
GCGTTTA,6.52E-04
GCGTTTC,4.05E-04
GCGTTTG,1.11E-03
GCGTTTT,9.66E-03
GCTAAAA,2.55E-03
GCTAAAC,3.33E-03
GCTAAAG,6.77E-03
GCTAAAT,5.57E-02
GCTAACA,3.69E-02
GCTAACC,7.10E-02
GCTAACG,1.47E-01
GCTAACT,6.03E-01
GCTAAGA,1.16E+00
GCTAAGC,1.40E+00
GCTAAGG,1.84E+00
GCTAAGT,2.40E+01
GCTAATA,1.72E-03
GCTAATC,1.30E-03
GCTAATG,4.04E-03
GCTAATT,3.36E-02
GCTACAA,1.40E-04
GCTACAC,3.59E-04
GCTACAG,5.38E-04
GCTACAT,4.43E-03
GCTACCA,2.88E-03
GCTACCC,1.08E-02
GCTACCG,1.66E-02
GCTACCT,6.80E-02
GCTACGA,1.09E-01
GCTACGC,2.57E-01
GCTACGG,2.49E-01
GCTACGT,3.25E+00
GCTACTA,1.42E-04
GCTACTC,2.10E-04
GCTACTG,4.81E-04
GCTACTT,4.01E-03
GCTAGAA,2.83E-05
GCTAGAC,7.29E-05
GCTAGAG,4.83E-05
GCTAGAT,8.19E-04
GCTAGCA,2.73E-04
GCTAGCC,1.03E-03
GCTAGCG,6.96E-04
GCTAGCT,5.88E-03
GCTAGGA,2.46E-02
GCTAGGC,5.86E-02
GCTAGGG,2.51E-02
GCTAGGT,6.74E-01
GCTAGTA,1.14E-05
GCTAGTC,1.70E-05
GCTAGTG,1.71E-05
GCTAGTT,2.94E-04
GCTATAA,2.19E-04
GCTATAC,4.96E-04
GCTATAG,6.73E-04
GCTATAT,5.69E-03
GCTATCA,2.39E-03
GCTATCC,7.95E-03
GCTATCG,1.10E-02
GCTATCT,4.64E-02
GCTATGA,8.85E-02
GCTATGC,1.86E-01
GCTATGG,1.63E-01
GCTATGT,2.18E+00
GCTATTA,1.33E-04
GCTATTC,1.74E-04
GCTATTG,3.61E-04
GCTATTT,3.09E-03
GCTCAAA,2.26E-07
GCTCAAC,4.62E-07
GCTCAAG,4.19E-07
GCTCAAT,1.35E-05
GCTCACA,2.31E-06
GCTCACC,6.93E-06
GCTCACG,6.41E-06
GCTCACT,1.03E-04
GCTCAGA,7.14E-04
GCTCAGC,1.35E-03
GCTCAGG,7.90E-04
GCTCAGT,4.03E-02
GCTCATA,2.32E-07
GCTCATC,2.73E-07
GCTCATG,3.79E-07
GCTCATT,1.23E-05
GCTCCAA,2.59E-09
GCTCCAC,1.03E-08
GCTCCAG,6.92E-09
GCTCCAT,2.23E-07
GCTCCCA,3.75E-08
GCTCCCC,2.20E-07
GCTCCCG,1.50E-07
GCTCCCT,2.41E-06
GCTCCGA,1.39E-05
GCTCCGC,5.13E-05
GCTCCGG,2.22E-05
GCTCCGT,1.13E-03
GCTCCTA,3.99E-09
GCTCCTC,9.19E-09
GCTCCTG,9.39E-09
GCTCCTT,3.06E-07
GCTCGAA,1.41E-09
GCTCGAC,5.66E-09
GCTCGAG,1.68E-09
GCTCGAT,1.11E-07
GCTCGCA,9.57E-09
GCTCGCC,5.63E-08
GCTCGCG,1.70E-08
GCTCGCT,5.62E-07
GCTCGGA,8.49E-06
GCTCGGC,3.15E-05
GCTCGGG,6.02E-06
GCTCGGT,6.33E-04
GCTCGTA,8.63E-10
GCTCGTC,2.00E-09
GCTCGTG,9.02E-10
GCTCGTT,6.04E-08
GCTCTAA,9.45E-09
GCTCTAC,3.34E-08
GCTCTAG,2.02E-08
GCTCTAT,6.69E-07
GCTCTCA,7.26E-08
GCTCTCC,3.77E-07
GCTCTCG,2.33E-07
GCTCTCT,3.84E-06
GCTCTGA,2.65E-05
GCTCTGC,8.65E-05
GCTCTGG,3.39E-05
GCTCTGT,1.78E-03
GCTCTTA,8.72E-09
GCTCTTC,1.78E-08
GCTCTTG,1.64E-08
GCTCTTT,5.49E-07
GCTGAAA,1.11E-04
GCTGAAC,3.49E-04
GCTGAAG,4.27E-04
GCTGAAT,6.24E-03
GCTGACA,1.77E-03
GCTGACC,8.20E-03
GCTGACG,1.02E-02
GCTGACT,7.45E-02
GCTGAGA,2.00E-01
GCTGAGC,5.82E-01
GCTGAGG,4.59E-01
GCTGAGT,1.06E+01
GCTGATA,5.54E-05
GCTGATC,1.01E-04
GCTGATG,1.88E-04
GCTGATT,2.77E-03
GCTGCAA,3.67E-06
GCTGCAC,2.26E-05
GCTGCAG,2.04E-05
GCTGCAT,2.98E-04
GCTGCCA,8.31E-05
GCTGCCC,7.52E-04
GCTGCCG,6.91E-04
GCTGCCT,5.05E-03
GCTGCGA,1.12E-02
GCTGCGC,6.40E-02
GCTGCGG,3.72E-02
GCTGCGT,8.65E-01
GCTGCTA,2.75E-06
GCTGCTC,9.77E-06
GCTGCTG,1.34E-05
GCTGCTT,1.99E-04
GCTGGAA,4.28E-07
GCTGGAC,2.65E-06
GCTGGAG,1.05E-06
GCTGGAT,3.18E-05
GCTGGCA,4.53E-06
GCTGGCC,4.12E-05
GCTGGCG,1.67E-05
GCTGGCT,2.52E-04
GCTGGGA,1.47E-03
GCTGGGC,8.40E-03
GCTGGGG,2.16E-03
GCTGGGT,1.03E-01
GCTGGTA,1.27E-07
GCTGGTC,4.54E-07
GCTGGTG,2.76E-07
GCTGGTT,8.41E-06
GCTGTAA,1.55E-06
GCTGTAC,8.42E-06
GCTGTAG,6.87E-06
GCTGTAT,1.03E-04
GCTGTCA,1.86E-05
GCTGTCC,1.49E-04
GCTGTCG,1.24E-04
GCTGTCT,9.29E-04
GCTGTGA,2.47E-03
GCTGTGC,1.25E-02
GCTGTGG,6.56E-03
GCTGTGT,1.57E-01
GCTGTTA,6.94E-07
GCTGTTC,2.18E-06
GCTGTTG,2.72E-06
GCTGTTT,4.13E-05
GCTTAAA,1.79E-08
GCTTAAC,2.09E-08
GCTTAAG,4.75E-08
GCTTAAT,1.56E-06
GCTTACA,1.54E-08
GCTTACC,2.65E-08
GCTTACG,6.13E-08
GCTTACT,1.00E-06
GCTTAGA,1.91E-05
GCTTAGC,2.07E-05
GCTTAGG,3.02E-05
GCTTAGT,1.57E-03
GCTTATA,6.06E-09
GCTTATC,4.09E-09
GCTTATG,1.42E-08
GCTTATT,4.69E-07
GCTTCAA,1.09E-09
GCTTCAC,2.51E-09
GCTTCAG,4.20E-09
GCTTCAT,1.38E-07
GCTTCCA,1.34E-09
GCTTCCC,4.51E-09
GCTTCCG,7.69E-09
GCTTCCT,1.26E-07
GCTTCGA,1.99E-06
GCTTCGC,4.22E-06
GCTTCGG,4.55E-06
GCTTCGT,2.37E-04
GCTTCTA,5.57E-10
GCTTCTC,7.37E-10
GCTTCTG,1.88E-09
GCTTCTT,6.24E-08
GCTTGAA,3.08E-10
GCTTGAC,7.10E-10
GCTTGAG,5.25E-10
GCTTGAT,3.55E-08
GCTTGCA,1.76E-10
GCTTGCC,5.97E-10
GCTTGCG,4.50E-10
GCTTGCT,1.52E-08
GCTTGGA,6.27E-07
GCTTGGC,1.34E-06
GCTTGGG,6.38E-07
GCTTGGT,6.84E-05
GCTTGTA,6.23E-11
GCTTGTC,8.27E-11
GCTTGTG,9.33E-11
GCTTGTT,6.37E-09
GCTTTAA,2.14E-09
GCTTTAC,4.33E-09
GCTTTAG,6.56E-09
GCTTTAT,2.21E-07
GCTTTCA,1.39E-09
GCTTTCC,4.13E-09
GCTTTCG,6.38E-09
GCTTTCT,1.07E-07
GCTTTGA,2.02E-06
GCTTTGC,3.80E-06
GCTTTGG,3.71E-06
GCTTTGT,1.99E-04
GCTTTTA,6.51E-10
GCTTTTC,7.62E-10
GCTTTTG,1.76E-09
GCTTTTT,6.00E-08
GGAAAAA,2.91E-03
GGAAAAC,5.14E-03
GGAAAAG,4.75E-03
GGAAAAT,5.66E-02
GGAAACA,5.03E-03
GGAAACC,1.31E-02
GGAAACG,1.23E-02
GGAAACT,7.31E-02
GGAAAGA,1.31E+00
GGAAAGC,2.14E+00
GGAAAGG,1.28E+00
GGAAAGT,2.41E+01
GGAAATA,6.36E-03
GGAAATC,6.48E-03
GGAAATG,9.16E-03
GGAAATT,1.10E-01
GGAACAA,1.12E-04
GGAACAC,3.87E-04
GGAACAG,2.64E-04
GGAACAT,3.15E-03
GGAACCA,2.74E-04
GGAACCC,1.39E-03
GGAACCG,9.70E-04
GGAACCT,5.77E-03
GGAACGA,8.56E-02
GGAACGC,2.74E-01
GGAACGG,1.21E-01
GGAACGT,2.28E+00
GGAACTA,3.68E-04
GGAACTC,7.33E-04
GGAACTG,7.64E-04
GGAACTT,9.20E-03
GGAAGAA,3.07E-05
GGAAGAC,1.07E-04
GGAAGAG,3.22E-05
GGAAGAT,7.89E-04
GGAAGCA,3.52E-05
GGAAGCC,1.80E-04
GGAAGCG,5.53E-05
GGAAGCT,6.77E-04
GGAAGGA,2.63E-02
GGAAGGC,8.46E-02
GGAAGGG,1.65E-02
GGAAGGT,6.41E-01
GGAAGTA,4.00E-05
GGAAGTC,8.01E-05
GGAAGTG,3.69E-05
GGAAGTT,9.15E-04
GGAATAA,2.05E-04
GGAATAC,6.27E-04
GGAATAG,3.88E-04
GGAATAT,4.74E-03
GGAATCA,2.67E-04
GGAATCC,1.20E-03
GGAATCG,7.56E-04
GGAATCT,4.62E-03
GGAATGA,8.19E-02
GGAATGC,2.32E-01
GGAATGG,9.25E-02
GGAATGT,1.80E+00
GGAATTA,4.03E-04
GGAATTC,7.11E-04
GGAATTG,6.71E-04
GGAATTT,8.30E-03
GGACAAA,7.16E-08
GGACAAC,1.97E-07
GGACAAG,8.14E-08
GGACAAT,3.79E-06
GGACACA,8.72E-08
GGACACC,3.52E-07
GGACACG,1.49E-07
GGACACT,3.44E-06
GGACAGA,2.23E-04
GGACAGC,5.67E-04
GGACAGG,1.51E-04
GGACAGT,1.12E-02
GGACATA,2.37E-07
GGACATC,3.76E-07
GGACATG,2.38E-07
GGACATT,1.12E-05
GGACCAA,5.72E-10
GGACCAC,3.08E-09
GGACCAG,9.40E-10
GGACCAT,4.38E-08
GGACCCA,9.88E-10
GGACCCC,7.82E-09
GGACCCG,2.43E-09
GGACCCT,5.65E-08
GGACCGA,3.03E-06
GGACCGC,1.51E-05
GGACCGG,2.97E-06
GGACCGT,2.20E-04
GGACCTA,2.85E-09
GGACCTC,8.84E-09
GGACCTG,4.12E-09
GGACCTT,1.94E-07
GGACGAA,4.23E-10
GGACGAC,2.29E-09
GGACGAG,3.09E-10
GGACGAT,2.96E-08
GGACGCA,3.42E-10
GGACGCC,2.72E-09
GGACGCG,3.74E-10
GGACGCT,1.79E-08
GGACGGA,2.51E-06
GGACGGC,1.26E-05
GGACGGG,1.09E-06
GGACGGT,1.66E-04
GGACGTA,8.35E-10
GGACGTC,2.61E-09
GGACGTG,5.36E-10
GGACGTT,5.20E-08
GGACTAA,2.45E-09
GGACTAC,1.17E-08
GGACTAG,3.22E-09
GGACTAT,1.54E-07
GGACTCA,2.25E-09
GGACTCC,1.57E-08
GGACTCG,4.43E-09
GGACTCT,1.06E-07
GGACTGA,6.77E-06
GGACTGC,2.99E-05
GGACTGG,5.32E-06
GGACTGT,4.04E-04
GGACTTA,7.30E-09
GGACTTC,2.01E-08
GGACTTG,8.45E-09
GGACTTT,4.09E-07
GGAGAAA,5.01E-05
GGAGAAC,2.13E-04
GGAGAAG,1.18E-04
GGAGAAT,2.50E-03
GGAGACA,9.55E-05
GGAGACC,5.96E-04
GGAGACG,3.38E-04
GGAGACT,3.56E-03
GGAGAGA,8.89E-02
GGAGAGC,3.49E-01
GGAGAGG,1.26E-01
GGAGAGT,4.21E+00
GGAGATA,8.07E-05
GGAGATC,1.98E-04
GGAGATG,1.68E-04
GGAGATT,3.59E-03
GGAGCAA,1.16E-06
GGAGCAC,9.61E-06
GGAGCAG,3.95E-06
GGAGCAT,8.36E-05
GGAGCCA,3.13E-06
GGAGCCC,3.82E-05
GGAGCCG,1.60E-05
GGAGCCT,1.69E-04
GGAGCGA,3.49E-03
GGAGCGC,2.69E-02
GGAGCGG,7.12E-03
GGAGCGT,2.39E-01
GGAGCTA,2.80E-06
GGAGCTC,1.34E-05
GGAGCTG,8.42E-06
GGAGCTT,1.80E-04
GGAGGAA,1.83E-07
GGAGGAC,1.53E-06
GGAGGAG,2.77E-07
GGAGGAT,1.21E-05
GGAGGCA,2.31E-07
GGAGGCC,2.84E-06
GGAGGCG,5.25E-07
GGAGGCT,1.14E-05
GGAGGGA,6.19E-04
GGAGGGC,4.79E-03
GGAGGGG,5.61E-04
GGAGGGT,3.88E-02
GGAGGTA,1.76E-07
GGAGGTC,8.46E-07
GGAGGTG,2.34E-07
GGAGGTT,1.03E-05
GGAGTAA,5.72E-07
GGAGTAC,4.20E-06
GGAGTAG,1.56E-06
GGAGTAT,3.40E-05
GGAGTCA,8.20E-07
GGAGTCC,8.87E-06
GGAGTCG,3.36E-06
GGAGTCT,3.65E-05
GGAGTGA,9.02E-04
GGAGTGC,6.14E-03
GGAGTGG,1.47E-03
GGAGTGT,5.09E-02
GGAGTTA,8.29E-07
GGAGTTC,3.52E-06
GGAGTTG,1.99E-06
GGAGTTT,4.39E-05
GGATAAA,3.21E-07
GGATAAC,5.08E-07
GGATAAG,5.24E-07
GGATAAT,2.48E-05
GGATACA,3.30E-08
GGATACC,7.68E-08
GGATACG,8.08E-08
GGATACT,1.91E-06
GGATAGA,3.38E-04
GGATAGC,4.95E-04
GGATAGG,3.30E-04
GGATAGT,2.48E-02
GGATATA,3.51E-07
GGATATC,3.20E-07
GGATATG,5.05E-07
GGATATT,2.42E-05
GGATCAA,1.38E-08
GGATCAC,4.26E-08
GGATCAG,3.24E-08
GGATCAT,1.54E-06
GGATCCA,2.01E-09
GGATCCC,9.12E-09
GGATCCG,7.08E-09
GGATCCT,1.68E-07
GGATCGA,2.46E-05
GGATCGC,7.06E-05
GGATCGG,3.47E-05
GGATCGT,2.61E-03
GGATCTA,2.26E-08
GGATCTC,4.03E-08
GGATCTG,4.69E-08
GGATCTT,2.25E-06
GGATGAA,5.25E-09
GGATGAC,1.63E-08
GGATGAG,5.50E-09
GGATGAT,5.37E-07
GGATGCA,3.59E-10
GGATGCC,1.64E-09
GGATGCG,5.62E-10
GGATGCT,2.74E-08
GGATGGA,1.05E-05
GGATGGC,3.04E-05
GGATGGG,6.59E-06
GGATGGT,1.02E-03
GGATGTA,3.42E-09
GGATGTC,6.14E-09
GGATGTG,3.15E-09
GGATGTT,3.12E-07
GGATTAA,3.15E-08
GGATTAC,8.61E-08
GGATTAG,5.94E-08
GGATTAT,2.90E-06
GGATTCA,2.44E-09
GGATTCC,9.80E-09
GGATTCG,6.89E-09
GGATTCT,1.68E-07
GGATTGA,2.94E-05
GGATTGC,7.46E-05
GGATTGG,3.32E-05
GGATTGT,2.57E-03
GGATTTA,3.10E-08
GGATTTC,4.89E-08
GGATTTG,5.14E-08
GGATTTT,2.54E-06
GGCAAAA,1.75E-04
GGCAAAC,1.86E-04
GGCAAAG,2.80E-04
GGCAAAT,4.02E-03
GGCAACA,1.96E-02
GGCAACC,3.06E-02
GGCAACG,4.68E-02
GGCAACT,3.36E-01
GGCAAGA,1.96E+00
GGCAAGC,1.93E+00
GGCAAGG,1.87E+00
GGCAAGT,4.27E+01
GGCAATA,1.26E-02
GGCAATC,7.74E-03
GGCAATG,1.77E-02
GGCAATT,2.58E-01
GGCACAA,9.57E-06
GGCACAC,1.99E-05
GGCACAG,2.20E-05
GGCACAT,3.18E-04
GGCACCA,1.52E-03
GGCACCC,4.63E-03
GGCACCG,5.23E-03
GGCACCT,3.76E-02
GGCACGA,1.82E-01
GGCACGC,3.51E-01
GGCACGG,2.51E-01
GGCACGT,5.73E+00
GGCACTA,1.04E-03
GGCACTC,1.24E-03
GGCACTG,2.10E-03
GGCACTT,3.06E-02
GGCAGAA,1.26E-06
GGCAGAC,2.63E-06
GGCAGAG,1.29E-06
GGCAGAT,3.81E-05
GGCAGCA,9.32E-05
GGCAGCC,2.86E-04
GGCAGCG,1.43E-04
GGCAGCT,2.11E-03
GGCAGGA,2.68E-02
GGCAGGC,5.19E-02
GGCAGGG,1.64E-02
GGCAGGT,7.71E-01
GGCAGTA,5.39E-05
GGCAGTC,6.50E-05
GGCAGTG,4.85E-05
GGCAGTT,1.46E-03
GGCATAA,1.03E-05
GGCATAC,1.90E-05
GGCATAG,1.91E-05
GGCATAT,2.82E-04
GGCATCA,8.70E-04
GGCATCC,2.35E-03
GGCATCG,2.40E-03
GGCATCT,1.77E-02
GGCATGA,1.03E-01
GGCATGC,1.75E-01
GGCATGG,1.13E-01
GGCATGT,2.66E+00
GGCATTA,6.70E-04
GGCATTC,7.11E-04
GGCATTG,1.09E-03
GGCATTT,1.63E-02
GGCCAAA,2.53E-08
GGCCAAC,4.19E-08
GGCCAAG,2.81E-08
GGCCAAT,1.58E-06
GGCCACA,1.99E-06
GGCCACC,4.84E-06
GGCCACG,3.31E-06
GGCCACT,9.28E-05
GGCCAGA,1.96E-03
GGCCAGC,3.01E-03
GGCCAGG,1.30E-03
GGCCAGT,1.16E-01
GGCCATA,2.76E-06
GGCCATC,2.64E-06
GGCCATG,2.70E-06
GGCCATT,1.53E-04
GGCCCAA,2.87E-10
GGCCCAC,9.31E-10
GGCCCAG,4.60E-10
GGCCCAT,2.59E-08
GGCCCCA,3.20E-08
GGCCCCC,1.53E-07
GGCCCCG,7.69E-08
GGCCCCT,2.16E-06
GGCCCGA,3.79E-05
GGCCCGC,1.14E-04
GGCCCGG,3.63E-05
GGCCCGT,3.24E-03
GGCCCTA,4.71E-08
GGCCCTC,8.80E-08
GGCCCTG,6.64E-08
GGCCCTT,3.78E-06
GGCCGAA,1.02E-10
GGCCGAC,3.31E-10
GGCCGAG,7.24E-11
GGCCGAT,8.40E-09
GGCCGCA,5.31E-09
GGCCGCC,2.54E-08
GGCCGCG,5.66E-09
GGCCGCT,3.27E-07
GGCCGGA,1.50E-05
GGCCGGC,4.53E-05
GGCCGGG,6.39E-06
GGCCGGT,1.18E-03
GGCCGTA,6.61E-09
GGCCGTC,1.24E-08
GGCCGTG,4.14E-09
GGCCGTT,4.85E-07
GGCCTAA,7.25E-10
GGCCTAC,2.08E-09
GGCCTAG,9.31E-10
GGCCTAT,5.38E-08
GGCCTCA,4.30E-08
GGCCTCC,1.81E-07
GGCCTCG,8.26E-08
GGCCTCT,2.38E-06
GGCCTGA,4.99E-05
GGCCTGC,1.33E-04
GGCCTGG,3.83E-05
GGCCTGT,3.51E-03
GGCCTTA,7.11E-08
GGCCTTC,1.18E-07
GGCCTTG,8.04E-08
GGCCTTT,4.70E-06
GGCGAAA,3.29E-06
GGCGAAC,8.41E-06
GGCGAAG,7.59E-06
GGCGAAT,1.94E-04
GGCGACA,4.05E-04
GGCGACC,1.52E-03
GGCGACG,1.40E-03
GGCGACT,1.78E-02
GGCGAGA,1.45E-01
GGCGAGC,3.44E-01
GGCGAGG,2.00E-01
GGCGAGT,8.13E+00
GGCGATA,1.75E-04
GGCGATC,2.57E-04
GGCGATG,3.55E-04
GGCGATT,9.17E-03
GGCGCAA,1.08E-07
GGCGCAC,5.40E-07
GGCGCAG,3.59E-07
GGCGCAT,9.20E-06
GGCGCCA,1.88E-05
GGCGCCC,1.38E-04
GGCGCCG,9.39E-05
GGCGCCT,1.20E-03
GGCGCGA,8.11E-03
GGCGCGC,3.76E-02
GGCGCGG,1.61E-02
GGCGCGT,6.56E-01
GGCGCTA,8.60E-06
GGCGCTC,2.48E-05
GGCGCTG,2.52E-05
GGCGCTT,6.53E-04
GGCGGAA,8.17E-09
GGCGGAC,4.10E-08
GGCGGAG,1.21E-08
GGCGGAT,6.37E-07
GGCGGCA,6.67E-07
GGCGGCC,4.92E-06
GGCGGCG,1.48E-06
GGCGGCT,3.88E-05
GGCGGGA,6.88E-04
GGCGGGC,3.20E-03
GGCGGGG,6.08E-04
GGCGGGT,5.09E-02
GGCGGTA,2.58E-07
GGCGGTC,7.48E-07
GGCGGTG,3.36E-07
GGCGGTT,1.79E-05
GGCGTAA,3.14E-08
GGCGTAC,1.39E-07
GGCGTAG,8.39E-08
GGCGTAT,2.21E-06
GGCGTCA,2.91E-06
GGCGTCC,1.90E-05
GGCGTCG,1.16E-05
GGCGTCT,1.53E-04
GGCGTGA,1.23E-03
GGCGTGC,5.06E-03
GGCGTGG,1.97E-03
GGCGTGT,8.22E-02
GGCGTTA,1.50E-06
GGCGTTC,3.83E-06
GGCGTTG,3.52E-06
GGCGTTT,9.38E-05
GGCTAAA,1.34E-09
GGCTAAC,1.27E-09
GGCTAAG,2.13E-09
GGCTAAT,1.22E-07
GGCTACA,8.90E-09
GGCTACC,1.24E-08
GGCTACG,2.12E-08
GGCTACT,6.06E-07
GGCTAGA,3.51E-05
GGCTAGC,3.09E-05
GGCTAGG,3.34E-05
GGCTAGT,3.03E-03
GGCTATA,4.82E-08
GGCTATC,2.65E-08
GGCTATG,6.76E-08
GGCTATT,3.92E-06
GGCTCAA,8.13E-11
GGCTCAC,1.51E-10
GGCTCAG,1.87E-10
GGCTCAT,1.07E-08
GGCTCCA,7.66E-10
GGCTCCC,2.10E-09
GGCTCCG,2.64E-09
GGCTCCT,7.56E-08
GGCTCGA,3.63E-06
GGCTCGC,6.25E-06
GGCTCGG,4.98E-06
GGCTCGT,4.54E-04
GGCTCTA,4.40E-09
GGCTCTC,4.73E-09
GGCTCTG,8.91E-09
GGCTCTT,5.17E-07
GGCTGAA,1.49E-11
GGCTGAC,2.78E-11
GGCTGAG,1.52E-11
GGCTGAT,1.80E-09
GGCTGCA,6.56E-11
GGCTGCC,1.80E-10
GGCTGCG,1.00E-10
GGCTGCT,5.91E-09
GGCTGGA,7.44E-07
GGCTGGC,1.29E-06
GGCTGGG,4.53E-07
GGCTGGT,8.50E-05
GGCTGTA,3.19E-10
GGCTGTC,3.44E-10
GGCTGTG,2.87E-10
GGCTGTT,3.43E-08
GGCTTAA,1.10E-10
GGCTTAC,1.81E-10
GGCTTAG,2.02E-10
GGCTTAT,1.19E-08
GGCTTCA,5.49E-10
GGCTTCC,1.33E-09
GGCTTCG,1.51E-09
GGCTTCT,4.45E-08
GGCTTGA,2.56E-06
GGCTTGC,3.90E-06
GGCTTGG,2.81E-06
GGCTTGT,2.63E-04
GGCTTTA,3.56E-09
GGCTTTC,3.38E-09
GGCTTTG,5.76E-09
GGCTTTT,3.44E-07
GGGAAAA,3.74E-01
GGGAAAC,3.94E-01
GGGAAAG,7.32E-01
GGGAAAT,1.40E+00
GGGAACA,5.85E-01
GGGAACC,9.06E-01
GGGAACG,1.72E+00
GGGAACT,1.64E+00
GGGAAGA,1.44E+01
GGGAAGC,1.40E+01
GGGAAGG,1.69E+01
GGGAAGT,5.11E+01
GGGAATA,1.06E+00
GGGAATC,6.43E-01
GGGAATG,1.83E+00
GGGAATT,3.53E+00
GGGACAA,4.00E-02
GGGACAC,8.26E-02
GGGACAG,1.13E-01
GGGACAT,2.17E-01
GGGACCA,8.89E-02
GGGACCC,2.69E-01
GGGACCG,3.77E-01
GGGACCT,3.59E-01
GGGACGA,2.63E+00
GGGACGC,5.01E+00
GGGACGG,4.44E+00
GGGACGT,1.35E+01
GGGACTA,1.70E-01
GGGACTC,2.03E-01
GGGACTG,4.24E-01
GGGACTT,8.20E-01
GGGAGAA,1.77E-02
GGGAGAC,3.67E-02
GGGAGAG,2.23E-02
GGGAGAT,8.76E-02
GGGAGCA,1.84E-02
GGGAGCC,5.60E-02
GGGAGCG,3.46E-02
GGGAGCT,6.79E-02
GGGAGGA,1.30E+00
GGGAGGC,2.50E+00
GGGAGGG,9.77E-01
GGGAGGT,6.10E+00
GGGAGTA,2.99E-02
GGGAGTC,3.57E-02
GGGAGTG,3.30E-02
GGGAGTT,1.31E-01
GGGATAA,7.86E-02
GGGATAC,1.43E-01
GGGATAG,1.78E-01
GGGATAT,3.50E-01
GGGATCA,9.27E-02
GGGATCC,2.48E-01
GGGATCG,3.15E-01
GGGATCT,3.08E-01
GGGATGA,2.69E+00
GGGATGC,4.55E+00
GGGATGG,3.65E+00
GGGATGT,1.14E+01
GGGATTA,2.00E-01
GGGATTC,2.11E-01
GGGATTG,3.99E-01
GGGATTT,7.93E-01
GGGCAAA,3.93E-04
GGGCAAC,6.45E-04
GGGCAAG,5.36E-04
GGGCAAT,4.00E-03
GGGCACA,4.34E-04
GGGCACC,1.05E-03
GGGCACG,8.86E-04
GGGCACT,3.30E-03
GGGCAGA,1.05E-01
GGGCAGC,1.59E-01
GGGCAGG,8.55E-02
GGGCAGT,1.01E+00
GGGCATA,1.69E-03
GGGCATC,1.60E-03
GGGCATG,2.03E-03
GGGCATT,1.53E-02
GGGCCAA,8.75E-06
GGGCCAC,2.81E-05
GGGCCAG,1.72E-05
GGGCCAT,1.29E-04
GGGCCCA,1.37E-05
GGGCCCC,6.46E-05
GGGCCCG,4.04E-05
GGGCCCT,1.50E-04
GGGCCGA,3.97E-03
GGGCCGC,1.18E-02
GGGCCGG,4.68E-03
GGGCCGT,5.54E-02
GGGCCTA,5.64E-05
GGGCCTC,1.05E-04
GGGCCTG,9.78E-05
GGGCCTT,7.39E-04
GGGCGAA,1.04E-05
GGGCGAC,3.37E-05
GGGCGAG,9.13E-06
GGGCGAT,1.40E-04
GGGCGCA,7.64E-06
GGGCGCC,3.62E-05
GGGCGCG,1.00E-05
GGGCGCT,7.67E-05
GGGCGGA,5.31E-03
GGGCGGC,1.59E-02
GGGCGGG,2.78E-03
GGGCGGT,6.77E-02
GGGCGTA,2.67E-05
GGGCGTC,4.97E-05
GGGCGTG,2.05E-05
GGGCGTT,3.19E-04
GGGCTAA,4.02E-05
GGGCTAC,1.14E-04
GGGCTAG,6.34E-05
GGGCTAT,4.86E-04
GGGCTCA,3.33E-05
GGGCTCC,1.39E-04
GGGCTCG,7.88E-05
GGGCTCT,3.02E-04
GGGCTGA,9.52E-03
GGGCTGC,2.51E-02
GGGCTGG,8.98E-03
GGGCTGT,1.09E-01
GGGCTTA,1.55E-04
GGGCTTC,2.54E-04
GGGCTTG,2.15E-04
GGGCTTT,1.67E-03
GGGGAAA,1.12E-02
GGGGAAC,2.83E-02
GGGGAAG,3.17E-02
GGGGAAT,1.08E-01
GGGGACA,1.93E-02
GGGGACC,7.18E-02
GGGGACG,8.19E-02
GGGGACT,1.39E-01
GGGGAGA,1.70E+00
GGGGAGC,3.99E+00
GGGGAGG,2.88E+00
GGGGAGT,1.55E+01
GGGGATA,2.33E-02
GGGGATC,3.41E-02
GGGGATG,5.83E-02
GGGGATT,2.00E-01
GGGGCAA,7.19E-04
GGGGCAC,3.57E-03
GGGGCAG,2.94E-03
GGGGCAT,1.00E-02
GGGGCCA,1.76E-03
GGGGCCC,1.28E-02
GGGGCCG,1.08E-02
GGGGCCT,1.83E-02
GGGGCGA,1.86E-01
GGGGCGC,8.55E-01
GGGGCGG,4.56E-01
GGGGCGT,2.46E+00
GGGGCTA,2.26E-03
GGGGCTC,6.45E-03
GGGGCTG,8.13E-03
GGGGCTT,2.79E-02
GGGGGAA,1.83E-04
GGGGGAC,9.13E-04
GGGGGAG,3.33E-04
GGGGGAT,2.33E-03
GGGGGCA,2.10E-04
GGGGGCC,1.54E-03
GGGGGCG,5.71E-04
GGGGGCT,1.99E-03
GGGGGGA,5.32E-02
GGGGGGC,2.45E-01
GGGGGGG,5.78E-02
GGGGGGT,6.41E-01
GGGGGTA,2.28E-04
GGGGGTC,6.55E-04
GGGGGTG,3.65E-04
GGGGGTT,2.58E-03
GGGGTAA,3.81E-04
GGGGTAC,1.67E-03
GGGGTAG,1.25E-03
GGGGTAT,4.36E-03
GGGGTCA,4.95E-04
GGGGTCC,3.19E-03
GGGGTCG,2.43E-03
GGGGTCT,4.23E-03
GGGGTGA,5.15E-02
GGGGTGC,2.09E-01
GGGGTGG,1.01E-01
GGGGTGT,5.59E-01
GGGGTTA,7.15E-04
GGGGTTC,1.81E-03
GGGGTTG,2.06E-03
GGGGTTT,7.29E-03
GGGTAAA,3.35E-04
GGGTAAC,3.16E-04
GGGTAAG,6.56E-04
GGGTAAT,4.99E-03
GGGTACA,3.12E-05
GGGTACC,4.33E-05
GGGTACG,9.16E-05
GGGTACT,3.47E-04
GGGTAGA,3.03E-02
GGGTAGC,2.64E-02
GGGTAGG,3.54E-02
GGGTAGT,4.27E-01
GGGTATA,4.75E-04
GGGTATC,2.59E-04
GGGTATG,8.19E-04
GGGTATT,6.30E-03
GGGTCAA,4.00E-05
GGGTCAC,7.38E-05
GGGTCAG,1.13E-04
GGGTCAT,8.61E-04
GGGTCCA,5.28E-06
GGGTCCC,1.43E-05
GGGTCCG,2.23E-05
GGGTCCT,8.49E-05
GGGTCGA,6.14E-03
GGGTCGC,1.05E-02
GGGTCGG,1.04E-02
GGGTCGT,1.25E-01
GGGTCTA,8.51E-05
GGGTCTC,9.06E-05
GGGTCTG,2.12E-04
GGGTCTT,1.63E-03
GGGTGAA,2.46E-05
GGGTGAC,4.57E-05
GGGTGAG,3.09E-05
GGGTGAT,4.85E-04
GGGTGCA,1.52E-06
GGGTGCC,4.14E-06
GGGTGCG,2.86E-06
GGGTGCT,2.24E-05
GGGTGGA,4.24E-03
GGGTGGC,7.28E-03
GGGTGGG,3.18E-03
GGGTGGT,7.91E-02
GGGTGTA,2.08E-05
GGGTGTC,2.22E-05
GGGTGTG,2.30E-05
GGGTGTT,3.64E-04
GGGTTAA,9.80E-05
GGGTTAC,1.60E-04
GGGTTAG,2.22E-04
GGGTTAT,1.74E-03
GGGTTCA,6.87E-06
GGGTTCC,1.65E-05
GGGTTCG,2.33E-05
GGGTTCT,9.10E-05
GGGTTGA,7.87E-03
GGGTTGC,1.19E-02
GGGTTGG,1.06E-02
GGGTTGT,1.32E-01
GGGTTTA,1.25E-04
GGGTTTC,1.18E-04
GGGTTTG,2.49E-04
GGGTTTT,1.97E-03
GGTAAAA,1.13E-03
GGTAAAC,2.25E-03
GGTAAAG,3.53E-03
GGTAAAT,2.64E-02
GGTAACA,1.90E-02
GGTAACC,5.55E-02
GGTAACG,8.88E-02
GGTAACT,3.31E-01
GGTAAGA,7.72E-01
GGTAAGC,1.42E+00
GGTAAGG,1.44E+00
GGTAAGT,1.70E+01
GGTAATA,1.83E-03
GGTAATC,2.09E-03
GGTAATG,5.00E-03
GGTAATT,3.78E-02
GGTACAA,3.52E-05
GGTACAC,1.37E-04
GGTACAG,1.58E-04
GGTACAT,1.19E-03
GGTACCA,8.38E-04
GGTACCC,4.78E-03
GGTACCG,5.64E-03
GGTACCT,2.11E-02
GGTACGA,4.08E-02
GGTACGC,1.47E-01
GGTACGG,1.10E-01
GGTACGT,1.30E+00
GGTACTA,8.51E-05
GGTACTC,1.91E-04
GGTACTG,3.37E-04
GGTACTT,2.55E-03
GGTAGAA,7.78E-06
GGTAGAC,3.04E-05
GGTAGAG,1.55E-05
GGTAGAT,2.39E-04
GGTAGCA,8.66E-05
GGTAGCC,4.97E-04
GGTAGCG,2.59E-04
GGTAGCT,1.99E-03
GGTAGGA,1.01E-02
GGTAGGC,3.65E-02
GGTAGGG,1.20E-02
GGTAGGT,2.95E-01
GGTAGTA,7.45E-06
GGTAGTC,1.68E-05
GGTAGTG,1.31E-05
GGTAGTT,2.04E-04
GGTATAA,8.20E-05
GGTATAC,2.82E-04
GGTATAG,2.95E-04
GGTATAT,2.27E-03
GGTATCA,1.04E-03
GGTATCC,5.24E-03
GGTATCG,5.59E-03
GGTATCT,2.14E-02
GGTATGA,4.96E-02
GGTATGC,1.58E-01
GGTATGG,1.07E-01
GGTATGT,1.30E+00
GGTATTA,1.19E-04
GGTATTC,2.35E-04
GGTATTG,3.76E-04
GGTATTT,2.93E-03
GGTCAAA,5.75E-08
GGTCAAC,1.78E-07
GGTCAAG,1.25E-07
GGTCAAT,3.64E-06
GGTCACA,6.79E-07
GGTCACC,3.09E-06
GGTCACG,2.21E-06
GGTCACT,3.21E-05
GGTCAGA,2.71E-04
GGTCAGC,7.76E-04
GGTCAGG,3.51E-04
GGTCAGT,1.63E-02
GGTCATA,1.40E-07
GGTCATC,2.50E-07
GGTCATG,2.67E-07
GGTCATT,7.90E-06
GGTCCAA,3.71E-10
GGTCCAC,2.24E-09
GGTCCAG,1.16E-09
GGTCCAT,3.40E-08
GGTCCCA,6.21E-09
GGTCCCC,5.52E-08
GGTCCCG,2.91E-08
GGTCCCT,4.25E-07
GGTCCGA,2.97E-06
GGTCCGC,1.67E-05
GGTCCGG,5.56E-06
GGTCCGT,2.58E-04
GGTCCTA,1.36E-09
GGTCCTC,4.74E-09
GGTCCTG,3.74E-09
GGTCCTT,1.11E-07
GGTCGAA,2.21E-10
GGTCGAC,1.34E-09
GGTCGAG,3.07E-10
GGTCGAT,1.85E-08
GGTCGCA,1.73E-09
GGTCGCC,1.55E-08
GGTCGCG,3.60E-09
GGTCGCT,1.08E-07
GGTCGGA,1.98E-06
GGTCGGC,1.12E-05
GGTCGGG,1.65E-06
GGTCGGT,1.57E-04
GGTCGTA,3.21E-10
GGTCGTC,1.12E-09
GGTCGTG,3.92E-10
GGTCGTT,2.39E-08
GGTCTAA,2.02E-09
GGTCTAC,1.08E-08
GGTCTAG,5.06E-09
GGTCTAT,1.52E-07
GGTCTCA,1.79E-08
GGTCTCC,1.41E-07
GGTCTCG,6.74E-08
GGTCTCT,1.01E-06
GGTCTGA,8.45E-06
GGTCTGC,4.19E-05
GGTCTGG,1.27E-05
GGTCTGT,6.04E-04
GGTCTTA,4.42E-09
GGTCTTC,1.37E-08
GGTCTTG,9.76E-09
GGTCTTT,2.97E-07
GGTGAAA,2.75E-05
GGTGAAC,1.31E-04
GGTGAAG,1.24E-04
GGTGAAT,1.65E-03
GGTGACA,5.09E-04
GGTGACC,3.57E-03
GGTGACG,3.44E-03
GGTGACT,2.28E-02
GGTGAGA,7.41E-02
GGTGAGC,3.27E-01
GGTGAGG,1.99E-01
GGTGAGT,4.20E+00
GGTGATA,3.27E-05
GGTGATC,9.00E-05
GGTGATG,1.30E-04
GGTGATT,1.74E-03
GGTGCAA,5.13E-07
GGTGCAC,4.80E-06
GGTGCAG,3.34E-06
GGTGCAT,4.45E-05
GGTGCCA,1.35E-05
GGTGCCC,1.85E-04
GGTGCCG,1.31E-04
GGTGCCT,8.71E-04
GGTGCGA,2.35E-03
GGTGCGC,2.03E-02
GGTGCGG,9.12E-03
GGTGCGT,1.93E-01
GGTGCTA,9.15E-07
GGTGCTC,4.93E-06
GGTGCTG,5.24E-06
GGTGCTT,7.05E-05
GGTGGAA,6.53E-08
GGTGGAC,6.13E-07
GGTGGAG,1.89E-07
GGTGGAT,5.17E-06
GGTGGCA,8.02E-07
GGTGGCC,1.11E-05
GGTGGCG,3.47E-06
GGTGGCT,4.74E-05
GGTGGGA,3.35E-04
GGTGGGC,2.91E-03
GGTGGGG,5.78E-04
GGTGGGT,2.51E-02
GGTGGTA,4.62E-08
GGTGGTC,2.50E-07
GGTGGTG,1.17E-07
GGTGGTT,3.25E-06
GGTGTAA,3.23E-07
GGTGTAC,2.67E-06
GGTGTAG,1.68E-06
GGTGTAT,2.30E-05
GGTGTCA,4.49E-06
GGTGTCC,5.46E-05
GGTGTCG,3.50E-05
GGTGTCT,2.39E-04
GGTGTGA,7.71E-04
GGTGTGC,5.90E-03
GGTGTGG,2.40E-03
GGTGTGT,5.21E-02
GGTGTTA,3.44E-07
GGTGTTC,1.64E-06
GGTGTTG,1.58E-06
GGTGTTT,2.18E-05
GGTTAAA,3.99E-09
GGTTAAC,7.10E-09
GGTTAAG,1.24E-08
GGTTAAT,3.70E-07
GGTTACA,3.99E-09
GGTTACC,1.04E-08
GGTTACG,1.86E-08
GGTTACT,2.76E-07
GGTTAGA,6.37E-06
GGTTAGC,1.05E-05
GGTTAGG,1.18E-05
GGTTAGT,5.59E-04
GGTTATA,3.22E-09
GGTTATC,3.30E-09
GGTTATG,8.80E-09
GGTTATT,2.65E-07
GGTTCAA,1.38E-10
GGTTCAC,4.80E-10
GGTTCAG,6.19E-10
GGTTCAT,1.85E-08
GGTTCCA,1.95E-10
GGTTCCC,9.98E-10
GGTTCCG,1.31E-09
GGTTCCT,1.95E-08
GGTTCGA,3.74E-07
GGTTCGC,1.21E-06
GGTTCGG,1.00E-06
GGTTCGT,4.75E-05
GGTTCTA,1.67E-10
GGTTCTC,3.35E-10
GGTTCTG,6.59E-10
GGTTCTT,1.99E-08
GGTTGAA,4.24E-11
GGTTGAC,1.48E-10
GGTTGAG,8.46E-11
GGTTGAT,5.20E-09
GGTTGCA,2.81E-11
GGTTGCC,1.44E-10
GGTTGCG,8.39E-11
GGTTGCT,2.57E-09
GGTTGGA,1.29E-07
GGTTGGC,4.17E-07
GGTTGGG,1.54E-07
GGTTGGT,1.50E-05
GGTTGTA,2.03E-11
GGTTGTC,4.10E-11
GGTTGTG,3.57E-11
GGTTGTT,2.22E-09
GGTTTAA,4.01E-10
GGTTTAC,1.24E-09
GGTTTAG,1.44E-09
GGTTTAT,4.42E-08
GGTTTCA,3.02E-10
GGTTTCC,1.36E-09
GGTTTCG,1.62E-09
GGTTTCT,2.48E-08
GGTTTGA,5.69E-07
GGTTTGC,1.62E-06
GGTTTGG,1.22E-06
GGTTTGT,5.94E-05
GGTTTTA,2.91E-10
GGTTTTC,5.16E-10
GGTTTTG,9.20E-10
GGTTTTT,2.85E-08
GTAAAAA,1.63E-03
GTAAAAC,2.76E-03
GTAAAAG,2.48E-03
GTAAAAT,3.87E-02
GTAAACA,2.25E-03
GTAAACC,5.63E-03
GTAAACG,5.15E-03
GTAAACT,4.01E-02
GTAAAGA,7.23E-01
GTAAAGC,1.14E+00
GTAAAGG,6.60E-01
GTAAAGT,1.63E+01
GTAAATA,2.17E-03
GTAAATC,2.13E-03
GTAAATG,2.92E-03
GTAAATT,4.61E-02
GTAACAA,7.06E-05
GTAACAC,2.35E-04
GTAACAG,1.56E-04
GTAACAT,2.43E-03
GTAACCA,1.39E-04
GTAACCC,6.78E-04
GTAACCG,4.57E-04
GTAACCT,3.56E-03
GTAACGA,5.34E-02
GTAACGC,1.65E-01
GTAACGG,7.03E-02
GTAACGT,1.74E+00
GTAACTA,1.42E-04
GTAACTC,2.72E-04
GTAACTG,2.75E-04
GTAACTT,4.35E-03
GTAAGAA,1.65E-05
GTAAGAC,5.50E-05
GTAAGAG,1.61E-05
GTAAGAT,5.18E-04
GTAAGCA,1.51E-05
GTAAGCC,7.43E-05
GTAAGCG,2.22E-05
GTAAGCT,3.55E-04
GTAAGGA,1.40E-02
GTAAGGC,4.32E-02
GTAAGGG,8.16E-03
GTAAGGT,4.17E-01
GTAAGTA,1.31E-05
GTAAGTC,2.53E-05
GTAAGTG,1.13E-05
GTAAGTT,3.67E-04
GTAATAA,7.83E-05
GTAATAC,2.31E-04
GTAATAG,1.38E-04
GTAATAT,2.22E-03
GTAATCA,8.17E-05
GTAATCC,3.53E-04
GTAATCG,2.16E-04
GTAATCT,1.73E-03
GTAATGA,3.10E-02
GTAATGC,8.44E-02
GTAATGG,3.27E-02
GTAATGT,8.32E-01
GTAATTA,9.42E-05
GTAATTC,1.60E-04
GTAATTG,1.46E-04
GTAATTT,2.38E-03
GTACAAA,4.45E-08
GTACAAC,1.18E-07
GTACAAG,4.73E-08
GTACAAT,2.88E-06
GTACACA,4.34E-08
GTACACC,1.69E-07
GTACACG,6.90E-08
GTACACT,2.10E-06
GTACAGA,1.37E-04
GTACAGC,3.36E-04
GTACAGG,8.70E-05
GTACAGT,8.41E-03
GTACATA,9.01E-08
GTACATC,1.38E-07
GTACATG,8.43E-08
GTACATT,5.20E-06
GTACCAA,4.01E-10
GTACCAC,2.08E-09
GTACCAG,6.15E-10
GTACCAT,3.76E-08
GTACCCA,5.54E-10
GTACCCC,4.22E-09
GTACCCG,1.27E-09
GTACCCT,3.88E-08
GTACCGA,2.10E-06
GTACCGC,1.01E-05
GTACCGG,1.93E-06
GTACCGT,1.87E-04
GTACCTA,1.22E-09
GTACCTC,3.65E-09
GTACCTG,1.65E-09
GTACCTT,1.02E-07
GTACGAA,2.52E-10
GTACGAC,1.31E-09
GTACGAG,1.72E-10
GTACGAT,2.16E-08
GTACGCA,1.63E-10
GTACGCC,1.25E-09
GTACGCG,1.67E-10
GTACGCT,1.04E-08
GTACGGA,1.48E-06
GTACGGC,7.14E-06
GTACGGG,6.03E-07
GTACGGT,1.20E-04
GTACGTA,3.04E-10
GTACGTC,9.15E-10
GTACGTG,1.83E-10
GTACGTT,2.32E-08
GTACTAA,1.04E-09
GTACTAC,4.77E-09
GTACTAG,1.28E-09
GTACTAT,8.02E-08
GTACTCA,7.64E-10
GTACTCC,5.15E-09
GTACTCG,1.41E-09
GTACTCT,4.40E-08
GTACTGA,2.85E-06
GTACTGC,1.21E-05
GTACTGG,2.09E-06
GTACTGT,2.08E-04
GTACTTA,1.90E-09
GTACTTC,5.02E-09
GTACTTG,2.05E-09
GTACTTT,1.30E-07
GTAGAAA,3.47E-05
GTAGAAC,1.42E-04
GTAGAAG,7.66E-05
GTAGAAT,2.12E-03
GTAGACA,5.30E-05
GTAGACC,3.18E-04
GTAGACG,1.75E-04
GTAGACT,2.42E-03
GTAGAGA,6.09E-02
GTAGAGC,2.31E-01
GTAGAGG,8.04E-02
GTAGAGT,3.54E+00
GTAGATA,3.42E-05
GTAGATC,8.07E-05
GTAGATG,6.65E-05
GTAGATT,1.87E-03
GTAGCAA,9.04E-07
GTAGCAC,7.24E-06
GTAGCAG,2.88E-06
GTAGCAT,8.01E-05
GTAGCCA,1.96E-06
GTAGCCC,2.30E-05
GTAGCCG,9.34E-06
GTAGCCT,1.29E-04
GTAGCGA,2.70E-03
GTAGCGC,2.00E-02
GTAGCGG,5.15E-03
GTAGCGT,2.27E-01
GTAGCTA,1.34E-06
GTAGCTC,6.18E-06
GTAGCTG,3.76E-06
GTAGCTT,1.06E-04
GTAGGAA,1.22E-07
GTAGGAC,9.77E-07
GTAGGAG,1.72E-07
GTAGGAT,9.84E-06
GTAGGCA,1.23E-07
GTAGGCC,1.45E-06
GTAGGCG,2.61E-07
GTAGGCT,7.44E-06
GTAGGGA,4.07E-04
GTAGGGC,3.03E-03
GTAGGGG,3.44E-04
GTAGGGT,3.12E-02
GTAGGTA,7.14E-08
GTAGGTC,3.31E-07
GTAGGTG,8.89E-08
GTAGGTT,5.14E-06
GTAGTAA,2.71E-07
GTAGTAC,1.92E-06
GTAGTAG,6.92E-07
GTAGTAT,1.97E-05
GTAGTCA,3.11E-07
GTAGTCC,3.24E-06
GTAGTCG,1.19E-06
GTAGTCT,1.69E-05
GTAGTGA,4.23E-04
GTAGTGC,2.77E-03
GTAGTGG,6.45E-04
GTAGTGT,2.92E-02
GTAGTTA,2.40E-07
GTAGTTC,9.81E-07
GTAGTTG,5.40E-07
GTAGTTT,1.56E-05
GTATAAA,5.03E-07
GTATAAC,7.65E-07
GTATAAG,7.66E-07
GTATAAT,4.76E-05
GTATACA,4.14E-08
GTATACC,9.26E-08
GTATACG,9.46E-08
GTATACT,2.93E-06
GTATAGA,5.24E-04
GTATAGC,7.38E-04
GTATAGG,4.77E-04
GTATAGT,4.70E-02
GTATATA,3.37E-07
GTATATC,2.96E-07
GTATATG,4.52E-07
GTATATT,2.84E-05
GTATCAA,2.43E-08
GTATCAC,7.24E-08
GTATCAG,5.35E-08
GTATCAT,3.33E-06
GTATCCA,2.84E-09
GTATCCC,1.24E-08
GTATCCG,9.35E-09
GTATCCT,2.90E-07
GTATCGA,4.30E-05
GTATCGC,1.19E-04
GTATCGG,5.66E-05
GTATCGT,5.59E-03
GTATCTA,2.44E-08
GTATCTC,4.20E-08
GTATCTG,4.73E-08
GTATCTT,2.98E-06
GTATGAA,7.89E-09
GTATGAC,2.36E-08
GTATGAG,7.71E-09
GTATGAT,9.88E-07
GTATGCA,4.31E-10
GTATGCC,1.89E-09
GTATGCG,6.31E-10
GTATGCT,4.03E-08
GTATGGA,1.57E-05
GTATGGC,4.34E-05
GTATGGG,9.15E-06
GTATGGT,1.86E-03
GTATGTA,3.14E-09
GTATGTC,5.43E-09
GTATGTG,2.71E-09
GTATGTT,3.51E-07
GTATTAA,3.37E-08
GTATTAC,8.88E-08
GTATTAG,5.94E-08
GTATTAT,3.80E-06
GTATTCA,2.09E-09
GTATTCC,8.09E-09
GTATTCG,5.51E-09
GTATTCT,1.76E-07
GTATTGA,3.12E-05
GTATTGC,7.61E-05
GTATTGG,3.28E-05
GTATTGT,3.33E-03
GTATTTA,2.03E-08
GTATTTC,3.08E-08
GTATTTG,3.15E-08
GTATTTT,2.03E-06
GTCAAAA,2.06E-04
GTCAAAC,2.11E-04
GTCAAAG,3.06E-04
GTCAAAT,5.78E-03
GTCAACA,1.84E-02
GTCAACC,2.77E-02
GTCAACG,4.11E-02
GTCAACT,3.86E-01
GTCAAGA,2.28E+00
GTCAAGC,2.16E+00
GTCAAGG,2.03E+00
GTCAAGT,6.07E+01
GTCAATA,9.06E-03
GTCAATC,5.35E-03
GTCAATG,1.19E-02
GTCAATT,2.27E-01
GTCACAA,1.27E-05
GTCACAC,2.54E-05
GTCACAG,2.73E-05
GTCACAT,5.15E-04
GTCACCA,1.61E-03
GTCACCC,4.73E-03
GTCACCG,5.18E-03
GTCACCT,4.88E-02
GTCACGA,2.39E-01
GTCACGC,4.43E-01
GTCACGG,3.07E-01
GTCACGT,9.20E+00
GTCACTA,8.38E-04
GTCACTC,9.69E-04
GTCACTG,1.59E-03
GTCACTT,3.03E-02
GTCAGAA,1.42E-06
GTCAGAC,2.85E-06
GTCAGAG,1.35E-06
GTCAGAT,5.26E-05
GTCAGCA,8.40E-05
GTCAGCC,2.48E-04
GTCAGCG,1.20E-04
GTCAGCT,2.33E-03
GTCAGGA,2.99E-02
GTCAGGC,5.57E-02
GTCAGGG,1.70E-02
GTCAGGT,1.05E+00
GTCAGTA,3.71E-05
GTCAGTC,4.31E-05
GTCAGTG,3.12E-05
GTCAGTT,1.23E-03
GTCATAA,8.30E-06
GTCATAC,1.47E-05
GTCATAG,1.43E-05
GTCATAT,2.77E-04
GTCATCA,5.59E-04
GTCATCC,1.46E-03
GTCATCG,1.44E-03
GTCATCT,1.40E-02
GTCATGA,8.17E-02
GTCATGC,1.34E-01
GTCATGG,8.40E-02
GTCATGT,2.59E+00
GTCATTA,3.29E-04
GTCATTC,3.36E-04
GTCATTG,4.98E-04
GTCATTT,9.78E-03
GTCCAAA,3.30E-08
GTCCAAC,5.27E-08
GTCCAAG,3.42E-08
GTCCAAT,2.52E-06
GTCCACA,2.08E-06
GTCCACC,4.87E-06
GTCCACG,3.23E-06
GTCCACT,1.19E-04
GTCCAGA,2.53E-03
GTCCAGC,3.74E-03
GTCCAGG,1.57E-03
GTCCAGT,1.83E-01
GTCCATA,2.20E-06
GTCCATC,2.03E-06
GTCCATG,2.01E-06
GTCCATT,1.50E-04
GTCCCAA,4.23E-10
GTCCCAC,1.32E-09
GTCCCAG,6.33E-10
GTCCCAT,4.67E-08
GTCCCCA,3.77E-08
GTCCCCC,1.73E-07
GTCCCCG,8.46E-08
GTCCCCT,3.12E-06
GTCCCGA,5.51E-05
GTCCCGC,1.59E-04
GTCCCGG,4.93E-05
GTCCCGT,5.78E-03
GTCCCTA,4.24E-08
GTCCCTC,7.63E-08
GTCCCTG,5.58E-08
GTCCCTT,4.17E-06
GTCCGAA,1.27E-10
GTCCGAC,3.99E-10
GTCCGAG,8.46E-11
GTCCGAT,1.29E-08
GTCCGCA,5.32E-09
GTCCGCC,2.45E-08
GTCCGCG,5.29E-09
GTCCGCT,4.01E-07
GTCCGGA,1.86E-05
GTCCGGC,5.40E-05
GTCCGGG,7.39E-06
GTCCGGT,1.78E-03
GTCCGTA,5.06E-09
GTCCGTC,9.15E-09
GTCCGTG,2.96E-09
GTCCGTT,4.55E-07
GTCCTAA,6.47E-10
GTCCTAC,1.79E-09
GTCCTAG,7.75E-10
GTCCTAT,5.88E-08
GTCCTCA,3.07E-08
GTCCTCC,1.24E-07
GTCCTCG,5.51E-08
GTCCTCT,2.08E-06
GTCCTGA,4.41E-05
GTCCTGC,1.13E-04
GTCCTGG,3.16E-05
GTCCTGT,3.80E-03
GTCCTTA,3.88E-08
GTCCTTC,6.18E-08
GTCCTTG,4.10E-08
GTCCTTT,3.14E-06
GTCGAAA,4.79E-06
GTCGAAC,1.18E-05
GTCGAAG,1.03E-05
GTCGAAT,3.46E-04
GTCGACA,4.72E-04
GTCGACC,1.71E-03
GTCGACG,1.52E-03
GTCGACT,2.55E-02
GTCGAGA,2.09E-01
GTCGAGC,4.77E-01
GTCGAGG,2.69E-01
GTCGAGT,1.43E+01
GTCGATA,1.55E-04
GTCGATC,2.21E-04
GTCGATG,2.95E-04
GTCGATT,1.00E-02
GTCGCAA,1.77E-07
GTCGCAC,8.53E-07
GTCGCAG,5.51E-07
GTCGCAT,1.85E-05
GTCGCCA,2.47E-05
GTCGCCC,1.75E-04
GTCGCCG,1.15E-04
GTCGCCT,1.93E-03
GTCGCGA,1.32E-02
GTCGCGC,5.87E-02
GTCGCGG,2.45E-02
GTCGCGT,1.30E+00
GTCGCTA,8.64E-06
GTCGCTC,2.40E-05
GTCGCTG,2.36E-05
GTCGCTT,8.03E-04
GTCGGAA,1.14E-08
GTCGGAC,5.51E-08
GTCGGAG,1.57E-08
GTCGGAT,1.09E-06
GTCGGCA,7.45E-07
GTCGGCC,5.29E-06
GTCGGCG,1.54E-06
GTCGGCT,5.31E-05
GTCGGGA,9.50E-04
GTCGGGC,4.26E-03
GTCGGGG,7.84E-04
GTCGGGT,8.60E-02
GTCGGTA,2.20E-07
GTCGGTC,6.15E-07
GTCGGTG,2.68E-07
GTCGGTT,1.87E-05
GTCGTAA,3.13E-08
GTCGTAC,1.33E-07
GTCGTAG,7.79E-08
GTCGTAT,2.69E-06
GTCGTCA,2.32E-06
GTCGTCC,1.45E-05
GTCGTCG,8.66E-06
GTCGTCT,1.49E-04
GTCGTGA,1.22E-03
GTCGTGC,4.80E-03
GTCGTGG,1.81E-03
GTCGTGT,9.90E-02
GTCGTTA,9.13E-07
GTCGTTC,2.24E-06
GTCGTTG,2.00E-06
GTCGTTT,6.99E-05
GTCTAAA,4.40E-09
GTCTAAC,4.03E-09
GTCTAAG,6.54E-09
GTCTAAT,4.92E-07
GTCTACA,2.34E-08
GTCTACC,3.15E-08
GTCTACG,5.21E-08
GTCTACT,1.95E-06
GTCTAGA,1.14E-04
GTCTAGC,9.67E-05
GTCTAGG,1.01E-04
GTCTAGT,1.21E-02
GTCTATA,9.70E-08
GTCTATC,5.12E-08
GTCTATG,1.27E-07
GTCTATT,9.65E-06
GTCTCAA,3.02E-10
GTCTCAC,5.41E-10
GTCTCAG,6.48E-10
GTCTCAT,4.88E-08
GTCTCCA,2.27E-09
GTCTCCC,5.99E-09
GTCTCCG,7.32E-09
GTCTCCT,2.75E-07
GTCTCGA,1.33E-05
GTCTCGC,2.21E-05
GTCTCGG,1.71E-05
GTCTCGT,2.04E-03
GTCTCTA,9.98E-09
GTCTCTC,1.03E-08
GTCTCTG,1.89E-08
GTCTCTT,1.44E-06
GTCTGAA,4.69E-11
GTCTGAC,8.45E-11
GTCTGAG,4.47E-11
GTCTGAT,6.93E-09
GTCTGCA,1.65E-10
GTCTGCC,4.38E-10
GTCTGCG,2.36E-10
GTCTGCT,1.83E-08
GTCTGGA,2.32E-06
GTCTGGC,3.87E-06
GTCTGGG,1.32E-06
GTCTGGT,3.25E-04
GTCTGTA,6.16E-10
GTCTGTC,6.39E-10
GTCTGTG,5.17E-10
GTCTGTT,8.10E-08
GTCTTAA,2.47E-10
GTCTTAC,3.91E-10
GTCTTAG,4.24E-10
GTCTTAT,3.28E-08
GTCTTCA,9.87E-10
GTCTTCC,2.30E-09
GTCTTCG,2.54E-09
GTCTTCT,9.81E-08
GTCTTGA,5.68E-06
GTCTTGC,8.35E-06
GTCTTGG,5.84E-06
GTCTTGT,7.16E-04
GTCTTTA,4.89E-09
GTCTTTC,4.47E-09
GTCTTTG,7.40E-09
GTCTTTT,5.79E-07
GTGAAAA,5.02E-01
GTGAAAC,5.09E-01
GTGAAAG,9.19E-01
GTGAAAT,2.30E+00
GTGAACA,6.29E-01
GTGAACC,9.38E-01
GTGAACG,1.73E+00
GTGAACT,2.15E+00
GTGAAGA,1.91E+01
GTGAAGC,1.80E+01
GTGAAGG,2.09E+01
GTGAAGT,8.32E+01
GTGAATA,8.69E-01
GTGAATC,5.09E-01
GTGAATG,1.40E+00
GTGAATT,3.55E+00
GTGACAA,6.07E-02
GTGACAC,1.20E-01
GTGACAG,1.60E-01
GTGACAT,4.02E-01
GTGACCA,1.08E-01
GTGACCC,3.14E-01
GTGACCG,4.27E-01
GTGACCT,5.34E-01
GTGACGA,3.94E+00
GTGACGC,7.24E+00
GTGACGG,6.22E+00
GTGACGT,2.47E+01
GTGACTA,1.58E-01
GTGACTC,1.81E-01
GTGACTG,3.67E-01
GTGACTT,9.31E-01
GTGAGAA,2.28E-02
GTGAGAC,4.55E-02
GTGAGAG,2.68E-02
GTGAGAT,1.38E-01
GTGAGCA,1.90E-02
GTGAGCC,5.56E-02
GTGAGCG,3.33E-02
GTGAGCT,8.58E-02
GTGAGGA,1.66E+00
GTGAGGC,3.06E+00
GTGAGGG,1.16E+00
GTGAGGT,9.52E+00
GTGAGTA,2.35E-02
GTGAGTC,2.71E-02
GTGAGTG,2.43E-02
GTGAGTT,1.27E-01
GTGATAA,7.22E-02
GTGATAC,1.27E-01
GTGATAG,1.53E-01
GTGATAT,3.94E-01
GTGATCA,6.81E-02
GTGATCC,1.76E-01
GTGATCG,2.16E-01
GTGATCT,2.77E-01
GTGATGA,2.45E+00
GTGATGC,3.98E+00
GTGATGG,3.09E+00
GTGATGT,1.26E+01
GTGATTA,1.12E-01
GTGATTC,1.14E-01
GTGATTG,2.10E-01
GTGATTT,5.46E-01
GTGCAAA,5.87E-04
GTGCAAC,9.28E-04
GTGCAAG,7.48E-04
GTGCAAT,7.32E-03
GTGCACA,5.18E-04
GTGCACC,1.20E-03
GTGCACG,9.89E-04
GTGCACT,4.82E-03
GTGCAGA,1.55E-01
GTGCAGC,2.27E-01
GTGCAGG,1.18E-01
GTGCAGT,1.83E+00
GTGCATA,1.54E-03
GTGCATC,1.40E-03
GTGCATG,1.73E-03
GTGCATT,1.71E-02
GTGCCAA,1.47E-05
GTGCCAC,4.56E-05
GTGCCAG,2.71E-05
GTGCCAT,2.66E-04
GTGCCCA,1.84E-05
GTGCCCC,8.38E-05
GTGCCCG,5.08E-05
GTGCCCT,2.48E-04
GTGCCGA,6.62E-03
GTGCCGC,1.90E-02
GTGCCGG,7.28E-03
GTGCCGT,1.13E-01
GTGCCTA,5.81E-05
GTGCCTC,1.04E-04
GTGCCTG,9.42E-05
GTGCCTT,9.33E-04
GTGCGAA,1.50E-05
GTGCGAC,4.65E-05
GTGCGAG,1.22E-05
GTGCGAT,2.46E-04
GTGCGCA,8.75E-06
GTGCGCC,3.99E-05
GTGCGCG,1.07E-05
GTGCGCT,1.08E-04
GTGCGGA,7.53E-03
GTGCGGC,2.17E-02
GTGCGGG,3.67E-03
GTGCGGT,1.18E-01
GTGCGTA,2.34E-05
GTGCGTC,4.19E-05
GTGCGTG,1.68E-05
GTGCGTT,3.43E-04
GTGCTAA,4.10E-05
GTGCTAC,1.12E-04
GTGCTAG,6.04E-05
GTGCTAT,6.08E-04
GTGCTCA,2.72E-05
GTGCTCC,1.10E-04
GTGCTCG,6.01E-05
GTGCTCT,3.02E-04
GTGCTGA,9.62E-03
GTGCTGC,2.44E-02
GTGCTGG,8.47E-03
GTGCTGT,1.35E-01
GTGCTTA,9.67E-05
GTGCTTC,1.53E-04
GTGCTTG,1.26E-04
GTGCTTT,1.28E-03
GTGGAAA,1.86E-02
GTGGAAC,4.54E-02
GTGGAAG,4.93E-02
GTGGAAT,2.19E-01
GTGGACA,2.57E-02
GTGGACC,9.21E-02
GTGGACG,1.02E-01
GTGGACT,2.26E-01
GTGGAGA,2.80E+00
GTGGAGC,6.33E+00
GTGGAGG,4.44E+00
GTGGAGT,3.13E+01
GTGGATA,2.38E-02
GTGGATC,3.35E-02
GTGGATG,5.54E-02
GTGGATT,2.49E-01
GTGGCAA,1.35E-03
GTGGCAC,6.45E-03
GTGGCAG,5.17E-03
GTGGCAT,2.30E-02
GTGGCCA,2.65E-03
GTGGCCC,1.86E-02
GTGGCCG,1.51E-02
GTGGCCT,3.37E-02
GTGGCGA,3.46E-01
GTGGCGC,1.53E+00
GTGGCGG,7.91E-01
GTGGCGT,5.59E+00
GTGGCTA,2.59E-03
GTGGCTC,7.14E-03
GTGGCTG,8.72E-03
GTGGCTT,3.93E-02
GTGGGAA,2.93E-04
GTGGGAC,1.40E-03
GTGGGAG,4.97E-04
GTGGGAT,4.56E-03
GTGGGCA,2.68E-04
GTGGGCC,1.89E-03
GTGGGCG,6.82E-04
GTGGGCT,3.12E-03
GTGGGGA,8.41E-02
GTGGGGC,3.73E-01
GTGGGGG,8.53E-02
GTGGGGT,1.24E+00
GTGGGTA,2.23E-04
GTGGGTC,6.16E-04
GTGGGTG,3.33E-04
GTGGGTT,3.09E-03
GTGGTAA,4.34E-04
GTGGTAC,1.83E-03
GTGGTAG,1.33E-03
GTGGTAT,6.08E-03
GTGGTCA,4.51E-04
GTGGTCC,2.80E-03
GTGGTCG,2.07E-03
GTGGTCT,4.72E-03
GTGGTGA,5.81E-02
GTGGTGC,2.27E-01
GTGGTGG,1.06E-01
GTGGTGT,7.72E-01
GTGGTTA,4.98E-04
GTGGTTC,1.21E-03
GTGGTTG,1.34E-03
GTGGTTT,6.22E-03
GTGTAAA,1.26E-03
GTGTAAC,1.15E-03
GTGTAAG,2.31E-03
GTGTAAT,2.30E-02
GTGTACA,9.40E-05
GTGTACC,1.25E-04
GTGTACG,2.58E-04
GTGTACT,1.28E-03
GTGTAGA,1.13E-01
GTGTAGC,9.47E-02
GTGTAGG,1.23E-01
GTGTAGT,1.95E+00
GTGTATA,1.09E-03
GTGTATC,5.73E-04
GTGTATG,1.76E-03
GTGTATT,1.77E-02
GTGTCAA,1.70E-04
GTGTCAC,3.02E-04
GTGTCAG,4.48E-04
GTGTCAT,4.48E-03
GTGTCCA,1.79E-05
GTGTCCC,4.68E-05
GTGTCCG,7.09E-05
GTGTCCT,3.53E-04
GTGTCGA,2.58E-02
GTGTCGC,4.24E-02
GTGTCGG,4.07E-02
GTGTCGT,6.45E-01
GTGTCTA,2.21E-04
GTGTCTC,2.27E-04
GTGTCTG,5.13E-04
GTGTCTT,5.19E-03
GTGTGAA,8.88E-05
GTGTGAC,1.59E-04
GTGTGAG,1.04E-04
GTGTGAT,2.14E-03
GTGTGCA,4.39E-06
GTGTGCC,1.15E-05
GTGTGCG,7.71E-06
GTGTGCT,7.91E-05
GTGTGGA,1.51E-02
GTGTGGC,2.50E-02
GTGTGGG,1.06E-02
GTGTGGT,3.46E-01
GTGTGTA,4.59E-05
GTGTGTC,4.72E-05
GTGTGTG,4.73E-05
GTGTGTT,9.84E-04
GTGTTAA,2.52E-04
GTGTTAC,3.97E-04
GTGTTAG,5.33E-04
GTGTTAT,5.47E-03
GTGTTCA,1.42E-05
GTGTTCC,3.27E-05
GTGTTCG,4.48E-05
GTGTTCT,2.29E-04
GTGTTGA,2.00E-02
GTGTTGC,2.91E-02
GTGTTGG,2.53E-02
GTGTTGT,4.12E-01
GTGTTTA,1.97E-04
GTGTTTC,1.78E-04
GTGTTTG,3.66E-04
GTGTTTT,3.80E-03
GTTAAAA,1.09E-03
GTTAAAC,2.09E-03
GTTAAAG,3.19E-03
GTTAAAT,3.12E-02
GTTAACA,1.47E-02
GTTAACC,4.13E-02
GTTAACG,6.41E-02
GTTAACT,3.13E-01
GTTAAGA,7.38E-01
GTTAAGC,1.31E+00
GTTAAGG,1.28E+00
GTTAAGT,1.99E+01
GTTAATA,1.08E-03
GTTAATC,1.19E-03
GTTAATG,2.76E-03
GTTAATT,2.74E-02
GTTACAA,3.83E-05
GTTACAC,1.44E-04
GTTACAG,1.61E-04
GTTACAT,1.58E-03
GTTACCA,7.30E-04
GTTACCC,4.02E-03
GTTACCG,4.59E-03
GTTACCT,2.25E-02
GTTACGA,4.39E-02
GTTACGC,1.52E-01
GTTACGG,1.10E-01
GTTACGT,1.72E+00
GTTACTA,5.67E-05
GTTACTC,1.22E-04
GTTACTG,2.10E-04
GTTACTT,2.08E-03
GTTAGAA,7.20E-06
GTTAGAC,2.71E-05
GTTAGAG,1.34E-05
GTTAGAT,2.71E-04
GTTAGCA,6.42E-05
GTTAGCC,3.54E-04
GTTAGCG,1.79E-04
GTTAGCT,1.81E-03
GTTAGGA,9.25E-03
GTTAGGC,3.22E-02
GTTAGGG,1.03E-02
GTTAGGT,3.30E-01
GTTAGTA,4.22E-06
GTTAGTC,9.15E-06
GTTAGTG,6.93E-06
GTTAGTT,1.42E-04
GTTATAA,5.41E-05
GTTATAC,1.79E-04
GTTATAG,1.82E-04
GTTATAT,1.84E-03
GTTATCA,5.47E-04
GTTATCC,2.66E-03
GTTATCG,2.76E-03
GTTATCT,1.39E-02
GTTATGA,3.24E-02
GTTATGC,9.93E-02
GTTATGG,6.51E-02
GTTATGT,1.04E+00
GTTATTA,4.79E-05
GTTATTC,9.15E-05
GTTATTG,1.42E-04
GTTATTT,1.45E-03
GTTCAAA,6.17E-08
GTTCAAC,1.84E-07
GTTCAAG,1.25E-07
GTTCAAT,4.78E-06
GTTCACA,5.83E-07
GTTCACC,2.55E-06
GTTCACG,1.77E-06
GTTCACT,3.38E-05
GTTCAGA,2.88E-04
GTTCAGC,7.93E-04
GTTCAGG,3.48E-04
GTTCAGT,2.11E-02
GTTCATA,9.20E-08
GTTCATC,1.58E-07
GTTCATG,1.64E-07
GTTCATT,6.35E-06
GTTCCAA,4.49E-10
GTTCCAC,2.62E-09
GTTCCAG,1.31E-09
GTTCCAT,5.04E-08
GTTCCCA,6.02E-09
GTTCCCC,5.15E-08
GTTCCCG,2.63E-08
GTTCCCT,5.04E-07
GTTCCGA,3.56E-06
GTTCCGC,1.92E-05
GTTCCGG,6.22E-06
GTTCCGT,3.79E-04
GTTCCTA,1.00E-09
GTTCCTC,3.38E-09
GTTCCTG,2.59E-09
GTTCCTT,1.00E-07
GTTCGAA,2.27E-10
GTTCGAC,1.33E-09
GTTCGAG,2.95E-10
GTTCGAT,2.33E-08
GTTCGCA,1.43E-09
GTTCGCC,1.23E-08
GTTCGCG,2.77E-09
GTTCGCT,1.09E-07
GTTCGGA,2.02E-06
GTTCGGC,1.10E-05
GTTCGGG,1.57E-06
GTTCGGT,1.96E-04
GTTCGTA,2.02E-10
GTTCGTC,6.82E-10
GTTCGTG,2.31E-10
GTTCGTT,1.84E-08
GTTCTAA,1.48E-09
GTTCTAC,7.64E-09
GTTCTAG,3.47E-09
GTTCTAT,1.37E-07
GTTCTCA,1.05E-08
GTTCTCC,7.99E-08
GTTCTCG,3.70E-08
GTTCTCT,7.27E-07
GTTCTGA,6.13E-06
GTTCTGC,2.93E-05
GTTCTGG,8.58E-06
GTTCTGT,5.37E-04
GTTCTTA,1.98E-09
GTTCTTC,5.91E-09
GTTCTTG,4.09E-09
GTTCTTT,1.63E-07
GTTGAAA,3.30E-05
GTTGAAC,1.52E-04
GTTGAAG,1.39E-04
GTTGAAT,2.42E-03
GTTGACA,4.88E-04
GTTGACC,3.30E-03
GTTGACG,3.08E-03
GTTGACT,2.67E-02
GTTGAGA,8.77E-02
GTTGAGC,3.73E-01
GTTGAGG,2.20E-01
GTTGAGT,6.10E+00
GTTGATA,2.39E-05
GTTGATC,6.34E-05
GTTGATG,8.86E-05
GTTGATT,1.56E-03
GTTGCAA,6.93E-07
GTTGCAC,6.24E-06
GTTGCAG,4.21E-06
GTTGCAT,7.35E-05
GTTGCCA,1.45E-05
GTTGCCC,1.92E-04
GTTGCCG,1.32E-04
GTTGCCT,1.15E-03
GTTGCGA,3.14E-03
GTTGCGC,2.61E-02
GTTGCGG,1.14E-02
GTTGCGT,3.15E-01
GTTGCTA,7.55E-07
GTTGCTC,3.92E-06
GTTGCTG,4.04E-06
GTTGCTT,7.13E-05
GTTGGAA,7.50E-08
GTTGGAC,6.78E-07
GTTGGAG,2.02E-07
GTTGGAT,7.27E-06
GTTGGCA,7.36E-07
GTTGGCC,9.78E-06
GTTGGCG,2.97E-06
GTTGGCT,5.33E-05
GTTGGGA,3.80E-04
GTTGGGC,3.18E-03
GTTGGGG,6.13E-04
GTTGGGT,3.50E-02
GTTGGTA,3.24E-08
GTTGGTC,1.69E-07
GTTGGTG,7.69E-08
GTTGGTT,2.80E-06
GTTGTAA,2.64E-07
GTTGTAC,2.10E-06
GTTGTAG,1.28E-06
GTTGTAT,2.30E-05
GTTGTCA,2.94E-06
GTTGTCC,3.44E-05
GTTGTCG,2.14E-05
GTTGTCT,1.92E-04
GTTGTGA,6.24E-04
GTTGTGC,4.60E-03
GTTGTGG,1.81E-03
GTTGTGT,5.16E-02
GTTGTTA,1.72E-07
GTTGTTC,7.91E-07
GTTGTTG,7.38E-07
GTTGTTT,1.34E-05
GTTTAAA,1.08E-08
GTTTAAC,1.85E-08
GTTTAAG,3.14E-08
GTTTAAT,1.22E-06
GTTTACA,8.63E-09
GTTTACC,2.17E-08
GTTTACG,3.75E-08
GTTTACT,7.31E-07
GTTTAGA,1.70E-05
GTTTAGC,2.70E-05
GTTTAGG,2.96E-05
GTTTAGT,1.83E-03
GTTTATA,5.32E-09
GTTTATC,5.25E-09
GTTTATG,1.36E-08
GTTTATT,5.37E-07
GTTTCAA,4.21E-10
GTTTCAC,1.41E-09
GTTTCAG,1.76E-09
GTTTCAT,6.91E-08
GTTTCCA,4.77E-10
GTTTCCC,2.35E-09
GTTTCCG,2.99E-09
GTTTCCT,5.84E-08
GTTTCGA,1.13E-06
GTTTCGC,3.50E-06
GTTTCGG,2.83E-06
GTTTCGT,1.76E-04
GTTTCTA,3.11E-10
GTTTCTC,6.02E-10
GTTTCTG,1.15E-09
GTTTCTT,4.55E-08
GTTTGAA,1.10E-10
GTTTGAC,3.70E-10
GTTTGAG,2.05E-10
GTTTGAT,1.65E-08
GTTTGCA,5.83E-11
GTTTGCC,2.88E-10
GTTTGCG,1.63E-10
GTTTGCT,6.53E-09
GTTTGGA,3.31E-07
GTTTGGC,1.03E-06
GTTTGGG,3.68E-07
GTTTGGT,4.70E-05
GTTTGTA,3.23E-11
GTTTGTC,6.26E-11
GTTTGTG,5.29E-11
GTTTGTT,4.31E-09
GTTTTAA,7.42E-10
GTTTTAC,2.20E-09
GTTTTAG,2.49E-09
GTTTTAT,1.00E-07
GTTTTCA,4.46E-10
GTTTTCC,1.94E-09
GTTTTCG,2.24E-09
GTTTTCT,4.50E-08
GTTTTGA,1.04E-06
GTTTTGC,2.85E-06
GTTTTGG,2.09E-06
GTTTTGT,1.33E-04
GTTTTTA,3.28E-10
GTTTTTC,5.62E-10
GTTTTTG,9.71E-10
GTTTTTT,3.95E-08
TAAAAAA,2.25E-02
TAAAAAC,3.42E-02
TAAAAAG,3.53E-02
TAAAAAT,1.77E-01
TAAAACA,2.91E-02
TAAAACC,6.50E-02
TAAAACG,6.83E-02
TAAAACT,1.71E-01
TAAAAGA,2.28E+00
TAAAAGC,3.21E+00
TAAAAGG,2.14E+00
TAAAAGT,1.70E+01
TAAAATA,3.07E-02
TAAAATC,2.69E-02
TAAAATG,4.24E-02
TAAAATT,2.15E-01
TAAACAA,1.17E-03
TAAACAC,3.47E-03
TAAACAG,2.64E-03
TAAACAT,1.33E-02
TAAACCA,2.14E-03
TAAACCC,9.35E-03
TAAACCG,7.25E-03
TAAACCT,1.82E-02
TAAACGA,2.01E-01
TAAACGC,5.55E-01
TAAACGG,2.72E-01
TAAACGT,2.17E+00
TAAACTA,2.39E-03
TAAACTC,4.10E-03
TAAACTG,4.76E-03
TAAACTT,2.42E-02
TAAAGAA,5.94E-04
TAAAGAC,1.78E-03
TAAAGAG,5.97E-04
TAAAGAT,6.18E-03
TAAAGCA,5.09E-04
TAAAGCC,2.24E-03
TAAAGCG,7.67E-04
TAAAGCT,3.95E-03
TAAAGGA,1.15E-01
TAAAGGC,3.18E-01
TAAAGGG,6.90E-02
TAAAGGT,1.13E+00
TAAAGTA,4.82E-04
TAAAGTC,8.33E-04
TAAAGTG,4.27E-04
TAAAGTT,4.47E-03
TAAATAA,1.90E-03
TAAATAC,5.02E-03
TAAATAG,3.45E-03
TAAATAT,1.78E-02
TAAATCA,1.85E-03
TAAATCC,7.17E-03
TAAATCG,5.03E-03
TAAATCT,1.29E-02
TAAATGA,1.72E-01
TAAATGC,4.19E-01
TAAATGG,1.86E-01
TAAATGT,1.52E+00
TAAATTA,2.33E-03
TAAATTC,3.55E-03
TAAATTG,3.73E-03
TAAATTT,1.95E-02
TAACAAA,2.88E-06
TAACAAC,6.83E-06
TAACAAG,3.15E-06
TAACAAT,6.17E-05
TAACACA,2.62E-06
TAACACC,9.14E-06
TAACACG,4.29E-06
TAACACT,4.19E-05
TAACAGA,2.02E-03
TAACAGC,4.44E-03
TAACAGG,1.32E-03
TAACAGT,4.10E-02
TAACATA,5.96E-06
TAACATC,8.15E-06
TAACATG,5.73E-06
TAACATT,1.13E-04
TAACCAA,3.11E-08
TAACCAC,1.44E-07
TAACCAG,4.90E-08
TAACCAT,9.61E-07
TAACCCA,4.01E-08
TAACCCC,2.73E-07
TAACCCG,9.46E-08
TAACCCT,9.26E-07
TAACCGA,3.71E-05
TAACCGC,1.59E-04
TAACCGG,3.49E-05
TAACCGT,1.09E-03
TAACCTA,9.64E-08
TAACCTC,2.58E-07
TAACCTG,1.34E-07
TAACCTT,2.66E-06
TAACGAA,4.27E-08
TAACGAC,1.99E-07
TAACGAG,2.99E-08
TAACGAT,1.21E-06
TAACGCA,2.58E-08
TAACGCC,1.76E-07
TAACGCG,2.70E-08
TAACGCT,5.44E-07
TAACGGA,5.71E-05
TAACGGC,2.47E-04
TAACGGG,2.39E-05
TAACGGT,1.53E-03
TAACGTA,5.25E-08
TAACGTC,1.41E-07
TAACGTG,3.24E-08
TAACGTT,1.32E-06
TAACTAA,1.18E-07
TAACTAC,4.87E-07
TAACTAG,1.50E-07
TAACTAT,3.02E-06
TAACTCA,8.12E-08
TAACTCC,4.90E-07
TAACTCG,1.54E-07
TAACTCT,1.54E-06
TAACTGA,7.39E-05
TAACTGC,2.81E-04
TAACTGG,5.58E-05
TAACTGT,1.78E-03
TAACTTA,2.20E-07
TAACTTC,5.22E-07
TAACTTG,2.45E-07
TAACTTT,4.99E-06
TAAGAAA,7.15E-04
TAAGAAC,2.61E-03
TAAGAAG,1.62E-03
TAAGAAT,1.45E-02
TAAGACA,1.02E-03
TAAGACC,5.47E-03
TAAGACG,3.46E-03
TAAGACT,1.54E-02
TAAGAGA,2.86E-01
TAAGAGC,9.70E-01
TAAGAGG,3.88E-01
TAAGAGT,5.49E+00
TAAGATA,7.19E-04
TAAGATC,1.52E-03
TAAGATG,1.44E-03
TAAGATT,1.29E-02
TAAGCAA,2.23E-05
TAAGCAC,1.59E-04
TAAGCAG,7.29E-05
TAAGCAT,6.51E-04
TAAGCCA,4.49E-05
TAAGCCC,4.73E-04
TAAGCCG,2.20E-04
TAAGCCT,9.82E-04
TAAGCGA,1.52E-02
TAAGCGC,1.01E-01
TAAGCGG,2.97E-02
TAAGCGT,4.21E-01
TAAGCTA,3.36E-05
TAAGCTC,1.39E-04
TAAGCTG,9.70E-05
TAAGCTT,8.76E-04
TAAGGAA,6.53E-06
TAAGGAC,4.70E-05
TAAGGAG,9.50E-06
TAAGGAT,1.75E-04
TAAGGCA,6.17E-06
TAAGGCC,6.52E-05
TAAGGCG,1.34E-05
TAAGGCT,1.23E-04
TAAGGGA,4.99E-03
TAAGGGC,3.32E-02
TAAGGGG,4.34E-03
TAAGGGT,1.26E-01
TAAGGTA,3.91E-06
TAAGGTC,1.62E-05
TAAGGTG,5.01E-06
TAAGGTT,9.31E-05
TAAGTAA,9.80E-06
TAAGTAC,6.21E-05
TAAGTAG,2.57E-05
TAAGTAT,2.36E-04
TAAGTCA,1.05E-05
TAAGTCC,9.79E-05
TAAGTCG,4.13E-05
TAAGTCT,1.89E-04
TAAGTGA,3.49E-03
TAAGTGC,2.05E-02
TAAGTGG,5.47E-03
TAAGTGT,7.96E-02
TAAGTTA,8.86E-06
TAAGTTC,3.24E-05
TAAGTTG,2.05E-05
TAAGTTT,1.90E-04
TAATAAA,1.66E-05
TAATAAC,2.26E-05
TAATAAG,2.59E-05
TAATAAT,5.18E-04
TAATACA,1.27E-06
TAATACC,2.55E-06
TAATACG,2.99E-06
TAATACT,2.98E-05
TAATAGA,3.93E-03
TAATAGC,4.96E-03
TAATAGG,3.68E-03
TAATAGT,1.17E-01
TAATATA,1.13E-05
TAATATC,8.89E-06
TAATATG,1.56E-05
TAATATT,3.15E-04
TAATCAA,9.56E-07
TAATCAC,2.55E-06
TAATCAG,2.16E-06
TAATCAT,4.33E-05
TAATCCA,1.04E-07
TAATCCC,4.08E-07
TAATCCG,3.53E-07
TAATCCT,3.52E-06
TAATCGA,3.86E-04
TAATCGC,9.54E-04
TAATCGG,5.22E-04
TAATCGT,1.66E-02
TAATCTA,9.80E-07
TAATCTC,1.51E-06
TAATCTG,1.95E-06
TAATCTT,3.95E-05
TAATGAA,6.78E-07
TAATGAC,1.82E-06
TAATGAG,6.81E-07
TAATGAT,2.81E-05
TAATGCA,3.46E-08
TAATGCC,1.36E-07
TAATGCG,5.20E-08
TAATGCT,1.07E-06
TAATGGA,3.07E-04
TAATGGC,7.62E-04
TAATGGG,1.84E-04
TAATGGT,1.20E-02
TAATGTA,2.76E-07
TAATGTC,4.26E-07
TAATGTG,2.44E-07
TAATGTT,1.02E-05
TAATTAA,1.95E-06
TAATTAC,4.60E-06
TAATTAG,3.53E-06
TAATTAT,7.26E-05
TAATTCA,1.13E-07
TAATTCC,3.91E-07
TAATTCG,3.06E-07
TAATTCT,3.14E-06
TAATTGA,4.11E-04
TAATTGC,8.99E-04
TAATTGG,4.45E-04
TAATTGT,1.45E-02
TAATTTA,1.20E-06
TAATTTC,1.63E-06
TAATTTG,1.91E-06
TAATTTT,3.97E-05
TACAAAA,1.77E-03
TACAAAC,1.62E-03
TACAAAG,2.71E-03
TACAAAT,1.64E-02
TACAACA,1.48E-01
TACAACC,1.99E-01
TACAACG,3.39E-01
TACAACT,1.02E+00
TACAAGA,4.47E+00
TACAAGC,3.79E+00
TACAAGG,4.09E+00
TACAAGT,3.93E+01
TACAATA,7.96E-02
TACAATC,4.20E-02
TACAATG,1.07E-01
TACAATT,6.57E-01
TACACAA,1.30E-04
TACACAC,2.34E-04
TACACAG,2.88E-04
TACACAT,1.75E-03
TACACCA,1.54E-02
TACACCC,4.06E-02
TACACCG,5.10E-02
TACACCT,1.55E-01
TACACGA,5.60E-01
TACACGC,9.29E-01
TACACGG,7.39E-01
TACACGT,7.12E+00
TACACTA,8.79E-03
TACACTC,9.09E-03
TACACTG,1.71E-02
TACACTT,1.05E-01
TACAGAA,3.18E-05
TACAGAC,5.72E-05
TACAGAG,3.12E-05
TACAGAT,3.90E-04
TACAGCA,1.76E-03
TACAGCC,4.65E-03
TACAGCG,2.59E-03
TACAGCT,1.61E-02
TACAGGA,1.53E-01
TACAGGC,2.55E-01
TACAGGG,8.97E-02
TACAGGT,1.78E+00
TACAGTA,8.50E-04
TACAGTC,8.83E-04
TACAGTG,7.34E-04
TACAGTT,9.28E-03
TACATAA,1.25E-04
TACATAC,1.99E-04
TACATAG,2.22E-04
TACATAT,1.39E-03
TACATCA,7.89E-03
TACATCC,1.84E-02
TACATCG,2.09E-02
TACATCT,6.50E-02
TACATGA,2.82E-01
TACATGC,4.13E-01
TACATGG,2.98E-01
TACATGT,2.95E+00
TACATTA,5.07E-03
TACATTC,4.64E-03
TACATTG,7.89E-03
TACATTT,4.98E-02
TACCAAA,1.33E-06
TACCAAC,1.90E-06
TACCAAG,1.42E-06
TACCAAT,3.36E-05
TACCACA,7.83E-05
TACCACC,1.64E-04
TACCACG,1.25E-04
TACCACT,1.48E-03
TACCAGA,2.33E-02
TACCAGC,3.08E-02
TACCAGG,1.48E-02
TACCAGT,5.57E-01
TACCATA,9.07E-05
TACCATC,7.46E-05
TACCATG,8.51E-05
TACCATT,2.04E-03
TACCCAA,2.04E-08
TACCCAC,5.69E-08
TACCCAG,3.13E-08
TACCCAT,7.44E-07
TACCCCA,1.70E-06
TACCCCC,6.97E-06
TACCCCG,3.91E-06
TACCCCT,4.63E-05
TACCCGA,6.06E-04
TACCCGC,1.57E-03
TACCCGG,5.57E-04
TACCCGT,2.10E-02
TACCCTA,2.08E-06
TACCCTC,3.36E-06
TACCCTG,2.82E-06
TACCCTT,6.77E-05
TACCGAA,1.34E-08
TACCGAC,3.76E-08
TACCGAG,9.15E-09
TACCGAT,4.47E-07
TACCGCA,5.22E-07
TACCGCC,2.15E-06
TACCGCG,5.34E-07
TACCGCT,1.30E-05
TACCGGA,4.47E-04
TACCGGC,1.16E-03
TACCGGG,1.82E-04
TACCGGT,1.41E-02
TACCGTA,5.43E-07
TACCGTC,8.79E-07
TACCGTG,3.27E-07
TACCGTT,1.61E-05
TACCTAA,4.58E-08
TACCTAC,1.13E-07
TACCTAG,5.65E-08
TACCTAT,1.38E-06
TACCTCA,2.03E-06
TACCTCC,7.36E-06
TACCTCG,3.74E-06
TACCTCT,4.55E-05
TACCTGA,7.12E-04
TACCTGC,1.63E-03
TACCTGG,5.24E-04
TACCTGT,2.03E-02
TACCTTA,2.81E-06
TACCTTC,4.00E-06
TACCTTG,3.04E-06
TACCTTT,7.50E-05
TACGAAA,6.14E-05
TACGAAC,1.35E-04
TACGAAG,1.36E-04
TACGAAT,1.46E-03
TACGACA,5.64E-03
TACGACC,1.83E-02
TACGACG,1.87E-02
TACGACT,1.01E-01
TACGAGA,6.12E-01
TACGAGC,1.25E+00
TACGAGG,8.09E-01
TACGAGT,1.38E+01
TACGATA,2.03E-03
TACGATC,2.58E-03
TACGATG,3.96E-03
TACGATT,4.32E-02
TACGCAA,2.71E-06
TACGCAC,1.17E-05
TACGCAG,8.67E-06
TACGCAT,9.36E-05
TACGCCA,3.54E-04
TACGCCC,2.24E-03
TACGCCG,1.69E-03
TACGCCT,9.12E-03
TACGCGA,4.60E-02
TACGCGC,1.84E-01
TACGCGG,8.78E-02
TACGCGT,1.51E+00
TACGCTA,1.35E-04
TACGCTC,3.36E-04
TACGCTG,3.80E-04
TACGCTT,4.14E-03
TACGGAA,3.81E-07
TACGGAC,1.65E-06
TACGGAG,5.41E-07
TACGGAT,1.20E-05
TACGGCA,2.33E-05
TACGGCC,1.48E-04
TACGGCG,4.94E-05
TACGGCT,5.48E-04
TACGGGA,7.25E-03
TACGGGC,2.90E-02
TACGGGG,6.14E-03
TACGGGT,2.17E-01
TACGGTA,7.52E-06
TACGGTC,1.88E-05
TACGGTG,9.39E-06
TACGGTT,2.11E-04
TACGTAA,7.04E-07
TACGTAC,2.69E-06
TACGTAG,1.80E-06
TACGTAT,2.00E-05
TACGTCA,4.88E-05
TACGTCC,2.73E-04
TACGTCG,1.87E-04
TACGTCT,1.03E-03
TACGTGA,6.24E-03
TACGTGC,2.20E-02
TACGTGG,9.54E-03
TACGTGT,1.68E-01
TACGTTA,2.10E-05
TACGTTC,4.61E-05
TACGTTG,4.73E-05
TACGTTT,5.30E-04
TACTAAA,9.02E-08
TACTAAC,7.39E-08
TACTAAG,1.38E-07
TACTAAT,3.33E-06
TACTACA,4.48E-07
TACTACC,5.39E-07
TACTACG,1.02E-06
TACTACT,1.23E-05
TACTAGA,5.33E-04
TACTAGC,4.05E-04
TACTAGG,4.87E-04
TACTAGT,1.87E-02
TACTATA,2.03E-06
TACTATC,9.59E-07
TACTATG,2.73E-06
TACTATT,6.66E-05
TACTCAA,7.39E-09
TACTCAC,1.19E-08
TACTCAG,1.63E-08
TACTCAT,3.95E-07
TACTCCA,5.20E-08
TACTCCC,1.23E-07
TACTCCG,1.72E-07
TACTCCT,2.07E-06
TACTCGA,7.43E-05
TACTCGC,1.10E-04
TACTCGG,9.80E-05
TACTCGT,3.76E-03
TACTCTA,2.50E-07
TACTCTC,2.31E-07
TACTCTG,4.85E-07
TACTCTT,1.19E-05
TACTGAA,2.51E-09
TACTGAC,4.04E-09
TACTGAG,2.46E-09
TACTGAT,1.22E-07
TACTGCA,8.26E-09
TACTGCC,1.96E-08
TACTGCG,1.21E-08
TACTGCT,3.01E-07
TACTGGA,2.83E-05
TACTGGC,4.22E-05
TACTGGG,1.66E-05
TACTGGT,1.31E-03
TACTGTA,3.36E-08
TACTGTC,3.12E-08
TACTGTG,2.90E-08
TACTGTT,1.46E-06
TACTTAA,8.88E-09
TACTTAC,1.26E-08
TACTTAG,1.57E-08
TACTTAT,3.90E-07
TACTTCA,3.32E-08
TACTTCC,6.93E-08
TACTTCG,8.79E-08
TACTTCT,1.09E-06
TACTTGA,4.67E-05
TACTTGC,6.14E-05
TACTTGG,4.93E-05
TACTTGT,1.94E-03
TACTTTA,1.80E-07
TACTTTC,1.47E-07
TACTTTG,2.79E-07
TACTTTT,7.02E-06
TAGAAAA,4.13E+00
TAGAAAC,3.75E+00
TAGAAAG,7.77E+00
TAGAAAT,6.25E+00
TAGAACA,4.83E+00
TAGAACC,6.44E+00
TAGAACG,1.36E+01
TAGAACT,5.46E+00
TAGAAGA,3.59E+01
TAGAAGC,3.02E+01
TAGAAGG,4.04E+01
TAGAAGT,5.15E+01
TAGAATA,7.30E+00
TAGAATC,3.82E+00
TAGAATG,1.21E+01
TAGAATT,9.83E+00
TAGACAA,5.96E-01
TAGACAC,1.06E+00
TAGACAG,1.62E+00
TAGACAT,1.31E+00
TAGACCA,9.89E-01
TAGACCC,2.58E+00
TAGACCG,4.02E+00
TAGACCT,1.62E+00
TAGACGA,8.82E+00
TAGACGC,1.45E+01
TAGACGG,1.43E+01
TAGACGT,1.83E+01
TAGACTA,1.58E+00
TAGACTC,1.62E+00
TAGACTG,3.78E+00
TAGACTT,3.08E+00
TAGAGAA,4.90E-01
TAGAGAC,8.74E-01
TAGAGAG,5.91E-01
TAGAGAT,9.80E-01
TAGAGCA,3.80E-01
TAGAGCC,9.96E-01
TAGAGCG,6.86E-01
TAGAGCT,5.68E-01
TAGAGGA,8.12E+00
TAGAGGC,1.34E+01
TAGAGGG,5.85E+00
TAGAGGT,1.54E+01
TAGAGTA,5.15E-01
TAGAGTC,5.30E-01
TAGAGTG,5.47E-01
TAGAGTT,9.17E-01
TAGATAA,1.04E+00
TAGATAC,1.64E+00
TAGATAG,2.27E+00
TAGATAT,1.88E+00
TAGATCA,9.19E-01
TAGATCC,2.12E+00
TAGATCG,2.99E+00
TAGATCT,1.24E+00
TAGATGA,8.07E+00
TAGATGC,1.17E+01
TAGATGG,1.05E+01
TAGATGT,1.38E+01
TAGATTA,1.66E+00
TAGATTC,1.50E+00
TAGATTG,3.17E+00
TAGATTT,2.66E+00
TAGCAAA,2.26E-02
TAGCAAC,3.20E-02
TAGCAAG,2.96E-02
TAGCAAT,9.32E-02
TAGCACA,1.86E-02
TAGCACC,3.87E-02
TAGCACG,3.66E-02
TAGCACT,5.73E-02
TAGCAGA,1.36E+00
TAGCAGC,1.78E+00
TAGCAGG,1.07E+00
TAGCAGT,5.32E+00
TAGCATA,6.06E-02
TAGCATC,4.94E-02
TAGCATG,6.99E-02
TAGCATT,2.22E-01
TAGCCAA,6.79E-04
TAGCCAC,1.88E-03
TAGCCAG,1.28E-03
TAGCCAT,4.05E-03
TAGCCCA,7.93E-04
TAGCCCC,3.23E-03
TAGCCCG,2.25E-03
TAGCCCT,3.53E-03
TAGCCGA,6.96E-02
TAGCCGC,1.78E-01
TAGCCGG,7.86E-02
TAGCCGT,3.93E-01
TAGCCTA,2.73E-03
TAGCCTC,4.36E-03
TAGCCTG,4.55E-03
TAGCCTT,1.45E-02
TAGCGAA,1.50E-03
TAGCGAC,4.18E-03
TAGCGAG,1.26E-03
TAGCGAT,8.19E-03
TAGCGCA,8.22E-04
TAGCGCC,3.36E-03
TAGCGCG,1.03E-03
TAGCGCT,3.34E-03
TAGCGGA,1.73E-01
TAGCGGC,4.45E-01
TAGCGGG,8.66E-02
TAGCGGT,8.91E-01
TAGCGTA,2.40E-03
TAGCGTC,3.85E-03
TAGCGTG,1.77E-03
TAGCGTT,1.16E-02
TAGCTAA,2.78E-03
TAGCTAC,6.80E-03
TAGCTAG,4.21E-03
TAGCTAT,1.36E-02
TAGCTCA,1.72E-03
TAGCTCC,6.20E-03
TAGCTCG,3.91E-03
TAGCTCT,6.30E-03
TAGCTGA,1.49E-01
TAGCTGC,3.37E-01
TAGCTGG,1.34E-01
TAGCTGT,6.90E-01
TAGCTTA,6.69E-03
TAGCTTC,9.45E-03
TAGCTTG,8.91E-03
TAGCTTT,2.92E-02
TAGGAAA,2.28E-01
TAGGAAC,4.98E-01
TAGGAAG,6.21E-01
TAGGAAT,8.88E-01
TAGGACA,2.94E-01
TAGGACC,9.43E-01
TAGGACG,1.20E+00
TAGGACT,8.55E-01
TAGGAGA,7.83E+00
TAGGAGC,1.58E+01
TAGGAGG,1.27E+01
TAGGAGT,2.89E+01
TAGGATA,2.97E-01
TAGGATC,3.74E-01
TAGGATG,7.12E-01
TAGGATT,1.03E+00
TAGGCAA,1.98E-02
TAGGCAC,8.45E-02
TAGGCAG,7.77E-02
TAGGCAT,1.11E-01
TAGGCCA,3.62E-02
TAGGCCC,2.27E-01
TAGGCCG,2.13E-01
TAGGCCT,1.52E-01
TAGGCGA,1.16E+00
TAGGCGC,4.57E+00
TAGGCGG,2.71E+00
TAGGCGT,6.17E+00
TAGGCTA,3.87E-02
TAGGCTC,9.54E-02
TAGGCTG,1.34E-01
TAGGCTT,1.94E-01
TAGGGAA,9.36E-03
TAGGGAC,4.02E-02
TAGGGAG,1.63E-02
TAGGGAT,4.82E-02
TAGGGCA,8.00E-03
TAGGGCC,5.05E-02
TAGGGCG,2.09E-02
TAGGGCT,3.07E-02
TAGGGGA,6.13E-01
TAGGGGC,2.44E+00
TAGGGGG,6.39E-01
TAGGGGT,2.99E+00
TAGGGTA,7.26E-03
TAGGGTC,1.80E-02
TAGGGTG,1.11E-02
TAGGGTT,3.32E-02
TAGGTAA,9.34E-03
TAGGTAC,3.53E-02
TAGGTAG,2.94E-02
TAGGTAT,4.32E-02
TAGGTCA,9.06E-03
TAGGTCC,5.03E-02
TAGGTCG,4.27E-02
TAGGTCT,3.13E-02
TAGGTGA,2.85E-01
TAGGTGC,9.98E-01
TAGGTGG,5.36E-01
TAGGTGT,1.25E+00
TAGGTTA,1.09E-02
TAGGTTC,2.39E-02
TAGGTTG,3.03E-02
TAGGTTT,4.51E-02
TAGTAAA,2.47E-02
TAGTAAC,2.01E-02
TAGTAAG,4.64E-02
TAGTAAT,1.49E-01
TAGTACA,1.72E-03
TAGTACC,2.05E-03
TAGTACG,4.84E-03
TAGTACT,7.74E-03
TAGTAGA,5.04E-01
TAGTAGC,3.79E-01
TAGTAGG,5.65E-01
TAGTAGT,2.87E+00
TAGTATA,2.19E-02
TAGTATC,1.02E-02
TAGTATG,3.62E-02
TAGTATT,1.17E-01
TAGTCAA,3.97E-03
TAGTCAC,6.32E-03
TAGTCAG,1.08E-02
TAGTCAT,3.46E-02
TAGTCCA,3.92E-04
TAGTCCC,9.16E-04
TAGTCCG,1.59E-03
TAGTCCT,2.55E-03
TAGTCGA,1.38E-01
TAGTCGC,2.03E-01
TAGTCGG,2.23E-01
TAGTCGT,1.14E+00
TAGTCTA,5.28E-03
TAGTCTC,4.84E-03
TAGTCTG,1.26E-02
TAGTCTT,4.09E-02
TAGTGAA,4.54E-03
TAGTGAC,7.26E-03
TAGTGAG,5.47E-03
TAGTGAT,3.62E-02
TAGTGCA,2.10E-04
TAGTGCC,4.92E-04
TAGTGCG,3.78E-04
TAGTGCT,1.25E-03
TAGTGGA,1.76E-01
TAGTGGC,2.61E-01
TAGTGGG,1.27E-01
TAGTGGT,1.33E+00
TAGTGTA,2.39E-03
TAGTGTC,2.21E-03
TAGTGTG,2.54E-03
TAGTGTT,1.70E-02
TAGTTAA,8.68E-03
TAGTTAC,1.22E-02
TAGTTAG,1.89E-02
TAGTTAT,6.22E-02
TAGTTCA,4.55E-04
TAGTTCC,9.41E-04
TAGTTCG,1.48E-03
TAGTTCT,2.43E-03
TAGTTGA,1.57E-01
TAGTTGC,2.05E-01
TAGTTGG,2.04E-01
TAGTTGT,1.07E+00
TAGTTTA,6.90E-03
TAGTTTC,5.61E-03
TAGTTTG,1.32E-02
TAGTTTT,4.40E-02
TATAAAA,4.79E-03
TATAAAC,8.19E-03
TATAAAG,1.43E-02
TATAAAT,4.51E-02
TATAACA,6.01E-02
TATAACC,1.51E-01
TATAACG,2.69E-01
TATAACT,4.23E-01
TATAAGA,7.36E-01
TATAAGC,1.17E+00
TATAAGG,1.31E+00
TATAAGT,6.57E+00
TATAATA,4.81E-03
TATAATC,4.75E-03
TATAATG,1.27E-02
TATAATT,4.03E-02
TATACAA,2.00E-04
TATACAC,6.71E-04
TATACAG,8.65E-04
TATACAT,2.73E-03
TATACCA,3.56E-03
TATACCC,1.75E-02
TATACCG,2.30E-02
TATACCT,3.63E-02
TATACGA,5.24E-02
TATACGC,1.62E-01
TATACGG,1.35E-01
TATACGT,6.77E-01
TATACTA,3.02E-04
TATACTC,5.84E-04
TATACTG,1.15E-03
TATACTT,3.67E-03
TATAGAA,8.22E-05
TATAGAC,2.77E-04
TATAGAG,1.57E-04
TATAGAT,1.02E-03
TATAGCA,6.84E-04
TATAGCC,3.38E-03
TATAGCG,1.96E-03
TATAGCT,6.36E-03
TATAGGA,2.41E-02
TATAGGC,7.50E-02
TATAGGG,2.76E-02
TATAGGT,2.84E-01
TATAGTA,4.91E-05
TATAGTC,9.53E-05
TATAGTG,8.29E-05
TATAGTT,5.44E-04
TATATAA,4.16E-04
TATATAC,1.23E-03
TATATAG,1.44E-03
TATATAT,4.66E-03
TATATCA,3.93E-03
TATATCC,1.71E-02
TATATCG,2.03E-02
TATATCT,3.29E-02
TATATGA,5.68E-02
TATATGC,1.56E-01
TATATGG,1.17E-01
TATATGT,6.03E-01
TATATTA,3.75E-04
TATATTC,6.42E-04
TATATTG,1.14E-03
TATATTT,3.75E-03
TATCAAA,1.26E-06
TATCAAC,3.37E-06
TATCAAG,2.63E-06
TATCAAT,3.24E-05
TATCACA,1.12E-05
TATCACC,4.37E-05
TATCACG,3.48E-05
TATCACT,2.14E-04
TATCAGA,1.34E-03
TATCAGC,3.32E-03
TATCAGG,1.67E-03
TATCAGT,3.27E-02
TATCATA,1.92E-06
TATCATC,2.96E-06
TATCATG,3.52E-06
TATCATT,4.39E-05
TATCCAA,1.10E-08
TATCCAC,5.74E-08
TATCCAG,3.30E-08
TATCCAT,4.08E-07
TATCCCA,1.38E-07
TATCCCC,1.05E-06
TATCCCG,6.19E-07
TATCCCT,3.81E-06
TATCCGA,1.99E-05
TATCCGC,9.61E-05
TATCCGG,3.57E-05
TATCCGT,6.99E-04
TATCCTA,2.51E-08
TATCCTC,7.56E-08
TATCCTG,6.64E-08
TATCCTT,8.29E-07
TATCGAA,1.22E-08
TATCGAC,6.37E-08
TATCGAG,1.62E-08
TATCGAT,4.12E-07
TATCGCA,7.12E-08
TATCGCC,5.48E-07
TATCGCG,1.42E-07
TATCGCT,1.80E-06
TATCGGA,2.47E-05
TATCGGC,1.20E-04
TATCGGG,1.96E-05
TATCGGT,7.91E-04
TATCGTA,1.10E-08
TATCGTC,3.33E-08
TATCGTG,1.29E-08
TATCGTT,3.32E-07
TATCTAA,5.33E-08
TATCTAC,2.46E-07
TATCTAG,1.28E-07
TATCTAT,1.63E-06
TATCTCA,3.54E-07
TATCTCC,2.40E-06
TATCTCG,1.28E-06
TATCTCT,8.07E-06
TATCTGA,5.04E-05
TATCTGC,2.15E-04
TATCTGG,7.24E-05
TATCTGT,1.46E-03
TATCTTA,7.29E-08
TATCTTC,1.94E-07
TATCTTG,1.54E-07
TATCTTT,1.98E-06
TATGAAA,2.15E-04
TATGAAC,8.84E-04
TATGAAG,9.28E-04
TATGAAT,5.20E-03
TATGACA,2.97E-03
TATGACC,1.79E-02
TATGACG,1.92E-02
TATGACT,5.37E-02
TATGAGA,1.30E-01
TATGAGC,4.96E-01
TATGAGG,3.37E-01
TATGAGT,2.99E+00
TATGATA,1.59E-04
TATGATC,3.77E-04
TATGATG,6.05E-04
TATGATT,3.43E-03
TATGCAA,5.40E-06
TATGCAC,4.35E-05
TATGCAG,3.37E-05
TATGCAT,1.89E-04
TATGCCA,1.06E-04
TATGCCC,1.25E-03
TATGCCG,9.88E-04
TATGCCT,2.77E-03
TATGCGA,5.57E-03
TATGCGC,4.15E-02
TATGCGG,2.08E-02
TATGCGT,1.85E-01
TATGCTA,6.00E-06
TATGCTC,2.79E-05
TATGCTG,3.30E-05
TATGCTT,1.87E-04
TATGGAA,1.28E-06
TATGGAC,1.03E-05
TATGGAG,3.53E-06
TATGGAT,4.08E-05
TATGGCA,1.17E-05
TATGGCC,1.39E-04
TATGGCG,4.85E-05
TATGGCT,2.79E-04
TATGGGA,1.48E-03
TATGGGC,1.10E-02
TATGGGG,2.44E-03
TATGGGT,4.48E-02
TATGGTA,5.62E-07
TATGGTC,2.62E-06
TATGGTG,1.37E-06
TATGGTT,1.60E-05
TATGTAA,3.02E-06
TATGTAC,2.15E-05
TATGTAG,1.51E-05
TATGTAT,8.71E-05
TATGTCA,3.14E-05
TATGTCC,3.29E-04
TATGTCG,2.35E-04
TATGTCT,6.77E-04
TATGTGA,1.63E-03
TATGTGC,1.08E-02
TATGTGG,4.87E-03
TATGTGT,4.45E-02
TATGTTA,2.01E-06
TATGTTC,8.27E-06
TATGTTG,8.85E-06
TATGTTT,5.16E-05
TATTAAA,1.12E-07
TATTAAC,1.72E-07
TATTAAG,3.36E-07
TATTAAT,4.22E-06
TATTACA,8.39E-08
TATTACC,1.89E-07
TATTACG,3.75E-07
TATTACT,2.35E-06
TATTAGA,4.05E-05
TATTAGC,5.74E-05
TATTAGG,7.22E-05
TATTAGT,1.44E-03
TATTATA,5.65E-08
TATTATC,4.99E-08
TATTATG,1.49E-07
TATTATT,1.89E-06
TATTCAA,5.24E-09
TATTCAC,1.57E-08
TATTCAG,2.26E-08
TATTCAT,2.84E-07
TATTCCA,5.54E-09
TATTCCC,2.44E-08
TATTCCG,3.58E-08
TATTCCT,2.24E-07
TATTCGA,3.21E-06
TATTCGC,8.90E-06
TATTCGG,8.26E-06
TATTCGT,1.65E-04
TATTCTA,3.95E-09
TATTCTC,6.84E-09
TATTCTG,1.50E-08
TATTCTT,1.91E-07
TATTGAA,2.99E-09
TATTGAC,9.01E-09
TATTGAG,5.72E-09
TATTGAT,1.48E-07
TATTGCA,1.48E-09
TATTGCC,6.55E-09
TATTGCG,4.24E-09
TATTGCT,5.47E-08
TATTGGA,2.05E-06
TATTGGC,5.72E-06
TATTGGG,2.35E-06
TATTGGT,9.64E-05
TATTGTA,8.95E-10
TATTGTC,1.55E-09
TATTGTG,1.51E-09
TATTGTT,3.95E-08
TATTTAA,1.36E-08
TATTTAC,3.60E-08
TATTTAG,4.69E-08
TATTTAT,6.06E-07
TATTTCA,7.63E-09
TATTTCC,2.97E-08
TATTTCG,3.94E-08
TATTTCT,2.54E-07
TATTTGA,4.34E-06
TATTTGC,1.07E-05
TATTTGG,8.95E-06
TATTTGT,1.84E-04
TATTTTA,6.13E-09
TATTTTC,9.39E-09
TATTTTG,1.86E-08
TATTTTT,2.44E-07
TCAAAAA,7.53E-03
TCAAAAC,8.57E-03
TCAAAAG,1.01E-02
TCAAAAT,9.77E-02
TCAAACA,7.58E-03
TCAAACC,1.27E-02
TCAAACG,1.53E-02
TCAAACT,7.34E-02
TCAAAGA,2.91E+00
TCAAAGC,3.06E+00
TCAAAGG,2.34E+00
TCAAAGT,3.57E+01
TCAAATA,7.80E-03
TCAAATC,5.12E-03
TCAAATG,9.25E-03
TCAAATT,9.01E-02
TCAACAA,3.36E-04
TCAACAC,7.48E-04
TCAACAG,6.53E-04
TCAACAT,6.30E-03
TCAACCA,4.79E-04
TCAACCC,1.57E-03
TCAACCG,1.39E-03
TCAACCT,6.71E-03
TCAACGA,2.20E-01
TCAACGC,4.55E-01
TCAACGG,2.56E-01
TCAACGT,3.92E+00
TCAACTA,5.22E-04
TCAACTC,6.71E-04
TCAACTG,8.94E-04
TCAACTT,8.72E-03
TCAAGAA,1.04E-04
TCAAGAC,2.32E-04
TCAAGAG,8.96E-05
TCAAGAT,1.78E-03
TCAAGCA,6.92E-05
TCAAGCC,2.27E-04
TCAAGCG,8.95E-05
TCAAGCT,8.86E-04
TCAAGGA,7.63E-02
TCAAGGC,1.58E-01
TCAAGGG,3.94E-02
TCAAGGT,1.24E+00
TCAAGTA,6.39E-05
TCAAGTC,8.25E-05
TCAAGTG,4.86E-05
TCAAGTT,9.76E-04
TCAATAA,4.05E-04
TCAATAC,7.99E-04
TCAATAG,6.31E-04
TCAATAT,6.25E-03
TCAATCA,3.07E-04
TCAATCC,8.88E-04
TCAATCG,7.16E-04
TCAATCT,3.54E-03
TCAATGA,1.39E-01
TCAATGC,2.54E-01
TCAATGG,1.29E-01
TCAATGT,2.03E+00
TCAATTA,3.77E-04
TCAATTC,4.29E-04
TCAATTG,5.17E-04
TCAATTT,5.18E-03
TCACAAA,3.49E-07
TCACAAC,6.19E-07
TCACAAG,3.28E-07
TCACAAT,1.23E-05
TCACACA,2.47E-07
TCACACC,6.44E-07
TCACACG,3.48E-07
TCACACT,6.52E-06
TCACAGA,9.33E-04
TCACAGC,1.53E-03
TCACAGG,5.23E-04
TCACAGT,3.12E-02
TCACATA,5.48E-07
TCACATC,5.61E-07
TCACATG,4.53E-07
TCACATT,1.72E-05
TCACCAA,3.24E-09
TCACCAC,1.12E-08
TCACCAG,4.38E-09
TCACCAT,1.65E-07
TCACCCA,3.25E-09
TCACCCC,1.66E-08
TCACCCG,6.59E-09
TCACCCT,1.24E-07
TCACCGA,1.47E-05
TCACCGC,4.73E-05
TCACCGG,1.19E-05
TCACCGT,7.12E-04
TCACCTA,7.63E-09
TCACCTC,1.53E-08
TCACCTG,9.09E-09
TCACCTT,3.46E-07
TCACGAA,2.70E-09
TCACGAC,9.40E-09
TCACGAG,1.62E-09
TCACGAT,1.26E-07
TCACGCA,1.27E-09
TCACGCC,6.49E-09
TCACGCG,1.14E-09
TCACGCT,4.41E-08
TCACGGA,1.37E-05
TCACGGC,4.43E-05
TCACGGG,4.93E-06
TCACGGT,6.07E-04
TCACGTA,2.52E-09
TCACGTC,5.07E-09
TCACGTG,1.33E-09
TCACGTT,1.05E-07
TCACTAA,9.12E-09
TCACTAC,2.80E-08
TCACTAG,9.89E-09
TCACTAT,3.83E-07
TCACTCA,4.86E-09
TCACTCC,2.19E-08
TCACTCG,7.90E-09
TCACTCT,1.53E-07
TCACTGA,2.17E-05
TCACTGC,6.16E-05
TCACTGG,1.40E-05
TCACTGT,8.62E-04
TCACTTA,1.29E-08
TCACTTC,2.28E-08
TCACTTG,1.23E-08
TCACTTT,4.81E-07
TCAGAAA,2.69E-04
TCAGAAC,7.38E-04
TCAGAAG,5.25E-04
TCAGAAT,8.99E-03
TCAGACA,2.99E-04
TCAGACC,1.20E-03
TCAGACG,8.72E-04
TCAGACT,7.44E-03
TCAGAGA,4.11E-01
TCAGAGC,1.04E+00
TCAGAGG,4.78E-01
TCAGAGT,1.30E+01
TCAGATA,2.06E-04
TCAGATC,3.25E-04
TCAGATG,3.53E-04
TCAGATT,6.11E-03
TCAGCAA,7.21E-06
TCAGCAC,3.87E-05
TCAGCAG,2.03E-05
TCAGCAT,3.48E-04
TCAGCCA,1.13E-05
TCAGCCC,8.92E-05
TCAGCCG,4.78E-05
TCAGCCT,4.08E-04
TCAGCGA,1.87E-02
TCAGCGC,9.28E-02
TCAGCGG,3.14E-02
TCAGCGT,8.56E-01
TCAGCTA,8.27E-06
TCAGCTC,2.56E-05
TCAGCTG,2.05E-05
TCAGCTT,3.55E-04
TCAGGAA,1.28E-06
TCAGGAC,6.91E-06
TCAGGAG,1.60E-06
TCAGGAT,5.66E-05
TCAGGCA,9.44E-07
TCAGGCC,7.47E-06
TCAGGCG,1.77E-06
TCAGGCT,3.11E-05
TCAGGGA,3.73E-03
TCAGGGC,1.86E-02
TCAGGGG,2.79E-03
TCAGGGT,1.56E-01
TCAGGTA,5.84E-07
TCAGGTC,1.81E-06
TCAGGTG,6.42E-07
TCAGGTT,2.29E-05
TCAGTAA,2.35E-06
TCAGTAC,1.11E-05
TCAGTAG,5.29E-06
TCAGTAT,9.32E-05
TCAGTCA,1.96E-06
TCAGTCC,1.37E-05
TCAGTCG,6.61E-06
TCAGTCT,5.81E-05
TCAGTGA,3.18E-03
TCAGTGC,1.40E-02
TCAGTGG,4.28E-03
TCAGTGT,1.20E-01
TCAGTTA,1.61E-06
TCAGTTC,4.41E-06
TCAGTTG,3.20E-06
TCAGTTT,5.70E-05
TCATAAA,1.41E-06
TCATAAC,1.43E-06
TCATAAG,1.89E-06
TCATAAT,7.26E-05
TCATACA,8.41E-08
TCATACC,1.26E-07
TCATACG,1.69E-07
TCATACT,3.24E-06
TCATAGA,1.27E-03
TCATAGC,1.20E-03
TCATAGG,1.02E-03
TCATAGT,6.22E-02
TCATATA,7.29E-07
TCATATC,4.28E-07
TCATATG,8.63E-07
TCATATT,3.35E-05
TCATCAA,6.98E-08
TCATCAC,1.39E-07
TCATCAG,1.35E-07
TCATCAT,5.21E-06
TCATCCA,5.92E-09
TCATCCC,1.73E-08
TCATCCG,1.72E-08
TCATCCT,3.30E-07
TCATCGA,1.07E-04
TCATCGC,1.98E-04
TCATCGG,1.24E-04
TCATCGT,7.59E-03
TCATCTA,5.43E-08
TCATCTC,6.25E-08
TCATCTG,9.28E-08
TCATCTT,3.61E-06
TCATGAA,3.00E-08
TCATGAC,6.01E-08
TCATGAG,2.59E-08
TCATGAT,2.05E-06
TCATGCA,1.19E-09
TCATGCC,3.51E-09
TCATGCG,1.54E-09
TCATGCT,6.07E-08
TCATGGA,5.17E-05
TCATGGC,9.59E-05
TCATGGG,2.66E-05
TCATGGT,3.35E-03
TCATGTA,9.26E-09
TCATGTC,1.07E-08
TCATGTG,7.03E-09
TCATGTT,5.63E-07
TCATTAA,1.05E-07
TCATTAC,1.86E-07
TCATTAG,1.64E-07
TCATTAT,6.46E-06
TCATTCA,4.73E-09
TCATTCC,1.23E-08
TCATTCG,1.10E-08
TCATTCT,2.17E-07
TCATTGA,8.44E-05
TCATTGC,1.38E-04
TCATTGG,7.85E-05
TCATTGT,4.92E-03
TCATTTA,4.90E-08
TCATTTC,4.99E-08
TCATTTG,6.71E-08
TCATTTT,2.68E-06
TCCAAAA,5.61E-04
TCCAAAC,3.84E-04
TCCAAAG,7.38E-04
TCCAAAT,8.59E-03
TCCAACA,3.65E-02
TCCAACC,3.67E-02
TCCAACG,7.18E-02
TCCAACT,4.17E-01
TCCAAGA,5.39E+00
TCCAAGC,3.42E+00
TCCAAGG,4.23E+00
TCCAAGT,7.83E+01
TCCAATA,1.91E-02
TCCAATC,7.56E-03
TCCAATG,2.21E-02
TCCAATT,2.61E-01
TCCACAA,3.55E-05
TCCACAC,4.76E-05
TCCACAG,6.74E-05
TCCACAT,7.86E-04
TCCACCA,3.27E-03
TCCACCC,6.44E-03
TCCACCG,9.30E-03
TCCACCT,5.41E-02
TCCACGA,5.81E-01
TCCACGC,7.21E-01
TCCACGG,6.58E-01
TCCACGT,1.22E+01
TCCACTA,1.82E-03
TCCACTC,1.41E-03
TCCACTG,3.04E-03
TCCACTT,3.58E-02
TCCAGAA,5.26E-06
TCCAGAC,7.08E-06
TCCAGAG,4.43E-06
TCCAGAT,1.06E-04
TCCAGCA,2.26E-04
TCCAGCC,4.48E-04
TCCAGCG,2.86E-04
TCCAGCT,3.42E-03
TCCAGGA,9.63E-02
TCCAGGC,1.20E-01
TCCAGGG,4.84E-02
TCCAGGT,1.85E+00
TCCAGTA,1.07E-04
TCCAGTC,8.29E-05
TCCAGTG,7.91E-05
TCCAGTT,1.92E-03
TCCATAA,2.53E-05
TCCATAC,3.00E-05
TCCATAG,3.84E-05
TCCATAT,4.60E-04
TCCATCA,1.24E-03
TCCATCC,2.15E-03
TCCATCG,2.81E-03
TCCATCT,1.68E-02
TCCATGA,2.16E-01
TCCATGC,2.37E-01
TCCATGG,1.96E-01
TCCATGT,3.73E+00
TCCATTA,7.75E-04
TCCATTC,5.30E-04
TCCATTG,1.04E-03
TCCATTT,1.26E-02
TCCCAAA,1.53E-07
TCCCAAC,1.63E-07
TCCCAAG,1.40E-07
TCCCAAT,6.36E-06
TCCCACA,6.99E-06
TCCCACC,1.10E-05
TCCCACG,9.58E-06
TCCCACT,2.17E-04
TCCCAGA,1.02E-02
TCCCAGC,1.00E-02
TCCCAGG,5.56E-03
TCCCAGT,4.01E-01
TCCCATA,7.90E-06
TCCCATC,4.86E-06
TCCCATG,6.36E-06
TCCCATT,2.93E-04
TCCCCAA,2.01E-09
TCCCCAC,4.20E-09
TCCCCAG,2.65E-09
TCCCCAT,1.21E-07
TCCCCCA,1.30E-07
TCCCCCC,4.00E-07
TCCCCCG,2.58E-07
TCCCCCT,5.86E-06
TCCCCGA,2.27E-04
TCCCCGC,4.40E-04
TCCCCGG,1.79E-04
TCCCCGT,1.30E-02
TCCCCTA,1.56E-07
TCCCCTC,1.88E-07
TCCCCTG,1.81E-07
TCCCCTT,8.36E-06
TCCCGAA,8.02E-10
TCCCGAC,1.68E-09
TCCCGAG,4.70E-10
TCCCGAT,4.41E-08
TCCCGCA,2.43E-08
TCCCGCC,7.50E-08
TCCCGCG,2.14E-08
TCCCGCT,9.99E-07
TCCCGGA,1.02E-04
TCCCGGC,1.97E-04
TCCCGGG,3.56E-05
TCCCGGT,5.30E-03
TCCCGTA,2.47E-08
TCCCGTC,2.98E-08
TCCCGTG,1.27E-08
TCCCGTT,1.21E-06
TCCCTAA,3.34E-09
TCCCTAC,6.18E-09
TCCCTAG,3.53E-09
TCCCTAT,1.66E-07
TCCCTCA,1.15E-07
TCCCTCC,3.12E-07
TCCCTCG,1.82E-07
TCCCTCT,4.26E-06
TCCCTGA,1.98E-04
TCCCTGC,3.38E-04
TCCCTGG,1.25E-04
TCCCTGT,9.27E-03
TCCCTTA,1.55E-07
TCCCTTC,1.65E-07
TCCCTTG,1.45E-07
TCCCTTT,6.84E-06
TCCGAAA,2.19E-05
TCCGAAC,3.61E-05
TCCGAAG,4.16E-05
TCCGAAT,8.62E-04
TCCGACA,1.57E-03
TCCGACC,3.79E-03
TCCGACG,4.47E-03
TCCGACT,4.61E-02
TCCGAGA,8.31E-01
TCCGAGC,1.27E+00
TCCGAGG,9.44E-01
TCCGAGT,3.10E+01
TCCGATA,5.51E-04
TCCGATC,5.23E-04
TCCGATG,9.22E-04
TCCGATT,1.93E-02
TCCGCAA,8.32E-07
TCCGCAC,2.68E-06
TCCGCAG,2.28E-06
TCCGCAT,4.74E-05
TCCGCCA,8.45E-05
TCCGCCC,4.00E-04
TCCGCCG,3.47E-04
TCCGCCT,3.59E-03
TCCGCGA,5.37E-02
TCCGCGC,1.60E-01
TCCGCGG,8.81E-02
TCCGCGT,2.90E+00
TCCGCTA,3.14E-05
TCCGCTC,5.85E-05
TCCGCTG,7.59E-05
TCCGCTT,1.59E-03
TCCGGAA,7.10E-08
TCCGGAC,2.30E-07
TCCGGAG,8.65E-08
TCCGGAT,3.69E-06
TCCGGCA,3.37E-06
TCCGGCC,1.60E-05
TCCGGCG,6.15E-06
TCCGGCT,1.31E-04
TCCGGGA,5.13E-03
TCCGGGC,1.54E-02
TCCGGGG,3.74E-03
TCCGGGT,2.53E-01
TCCGGTA,1.06E-06
TCCGGTC,1.98E-06
TCCGGTG,1.14E-06
TCCGGTT,4.92E-05
TCCGTAA,1.60E-07
TCCGTAC,4.56E-07
TCCGTAG,3.51E-07
TCCGTAT,7.48E-06
TCCGTCA,8.61E-06
TCCGTCC,3.61E-05
TCCGTCG,2.83E-05
TCCGTCT,3.01E-04
TCCGTGA,5.39E-03
TCCGTGC,1.42E-02
TCCGTGG,7.07E-03
TCCGTGT,2.39E-01
TCCGTTA,3.61E-06
TCCGTTC,5.94E-06
TCCGTTG,6.99E-06
TCCGTTT,1.51E-04
TCCTAAA,7.25E-09
TCCTAAC,4.44E-09
TCCTAAG,9.51E-09
TCCTAAT,4.41E-07
TCCTACA,2.80E-08
TCCTACC,2.52E-08
TCCTACG,5.50E-08
TCCTACT,1.27E-06
TCCTAGA,1.63E-04
TCCTAGC,9.26E-05
TCCTAGG,1.28E-04
TCCTAGT,9.41E-03
TCCTATA,1.24E-07
TCCTATC,4.37E-08
TCCTATG,1.43E-07
TCCTATT,6.70E-06
TCCTCAA,5.10E-10
TCCTCAC,6.13E-10
TCCTCAG,9.67E-10
TCCTCAT,4.50E-08
TCCTCCA,2.80E-09
TCCTCCC,4.93E-09
TCCTCCG,7.93E-09
TCCTCCT,1.84E-07
TCCTCGA,1.95E-05
TCCTCGC,2.17E-05
TCCTCGG,2.21E-05
TCCTCGT,1.63E-03
TCCTCTA,1.31E-08
TCCTCTC,9.06E-09
TCCTCTG,2.18E-08
TCCTCTT,1.03E-06
TCCTGAA,1.05E-10
TCCTGAC,1.27E-10
TCCTGAG,8.85E-11
TCCTGAT,8.46E-09
TCCTGCA,2.69E-10
TCCTGCC,4.77E-10
TCCTGCG,3.39E-10
TCCTGCT,1.62E-08
TCCTGGA,4.51E-06
TCCTGGC,5.03E-06
TCCTGGG,2.27E-06
TCCTGGT,3.44E-04
TCCTGTA,1.07E-09
TCCTGTC,7.43E-10
TCCTGTG,7.91E-10
TCCTGTT,7.65E-08
TCCTTAA,4.54E-10
TCCTTAC,4.82E-10
TCCTTAG,6.88E-10
TCCTTAT,3.29E-08
TCCTTCA,1.32E-09
TCCTTCC,2.06E-09
TCCTTCG,3.00E-09
TCCTTCT,7.14E-08
TCCTTGA,9.07E-06
TCCTTGC,8.92E-06
TCCTTGG,8.22E-06
TCCTTGT,6.23E-04
TCCTTTA,6.96E-09
TCCTTTC,4.26E-09
TCCTTTG,9.30E-09
TCCTTTT,4.49E-07
TCGAAAA,2.84E+00
TCGAAAC,1.93E+00
TCGAAAG,4.59E+00
TCGAAAT,7.09E+00
TCGAACA,2.59E+00
TCGAACC,2.58E+00
TCGAACG,6.26E+00
TCGAACT,4.82E+00
TCGAAGA,9.40E+01
TCGAAGC,5.91E+01
TCGAAGG,9.07E+01
TCGAAGT,2.23E+02
TCGAATA,3.81E+00
TCGAATC,1.49E+00
TCGAATG,5.42E+00
TCGAATT,8.47E+00
TCGACAA,3.53E-01
TCGACAC,4.69E-01
TCGACAG,8.23E-01
TCGACAT,1.27E+00
TCGACCA,4.55E-01
TCGACCC,8.89E-01
TCGACCG,1.59E+00
TCGACCT,1.23E+00
TCGACGA,1.99E+01
TCGACGC,2.44E+01
TCGACGG,2.77E+01
TCGACGT,6.80E+01
TCGACTA,7.10E-01
TCGACTC,5.45E-01
TCGACTG,1.46E+00
TCGACTT,2.28E+00
TCGAGAA,1.76E-01
TCGAGAC,2.35E-01
TCGAGAG,1.82E-01
TCGAGAT,5.80E-01
TCGAGCA,1.06E-01
TCGAGCC,2.08E-01
TCGAGCG,1.65E-01
TCGAGCT,2.61E-01
TCGAGGA,1.11E+01
TCGAGGC,1.37E+01
TCGAGGG,6.86E+00
TCGAGGT,3.47E+01
TCGAGTA,1.40E-01
TCGAGTC,1.08E-01
TCGAGTG,1.28E-01
TCGAGTT,4.12E-01
TCGATAA,4.56E-01
TCGATAC,5.37E-01
TCGATAG,8.52E-01
TCGATAT,1.36E+00
TCGATCA,3.13E-01
TCGATCC,5.40E-01
TCGATCG,8.75E-01
TCGATCT,6.94E-01
TCGATGA,1.34E+01
TCGATGC,1.46E+01
TCGATGG,1.50E+01
TCGATGT,3.78E+01
TCGATTA,5.50E-01
TCGATTC,3.73E-01
TCGATTG,9.05E-01
TCGATTT,1.45E+00
TCGCAAA,5.64E-03
TCGCAAC,5.96E-03
TCGCAAG,6.34E-03
TCGCAAT,3.83E-02
TCGCACA,3.61E-03
TCGCACC,5.61E-03
TCGCACG,6.09E-03
TCGCACT,1.83E-02
TCGCAGA,1.29E+00
TCGCAGC,1.26E+00
TCGCAGG,8.68E-01
TCGCAGT,8.31E+00
TCGCATA,1.15E-02
TCGCATC,6.99E-03
TCGCATG,1.13E-02
TCGCATT,6.92E-02
TCGCCAA,1.45E-04
TCGCCAC,3.01E-04
TCGCCAG,2.36E-04
TCGCCAT,1.43E-03
TCGCCCA,1.32E-04
TCGCCCC,4.02E-04
TCGCCCG,3.21E-04
TCGCCCT,9.69E-04
TCGCCGA,5.67E-02
TCGCCGC,1.09E-01
TCGCCGG,5.50E-02
TCGCCGT,5.28E-01
TCGCCTA,4.44E-04
TCGCCTC,5.30E-04
TCGCCTG,6.34E-04
TCGCCTT,3.88E-03
TCGCGAA,1.95E-04
TCGCGAC,4.06E-04
TCGCGAG,1.41E-04
TCGCGAT,1.75E-03
TCGCGCA,8.30E-05
TCGCGCC,2.54E-04
TCGCGCG,8.97E-05
TCGCGCT,5.57E-04
TCGCGGA,8.53E-02
TCGCGGC,1.64E-01
TCGCGGG,3.67E-02
TCGCGGT,7.26E-01
TCGCGTA,2.36E-04
TCGCGTC,2.84E-04
TCGCGTG,1.50E-04
TCGCGTT,1.89E-03
TCGCTAA,4.40E-04
TCGCTAC,8.05E-04
TCGCTAG,5.71E-04
TCGCTAT,3.55E-03
TCGCTCA,2.12E-04
TCGCTCC,5.71E-04
TCGCTCG,4.13E-04
TCGCTCT,1.28E-03
TCGCTGA,8.95E-02
TCGCTGC,1.52E-01
TCGCTGG,6.95E-02
TCGCTGT,6.85E-01
TCGCTTA,8.03E-04
TCGCTTC,8.49E-04
TCGCTTG,9.19E-04
TCGCTTT,5.78E-03
TCGGAAA,1.77E-01
TCGGAAC,2.89E-01
TCGGAAG,4.13E-01
TCGGAAT,1.13E+00
TCGGACA,1.77E-01
TCGGACC,4.25E-01
TCGGACG,6.21E-01
TCGGACT,8.50E-01
TCGGAGA,2.31E+01
TCGGAGC,3.49E+01
TCGGAGG,3.22E+01
TCGGAGT,1.41E+02
TCGGATA,1.75E-01
TCGGATC,1.65E-01
TCGGATG,3.60E-01
TCGGATT,9.99E-01
TCGGCAA,1.32E-02
TCGGCAC,4.21E-02
TCGGCAG,4.44E-02
TCGGCAT,1.22E-01
TCGGCCA,1.87E-02
TCGGCCC,8.80E-02
TCGGCCG,9.47E-02
TCGGCCT,1.30E-01
TCGGCGA,2.93E+00
TCGGCGC,8.67E+00
TCGGCGG,5.90E+00
TCGGCGT,2.58E+01
TCGGCTA,1.96E-02
TCGGCTC,3.61E-02
TCGGCTG,5.81E-02
TCGGCTT,1.62E-01
TCGGGAA,3.78E-03
TCGGGAC,1.21E-02
TCGGGAG,5.66E-03
TCGGGAT,3.21E-02
TCGGGCA,2.52E-03
TCGGGCC,1.19E-02
TCGGGCG,5.64E-03
TCGGGCT,1.59E-02
TCGGGGA,9.43E-01
TCGGGGC,2.80E+00
TCGGGGG,8.43E-01
TCGGGGT,7.58E+00
TCGGGTA,2.23E-03
TCGGGTC,4.12E-03
TCGGGTG,2.94E-03
TCGGGTT,1.68E-02
TCGGTAA,4.60E-03
TCGGTAC,1.30E-02
TCGGTAG,1.24E-02
TCGGTAT,3.51E-02
TCGGTCA,3.47E-03
TCGGTCC,1.44E-02
TCGGTCG,1.41E-02
TCGGTCT,1.98E-02
TCGGTGA,5.34E-01
TCGGTGC,1.40E+00
TCGGTGG,8.62E-01
TCGGTGT,3.87E+00
TCGGTTA,4.09E-03
TCGGTTC,6.67E-03
TCGGTTG,9.72E-03
TCGGTTT,2.78E-02
TCGTAAA,4.31E-03
TCGTAAC,2.62E-03
TCGTAAG,6.95E-03
TCGTAAT,4.28E-02
TCGTACA,2.33E-04
TCGTACC,2.08E-04
TCGTACG,5.64E-04
TCGTACT,1.73E-03
TCGTAGA,3.34E-01
TCGTAGC,1.88E-01
TCGTAGG,3.22E-01
TCGTAGT,3.15E+00
TCGTATA,2.89E-03
TCGTATC,1.01E-03
TCGTATG,4.11E-03
TCGTATT,2.56E-02
TCGTCAA,5.96E-04
TCGTCAC,7.09E-04
TCGTCAG,1.39E-03
TCGTCAT,8.56E-03
TCGTCCA,4.57E-05
TCGTCCC,7.99E-05
TCGTCCG,1.60E-04
TCGTCCT,4.91E-04
TCGTCGA,7.86E-02
TCGTCGC,8.65E-02
TCGTCGG,1.09E-01
TCGTCGT,1.07E+00
TCGTCTA,6.01E-04
TCGTCTC,4.12E-04
TCGTCTG,1.23E-03
TCGTCTT,7.68E-03
TCGTGAA,4.13E-04
TCGTGAC,4.94E-04
TCGTGAG,4.27E-04
TCGTGAT,5.43E-03
TCGTGCA,1.48E-05
TCGTGCC,2.61E-05
TCGTGCG,2.30E-05
TCGTGCT,1.46E-04
TCGTGGA,6.11E-02
TCGTGGC,6.76E-02
TCGTGGG,3.77E-02
TCGTGGT,7.60E-01
TCGTGTA,1.65E-04
TCGTGTC,1.14E-04
TCGTGTG,1.50E-04
TCGTGTT,1.93E-03
TCGTTAA,9.62E-04
TCGTTAC,1.01E-03
TCGTTAG,1.80E-03
TCGTTAT,1.14E-02
TCGTTCA,3.92E-05
TCGTTCC,6.07E-05
TCGTTCG,1.10E-04
TCGTTCT,3.46E-04
TCGTTGA,6.63E-02
TCGTTGC,6.46E-02
TCGTTGG,7.39E-02
TCGTTGT,7.43E-01
TCGTTTA,5.81E-04
TCGTTTC,3.53E-04
TCGTTTG,9.54E-04
TCGTTTT,6.11E-03
TCTAAAA,1.84E-03
TCTAAAC,2.36E-03
TCTAAAG,4.73E-03
TCTAAAT,2.86E-02
TCTAACA,1.80E-02
TCTAACC,3.38E-02
TCTAACG,6.91E-02
TCTAACT,2.09E-01
TCTAAGA,1.08E+00
TCTAAGC,1.28E+00
TCTAAGG,1.65E+00
TCTAAGT,1.59E+01
TCTAATA,1.40E-03
TCTAATC,1.04E-03
TCTAATG,3.17E-03
TCTAATT,1.94E-02
TCTACAA,6.62E-05
TCTACAC,1.66E-04
TCTACAG,2.45E-04
TCTACAT,1.49E-03
TCTACCA,9.16E-04
TCTACCC,3.37E-03
TCTACCG,5.08E-03
TCTACCT,1.54E-02
TCTACGA,6.59E-02
TCTACGC,1.53E-01
TCTACGG,1.46E-01
TCTACGT,1.40E+00
TCTACTA,7.58E-05
TCTACTC,1.10E-04
TCTACTG,2.47E-04
TCTACTT,1.52E-03
TCTAGAA,1.65E-05
TCTAGAC,4.15E-05
TCTAGAG,2.71E-05
TCTAGAT,3.38E-04
TCTAGCA,1.07E-04
TCTAGCC,3.94E-04
TCTAGCG,2.63E-04
TCTAGCT,1.64E-03
TCTAGGA,1.84E-02
TCTAGGC,4.28E-02
TCTAGGG,1.80E-02
TCTAGGT,3.57E-01
TCTAGTA,7.47E-06
TCTAGTC,1.08E-05
TCTAGTG,1.08E-05
TCTAGTT,1.37E-04
TCTATAA,1.02E-04
TCTATAC,2.25E-04
TCTATAG,3.02E-04
TCTATAT,1.88E-03
TCTATCA,7.47E-04
TCTATCC,2.43E-03
TCTATCG,3.32E-03
TCTATCT,1.03E-02
TCTATGA,5.28E-02
TCTATGC,1.08E-01
TCTATGG,9.36E-02
TCTATGT,9.25E-01
TCTATTA,6.96E-05
TCTATTC,8.90E-05
TCTATTG,1.82E-04
TCTATTT,1.15E-03
TCTCAAA,1.76E-07
TCTCAAC,3.51E-07
TCTCAAG,3.14E-07
TCTCAAT,7.43E-06
TCTCACA,1.21E-06
TCTCACC,3.54E-06
TCTCACG,3.23E-06
TCTCACT,3.81E-05
TCTCAGA,7.12E-04
TCTCAGC,1.31E-03
TCTCAGG,7.60E-04
TCTCAGT,2.85E-02
TCTCATA,2.03E-07
TCTCATC,2.34E-07
TCTCATG,3.19E-07
TCTCATT,7.64E-06
TCTCCAA,1.31E-09
TCTCCAC,5.13E-09
TCTCCAG,3.39E-09
TCTCCAT,8.04E-08
TCTCCCA,1.28E-08
TCTCCCC,7.34E-08
TCTCCCG,4.95E-08
TCTCCCT,5.85E-07
TCTCCGA,9.05E-06
TCTCCGC,3.27E-05
TCTCCGG,1.39E-05
TCTCCGT,5.24E-04
TCTCCTA,2.28E-09
TCTCCTC,5.13E-09
TCTCCTG,5.18E-09
TCTCCTT,1.24E-07
TCTCGAA,8.82E-10
TCTCGAC,3.46E-09
TCTCGAG,1.01E-09
TCTCGAT,4.93E-08
TCTCGCA,4.02E-09
TCTCGCC,2.31E-08
TCTCGCG,6.89E-09
TCTCGCT,1.68E-07
TCTCGGA,6.80E-06
TCTCGGC,2.47E-05
TCTCGGG,4.65E-06
TCTCGGT,3.60E-04
TCTCGTA,6.06E-10
TCTCGTC,1.37E-09
TCTCGTG,6.11E-10
TCTCGTT,3.01E-08
TCTCTAA,4.71E-09
TCTCTAC,1.63E-08
TCTCTAG,9.74E-09
TCTCTAT,2.37E-07
TCTCTCA,2.44E-08
TCTCTCC,1.24E-07
TCTCTCG,7.54E-08
TCTCTCT,9.16E-07
TCTCTGA,1.69E-05
TCTCTGC,5.42E-05
TCTCTGG,2.09E-05
TCTCTGT,8.08E-04
TCTCTTA,4.89E-09
TCTCTTC,9.75E-09
TCTCTTG,8.90E-09
TCTCTTT,2.19E-07
TCTGAAA,9.30E-05
TCTGAAC,2.86E-04
TCTGAAG,3.45E-04
TCTGAAT,3.71E-03
TCTGACA,1.00E-03
TCTGACC,4.52E-03
TCTGACG,5.56E-03
TCTGACT,2.98E-02
TCTGAGA,2.15E-01
TCTGAGC,6.12E-01
TCTGAGG,4.76E-01
TCTGAGT,8.13E+00
TCTGATA,5.22E-05
TCTGATC,9.27E-05
TCTGATG,1.71E-04
TCTGATT,1.86E-03
TCTGCAA,2.01E-06
TCTGCAC,1.21E-05
TCTGCAG,1.08E-05
TCTGCAT,1.16E-04
TCTGCCA,3.06E-05
TCTGCCC,2.71E-04
TCTGCCG,2.46E-04
TCTGCCT,1.32E-03
TCTGCGA,7.89E-03
TCTGCGC,4.40E-02
TCTGCGG,2.53E-02
TCTGCGT,4.32E-01
TCTGCTA,1.69E-06
TCTGCTC,5.89E-06
TCTGCTG,7.99E-06
TCTGCTT,8.72E-05
TCTGGAA,2.88E-07
TCTGGAC,1.74E-06
TCTGGAG,6.85E-07
TCTGGAT,1.52E-05
TCTGGCA,2.05E-06
TCTGGCC,1.82E-05
TCTGGCG,7.32E-06
TCTGGCT,8.09E-05
TCTGGGA,1.27E-03
TCTGGGC,7.10E-03
TCTGGGG,1.80E-03
TCTGGGT,6.34E-02
TCTGGTA,9.63E-08
TCTGGTC,3.36E-07
TCTGGTG,2.02E-07
TCTGGTT,4.53E-06
TCTGTAA,8.31E-07
TCTGTAC,4.43E-06
TCTGTAG,3.57E-06
TCTGTAT,3.95E-05
TCTGTCA,6.73E-06
TCTGTCC,5.27E-05
TCTGTCG,4.33E-05
TCTGTCT,2.39E-04
TCTGTGA,1.71E-03
TCTGTGC,8.42E-03
TCTGTGG,4.37E-03
TCTGTGT,7.68E-02
TCTGTTA,4.20E-07
TCTGTTC,1.29E-06
TCTGTTG,1.59E-06
TCTGTTT,1.78E-05
TCTTAAA,1.10E-08
TCTTAAC,1.26E-08
TCTTAAG,2.81E-08
TCTTAAT,6.78E-07
TCTTACA,6.36E-09
TCTTACC,1.07E-08
TCTTACG,2.44E-08
TCTTACT,2.94E-07
TCTTAGA,1.50E-05
TCTTAGC,1.59E-05
TCTTAGG,2.30E-05
TCTTAGT,8.79E-04
TCTTATA,4.18E-09
TCTTATC,2.76E-09
TCTTATG,9.43E-09
TCTTATT,2.30E-07
TCTTCAA,4.39E-10
TCTTCAC,9.84E-10
TCTTCAG,1.62E-09
TCTTCAT,3.92E-08
TCTTCCA,3.61E-10
TCTTCCC,1.19E-09
TCTTCCG,2.00E-09
TCTTCCT,2.41E-08
TCTTCGA,1.02E-06
TCTTCGC,2.12E-06
TCTTCGG,2.26E-06
TCTTCGT,8.66E-05
TCTTCTA,2.51E-10
TCTTCTC,3.25E-10
TCTTCTG,8.19E-10
TCTTCTT,2.00E-08
TCTTGAA,1.52E-10
TCTTGAC,3.42E-10
TCTTGAG,2.50E-10
TCTTGAT,1.24E-08
TCTTGCA,5.85E-11
TCTTGCC,1.94E-10
TCTTGCG,1.44E-10
TCTTGCT,3.57E-09
TCTTGGA,3.97E-07
TCTTGGC,8.27E-07
TCTTGGG,3.89E-07
TCTTGGT,3.07E-05
TCTTGTA,3.45E-11
TCTTGTC,4.48E-11
TCTTGTG,4.99E-11
TCTTGTT,2.51E-09
TCTTTAA,8.41E-10
TCTTTAC,1.67E-09
TCTTTAG,2.49E-09
TCTTTAT,6.19E-08
TCTTTCA,3.67E-10
TCTTTCC,1.07E-09
TCTTTCG,1.63E-09
TCTTTCT,2.02E-08
TCTTTGA,1.02E-06
TCTTTGC,1.88E-06
TCTTTGG,1.81E-06
TCTTTGT,7.13E-05
TCTTTTA,2.88E-10
TCTTTTC,3.30E-10
TCTTTTG,7.52E-10
TCTTTTT,1.89E-08
TGAAAAA,3.79E-03
TGAAAAC,6.55E-03
TGAAAAG,5.99E-03
TGAAAAT,5.24E-02
TGAAACA,4.42E-03
TGAAACC,1.12E-02
TGAAACG,1.04E-02
TGAAACT,4.56E-02
TGAAAGA,2.19E+00
TGAAAGC,3.50E+00
TGAAAGG,2.06E+00
TGAAAGT,2.87E+01
TGAAATA,9.34E-03
TGAAATC,9.30E-03
TGAAATG,1.30E-02
TGAAATT,1.15E-01
TGAACAA,9.54E-05
TGAACAC,3.23E-04
TGAACAG,2.17E-04
TGAACAT,1.91E-03
TGAACCA,1.57E-04
TGAACCC,7.82E-04
TGAACCG,5.37E-04
TGAACCT,2.35E-03
TGAACGA,9.37E-02
TGAACGC,2.93E-01
TGAACGG,1.27E-01
TGAACGT,1.77E+00
TGAACTA,3.53E-04
TGAACTC,6.88E-04
TGAACTG,7.07E-04
TGAACTT,6.27E-03
TGAAGAA,3.22E-05
TGAAGAC,1.09E-04
TGAAGAG,3.26E-05
TGAAGAT,5.88E-04
TGAAGCA,2.49E-05
TGAAGCC,1.24E-04
TGAAGCG,3.77E-05
TGAAGCT,3.39E-04
TGAAGGA,3.54E-02
TGAAGGC,1.11E-01
TGAAGGG,2.14E-02
TGAAGGT,6.13E-01
TGAAGTA,4.72E-05
TGAAGTC,9.24E-05
TGAAGTG,4.20E-05
TGAAGTT,7.67E-04
TGAATAA,1.72E-04
TGAATAC,5.14E-04
TGAATAG,3.13E-04
TGAATAT,2.82E-03
TGAATCA,1.51E-04
TGAATCC,6.62E-04
TGAATCG,4.11E-04
TGAATCT,1.85E-03
TGAATGA,8.81E-02
TGAATGC,2.44E-01
TGAATGG,9.60E-02
TGAATGT,1.37E+00
TGAATTA,3.80E-04
TGAATTC,6.56E-04
TGAATTG,6.10E-04
TGAATTT,5.56E-03
TGACAAA,1.00E-07
TGACAAC,2.70E-07
TGACAAG,1.10E-07
TGACAAT,3.77E-06
TGACACA,8.22E-08
TGACACC,3.25E-07
TGACACG,1.35E-07
TGACACT,2.31E-06
TGACAGA,4.00E-04
TGACAGC,9.97E-04
TGACAGG,2.63E-04
TGACAGT,1.43E-02
TGACATA,3.74E-07
TGACATC,5.80E-07
TGACATG,3.61E-07
TGACATT,1.25E-05
TGACCAA,5.24E-10
TGACCAC,2.76E-09
TGACCAG,8.31E-10
TGACCAT,2.85E-08
TGACCCA,6.09E-10
TGACCCC,4.71E-09
TGACCCG,1.45E-09
TGACCCT,2.47E-08
TGACCGA,3.56E-06
TGACCGC,1.74E-05
TGACCGG,3.37E-06
TGACCGT,1.83E-04
TGACCTA,2.93E-09
TGACCTC,8.91E-09
TGACCTG,4.09E-09
TGACCTT,1.42E-07
TGACGAA,4.77E-10
TGACGAC,2.52E-09
TGACGAG,3.36E-10
TGACGAT,2.37E-08
TGACGCA,2.59E-10
TGACGCC,2.01E-09
TGACGCG,2.73E-10
TGACGCT,9.61E-09
TGACGGA,3.63E-06
TGACGGC,1.78E-05
TGACGGG,1.53E-06
TGACGGT,1.71E-04
TGACGTA,1.06E-09
TGACGTC,3.23E-09
TGACGTG,6.56E-10
TGACGTT,4.68E-08
TGACTAA,2.20E-09
TGACTAC,1.03E-08
TGACTAG,2.80E-09
TGACTAT,9.85E-08
TGACTCA,1.36E-09
TGACTCC,9.31E-09
TGACTCG,2.59E-09
TGACTCT,4.54E-08
TGACTGA,7.82E-06
TGACTGC,3.37E-05
TGACTGG,5.93E-06
TGACTGT,3.31E-04
TGACTTA,7.38E-09
TGACTTC,1.98E-08
TGACTTG,8.25E-09
TGACTTT,2.94E-07
TGAGAAA,7.56E-05
TGAGAAC,3.14E-04
TGAGAAG,1.73E-04
TGAGAAT,2.69E-03
TGAGACA,9.70E-05
TGAGACC,5.92E-04
TGAGACG,3.32E-04
TGAGACT,2.57E-03
TGAGAGA,1.72E-01
TGAGAGC,6.63E-01
TGAGAGG,2.35E-01
TGAGAGT,5.80E+00
TGAGATA,1.37E-04
TGAGATC,3.29E-04
TGAGATG,2.76E-04
TGAGATT,4.34E-03
TGAGCAA,1.14E-06
TGAGCAC,9.29E-06
TGAGCAG,3.76E-06
TGAGCAT,5.87E-05
TGAGCCA,2.08E-06
TGAGCCC,2.48E-05
TGAGCCG,1.03E-05
TGAGCCT,7.97E-05
TGAGCGA,4.43E-03
TGAGCGC,3.33E-02
TGAGCGG,8.72E-03
TGAGCGT,2.16E-01
TGAGCTA,3.11E-06
TGAGCTC,1.46E-05
TGAGCTG,9.03E-06
TGAGCTT,1.42E-04
TGAGGAA,2.22E-07
TGAGGAC,1.81E-06
TGAGGAG,3.25E-07
TGAGGAT,1.04E-05
TGAGGCA,1.89E-07
TGAGGCC,2.27E-06
TGAGGCG,4.14E-07
TGAGGCT,6.62E-06
TGAGGGA,9.65E-04
TGAGGGC,7.29E-03
TGAGGGG,8.43E-04
TGAGGGT,4.29E-02
TGAGGTA,2.40E-07
TGAGGTC,1.13E-06
TGAGGTG,3.09E-07
TGAGGTT,1.00E-05
TGAGTAA,5.55E-07
TGAGTAC,3.99E-06
TGAGTAG,1.46E-06
TGAGTAT,2.34E-05
TGAGTCA,5.36E-07
TGAGTCC,5.66E-06
TGAGTCG,2.12E-06
TGAGTCT,1.69E-05
TGAGTGA,1.12E-03
TGAGTGC,7.48E-03
TGAGTGG,1.77E-03
TGAGTGT,4.50E-02
TGAGTTA,9.04E-07
TGAGTTC,3.75E-06
TGAGTTG,2.10E-06
TGAGTTT,3.40E-05
TGATAAA,3.55E-07
TGATAAC,5.49E-07
TGATAAG,5.59E-07
TGATAAT,1.95E-05
TGATACA,2.46E-08
TGATACC,5.59E-08
TGATACG,5.80E-08
TGATACT,1.01E-06
TGATAGA,4.80E-04
TGATAGC,6.87E-04
TGATAGG,4.52E-04
TGATAGT,2.50E-02
TGATATA,4.37E-07
TGATATC,3.90E-07
TGATATG,6.06E-07
TGATATT,2.14E-05
TGATCAA,9.94E-09
TGATCAC,3.01E-08
TGATCAG,2.26E-08
TGATCAT,7.90E-07
TGATCCA,9.76E-10
TGATCCC,4.34E-09
TGATCCG,3.32E-09
TGATCCT,5.79E-08
TGATCGA,2.29E-05
TGATCGC,6.40E-05
TGATCGG,3.11E-05
TGATCGT,1.72E-03
TGATCTA,1.84E-08
TGATCTC,3.21E-08
TGATCTG,3.68E-08
TGATCTT,1.30E-06
TGATGAA,4.67E-09
TGATGAC,1.42E-08
TGATGAG,4.72E-09
TGATGAT,3.39E-07
TGATGCA,2.14E-10
TGATGCC,9.58E-10
TGATGCG,3.24E-10
TGATGCT,1.16E-08
TGATGGA,1.20E-05
TGATGGC,3.39E-05
TGATGGG,7.26E-06
TGATGGT,8.29E-04
TGATGTA,3.42E-09
TGATGTC,6.00E-09
TGATGTG,3.04E-09
TGATGTT,2.21E-07
TGATTAA,2.23E-08
TGATTAC,5.98E-08
TGATTAG,4.07E-08
TGATTAT,1.46E-06
TGATTCA,1.16E-09
TGATTCC,4.58E-09
TGATTCG,3.18E-09
TGATTCT,5.69E-08
TGATTGA,2.68E-05
TGATTGC,6.65E-05
TGATTGG,2.92E-05
TGATTGT,1.66E-03
TGATTTA,2.47E-08
TGATTTC,3.82E-08
TGATTTG,3.97E-08
TGATTTT,1.44E-06
TGCAAAA,2.43E-04
TGCAAAC,2.53E-04
TGCAAAG,3.75E-04
TGCAAAT,3.97E-03
TGCAACA,1.83E-02
TGCAACC,2.80E-02
TGCAACG,4.22E-02
TGCAACT,2.23E-01
TGCAAGA,3.50E+00
TGCAAGC,3.36E+00
TGCAAGG,3.22E+00
TGCAAGT,5.40E+01
TGCAATA,1.97E-02
TGCAATC,1.18E-02
TGCAATG,2.67E-02
TGCAATT,2.86E-01
TGCACAA,8.69E-06
TGCACAC,1.77E-05
TGCACAG,1.93E-05
TGCACAT,2.05E-04
TGCACCA,9.27E-04
TGCACCC,2.77E-03
TGCACCG,3.08E-03
TGCACCT,1.63E-02
TGCACGA,2.12E-01
TGCACGC,4.00E-01
TGCACGG,2.82E-01
TGCACGT,4.75E+00
TGCACTA,1.06E-03
TGCACTC,1.24E-03
TGCACTG,2.07E-03
TGCACTT,2.22E-02
TGCAGAA,1.40E-06
TGCAGAC,2.87E-06
TGCAGAG,1.39E-06
TGCAGAT,3.02E-05
TGCAGCA,7.00E-05
TGCAGCC,2.10E-04
TGCAGCG,1.03E-04
TGCAGCT,1.13E-03
TGCAGGA,3.84E-02
TGCAGGC,7.27E-02
TGCAGGG,2.27E-02
TGCAGGT,7.85E-01
TGCAGTA,6.77E-05
TGCAGTC,7.98E-05
TGCAGTG,5.88E-05
TGCAGTT,1.30E-03
TGCATAA,9.22E-06
TGCATAC,1.66E-05
TGCATAG,1.64E-05
TGCATAT,1.79E-04
TGCATCA,5.22E-04
TGCATCC,1.38E-03
TGCATCG,1.39E-03
TGCATCT,7.56E-03
TGCATGA,1.18E-01
TGCATGC,1.96E-01
TGCATGG,1.25E-01
TGCATGT,2.16E+00
TGCATTA,6.72E-04
TGCATTC,6.98E-04
TGCATTG,1.05E-03
TGCATTT,1.16E-02
TGCCAAA,3.78E-08
TGCCAAC,6.11E-08
TGCCAAG,4.04E-08
TGCCAAT,1.67E-06
TGCCACA,2.00E-06
TGCCACC,4.75E-06
TGCCACG,3.21E-06
TGCCACT,6.62E-05
TGCCAGA,3.75E-03
TGCCAGC,5.63E-03
TGCCAGG,2.40E-03
TGCCAGT,1.58E-01
TGCCATA,4.63E-06
TGCCATC,4.33E-06
TGCCATG,4.37E-06
TGCCATT,1.83E-04
TGCCCAA,2.80E-10
TGCCCAC,8.88E-10
TGCCCAG,4.33E-10
TGCCCAT,1.80E-08
TGCCCCA,2.10E-08
TGCCCCC,9.78E-08
TGCCCCG,4.87E-08
TGCCCCT,1.01E-06
TGCCCGA,4.74E-05
TGCCCGC,1.39E-04
TGCCCGG,4.38E-05
TGCCCGT,2.88E-03
TGCCCTA,5.16E-08
TGCCCTC,9.44E-08
TGCCCTG,7.03E-08
TGCCCTT,2.95E-06
TGCCGAA,1.22E-10
TGCCGAC,3.88E-10
TGCCGAG,8.38E-11
TGCCGAT,7.15E-09
TGCCGCA,4.28E-09
TGCCGCC,2.00E-08
TGCCGCG,4.40E-09
TGCCGCT,1.87E-07
TGCCGGA,2.31E-05
TGCCGGC,6.81E-05
TGCCGGG,9.49E-06
TGCCGGT,1.28E-03
TGCCGTA,8.92E-09
TGCCGTC,1.64E-08
TGCCGTG,5.39E-09
TGCCGTT,4.65E-07
TGCCTAA,6.94E-10
TGCCTAC,1.95E-09
TGCCTAG,8.60E-10
TGCCTAT,3.66E-08
TGCCTCA,2.77E-08
TGCCTCC,1.14E-07
TGCCTCG,5.14E-08
TGCCTCT,1.09E-06
TGCCTGA,6.14E-05
TGCCTGC,1.59E-04
TGCCTGG,4.54E-05
TGCCTGT,3.07E-03
TGCCTTA,7.66E-08
TGCCTTC,1.24E-07
TGCCTTG,8.36E-08
TGCCTTT,3.60E-06
TGCGAAA,5.29E-06
TGCGAAC,1.32E-05
TGCGAAG,1.18E-05
TGCGAAT,2.22E-04
TGCGACA,4.38E-04
TGCGACC,1.61E-03
TGCGACG,1.46E-03
TGCGACT,1.37E-02
TGCGAGA,3.00E-01
TGCGAGC,6.94E-01
TGCGAGG,3.99E-01
TGCGAGT,1.19E+01
TGCGATA,3.16E-04
TGCGATC,4.56E-04
TGCGATG,6.20E-04
TGCGATT,1.18E-02
TGCGCAA,1.13E-07
TGCGCAC,5.55E-07
TGCGCAG,3.65E-07
TGCGCAT,6.88E-06
TGCGCCA,1.33E-05
TGCGCCC,9.58E-05
TGCGCCG,6.41E-05
TGCGCCT,6.03E-04
TGCGCGA,1.09E-02
TGCGCGC,4.96E-02
TGCGCGG,2.10E-02
TGCGCGT,6.29E-01
TGCGCTA,1.02E-05
TGCGCTC,2.87E-05
TGCGCTG,2.88E-05
TGCGCTT,5.49E-04
TGCGGAA,1.06E-08
TGCGGAC,5.19E-08
TGCGGAG,1.51E-08
TGCGGAT,5.85E-07
TGCGGCA,5.80E-07
TGCGGCC,4.19E-06
TGCGGCG,1.24E-06
TGCGGCT,2.40E-05
TGCGGGA,1.14E-03
TGCGGGC,5.19E-03
TGCGGGG,9.73E-04
TGCGGGT,5.99E-02
TGCGGTA,3.75E-07
TGCGGTC,1.06E-06
TGCGGTG,4.72E-07
TGCGGTT,1.85E-05
TGCGTAA,3.25E-08
TGCGTAC,1.41E-07
TGCGTAG,8.36E-08
TGCGTAT,1.62E-06
TGCGTCA,2.03E-06
TGCGTCC,1.29E-05
TGCGTCG,7.81E-06
TGCGTCT,7.54E-05
TGCGTGA,1.64E-03
TGCGTGC,6.56E-03
TGCGTGG,2.52E-03
TGCGTGT,7.74E-02
TGCGTTA,1.74E-06
TGCGTTC,4.36E-06
TGCGTTG,3.95E-06
TGCGTTT,7.74E-05
TGCTAAA,1.58E-09
TGCTAAC,1.47E-09
TGCTAAG,2.42E-09
TGCTAAT,1.02E-07
TGCTACA,7.05E-09
TGCTACC,9.63E-09
TGCTACG,1.62E-08
TGCTACT,3.41E-07
TGCTAGA,5.30E-05
TGCTAGC,4.56E-05
TGCTAGG,4.87E-05
TGCTAGT,3.26E-03
TGCTATA,6.39E-08
TGCTATC,3.43E-08
TGCTATG,8.64E-08
TGCTATT,3.69E-06
TGCTCAA,6.26E-11
TGCTCAC,1.14E-10
TGCTCAG,1.39E-10
TGCTCAT,5.87E-09
TGCTCCA,3.97E-10
TGCTCCC,1.06E-09
TGCTCCG,1.32E-09
TGCTCCT,2.78E-08
TGCTCGA,3.58E-06
TGCTCGC,6.04E-06
TGCTCGG,4.75E-06
TGCTCGT,3.19E-04
TGCTCTA,3.81E-09
TGCTCTC,4.01E-09
TGCTCTG,7.45E-09
TGCTCTT,3.18E-07
TGCTGAA,1.41E-11
TGCTGAC,2.58E-11
TGCTGAG,1.39E-11
TGCTGAT,1.21E-09
TGCTGCA,4.18E-11
TGCTGCC,1.12E-10
TGCTGCG,6.16E-11
TGCTGCT,2.67E-09
TGCTGGA,9.03E-07
TGCTGGC,1.53E-06
TGCTGGG,5.31E-07
TGCTGGT,7.34E-05
TGCTGTA,3.40E-10
TGCTGTC,3.59E-10
TGCTGTG,2.95E-10
TGCTGTT,2.59E-08
TGCTTAA,8.30E-11
TGCTTAC,1.34E-10
TGCTTAG,1.47E-10
TGCTTAT,6.40E-09
TGCTTCA,2.79E-10
TGCTTCC,6.61E-10
TGCTTCG,7.44E-10
TGCTTCT,1.61E-08
TGCTTGA,2.48E-06
TGCTTGC,3.70E-06
TGCTTGG,2.63E-06
TGCTTGT,1.81E-04
TGCTTTA,3.02E-09
TGCTTTC,2.81E-09
TGCTTTG,4.73E-09
TGCTTTT,2.08E-07
TGGAAAA,6.15E-01
TGGAAAC,6.34E-01
TGGAAAG,1.16E+00
TGGAAAT,1.64E+00
TGGAACA,6.48E-01
TGGAACC,9.81E-01
TGGAACG,1.84E+00
TGGAACT,1.29E+00
TGGAAGA,3.04E+01
TGGAAGC,2.90E+01
TGGAAGG,3.44E+01
TGGAAGT,7.67E+01
TGGAATA,1.96E+00
TGGAATC,1.16E+00
TGGAATG,3.27E+00
TGGAATT,4.64E+00
TGGACAA,4.31E-02
TGGACAC,8.69E-02
TGGACAG,1.18E-01
TGGACAT,1.66E-01
TGGACCA,6.44E-02
TGGACCC,1.91E-01
TGGACCG,2.63E-01
TGGACCT,1.85E-01
TGGACGA,3.63E+00
TGGACGC,6.77E+00
TGGACGG,5.92E+00
TGGACGT,1.32E+01
TGGACTA,2.06E-01
TGGACTC,2.40E-01
TGGACTG,4.96E-01
TGGACTT,7.06E-01
TGGAGAA,2.34E-02
TGGAGAC,4.75E-02
TGGAGAG,2.84E-02
TGGAGAT,8.23E-02
TGGAGCA,1.64E-02
TGGAGCC,4.87E-02
TGGAGCG,2.97E-02
TGGAGCT,4.30E-02
TGGAGGA,2.21E+00
TGGAGGC,4.15E+00
TGGAGGG,1.60E+00
TGGAGGT,7.36E+00
TGGAGTA,4.45E-02
TGGAGTC,5.19E-02
TGGAGTG,4.75E-02
TGGAGTT,1.39E-01
TGGATAA,8.31E-02
TGGATAC,1.48E-01
TGGATAG,1.82E-01
TGGATAT,2.63E-01
TGGATCA,6.59E-02
TGGATCC,1.73E-01
TGGATCG,2.16E-01
TGGATCT,1.56E-01
TGGATGA,3.65E+00
TGGATGC,6.04E+00
TGGATGG,4.78E+00
TGGATGT,1.10E+01
TGGATTA,2.38E-01
TGGATTC,2.45E-01
TGGATTG,4.59E-01
TGGATTT,6.71E-01
TGGCAAA,6.95E-04
TGGCAAC,1.12E-03
TGGCAAG,9.15E-04
TGGCAAT,5.03E-03
TGGCACA,5.16E-04
TGGCACC,1.22E-03
TGGCACG,1.02E-03
TGGCACT,2.78E-03
TGGCAGA,2.38E-01
TGGCAGC,3.54E-01
TGGCAGG,1.87E-01
TGGCAGT,1.63E+00
TGGCATA,3.36E-03
TGGCATC,3.11E-03
TGGCATG,3.89E-03
TGGCATT,2.16E-02
TGGCCAA,1.01E-05
TGGCCAC,3.18E-05
TGGCCAG,1.92E-05
TGGCCAT,1.06E-04
TGGCCCA,1.06E-05
TGGCCCC,4.91E-05
TGGCCCG,3.03E-05
TGGCCCT,8.31E-05
TGGCCGA,5.89E-03
TGGCCGC,1.71E-02
TGGCCGG,6.69E-03
TGGCCGT,5.84E-02
TGGCCTA,7.33E-05
TGGCCTC,1.33E-04
TGGCCTG,1.23E-04
TGGCCTT,6.83E-04
TGGCGAA,1.48E-05
TGGCGAC,4.68E-05
TGGCGAG,1.25E-05
TGGCGAT,1.42E-04
TGGCGCA,7.30E-06
TGGCGCC,3.38E-05
TGGCGCG,9.23E-06
TGGCGCT,5.21E-05
TGGCGGA,9.69E-03
TGGCGGC,2.83E-02
TGGCGGG,4.89E-03
TGGCGGT,8.78E-02
TGGCGTA,4.26E-05
TGGCGTC,7.76E-05
TGGCGTG,3.17E-05
TGGCGTT,3.63E-04
TGGCTAA,4.56E-05
TGGCTAC,1.27E-04
TGGCTAG,6.94E-05
TGGCTAT,3.92E-04
TGGCTCA,2.55E-05
TGGCTCC,1.04E-04
TGGCTCG,5.81E-05
TGGCTCT,1.64E-04
TGGCTGA,1.39E-02
TGGCTGC,3.57E-02
TGGCTGG,1.26E-02
TGGCTGT,1.13E-01
TGGCTTA,1.98E-04
TGGCTTC,3.17E-04
TGGCTTG,2.65E-04
TGGCTTT,1.52E-03
TGGGAAA,2.13E-02
TGGGAAC,5.28E-02
TGGGAAG,5.83E-02
TGGGAAT,1.46E-01
TGGGACA,2.47E-02
TGGGACC,9.01E-02
TGGGACG,1.01E-01
TGGGACT,1.26E-01
TGGGAGA,4.16E+00
TGGGAGC,9.55E+00
TGGGAGG,6.81E+00
TGGGAGT,2.70E+01
TGGGATA,5.01E-02
TGGGATC,7.16E-02
TGGGATG,1.21E-01
TGGGATT,3.05E-01
TGGGCAA,8.96E-04
TGGGCAC,4.35E-03
TGGGCAG,3.54E-03
TGGGCAT,8.86E-03
TGGGCCA,1.48E-03
TGGGCCC,1.05E-02
TGGGCCG,8.73E-03
TGGGCCT,1.09E-02
TGGGCGA,2.98E-01
TGGGCGC,1.34E+00
TGGGCGG,7.03E-01
TGGGCGT,2.79E+00
TGGGCTA,3.16E-03
TGGGCTC,8.85E-03
TGGGCTG,1.10E-02
TGGGCTT,2.78E-02
TGGGGAA,2.81E-04
TGGGGAC,1.37E-03
TGGGGAG,4.93E-04
TGGGGAT,2.54E-03
TGGGGCA,2.16E-04
TGGGGCC,1.55E-03
TGGGGCG,5.68E-04
TGGGGCT,1.46E-03
TGGGGGA,1.05E-01
TGGGGGC,4.72E-01
TGGGGGG,1.10E-01
TGGGGGT,8.96E-01
TGGGGTA,3.93E-04
TGGGGTC,1.10E-03
TGGGGTG,6.07E-04
TGGGGTT,3.16E-03
TGGGTAA,4.66E-04
TGGGTAC,2.00E-03
TGGGTAG,1.48E-03
TGGGTAT,3.79E-03
TGGGTCA,4.08E-04
TGGGTCC,2.57E-03
TGGGTCG,1.93E-03
TGGGTCT,2.48E-03
TGGGTGA,8.10E-02
TGGGTGC,3.22E-01
TGGGTGG,1.53E-01
TGGGTGT,6.25E-01
TGGGTTA,9.85E-04
TGGGTTC,2.44E-03
TGGGTTG,2.75E-03
TGGGTTT,7.13E-03
TGGTAAA,4.68E-04
TGGTAAC,4.31E-04
TGGTAAG,8.84E-04
TGGTAAT,4.95E-03
TGGTACA,2.93E-05
TGGTACC,3.97E-05
TGGTACG,8.30E-05
TGGTACT,2.32E-04
TGGTAGA,5.42E-02
TGGTAGC,4.63E-02
TGGTAGG,6.12E-02
TGGTAGT,5.44E-01
TGGTATA,7.46E-04
TGGTATC,3.97E-04
TGGTATG,1.24E-03
TGGTATT,7.03E-03
TGGTCAA,3.65E-05
TGGTCAC,6.59E-05
TGGTCAG,9.95E-05
TGGTCAT,5.58E-04
TGGTCCA,3.24E-06
TGGTCCC,8.60E-06
TGGTCCG,1.32E-05
TGGTCCT,3.70E-05
TGGTCGA,7.19E-03
TGGTCGC,1.20E-02
TGGTCGG,1.17E-02
TGGTCGT,1.04E-01
TGGTCTA,8.74E-05
TGGTCTC,9.10E-05
TGGTCTG,2.10E-04
TGGTCTT,1.19E-03
TGGTGAA,2.76E-05
TGGTGAC,5.01E-05
TGGTGAG,3.35E-05
TGGTGAT,3.86E-04
TGGTGCA,1.15E-06
TGGTGCC,3.06E-06
TGGTGCG,2.08E-06
TGGTGCT,1.20E-05
TGGTGGA,6.10E-03
TGGTGGC,1.02E-02
TGGTGGG,4.42E-03
TGGTGGT,8.09E-02
TGGTGTA,2.62E-05
TGGTGTC,2.74E-05
TGGTGTG,2.80E-05
TGGTGTT,3.26E-04
TGGTTAA,8.79E-05
TGGTTAC,1.40E-04
TGGTTAG,1.92E-04
TGGTTAT,1.11E-03
TGGTTCA,4.15E-06
TGGTTCC,9.73E-06
TGGTTCG,1.36E-05
TGGTTCT,3.90E-05
TGGTTGA,9.05E-03
TGGTTGC,1.34E-02
TGGTTGG,1.18E-02
TGGTTGT,1.08E-01
TGGTTTA,1.26E-04
TGGTTTC,1.16E-04
TGGTTTG,2.42E-04
TGGTTTT,1.41E-03
TGTAAAA,9.29E-04
TGTAAAC,1.80E-03
TGTAAAG,2.79E-03
TGTAAAT,1.54E-02
TGTAACA,1.05E-02
TGTAACC,2.99E-02
TGTAACG,4.72E-02
TGTAACT,1.30E-01
TGTAAGA,8.12E-01
TGTAAGC,1.46E+00
TGTAAGG,1.46E+00
TGTAAGT,1.27E+01
TGTAATA,1.68E-03
TGTAATC,1.88E-03
TGTAATG,4.45E-03
TGTAATT,2.48E-02
TGTACAA,1.89E-05
TGTACAC,7.17E-05
TGTACAG,8.18E-05
TGTACAT,4.51E-04
TGTACCA,3.02E-04
TGTACCC,1.69E-03
TGTACCG,1.96E-03
TGTACCT,5.40E-03
TGTACGA,2.80E-02
TGTACGC,9.86E-02
TGTACGG,7.27E-02
TGTACGT,6.36E-01
TGTACTA,5.13E-05
TGTACTC,1.12E-04
TGTACTG,1.96E-04
TGTACTT,1.09E-03
TGTAGAA,5.12E-06
TGTAGAC,1.95E-05
TGTAGAG,9.86E-06
TGTAGAT,1.12E-04
TGTAGCA,3.83E-05
TGTAGCC,2.15E-04
TGTAGCG,1.11E-04
TGTAGCT,6.26E-04
TGTAGGA,8.53E-03
TGTAGGC,3.02E-02
TGTAGGG,9.82E-03
TGTAGGT,1.77E-01
TGTAGTA,5.52E-06
TGTAGTC,1.22E-05
TGTAGTG,9.36E-06
TGTAGTT,1.07E-04
TGTATAA,4.31E-05
TGTATAC,1.45E-04
TGTATAG,1.50E-04
TGTATAT,8.49E-04
TGTATCA,3.67E-04
TGTATCC,1.81E-03
TGTATCG,1.91E-03
TGTATCT,5.39E-03
TGTATGA,3.35E-02
TGTATGC,1.04E-01
TGTATGG,6.96E-02
TGTATGT,6.25E-01
TGTATTA,7.02E-05
TGTATTC,1.36E-04
TGTATTG,2.15E-04
TGTATTT,1.23E-03
TGTCAAA,5.05E-08
TGTCAAC,1.53E-07
TGTCAAG,1.06E-07
TGTCAAT,2.27E-06
TGTCACA,4.02E-07
TGTCACC,1.79E-06
TGTCACG,1.26E-06
TGTCACT,1.35E-05
TGTCAGA,3.06E-04
TGTCAGC,8.56E-04
TGTCAGG,3.82E-04
TGTCAGT,1.30E-02
TGTCATA,1.39E-07
TGTCATC,2.42E-07
TGTCATG,2.55E-07
TGTCATT,5.55E-06
TGTCCAA,2.13E-10
TGTCCAC,1.26E-09
TGTCCAG,6.44E-10
TGTCCAT,1.39E-08
TGTCCCA,2.40E-09
TGTCCCC,2.09E-08
TGTCCCG,1.09E-08
TGTCCCT,1.17E-07
TGTCCGA,2.19E-06
TGTCCGC,1.20E-05
TGTCCGG,3.96E-06
TGTCCGT,1.35E-04
TGTCCTA,8.78E-10
TGTCCTC,3.00E-09
TGTCCTG,2.33E-09
TGTCCTT,5.09E-08
TGTCGAA,1.56E-10
TGTCGAC,9.28E-10
TGTCGAG,2.09E-10
TGTCGAT,9.28E-09
TGTCGCA,8.23E-10
TGTCGCC,7.19E-09
TGTCGCG,1.65E-09
TGTCGCT,3.66E-08
TGTCGGA,1.80E-06
TGTCGGC,9.91E-06
TGTCGGG,1.44E-06
TGTCGGT,1.01E-04
TGTCGTA,2.55E-10
TGTCGTC,8.74E-10
TGTCGTG,3.01E-10
TGTCGTT,1.35E-08
TGTCTAA,1.14E-09
TGTCTAC,5.97E-09
TGTCTAG,2.76E-09
TGTCTAT,6.10E-08
TGTCTCA,6.82E-09
TGTCTCC,5.25E-08
TGTCTCG,2.47E-08
TGTCTCT,2.73E-07
TGTCTGA,6.12E-06
TGTCTGC,2.97E-05
TGTCTGG,8.85E-06
TGTCTGT,3.11E-04
TGTCTTA,2.81E-09
TGTCTTC,8.49E-09
TGTCTTG,5.98E-09
TGTCTTT,1.34E-07
TGTGAAA,2.61E-05
TGTGAAC,1.22E-04
TGTGAAG,1.14E-04
TGTGAAT,1.11E-03
TGTGACA,3.25E-04
TGTGACC,2.23E-03
TGTGACG,2.12E-03
TGTGACT,1.03E-02
TGTGAGA,9.02E-02
TGTGAGC,3.90E-01
TGTGAGG,2.34E-01
TGTGAGT,3.64E+00
TGTGATA,3.49E-05
TGTGATC,9.39E-05
TGTGATG,1.33E-04
TGTGATT,1.32E-03
TGTGCAA,3.18E-07
TGTGCAC,2.91E-06
TGTGCAG,2.00E-06
TGTGCAT,1.96E-05
TGTGCCA,5.62E-06
TGTGCCC,7.54E-05
TGTGCCG,5.28E-05
TGTGCCT,2.58E-04
TGTGCGA,1.87E-03
TGTGCGC,1.58E-02
TGTGCGG,7.01E-03
TGTGCGT,1.09E-01
TGTGCTA,6.38E-07
TGTGCTC,3.37E-06
TGTGCTG,3.53E-06
TGTGCTT,3.50E-05
TGTGGAA,4.98E-08
TGTGGAC,4.57E-07
TGTGGAG,1.39E-07
TGTGGAT,2.80E-06
TGTGGCA,4.11E-07
TGTGGCC,5.55E-06
TGTGGCG,1.72E-06
TGTGGCT,1.73E-05
TGTGGGA,3.28E-04
TGTGGGC,2.79E-03
TGTGGGG,5.46E-04
TGTGGGT,1.75E-02
TGTGGTA,3.96E-08
TGTGGTC,2.10E-07
TGTGGTG,9.71E-08
TGTGGTT,1.98E-06
TGTGTAA,1.97E-07
TGTGTAC,1.59E-06
TGTGTAG,9.88E-07
TGTGTAT,9.95E-06
TGTGTCA,1.84E-06
TGTGTCC,2.19E-05
TGTGTCG,1.39E-05
TGTGTCT,6.96E-05
TGTGTGA,6.03E-04
TGTGTGC,4.51E-03
TGTGTGG,1.81E-03
TGTGTGT,2.89E-02
TGTGTTA,2.36E-07
TGTGTTC,1.10E-06
TGTGTTG,1.04E-06
TGTGTTT,1.06E-05
TGTTAAA,2.77E-09
TGTTAAC,4.82E-09
TGTTAAG,8.32E-09
TGTTAAT,1.82E-07
TGTTACA,1.86E-09
TGTTACC,4.76E-09
TGTTACG,8.37E-09
TGTTACT,9.15E-08
TGTTAGA,5.67E-06
TGTTAGC,9.13E-06
TGTTAGG,1.02E-05
TGTTAGT,3.54E-04
TGTTATA,2.51E-09
TGTTATC,2.52E-09
TGTTATG,6.64E-09
TGTTATT,1.47E-07
TGTTCAA,6.26E-11
TGTTCAC,2.13E-10
TGTTCAG,2.71E-10
TGTTCAT,5.96E-09
TGTTCCA,5.96E-11
TGTTCCC,2.98E-10
TGTTCCG,3.87E-10
TGTTCCT,4.24E-09
TGTTCGA,2.18E-07
TGTTCGC,6.87E-07
TGTTCGG,5.64E-07
TGTTCGT,1.97E-05
TGTTCTA,8.52E-11
TGTTCTC,1.67E-10
TGTTCTG,3.25E-10
TGTTCTT,7.22E-09
TGTTGAA,2.37E-11
TGTTGAC,8.09E-11
TGTTGAG,4.56E-11
TGTTGAT,2.06E-09
TGTTGCA,1.05E-11
TGTTGCC,5.30E-11
TGTTGCG,3.04E-11
TGTTGCT,6.85E-10
TGTTGGA,9.24E-08
TGTTGGC,2.92E-07
TGTTGGG,1.06E-07
TGTTGGT,7.62E-06
TGTTGTA,1.28E-11
TGTTGTC,2.52E-11
TGTTGTG,2.16E-11
TGTTGTT,9.89E-10
TGTTTAA,1.79E-10
TGTTTAC,5.39E-10
TGTTTAG,6.21E-10
TGTTTAT,1.40E-08
TGTTTCA,9.05E-11
TGTTTCC,4.00E-10
TGTTTCG,4.70E-10
TGTTTCT,5.29E-09
TGTTTGA,3.25E-07
TGTTTGC,9.07E-07
TGTTTGG,6.75E-07
TGTTTGT,2.42E-05
TGTTTTA,1.46E-10
TGTTTTC,2.53E-10
TGTTTTG,4.45E-10
TGTTTTT,1.02E-08
TTAAAAA,1.53E-03
TTAAAAC,2.55E-03
TTAAAAG,2.26E-03
TTAAAAT,2.59E-02
TTAAACA,1.43E-03
TTAAACC,3.49E-03
TTAAACG,3.15E-03
TTAAACT,1.80E-02
TTAAAGA,8.74E-01
TTAAAGC,1.35E+00
TTAAAGG,7.70E-01
TTAAAGT,1.40E+01
TTAAATA,2.30E-03
TTAAATC,2.21E-03
TTAAATG,2.99E-03
TTAAATT,3.47E-02
TTAACAA,4.34E-05
TTAACAC,1.41E-04
TTAACAG,9.24E-05
TTAACAT,1.06E-03
TTAACCA,5.74E-05
TTAACCC,2.75E-04
TTAACCG,1.83E-04
TTAACCT,1.05E-03
TTAACGA,4.22E-02
TTAACGC,1.27E-01
TTAACGG,5.36E-02
TTAACGT,9.79E-01
TTAACTA,9.82E-05
TTAACTC,1.84E-04
TTAACTG,1.84E-04
TTAACTT,2.14E-03
TTAAGAA,1.25E-05
TTAAGAC,4.07E-05
TTAAGAG,1.18E-05
TTAAGAT,2.79E-04
TTAAGCA,7.70E-06
TTAAGCC,3.70E-05
TTAAGCG,1.09E-05
TTAAGCT,1.29E-04
TTAAGGA,1.36E-02
TTAAGGC,4.11E-02
TTAAGGG,7.65E-03
TTAAGGT,2.88E-01
TTAAGTA,1.12E-05
TTAAGTC,2.11E-05
TTAAGTG,9.28E-06
TTAAGTT,2.22E-04
TTAATAA,4.74E-05
TTAATAC,1.37E-04
TTAATAG,8.08E-05
TTAATAT,9.54E-04
TTAATCA,3.32E-05
TTAATCC,1.41E-04
TTAATCG,8.49E-05
TTAATCT,5.00E-04
TTAATGA,2.40E-02
TTAATGC,6.41E-02
TTAATGG,2.45E-02
TTAATGT,4.59E-01
TTAATTA,6.41E-05
TTAATTC,1.07E-04
TTAATTG,9.62E-05
TTAATTT,1.15E-03
TTACAAA,4.50E-08
TTACAAC,1.17E-07
TTACAAG,4.61E-08
TTACAAT,2.07E-06
TTACACA,2.95E-08
TTACACC,1.12E-07
TTACACG,4.53E-08
TTACACT,1.01E-06
TTACAGA,1.78E-04
TTACAGC,4.26E-04
TTACAGG,1.09E-04
TTACAGT,7.75E-03
TTACATA,1.03E-07
TTACATC,1.53E-07
TTACATG,9.26E-08
TTACATT,4.20E-06
TTACCAA,2.65E-10
TTACCAC,1.34E-09
TTACCAG,3.93E-10
TTACCAT,1.77E-08
TTACCCA,2.47E-10
TTACCCC,1.84E-09
TTACCCG,5.47E-10
TTACCCT,1.23E-08
TTACCGA,1.78E-06
TTACCGC,8.37E-06
TTACCGG,1.58E-06
TTACCGT,1.12E-04
TTACCTA,9.08E-10
TTACCTC,2.66E-09
TTACCTG,1.18E-09
TTACCTT,5.38E-08
TTACGAA,2.05E-10
TTACGAC,1.04E-09
TTACGAG,1.35E-10
TTACGAT,1.25E-08
TTACGCA,8.92E-11
TTACGCC,6.68E-10
TTACGCG,8.79E-11
TTACGCT,4.05E-09
TTACGGA,1.54E-06
TTACGGC,7.29E-06
TTACGGG,6.07E-07
TTACGGT,8.91E-05
TTACGTA,2.78E-10
TTACGTC,8.18E-10
TTACGTG,1.61E-10
TTACGTT,1.51E-08
TTACTAA,6.76E-10
TTACTAC,3.03E-09
TTACTAG,8.02E-10
TTACTAT,3.70E-08
TTACTCA,3.34E-10
TTACTCC,2.20E-09
TTACTCG,5.93E-10
TTACTCT,1.37E-08
TTACTGA,2.37E-06
TTACTGC,9.86E-06
TTACTGG,1.68E-06
TTACTGT,1.23E-04
TTACTTA,1.39E-09
TTACTTC,3.59E-09
TTACTTG,1.45E-09
TTACTTT,6.75E-08
TTAGAAA,3.78E-05
TTAGAAC,1.51E-04
TTAGAAG,8.07E-05
TTAGAAT,1.65E-03
TTAGACA,3.89E-05
TTAGACC,2.28E-04
TTAGACG,1.24E-04
TTAGACT,1.26E-03
TTAGAGA,8.53E-02
TTAGAGC,3.16E-01
TTAGAGG,1.09E-01
TTAGAGT,3.52E+00
TTAGATA,4.20E-05
TTAGATC,9.69E-05
TTAGATG,7.88E-05
TTAGATT,1.63E-03
TTAGCAA,6.45E-07
TTAGCAC,5.05E-06
TTAGCAG,1.98E-06
TTAGCAT,4.06E-05
TTAGCCA,9.38E-07
TTAGCCC,1.08E-05
TTAGCCG,4.33E-06
TTAGCCT,4.41E-05
TTAGCGA,2.47E-03
TTAGCGC,1.79E-02
TTAGCGG,4.55E-03
TTAGCGT,1.48E-01
TTAGCTA,1.07E-06
TTAGCTC,4.85E-06
TTAGCTG,2.91E-06
TTAGCTT,6.02E-05
TTAGGAA,1.07E-07
TTAGGAC,8.38E-07
TTAGGAG,1.46E-07
TTAGGAT,6.13E-06
TTAGGCA,7.25E-08
TTAGGCC,8.38E-07
TTAGGCG,1.48E-07
TTAGGCT,3.12E-06
TTAGGGA,4.58E-04
TTAGGGC,3.33E-03
TTAGGGG,3.74E-04
TTAGGGT,2.50E-02
TTAGGTA,7.04E-08
TTAGGTC,3.19E-07
TTAGGTG,8.47E-08
TTAGGTT,3.60E-06
TTAGTAA,1.90E-07
TTAGTAC,1.31E-06
TTAGTAG,4.68E-07
TTAGTAT,9.82E-06
TTAGTCA,1.47E-07
TTAGTCC,1.49E-06
TTAGTCG,5.41E-07
TTAGTCT,5.67E-06
TTAGTGA,3.80E-04
TTAGTGC,2.44E-03
TTAGTGG,5.60E-04
TTAGTGT,1.87E-02
TTAGTTA,1.89E-07
TTAGTTC,7.56E-07
TTAGTTG,4.11E-07
TTAGTTT,8.72E-06
TTATAAA,4.01E-07
TTATAAC,5.98E-07
TTATAAG,5.91E-07
TTATAAT,2.70E-05
TTATACA,2.22E-08
TTATACC,4.87E-08
TTATACG,4.90E-08
TTATACT,1.12E-06
TTATAGA,5.37E-04
TTATAGC,7.40E-04
TTATAGG,4.72E-04
TTATAGT,3.42E-02
TTATATA,3.02E-07
TTATATC,2.60E-07
TTATATG,3.92E-07
TTATATT,1.81E-05
TTATCAA,1.27E-08
TTATCAC,3.69E-08
TTATCAG,2.69E-08
TTATCAT,1.23E-06
TTATCCA,9.96E-10
TTATCCC,4.26E-09
TTATCCG,3.17E-09
TTATCCT,7.24E-08
TTATCGA,2.88E-05
TTATCGC,7.78E-05
TTATCGG,3.66E-05
TTATCGT,2.66E-03
TTATCTA,1.43E-08
TTATCTC,2.41E-08
TTATCTG,2.68E-08
TTATCTT,1.24E-06
TTATGAA,5.06E-09
TTATGAC,1.48E-08
TTATGAG,4.78E-09
TTATGAT,4.50E-07
TTATGCA,1.86E-10
TTATGCC,8.00E-10
TTATGCG,2.63E-10
TTATGCT,1.24E-08
TTATGGA,1.29E-05
TTATGGC,3.50E-05
TTATGGG,7.27E-06
TTATGGT,1.09E-03
TTATGTA,2.27E-09
TTATGTC,3.83E-09
TTATGTG,1.88E-09
TTATGTT,1.80E-07
TTATTAA,1.73E-08
TTATTAC,4.45E-08
TTATTAG,2.94E-08
TTATTAT,1.38E-06
TTATTCA,7.20E-10
TTATTCC,2.73E-09
TTATTCG,1.84E-09
TTATTCT,4.31E-08
TTATTGA,2.05E-05
TTATTGC,4.90E-05
TTATTGG,2.09E-05
TTATTGT,1.56E-03
TTATTTA,1.17E-08
TTATTTC,1.74E-08
TTATTTG,1.75E-08
TTATTTT,8.34E-07
TTCAAAA,2.06E-04
TTCAAAC,2.06E-04
TTCAAAG,2.97E-04
TTCAAAT,4.12E-03
TTCAACA,1.24E-02
TTCAACC,1.83E-02
TTCAACG,2.67E-02
TTCAACT,1.85E-01
TTCAAGA,2.93E+00
TTCAAGC,2.72E+00
TTCAAGG,2.52E+00
TTCAAGT,5.55E+01
TTCAATA,1.02E-02
TTCAATC,5.90E-03
TTCAATG,1.29E-02
TTCAATT,1.82E-01
TTCACAA,8.31E-06
TTCACAC,1.63E-05
TTCACAG,1.72E-05
TTCACAT,2.40E-04
TTCACCA,7.09E-04
TTCACCC,2.04E-03
TTCACCG,2.20E-03
TTCACCT,1.53E-02
TTCACGA,2.01E-01
TTCACGC,3.64E-01
TTCACGG,2.49E-01
TTCACGT,5.50E+00
TTCACTA,6.18E-04
TTCACTC,6.99E-04
TTCACTG,1.13E-03
TTCACTT,1.59E-02
TTCAGAA,1.14E-06
TTCAGAC,2.24E-06
TTCAGAG,1.05E-06
TTCAGAT,3.01E-05
TTCAGCA,4.55E-05
TTCAGCC,1.32E-04
TTCAGCG,6.28E-05
TTCAGCT,8.97E-04
TTCAGGA,3.09E-02
TTCAGGC,5.63E-02
TTCAGGG,1.70E-02
TTCAGGT,7.73E-01
TTCAGTA,3.37E-05
TTCAGTC,3.82E-05
TTCAGTG,2.73E-05
TTCAGTT,7.90E-04
TTCATAA,5.34E-06
TTCATAC,9.26E-06
TTCATAG,8.88E-06
TTCATAT,1.27E-04
TTCATCA,2.42E-04
TTCATCC,6.17E-04
TTCATCG,6.03E-04
TTCATCT,4.30E-03
TTCATGA,6.75E-02
TTCATGC,1.08E-01
TTCATGG,6.70E-02
TTCATGT,1.52E+00
TTCATTA,2.38E-04
TTCATTC,2.38E-04
TTCATTG,3.48E-04
TTCATTT,5.03E-03
TTCCAAA,3.56E-08
TTCCAAC,5.54E-08
TTCCAAG,3.56E-08
TTCCAAT,1.93E-06
TTCCACA,1.51E-06
TTCCACC,3.45E-06
TTCCACG,2.26E-06
TTCCACT,6.11E-05
TTCCAGA,3.50E-03
TTCCAGC,5.05E-03
TTCCAGG,2.09E-03
TTCCAGT,1.80E-01
TTCCATA,2.67E-06
TTCCATC,2.40E-06
TTCCATG,2.35E-06
TTCCATT,1.29E-04
TTCCCAA,2.98E-10
TTCCCAC,9.08E-10
TTCCCAG,4.30E-10
TTCCCAT,2.34E-08
TTCCCCA,1.79E-08
TTCCCCC,8.02E-08
TTCCCCG,3.87E-08
TTCCCCT,1.05E-06
TTCCCGA,4.98E-05
TTCCCGC,1.41E-04
TTCCCGG,4.30E-05
TTCCCGT,3.71E-03
TTCCCTA,3.36E-08
TTCCCTC,5.91E-08
TTCCCTG,4.27E-08
TTCCCTT,2.35E-06
TTCCGAA,1.10E-10
TTCCGAC,3.38E-10
TTCCGAG,7.07E-11
TTCCGAT,7.91E-09
TTCCGCA,3.10E-09
TTCCGCC,1.39E-08
TTCCGCG,2.97E-09
TTCCGCT,1.66E-07
TTCCGGA,2.07E-05
TTCCGGC,5.86E-05
TTCCGGG,7.92E-06
TTCCGGT,1.41E-03
TTCCGTA,4.93E-09
TTCCGTC,8.71E-09
TTCCGTG,2.78E-09
TTCCGTT,3.15E-07
TTCCTAA,4.47E-10
TTCCTAC,1.21E-09
TTCCTAG,5.18E-10
TTCCTAT,2.89E-08
TTCCTCA,1.43E-08
TTCCTCC,5.66E-08
TTCCTCG,2.47E-08
TTCCTCT,6.88E-07
TTCCTGA,3.91E-05
TTCCTGC,9.77E-05
TTCCTGG,2.70E-05
TTCCTGT,2.39E-03
TTCCTTA,3.02E-08
TTCCTTC,4.70E-08
TTCCTTG,3.08E-08
TTCCTTT,1.74E-06
TTCGAAA,5.56E-06
TTCGAAC,1.34E-05
TTCGAAG,1.16E-05
TTCGAAT,2.85E-04
TTCGACA,3.69E-04
TTCGACC,1.30E-03
TTCGACG,1.15E-03
TTCGACT,1.41E-02
TTCGAGA,3.12E-01
TTCGAGC,6.95E-01
TTCGAGG,3.88E-01
TTCGAGT,1.52E+01
TTCGATA,2.03E-04
TTCGATC,2.82E-04
TTCGATG,3.72E-04
TTCGATT,9.28E-03
TTCGCAA,1.34E-07
TTCGCAC,6.33E-07
TTCGCAG,4.04E-07
TTCGCAT,9.98E-06
TTCGCCA,1.26E-05
TTCGCCC,8.75E-05
TTCGCCG,5.68E-05
TTCGCCT,7.01E-04
TTCGCGA,1.28E-02
TTCGCGC,5.60E-02
TTCGCGG,2.30E-02
TTCGCGT,9.03E-01
TTCGCTA,7.38E-06
TTCGCTC,2.00E-05
TTCGCTG,1.95E-05
TTCGCTT,4.87E-04
TTCGGAA,1.06E-08
TTCGGAC,5.03E-08
TTCGGAG,1.42E-08
TTCGGAT,7.21E-07
TTCGGCA,4.68E-07
TTCGGCC,3.25E-06
TTCGGCG,9.34E-07
TTCGGCT,2.37E-05
TTCGGGA,1.14E-03
TTCGGGC,4.98E-03
TTCGGGG,9.06E-04
TTCGGGT,7.32E-02
TTCGGTA,2.31E-07
TTCGGTC,6.31E-07
TTCGGTG,2.71E-07
TTCGGTT,1.40E-05
TTCGTAA,2.33E-08
TTCGTAC,9.72E-08
TTCGTAG,5.61E-08
TTCGTAT,1.42E-06
TTCGTCA,1.16E-06
TTCGTCC,7.13E-06
TTCGTCG,4.19E-06
TTCGTCT,5.31E-05
TTCGTGA,1.16E-03
TTCGTGC,4.49E-03
TTCGTGG,1.67E-03
TTCGTGT,6.73E-02
TTCGTTA,7.66E-07
TTCGTTC,1.84E-06
TTCGTTG,1.62E-06
TTCGTTT,4.16E-05
TTCTAAA,3.74E-09
TTCTAAC,3.35E-09
TTCTAAG,5.37E-09
TTCTAAT,2.97E-07
TTCTACA,1.34E-08
TTCTACC,1.76E-08
TTCTACG,2.88E-08
TTCTACT,7.94E-07
TTCTAGA,1.24E-04
TTCTAGC,1.03E-04
TTCTAGG,1.07E-04
TTCTAGT,9.37E-03
TTCTATA,9.27E-08
TTCTATC,4.79E-08
TTCTATG,1.17E-07
TTCTATT,6.56E-06
TTCTCAA,1.68E-10
TTCTCAC,2.94E-10
TTCTCAG,3.47E-10
TTCTCAT,1.93E-08
TTCTCCA,8.50E-10
TTCTCCC,2.19E-09
TTCTCCG,2.64E-09
TTCTCCT,7.30E-08
TTCTCGA,9.49E-06
TTCTCGC,1.54E-05
TTCTCGG,1.17E-05
TTCTCGT,1.03E-03
TTCTCTA,6.24E-09
TTCTCTC,6.32E-09
TTCTCTG,1.14E-08
TTCTCTT,6.38E-07
TTCTGAA,3.20E-11
TTCTGAC,5.64E-11
TTCTGAG,2.95E-11
TTCTGAT,3.36E-09
TTCTGCA,7.61E-11
TTCTGCC,1.97E-10
TTCTGCG,1.05E-10
TTCTGCT,5.96E-09
TTCTGGA,2.03E-06
TTCTGGC,3.32E-06
TTCTGGG,1.12E-06
TTCTGGT,2.02E-04
TTCTGTA,4.73E-10
TTCTGTC,4.81E-10
TTCTGTG,3.83E-10
TTCTGTT,4.42E-08
TTCTTAA,1.35E-10
TTCTTAC,2.09E-10
TTCTTAG,2.23E-10
TTCTTAT,1.27E-08
TTCTTCA,3.63E-10
TTCTTCC,8.27E-10
TTCTTCG,9.02E-10
TTCTTCT,2.56E-08
TTCTTGA,3.98E-06
TTCTTGC,5.72E-06
TTCTTGG,3.95E-06
TTCTTGT,3.57E-04
TTCTTTA,3.00E-09
TTCTTTC,2.69E-09
TTCTTTG,4.39E-09
TTCTTTT,2.52E-07
TTGAAAA,5.97E-01
TTGAAAC,5.92E-01
TTGAAAG,1.05E+00
TTGAAAT,1.94E+00
TTGAACA,5.03E-01
TTGAACC,7.34E-01
TTGAACG,1.33E+00
TTGAACT,1.22E+00
TTGAAGA,2.92E+01
TTGAAGC,2.68E+01
TTGAAGG,3.08E+01
TTGAAGT,9.01E+01
TTGAATA,1.16E+00
TTGAATC,6.65E-01
TTGAATG,1.81E+00
TTGAATT,3.37E+00
TTGACAA,4.71E-02
TTGACAC,9.16E-02
TTGACAG,1.20E-01
TTGACAT,2.22E-01
TTGACCA,5.64E-02
TTGACCC,1.61E-01
TTGACCG,2.15E-01
TTGACCT,1.98E-01
TTGACGA,3.93E+00
TTGACGC,7.06E+00
TTGACGG,5.98E+00
TTGACGT,1.75E+01
TTGACTA,1.38E-01
TTGACTC,1.55E-01
TTGACTG,3.10E-01
TTGACTT,5.78E-01
TTGAGAA,2.18E-02
TTGAGAC,4.25E-02
TTGAGAG,2.47E-02
TTGAGAT,9.38E-02
TTGAGCA,1.22E-02
TTGAGCC,3.49E-02
TTGAGCG,2.07E-02
TTGAGCT,3.92E-02
TTGAGGA,2.03E+00
TTGAGGC,3.67E+00
TTGAGGG,1.38E+00
TTGAGGT,8.30E+00
TTGAGTA,2.53E-02
TTGAGTC,2.85E-02
TTGAGTG,2.52E-02
TTGAGTT,9.69E-02
TTGATAA,5.51E-02
TTGATAC,9.47E-02
TTGATAG,1.13E-01
TTGATAT,2.14E-01
TTGATCA,3.50E-02
TTGATCC,8.84E-02
TTGATCG,1.07E-01
TTGATCT,1.01E-01
TTGATGA,2.40E+00
TTGATGC,3.81E+00
TTGATGG,2.93E+00
TTGATGT,8.80E+00
TTGATTA,9.66E-02
TTGATTC,9.57E-02
TTGATTG,1.74E-01
TTGATTT,3.33E-01
TTGCAAA,7.49E-04
TTGCAAC,1.16E-03
TTGCAAG,9.22E-04
TTGCAAT,6.64E-03
TTGCACA,4.45E-04
TTGCACC,1.01E-03
TTGCACG,8.20E-04
TTGCACT,2.94E-03
TTGCAGA,2.54E-01
TTGCAGC,3.63E-01
TTGCAGG,1.87E-01
TTGCAGT,2.13E+00
TTGCATA,2.21E-03
TTGCATC,1.97E-03
TTGCATG,2.40E-03
TTGCATT,1.74E-02
TTGCCAA,1.23E-05
TTGCCAC,3.72E-05
TTGCCAG,2.18E-05
TTGCCAT,1.58E-04
TTGCCCA,1.04E-05
TTGCCCC,4.60E-05
TTGCCCG,2.75E-05
TTGCCCT,9.91E-05
TTGCCGA,7.09E-03
TTGCCGC,1.99E-02
TTGCCGG,7.52E-03
TTGCCGT,8.61E-02
TTGCCTA,5.46E-05
TTGCCTC,9.52E-05
TTGCCTG,8.53E-05
TTGCCTT,6.22E-04
TTGCGAA,1.53E-05
TTGCGAC,4.66E-05
TTGCGAG,1.21E-05
TTGCGAT,1.80E-04
TTGCGCA,6.04E-06
TTGCGCC,2.70E-05
TTGCGCG,7.13E-06
TTGCGCT,5.28E-05
TTGCGGA,9.91E-03
TTGCGGC,2.79E-02
TTGCGGG,4.67E-03
TTGCGGT,1.10E-01
TTGCGTA,2.70E-05
TTGCGTC,4.73E-05
TTGCGTG,1.87E-05
TTGCGTT,2.81E-04
TTGCTAA,3.36E-05
TTGCTAC,9.00E-05
TTGCTAG,4.78E-05
TTGCTAT,3.54E-04
TTGCTCA,1.50E-05
TTGCTCC,5.91E-05
TTGCTCG,3.20E-05
TTGCTCT,1.18E-04
TTGCTGA,1.01E-02
TTGCTGC,2.51E-02
TTGCTGG,8.60E-03
TTGCTGT,1.01E-01
TTGCTTA,8.92E-05
TTGCTTC,1.38E-04
TTGCTTG,1.12E-04
TTGCTTT,8.37E-04
TTGGAAA,2.56E-02
TTGGAAC,6.11E-02
TTGGAAG,6.55E-02
TTGGAAT,2.15E-01
TTGGACA,2.38E-02
TTGGACC,8.35E-02
TTGGACG,9.12E-02
TTGGACT,1.49E-01
TTGGAGA,4.95E+00
TTGGAGC,1.09E+01
TTGGAGG,7.56E+00
TTGGAGT,3.93E+01
TTGGATA,3.68E-02
TTGGATC,5.07E-02
TTGGATG,8.29E-02
TTGGATT,2.74E-01
TTGGCAA,1.22E-03
TTGGCAC,5.68E-03
TTGGCAG,4.49E-03
TTGGCAT,1.47E-02
TTGGCCA,1.60E-03
TTGGCCC,1.10E-02
TTGGCCG,8.85E-03
TTGGCCT,1.45E-02
TTGGCGA,4.00E-01
TTGGCGC,1.73E+00
TTGGCGG,8.81E-01
TTGGCGT,4.59E+00
TTGGCTA,2.62E-03
TTGGCTC,7.07E-03
TTGGCTG,8.52E-03
TTGGCTT,2.83E-02
TTGGGAA,3.24E-04
TTGGGAC,1.52E-03
TTGGGAG,5.31E-04
TTGGGAT,3.58E-03
TTGGGCA,2.00E-04
TTGGGCC,1.38E-03
TTGGGCG,4.90E-04
TTGGGCT,1.65E-03
TTGGGGA,1.19E-01
TTGGGGC,5.18E-01
TTGGGGG,1.17E-01
TTGGGGT,1.25E+00
TTGGGTA,2.77E-04
TTGGGTC,7.50E-04
TTGGGTG,4.00E-04
TTGGGTT,2.73E-03
TTGGTAA,3.83E-04
TTGGTAC,1.58E-03
TTGGTAG,1.13E-03
TTGGTAT,3.82E-03
TTGGTCA,2.68E-04
TTGGTCC,1.63E-03
TTGGTCG,1.19E-03
TTGGTCT,2.00E-03
TTGGTGA,6.59E-02
TTGGTGC,2.52E-01
TTGGTGG,1.16E-01
TTGGTGT,6.22E-01
TTGGTTA,4.95E-04
TTGGTTC,1.18E-03
TTGGTTG,1.29E-03
TTGGTTT,4.39E-03
TTGTAAA,1.27E-03
TTGTAAC,1.13E-03
TTGTAAG,2.24E-03
TTGTAAT,1.65E-02
TTGTACA,6.38E-05
TTGTACC,8.32E-05
TTGTACG,1.69E-04
TTGTACT,6.17E-04
TTGTAGA,1.46E-01
TTGTAGC,1.20E-01
TTGTAGG,1.54E-01
TTGTAGT,1.79E+00
TTGTATA,1.24E-03
TTGTATC,6.35E-04
TTGTATG,1.93E-03
TTGTATT,1.43E-02
TTGTCAA,1.12E-04
TTGTCAC,1.94E-04
TTGTCAG,2.85E-04
TTGTCAT,2.09E-03
TTGTCCA,7.95E-06
TTGTCCC,2.03E-05
TTGTCCG,3.03E-05
TTGTCCT,1.11E-04
TTGTCGA,2.18E-02
TTGTCGC,3.51E-02
TTGTCGG,3.32E-02
TTGTCGT,3.87E-01
TTGTCTA,1.64E-04
TTGTCTC,1.64E-04
TTGTCTG,3.67E-04
TTGTCTT,2.73E-03
TTGTGAA,7.20E-05
TTGTGAC,1.26E-04
TTGTGAG,8.14E-05
TTGTGAT,1.23E-03
TTGTGCA,2.39E-06
TTGTGCC,6.14E-06
TTGTGCG,4.06E-06
TTGTGCT,3.06E-05
TTGTGGA,1.57E-02
TTGTGGC,2.54E-02
TTGTGGG,1.06E-02
TTGTGGT,2.55E-01
TTGTGTA,4.18E-05
TTGTGTC,4.21E-05
TTGTGTG,4.16E-05
TTGTGTT,6.37E-04
TTGTTAA,1.63E-04
TTGTTAC,2.51E-04
TTGTTAG,3.33E-04
TTGTTAT,2.52E-03
TTGTTCA,6.16E-06
TTGTTCC,1.39E-05
TTGTTCG,1.88E-05
TTGTTCT,7.09E-05
TTGTTGA,1.66E-02
TTGTTGC,2.37E-02
TTGTTGG,2.03E-02
TTGTTGT,2.43E-01
TTGTTTA,1.43E-04
TTGTTTC,1.27E-04
TTGTTTG,2.57E-04
TTGTTTT,1.96E-03
TTTAAAA,6.48E-04
TTTAAAC,1.21E-03
TTTAAAG,1.82E-03
TTTAAAT,1.31E-02
TTTAACA,5.85E-03
TTTAACC,1.61E-02
TTTAACG,2.46E-02
TTTAACT,8.86E-02
TTTAAGA,5.60E-01
TTTAAGC,9.69E-01
TTTAAGG,9.39E-01
TTTAAGT,1.08E+01
TTTAATA,7.17E-04
TTTAATC,7.73E-04
TTTAATG,1.77E-03
TTTAATT,1.29E-02
TTTACAA,1.48E-05
TTTACAC,5.43E-05
TTTACAG,6.01E-05
TTTACAT,4.35E-04
TTTACCA,1.90E-04
TTTACCC,1.02E-03
TTTACCG,1.15E-03
TTTACCT,4.16E-03
TTTACGA,2.18E-02
TTTACGC,7.39E-02
TTTACGG,5.28E-02
TTTACGT,6.06E-01
TTTACTA,2.46E-05
TTTACTC,5.21E-05
TTTACTG,8.80E-05
TTTACTT,6.43E-04
TTTAGAA,3.42E-06
TTTAGAC,1.26E-05
TTTAGAG,6.16E-06
TTTAGAT,9.17E-05
TTTAGCA,2.05E-05
TTTAGCC,1.11E-04
TTTAGCG,5.53E-05
TTTAGCT,4.10E-04
TTTAGGA,5.64E-03
TTTAGGC,1.92E-02
TTTAGGG,6.06E-03
TTTAGGT,1.43E-01
TTTAGTA,2.26E-06
TTTAGTC,4.78E-06
TTTAGTG,3.57E-06
TTTAGTT,5.38E-05
TTTATAA,2.06E-05
TTTATAC,6.66E-05
TTTATAG,6.67E-05
TTTATAT,4.96E-04
TTTATCA,1.40E-04
TTTATCC,6.66E-04
TTTATCG,6.80E-04
TTTATCT,2.52E-03
TTTATGA,1.58E-02
TTTATGC,4.74E-02
TTTATGG,3.06E-02
TTTATGT,3.61E-01
TTTATTA,2.05E-05
TTTATTC,3.82E-05
TTTATTG,5.85E-05
TTTATTT,4.39E-04
TTTCAAA,3.92E-08
TTTCAAC,1.14E-07
TTTCAAG,7.65E-08
TTTCAAT,2.16E-06
TTTCACA,2.49E-07
TTTCACC,1.07E-06
TTTCACG,7.30E-07
TTTCACT,1.03E-05
TTTCAGA,2.34E-04
TTTCAGC,6.32E-04
TTTCAGG,2.74E-04
TTTCAGT,1.22E-02
TTTCATA,6.57E-08
TTTCATC,1.10E-07
TTTCATG,1.13E-07
TTTCATT,3.22E-06
TTTCCAA,1.86E-10
TTTCCAC,1.06E-09
TTTCCAG,5.26E-10
TTTCCAT,1.49E-08
TTTCCCA,1.68E-09
TTTCCCC,1.41E-08
TTTCCCG,7.10E-09
TTTCCCT,1.00E-07
TTTCCGA,1.90E-06
TTTCCGC,1.00E-05
TTTCCGG,3.20E-06
TTTCCGT,1.43E-04
TTTCCTA,4.69E-10
TTTCCTC,1.54E-09
TTTCCTG,1.17E-09
TTTCCTT,3.33E-08
TTTCGAA,1.16E-10
TTTCGAC,6.64E-10
TTTCGAG,1.45E-10
TTTCGAT,8.45E-09
TTTCGCA,4.89E-10
TTTCGCC,4.12E-09
TTTCGCG,9.18E-10
TTTCGCT,2.66E-08
TTTCGGA,1.32E-06
TTTCGGC,7.02E-06
TTTCGGG,9.90E-07
TTTCGGT,9.14E-05
TTTCGTA,1.16E-10
TTTCGTC,3.83E-10
TTTCGTG,1.28E-10
TTTCGTT,7.51E-09
TTTCTAA,6.04E-10
TTTCTAC,3.05E-09
TTTCTAG,1.36E-09
TTTCTAT,3.96E-08
TTTCTCA,2.89E-09
TTTCTCC,2.14E-08
TTTCTCG,9.79E-09
TTTCTCT,1.42E-07
TTTCTGA,3.21E-06
TTTCTGC,1.50E-05
TTTCTGG,4.33E-06
TTTCTGT,2.00E-04
TTTCTTA,9.10E-10
TTTCTTC,2.65E-09
TTTCTTG,1.81E-09
TTTCTTT,5.32E-08
TTTGAAA,2.26E-05
TTTGAAC,1.02E-04
TTTGAAG,9.17E-05
TTTGAAT,1.18E-03
TTTGACA,2.25E-04
TTTGACC,1.49E-03
TTTGACG,1.37E-03
TTTGACT,8.75E-03
TTTGAGA,7.71E-02
TTTGAGC,3.21E-01
TTTGAGG,1.87E-01
TTTGAGT,3.81E+00
TTTGATA,1.84E-05
TTTGATC,4.78E-05
TTTGATG,6.59E-05
TTTGATT,8.55E-04
TTTGCAA,3.10E-07
TTTGCAC,2.73E-06
TTTGCAG,1.82E-06
TTTGCAT,2.34E-05
TTTGCCA,4.38E-06
TTTGCCC,5.67E-05
TTTGCCG,3.85E-05
TTTGCCT,2.47E-04
TTTGCGA,1.80E-03
TTTGCGC,1.47E-02
TTTGCGG,6.31E-03
TTTGCGT,1.29E-01
TTTGCTA,3.80E-07
TTTGCTC,1.93E-06
TTTGCTG,1.96E-06
TTTGCTT,2.55E-05
TTTGGAA,4.13E-08
TTTGGAC,3.65E-07
TTTGGAG,1.07E-07
TTTGGAT,2.84E-06
TTTGGCA,2.73E-07
TTTGGCC,3.54E-06
TTTGGCG,1.06E-06
TTTGGCT,1.40E-05
TTTGGGA,2.69E-04
TTTGGGC,2.20E-03
TTTGGGG,4.18E-04
TTTGGGT,1.75E-02
TTTGGTA,2.01E-08
TTTGGTC,1.02E-07
TTTGGTG,4.60E-08
TTTGGTT,1.23E-06
TTTGTAA,1.16E-07
TTTGTAC,9.04E-07
TTTGTAG,5.45E-07
TTTGTAT,7.20E-06
TTTGTCA,8.71E-07
TTTGTCC,9.96E-06
TTTGTCG,6.12E-06
TTTGTCT,4.03E-05
TTTGTGA,3.52E-04
TTTGTGC,2.54E-03
TTTGTGG,9.88E-04
TTTGTGT,2.07E-02
TTTGTTA,8.52E-08
TTTGTTC,3.83E-07
TTTGTTG,3.52E-07
TTTGTTT,4.70E-06
TTTTAAA,5.41E-09
TTTTAAC,9.06E-09
TTTTAAG,1.52E-08
TTTTAAT,4.36E-07
TTTTACA,2.91E-09
TTTTACC,7.16E-09
TTTTACG,1.22E-08
TTTTACT,1.75E-07
TTTTAGA,1.10E-05
TTTTAGC,1.70E-05
TTTTAGG,1.84E-05
TTTTAGT,8.37E-04
TTTTATA,3.00E-09
TTTTATC,2.90E-09
TTTTATG,7.40E-09
TTTTATT,2.15E-07
TTTTCAA,1.38E-10
TTTTCAC,4.52E-10
TTTTCAG,5.58E-10
TTTTCAT,1.61E-08
TTTTCCA,1.05E-10
TTTTCCC,5.06E-10
TTTTCCG,6.37E-10
TTTTCCT,9.15E-09
TTTTCGA,4.75E-07
TTTTCGC,1.44E-06
TTTTCGG,1.15E-06
TTTTCGT,5.25E-05
TTTTCTA,1.15E-10
TTTTCTC,2.17E-10
TTTTCTG,4.09E-10
TTTTCTT,1.19E-08
TTTTGAA,4.43E-11
TTTTGAC,1.46E-10
TTTTGAG,7.97E-11
TTTTGAT,4.72E-09
TTTTGCA,1.58E-11
TTTTGCC,7.64E-11
TTTTGCG,4.25E-11
TTTTGCT,1.26E-09
TTTTGGA,1.71E-07
TTTTGGC,5.21E-07
TTTTGGG,1.84E-07
TTTTGGT,1.73E-05
TTTTGTA,1.46E-11
TTTTGTC,2.78E-11
TTTTGTG,2.31E-11
TTTTGTT,1.39E-09
TTTTTAA,2.39E-10
TTTTTAC,6.92E-10
TTTTTAG,7.74E-10
TTTTTAT,2.29E-08
TTTTTCA,9.66E-11
TTTTTCC,4.12E-10
TTTTTCG,4.69E-10
TTTTTCT,6.93E-09
TTTTTGA,4.30E-07
TTTTTGC,1.15E-06
TTTTTGG,8.32E-07
TTTTTGT,3.91E-05
TTTTTTA,1.19E-10
TTTTTTC,1.99E-10
TTTTTTG,3.39E-10
TTTTTTT,1.02E-08
