Gene	"Gene synonym"	Ensembl	"Gene description"	Uniprot	Chromosome	Position	"Protein class"	"Biological process"	"Molecular function"	"Disease involvement"	Evidence	"HPA evidence"	"UniProt evidence"	"NeXtProt evidence"	"RNA tissue specificity"	"RNA tissue distribution"	"RNA tissue specificity score"	"RNA tissue specific nTPM"	"RNA single cell type specificity"	"RNA single cell type distribution"	"RNA single cell type specificity score"	"RNA single cell type specific nTPM"	"RNA single nuclei brain specificity"	"RNA single nuclei brain distribution"	"RNA single nuclei brain specificity score"	"RNA single nuclei brain specific nTPM"	"RNA cancer specificity"	"RNA cancer distribution"	"RNA cancer specificity score"	"RNA cancer specific FPKM"	"RNA brain regional specificity"	"RNA brain regional distribution"	"RNA brain regional specificity score"	"RNA brain regional specific nTPM"	"RNA blood cell specificity"	"RNA blood cell distribution"	"RNA blood cell specificity score"	"RNA blood cell specific nTPM"	"RNA blood lineage specificity"	"RNA blood lineage distribution"	"RNA blood lineage specificity score"	"RNA blood lineage specific nTPM"	"RNA cell line specificity"	"RNA cell line distribution"	"RNA cell line specificity score"	"RNA cell line specific nTPM"	"RNA tissue cell type enrichment"	"RNA mouse brain regional specificity"	"RNA mouse brain regional distribution"	"RNA mouse brain regional specificity score"	"RNA mouse brain regional specific nTPM"	"RNA pig brain regional specificity"	"RNA pig brain regional distribution"	"RNA pig brain regional specificity score"	"RNA pig brain regional specific nTPM"	Antibody	"Reliability (IH)"	"Reliability (Mouse Brain)"	"Reliability (IF)"	"Subcellular location"	"Secretome location"	"Secretome function"	"CCD Protein"	"CCD Transcript"	"Blood concentration - Conc. blood IM [pg/L]"	"Blood concentration - Conc. blood MS [pg/L]"	"Blood expression cluster"	"Tissue expression cluster"	"Brain expression cluster"	"Cell line expression cluster"	"Single cell expression cluster"	Interactions	"Subcellular main location"	"Subcellular additional location"	"Antibody RRID"	"Cancer prognostics - Bladder Urothelial Carcinoma (TCGA)"	"Cancer prognostics - Breast Invasive Carcinoma (TCGA)"	"Cancer prognostics - Breast Invasive Carcinoma (validation)"	"Cancer prognostics - Cervical Squamous Cell Carcinoma and Endocervical Adenocarcinoma (TCGA)"	"Cancer prognostics - Colon Adenocarcinoma (TCGA)"	"Cancer prognostics - Colon Adenocarcinoma (validation)"	"Cancer prognostics - Glioblastoma Multiforme (TCGA)"	"Cancer prognostics - Glioblastoma Multiforme (validation)"	"Cancer prognostics - Head and Neck Squamous Cell Carcinoma (TCGA)"	"Cancer prognostics - Kidney Chromophobe (TCGA)"	"Cancer prognostics - Kidney Renal Clear Cell Carcinoma (TCGA)"	"Cancer prognostics - Kidney Renal Clear Cell Carcinoma (validation)"	"Cancer prognostics - Kidney Renal Papillary Cell Carcinoma (TCGA)"	"Cancer prognostics - Liver Hepatocellular Carcinoma (TCGA)"	"Cancer prognostics - Liver Hepatocellular Carcinoma (validation)"	"Cancer prognostics - Lung Adenocarcinoma (TCGA)"	"Cancer prognostics - Lung Adenocarcinoma (validation)"	"Cancer prognostics - Lung Squamous Cell Carcinoma (TCGA)"	"Cancer prognostics - Lung Squamous Cell Carcinoma (validation)"	"Cancer prognostics - Ovary Serous Cystadenocarcinoma (TCGA)"	"Cancer prognostics - Ovary Serous Cystadenocarcinoma (validation)"	"Cancer prognostics - Pancreatic Adenocarcinoma (TCGA)"	"Cancer prognostics - Pancreatic Adenocarcinoma (validation)"	"Cancer prognostics - Prostate Adenocarcinoma (TCGA)"	"Cancer prognostics - Rectum Adenocarcinoma (TCGA)"	"Cancer prognostics - Rectum Adenocarcinoma (validation)"	"Cancer prognostics - Skin Cuteneous Melanoma (TCGA)"	"Cancer prognostics - Stomach Adenocarcinoma (TCGA)"	"Cancer prognostics - Testicular Germ Cell Tumor (TCGA)"	"Cancer prognostics - Thyroid Carcinoma (TCGA)"	"Cancer prognostics - Uterine Corpus Endometrial Carcinoma (TCGA)"
TSACC	"C1orf182, SIP, SSTK-IP"	ENSG00000163467	"TSSK6 activating cochaperone"	Q96A04	1	156337314-156346995	"Predicted intracellular proteins"		Chaperone		"Evidence at protein level"	"Evidence at transcript level"	"Evidence at protein level"	"Evidence at protein level"	"Tissue enriched"	"Detected in some"	375	"testis: 899.2"	"Group enriched"	"Detected in many"	7	"Early spermatids: 5788.8;Late spermatids: 20054.2"	"Low cell type specificity"	"Detected in many"			"Cancer enhanced"	"Detected in many"		"Testicular Germ Cell Tumor (TCGA): 16.2"	"Low region specificity"	"Detected in all"			"Immune cell enriched"	"Detected in many"	8	"basophil: 15.2"	"Lineage enriched"	"Detected in many"	8	"granulocytes: 15.2"	"Low cancer specificity"	"Detected in all"			"Testis - Early spermatids, Testis - Late spermatids"	"Low region specificity"	"Detected in all"			"Low region specificity"	"Detected in some"			HPA029897			Approved	"Nucleoplasm,Nuclear bodies"			NA	NA			"Cluster 5: Non-specific - Cell proliferation"	"Cluster 10: Testis - Spermatid development"	"Cluster 28: Oligodendrocytes - Mixed function"	"Cluster 45: Non-specific - Nuclear processes"	"Cluster 63: Late spermatids - Spermatogenesis"	6	"Nuclear bodies"	Nucleoplasm	"HPA029897: AB_2756315"	"unprognostic (7.92e-2)"	"unprognostic (7.82e-2)"		"unprognostic (1.96e-3)"	"unprognostic (2.01e-2)"	"unprognostic (2.55e-2)"	"unprognostic (9.99e-2)"	"unprognostic (4.08e-1)"					"potential prognostic unfavorable (1.23e-5)"	"unprognostic (1.04e-2)"		"unprognostic (1.34e-2)"	"unprognostic (8.31e-2)"	"unprognostic (2.44e-2)"	"unprognostic (1.37e-1)"	"unprognostic (1.47e-1)"	"unprognostic (2.24e-1)"			"unprognostic (9.62e-2)"	"unprognostic (2.97e-3)"	"unprognostic (1.78e-1)"	"unprognostic (2.48e-1)"	"unprognostic (9.24e-2)"	"unprognostic (1.07e-1)"		"unprognostic (1.11e-2)"
PRSS3	"PRSS4, TRY3, TRY4"	ENSG00000010438	"Serine protease 3"	P35030	9	33750679-33799231	"Enzymes, Plasma proteins, Predicted intracellular proteins, Predicted secreted proteins"	Digestion	"Hydrolase, Protease, Serine protease"		"Evidence at protein level"	"Evidence at protein level"	"Evidence at protein level"	"Evidence at protein level"	"Tissue enriched"	"Detected in many"	267	"pancreas: 30122.2"	"Group enriched"	"Detected in many"	4	"Distal enterocytes: 1079.5;Exocrine glandular cells: 1140.0;Paneth cells: 531.4;Proximal enterocytes: 1105.5"	"Cell type enhanced"	"Detected in all"		"upper rhombic lip: 82.0"	"Group enriched"	"Detected in many"	6	"Colon Adenocarcinoma (TCGA): 175.4;Pancreatic Adenocarcinoma (TCGA): 254.3;Rectum Adenocarcinoma (TCGA): 185.4;Stomach Adenocarcinoma (TCGA): 120.8"	"Low region specificity"	"Detected in all"			"Immune cell enriched"	"Detected in some"	104	"basophil: 159.5"	"Lineage enriched"	"Detected in many"	104	"granulocytes: 159.5"	"Cancer enhanced"	"Detected in many"		"colorectal cancer: 117.9"	"Adrenal gland - Adrenal medulla cells, Colon - Colon enterocytes, Stomach - Gastric mucous cells, Testis - Late spermatids"									"HPA062452, HPA063471"	Supported		Approved	"Endoplasmic reticulum,Vesicles"	"Secreted to digestive system"	Enzyme	NA	NA		720000000	"Cluster 46: Basophils - Proteolysis"	"Cluster 15: Pancreas - Proteolysis"	"Cluster 24: Neurons - Mixed function"	"Cluster 57: Stomach & Colon cancer - Digestion"	"Cluster 60: Pancreatic exocrine cells - Proteolysis"		Vesicles	"Endoplasmic reticulum"	"HPA062452: AB_2684768, HPA063471: AB_2685017"	"unprognostic (2.37e-2)"		"unprognostic (6.01e-2)"	"unprognostic (3.84e-2)"	"unprognostic (4.20e-2)"	"unprognostic (3.77e-3)"	"unprognostic (6.70e-2)"	"unprognostic (2.88e-1)"	"unprognostic (1.85e-1)"		"unprognostic (9.58e-3)"		"potential prognostic unfavorable (6.00e-5)"	"unprognostic (1.25e-2)"	"unprognostic (5.07e-2)"	"unprognostic (3.50e-3)"	"unprognostic (4.17e-3)"	"unprognostic (1.77e-1)"	"unprognostic (2.45e-1)"	"unprognostic (7.48e-2)"	"unprognostic (6.30e-3)"	"unprognostic (9.92e-3)"	"unprognostic (4.50e-2)"		"unprognostic (2.12e-1)"	"unprognostic (2.30e-1)"	"unprognostic (3.34e-1)"	"unprognostic (5.79e-3)"	"unprognostic (3.62e-1)"		"unprognostic (2.59e-1)"
C8B		ENSG00000021852	"Complement C8 beta chain"	P07358	1	56929207-56974383	"Disease related genes, Human disease related genes, Plasma proteins, Predicted secreted proteins"	"Complement alternate pathway, Complement pathway, Cytolysis, Immunity, Innate immunity"			"Evidence at protein level"	"Evidence at protein level"	"Evidence at protein level"	"Evidence at protein level"	"Tissue enriched"	"Detected in some"	127	"liver: 630.0"	"Cell type enriched"	"Detected in some"	11	"Hepatocytes: 247.1"	"Not detected"	"Not detected"			"Cancer enriched"	"Detected in some"	93	"Liver Hepatocellular Carcinoma (TCGA): 177.2"	"Not detected"	"Not detected"			"Immune cell enriched"	"Detected in single"	23	"basophil: 2.3"	"Lineage enriched"	"Detected in single"	23	"granulocytes: 2.3"	"Cancer enriched"	"Detected in single"	11	"liver cancer: 1.1"	"Liver - Hepatocytes, Minor Salivary Gland - Minor salivary glandular cells, Testis - Late spermatids"	"Not detected"	"Not detected"			"Low region specificity"	"Detected in all"			HPA023694	Supported				"Secreted to blood"	"Complement pathway"	NA	NA		10000000000		"Cluster 31: Liver - Plasma proteins"		"Cluster 18: Liver cancer - Metabolism"	"Cluster 62: Hepatocytes - Metabolism"	1			"HPA023694: AB_1847128"														"validated prognostic favorable (2.99e-4)"	"validated prognostic favorable (9.22e-8)"	"unprognostic (2.41e-3)"	"unprognostic (6.11e-2)"														
SCGB3A2	"LU103, PNSP1, UGRP1"	ENSG00000164265	"Secretoglobin family 3A member 2"	Q96PL1	5	147870682-147882191	"Human disease related genes, Predicted intracellular proteins, Predicted secreted proteins"				"Evidence at protein level"	"Evidence at transcript level"	"Evidence at protein level"	"Evidence at protein level"	"Tissue enriched"	"Detected in many"	123	"lung: 1229.1"	"Group enriched"	"Detected in some"	4	"Alveolar cells type 2: 1445.1;Club cells: 1181.3"	"Not detected"	"Not detected"			"Cancer enriched"	"Detected in many"	6	"Lung Adenocarcinoma (TCGA): 1498.5"	"Low region specificity"	"Detected in all"			"Immune cell enriched"	"Detected in some"	50	"basophil: 72.2"	"Lineage enriched"	"Detected in many"	50	"granulocytes: 72.2"	"Low cancer specificity"	"Detected in all"				"Not detected"	"Not detected"			"Not detected"	"Not detected"								"Secreted in other tissues"	"No annotated function"	NA	NA		230000	"Cluster 46: Basophils - Proteolysis"	"Cluster 57: Lung - Lung function"	"Cluster 4: Non-specific - mRNA splicing & Cell cycle"	"Cluster 3: Rhabdoid - Membrane components"	"Cluster 72: Alveolar cells - Lung function"					"unprognostic (1.93e-1)"	"unprognostic (1.22e-1)"		"unprognostic (7.68e-2)"	"unprognostic (3.39e-2)"	"unprognostic (3.64e-2)"	"unprognostic (9.68e-2)"		"unprognostic (1.55e-1)"		"potential prognostic unfavorable (7.13e-5)"	"unprognostic (1.10e-1)"		"unprognostic (3.02e-1)"		"unprognostic (2.71e-2)"	"unprognostic (4.58e-2)"	"unprognostic (3.96e-2)"	"unprognostic (1.09e-1)"	"unprognostic (9.20e-2)"	"unprognostic (1.21e-1)"	"unprognostic (1.64e-2)"	"unprognostic (2.10e-2)"		"unprognostic (1.25e-1)"	"unprognostic (1.09e-1)"		"unprognostic (1.22e-1)"	"unprognostic (4.98e-1)"	"unprognostic (3.61e-2)"	"unprognostic (3.35e-3)"
MS4A3	"CD20L, HTM4"	ENSG00000149516	"Membrane spanning 4-domains A3"	Q96HJ5	11	60056587-60071115	"Predicted intracellular proteins, Predicted membrane proteins"		Receptor		"Evidence at protein level"	"Evidence at protein level"	"Evidence at protein level"	"Evidence at protein level"	"Tissue enriched"	"Detected in some"	94	"bone marrow: 415.6"	"Cell type enriched"	"Detected in some"	4	"Erythroid cells: 15.7"	"Not detected"	"Not detected"			"Not detected"	"Not detected"			"Not detected"	"Not detected"			"Immune cell enriched"	"Detected in some"	1476	"basophil: 2692.2"	"Lineage enriched"	"Detected in single"	4500	"granulocytes: 2692.2"	"Cancer enriched"	"Detected in single"	680	"Leukemia: 67.9"	"Lung - Neutrophil_1, Spleen - Hematopoietic stem cells"	"Not detected"	"Not detected"							HPA019210	Supported		Approved	"Golgi apparatus"			NA	NA			"Cluster 46: Basophils - Proteolysis"	"Cluster 6: Bone marrow - Innate immune response"		"Cluster 14: Myeloid leukemia - Innate immune response"	"Cluster 74: Neutrophils - Degranulation"	35	"Golgi apparatus"		"HPA019210: AB_1854134"																															
TEX101	"CT131, MGC4766, SGRG, SPATA44, TES101RP"	ENSG00000131126	"Testis expressed 101"	Q9BY14	19	43401496-43418597	"Predicted membrane proteins, Predicted secreted proteins"				"Evidence at protein level"	"Evidence at protein level"	"Evidence at protein level"	"Evidence at protein level"	"Tissue enriched"	"Detected in some"	73	"testis: 114.4"	"Cell type enriched"	"Detected in some"	11	"Spermatocytes: 950.1"	"Low cell type specificity"	"Detected in some"			"Low cancer specificity"	"Detected in some"			"Region enriched"	"Detected in many"	5	"cerebral cortex: 45.4"	"Immune cell enriched"	"Detected in single"	557	"basophil: 55.7"	"Lineage enriched"	"Detected in single"	557	"granulocytes: 55.7"	"Not detected"	"Not detected"			"Minor Salivary Gland - Minor salivary gland basal cells, Testis - Spermatocytes"	"Not detected"	"Not detected"			"Low region specificity"	"Detected in all"			"HPA041915, HPA042513"	Enhanced				"Secreted in male reproductive system"	"No annotated function"	NA	NA			"Cluster 46: Basophils - Proteolysis"	"Cluster 32: Endocrine & Neural - Unknown function"	"Cluster 4: Non-specific - mRNA splicing & Cell cycle"	"Cluster 10: Ciliated cells - Ion channel activity"	"Cluster 79: Spermatocytes & Spermatogonia - Spermatogenesis"	1			"HPA041915: AB_10795268, HPA042513: AB_10795507"						"unprognostic (1.81e-1)"	"unprognostic (1.37e-1)"								"unprognostic (6.78e-1)"			"unprognostic (1.86e-2)"		"unprognostic (2.72e-2)"											
PYGM	GSD5	ENSG00000068976	"Glycogen phosphorylase, muscle associated"	P11217	11	64746389-64759974	"Disease related genes, Enzymes, Human disease related genes, Metabolic proteins, Plasma proteins, Potential drug targets, Predicted intracellular proteins"	"Carbohydrate metabolism, Glycogen metabolism"	"Allosteric enzyme, Glycosyltransferase, Transferase"	"Disease variant, Glycogen storage disease"	"Evidence at protein level"	"Evidence at protein level"	"Evidence at protein level"	"Evidence at protein level"	"Group enriched"	"Detected in many"	65	"skeletal muscle: 8168.8;tongue: 3454.7"	"Cell type enriched"	"Detected in many"	10	"Skeletal myocytes: 530.8"	"Group enriched"	"Detected in many"	4	"astrocyte: 63.4;cerebellar inhibitory: 21.2;pericyte: 20.4;vascular associated smooth muscle cell: 19.6"	"Low cancer specificity"	"Detected in many"			"Low region specificity"	"Detected in all"			"Immune cell enriched"	"Detected in some"	6	"basophil: 8.3"	"Lineage enriched"	"Detected in many"	6	"granulocytes: 8.3"	"Cancer enriched"	"Detected in some"	10	"Rhabdoid: 24.5"	"Adrenal gland - Fibroblasts, Colon - Smooth muscle cells, Heart muscle - Cardiomyocytes, Kidney - Fibroblasts, Prostate - Smooth muscle cells, Skeletal muscle - Skeletal myocytes, Skeletal muscle - Skeletal myocytes"	"Low region specificity"	"Detected in all"			"Low region specificity"	"Detected in all"			HPA056003	Enhanced						NA	NA		6700000	"Cluster 32: Basophils - Transcription"	"Cluster 2: Skeletal muscle - Striated muscle contraction"	"Cluster 19: Astrocytes - Mixed function"	"Cluster 5: Rhabdoid - Unknown function"	"Cluster 2: Skeletal myocytes - Muscle contraction"	30			"HPA056003: AB_2683006"	"unprognostic (5.38e-2)"		"unprognostic (2.55e-2)"			"unprognostic (6.77e-3)"	"unprognostic (6.26e-2)"	"unprognostic (1.29e-2)"	"unprognostic (6.39e-3)"	"unprognostic (2.27e-3)"	"unprognostic (1.50e-3)"	"unprognostic (1.60e-3)"								"unprognostic (3.16e-2)"			"unprognostic (1.33e-1)"	"unprognostic (1.13e-1)"		"unprognostic (1.01e-1)"		"unprognostic (1.94e-3)"	"unprognostic (2.17e-1)"	"unprognostic (1.08e-2)"	"unprognostic (3.74e-2)"
KRT81	"Hb-1, KRTHB1"	ENSG00000205426	"Keratin 81"	Q14533	12	52285913-52291534	"Disease related genes, Human disease related genes, Plasma proteins, Predicted intracellular proteins"			"Disease variant"	"Evidence at protein level"	"Evidence at protein level"	"Evidence at protein level"	"Evidence at protein level"	"Tissue enriched"	"Detected in some"	46	"skin 1: 140.1"	"Group enriched"	"Detected in some"	5	"Breast glandular cells: 39.7;Pancreatic endocrine cells: 101.9"					"Group enriched"	"Detected in many"	4	"Breast Invasive Carcinoma (TCGA): 68.9;Cervical Squamous Cell Carcinoma and Endocervical Adenocarcinoma (TCGA): 76.7;Lung Adenocarcinoma (TCGA): 20.0"	"Low region specificity"	"Detected in single"			"Immune cell enriched"	"Detected in some"	49	"basophil: 171.6"	"Lineage enriched"	"Detected in many"	49	"granulocytes: 171.6"	"Cancer enhanced"	"Detected in many"		"breast cancer: 443.2"										HPA049778	Supported						NA	NA		87000000	"Cluster 46: Basophils - Proteolysis"	"Cluster 82: Skin - Keratinization"	"Cluster 1: Neurons - Mixed function"	"Cluster 7: Liver cancer - Metabolism"	"Cluster 45: Non-specific - Mixed function"	28			"HPA049778: AB_2680877"	"unprognostic (3.76e-2)"	"unprognostic (5.60e-3)"	"unprognostic (5.26e-2)"	"unprognostic (4.84e-2)"					"unprognostic (1.11e-1)"							"potential prognostic unfavorable (3.37e-4)"	"unprognostic (7.90e-2)"	"unprognostic (4.43e-1)"		"unprognostic (1.74e-2)"	"unprognostic (2.30e-1)"	"unprognostic (8.52e-2)"	"unprognostic (8.57e-3)"					"unprognostic (7.64e-2)"		"unprognostic (7.74e-2)"	"unprognostic (1.03e-1)"
TNNT3	"AMCD2B, DA2B, DKFZp779M2348, FSSV"	ENSG00000130595	"Troponin T3, fast skeletal type"	P45378	11	1919703-1938706	"Disease related genes, Human disease related genes, Predicted intracellular proteins"		"Muscle protein"	"Disease variant"	"Evidence at protein level"	"Evidence at protein level"	"Evidence at protein level"	"Evidence at protein level"	"Group enriched"	"Detected in many"	42	"skeletal muscle: 13419.3;tongue: 4329.7"	"Cell type enriched"	"Detected in many"	68	"Skeletal myocytes: 7418.0"	"Cell type enriched"	"Detected in single"	4	"leukocyte: 1.5"	"Group enriched"	"Detected in many"	8	"Bladder Urothelial Carcinoma (TCGA): 26.6;Head and Neck Squamous Cell Carcinoma (TCGA): 62.9"	"Not detected"	"Not detected"			"Immune cell enriched"	"Detected in single"	17	"basophil: 5.3"	"Lineage enriched"	"Detected in single"	17	"granulocytes: 5.3"	"Group enriched"	"Detected in some"	4	"Bladder cancer: 16.3;Rhabdoid: 16.5"	"Skeletal muscle - Skeletal myocytes, Stomach - Fibroblasts, Thyroid gland - Fibroblasts"	"Region enhanced"	"Detected in some"		"olfactory bulb: 5.1"	"Low region specificity"	"Detected in many"			"CAB002451, HPA037810, HPA056909"	Enhanced						NA	NA		760000		"Cluster 2: Skeletal muscle - Striated muscle contraction"		"Cluster 53: Squamous epithelial cells - Keratinization"	"Cluster 2: Skeletal myocytes - Muscle contraction"				"CAB002451: AB_564151, HPA037810: AB_10966217, HPA056909: AB_2683273"	"potential prognostic favorable (5.93e-4)"	"unprognostic (9.66e-2)"	"unprognostic (1.35e-2)"	"unprognostic (3.41e-3)"					"unprognostic (3.82e-3)"		"unprognostic (9.29e-2)"	"unprognostic (1.46e-1)"						"unprognostic (2.50e-2)"	"unprognostic (1.27e-1)"	"unprognostic (7.23e-2)"	"unprognostic (2.56e-1)"			"unprognostic (1.22e-1)"					"unprognostic (6.09e-2)"		"unprognostic (8.80e-2)"
CACNG8		ENSG00000142408	"Calcium voltage-gated channel auxiliary subunit gamma 8"	Q8WXS5	19	53962937-53990215	"FDA approved drug targets, Predicted membrane proteins, Transporters"	"Calcium transport, Ion transport, Transport"	"Calcium channel, Ion channel, Voltage-gated channel"	"FDA approved drug targets"	"Evidence at protein level"	"Evidence at protein level"	"Evidence at transcript level"	"Evidence at protein level"	"Tissue enriched"	"Detected in single"	41	"brain: 36.0"	"Cell type enhanced"	"Detected in some"		"Excitatory neurons: 59.8;Horizontal cells: 40.3;Inhibitory neurons: 63.1;Oligodendrocyte precursor cells: 27.8;Skeletal myocytes: 13.7"	"Low cell type specificity"	"Detected in many"			"Cancer enhanced"	"Detected in single"		"Glioblastoma Multiforme (TCGA): 2.6"	"Low region specificity"	"Detected in all"			"Immune cell enriched"	"Detected in single"	9	"basophil: 5.4"	"Lineage enriched"	"Detected in single"	29	"granulocytes: 5.4"	"Cancer enhanced"	"Detected in many"		"Rhabdoid: 12.8"		"Low region specificity"	"Detected in all"			"Low region specificity"	"Detected in all"			HPA041351	Enhanced						NA	NA			"Cluster 46: Basophils - Proteolysis"	"Cluster 33: Brain - Neuronal signaling"	"Cluster 51: Neurons - Mixed function"	"Cluster 5: Rhabdoid - Unknown function"	"Cluster 69: Neurons - Neuronal signaling"				"HPA041351: AB_10796666"						"unprognostic (7.79e-2)"	"unprognostic (1.19e-1)"	"unprognostic (1.73e-2)"																		"unprognostic (2.25e-1)"					
KRT86	"Hb6, KRTHB6, MNX"	ENSG00000170442	"Keratin 86"	O43790	12	52249300-52309163	"Disease related genes, Human disease related genes, Predicted intracellular proteins"			"Disease variant"	"Evidence at protein level"	"Evidence at protein level"	"Evidence at protein level"	"Evidence at protein level"	"Tissue enriched"	"Detected in some"	36	"skin 1: 145.7"	"Group enriched"	"Detected in some"	5	"Early spermatids: 45.8;Late spermatids: 21.7;NK-cells: 38.9;T-cells: 18.3"	"Low cell type specificity"	"Detected in many"			"Low cancer specificity"	"Detected in many"			"Low region specificity"	"Detected in many"			"Immune cell enriched"	"Detected in some"	9	"basophil: 87.8"	"Lineage enriched"	"Detected in many"	9	"granulocytes: 87.8"	"Group enriched"	"Detected in many"	5	"breast cancer: 101.1;pancreatic cancer: 27.5"	"Pancreas - Ductal cells, Skin - Hair cortex cells, Testis - Early spermatids, Testis - Late spermatids"									"HPA039798, HPA049778"	Supported		Approved	Cytosol			NA	NA		100000000	"Cluster 41: Basophils - Unknown function"	"Cluster 82: Skin - Keratinization"	"Cluster 14: Neurons - Synaptic function"	"Cluster 27: Breast cancer - Unknown function"	"Cluster 78: NK-cells & T-cells - Immune system & Transcription"	38	Cytosol		"HPA039798: AB_10674986, HPA049778: AB_2680877"	"unprognostic (9.43e-2)"	"unprognostic (2.38e-2)"	"unprognostic (1.62e-1)"	"unprognostic (2.18e-1)"		"unprognostic (4.93e-2)"			"unprognostic (6.45e-2)"		"unprognostic (7.90e-2)"	"unprognostic (1.38e-1)"	"unprognostic (1.18e-2)"	"unprognostic (8.49e-2)"		"unprognostic (6.28e-3)"	"unprognostic (1.74e-1)"	"unprognostic (1.28e-1)"		"unprognostic (1.85e-2)"	"unprognostic (2.53e-1)"	"unprognostic (1.17e-2)"								"unprognostic (7.22e-2)"	"unprognostic (2.97e-1)"
TRIM64B		ENSG00000189253	"Tripartite motif containing 64B"	A6NI03	11	89870438-89878487	"Predicted intracellular proteins"				"Evidence at transcript level"	"Evidence at transcript level"			"Tissue enriched"	"Detected in single"	35	"placenta: 3.5"	"Cell type enriched"	"Detected in single"	7	"Extravillous trophoblasts: 1.2"					"Not detected"	"Not detected"			"Not detected"	"Not detected"			"Immune cell enriched"	"Detected in single"	839	"basophil: 83.9"	"Lineage enriched"	"Detected in single"	839	"granulocytes: 83.9"	"Not detected"	"Not detected"												HPA045370	Approved						NA	NA			"Cluster 46: Basophils - Proteolysis"	"Cluster 58: Placenta - Pregnancy"		"Cluster 17: Neuroblastoma - Neuronal signaling"	"Cluster 4: Extravillous trophoblasts - Unknown function"				"HPA045370: AB_2679298"																															
RBM44	FLJ40411	ENSG00000177483	"RNA binding motif protein 44"	Q6ZP01	2	237798389-237842808	"Predicted intracellular proteins"		RNA-binding		"Evidence at protein level"	"Evidence at protein level"	"Evidence at transcript level"	"Evidence at protein level"	"Tissue enriched"	"Detected in single"	30	"testis: 15.3"	"Group enriched"	"Detected in some"	4	"Spermatocytes: 108.0;Spermatogonia: 47.4"	"Low cell type specificity"	"Detected in many"			"Not detected"	"Not detected"			"Not detected"	"Not detected"			"Immune cell enriched"	"Detected in single"	13	"basophil: 1.3"	"Lineage enriched"	"Detected in single"	13	"granulocytes: 1.3"	"Not detected"	"Not detected"			"Kidney - Endothelial cells, Testis - Spermatocytes"	"Not detected"	"Not detected"			"Low region specificity"	"Detected in some"			HPA003298	Enhanced						NA	NA				"Cluster 42: Testis - Spermatogenesis"		"Cluster 71: Lymphoma - Inflammatory response"	"Cluster 31: Spermatocytes - Spermatogenesis"				"HPA003298: AB_2284846"			"unprognostic (1.68e-1)"					"unprognostic (1.54e-1)"															"unprognostic (1.15e-2)"								
CD200R1L	"CD200R2, CD200RLa"	ENSG00000206531	"CD200 receptor 1 like"	Q6Q8B3	3	112815709-112846864	"Predicted membrane proteins"		Receptor		"Evidence at protein level"	"Evidence at transcript level"	"Evidence at protein level"	"Evidence at protein level"	"Tissue enriched"	"Detected in single"	27	"testis: 2.7"	"Group enriched"	"Detected in some"	37	"Early spermatids: 29.1;Late spermatids: 44.3"	"Cell type enriched"	"Detected in single"	42	"deep-layer near-projecting: 32.2"	"Not detected"	"Not detected"			"Not detected"	"Not detected"			"Immune cell enriched"	"Detected in single"	386	"basophil: 85.4"	"Lineage enriched"	"Detected in single"	459	"granulocytes: 85.4"	"Not detected"	"Not detected"			"Testis - Early spermatids, Testis - Late spermatids"																NA	NA			"Cluster 46: Basophils - Proteolysis"	"Cluster 42: Testis - Spermatogenesis"		"Cluster 53: Squamous epithelial cells - Keratinization"	"Cluster 36: Late spermatids - Unknown function"	1																																		
CYP11A1	"CYP11A, P450SCC"	ENSG00000140459	"Cytochrome P450 family 11 subfamily A member 1"	P05108	15	74337759-74367646	"Disease related genes, Enzymes, FDA approved drug targets, Human disease related genes, Metabolic proteins, Predicted intracellular proteins"	"Cholesterol metabolism, Lipid biosynthesis, Lipid metabolism, Steroid biosynthesis, Steroid metabolism, Steroidogenesis, Sterol metabolism"	"Monooxygenase, Oxidoreductase"	"Disease variant, FDA approved drug targets"	"Evidence at protein level"	"Evidence at protein level"	"Evidence at protein level"	"Evidence at protein level"	"Tissue enriched"	"Detected in many"	26	"adrenal gland: 978.1"	"Cell type enriched"	"Detected in some"	4	"Syncytiotrophoblasts: 1655.2"	"Cell type enhanced"	"Detected in some"		"choroid plexus epithelial cell: 13.8;ependymal cell: 26.0;fibroblast: 18.9"	"Cancer enhanced"	"Detected in many"		"Kidney Chromophobe (TCGA): 11.3"	"Low region specificity"	"Detected in all"			"Immune cell enriched"	"Detected in single"	48	"basophil: 10.3"	"Lineage enriched"	"Detected in single"	48	"granulocytes: 10.3"	"Cancer enhanced"	"Detected in some"		"testis cancer: 7.6"	"Adrenal gland - Adrenal cortex cells, Testis - Leydig cells"	"Low region specificity"	"Detected in all"			"Group enriched"	"Detected in many"	5	"basal ganglia: 2.4;hippocampal formation: 1.5;hypothalamus: 1.7;midbrain: 5.9;pons: 1.5"	HPA016436	Enhanced						NA	NA			"Cluster 46: Basophils - Proteolysis"	"Cluster 26: Adrenal gland - Steroid metabolism"	"Cluster 44: Non-specific - Mixed function"	"Cluster 34: Testis cancer - Unknown function"	"Cluster 27: Syncytiotrophoblasts - Pregnancy"	1			"HPA016436: AB_1847423"	"unprognostic (1.53e-1)"		"unprognostic (2.39e-2)"							"unprognostic (2.77e-1)"	"potential prognostic unfavorable (3.14e-5)"	"unprognostic (5.01e-2)"	"unprognostic (4.22e-1)"	"unprognostic (8.64e-3)"	"unprognostic (6.94e-3)"			"unprognostic (9.52e-2)"		"unprognostic (9.13e-3)"	"unprognostic (2.10e-1)"		"unprognostic (9.57e-2)"						"unprognostic (2.28e-1)"		"unprognostic (9.45e-2)"
C10orf82	"Em:AC016825.4, MGC33547"	ENSG00000165863	"Chromosome 10 open reading frame 82"	Q8WW14	10	116663696-116670264	"Predicted intracellular proteins"				"Evidence at protein level"	"Evidence at transcript level"	"Evidence at protein level"	"Evidence at protein level"	"Tissue enriched"	"Detected in some"	23	"testis: 82.2"	"Group enriched"	"Detected in some"	36	"Early spermatids: 710.7;Late spermatids: 2004.2"	"Cell type enhanced"	"Detected in many"		"deep-layer near-projecting: 7.1"	"Cancer enhanced"	"Detected in some"		"Breast Invasive Carcinoma (TCGA): 2.0;Testicular Germ Cell Tumor (TCGA): 2.0"	"Low region specificity"	"Detected in some"			"Immune cell enriched"	"Detected in single"	103	"basophil: 10.2"	"Lineage enriched"	"Detected in single"	103	"granulocytes: 10.2"	"Cancer enhanced"	"Detected in some"		"testis cancer: 2.3"	"Colon - Enteric glia cells, Testis - Late spermatids"	"Not detected"	"Not detected"							HPA043022			Uncertain	Mitochondria			Yes	NA			"Cluster 46: Basophils - Proteolysis"	"Cluster 20: Testis - Spermatogenesis"	"Cluster 56: Hypothalamus - Neuropeptide signaling"	"Cluster 27: Breast cancer - Unknown function"	"Cluster 11: Late spermatids - Unknown function"		Mitochondria		"HPA043022: "		"unprognostic (1.61e-1)"	"unprognostic (4.08e-2)"																		"unprognostic (1.54e-1)"								"unprognostic (1.28e-1)"		"unprognostic (7.18e-2)"
ANO2	"C12orf3, TMEM16B"	ENSG00000047617	"Anoctamin 2"	Q9NQ90	12	5531869-5946232	"Predicted membrane proteins, Transporters"	"Ion transport, Transport"	"Chloride channel, Ion channel"		"Evidence at protein level"	"Evidence at protein level"	"Evidence at protein level"	"Evidence at protein level"	"Tissue enriched"	"Detected in many"	22	"retina: 199.6"	"Group enriched"	"Detected in some"	4	"Late spermatids: 285.2;Microglial cells: 136.9;Rod photoreceptor cells: 183.3"	"Cell type enriched"	"Detected in many"	4	"endothelial cell: 1260.0"	"Cancer enhanced"	"Detected in some"		"Testicular Germ Cell Tumor (TCGA): 8.7"	"Low region specificity"	"Detected in all"			"Immune cell enriched"	"Detected in single"	5	"basophil: 1.3"	"Lineage enriched"	"Detected in single"	13	"granulocytes: 1.3"	"Cancer enhanced"	"Detected in many"		"cervical cancer: 7.6"	"Adipose visceral - Endothelial cells, Colon - Endothelial cells, Minor Salivary Gland - Endothelial cells, Prostate - Endothelial cells, Skin - Endothelial cells, Testis - Late spermatids"	"Region enriched"	"Detected in many"	4	"basal ganglia: 19.6"					"HPA036276, HPA057499"	Enhanced		Supported	"Nucleoplasm,Plasma membrane"			NA	NA				"Cluster 76: Retina - Visual perception"	"Cluster 47: Endothelial cells - Vasculature"	"Cluster 1: Neuronal - Visual perception"	"Cluster 66: Photoreceptor cells - Visual perception"		"Plasma membrane"	Nucleoplasm	"HPA036276: AB_10670713, HPA057499: AB_2732613"		"unprognostic (1.67e-1)"	"unprognostic (4.05e-1)"			"unprognostic (1.25e-1)"		"unprognostic (1.85e-1)"			"unprognostic (2.72e-2)"	"potential prognostic favorable (3.64e-4)"								"unprognostic (1.19e-1)"	"unprognostic (2.84e-1)"		"unprognostic (9.12e-2)"			"unprognostic (2.36e-1)"			"unprognostic (2.20e-1)"		"unprognostic (1.73e-1)"
DYDC1	"bA36D19.5, DPY30D1"	ENSG00000170788	"DPY30 domain containing 1"	Q8WWB3	10	80336105-80356755	"Predicted intracellular proteins"				"Evidence at protein level"	"Evidence at transcript level"	"Evidence at protein level"	"Evidence at protein level"	"Tissue enriched"	"Detected in some"	22	"testis: 123.0"	"Group enriched"	"Detected in some"	4	"Early spermatids: 299.8;Spermatocytes: 291.2"	"Cell type enriched"	"Detected in some"	4	"ependymal cell: 43.1"	"Cancer enhanced"	"Detected in single"		"Uterine Corpus Endometrial Carcinoma (TCGA): 3.2"	"Low region specificity"	"Detected in many"			"Immune cell enriched"	"Detected in single"	6	"basophil: 1.7"	"Lineage enriched"	"Detected in single"	6	"granulocytes: 1.7"	"Not detected"	"Not detected"			"Lung - Respiratory ciliated cells, Testis - Early spermatids"	"Not detected"	"Not detected"			"Low region specificity"	"Detected in all"			"HPA037790, HPA037791"	Uncertain		Approved	"Mid piece,Principal piece,End piece"			NA	NA				"Cluster 42: Testis - Spermatogenesis"	"Cluster 17: Choroid plexus - Cilium"	"Cluster 59: Leukemia - T-cell receptor"	"Cluster 70: Spermatocytes & Spermatids - Spermatid development"	26	"Mid piece, Principal piece, End piece"		"HPA037790: AB_10805351, HPA037791: AB_10796215"			"unprognostic (3.78e-2)"																												"unprognostic (1.95e-1)"
MFSD2B	SLC59A2	ENSG00000205639	"Major facilitator superfamily domain containing 2B"	A6NFX1	2	24010081-24063321	"Predicted membrane proteins, Transporters"	"Lipid transport, Transport"			"Evidence at protein level"	"Evidence at protein level"	"Evidence at protein level"	"Evidence at protein level"	"Tissue enriched"	"Detected in single"	22	"bone marrow: 11.7"	"Cell type enriched"	"Detected in some"	8	"Erythroid cells: 49.9"	"Low cell type specificity"	"Detected in all"			"Not detected"	"Not detected"			"Low region specificity"	"Detected in many"			"Immune cell enriched"	"Detected in single"	5	"basophil: 2.9"	"Lineage enriched"	"Detected in single"	24	"granulocytes: 2.9"	"Cancer enriched"	"Detected in single"	16	"Leukemia: 2.9"		"Not detected"	"Not detected"			"Low region specificity"	"Detected in all"			HPA044145	Enhanced						NA	NA				"Cluster 6: Bone marrow - Innate immune response"	"Cluster 10: Cerebellum - Nucleic acid binding"	"Cluster 47: Leukemia - Hemostasis"	"Cluster 1: Erythroid cells - Oxygen transport"				"HPA044145: AB_2678833"																															
BPIFC	"BPIL2, dJ149A16.7"	ENSG00000184459	"BPI fold containing family C"	Q8NFQ6	22	32413845-32464484	"Predicted secreted proteins"	"Immunity, Innate immunity"			"Evidence at protein level"	"Evidence at transcript level"	"Evidence at transcript level"	"Evidence at protein level"	"Tissue enriched"	"Detected in some"	19	"skin 1: 44.2"	"Group enriched"	"Detected in some"	6	"Early spermatids: 25.4;Late spermatids: 11.5;Suprabasal keratinocytes: 7.2"	"Low cell type specificity"	"Detected in some"			"Group enriched"	"Detected in some"	10	"Head and Neck Squamous Cell Carcinoma (TCGA): 3.7;Skin Cuteneous Melanoma (TCGA): 4.2"	"Not detected"	"Not detected"			"Immune cell enriched"	"Detected in single"	16	"basophil: 1.5"	"Lineage enriched"	"Detected in single"	16	"granulocytes: 1.5"	"Not detected"	"Not detected"			"Testis - Early spermatids, Testis - Late spermatids"	"Not detected"	"Not detected"			"Low region specificity"	"Detected in some"								"Secreted in other tissues"	Immunity	NA	NA				"Cluster 13: Skin - Cornification"		"Cluster 16: Thyroid cancer - Neuronal signaling"	"Cluster 18: Early spermatids - Unknown function"													"unprognostic (1.89e-1)"																		"unprognostic (1.08e-1)"				
WFDC11	WAP11	ENSG00000180083	"WAP four-disulfide core domain 11"	Q8NEX6	20	45648563-45670270	"Predicted secreted proteins"				"Evidence at transcript level"	"Evidence at transcript level"	"No human protein/transcript evidence"	"Evidence at transcript level"	"Tissue enriched"	"Detected in some"	19	"epididymis: 91.7"	"Group enriched"	"Detected in some"	27	"Early spermatids: 39.2;Late spermatids: 22.4"	"Not detected"	"Not detected"			"Low cancer specificity"	"Detected in single"			"Low region specificity"	"Detected in all"			"Immune cell enriched"	"Detected in single"	6	"basophil: 2.3"	"Lineage enriched"	"Detected in single"	6	"granulocytes: 2.3"	"Low cancer specificity"	"Detected in some"			"Testis - Early spermatids, Testis - Late spermatids"	"Not detected"	"Not detected"			"Not detected"	"Not detected"								"Secreted in male reproductive system"	"No annotated function"	NA	NA				"Cluster 50: Epididymis - Male reproductive secretion"	"Cluster 9: Non-specific - Receptor signaling"	"Cluster 15: Kidney cancer - Membrane components"	"Cluster 21: Early spermatids - Spermatogenesis"										"unprognostic (2.31e-1)"																				"unprognostic (6.68e-2)"		"unprognostic (1.56e-1)"			
BCAN	"BEHAB, CSPG7, MGC13038"	ENSG00000132692	Brevican	Q96GW7	1	156641390-156659532	"Plasma proteins, Predicted secreted proteins"				"Evidence at protein level"	"Evidence at protein level"	"Evidence at protein level"	"Evidence at protein level"	"Tissue enriched"	"Detected in many"	16	"brain: 245.5"	"Group enriched"	"Detected in some"	4	"Astrocytes: 129.1;Melanocytes: 271.4;Oligodendrocyte precursor cells: 270.3"	"Cell type enhanced"	"Detected in many"		"committed oligodendrocyte precursor: 758.0;oligodendrocyte precursor cell: 517.8"	"Cancer enriched"	"Detected in many"	5	"Glioblastoma Multiforme (TCGA): 904.5"	"Low region specificity"	"Detected in all"			"Immune cell enriched"	"Detected in single"	24	"basophil: 7.8"	"Lineage enriched"	"Detected in single"	24	"granulocytes: 7.8"	"Low cancer specificity"	"Detected in all"			"Adrenal gland - Adrenal medulla cells, Pituitary gland - Undifferentiated cells (Pituitary gland), Skin - Melanocytes"	"Low region specificity"	"Detected in all"			"Low region specificity"	"Detected in all"			"HPA007865, CAB025862"	Enhanced	Supported			"Secreted in brain"	"No annotated function"	NA	NA		170000		"Cluster 33: Brain - Neuronal signaling"	"Cluster 51: Neurons - Mixed function"	"Cluster 10: Ciliated cells - Ion channel activity"	"Cluster 76: Oligodendrocyte precursor - Unknown function"	9			"CAB025862: , HPA007865: AB_1078299"	"unprognostic (4.04e-2)"	"unprognostic (9.50e-2)"	"unprognostic (2.12e-1)"	"unprognostic (2.34e-3)"	"unprognostic (9.15e-2)"	"unprognostic (1.28e-1)"	"unprognostic (1.89e-1)"	"unprognostic (1.93e-3)"	"unprognostic (7.19e-2)"	"unprognostic (1.50e-1)"	"unprognostic (2.93e-2)"	"unprognostic (8.27e-2)"	"unprognostic (8.97e-3)"	"unprognostic (9.50e-3)"	"unprognostic (4.08e-2)"	"potential prognostic unfavorable (8.84e-6)"	"unprognostic (1.74e-1)"	"unprognostic (5.04e-2)"	"unprognostic (1.01e-1)"	"unprognostic (1.59e-1)"		"unprognostic (1.46e-2)"	"unprognostic (1.43e-1)"		"unprognostic (1.75e-1)"	"unprognostic (8.78e-2)"	"unprognostic (1.23e-3)"	"unprognostic (7.13e-3)"	"unprognostic (1.35e-1)"		"unprognostic (2.11e-2)"
SPATA4	"CFAP178, FAP178, SPEF1B, TSARG2"	ENSG00000150628	"Spermatogenesis associated 4"	Q8NEY3	4	176184579-176195585	"Predicted intracellular proteins"				"Evidence at protein level"	"Evidence at protein level"	"Evidence at protein level"	"Evidence at protein level"	"Tissue enriched"	"Detected in some"	16	"testis: 135.4"	"Group enriched"	"Detected in some"	19	"Early spermatids: 1038.9;Late spermatids: 616.1;Spermatocytes: 375.7"	"Cell type enriched"	"Detected in many"	6	"ependymal cell: 36.1"	"Low cancer specificity"	"Detected in some"			"Low region specificity"	"Detected in all"			"Immune cell enriched"	"Detected in single"	9	"basophil: 1.2"	"Lineage enriched"	"Detected in single"	9	"granulocytes: 1.2"	"Not detected"	"Not detected"			"Lung - Respiratory ciliated cells, Testis - Early spermatids"	"Not detected"	"Not detected"			"Low region specificity"	"Detected in all"			"HPA019220, HPA030791"	Enhanced		Supported	Nucleoplasm,Vesicles,Cytosol			NA	NA			"Cluster 32: Basophils - Transcription"	"Cluster 42: Testis - Spermatogenesis"	"Cluster 17: Choroid plexus - Cilium"	"Cluster 72: Neuronal - Signal transduction"	"Cluster 70: Spermatocytes & Spermatids - Spermatid development"	2	Nucleoplasm	"Vesicles, Cytosol"	"HPA019220: AB_1857420, HPA030791: "			"unprognostic (2.17e-1)"				"unprognostic (2.71e-3)"	"unprognostic (1.44e-2)"			"potential prognostic favorable (2.35e-6)"	"unprognostic (3.89e-2)"	"potential prognostic favorable (8.14e-4)"																		
CADM2	"IGSF4D, Necl-3, NECL3, SynCAM2"	ENSG00000175161	"Cell adhesion molecule 2"	Q8N3J6	3	84958989-86074429	"Predicted membrane proteins"	"Cell adhesion"			"Evidence at protein level"	"Evidence at protein level"	"Evidence at transcript level"	"Evidence at protein level"	"Group enriched"	"Detected in many"	15	"brain: 50.2;retina: 92.0"	"Group enriched"	"Detected in many"	6	"Astrocytes: 1882.9;Excitatory neurons: 3959.7;Inhibitory neurons: 3478.8;Oligodendrocyte precursor cells: 3390.8;Oligodendrocytes: 4708.9"	"Low cell type specificity"	"Detected in all"			"Cancer enriched"	"Detected in some"	8	"Glioblastoma Multiforme (TCGA): 19.2"	"Low region specificity"	"Detected in all"			"Immune cell enriched"	"Detected in some"	6	"basophil: 6.0"	"Lineage enriched"	"Detected in many"	6	"granulocytes: 6.0"	"Cancer enhanced"	"Detected in some"		"Rhabdoid: 11.1;Sarcoma: 8.5"	"Colon - Enteric glia cells"	"Low region specificity"	"Detected in all"			"Low region specificity"	"Detected in all"			HPA010024	Enhanced						NA	NA		99000		"Cluster 17: Neuronal - Synaptic function"	"Cluster 40: Astrocytes - Astrocyte-neuron interactions"	"Cluster 11: Neuronal - Sensory perception"	"Cluster 69: Neurons - Neuronal signaling"				"HPA010024: AB_2068039"		"unprognostic (9.11e-2)"	"unprognostic (5.91e-3)"				"unprognostic (3.55e-2)"	"unprognostic (1.26e-2)"																"unprognostic (2.23e-1)"							
CPO		ENSG00000144410	"Carboxypeptidase O"	Q8IVL8	2	206939518-206969474	"Enzymes, Predicted intracellular proteins"		"Carboxypeptidase, Hydrolase, Metalloprotease, Protease"		"Evidence at protein level"	"Evidence at transcript level"	"Evidence at protein level"	"Evidence at protein level"	"Tissue enriched"	"Detected in some"	15	"intestine: 108.7"	"Cell type enriched"	"Detected in some"	8	"Proximal enterocytes: 344.5"	"Low cell type specificity"	"Detected in many"			"Not detected"	"Not detected"			"Low region specificity"	"Detected in all"			"Immune cell enriched"	"Detected in single"	29	"basophil: 11.9"	"Lineage enriched"	"Detected in single"	83	"granulocytes: 11.9"	"Not detected"	"Not detected"			"Testis - Late spermatids"					"Not detected"	"Not detected"								"Intracellular and membrane"	Enzyme	NA	NA				"Cluster 25: Small intestine - Absorption"	"Cluster 32: Cerebral cortex - Mixed function"	"Cluster 15: Kidney cancer - Membrane components"	"Cluster 22: Proximal enterocytes - Digestion"							"unprognostic (1.82e-1)"					"unprognostic (1.02e-2)"																							
NKAIN2	"FAM77B, TCBA1"	ENSG00000188580	"Sodium/potassium transporting ATPase interacting 2"	Q5VXU1	6	123803865-124825640	"Disease related genes, Potential drug targets, Predicted membrane proteins, Transporters"				"Evidence at transcript level"	"Evidence at transcript level"	"Evidence at transcript level"	"Evidence at transcript level"	"Tissue enriched"	"Detected in some"	14	"brain: 90.9"	"Cell type enhanced"	"Detected in some"		"Excitatory neurons: 1663.1;Inhibitory neurons: 609.2;Oligodendrocytes: 2670.8"	"Low cell type specificity"	"Detected in all"			"Cancer enhanced"	"Detected in some"		"Glioblastoma Multiforme (TCGA): 3.6;Lung Squamous Cell Carcinoma (TCGA): 5.3"	"Low region specificity"	"Detected in all"			"Immune cell enriched"	"Detected in single"	19	"basophil: 1.9"	"Lineage enriched"	"Detected in single"	19	"granulocytes: 1.9"	"Cancer enhanced"	"Detected in some"		"lung cancer: 4.2;thyroid cancer: 7.1"	"Adrenal gland - Schwann cells, Pituitary gland - Undifferentiated cells (Pituitary gland), Skeletal muscle - Skeletal myocytes"	"Low region specificity"	"Detected in all"			"Low region specificity"	"Detected in all"			HPA045860			Approved	Cytosol			NA	NA				"Cluster 9: Oligodendrocytes - Myelination"	"Cluster 30: White matter - Myelination"	"Cluster 16: Thyroid cancer - Neuronal signaling"	"Cluster 51: Oligodendrocytes - Unknown function"		Cytosol		"HPA045860: AB_10983192"	"unprognostic (4.57e-1)"		"unprognostic (6.13e-2)"			"unprognostic (1.39e-1)"	"unprognostic (1.35e-1)"	"unprognostic (5.47e-2)"							"unprognostic (8.43e-3)"		"unprognostic (1.98e-3)"	"unprognostic (6.24e-2)"	"unprognostic (3.35e-3)"							"unprognostic (5.59e-2)"			"unprognostic (1.58e-1)"		
RAD9B	FLJ40346	ENSG00000151164	"RAD9 checkpoint clamp component B"	Q6WBX8	12	110501655-110533556	"Predicted intracellular proteins"				"Evidence at protein level"	"Evidence at transcript level"	"Evidence at protein level"	"Evidence at protein level"	"Tissue enriched"	"Detected in single"	13	"testis: 11.0"	"Cell type enriched"	"Detected in some"	7	"Spermatocytes: 107.9"	"Cell type enhanced"	"Detected in many"		"ependymal cell: 6.6"	"Low cancer specificity"	"Detected in some"			"Low region specificity"	"Detected in some"			"Immune cell enriched"	"Detected in single"	5	"basophil: 4.7"	"Lineage enriched"	"Detected in single"	5	"granulocytes: 4.7"	"Not detected"	"Not detected"			"Testis - Spermatocytes"	"Low region specificity"	"Detected in all"			"Low region specificity"	"Detected in all"			HPA040643	Approved						NA	NA			"Cluster 37: Monocytes & Neutrophils - Innate immune response"	"Cluster 44: Testis - Spermatogenesis"	"Cluster 28: Oligodendrocytes - Mixed function"	"Cluster 14: Myeloid leukemia - Innate immune response"	"Cluster 79: Spermatocytes & Spermatogonia - Spermatogenesis"				"HPA040643: AB_10805716"			"unprognostic (1.88e-1)"	"potential prognostic favorable (6.73e-4)"				"unprognostic (1.25e-3)"																"unprognostic (1.06e-1)"							"unprognostic (6.98e-2)"
CMTM5	"CKLFSF5, FLJ37521"	ENSG00000166091	"CKLF like MARVEL transmembrane domain containing 5"	Q96DZ9	14	23376773-23379772	"Predicted membrane proteins, Transporters"	Chemotaxis	Cytokine		"Evidence at protein level"	"Evidence at protein level"	"Evidence at protein level"	"Evidence at protein level"	"Tissue enriched"	"Detected in many"	12	"brain: 253.1"	"Cell type enhanced"	"Detected in some"		"Melanocytes: 20.6;Muller glia cells: 27.7;Oligodendrocyte precursor cells: 19.3;Oligodendrocytes: 98.9;Schwann cells: 77.7"	"Cell type enhanced"	"Detected in many"		"committed oligodendrocyte precursor: 63.2;oligodendrocyte: 204.9"	"Group enriched"	"Detected in some"	41	"Glioblastoma Multiforme (TCGA): 47.6;Skin Cuteneous Melanoma (TCGA): 21.2"	"Low region specificity"	"Detected in all"			"Immune cell enriched"	"Detected in some"	5	"basophil: 20.8"	"Lineage enriched"	"Detected in many"	19	"granulocytes: 20.8"	"Cancer enhanced"	"Detected in some"		"Leukemia: 7.4;skin cancer: 3.5"	"Adipose subcutaneous - Smooth muscle cells, Adrenal gland - Schwann cells, Colon - Enteric glia cells, Minor Salivary Gland - Fibroblasts, Skin - Smooth muscle cells, Spleen - Platelets, Stomach - Fibroblasts, Thyroid gland - Fibroblasts"	"Low region specificity"	"Detected in all"			"Low region specificity"	"Detected in all"			HPA052338	Enhanced		Approved	"Golgi apparatus,Vesicles"			NA	NA		390000	"Cluster 21: Neutrophils - Unknown function"	"Cluster 9: Oligodendrocytes - Myelination"	"Cluster 30: White matter - Myelination"	"Cluster 47: Leukemia - Hemostasis"	"Cluster 57: Platelets - Hemostasis"	40	"Golgi apparatus, Vesicles"		"HPA052338: AB_2681793"			"unprognostic (1.98e-2)"				"unprognostic (2.71e-1)"	"unprognostic (3.63e-3)"																			"unprognostic (2.80e-1)"				
PRG2	"BMPG, MBP, proMBP"	ENSG00000186652	"Proteoglycan 2, pro eosinophil major basic protein"	P13727	11	57386780-57390650	"FDA approved drug targets, Plasma proteins, Predicted secreted proteins"	Immunity	"Antibiotic, Antimicrobial, Heparin-binding"	"FDA approved drug targets"	"Evidence at protein level"	"Evidence at protein level"	"Evidence at protein level"	"Evidence at protein level"	"Tissue enriched"	"Detected in some"	12	"placenta: 2526.3"	"Group enriched"	"Detected in some"	21	"Erythroid cells: 34.9;Extravillous trophoblasts: 106.5"	"Cell type enhanced"	"Detected in single"		"pericyte: 1.1"	"Not detected"	"Not detected"			"Not detected"	"Not detected"			"Immune cell enriched"	"Detected in single"	36	"basophil: 7.3"	"Lineage enriched"	"Detected in single"	74	"granulocytes: 7.3"	"Cancer enriched"	"Detected in some"	47	"Leukemia: 370.8"	"Lung - Neutrophil_1, Spleen - Hematopoietic stem cells"	"Not detected"	"Not detected"			"Not detected"	"Not detected"			HPA038515	Supported				"Secreted in female reproductive system"	Immunity	NA	NA		74000000		"Cluster 58: Placenta - Pregnancy"		"Cluster 49: HMC-1 - Innate immune response"	"Cluster 4: Extravillous trophoblasts - Unknown function"	146			"HPA038515: AB_10675800"			"unprognostic (1.38e-1)"												"potential prognostic favorable (7.58e-5)"																
DRC7	"C16orf50, CCDC135, CFAP50, DKFZp434I099, FAP50"	ENSG00000159625	"Dynein regulatory complex subunit 7"	Q8IY82	16	57694793-57731805	"Predicted intracellular proteins"	"Differentiation, Spermatogenesis"			"Evidence at protein level"	"Evidence at transcript level"	"Evidence at protein level"	"Evidence at protein level"	"Group enriched"	"Detected in some"	11	"choroid plexus: 12.0;fallopian tube: 20.4;testis: 44.7"	"Group enriched"	"Detected in some"	14	"Ciliated cells: 39.4;Early spermatids: 117.5;Late spermatids: 133.2;Spermatocytes: 37.1"	"Cell type enriched"	"Detected in many"	7	"ependymal cell: 120.4"	"Group enriched"	"Detected in some"	4	"Kidney Renal Papillary Cell Carcinoma (TCGA): 10.7;Uterine Corpus Endometrial Carcinoma (TCGA): 8.2"	"Low region specificity"	"Detected in all"			"Immune cell enriched"	"Detected in some"	8	"basophil: 10.9"	"Lineage enriched"	"Detected in single"	43	"granulocytes: 10.9"	"Cancer enhanced"	"Detected in some"		"Bile duct cancer: 2.0"	"Lung - Respiratory ciliated cells, Testis - Early spermatids, Testis - Late spermatids"	"Low region specificity"	"Detected in many"			"Low region specificity"	"Detected in many"										NA	NA				"Cluster 8: Ciliated cells - Cilium organization"	"Cluster 3: Choroid plexus - Cilium"	"Cluster 10: Ciliated cells - Ion channel activity"	"Cluster 42: Ciliated cells - Cilium assembly"	4										"unprognostic (4.04e-2)"	"unprognostic (7.83e-2)"				"unprognostic (1.54e-2)"	"unprognostic (1.40e-3)"			"unprognostic (1.97e-1)"	"unprognostic (7.36e-3)"			"unprognostic (2.06e-1)"	"unprognostic (3.47e-2)"	"unprognostic (1.01e-2)"									"unprognostic (2.85e-2)"
LEFTY1	"LEFTB, LEFTYB"	ENSG00000243709	"Left-right determination factor 1"	O75610	1	225886282-225911382	"Predicted secreted proteins"		"Cytokine, Developmental protein, Growth factor"		"Evidence at protein level"	"Evidence at transcript level"	"Evidence at transcript level"	"Evidence at protein level"	"Group enriched"	"Detected in many"	11	"intestine: 66.4;pancreas: 93.8"	"Cell type enhanced"	"Detected in some"		"Distal enterocytes: 65.8;Enteroendocrine cells: 130.4;Glandular and luminal cells: 174.8;Intestinal goblet cells: 67.7;Paneth cells: 231.5;Undifferentiated cells: 258.5"	"Low cell type specificity"	"Detected in many"			"Cancer enhanced"	"Detected in many"		"Colon Adenocarcinoma (TCGA): 91.6;Rectum Adenocarcinoma (TCGA): 132.5"	"Low region specificity"	"Detected in many"			"Immune cell enriched"	"Detected in single"	51	"basophil: 16.9"	"Lineage enriched"	"Detected in single"	51	"granulocytes: 16.9"	"Group enriched"	"Detected in some"	5	"colorectal cancer: 10.0;Uterine cancer: 4.4"	"Colon - Colon enterocytes, Minor Salivary Gland - Minor salivary gland ductal cells"									"HPA047883, HPA056210"	Approved				"Secreted in other tissues"	Cytokine	NA	NA				"Cluster 15: Pancreas - Proteolysis"	"Cluster 51: Neurons - Mixed function"	"Cluster 57: Stomach & Colon cancer - Digestion"	"Cluster 16: Intestinal goblet cells - Mucin production"				"HPA047883: AB_2680200, HPA056210: AB_2683067"	"unprognostic (1.39e-1)"		"unprognostic (2.63e-1)"	"unprognostic (4.14e-3)"	"unprognostic (3.22e-2)"	"unprognostic (2.59e-1)"					"unprognostic (2.48e-3)"	"unprognostic (1.05e-1)"	"potential prognostic unfavorable (2.53e-4)"	"unprognostic (3.53e-2)"	"unprognostic (2.26e-2)"	"unprognostic (1.58e-1)"				"unprognostic (1.87e-2)"	"unprognostic (1.02e-1)"	"unprognostic (8.54e-2)"	"unprognostic (1.24e-1)"		"unprognostic (2.03e-1)"	"unprognostic (1.21e-1)"		"unprognostic (2.44e-2)"	"unprognostic (1.12e-1)"		"unprognostic (2.91e-2)"
SPINK4	"MGC133107, PEC-60"	ENSG00000122711	"Serine peptidase inhibitor Kazal type 4"	O60575	9	33218365-33248567	"Predicted intracellular proteins, Predicted secreted proteins"		"Protease inhibitor, Serine protease inhibitor"		"Evidence at protein level"	"Evidence at protein level"	"Evidence at protein level"	"Evidence at protein level"	"Tissue enriched"	"Detected in some"	11	"intestine: 943.9"	"Cell type enriched"	"Detected in some"	24	"Intestinal goblet cells: 9780.8"	"Not detected"	"Not detected"			"Group enriched"	"Detected in many"	9	"Colon Adenocarcinoma (TCGA): 836.1;Pancreatic Adenocarcinoma (TCGA): 934.5;Rectum Adenocarcinoma (TCGA): 592.9;Stomach Adenocarcinoma (TCGA): 352.9"	"Low region specificity"	"Detected in single"			"Immune cell enriched"	"Detected in single"	6	"basophil: 1.8"	"Lineage enriched"	"Detected in single"	6	"granulocytes: 1.8"	"Cancer enriched"	"Detected in many"	5	"colorectal cancer: 146.3"	"Colon - Colon enterocytes"	"Region enhanced"	"Detected in single"		"pons and medulla: 1.1"	"Low region specificity"	"Detected in some"			HPA007286	Enhanced		Approved	"Nucleoplasm,Golgi apparatus,Vesicles"	"Secreted to digestive system"	"Enzyme inhibitor"	NA	NA			"Cluster 46: Basophils - Proteolysis"	"Cluster 45: Intestine - Digestion"	"Cluster 2: Neurons - Nucleosome"	"Cluster 57: Stomach & Colon cancer - Digestion"	"Cluster 16: Intestinal goblet cells - Mucin production"	1	"Golgi apparatus, Vesicles"	Nucleoplasm	"HPA007286: AB_1080083"	"unprognostic (3.52e-1)"	"unprognostic (2.20e-2)"	"unprognostic (8.89e-2)"	"unprognostic (1.92e-2)"	"unprognostic (1.17e-3)"	"unprognostic (5.45e-3)"								"unprognostic (1.06e-2)"	"unprognostic (1.04e-3)"	"unprognostic (1.92e-1)"	"unprognostic (4.03e-2)"					"unprognostic (1.76e-1)"	"unprognostic (2.06e-1)"		"unprognostic (1.63e-2)"	"potential prognostic unfavorable (3.97e-4)"		"unprognostic (1.04e-1)"	"unprognostic (2.52e-1)"		
HGF	"DFNB39, F-TCF, HGFB, HPTA, SF"	ENSG00000019991	"Hepatocyte growth factor"	P14210	7	81699010-81770438	"Cancer-related genes, Candidate cardiovascular disease genes, Disease related genes, Enzymes, Human disease related genes, Plasma proteins, Potential drug targets, Predicted secreted proteins, RAS pathway related proteins"		"Growth factor, Serine protease homolog"	"Cancer-related genes, Deafness, Non-syndromic deafness"	"Evidence at protein level"	"Evidence at protein level"	"Evidence at protein level"	"Evidence at protein level"	"Tissue enriched"	"Detected in many"	10	"placenta: 301.5"	"Cell type enhanced"	"Detected in many"		"Early spermatids: 18.7;Endometrial stromal cells: 21.8;Fibroblasts: 23.2;Inhibitory neurons: 21.6;monocytes: 22.1;Muller glia cells: 27.8;Smooth muscle cells: 64.8"	"Cell type enhanced"	"Detected in many"		"MGE interneuron: 71.7"	"Low cancer specificity"	"Detected in many"			"Low region specificity"	"Detected in all"			"Immune cell enriched"	"Detected in many"	5	"basophil: 94.6"	"Lineage enriched"	"Detected in many"	5	"granulocytes: 94.6"	"Cancer enhanced"	"Detected in many"		"Neuroblastoma: 101.3;Rhabdoid: 247.7"	"Adrenal gland - Fibroblasts, Kidney - Fibroblasts, Pituitary gland - Endothelial cells, Prostate - Fibroblasts"	"Low region specificity"	"Detected in many"			"Low region specificity"	"Detected in many"			"CAB010333, HPA040360, HPA044088"	Approved				"Secreted to blood"	"Growth factor"	NA	NA	4110000	7500000	"Cluster 46: Basophils - Proteolysis"	"Cluster 58: Placenta - Pregnancy"	"Cluster 24: Neurons - Mixed function"	"Cluster 5: Rhabdoid - Unknown function"	"Cluster 50: Connective tissue cells - ECM organization"	5			"CAB010333: AB_647965, HPA040360: AB_2676939, HPA044088: AB_2678804"	"unprognostic (6.64e-2)"	"unprognostic (5.83e-2)"	"unprognostic (1.55e-1)"	"unprognostic (1.06e-1)"	"unprognostic (1.14e-1)"	"unprognostic (6.98e-2)"	"unprognostic (3.61e-2)"	"unprognostic (1.38e-2)"	"unprognostic (4.04e-3)"	"unprognostic (1.22e-1)"	"unprognostic (2.65e-3)"	"unprognostic (9.38e-2)"	"unprognostic (1.20e-1)"	"unprognostic (2.46e-1)"	"unprognostic (1.25e-3)"	"unprognostic (1.29e-3)"	"unprognostic (1.28e-1)"	"unprognostic (1.06e-3)"	"unprognostic (2.36e-2)"	"potential prognostic unfavorable (2.04e-4)"		"unprognostic (3.03e-1)"	"unprognostic (1.19e-1)"	"unprognostic (3.72e-1)"	"unprognostic (2.86e-1)"	"unprognostic (2.41e-1)"		"unprognostic (4.42e-3)"	"unprognostic (1.21e-2)"	"unprognostic (8.62e-3)"	"unprognostic (1.41e-1)"
SLC45A3	"IPCA-2, IPCA-6, IPCA-8, PCANAP2, PCANAP6, PCANAP8, prostein"	ENSG00000158715	"Solute carrier family 45 member 3"	Q96JT2	1	205657851-205680509	"Cancer-related genes, Predicted membrane proteins, Transporters"	"Symport, Transport"		"Cancer-related genes"	"Evidence at protein level"	"Evidence at protein level"	"Evidence at transcript level"	"Evidence at protein level"	"Tissue enriched"	"Detected in many"	10	"prostate: 296.4"	"Group enriched"	"Detected in many"	6	"granulocytes: 113.6;Prostatic glandular cells: 431.1"	"Group enriched"	"Detected in some"	4	"committed oligodendrocyte precursor: 27.0;oligodendrocyte: 66.9"	"Cancer enriched"	"Detected in many"	57	"Prostate Adenocarcinoma (TCGA): 668.8"	"Low region specificity"	"Detected in all"			"Immune cell enriched"	"Detected in single"	382	"basophil: 40.6"	"Lineage enriched"	"Detected in single"	382	"granulocytes: 40.6"	"Cancer enriched"	"Detected in all"	7	"prostate cancer: 115.8"	"Breast - Breast myoepithelial cells, Pituitary gland - Somatotropes, Prostate - Prostate glandular cells, Spleen - B-cells (Spleen), Stomach - Gastric mucous cells"	"Low region specificity"	"Detected in many"			"Low region specificity"	"Detected in many"			"HPA019073, HPA019075"	Enhanced		Approved	Nucleoplasm,Vesicles			NA	NA			"Cluster 46: Basophils - Proteolysis"	"Cluster 64: Neuronal - Transcription"	"Cluster 28: Oligodendrocytes - Mixed function"	"Cluster 49: HMC-1 - Innate immune response"	"Cluster 40: Prostatic glandular cells - Transcription"		Vesicles	Nucleoplasm	"HPA019073: AB_1857177, HPA019075: AB_1857179"	"unprognostic (7.01e-2)"	"unprognostic (1.04e-1)"	"unprognostic (1.58e-3)"	"unprognostic (1.34e-2)"	"unprognostic (4.91e-3)"	"unprognostic (6.69e-2)"	"unprognostic (7.00e-2)"	"unprognostic (1.45e-1)"	"unprognostic (6.15e-3)"		"potential prognostic favorable (1.14e-4)"	"unprognostic (1.84e-1)"	"unprognostic (7.69e-2)"	"unprognostic (3.58e-1)"	"unprognostic (4.94e-2)"	"unprognostic (1.36e-1)"	"unprognostic (4.57e-2)"	"unprognostic (2.28e-2)"	"unprognostic (6.68e-2)"	"unprognostic (6.22e-2)"	"unprognostic (2.47e-1)"	"unprognostic (2.90e-2)"	"unprognostic (3.24e-2)"	"unprognostic (5.91e-2)"	"unprognostic (1.87e-1)"	"unprognostic (5.13e-2)"	"unprognostic (5.24e-2)"	"unprognostic (2.23e-1)"	"unprognostic (3.53e-1)"		"unprognostic (9.85e-3)"
STAR	STARD1	ENSG00000147465	"Steroidogenic acute regulatory protein"	P49675	8	38142700-38150992	"Disease related genes, Human disease related genes, Metabolic proteins, Predicted intracellular proteins"	"Lipid transport, Steroidogenesis, Transport"		"Congenital adrenal hyperplasia, Disease variant"	"Evidence at protein level"	"Evidence at protein level"	"Evidence at protein level"	"Evidence at protein level"	"Tissue enriched"	"Detected in many"	10	"adrenal gland: 4914.3"	"Group enriched"	"Detected in many"	5	"Ovarian stromal cells: 464.0;Sertoli cells: 144.1"	"Low cell type specificity"	"Detected in many"			"Cancer enhanced"	"Detected in many"		"Lung Squamous Cell Carcinoma (TCGA): 5.6;Testicular Germ Cell Tumor (TCGA): 7.5"	"Low region specificity"	"Detected in all"			"Immune cell enriched"	"Detected in single"	7	"basophil: 2.4"	"Lineage enriched"	"Detected in single"	10	"granulocytes: 2.4"	"Cancer enriched"	"Detected in some"	13	"Leukemia: 21.6"	"Adrenal gland - Adrenal cortex cells, Skin - Keratinocyte (other), Testis - Leydig cells"	"Low region specificity"	"Detected in many"			"Low region specificity"	"Detected in all"			"HPA023644, HPA027318, CAB032598"	Enhanced						NA	NA				"Cluster 26: Adrenal gland - Steroid metabolism"	"Cluster 1: Neurons - Mixed function"	"Cluster 14: Myeloid leukemia - Innate immune response"	"Cluster 6: Ovarian stromal cells - Transcription"	8			"CAB032598: AB_2115937, HPA023644: AB_10598916, HPA027318: AB_10601574"	"unprognostic (2.44e-3)"		"unprognostic (2.15e-1)"	"unprognostic (3.56e-2)"					"potential prognostic favorable (2.56e-4)"									"unprognostic (2.68e-2)"	"unprognostic (1.15e-1)"	"unprognostic (8.06e-2)"	"unprognostic (1.99e-2)"								"unprognostic (9.13e-2)"		"unprognostic (1.49e-1)"
FAM81B	FLJ25333	ENSG00000153347	"Family with sequence similarity 81 member B"	Q96LP2	5	95391366-95450454	"Predicted intracellular proteins"				"Evidence at protein level"	"Evidence at transcript level"	"Evidence at protein level"	"Evidence at protein level"	"Group enriched"	"Detected in many"	9	"choroid plexus: 60.6;fallopian tube: 46.7;testis: 81.1"	"Group enriched"	"Detected in some"	6	"Early spermatids: 675.0;Late spermatids: 1819.3"	"Group enriched"	"Detected in many"	31	"choroid plexus epithelial cell: 187.0;ependymal cell: 292.5"	"Cancer enhanced"	"Detected in many"		"Uterine Corpus Endometrial Carcinoma (TCGA): 11.2"	"Region enhanced"	"Detected in all"		"choroid plexus: 34.5"	"Immune cell enriched"	"Detected in single"	62	"basophil: 6.7"	"Lineage enriched"	"Detected in single"	62	"granulocytes: 6.7"	"Cancer enhanced"	"Detected in single"		"Bile duct cancer: 2.3"	"Lung - Respiratory ciliated cells, Pituitary gland - Thyrotropes, Testis - Early spermatids, Testis - Late spermatids"	"Low region specificity"	"Detected in single"			"Low region specificity"	"Detected in single"			HPA072554	Approved						NA	NA				"Cluster 8: Ciliated cells - Cilium organization"	"Cluster 3: Choroid plexus - Cilium"	"Cluster 10: Ciliated cells - Ion channel activity"	"Cluster 11: Late spermatids - Unknown function"	8			"HPA072554: AB_2686533"		"unprognostic (2.36e-2)"	"unprognostic (2.58e-2)"	"unprognostic (6.47e-2)"			"unprognostic (4.40e-3)"	"unprognostic (7.24e-2)"			"unprognostic (9.72e-3)"	"unprognostic (5.60e-2)"	"unprognostic (5.42e-3)"			"unprognostic (1.52e-1)"	"unprognostic (2.37e-1)"	"unprognostic (8.22e-2)"	"unprognostic (3.73e-2)"	"unprognostic (3.50e-2)"	"unprognostic (1.99e-2)"	"unprognostic (4.76e-2)"	"unprognostic (5.21e-2)"							"unprognostic (1.21e-1)"	"unprognostic (1.60e-1)"
MYO15A	"DFNB3, MYO15"	ENSG00000091536	"Myosin XVA"	Q9UKN7	17	18108756-18179802	"Disease related genes, Human disease related genes, Plasma proteins, Predicted intracellular proteins"	Hearing	"Actin-binding, Calmodulin-binding, Motor protein, Myosin"	"Deafness, Disease variant, Non-syndromic deafness"	"Evidence at protein level"	"Evidence at protein level"	"Evidence at protein level"	"Evidence at protein level"	"Tissue enriched"	"Detected in some"	9	"pituitary gland: 58.5"	"Group enriched"	"Detected in some"	5	"Early spermatids: 54.5;Late spermatids: 67.7"	"Low cell type specificity"	"Detected in many"			"Not detected"	"Not detected"			"Low region specificity"	"Detected in all"			"Immune cell enriched"	"Detected in single"	4	"basophil: 1.4"	"Lineage enriched"	"Detected in single"	5	"granulocytes: 1.4"	"Cancer enhanced"	"Detected in single"		"lung cancer: 1.3"	"Adipose visceral - Adipose progenitor cells, Heart muscle - Fibroblasts, Liver - Hepatocytes, Testis - Early spermatids, Testis - Late spermatids"	"Not detected"	"Not detected"							HPA078501	Enhanced						NA	NA				"Cluster 49: Pituitary gland - Hormone signaling"	"Cluster 24: Neurons - Mixed function"	"Cluster 11: Neuronal - Sensory perception"	"Cluster 21: Early spermatids - Spermatogenesis"	1			"HPA078501: AB_2732383"			"unprognostic (1.96e-1)"																		"unprognostic (1.68e-1)"		"unprognostic (3.48e-3)"								
REXO5	NEF-sp	ENSG00000005189	"RNA exonuclease 5"	Q96IC2	16	20806429-20849665	"Predicted intracellular proteins"		"Exonuclease, Hydrolase, Nuclease, RNA-binding"		"Evidence at protein level"	"Evidence at protein level"	"Evidence at transcript level"	"Evidence at protein level"	"Tissue enriched"	"Detected in many"	9	"testis: 333.9"	"Group enriched"	"Detected in many"	10	"Early spermatids: 597.2;Spermatocytes: 587.7"	"Low cell type specificity"	"Detected in all"			"Low cancer specificity"	"Detected in all"			"Low region specificity"	"Detected in all"			"Immune cell enriched"	"Detected in some"	15	"basophil: 87.2"	"Lineage enriched"	"Detected in many"	39	"granulocytes: 87.2"	"Low cancer specificity"	"Detected in all"			"Breast - Breast glandular cells, Lung - Mitotic cells (Lung), Prostate - Prostate glandular cells, Testis - Early spermatids"	"Low region specificity"	"Detected in some"			"Low region specificity"	"Detected in all"			"HPA040755, HPA040868, HPA066145"	Approved		Approved	"Nuclear membrane,Nucleoli,Endoplasmic reticulum"			NA	NA			"Cluster 46: Basophils - Proteolysis"	"Cluster 20: Testis - Spermatogenesis"	"Cluster 4: Non-specific - mRNA splicing & Cell cycle"	"Cluster 47: Leukemia - Hemostasis"	"Cluster 70: Spermatocytes & Spermatids - Spermatid development"	2	"Nuclear membrane"	"Nucleoli, Endoplasmic reticulum"	"HPA040755: AB_10965790, HPA040868: AB_10963549, HPA066145: "	"unprognostic (1.60e-2)"	"unprognostic (3.88e-2)"		"unprognostic (6.98e-2)"	"unprognostic (4.82e-2)"	"unprognostic (1.58e-1)"	"unprognostic (3.96e-1)"	"potential prognostic favorable (5.81e-5)"	"unprognostic (2.03e-3)"	"unprognostic (1.92e-3)"	"unprognostic (1.78e-1)"	"unprognostic (4.99e-2)"	"unprognostic (1.17e-1)"	"unprognostic (1.17e-1)"		"unprognostic (5.52e-2)"	"unprognostic (5.21e-2)"	"unprognostic (1.07e-2)"	"unprognostic (1.38e-2)"	"unprognostic (1.19e-1)"	"unprognostic (2.80e-1)"	"unprognostic (2.65e-1)"	"unprognostic (1.34e-1)"	"unprognostic (1.09e-1)"	"unprognostic (4.89e-2)"	"unprognostic (5.76e-2)"	"unprognostic (1.44e-1)"	"unprognostic (1.01e-1)"	"unprognostic (1.03e-1)"	"unprognostic (6.92e-2)"	"unprognostic (8.43e-2)"
RGS13		ENSG00000127074	"Regulator of G protein signaling 13"	O14921	1	192636138-192660311	"Predicted intracellular proteins"		"Signal transduction inhibitor"		"Evidence at protein level"	"Evidence at protein level"	"Evidence at protein level"	"Evidence at protein level"	"Tissue enriched"	"Detected in many"	8	"lymphoid tissue: 46.9"	"Cell type enriched"	"Detected in some"	33	"granulocytes: 389.0"	"Cell type enhanced"	"Detected in single"		"midbrain-derived inhibitory: 2.2"	"Cancer enhanced"	"Detected in some"		"Stomach Adenocarcinoma (TCGA): 1.9"	"Not detected"	"Not detected"			"Immune cell enriched"	"Detected in single"	39	"basophil: 6.9"	"Lineage enriched"	"Detected in single"	39	"granulocytes: 6.9"	"Cancer enriched"	"Detected in some"	13	"lymphoma: 62.9"	"Adipose subcutaneous - Mast cells, Adipose visceral - Mast cells, Colon - Mast cells, Lung - Mast cells, Minor Salivary Gland - Mast cells, Skin - Mast cells"	"Low region specificity"	"Detected in some"			"Low region specificity"	"Detected in many"			HPA076656	Enhanced						NA	NA			"Cluster 32: Basophils - Transcription"	"Cluster 36: Lymphoid tissue - Cytokine signaling"		"Cluster 46: Lymphoma - Humoral immune response"	"Cluster 30: Granulocytes - Unknown function"	1			"HPA076656: "			"unprognostic (1.70e-2)"														"unprognostic (3.69e-1)"		"unprognostic (4.75e-1)"				"unprognostic (2.44e-1)"					"unprognostic (3.88e-1)"			
SV2C		ENSG00000122012	"Synaptic vesicle glycoprotein 2C"	Q496J9	5	76083383-76353939	"Predicted membrane proteins, Transporters"	"Neurotransmitter transport, Transport"			"Evidence at protein level"	"Evidence at protein level"	"Evidence at protein level"	"Evidence at protein level"	"Group enriched"	"Detected in some"	8	"brain: 16.2;retina: 4.1"	"Group enriched"	"Detected in some"	6	"Excitatory neurons: 82.6;Granulosa cells: 68.0;Horizontal cells: 37.1;Inhibitory neurons: 78.7"	"Cell type enhanced"	"Detected in many"		"eccentric medium spiny neuron: 542.8;medium spiny neuron: 578.8;midbrain-derived inhibitory: 351.2"	"Not detected"	"Not detected"			"Low region specificity"	"Detected in all"			"Immune cell enriched"	"Detected in single"	15	"basophil: 1.5"	"Lineage enriched"	"Detected in single"	15	"granulocytes: 1.5"	"Cancer enriched"	"Detected in single"	10	"Neuroblastoma: 9.0"	"Adrenal gland - Adrenal medulla cells, Colon - Colon enteroendocrine cells"	"Low region specificity"	"Detected in all"			"Low region specificity"	"Detected in all"			"HPA040722, HPA040770"	Supported		Supported	Nucleoplasm,Vesicles			NA	NA			"Cluster 46: Basophils - Proteolysis"	"Cluster 9: Oligodendrocytes - Myelination"	"Cluster 41: Monoamines - Neurotransmitter signalling"	"Cluster 17: Neuroblastoma - Neuronal signaling"	"Cluster 65: Neurons - Synaptic function"		"Nucleoplasm, Vesicles"		"HPA040722: AB_10795624, HPA040770: AB_10805828"								"unprognostic (2.29e-1)"																							
PDLIM5	"Enh, LIM"	ENSG00000163110	"PDZ and LIM domain 5"	Q96HC4	4	94451857-94668227	"Plasma proteins, Predicted intracellular proteins, Predicted membrane proteins"				"Evidence at protein level"	"Evidence at protein level"	"Evidence at protein level"	"Evidence at protein level"	"Group enriched"	"Detected in all"	7	"heart muscle: 607.3;skeletal muscle: 1122.4;tongue: 553.7"	"Group enriched"	"Detected in all"	5	"Cardiomyocytes: 2644.4;Skeletal myocytes: 856.8"	"Cell type enhanced"	"Detected in all"		"choroid plexus epithelial cell: 737.0;vascular associated smooth muscle cell: 1322.3"	"Cancer enriched"	"Detected in all"	7	"Prostate Adenocarcinoma (TCGA): 356.0"	"Low region specificity"	"Detected in all"			"Immune cell enriched"	"Detected in all"	5	"basophil: 217.8"	"Lineage enriched"	"Detected in all"	5	"granulocytes: 217.8"	"Low cancer specificity"	"Detected in all"			"Adipose subcutaneous - Smooth muscle cells, Skeletal muscle - Skeletal myocytes, Spleen - Fibroblast_1"	"Low region specificity"	"Detected in all"			"Low region specificity"	"Detected in all"			"CAB013511, HPA016740, HPA020026"	Enhanced		Approved	"Nucleoplasm,Plasma membrane,Focal adhesion sites"			NA	NA		1400000	"Cluster 32: Basophils - Transcription"	"Cluster 12: Heart muscle - Cardiac muscle contraction"	"Cluster 8: Immune cells - Immune response"	"Cluster 64: Connective tissue cells - ECM organization"	"Cluster 68: Cardiomyocytes - Muscle contraction"	27	"Plasma membrane"	"Nucleoplasm, Focal adhesion sites"	"CAB013511: AB_2533388, HPA016740: AB_1855153, HPA020026: AB_1855154"	"unprognostic (5.86e-2)"	"unprognostic (1.02e-1)"	"unprognostic (2.28e-1)"	"unprognostic (1.44e-2)"	"unprognostic (5.28e-2)"	"unprognostic (9.02e-3)"	"unprognostic (3.49e-2)"	"unprognostic (1.36e-1)"	"unprognostic (4.10e-1)"	"potential prognostic unfavorable (3.20e-4)"	"potential prognostic favorable (4.62e-5)"	"unprognostic (1.68e-2)"	"unprognostic (4.75e-1)"	"unprognostic (5.01e-2)"	"unprognostic (1.83e-2)"	"unprognostic (5.75e-3)"	"unprognostic (2.42e-2)"	"unprognostic (1.25e-1)"	"unprognostic (2.41e-1)"	"unprognostic (3.40e-2)"	"unprognostic (1.90e-2)"	"unprognostic (1.84e-2)"	"unprognostic (1.66e-1)"	"unprognostic (3.67e-1)"	"unprognostic (3.40e-1)"	"unprognostic (1.82e-1)"	"unprognostic (2.18e-2)"	"unprognostic (2.69e-2)"	"unprognostic (1.63e-1)"	"unprognostic (6.02e-2)"	"unprognostic (1.29e-1)"
CRB1	"LCA8, RP12"	ENSG00000134376	"Crumbs cell polarity complex component 1"	P82279	1	197268204-197478455	"Disease related genes, Human disease related genes, Plasma proteins, Potential drug targets, Predicted intracellular proteins, Predicted membrane proteins, Predicted secreted proteins, Transporters"			"Disease variant, Leber congenital amaurosis, Retinitis pigmentosa"	"Evidence at protein level"	"Evidence at protein level"	"Evidence at protein level"	"Evidence at protein level"	"Tissue enriched"	"Detected in some"	6	"retina: 72.4"	"Cell type enhanced"	"Detected in some"		"Astrocytes: 445.3;Cone photoreceptor cells: 117.2;Inhibitory neurons: 124.5;Oligodendrocyte precursor cells: 262.7;Oligodendrocytes: 98.3;Rod photoreceptor cells: 149.5"	"Cell type enhanced"	"Detected in all"		"committed oligodendrocyte precursor: 1028.8;ependymal cell: 1432.7"	"Cancer enriched"	"Detected in some"	11	"Glioblastoma Multiforme (TCGA): 19.2"	"Low region specificity"	"Detected in all"			"Immune cell enriched"	"Detected in single"	28	"basophil: 7.8"	"Lineage enriched"	"Detected in single"	28	"granulocytes: 7.8"	"Group enriched"	"Detected in some"	5	"cervical cancer: 4.7;Sarcoma: 4.6"	"Kidney - Ascending Loop of Henle cells, Pituitary gland - Corticotropes"	"Not detected"	"Not detected"			"Low region specificity"	"Detected in all"			"HPA061250, HPA063127"	Approved		Approved	Vesicles	"Secreted in brain"	"No annotated function"	NA	NA				"Cluster 76: Retina - Visual perception"	"Cluster 40: Astrocytes - Astrocyte-neuron interactions"	"Cluster 7: Liver cancer - Metabolism"	"Cluster 47: Astrocytes - Unknown function"	7	Vesicles		"HPA061250: AB_2684458, HPA063127: AB_2684944"							"unprognostic (5.68e-2)"	"unprognostic (6.16e-3)"																			"unprognostic (4.83e-2)"				
ODAPH	"AI2A4, C4orf26, FLJ23657"	ENSG00000174792	"Odontogenesis associated phosphoprotein"	Q17RF5	4	75556048-75565871	"Disease related genes, Human disease related genes, Predicted secreted proteins"			"Amelogenesis imperfecta"	"Evidence at protein level"	"Evidence at transcript level"	"Evidence at protein level"	"Evidence at protein level"	"Tissue enriched"	"Detected in some"	6	"placenta: 5.7"	"Cell type enhanced"	"Detected in some"		"Early spermatids: 4.5;Extravillous trophoblasts: 10.7;Plasma cells: 5.4;Syncytiotrophoblasts: 26.2"	"Cell type enhanced"	"Detected in some"		"oligodendrocyte: 3.9"	"Cancer enhanced"	"Detected in some"		"Bladder Urothelial Carcinoma (TCGA): 5.1"	"Low region specificity"	"Detected in all"			"Immune cell enriched"	"Detected in single"	34	"basophil: 10.7"	"Lineage enriched"	"Detected in single"	34	"granulocytes: 10.7"	"Cancer enhanced"	"Detected in many"		"Bladder cancer: 8.8"		"Not detected"	"Not detected"			"Low region specificity"	"Detected in all"								"Secreted in other tissues"	"No annotated function"	NA	NA			"Cluster 32: Basophils - Transcription"	"Cluster 58: Placenta - Pregnancy"	"Cluster 30: White matter - Myelination"	"Cluster 53: Squamous epithelial cells - Keratinization"	"Cluster 45: Non-specific - Mixed function"	13				"unprognostic (3.37e-3)"			"unprognostic (1.13e-3)"					"unprognostic (5.79e-3)"									"unprognostic (6.42e-2)"					"unprognostic (3.52e-2)"						"unprognostic (1.25e-1)"		"unprognostic (5.09e-3)"
OR6K3		ENSG00000203757	"Olfactory receptor family 6 subfamily K member 3"	Q8NGY3	1	158716327-158720720	"G-protein coupled receptors, Predicted membrane proteins"	"Olfaction, Sensory transduction"	"G-protein coupled receptor, Receptor, Transducer"		"Evidence at transcript level"	"Evidence at transcript level"	"No human protein/transcript evidence"	"Evidence at transcript level"	"Tissue enriched"	"Detected in single"	6	"bone marrow: 1.2"	"Not detected"	"Not detected"			"Not detected"	"Not detected"			"Not detected"	"Not detected"			"Low region specificity"	"Detected in many"			"Immune cell enriched"	"Detected in single"	20	"basophil: 8.2"	"Lineage enriched"	"Detected in single"	22	"granulocytes: 8.2"	"Not detected"	"Not detected"												HPA055949	Uncertain						NA	NA			"Cluster 46: Basophils - Proteolysis"	"Cluster 6: Bone marrow - Innate immune response"	"Cluster 48: Non-specific - Mixed function"						"HPA055949: AB_2682982"																															
AKAP5	"AKAP75, AKAP79"	ENSG00000179841	"A-kinase anchoring protein 5"	P24588	14	64465499-64474503	"Plasma proteins, Predicted intracellular proteins, Transporters"		Calmodulin-binding		"Evidence at protein level"	"Evidence at protein level"	"Evidence at protein level"	"Evidence at protein level"	"Tissue enriched"	"Detected in some"	5	"brain: 17.5"	"Cell type enhanced"	"Detected in many"		"Excitatory neurons: 16.6;granulocytes: 59.3;Intestinal goblet cells: 33.8;NK-cells: 22.5"	"Cell type enhanced"	"Detected in all"		"medium spiny neuron: 66.7"	"Low cancer specificity"	"Detected in many"			"Low region specificity"	"Detected in all"			"Immune cell enriched"	"Detected in single"	8	"basophil: 2.9"	"Lineage enriched"	"Detected in single"	8	"granulocytes: 2.9"	"Low cancer specificity"	"Detected in many"				"Group enriched"	"Detected in all"	5	"amygdala: 27.6;basal ganglia: 79.0;cerebral cortex: 29.4;hippocampal formation: 30.8"	"Group enriched"	"Detected in all"	5	"amygdala: 32.3;basal ganglia: 105.6;cerebral cortex: 59.0;hippocampal formation: 57.6"	"CAB004308, HPA053891, HPA070486"	Enhanced	Supported	Approved	"Golgi apparatus,Plasma membrane,Cytosol"			NA	NA				"Cluster 61: Brain - Neuronal signaling"	"Cluster 33: Neurons - Mixed function"	"Cluster 59: Leukemia - T-cell receptor"	"Cluster 78: NK-cells & T-cells - Immune system & Transcription"	20	"Golgi apparatus"	"Plasma membrane, Cytosol"	"CAB004308: AB_626655, HPA053891: AB_2682294, HPA070486: "	"unprognostic (4.53e-2)"	"unprognostic (1.63e-1)"	"unprognostic (1.56e-1)"	"unprognostic (4.29e-1)"	"unprognostic (1.56e-2)"	"potential prognostic favorable (9.13e-4)"	"unprognostic (1.87e-1)"	"potential prognostic favorable (4.75e-5)"			"unprognostic (1.11e-1)"	"unprognostic (1.28e-1)"	"unprognostic (3.01e-2)"			"unprognostic (8.01e-2)"	"unprognostic (1.94e-1)"		"unprognostic (1.81e-1)"				"unprognostic (9.00e-2)"		"unprognostic (4.60e-3)"	"unprognostic (1.61e-3)"		"unprognostic (8.62e-3)"	"unprognostic (1.63e-1)"		"unprognostic (2.55e-1)"
ALOX12B	12R-LOX	ENSG00000179477	"Arachidonate 12-lipoxygenase, 12R type"	O75342	17	8072636-8087716	"Disease related genes, Human disease related genes, Metabolic proteins, Predicted intracellular proteins"	"Fatty acid metabolism, Lipid metabolism"	"Dioxygenase, Isomerase, Lyase, Oxidoreductase"	"Disease variant, Ichthyosis"	"Evidence at protein level"	"Evidence at protein level"	"Evidence at protein level"	"Evidence at protein level"	"Tissue enriched"	"Detected in some"	5	"skin 1: 87.3"	"Cell type enriched"	"Detected in some"	4	"Suprabasal keratinocytes: 11.2"	"Cell type enhanced"	"Detected in many"		"midbrain-derived inhibitory: 4.1"	"Group enriched"	"Detected in some"	6	"Cervical Squamous Cell Carcinoma and Endocervical Adenocarcinoma (TCGA): 4.8;Head and Neck Squamous Cell Carcinoma (TCGA): 18.8;Skin Cuteneous Melanoma (TCGA): 9.1"	"Low region specificity"	"Detected in many"			"Immune cell enriched"	"Detected in single"	6	"basophil: 4.3"	"Lineage enriched"	"Detected in single"	6	"granulocytes: 4.3"	"Cancer enhanced"	"Detected in some"		"cervical cancer: 3.2"	"Prostate - Prostate glandular cells, Skin - Keratinocyte (granular), Spleen - B-cells (Spleen)"	"Low region specificity"	"Detected in many"			"Not detected"	"Not detected"			HPA024002	Supported		Supported	Vesicles,Cytosol			NA	NA		52000	"Cluster 32: Basophils - Transcription"	"Cluster 13: Skin - Cornification"	"Cluster 52: Neurons & Synapses - Synaptic function"	"Cluster 53: Squamous epithelial cells - Keratinization"	"Cluster 59: Suprabasal keratinocytes - Cornification"	31	Cytosol	Vesicles	"HPA024002: AB_1844757"	"unprognostic (8.99e-2)"			"potential prognostic favorable (8.73e-5)"		"unprognostic (3.37e-3)"			"unprognostic (1.78e-2)"			"unprognostic (2.68e-2)"						"unprognostic (1.25e-1)"	"unprognostic (8.07e-2)"								"unprognostic (2.67e-1)"				
CTNNA2	"CAP-R, CT114"	ENSG00000066032	"Catenin alpha 2"	P26232	2	79185231-80648861	"Disease related genes, Human disease related genes, Plasma proteins, Predicted intracellular proteins"	"Cell adhesion, Differentiation"	"Developmental protein"	"Disease variant, Lissencephaly"	"Evidence at protein level"	"Evidence at protein level"	"Evidence at protein level"	"Evidence at protein level"	"Group enriched"	"Detected in many"	5	"brain: 91.6;epididymis: 65.5;retina: 78.0"	"Cell type enhanced"	"Detected in some"		"Astrocytes: 3484.3;Early spermatids: 631.6;Excitatory neurons: 1313.0;Inhibitory neurons: 1010.7;Oligodendrocyte precursor cells: 1224.0"	"Low cell type specificity"	"Detected in all"			"Group enriched"	"Detected in many"	6	"Glioblastoma Multiforme (TCGA): 42.1;Kidney Chromophobe (TCGA): 11.6;Uterine Corpus Endometrial Carcinoma (TCGA): 11.5"	"Low region specificity"	"Detected in all"			"Immune cell enriched"	"Detected in single"	96	"basophil: 55.7"	"Lineage enriched"	"Detected in single"	558	"granulocytes: 55.7"	"Group enriched"	"Detected in many"	4	"cervical cancer: 7.4;Myeloma: 8.7;Neuroblastoma: 23.0"	"Colon - Colon enteroendocrine cells, Testis - Early spermatids"	"Low region specificity"	"Detected in all"			"Low region specificity"	"Detected in all"			CAB037175	Enhanced						NA	NA			"Cluster 46: Basophils - Proteolysis"	"Cluster 17: Neuronal - Synaptic function"	"Cluster 40: Astrocytes - Astrocyte-neuron interactions"	"Cluster 17: Neuroblastoma - Neuronal signaling"	"Cluster 47: Astrocytes - Unknown function"	7			"CAB037175: AB_476883"					"unprognostic (1.15e-1)"	"unprognostic (2.12e-2)"	"unprognostic (1.40e-1)"	"unprognostic (7.22e-2)"		"unprognostic (9.17e-2)"				"unprognostic (1.40e-1)"	"unprognostic (9.94e-2)"					"unprognostic (2.24e-1)"	"unprognostic (1.60e-1)"		"unprognostic (6.17e-2)"			"unprognostic (1.31e-1)"	"unprognostic (4.73e-2)"		"unprognostic (3.78e-2)"		"unprognostic (5.68e-2)"
HIPK2		ENSG00000064393	"Homeodomain interacting protein kinase 2"	Q9H2X6	7	139561570-139777998	"Enzymes, Plasma proteins, Predicted membrane proteins"	"Apoptosis, DNA damage, Host-virus interaction, Transcription, Transcription regulation"	"Kinase, Serine/threonine-protein kinase, Transferase"		"Evidence at protein level"	"Evidence at protein level"	"Evidence at protein level"	"Evidence at protein level"	"Tissue enriched"	"Detected in all"	5	"brain: 155.1"	"Cell type enhanced"	"Detected in all"		"Oligodendrocytes: 431.6"	"Cell type enhanced"	"Detected in all"		"committed oligodendrocyte precursor: 750.3;oligodendrocyte: 747.0"	"Low cancer specificity"	"Detected in all"			"Low region specificity"	"Detected in all"			"Immune cell enriched"	"Detected in many"	7	"basophil: 27.5"	"Lineage enriched"	"Detected in many"	7	"granulocytes: 27.5"	"Low cancer specificity"	"Detected in all"			"Adipose subcutaneous - Adipocytes (Subcutaneous), Adrenal gland - Adrenal cortex cells, Colon - Endothelial cells, Minor Salivary Gland - Minor salivary glandular cells"	"Low region specificity"	"Detected in all"			"Low region specificity"	"Detected in all"			HPA007611	Supported		Supported	Nucleoplasm			NA	NA			"Cluster 46: Basophils - Proteolysis"	"Cluster 9: Oligodendrocytes - Myelination"	"Cluster 13: Oligodendrocytes - Mixed function"	"Cluster 15: Kidney cancer - Membrane components"	"Cluster 51: Oligodendrocytes - Unknown function"	52	Nucleoplasm		"HPA007611: AB_1850730"	"unprognostic (3.55e-2)"	"unprognostic (1.46e-2)"	"unprognostic (2.19e-2)"	"unprognostic (2.17e-3)"	"unprognostic (4.80e-2)"	"unprognostic (1.41e-1)"	"unprognostic (6.61e-2)"	"unprognostic (4.69e-3)"	"unprognostic (2.04e-1)"	"unprognostic (3.98e-2)"	"potential prognostic favorable (2.48e-9)"	"unprognostic (2.13e-2)"	"unprognostic (2.15e-1)"	"unprognostic (2.97e-1)"	"unprognostic (2.19e-2)"	"unprognostic (2.36e-1)"	"unprognostic (8.49e-2)"	"unprognostic (3.89e-3)"	"unprognostic (5.69e-1)"	"unprognostic (2.64e-1)"	"unprognostic (4.55e-1)"	"unprognostic (1.66e-3)"	"unprognostic (1.92e-3)"	"unprognostic (1.45e-1)"	"unprognostic (3.30e-1)"	"unprognostic (9.09e-2)"	"unprognostic (7.30e-2)"	"unprognostic (4.85e-1)"	"unprognostic (3.82e-2)"	"unprognostic (6.13e-2)"	"unprognostic (4.32e-2)"
KCNK16	"K2p16.1, TALK-1, TALK1"	ENSG00000095981	"Potassium two pore domain channel subfamily K member 16"	Q96T55	6	39314698-39322968	"Predicted membrane proteins, Transporters, Voltage-gated ion channels"	"Ion transport, Potassium transport, Transport"	"Ion channel, Potassium channel, Voltage-gated channel"		"Evidence at protein level"	"Evidence at transcript level"	"Evidence at protein level"	"Evidence at protein level"	"Group enriched"	"Detected in some"	5	"pancreas: 22.9;stomach 1: 10.1"	"Cell type enriched"	"Detected in some"	11	"Pancreatic endocrine cells: 13.6"	"Not detected"	"Not detected"			"Cancer enriched"	"Detected in some"	16	"Pancreatic Adenocarcinoma (TCGA): 29.2"	"Not detected"	"Not detected"			"Immune cell enriched"	"Detected in single"	10	"basophil: 2.1"	"Lineage enriched"	"Detected in single"	10	"granulocytes: 2.1"	"Cancer enriched"	"Detected in some"	5	"thyroid cancer: 10.8"	"Pancreas - Alpha cells, Pancreas - Beta cells"	"Not detected"	"Not detected"			"Not detected"	"Not detected"										NA	NA				"Cluster 15: Pancreas - Proteolysis"		"Cluster 16: Thyroid cancer - Neuronal signaling"	"Cluster 20: Enteroendocrine cells - Hormone signaling"	1																									"unprognostic (3.28e-2)"	"unprognostic (3.27e-1)"							"unprognostic (3.34e-1)"	
NRIP2	DKFZP761G1913	ENSG00000053702	"Nuclear receptor interacting protein 2"	Q9BQI9	12	2825348-2835544	"Predicted intracellular proteins"	"Transcription, Transcription regulation"			"Evidence at protein level"	"Evidence at protein level"	"Evidence at protein level"	"Evidence at protein level"	"Tissue enriched"	"Detected in many"	5	"brain: 60.2"	"Cell type enhanced"	"Detected in some"		"Peritubular cells: 6.0;Rod photoreceptor cells: 10.3;Schwann cells: 6.1;Sertoli cells: 10.9;Smooth muscle cells: 21.8"	"Cell type enhanced"	"Detected in many"		"upper rhombic lip: 17.8;vascular associated smooth muscle cell: 28.0"	"Cancer enhanced"	"Detected in many"		"Kidney Renal Clear Cell Carcinoma (TCGA): 17.7"	"Low region specificity"	"Detected in all"			"Immune cell enriched"	"Detected in single"	4	"basophil: 3.7"	"Lineage enriched"	"Detected in single"	4	"granulocytes: 3.7"	"Low cancer specificity"	"Detected in many"			"Heart muscle - Smooth muscle cells, Testis - Peritubular cells, Thyroid gland - Fibroblasts"	"Low region specificity"	"Detected in all"			"Low region specificity"	"Detected in all"			"HPA039197, HPA039860"	Enhanced		Approved	"Nucleoplasm,Nuclear bodies,Cytosol"			Yes	No			"Cluster 16: Non-specific - Cell proliferation"	"Cluster 65: Cerebellum - Nervous system development"	"Cluster 26: Oligodendrocytes - Mixed function"	"Cluster 38: Non-specific - Transcription"	"Cluster 48: Smooth muscle cells - Signal transduction"	2	"Nucleoplasm, Cytosol"	"Nuclear bodies"	"HPA039197: AB_10673416, HPA039860: AB_10794203"	"unprognostic (2.38e-1)"	"unprognostic (4.60e-2)"	"unprognostic (8.03e-2)"	"unprognostic (3.60e-2)"	"unprognostic (2.27e-3)"	"unprognostic (3.58e-1)"	"unprognostic (7.60e-2)"	"potential prognostic favorable (1.32e-4)"		"unprognostic (4.36e-2)"	"validated prognostic favorable (7.42e-4)"	"validated prognostic favorable (1.32e-4)"	"unprognostic (2.19e-1)"	"unprognostic (1.24e-1)"	"unprognostic (1.05e-1)"	"unprognostic (8.10e-3)"	"unprognostic (1.43e-1)"	"unprognostic (8.81e-2)"	"unprognostic (1.52e-1)"	"unprognostic (8.37e-2)"	"unprognostic (4.69e-2)"	"potential prognostic favorable (2.15e-4)"	"unprognostic (2.40e-1)"	"unprognostic (5.74e-3)"	"unprognostic (1.53e-1)"	"unprognostic (3.23e-2)"	"unprognostic (5.48e-2)"	"unprognostic (9.51e-2)"	"unprognostic (4.46e-2)"	"unprognostic (1.80e-1)"	"unprognostic (2.38e-2)"
RNF227	LINC02581	ENSG00000179859	"Ring finger protein 227"	A6NIN4	17	7913339-7916289	"Predicted intracellular proteins"				"Evidence at transcript level"	"Evidence at transcript level"	"Evidence at transcript level"	"Evidence at transcript level"	"Tissue enriched"	"Detected in all"	5	"skin 1: 62.2"	"Cell type enhanced"	"Detected in many"		"Basal keratinocytes: 27.7;Basal squamous epithelial cells: 17.1;Suprabasal keratinocytes: 22.6"	"Low cell type specificity"	"Detected in all"			"Low cancer specificity"	"Detected in many"			"Low region specificity"	"Detected in all"			"Immune cell enriched"	"Detected in many"	5	"basophil: 17.6"	"Lineage enriched"	"Detected in all"	5	"granulocytes: 17.6"	"Low cancer specificity"	"Detected in many"			"Adipose visceral - Mesothelial cells, Skin - Keratinocyte (granular)"	"Low region specificity"	"Detected in all"			"Low region specificity"	"Detected in all"										NA	NA			"Cluster 24: Non-specific - Transcription"	"Cluster 13: Skin - Cornification"	"Cluster 2: Neurons - Nucleosome"	"Cluster 53: Squamous epithelial cells - Keratinization"	"Cluster 12: Squamous epithelial cells - Keratinization"					"unprognostic (2.56e-1)"	"unprognostic (8.19e-2)"		"unprognostic (2.70e-2)"	"unprognostic (1.39e-2)"	"unprognostic (2.83e-1)"	"unprognostic (1.89e-2)"	"unprognostic (9.33e-3)"	"unprognostic (1.19e-2)"	"unprognostic (6.06e-2)"	"unprognostic (2.02e-1)"	"potential prognostic favorable (1.87e-4)"	"unprognostic (7.83e-2)"			"unprognostic (1.24e-1)"	"unprognostic (7.23e-2)"	"unprognostic (4.80e-2)"	"unprognostic (7.46e-2)"	"unprognostic (6.71e-2)"	"unprognostic (2.87e-1)"	"unprognostic (8.48e-2)"	"unprognostic (6.24e-2)"	"unprognostic (1.67e-1)"	"unprognostic (7.60e-2)"	"unprognostic (1.67e-1)"	"unprognostic (3.85e-2)"	"unprognostic (1.72e-1)"	"unprognostic (1.75e-1)"	"unprognostic (3.09e-2)"	"unprognostic (1.64e-1)"
RNF32	"FKSG33, HSD15, LMBR2"	ENSG00000105982	"Ring finger protein 32"	Q9H0A6	7	156640281-156677130	"Predicted intracellular proteins"				"Evidence at protein level"	"Evidence at protein level"	"Evidence at protein level"	"Evidence at protein level"	"Tissue enriched"	"Detected in many"	5	"testis: 59.0"	"Group enriched"	"Detected in many"	14	"Early spermatids: 341.7;Late spermatids: 484.6;Spermatocytes: 212.6"	"Cell type enhanced"	"Detected in all"		"ependymal cell: 31.1"	"Low cancer specificity"	"Detected in many"			"Low region specificity"	"Detected in all"			"Immune cell enriched"	"Detected in many"	5	"basophil: 12.5"	"Lineage enriched"	"Detected in many"	5	"granulocytes: 12.5"	"Low cancer specificity"	"Detected in all"			"Testis - Early spermatids"	"Low region specificity"	"Detected in all"			"Low region specificity"	"Detected in all"			"HPA019516, HPA073560"	Enhanced		Approved	"Nuclear bodies,Cytosol"			NA	NA			"Cluster 23: B-cells - Immunoglobulins"	"Cluster 63: Testis - Spermatid development"	"Cluster 28: Oligodendrocytes - Mixed function"	"Cluster 4: Non-specific - Transcription"	"Cluster 70: Spermatocytes & Spermatids - Spermatid development"	10	"Nuclear bodies, Cytosol"		"HPA019516: , HPA073560: AB_2686616"	"unprognostic (1.03e-1)"	"unprognostic (3.02e-2)"	"unprognostic (1.99e-1)"	"unprognostic (3.55e-2)"	"potential prognostic unfavorable (9.44e-4)"	"unprognostic (1.99e-1)"	"unprognostic (4.65e-2)"	"unprognostic (1.75e-3)"	"unprognostic (4.29e-2)"		"unprognostic (1.81e-2)"	"unprognostic (2.43e-1)"	"unprognostic (7.04e-2)"	"unprognostic (2.88e-3)"	"unprognostic (1.44e-2)"	"unprognostic (2.97e-1)"	"unprognostic (1.52e-1)"	"unprognostic (6.97e-2)"	"unprognostic (4.81e-2)"	"unprognostic (3.04e-2)"	"unprognostic (3.68e-1)"	"unprognostic (2.82e-2)"	"unprognostic (1.50e-2)"	"unprognostic (1.04e-1)"	"unprognostic (2.13e-1)"	"unprognostic (2.03e-1)"	"unprognostic (1.74e-2)"	"unprognostic (3.36e-2)"	"unprognostic (5.87e-2)"	"potential prognostic unfavorable (2.15e-4)"	"unprognostic (5.44e-2)"
SULT6B1		ENSG00000138068	"Sulfotransferase family 6B member 1"	Q6IMI4	2	37167820-37196598	"Enzymes, Predicted intracellular proteins"		Transferase		"Evidence at transcript level"	"Evidence at transcript level"	"Evidence at transcript level"	"Evidence at transcript level"	"Tissue enriched"	"Detected in single"	5	"testis: 1.8"	"Cell type enhanced"	"Detected in some"		"Early spermatids: 4.4;Late spermatids: 1.1;Spermatocytes: 1.2"	"Low cell type specificity"	"Detected in single"			"Not detected"	"Not detected"			"Low region specificity"	"Detected in some"			"Immune cell enriched"	"Detected in single"	12	"basophil: 1.6"	"Lineage enriched"	"Detected in single"	17	"granulocytes: 1.6"	"Not detected"	"Not detected"			"Testis - Early spermatids"	"Not detected"	"Not detected"			"Low region specificity"	"Detected in many"										NA	NA				"Cluster 44: Testis - Spermatogenesis"	"Cluster 53: Neurons - Mixed function"	"Cluster 71: Lymphoma - Inflammatory response"	"Cluster 70: Spermatocytes & Spermatids - Spermatid development"																																			
ZFP57	"bA145L22, bA145L22.2, C6orf40, ZNF698"	ENSG00000204644	"ZFP57 zinc finger protein"	Q9NU63	6	29672483-29681155	"Disease related genes, Human disease related genes, Predicted intracellular proteins, Transcription factors"	"Transcription, Transcription regulation"	"Developmental protein, DNA-binding, Repressor"	"Diabetes mellitus, Disease variant"	"Evidence at protein level"	"Evidence at transcript level"	"Evidence at protein level"	"Evidence at protein level"	"Group enriched"	"Detected in some"	5	"brain: 10.9;heart muscle: 8.5"	"Cell type enhanced"	"Detected in some"		"Cardiomyocytes: 6.1;Erythroid cells: 3.7;Extravillous trophoblasts: 5.4;Late spermatids: 7.2;Pancreatic endocrine cells: 3.4;Schwann cells: 4.6;Spermatogonia: 3.1"	"Group enriched"	"Detected in some"	8	"central nervous system macrophage: 1.6;committed oligodendrocyte precursor: 3.4;leukocyte: 5.6;oligodendrocyte: 5.2;oligodendrocyte precursor cell: 1.6;pericyte: 1.6"	"Cancer enriched"	"Detected in many"	6	"Testicular Germ Cell Tumor (TCGA): 15.0"	"Low region specificity"	"Detected in many"			"Immune cell enriched"	"Detected in many"	5	"basophil: 11.3"	"Lineage enriched"	"Detected in many"	5	"granulocytes: 11.3"	"Cancer enriched"	"Detected in some"	5	"testis cancer: 11.8"		"Low region specificity"	"Detected in all"			"Low region specificity"	"Detected in all"										NA	NA				"Cluster 9: Oligodendrocytes - Myelination"	"Cluster 30: White matter - Myelination"	"Cluster 34: Testis cancer - Unknown function"	"Cluster 63: Late spermatids - Spermatogenesis"	1				"unprognostic (6.52e-2)"	"unprognostic (1.01e-1)"	"unprognostic (7.02e-2)"	"unprognostic (1.01e-2)"						"unprognostic (2.76e-1)"					"unprognostic (5.70e-2)"							"unprognostic (2.20e-3)"	"unprognostic (2.43e-2)"				"unprognostic (6.12e-1)"		"unprognostic (4.51e-2)"		
CCNP	"CNTD2, FLJ13265"	ENSG00000105219	"Cyclin P"	Q9H8S5	19	40222208-40226697	"Predicted intracellular proteins"				"Evidence at transcript level"	"Evidence at transcript level"	"Evidence at transcript level"	"Evidence at transcript level"	"Group enriched"	"Detected in some"	4	"brain: 6.3;kidney: 4.7;liver: 3.6;pituitary gland: 1.7"	"Cell type enhanced"	"Detected in some"		"Collecting duct cells: 11.7;Oligodendrocyte precursor cells: 4.7;Oocytes: 23.5;Syncytiotrophoblasts: 5.4"	"Cell type enhanced"	"Detected in many"		"oligodendrocyte precursor cell: 8.0;upper rhombic lip: 10.1"	"Low cancer specificity"	"Detected in many"			"Region enhanced"	"Detected in many"		"cerebellum: 7.4"	"Immune cell enriched"	"Detected in single"	46	"basophil: 4.5"	"Lineage enriched"	"Detected in single"	46	"granulocytes: 4.5"	"Cancer enhanced"	"Detected in some"		"Gallbladder cancer: 6.0"						"Not detected"	"Not detected"			HPA045615	Uncertain						NA	NA			"Cluster 46: Basophils - Proteolysis"	"Cluster 65: Cerebellum - Nervous system development"	"Cluster 35: Non-specific - DNA binding"	"Cluster 7: Liver cancer - Metabolism"	"Cluster 42: Ciliated cells - Cilium assembly"				"HPA045615: AB_2679390"		"unprognostic (3.64e-2)"		"unprognostic (4.90e-2)"	"unprognostic (2.16e-1)"	"unprognostic (3.44e-2)"			"unprognostic (8.48e-2)"				"unprognostic (6.49e-2)"	"unprognostic (1.81e-2)"		"unprognostic (2.09e-1)"		"unprognostic (2.93e-1)"		"unprognostic (2.02e-1)"	"unprognostic (7.47e-3)"		"unprognostic (2.30e-1)"	"unprognostic (6.34e-2)"	"unprognostic (1.97e-1)"	"unprognostic (1.89e-1)"		"unprognostic (3.81e-2)"		"unprognostic (1.70e-1)"	
ENPP2	"ATX, PD-IALPHA, PDNP2"	ENSG00000136960	"Ectonucleotide pyrophosphatase/phosphodiesterase 2"	Q13822	8	119557086-119673453	"Cancer-related genes, Enzymes, Metabolic proteins, Plasma proteins, Predicted intracellular proteins, Predicted secreted proteins"	"Chemotaxis, Lipid degradation, Lipid metabolism"	Hydrolase	"Cancer-related genes, Obesity"	"Evidence at protein level"	"Evidence at transcript level"	"Evidence at protein level"	"Evidence at protein level"	"Tissue enriched"	"Detected in all"	4	"choroid plexus: 1296.7"	"Cell type enriched"	"Detected in many"	4	"Oligodendrocytes: 969.5"	"Cell type enhanced"	"Detected in all"		"choroid plexus epithelial cell: 1864.0;oligodendrocyte: 1518.1"	"Cancer enhanced"	"Detected in all"		"Kidney Renal Clear Cell Carcinoma (TCGA): 260.4"	"Low region specificity"	"Detected in all"			"Immune cell enriched"	"Detected in many"	6	"basophil: 54.0"	"Lineage enriched"	"Detected in many"	8	"granulocytes: 54.0"	"Cancer enhanced"	"Detected in many"		"Neuroblastoma: 88.1"	"Breast - Endothelial cells, Skeletal muscle - Endothelial cells, Spleen - Macrophages"	"Low region specificity"	"Detected in all"			"Low region specificity"	"Detected in all"			"HPA023700, HPA053652"	Approved		Approved	"Nucleoplasm,Golgi apparatus,Actin filaments"	"Secreted to blood"	Enzyme	NA	NA		700000000	"Cluster 41: Basophils - Unknown function"	"Cluster 60: Choroid plexus - Transmembrane transport"	"Cluster 50: Non-specific - Nucleic acid binding"	"Cluster 16: Thyroid cancer - Neuronal signaling"	"Cluster 51: Oligodendrocytes - Unknown function"		"Nucleoplasm, Golgi apparatus"	"Actin filaments"	"HPA023700: AB_1848170, HPA053652: AB_2682218"	"unprognostic (6.64e-2)"	"unprognostic (3.39e-2)"	"potential prognostic favorable (3.92e-4)"	"unprognostic (1.84e-1)"	"unprognostic (5.10e-2)"	"unprognostic (6.86e-3)"	"unprognostic (1.62e-1)"	"unprognostic (2.14e-1)"	"unprognostic (2.57e-1)"	"unprognostic (1.15e-2)"	"potential prognostic favorable (2.97e-5)"	"unprognostic (3.04e-2)"	"unprognostic (6.53e-2)"	"unprognostic (4.16e-3)"	"unprognostic (2.82e-2)"	"unprognostic (1.51e-2)"	"unprognostic (1.06e-1)"	"unprognostic (1.94e-3)"	"unprognostic (1.34e-1)"	"unprognostic (1.83e-1)"	"unprognostic (1.34e-1)"	"potential prognostic favorable (7.61e-5)"	"unprognostic (7.87e-3)"	"unprognostic (7.17e-2)"	"unprognostic (5.67e-2)"	"unprognostic (1.41e-1)"	"unprognostic (3.86e-2)"	"unprognostic (3.82e-2)"	"unprognostic (4.27e-2)"	"unprognostic (4.67e-2)"	"unprognostic (1.29e-2)"
SFN	YWHAS	ENSG00000175793	Stratifin	P31947	1	26863149-26864456	"Cancer-related genes, Plasma proteins, Predicted intracellular proteins, Predicted secreted proteins"			"Cancer-related genes"	"Evidence at protein level"	"Evidence at protein level"	"Evidence at protein level"	"Evidence at protein level"	"Group enriched"	"Detected in many"	4	"esophagus: 2392.4;skin 1: 1181.2;vagina: 671.2"	"Cell type enhanced"	"Detected in many"		"Basal keratinocytes: 7039.2;Basal squamous epithelial cells: 1977.4;Squamous epithelial cells: 3788.2;Suprabasal keratinocytes: 12189.4"	"Not detected"	"Not detected"			"Cancer enhanced"	"Detected in all"		"Cervical Squamous Cell Carcinoma and Endocervical Adenocarcinoma (TCGA): 3201.7;Head and Neck Squamous Cell Carcinoma (TCGA): 3646.3"	"Low region specificity"	"Detected in all"			"Immune cell enriched"	"Detected in single"	17	"basophil: 5.9"	"Lineage enriched"	"Detected in single"	17	"granulocytes: 5.9"	"Cancer enhanced"	"Detected in many"		"Gallbladder cancer: 1337.8;head and neck cancer: 928.9"	"Colon - Colon enterocytes, Stomach - Gastric mucous cells"	"Low region specificity"	"Detected in many"			"Region enhanced"	"Detected in many"		"cerebellum: 6.8"	"CAB006268, HPA011105, CAB040552"	Enhanced		Supported	"Cytosol,Mid piece"	"Secreted in other tissues"	"No annotated function"	NA	Yes		42000000		"Cluster 27: Squamous epithelium - Keratinization"	"Cluster 20: Macrophages & Microglia - Immune response"	"Cluster 53: Squamous epithelial cells - Keratinization"	"Cluster 12: Squamous epithelial cells - Keratinization"	285	Cytosol	"Mid piece"	"CAB006268: AB_425459, CAB040552: , HPA011105: AB_1844339"	"unprognostic (7.12e-2)"	"unprognostic (4.62e-2)"	"unprognostic (2.55e-3)"	"unprognostic (6.27e-2)"	"unprognostic (1.99e-1)"	"unprognostic (3.80e-1)"	"unprognostic (5.77e-3)"	"unprognostic (1.07e-1)"	"unprognostic (2.42e-1)"	"unprognostic (1.82e-2)"	"potential prognostic unfavorable (8.44e-5)"	"unprognostic (5.73e-3)"	"unprognostic (3.03e-2)"	"validated prognostic unfavorable (1.03e-5)"	"validated prognostic unfavorable (1.28e-6)"	"potential prognostic unfavorable (2.53e-4)"	"unprognostic (1.09e-2)"	"unprognostic (2.34e-2)"	"unprognostic (7.73e-2)"	"unprognostic (1.45e-1)"	"unprognostic (9.69e-2)"	"unprognostic (2.18e-3)"	"unprognostic (3.09e-1)"	"unprognostic (2.75e-1)"	"unprognostic (6.31e-3)"	"unprognostic (1.48e-1)"	"unprognostic (1.05e-1)"	"unprognostic (2.31e-2)"	"unprognostic (4.10e-1)"	"unprognostic (8.75e-2)"	"unprognostic (3.19e-2)"
SNORC	"ASCL830, C2orf82, UNQ830"	ENSG00000182600	"Secondary ossification center associated regulator of chondrocyte maturation"	Q6UX34	2	232857270-232878708	"Predicted intracellular proteins, Predicted membrane proteins"				"Evidence at protein level"	"Evidence at transcript level"	"Evidence at protein level"	"Evidence at protein level"	"Group enriched"	"Detected in many"	4	"brain: 84.5;skin 1: 31.2"	"Cell type enhanced"	"Detected in many"		"Breast glandular cells: 393.3;Breast myoepithelial cells: 338.2;Distal enterocytes: 121.1;Hepatocytes: 113.3;Intestinal goblet cells: 129.9;Melanocytes: 211.3;Muller glia cells: 101.1;Undifferentiated cells: 107.4"	"Cell type enhanced"	"Detected in all"		"astrocyte: 87.0"	"Cancer enhanced"	"Detected in many"		"Liver Hepatocellular Carcinoma (TCGA): 33.2"	"Low region specificity"	"Detected in all"			"Immune cell enriched"	"Detected in single"	19	"basophil: 2.5"	"Lineage enriched"	"Detected in single"	19	"granulocytes: 2.5"	"Cancer enhanced"	"Detected in many"		"breast cancer: 7.9"	"Breast - Breast glandular cells (progenitors), Liver - Hepatocytes, Skin - Eccrine sweat gland cells, Testis - Late spermatids"	"Low region specificity"	"Detected in many"			"Low region specificity"	"Detected in many"			HPA052824	Approved		Approved	Nucleoplasm,Nucleoli	"Intracellular and membrane"	"No annotated function"	NA	NA				"Cluster 9: Oligodendrocytes - Myelination"	"Cluster 22: Non-specific - Mixed function"	"Cluster 70: DU4475 - Unknown function"	"Cluster 17: Breast glandular cells - Lactation"	20	"Nucleoplasm, Nucleoli"		"HPA052824: AB_2681964"	"unprognostic (5.22e-2)"	"unprognostic (1.38e-2)"		"unprognostic (6.22e-2)"	"unprognostic (7.55e-2)"	"unprognostic (2.04e-1)"	"unprognostic (1.30e-1)"	"unprognostic (1.24e-1)"		"unprognostic (1.02e-2)"	"validated prognostic unfavorable (4.87e-5)"	"validated prognostic unfavorable (5.58e-4)"	"unprognostic (2.93e-1)"	"unprognostic (7.59e-2)"		"unprognostic (2.05e-2)"		"unprognostic (3.86e-1)"		"unprognostic (1.67e-2)"	"unprognostic (1.19e-1)"	"unprognostic (4.38e-3)"	"unprognostic (1.70e-1)"	"unprognostic (2.45e-2)"	"unprognostic (1.28e-1)"	"unprognostic (9.13e-2)"	"potential prognostic unfavorable (4.28e-4)"	"unprognostic (1.10e-3)"	"unprognostic (7.44e-2)"		"unprognostic (9.25e-2)"
TEX30	C13orf27	ENSG00000151287	"Testis expressed 30"	Q5JUR7	13	102765888-102773811	"Predicted intracellular proteins"				"Evidence at protein level"	"Evidence at protein level"	"Evidence at transcript level"	"Evidence at protein level"	"Group enriched"	"Detected in all"	4	"epididymis: 69.5;liver: 38.8;testis: 119.2"	"Cell type enhanced"	"Detected in all"		"Early spermatids: 504.0;Oocytes: 361.0;Spermatocytes: 931.9;Spermatogonia: 210.0"	"Low cell type specificity"	"Detected in all"			"Low cancer specificity"	"Detected in all"			"Low region specificity"	"Detected in all"			"Immune cell enriched"	"Detected in all"	5	"basophil: 365.7"	"Lineage enriched"	"Detected in all"	13	"granulocytes: 365.7"	"Low cancer specificity"	"Detected in all"			"Testis - Early spermatids"	"Low region specificity"	"Detected in all"			"Low region specificity"	"Detected in all"			HPA053545	Enhanced						NA	NA			"Cluster 41: Basophils - Unknown function"	"Cluster 63: Testis - Spermatid development"	"Cluster 53: Neurons - Mixed function"	"Cluster 19: Non-specific - Unknown function"	"Cluster 31: Spermatocytes - Spermatogenesis"				"HPA053545: AB_2682181"	"unprognostic (1.82e-1)"	"unprognostic (1.09e-1)"		"unprognostic (1.39e-2)"	"unprognostic (1.44e-1)"	"unprognostic (9.11e-2)"	"unprognostic (9.24e-2)"	"potential prognostic favorable (3.36e-4)"	"unprognostic (1.20e-2)"	"unprognostic (3.61e-3)"	"unprognostic (3.90e-2)"	"unprognostic (1.06e-1)"	"unprognostic (9.54e-3)"	"unprognostic (1.77e-1)"		"unprognostic (2.48e-3)"	"unprognostic (2.68e-3)"	"unprognostic (2.36e-2)"	"unprognostic (1.84e-1)"	"unprognostic (8.01e-2)"	"unprognostic (1.10e-1)"	"unprognostic (2.18e-1)"	"unprognostic (1.14e-3)"	"potential prognostic unfavorable (1.09e-4)"	"unprognostic (3.49e-2)"	"unprognostic (1.81e-1)"	"unprognostic (1.19e-2)"	"unprognostic (3.08e-1)"	"unprognostic (1.08e-2)"	"unprognostic (1.64e-1)"	"unprognostic (5.74e-2)"
TREML1	"dJ238O23.3, TLT1"	ENSG00000161911	"Triggering receptor expressed on myeloid cells like 1"	Q86YW5	6	41149337-41154347	"Plasma proteins, Predicted membrane proteins"		Receptor		"Evidence at protein level"	"Evidence at protein level"	"Evidence at protein level"	"Evidence at protein level"	"Group enriched"	"Detected in some"	4	"bone marrow: 8.1;brain: 2.9;choroid plexus: 2.2;lung: 2.0;lymphoid tissue: 7.1"	"Cell type enhanced"	"Detected in some"		"B-cells: 1.4;dendritic cells: 1.8;Hofbauer cells: 3.5;Langerhans cells: 2.3;Macrophages: 1.7;Microglial cells: 6.3;NK-cells: 2.2"	"Cell type enriched"	"Detected in single"	42	"central nervous system macrophage: 32.8"	"Cancer enhanced"	"Detected in some"		"Glioblastoma Multiforme (TCGA): 3.0"	"Low region specificity"	"Detected in all"			"Immune cell enriched"	"Detected in some"	9	"basophil: 91.2"	"Lineage enriched"	"Detected in many"	51	"granulocytes: 91.2"	"Not detected"	"Not detected"			"Spleen - Platelets"	"Not detected"	"Not detected"			"Not detected"	"Not detected"			"HPA016700, HPA017860"	Enhanced		Uncertain	"Nuclear speckles,Golgi apparatus,Plasma membrane,Cytosol"			NA	NA		53000000	"Cluster 21: Neutrophils - Unknown function"	"Cluster 81: Lymphoid tissue & Bone marrow - Innate immune response"	"Cluster 20: Macrophages & Microglia - Immune response"	"Cluster 47: Leukemia - Hemostasis"	"Cluster 57: Platelets - Hemostasis"	4	"Nuclear speckles, Cytosol"	"Golgi apparatus, Plasma membrane"	"HPA016700: AB_1858262, HPA017860: AB_1858261"			"unprognostic (4.47e-2)"				"unprognostic (8.86e-2)"	"unprognostic (3.37e-2)"				"unprognostic (9.02e-3)"					"unprognostic (2.16e-3)"												"unprognostic (2.45e-2)"		
ABR	MDB	ENSG00000159842	"ABR activator of RhoGEF and GTPase"	Q12979	17	1003519-1229738	"Predicted intracellular proteins"		"GTPase activation, Guanine-nucleotide releasing factor"		"Evidence at protein level"	"Evidence at protein level"	"Evidence at protein level"	"Evidence at protein level"	"Tissue enhanced"	"Detected in many"		"brain: 113.3"	"Cell type enhanced"	"Detected in many"		"Astrocytes: 162.9;Late spermatids: 159.3;Microglial cells: 139.6"	"Cell type enhanced"	"Detected in all"		"central nervous system macrophage: 1131.8"	"Low cancer specificity"	"Detected in many"			"Low region specificity"	"Detected in all"			"Immune cell enriched"	"Detected in single"	14	"basophil: 9.0"	"Lineage enriched"	"Detected in single"	15	"granulocytes: 9.0"	"Low cancer specificity"	"Detected in many"				"Low region specificity"	"Detected in all"			"Low region specificity"	"Detected in all"			"HPA053618, HPA054824"	Enhanced		Approved	Nucleoplasm,Cytosol			NA	NA			"Cluster 25: Non-specific - Unknown function"	"Cluster 33: Brain - Neuronal signaling"	"Cluster 51: Neurons - Mixed function"	"Cluster 46: Lymphoma - Humoral immune response"	"Cluster 36: Late spermatids - Unknown function"	3	Cytosol	Nucleoplasm	"HPA053618: AB_2682208, HPA054824: AB_2682616"	"unprognostic (4.17e-3)"	"unprognostic (1.15e-1)"	"unprognostic (4.00e-1)"	"unprognostic (1.21e-2)"	"unprognostic (1.31e-1)"	"unprognostic (1.21e-1)"	"unprognostic (1.41e-1)"	"unprognostic (3.46e-2)"	"unprognostic (1.11e-1)"	"unprognostic (1.63e-2)"	"unprognostic (1.31e-2)"	"unprognostic (1.75e-1)"	"unprognostic (1.58e-1)"		"unprognostic (6.98e-2)"	"unprognostic (2.70e-2)"	"unprognostic (1.63e-1)"	"unprognostic (1.40e-3)"	"unprognostic (3.52e-2)"	"unprognostic (1.60e-3)"	"unprognostic (3.29e-2)"	"unprognostic (2.11e-2)"	"unprognostic (1.45e-2)"	"unprognostic (1.59e-1)"	"unprognostic (1.20e-2)"	"unprognostic (4.92e-2)"	"unprognostic (2.72e-1)"	"unprognostic (7.28e-2)"	"unprognostic (2.08e-1)"	"unprognostic (2.51e-2)"	"unprognostic (3.70e-1)"
ADCY4	AC4	ENSG00000129467	"Adenylate cyclase 4"	Q8NFM4	14	24318349-24335093	"Enzymes, Metabolic proteins, Plasma proteins, Predicted intracellular proteins, Predicted membrane proteins"	"cAMP biosynthesis"	Lyase		"Evidence at protein level"	"Evidence at transcript level"	"Evidence at protein level"	"Evidence at protein level"	"Low tissue specificity"	"Detected in many"			"Group enriched"	"Detected in many"	6	"Adipocytes: 82.3;Endothelial cells: 73.9;Lymphatic endothelial cells: 76.0"	"Cell type enriched"	"Detected in some"	8	"endothelial cell: 108.9"	"Low cancer specificity"	"Detected in many"			"Low region specificity"	"Detected in all"			"Immune cell enriched"	"Detected in single"	9	"basophil: 2.9"	"Lineage enriched"	"Detected in single"	9	"granulocytes: 2.9"	"Not detected"	"Not detected"			"Adipose subcutaneous - Endothelial cells, Adipose visceral - Endothelial cells, Adrenal gland - Endothelial cells, Breast - Endothelial cells, Colon - Endothelial cells, Kidney - Endothelial cells, Liver - Vascular Endothelial cells, Minor Salivary Gland - Endothelial cells, Pancreas - Endothelial cells, Pituitary gland - Endothelial cells, Prostate - Endothelial cells, Skeletal muscle - Endothelial cells, Skin - Endothelial cells, Testis - Endothelial cells, Thyroid gland - Endothelial cells"	"Low region specificity"	"Detected in all"			"Low region specificity"	"Detected in all"			"CAB005070, HPA048344"	Approved		Approved	"Nucleoplasm,Plasma membrane,Mitochondria"			NA	NA				"Cluster 7: Adipose tissue - Mixed function"	"Cluster 47: Endothelial cells - Vasculature"	"Cluster 64: Connective tissue cells - ECM organization"	"Cluster 41: Adipocytes & Endothelial cells - Mixed function"	3	Mitochondria	"Nucleoplasm, Plasma membrane"	"CAB005070: AB_2273639, HPA048344: AB_2680366"		"unprognostic (2.90e-1)"	"unprognostic (4.31e-3)"			"unprognostic (2.32e-1)"		"unprognostic (1.74e-1)"		"unprognostic (1.37e-2)"	"potential prognostic favorable (1.99e-7)"	"unprognostic (1.18e-3)"			"potential prognostic favorable (1.64e-4)"	"unprognostic (1.68e-1)"					"unprognostic (9.01e-2)"	"unprognostic (2.98e-2)"	"unprognostic (1.12e-1)"	"unprognostic (9.06e-2)"		"unprognostic (2.38e-2)"		"unprognostic (5.71e-2)"		"unprognostic (5.23e-2)"	
AK7	"CFAP75, FAP75, FLJ32864"	ENSG00000140057	"Adenylate kinase 7"	Q96M32	14	96392128-96489427	"Disease related genes, Enzymes, Human disease related genes, Metabolic proteins, Potential drug targets, Predicted intracellular proteins"	"Cilium biogenesis/degradation"	"Kinase, Transferase"	"Disease variant"	"Evidence at protein level"	"Evidence at protein level"	"Evidence at protein level"	"Evidence at protein level"	"Tissue enhanced"	"Detected in many"		"choroid plexus: 17.7;fallopian tube: 23.5"	"Cell type enhanced"	"Detected in many"		"Ciliated cells: 90.7;Early spermatids: 20.2;Spermatocytes: 23.2"	"Cell type enriched"	"Detected in many"	4	"ependymal cell: 215.0"	"Low cancer specificity"	"Detected in all"			"Low region specificity"	"Detected in all"			"Immune cell enriched"	"Detected in single"	24	"basophil: 9.1"	"Lineage enriched"	"Detected in single"	31	"granulocytes: 9.1"	"Cancer enhanced"	"Detected in many"		"Bone cancer: 11.6"	"Adrenal gland - Adrenal cortex cells, Lung - Respiratory ciliated cells, Skin - Keratinocyte (other), Spleen - Endothelial cells, Testis - Early spermatids, Testis - Spermatocytes, Thyroid gland - Thyroid glandular cells"	"Low region specificity"	"Detected in many"			"Low region specificity"	"Detected in all"			HPA003543	Enhanced		Supported	"Cytosol,Principal piece"			NA	NA			"Cluster 46: Basophils - Proteolysis"	"Cluster 8: Ciliated cells - Cilium organization"	"Cluster 3: Choroid plexus - Cilium"	"Cluster 12: Bone cancer - Neuronal signaling"	"Cluster 42: Ciliated cells - Cilium assembly"		"Cytosol, Principal piece"		"HPA003543: AB_1078117"	"unprognostic (1.93e-1)"	"unprognostic (2.59e-2)"	"unprognostic (1.39e-1)"	"unprognostic (1.49e-1)"	"unprognostic (6.27e-2)"	"unprognostic (9.61e-2)"	"unprognostic (1.73e-3)"	"potential prognostic unfavorable (2.60e-5)"	"unprognostic (2.48e-1)"	"unprognostic (9.26e-2)"	"unprognostic (1.06e-3)"	"potential prognostic favorable (3.33e-4)"	"unprognostic (4.93e-2)"	"unprognostic (4.11e-3)"		"unprognostic (8.04e-2)"	"unprognostic (1.35e-1)"	"unprognostic (2.40e-1)"	"unprognostic (3.94e-3)"	"unprognostic (1.73e-2)"	"unprognostic (4.70e-2)"	"unprognostic (1.51e-1)"	"unprognostic (3.93e-1)"	"unprognostic (2.44e-1)"	"unprognostic (1.65e-2)"	"unprognostic (9.02e-2)"	"unprognostic (4.23e-1)"	"unprognostic (1.21e-2)"	"unprognostic (4.56e-2)"	"unprognostic (4.12e-2)"	"unprognostic (3.63e-2)"
AKAP12	"AKAP250, SSeCKS"	ENSG00000131016	"A-kinase anchoring protein 12"	Q02952	6	151239967-151358559	"Cancer-related genes, Plasma proteins, Predicted intracellular proteins"		Calmodulin-binding	"Cancer-related genes"	"Evidence at protein level"	"Evidence at protein level"	"Evidence at protein level"	"Evidence at protein level"	"Low tissue specificity"	"Detected in all"			"Cell type enhanced"	"Detected in many"		"Adipocytes: 371.9;Lymphatic endothelial cells: 1022.7;Muller glia cells: 473.1"	"Low cell type specificity"	"Detected in all"			"Cancer enhanced"	"Detected in all"		"Testicular Germ Cell Tumor (TCGA): 70.8"	"Low region specificity"	"Detected in all"			"Immune cell enriched"	"Detected in single"	236	"basophil: 37.3"	"Lineage enriched"	"Detected in single"	236	"granulocytes: 37.3"	"Low cancer specificity"	"Detected in all"			"Testis - Early spermatids"	"Low region specificity"	"Detected in all"			"Low region specificity"	"Detected in all"			"HPA006344, CAB026379, HPA056230"	Enhanced		Enhanced	"Plasma membrane,Cytosol"			No	No		5800000	"Cluster 46: Basophils - Proteolysis"	"Cluster 64: Neuronal - Transcription"	"Cluster 52: Neurons & Synapses - Synaptic function"	"Cluster 72: Neuronal - Signal transduction"	"Cluster 54: Lymphatic endothelial cells - Lymph vessel development"	28	"Plasma membrane, Cytosol"		"CAB026379: , HPA006344: AB_1078118, HPA056230: AB_2683073"	"unprognostic (2.32e-1)"	"unprognostic (5.50e-2)"	"unprognostic (8.87e-3)"	"unprognostic (2.09e-2)"	"unprognostic (1.93e-2)"	"unprognostic (4.09e-2)"	"unprognostic (1.19e-1)"	"unprognostic (1.30e-1)"	"unprognostic (1.00e-1)"	"unprognostic (8.12e-2)"	"potential prognostic favorable (1.30e-6)"	"unprognostic (1.10e-3)"	"unprognostic (6.30e-2)"	"unprognostic (8.48e-2)"	"unprognostic (9.48e-3)"	"potential prognostic unfavorable (2.30e-4)"	"unprognostic (2.54e-1)"	"unprognostic (8.35e-3)"	"unprognostic (1.07e-1)"	"potential prognostic unfavorable (9.92e-4)"	"unprognostic (2.23e-2)"	"unprognostic (1.57e-1)"	"unprognostic (3.33e-2)"	"unprognostic (5.75e-2)"	"unprognostic (2.03e-1)"	"unprognostic (2.14e-2)"	"unprognostic (1.43e-1)"	"unprognostic (4.18e-3)"	"unprognostic (5.22e-1)"	"unprognostic (3.54e-3)"	"unprognostic (1.58e-1)"
ANKRD28	"CFAP79, FAP79, KIAA0379, PITK, PP6-ARS-A, PPP1R65"	ENSG00000206560	"Ankyrin repeat domain 28"	O15084	3	15667236-15859771	"Predicted intracellular proteins"				"Evidence at protein level"	"Evidence at transcript level"	"Evidence at protein level"	"Evidence at protein level"	"Low tissue specificity"	"Detected in all"			"Cell type enhanced"	"Detected in all"		"granulocytes: 321.5;Oligodendrocyte precursor cells: 342.0;Oligodendrocytes: 264.7;Plasma cells: 582.3"	"Low cell type specificity"	"Detected in all"			"Low cancer specificity"	"Detected in all"			"Low region specificity"	"Detected in all"			"Immune cell enriched"	"Detected in single"	26	"basophil: 17.1"	"Lineage enriched"	"Detected in single"	26	"granulocytes: 17.1"	"Low cancer specificity"	"Detected in all"			"Testis - Early spermatids"	"Low region specificity"	"Detected in all"			"Low region specificity"	"Detected in all"										NA	NA		11000	"Cluster 46: Basophils - Proteolysis"	"Cluster 79: Non-specific - Transcription"	"Cluster 31: Non-specific - Transcription"	"Cluster 8: Non-specific - Basic cellular processes"	"Cluster 77: Plasma cells - Protein processing"	50				"unprognostic (1.63e-1)"	"unprognostic (2.35e-1)"	"unprognostic (1.03e-1)"	"unprognostic (1.92e-1)"	"unprognostic (1.89e-1)"	"unprognostic (3.06e-2)"	"unprognostic (5.10e-2)"	"unprognostic (1.47e-1)"	"unprognostic (7.44e-2)"	"unprognostic (1.31e-2)"	"unprognostic (1.65e-2)"	"unprognostic (1.71e-1)"	"unprognostic (5.12e-2)"	"unprognostic (2.18e-1)"	"unprognostic (2.05e-1)"	"unprognostic (2.32e-1)"	"unprognostic (2.71e-2)"	"unprognostic (3.08e-1)"	"unprognostic (3.21e-1)"	"unprognostic (1.01e-1)"	"unprognostic (5.46e-2)"	"unprognostic (3.12e-3)"	"unprognostic (1.53e-2)"	"unprognostic (1.45e-1)"	"unprognostic (3.10e-3)"	"unprognostic (2.94e-3)"	"unprognostic (1.29e-1)"	"unprognostic (2.41e-1)"	"unprognostic (1.45e-1)"	"unprognostic (5.71e-3)"	"unprognostic (3.55e-2)"
ARL5A	ARL5	ENSG00000162980	"ADP ribosylation factor like GTPase 5A"	Q9Y689	2	151788984-151828492	"Predicted intracellular proteins"				"Evidence at protein level"	"Evidence at transcript level"	"Evidence at protein level"	"Evidence at protein level"	"Low tissue specificity"	"Detected in all"			"Low cell type specificity"	"Detected in all"			"Cell type enhanced"	"Detected in all"		"central nervous system macrophage: 369.1"	"Low cancer specificity"	"Detected in all"			"Low region specificity"	"Detected in all"			"Immune cell enriched"	"Detected in all"	6	"basophil: 88.6"	"Lineage enriched"	"Detected in all"	6	"granulocytes: 88.6"	"Low cancer specificity"	"Detected in all"			"Thyroid gland - Thyroid glandular cells"	"Low region specificity"	"Detected in all"			"Low region specificity"	"Detected in all"			HPA027002	Approved						NA	NA			"Cluster 46: Basophils - Proteolysis"	"Cluster 35: Non-specific - Mitochondria"	"Cluster 21: Non-specific - Metabolism"	"Cluster 26: Non-specific - Mitochondria & RNA binding"	"Cluster 49: Non-specific - Transcription"	2			"HPA027002: AB_10601685"	"unprognostic (4.93e-1)"	"unprognostic (2.65e-3)"	"unprognostic (6.70e-2)"	"unprognostic (4.92e-3)"	"unprognostic (1.05e-1)"	"unprognostic (1.89e-1)"	"unprognostic (2.04e-1)"	"unprognostic (2.12e-1)"	"unprognostic (7.26e-2)"	"unprognostic (2.70e-1)"	"potential prognostic favorable (9.23e-10)"	"unprognostic (4.84e-3)"	"unprognostic (1.30e-1)"	"unprognostic (9.82e-2)"	"unprognostic (1.36e-1)"	"unprognostic (1.05e-1)"	"unprognostic (1.72e-1)"	"unprognostic (9.60e-2)"	"unprognostic (6.08e-2)"	"unprognostic (1.35e-1)"	"unprognostic (1.35e-3)"	"unprognostic (1.18e-1)"	"unprognostic (1.66e-1)"	"unprognostic (2.72e-1)"	"unprognostic (1.28e-1)"	"unprognostic (1.42e-1)"	"unprognostic (6.11e-2)"	"unprognostic (1.45e-1)"	"unprognostic (1.51e-1)"	"unprognostic (3.80e-2)"	"unprognostic (3.70e-2)"
ASAP2	"CENTB3, DDEF2, KIAA0400, PAP, SHAG1"	ENSG00000151693	"ArfGAP with SH3 domain, ankyrin repeat and PH domain 2"	O43150	2	9206765-9405683	"Predicted intracellular proteins"		"GTPase activation"		"Evidence at protein level"	"Evidence at protein level"	"Evidence at protein level"	"Evidence at protein level"	"Tissue enhanced"	"Detected in many"		"testis: 45.4"	"Cell type enhanced"	"Detected in many"		"Astrocytes: 133.8"	"Low cell type specificity"	"Detected in all"			"Low cancer specificity"	"Detected in all"			"Low region specificity"	"Detected in all"			"Immune cell enriched"	"Detected in single"	7	"basophil: 2.7"	"Lineage enriched"	"Detected in single"	7	"granulocytes: 2.7"	"Low cancer specificity"	"Detected in all"			"Adrenal gland - Fibroblasts, Heart muscle - Smooth muscle cells, Pituitary gland - Somatotropes, Testis - Early spermatids, Testis - Late spermatids"	"Low region specificity"	"Detected in all"			"Low region specificity"	"Detected in all"			"CAB018615, HPA068383"	Approved		Supported	"Plasma membrane,Cytosol"			NA	NA		130000	"Cluster 41: Basophils - Unknown function"	"Cluster 46: Testis - Spermatogenesis"	"Cluster 37: Neurons - Mixed function"	"Cluster 53: Squamous epithelial cells - Keratinization"	"Cluster 34: Neurons - Neuronal signaling"	11	Cytosol	"Plasma membrane"	"CAB018615: AB_2242947, HPA068383: "	"unprognostic (1.00e-1)"	"unprognostic (7.36e-2)"	"unprognostic (1.99e-1)"	"unprognostic (1.94e-2)"	"unprognostic (1.34e-1)"	"unprognostic (5.13e-2)"	"unprognostic (2.63e-1)"	"unprognostic (7.39e-2)"	"unprognostic (1.39e-2)"	"unprognostic (1.73e-2)"	"potential prognostic favorable (5.17e-7)"	"unprognostic (1.01e-2)"	"unprognostic (1.26e-1)"	"unprognostic (2.26e-2)"	"unprognostic (6.11e-2)"	"unprognostic (1.22e-3)"	"unprognostic (1.56e-2)"	"unprognostic (1.72e-1)"	"unprognostic (1.27e-1)"	"unprognostic (1.24e-1)"	"unprognostic (1.85e-2)"	"validated prognostic unfavorable (9.24e-5)"	"validated prognostic unfavorable (1.81e-5)"	"unprognostic (1.39e-1)"	"unprognostic (1.83e-2)"	"unprognostic (2.16e-3)"	"unprognostic (2.04e-1)"	"unprognostic (1.28e-1)"	"unprognostic (2.85e-1)"	"unprognostic (6.50e-2)"	"unprognostic (6.33e-2)"
ASPN	"FLJ20129, PLAP-1, SLRR1C"	ENSG00000106819	Asporin	Q9BXN1	9	92456205-92482506	"Disease related genes, Human disease related genes, Plasma proteins, Predicted intracellular proteins, Predicted secreted proteins"	Biomineralization			"Evidence at protein level"	"Evidence at protein level"	"Evidence at protein level"	"Evidence at protein level"	"Tissue enhanced"	"Detected in many"		"heart muscle: 92.0;smooth muscle: 106.5"	"Cell type enhanced"	"Detected in some"		"Basal keratinocytes: 40.4;Fibroblasts: 71.3;Microglial cells: 23.3;Ovarian stromal cells: 17.3;Sertoli cells: 21.8;Smooth muscle cells: 62.8"	"Group enriched"	"Detected in all"	6	"fibroblast: 201.0;pericyte: 63.3"	"Cancer enhanced"	"Detected in all"		"Breast Invasive Carcinoma (TCGA): 84.2"	"Low region specificity"	"Detected in all"			"Immune cell enriched"	"Detected in single"	5	"basophil: 1.8"	"Lineage enriched"	"Detected in single"	5	"granulocytes: 1.8"	"Cancer enhanced"	"Detected in single"		"Brain cancer: 1.0"	"Adipose subcutaneous - Adipose progenitor cells, Heart muscle - Fibroblasts, Kidney - Fibroblasts, Liver - Hepatic stellate cells, Minor Salivary Gland - Fibroblasts, Pituitary gland - Fibroblasts, Skin - Fibroblast_1, Spleen - Smooth muscle cells, Thyroid gland - Fibroblasts"	"Low region specificity"	"Detected in all"			"Low region specificity"	"Detected in all"			"HPA007894, HPA008435, HPA024230"	Approved		Uncertain	Nucleoplasm,Cytosol	"Secreted to extracellular matrix"	Other	NA	NA		1200000		"Cluster 41: Smooth muscle tissue - ECM organization"	"Cluster 25: Non-specific - Transcription"	"Cluster 64: Connective tissue cells - ECM organization"	"Cluster 53: Fibroblasts - ECM organization"		Nucleoplasm	Cytosol	"HPA007894: , HPA008435: AB_1845112, HPA024230: AB_1845113"	"potential prognostic favorable (5.89e-4)"	"unprognostic (2.78e-1)"	"unprognostic (1.88e-1)"	"unprognostic (6.60e-2)"	"unprognostic (2.02e-3)"	"unprognostic (9.52e-2)"	"unprognostic (6.09e-2)"	"unprognostic (6.37e-3)"	"unprognostic (2.01e-2)"	"potential prognostic unfavorable (2.58e-4)"	"unprognostic (1.01e-1)"	"unprognostic (3.12e-2)"	"potential prognostic unfavorable (2.46e-5)"	"unprognostic (9.84e-3)"	"unprognostic (1.55e-2)"	"unprognostic (1.60e-1)"	"unprognostic (2.02e-2)"	"unprognostic (2.70e-1)"	"unprognostic (3.87e-2)"	"unprognostic (1.21e-1)"	"potential prognostic unfavorable (1.24e-4)"	"unprognostic (6.88e-2)"	"unprognostic (1.92e-2)"	"unprognostic (3.34e-2)"	"unprognostic (3.69e-2)"	"unprognostic (2.24e-2)"	"unprognostic (1.18e-1)"	"potential prognostic unfavorable (2.54e-4)"	"unprognostic (5.01e-2)"	"unprognostic (7.23e-3)"	"unprognostic (9.37e-2)"
ATL1	"AD-FSP, FSP1, SPG3, SPG3A"	ENSG00000198513	"Atlastin GTPase 1"	Q8WXF7	14	50532509-50634017	"Disease related genes, Human disease related genes, Potential drug targets, Predicted intracellular proteins, Predicted membrane proteins, Transporters"		Hydrolase	"Disease variant, Hereditary spastic paraplegia, Neurodegeneration, Neuropathy"	"Evidence at protein level"	"Evidence at protein level"	"Evidence at protein level"	"Evidence at protein level"	"Tissue enhanced"	"Detected in many"		"brain: 58.1"	"Cell type enhanced"	"Detected in many"		"Excitatory neurons: 134.0;Inhibitory neurons: 91.5;Oligodendrocyte precursor cells: 76.4;Oligodendrocytes: 127.3"	"Low cell type specificity"	"Detected in all"			"Low cancer specificity"	"Detected in many"			"Low region specificity"	"Detected in all"			"Immune cell enriched"	"Detected in many"	4	"basophil: 12.9"	"Lineage enriched"	"Detected in many"	5	"granulocytes: 12.9"	"Cancer enhanced"	"Detected in many"		"Neuroblastoma: 12.6"	"Kidney - Fibroblasts, Testis - Early spermatids, Thyroid gland - Fibroblasts"	"Low region specificity"	"Detected in all"			"Low region specificity"	"Detected in all"			HPA027550	Enhanced						NA	NA		6200	"Cluster 46: Basophils - Proteolysis"	"Cluster 33: Brain - Neuronal signaling"	"Cluster 14: Neurons - Synaptic function"	"Cluster 17: Neuroblastoma - Neuronal signaling"	"Cluster 34: Neurons - Neuronal signaling"	28			"HPA027550: AB_10600983"	"unprognostic (4.34e-2)"	"unprognostic (3.12e-2)"	"unprognostic (5.56e-1)"	"unprognostic (6.40e-2)"	"unprognostic (1.71e-1)"	"unprognostic (1.65e-1)"	"unprognostic (1.79e-1)"	"potential prognostic favorable (7.50e-4)"	"unprognostic (1.42e-1)"	"unprognostic (7.83e-2)"	"validated prognostic favorable (2.15e-7)"	"validated prognostic favorable (2.96e-5)"	"potential prognostic favorable (1.76e-4)"		"unprognostic (8.30e-3)"	"unprognostic (1.32e-1)"	"unprognostic (7.80e-2)"	"unprognostic (1.45e-1)"	"unprognostic (1.49e-1)"	"unprognostic (2.69e-2)"	"unprognostic (2.36e-2)"	"unprognostic (5.94e-2)"	"unprognostic (3.26e-1)"	"unprognostic (7.56e-2)"	"unprognostic (8.04e-3)"	"unprognostic (2.19e-1)"	"unprognostic (1.12e-1)"	"unprognostic (5.00e-2)"	"unprognostic (1.25e-1)"	"unprognostic (1.08e-1)"	"unprognostic (7.47e-2)"
ATP10D	"ATPVD, KIAA1487"	ENSG00000145246	"ATPase phospholipid transporting 10D (putative)"	Q9P241	4	47485275-47593486	"Enzymes, Predicted membrane proteins, Transporters"	"Lipid transport, Transport"	Translocase		"Evidence at protein level"	"Evidence at protein level"	"Evidence at protein level"	"Evidence at protein level"	"Low tissue specificity"	"Detected in all"			"Cell type enhanced"	"Detected in many"		"Syncytiotrophoblasts: 204.0"	"Low cell type specificity"	"Detected in all"			"Cancer enhanced"	"Detected in many"		"Kidney Chromophobe (TCGA): 18.0"	"Low region specificity"	"Detected in all"			"Immune cell enriched"	"Detected in many"	12	"basophil: 84.5"	"Lineage enriched"	"Detected in all"	12	"granulocytes: 84.5"	"Low cancer specificity"	"Detected in all"			"Skin - Keratinocyte (other)"	"Not detected"	"Not detected"			"Low region specificity"	"Detected in all"			HPA050808	Approved		Supported	"Nucleoplasm,Plasma membrane"			NA	NA			"Cluster 32: Basophils - Transcription"	"Cluster 75: Epithelium - Extracellular exosomes"	"Cluster 36: Choroid plexus - Mixed function"	"Cluster 64: Connective tissue cells - ECM organization"	"Cluster 27: Syncytiotrophoblasts - Pregnancy"		"Nucleoplasm, Plasma membrane"		"HPA050808: AB_2681242"	"unprognostic (1.53e-1)"	"unprognostic (6.67e-2)"	"unprognostic (7.05e-2)"	"unprognostic (2.29e-1)"	"unprognostic (5.43e-2)"	"unprognostic (2.27e-1)"	"unprognostic (1.82e-1)"	"unprognostic (1.29e-1)"	"unprognostic (1.51e-1)"	"unprognostic (2.08e-2)"	"validated prognostic favorable (1.32e-8)"	"validated prognostic favorable (2.64e-4)"	"unprognostic (3.30e-1)"		"unprognostic (1.77e-1)"	"unprognostic (9.13e-2)"	"unprognostic (9.70e-3)"	"unprognostic (1.12e-1)"	"unprognostic (1.44e-1)"	"unprognostic (1.46e-2)"	"unprognostic (1.22e-1)"	"unprognostic (1.13e-1)"	"unprognostic (3.77e-2)"	"unprognostic (1.34e-1)"	"unprognostic (1.49e-1)"	"unprognostic (2.37e-1)"	"unprognostic (1.08e-2)"	"unprognostic (9.00e-2)"	"unprognostic (8.57e-2)"	"potential prognostic unfavorable (6.07e-4)"	"unprognostic (3.10e-3)"
ATP9A	"ATPIIA, KIAA0611"	ENSG00000054793	"ATPase phospholipid transporting 9A (putative)"	O75110	20	51596514-51768390	"Enzymes, Predicted membrane proteins, Transporters"	"Lipid transport, Transport"	Translocase	"Disease variant, Intellectual disability"	"Evidence at protein level"	"Evidence at protein level"	"Evidence at protein level"	"Evidence at protein level"	"Tissue enhanced"	"Detected in all"		"brain: 90.6"	"Cell type enhanced"	"Detected in many"		"Excitatory neurons: 108.4;Inhibitory neurons: 83.4;Oligodendrocytes: 84.0"	"Low cell type specificity"	"Detected in all"			"Low cancer specificity"	"Detected in all"			"Low region specificity"	"Detected in all"			"Immune cell enriched"	"Detected in some"	4	"basophil: 4.4"	"Lineage enriched"	"Detected in many"	4	"granulocytes: 4.4"	"Low cancer specificity"	"Detected in many"			"Adipose subcutaneous - Adipocytes (Subcutaneous), Adipose visceral - Adipocytes (Visceral), Thyroid gland - Thyroid glandular cells"	"Low region specificity"	"Detected in all"			"Low region specificity"	"Detected in all"			"CAB020699, HPA035630"	Enhanced						NA	NA			"Cluster 15: NK-cells - Unknown function"	"Cluster 22: Brain - Synaptic signal transduction"	"Cluster 14: Neurons - Synaptic function"	"Cluster 40: Non-specific - Unknown function"	"Cluster 16: Intestinal goblet cells - Mucin production"	9			"CAB020699: , HPA035630: AB_10669526"	"unprognostic (5.37e-3)"	"unprognostic (1.08e-1)"	"unprognostic (2.01e-1)"	"unprognostic (3.10e-2)"	"unprognostic (2.97e-1)"	"unprognostic (1.68e-1)"	"unprognostic (4.02e-1)"	"unprognostic (4.36e-2)"	"unprognostic (3.94e-1)"	"unprognostic (1.31e-1)"	"unprognostic (1.52e-3)"	"unprognostic (3.88e-2)"	"unprognostic (3.16e-1)"	"unprognostic (3.06e-2)"	"unprognostic (7.54e-3)"	"unprognostic (4.24e-2)"	"unprognostic (1.92e-2)"	"unprognostic (1.43e-3)"	"unprognostic (1.79e-2)"	"unprognostic (8.54e-3)"	"potential prognostic unfavorable (1.60e-4)"	"unprognostic (1.63e-2)"	"unprognostic (2.54e-1)"	"unprognostic (2.49e-1)"	"unprognostic (3.30e-3)"	"unprognostic (1.20e-1)"	"unprognostic (2.65e-2)"	"unprognostic (4.66e-2)"	"unprognostic (2.16e-1)"	"unprognostic (7.77e-2)"	"unprognostic (1.54e-2)"
BICC1		ENSG00000122870	"BicC family RNA binding protein 1"	Q9H694	10	58512872-58831435	"Disease related genes, Predicted intracellular proteins"		"Developmental protein, RNA-binding"	"Disease variant"	"Evidence at protein level"	"Evidence at transcript level"	"Evidence at protein level"	"Evidence at protein level"	"Tissue enhanced"	"Detected in many"		"kidney: 27.6"	"Cell type enhanced"	"Detected in many"		"Astrocytes: 114.3;Cholangiocytes: 164.1;Distal tubular cells: 138.3;Ductal cells: 91.7;Microglial cells: 158.4;Proximal tubular cells: 176.1"	"Cell type enriched"	"Detected in all"	5	"fibroblast: 1315.7"	"Cancer enhanced"	"Detected in all"		"Kidney Renal Clear Cell Carcinoma (TCGA): 33.9;Kidney Renal Papillary Cell Carcinoma (TCGA): 64.6"	"Low region specificity"	"Detected in all"			"Immune cell enriched"	"Detected in single"	10	"basophil: 6.2"	"Lineage enriched"	"Detected in single"	10	"granulocytes: 6.2"	"Cancer enhanced"	"Detected in many"		"Kidney cancer: 68.3"	"Breast - Fibroblasts, Heart muscle - Fibroblasts, Lung - Fibroblast_2, Prostate - Fibroblasts, Spleen - Fibroblast_1"	"Low region specificity"	"Detected in all"			"Low region specificity"	"Detected in all"			HPA070797			Approved	Centrosome,Cytosol			NA	NA			"Cluster 41: Basophils - Unknown function"	"Cluster 51: Thyroid gland - Unknown function"	"Cluster 23: Choroid plexus - Mixed function"	"Cluster 15: Kidney cancer - Membrane components"	"Cluster 53: Fibroblasts - ECM organization"		Cytosol	Centrosome	"HPA070797: "	"unprognostic (8.93e-2)"	"unprognostic (1.73e-1)"	"unprognostic (2.58e-1)"	"unprognostic (6.92e-3)"	"unprognostic (1.05e-1)"	"unprognostic (2.07e-1)"	"unprognostic (3.73e-3)"	"unprognostic (1.49e-2)"	"unprognostic (7.07e-2)"	"unprognostic (9.56e-2)"	"potential prognostic favorable (4.08e-5)"	"unprognostic (9.46e-2)"	"unprognostic (1.74e-1)"	"unprognostic (2.96e-3)"	"unprognostic (1.47e-1)"	"unprognostic (1.18e-2)"	"unprognostic (1.39e-1)"	"unprognostic (1.06e-1)"	"unprognostic (2.88e-1)"	"potential prognostic unfavorable (5.86e-4)"	"unprognostic (5.94e-2)"	"unprognostic (2.01e-3)"	"unprognostic (5.20e-2)"	"unprognostic (8.93e-2)"	"unprognostic (1.45e-1)"	"unprognostic (8.77e-3)"	"unprognostic (2.10e-1)"	"unprognostic (1.56e-3)"	"unprognostic (2.64e-2)"	"unprognostic (4.64e-2)"	"unprognostic (7.55e-2)"
BIRC6	BRUCE	ENSG00000115760	"Baculoviral IAP repeat containing 6"	Q9NR09	2	32357023-32619571	"Cancer-related genes, Enzymes, Metabolic proteins, Plasma proteins, Predicted intracellular proteins"	"Apoptosis, Cell cycle, Cell division, Mitosis, Ubl conjugation pathway"	"Protease inhibitor, Thiol protease inhibitor, Transferase"	"Cancer-related genes"	"Evidence at protein level"	"Evidence at protein level"	"Evidence at protein level"	"Evidence at protein level"	"Low tissue specificity"	"Detected in all"			"Cell type enhanced"	"Detected in many"		"Excitatory neurons: 262.7;Inhibitory neurons: 279.1;Oligodendrocytes: 336.3"	"Low cell type specificity"	"Detected in all"			"Low cancer specificity"	"Detected in all"			"Low region specificity"	"Detected in all"			"Immune cell enriched"	"Detected in many"	5	"basophil: 9.7"	"Lineage enriched"	"Detected in all"	5	"granulocytes: 9.7"	"Low cancer specificity"	"Detected in all"			"Adrenal gland - Adrenal cortex cells"	"Low region specificity"	"Detected in all"			"Low region specificity"	"Detected in all"			"HPA074409, HPA074738"	Approved		Supported	"Golgi apparatus,Vesicles,Mitotic spindle"			Yes	No			"Cluster 24: Non-specific - Transcription"	"Cluster 16: Non-specific - Transcription"	"Cluster 28: Oligodendrocytes - Mixed function"	"Cluster 26: Non-specific - Mitochondria & RNA binding"	"Cluster 55: Non-specific - Transcription"	44	"Golgi apparatus, Vesicles"	"Mitotic spindle"	"HPA074409: , HPA074738: AB_2686710"	"unprognostic (1.98e-1)"	"unprognostic (6.23e-2)"	"unprognostic (1.14e-1)"	"unprognostic (3.23e-2)"	"unprognostic (6.53e-2)"	"unprognostic (2.28e-1)"	"unprognostic (1.16e-2)"	"unprognostic (5.56e-3)"	"unprognostic (4.31e-2)"	"unprognostic (3.19e-3)"	"potential prognostic favorable (1.98e-6)"	"unprognostic (6.24e-3)"	"unprognostic (1.69e-1)"	"unprognostic (2.77e-1)"	"unprognostic (1.47e-1)"	"unprognostic (2.22e-1)"	"unprognostic (8.68e-3)"	"unprognostic (2.77e-2)"	"unprognostic (3.61e-1)"	"unprognostic (1.79e-2)"	"unprognostic (5.70e-2)"	"unprognostic (3.60e-2)"	"potential prognostic unfavorable (6.11e-4)"	"unprognostic (1.17e-1)"	"unprognostic (7.54e-3)"	"potential prognostic favorable (3.11e-4)"	"unprognostic (1.55e-1)"	"unprognostic (3.19e-1)"	"unprognostic (3.08e-1)"	"unprognostic (1.43e-2)"	"unprognostic (1.03e-1)"
BTK	"AGMX1, ATK, IMD1, PSCTK1, XLA"	ENSG00000010671	"Bruton tyrosine kinase"	Q06187	X	101349338-101390796	"Cancer-related genes, Disease related genes, Enzymes, FDA approved drug targets, Human disease related genes, Plasma proteins, Predicted intracellular proteins"	"Adaptive immunity, Apoptosis, Immunity, Innate immunity, Transcription, Transcription regulation"	"Kinase, Transferase, Tyrosine-protein kinase"	"Cancer-related genes, Disease variant, Dwarfism, FDA approved drug targets"	"Evidence at protein level"	"Evidence at protein level"	"Evidence at protein level"	"Evidence at protein level"	"Tissue enhanced"	"Detected in many"		"bone marrow: 25.3;lymphoid tissue: 65.1"	"Cell type enhanced"	"Detected in some"		"B-cells: 78.3;dendritic cells: 57.4;granulocytes: 172.9;Hofbauer cells: 59.3;Kupffer cells: 56.4;Langerhans cells: 41.7;Macrophages: 48.7;monocytes: 87.8;Plasma cells: 50.9"	"Cell type enriched"	"Detected in some"	4	"central nervous system macrophage: 76.5"	"Low cancer specificity"	"Detected in all"			"Low region specificity"	"Detected in many"			"Immune cell enriched"	"Detected in many"	4	"basophil: 515.1"	"Lineage enriched"	"Detected in many"	4	"granulocytes: 515.1"	"Group enriched"	"Detected in some"	93	"Leukemia: 79.9;lymphoma: 84.3;Myeloma: 21.2"	"Adipose subcutaneous - Macrophages, Adrenal gland - Macrophages, Breast - Macrophages, Skeletal muscle - Macrophages, Spleen - B-cells (Spleen), Stomach - Macrophages"	"Low region specificity"	"Detected in many"			"Low region specificity"	"Detected in many"			"HPA001198, HPA002028, CAB016689, CAB080300"	Enhanced		Supported	"Plasma membrane,Cytosol"			NA	NA		2000000	"Cluster 32: Basophils - Transcription"	"Cluster 70: Lymphoid tissue - Immune response"	"Cluster 20: Macrophages & Microglia - Immune response"	"Cluster 49: HMC-1 - Innate immune response"	"Cluster 30: Granulocytes - Unknown function"	39	"Plasma membrane, Cytosol"		"CAB016689: AB_1611894, CAB080300: , HPA001198: AB_1078305, HPA002028: AB_1078306"	"unprognostic (2.58e-1)"	"unprognostic (3.91e-2)"	"unprognostic (2.72e-1)"	"potential prognostic favorable (3.57e-4)"	"unprognostic (9.42e-2)"	"unprognostic (1.68e-1)"	"unprognostic (2.52e-2)"	"unprognostic (6.50e-2)"	"unprognostic (1.15e-2)"	"unprognostic (5.15e-2)"	"unprognostic (8.47e-2)"	"unprognostic (1.57e-1)"	"unprognostic (1.07e-1)"	"unprognostic (1.28e-1)"	"unprognostic (1.20e-1)"	"potential prognostic favorable (1.03e-5)"	"unprognostic (3.35e-2)"	"unprognostic (1.21e-1)"	"unprognostic (2.83e-1)"	"unprognostic (3.52e-1)"	"unprognostic (4.26e-1)"	"unprognostic (1.33e-1)"	"unprognostic (2.66e-3)"	"unprognostic (2.23e-1)"	"unprognostic (2.12e-2)"	"unprognostic (1.36e-1)"	"unprognostic (3.19e-2)"	"unprognostic (1.20e-1)"	"unprognostic (4.51e-3)"	"unprognostic (4.04e-2)"	"unprognostic (9.55e-2)"
C1orf198	"DKFZp667D152, FLJ14525, FLJ16283, FLJ38847, MGC10710"	ENSG00000119280	"Chromosome 1 open reading frame 198"	Q9H425	1	230837119-230869589	"Predicted intracellular proteins"				"Evidence at protein level"	"Evidence at protein level"	"Evidence at protein level"	"Evidence at protein level"	"Tissue enhanced"	"Detected in all"		"brain: 138.8"	"Cell type enhanced"	"Detected in many"		"Alveolar cells type 1: 115.2;Melanocytes: 85.9;Schwann cells: 92.1"	"Cell type enhanced"	"Detected in many"		"astrocyte: 109.8;ependymal cell: 167.3;oligodendrocyte: 120.5"	"Low cancer specificity"	"Detected in all"			"Low region specificity"	"Detected in all"			"Immune cell enriched"	"Detected in many"	4	"basophil: 13.1"	"Lineage enriched"	"Detected in all"	4	"granulocytes: 13.1"	"Low cancer specificity"	"Detected in all"			"Colon - Enteric glia cells, Minor Salivary Gland - Minor salivary glandular cells, Spleen - Fibroblast_1"	"Low region specificity"	"Detected in all"			"Low region specificity"	"Detected in all"			HPA004798	Approved		Supported	Cytosol			NA	NA		41000	"Cluster 14: Non-specific - Unknown function"	"Cluster 54: Non-specific - Basic cellular processes"	"Cluster 13: Oligodendrocytes - Mixed function"	"Cluster 64: Connective tissue cells - ECM organization"	"Cluster 26: Schwann cells & Melanocytes - Mixed function"	4	Cytosol		"HPA004798: AB_1848722"	"unprognostic (3.66e-3)"	"unprognostic (4.36e-2)"	"unprognostic (1.46e-1)"	"unprognostic (1.71e-1)"	"unprognostic (1.98e-2)"	"unprognostic (2.06e-1)"	"unprognostic (2.14e-1)"	"unprognostic (9.05e-3)"	"unprognostic (1.52e-1)"	"unprognostic (2.60e-2)"	"potential prognostic favorable (6.73e-4)"	"unprognostic (2.17e-2)"	"potential prognostic unfavorable (3.04e-4)"	"unprognostic (1.09e-1)"	"unprognostic (1.98e-1)"	"unprognostic (1.33e-1)"	"unprognostic (2.48e-1)"	"unprognostic (3.67e-3)"	"unprognostic (1.31e-1)"	"unprognostic (1.12e-1)"	"unprognostic (2.91e-2)"	"unprognostic (7.96e-2)"	"unprognostic (1.14e-1)"	"unprognostic (6.30e-2)"	"unprognostic (1.39e-2)"	"unprognostic (1.39e-1)"	"unprognostic (2.72e-1)"	"unprognostic (1.50e-1)"	"unprognostic (1.08e-1)"	"unprognostic (3.66e-2)"	"unprognostic (1.09e-1)"
C1orf210	"MGC52423, TEMP"	ENSG00000253313	"Chromosome 1 open reading frame 210"	Q8IVY1	1	43281877-43285617	"Predicted membrane proteins"				"Evidence at protein level"	"Evidence at transcript level"	"No human protein/transcript evidence"	"Evidence at protein level"	"Tissue enhanced"	"Detected in many"		"intestine: 42.6"	"Cell type enhanced"	"Detected in many"		"Distal enterocytes: 123.1;Enteroendocrine cells: 46.7;Paneth cells: 62.0;Proximal enterocytes: 134.3"	"Not detected"	"Not detected"			"Low cancer specificity"	"Detected in many"			"Low region specificity"	"Detected in all"			"Immune cell enriched"	"Detected in single"	14	"basophil: 2.2"	"Lineage enriched"	"Detected in single"	14	"granulocytes: 2.2"	"Low cancer specificity"	"Detected in many"			"Breast - Breast glandular cells, Colon - Colon enterocytes, Liver - Hepatocytes, Lung - Alveolar cells type 2, Stomach - Gastric mucous cells"	"Not detected"	"Not detected"			"Low region specificity"	"Detected in many"			HPA013788	Uncertain		Uncertain	"Nucleoli,Nucleoli rim"			NA	NA			"Cluster 41: Basophils - Unknown function"	"Cluster 55: Kidney & Intestine - Metabolism"	"Cluster 6: Non-specific - Immune response"	"Cluster 10: Ciliated cells - Ion channel activity"	"Cluster 5: Enterocytes - Absorption"	13	"Nucleoli, Nucleoli rim"		"HPA013788: AB_1845637"	"unprognostic (7.35e-2)"	"unprognostic (1.97e-1)"	"unprognostic (6.86e-2)"	"unprognostic (1.18e-1)"	"unprognostic (2.11e-1)"	"unprognostic (1.08e-1)"			"unprognostic (8.59e-2)"	"unprognostic (1.05e-2)"	"validated prognostic favorable (1.22e-12)"	"validated prognostic favorable (4.84e-4)"	"potential prognostic favorable (5.48e-7)"	"unprognostic (1.70e-1)"	"unprognostic (1.33e-2)"	"unprognostic (1.14e-2)"	"unprognostic (2.32e-2)"	"unprognostic (1.33e-1)"	"unprognostic (2.15e-1)"	"unprognostic (9.30e-2)"	"unprognostic (7.29e-2)"	"unprognostic (3.47e-1)"	"unprognostic (1.02e-2)"	"unprognostic (3.56e-2)"	"unprognostic (2.66e-1)"	"unprognostic (2.18e-2)"	"unprognostic (1.90e-1)"	"unprognostic (3.64e-2)"	"unprognostic (1.45e-1)"	"unprognostic (1.38e-1)"	"unprognostic (3.96e-1)"
C1QTNF2	CTRP2	ENSG00000145861	"C1q and TNF related 2"	Q9BXJ5	5	160347754-160370641	"Predicted secreted proteins"				"Evidence at protein level"	"Evidence at transcript level"	"Evidence at protein level"	"Evidence at protein level"	"Low tissue specificity"	"Detected in many"			"Cell type enhanced"	"Detected in some"		"Fibroblasts: 17.2;Leydig cells: 21.6;Lymphatic endothelial cells: 8.1;Peritubular cells: 30.3;Smooth muscle cells: 24.5"	"Cell type enhanced"	"Detected in many"		"pericyte: 19.3;vascular associated smooth muscle cell: 27.8"	"Low cancer specificity"	"Detected in many"			"Low region specificity"	"Detected in all"			"Immune cell enriched"	"Detected in single"	5	"basophil: 1.2"	"Lineage enriched"	"Detected in single"	5	"granulocytes: 1.2"	"Cancer enhanced"	"Detected in some"		"Sarcoma: 7.0"	"Heart muscle - Fibroblasts, Kidney - Fibroblasts, Liver - Hepatic stellate cells, Prostate - Fibroblasts, Skin - Fibroblast_1, Spleen - Fibroblast_1, Stomach - Fibroblasts, Thyroid gland - Fibroblasts"	"Low region specificity"	"Detected in all"			"Low region specificity"	"Detected in all"			HPA061290	Uncertain		Approved	"Golgi apparatus,Centrosome"	"Secreted to blood"	"Complement pathway"	NA	NA	1080000			"Cluster 41: Smooth muscle tissue - ECM organization"	"Cluster 38: Sub-cortical - Mixed function"	"Cluster 33: Sarcoma - Muscle contraction"	"Cluster 53: Fibroblasts - ECM organization"	28	"Golgi apparatus, Centrosome"		"HPA061290: AB_2684468"	"unprognostic (4.66e-3)"	"unprognostic (4.38e-2)"	"unprognostic (3.85e-1)"	"unprognostic (3.44e-2)"		"unprognostic (2.54e-1)"	"unprognostic (9.14e-3)"	"unprognostic (1.19e-2)"	"unprognostic (7.99e-2)"		"unprognostic (3.49e-2)"					"unprognostic (1.42e-1)"						"unprognostic (8.53e-2)"	"unprognostic (1.36e-1)"	"unprognostic (1.10e-1)"		"unprognostic (1.31e-2)"		"potential prognostic unfavorable (9.85e-5)"	"unprognostic (1.17e-1)"		
C20orf203	FLJ33706	ENSG00000198547	"Chromosome 20 open reading frame 203"	Q8NBC4	20	32631625-32673941	"Predicted intracellular proteins"				"Evidence at transcript level"	"Evidence at transcript level"	"Evidence at transcript level"	"Evidence at transcript level"	"Low tissue specificity"	"Detected in single"			"Cell type enhanced"	"Detected in some"		"Astrocytes: 1.5;Cone photoreceptor cells: 1.7;Excitatory neurons: 4.6;Horizontal cells: 3.1;Inhibitory neurons: 4.8;Oligodendrocyte precursor cells: 2.4;Oocytes: 3.7;Rod photoreceptor cells: 2.2"	"Low cell type specificity"	"Detected in some"			"Not detected"	"Not detected"			"Low region specificity"	"Detected in all"			"Immune cell enriched"	"Detected in single"	5	"basophil: 1.0"	"Lineage enriched"	"Detected in single"	5	"granulocytes: 1.0"	"Not detected"	"Not detected"																			NA	NA					"Cluster 37: Neurons - Mixed function"	"Cluster 14: Myeloid leukemia - Innate immune response"	"Cluster 65: Neurons - Synaptic function"																																			
C21orf58		ENSG00000160298	"Chromosome 21 open reading frame 58"	P58505	21	46300181-46323875	"Predicted intracellular proteins"				"Evidence at protein level"	"Evidence at transcript level"	"Evidence at transcript level"	"Evidence at protein level"	"Tissue enhanced"	"Detected in many"		"fallopian tube: 25.6;pituitary gland: 20.2"	"Cell type enhanced"	"Detected in many"		"Ciliated cells: 128.1;Enteroendocrine cells: 38.1;Erythroid cells: 70.0;Spermatocytes: 77.7"	"Cell type enriched"	"Detected in all"	4	"ependymal cell: 75.8"	"Low cancer specificity"	"Detected in all"			"Low region specificity"	"Detected in all"			"Immune cell enriched"	"Detected in some"	4	"basophil: 4.4"	"Lineage enriched"	"Detected in many"	4	"granulocytes: 4.4"	"Low cancer specificity"	"Detected in all"			"Lung - Respiratory ciliated cells, Pancreas - Alpha cells, Pancreas - Beta cells, Spleen - Mitotic cells (Spleen)"	"Not detected"	"Not detected"							"HPA035110, HPA035111"	Uncertain		Approved	"Nucleoplasm,Nuclear bodies,Primary cilium transition zone"			NA	Yes			"Cluster 46: Basophils - Proteolysis"	"Cluster 16: Non-specific - Transcription"	"Cluster 46: Brainstem - Mixed function"	"Cluster 6: Leukemia - Signal transduction"	"Cluster 42: Ciliated cells - Cilium assembly"		Nucleoplasm	"Nuclear bodies, Primary cilium transition zone"	"HPA035110: AB_10603683, HPA035111: AB_2674468"	"unprognostic (1.34e-1)"	"unprognostic (2.04e-1)"	"unprognostic (6.34e-2)"	"unprognostic (2.17e-1)"	"unprognostic (1.01e-2)"	"unprognostic (4.48e-1)"	"unprognostic (2.79e-2)"	"unprognostic (3.45e-1)"	"unprognostic (1.10e-3)"	"unprognostic (1.02e-2)"	"validated prognostic unfavorable (1.15e-6)"	"validated prognostic unfavorable (4.32e-4)"	"unprognostic (2.94e-1)"	"unprognostic (5.54e-3)"	"unprognostic (2.22e-3)"	"unprognostic (1.34e-1)"	"unprognostic (3.48e-2)"	"unprognostic (1.63e-1)"	"unprognostic (1.53e-2)"	"unprognostic (2.24e-1)"	"unprognostic (2.19e-2)"	"unprognostic (2.21e-3)"	"unprognostic (2.85e-1)"	"unprognostic (1.36e-1)"	"unprognostic (1.25e-1)"	"unprognostic (1.21e-1)"	"unprognostic (7.43e-2)"	"unprognostic (1.94e-1)"	"unprognostic (5.72e-2)"	"unprognostic (1.82e-1)"	"unprognostic (9.22e-2)"
C5orf22	FLJ11193	ENSG00000082213	"Chromosome 5 open reading frame 22"	Q49AR2	5	31532287-31555053	"Predicted intracellular proteins"				"Evidence at protein level"	"Evidence at protein level"	"Evidence at protein level"	"Evidence at protein level"	"Low tissue specificity"	"Detected in all"			"Low cell type specificity"	"Detected in all"			"Low cell type specificity"	"Detected in all"			"Low cancer specificity"	"Detected in all"			"Low region specificity"	"Detected in all"			"Immune cell enriched"	"Detected in many"	5	"basophil: 27.9"	"Lineage enriched"	"Detected in all"	5	"granulocytes: 27.9"	"Low cancer specificity"	"Detected in all"				"Low region specificity"	"Detected in all"			"Low region specificity"	"Detected in all"			HPA043062	Approved		Approved	"Nuclear membrane"			NA	NA			"Cluster 41: Basophils - Unknown function"	"Cluster 35: Non-specific - Mitochondria"	"Cluster 14: Neurons - Synaptic function"	"Cluster 29: Non-specific - Unknown function"	"Cluster 49: Non-specific - Transcription"	8	"Nuclear membrane"		"HPA043062: AB_10795766"	"unprognostic (6.80e-2)"	"unprognostic (1.59e-2)"	"unprognostic (2.69e-2)"	"unprognostic (1.50e-2)"	"unprognostic (7.86e-2)"	"unprognostic (1.47e-1)"	"unprognostic (2.86e-1)"	"unprognostic (1.44e-1)"	"unprognostic (1.22e-1)"	"potential prognostic unfavorable (6.63e-4)"	"potential prognostic favorable (1.58e-6)"	"unprognostic (6.27e-2)"	"unprognostic (1.33e-1)"	"unprognostic (2.39e-2)"	"unprognostic (2.58e-2)"	"unprognostic (2.62e-1)"	"unprognostic (4.09e-3)"	"unprognostic (1.46e-1)"	"unprognostic (3.06e-1)"	"unprognostic (1.82e-1)"	"unprognostic (2.00e-1)"	"validated prognostic unfavorable (3.26e-4)"	"validated prognostic unfavorable (3.44e-5)"	"unprognostic (2.34e-1)"	"unprognostic (3.10e-2)"	"unprognostic (5.76e-2)"	"unprognostic (8.11e-2)"	"unprognostic (1.72e-1)"	"unprognostic (5.19e-1)"	"unprognostic (2.04e-3)"	"unprognostic (9.59e-2)"
CA8	"CALS, CARP"	ENSG00000178538	"Carbonic anhydrase 8"	P35219	8	60185412-60281400	"Cancer-related genes, Disease related genes, Human disease related genes, Predicted intracellular proteins"			"Cancer-related genes, Disease variant, Intellectual disability"	"Evidence at protein level"	"Evidence at protein level"	"Evidence at protein level"	"Evidence at protein level"	"Tissue enhanced"	"Detected in many"		"brain: 18.2;parathyroid gland: 38.9"	"Cell type enhanced"	"Detected in many"		"Astrocytes: 87.9;Oligodendrocyte precursor cells: 121.7"	"Cell type enhanced"	"Detected in many"		"LAMP5-LHX6 and Chandelier: 328.4;oligodendrocyte precursor cell: 227.0"	"Cancer enhanced"	"Detected in many"		"Uterine Corpus Endometrial Carcinoma (TCGA): 8.9"	"Region enhanced"	"Detected in all"		"cerebellum: 36.0"	"Immune cell enriched"	"Detected in some"	24	"basophil: 76.2"	"Lineage enriched"	"Detected in many"	24	"granulocytes: 76.2"	"Cancer enhanced"	"Detected in many"		"skin cancer: 9.1"	"Adipose subcutaneous - Endothelial cells, Adipose visceral - Endothelial cells, Heart muscle - Endothelial cells, Pituitary gland - Corticotropes, Prostate - Fibroblasts, Testis - Sertoli cells"	"Region enriched"	"Detected in all"	38	"cerebellum: 1260.6"	"Region enriched"	"Detected in all"	9	"cerebellum: 115.2"	"HPA024748, CAB025545, CAB047309"	Enhanced						NA	NA			"Cluster 46: Basophils - Proteolysis"	"Cluster 61: Brain - Neuronal signaling"	"Cluster 35: Non-specific - DNA binding"	"Cluster 2: Mucus-secreting cells - Unknown function"	"Cluster 76: Oligodendrocyte precursor - Unknown function"	12			"CAB025545: , CAB047309: , HPA024748: AB_1846003"		"unprognostic (3.53e-1)"	"unprognostic (3.95e-1)"	"unprognostic (2.12e-2)"	"unprognostic (1.26e-1)"	"unprognostic (1.31e-1)"	"unprognostic (1.80e-1)"	"potential prognostic favorable (1.33e-4)"		"unprognostic (4.24e-2)"						"unprognostic (1.40e-1)"	"unprognostic (2.35e-2)"	"unprognostic (1.65e-1)"	"unprognostic (1.03e-1)"	"unprognostic (1.11e-1)"	"unprognostic (2.35e-2)"	"potential prognostic favorable (2.98e-5)"	"unprognostic (1.61e-1)"	"unprognostic (7.83e-3)"	"unprognostic (1.72e-1)"	"unprognostic (8.79e-3)"	"unprognostic (8.76e-2)"	"unprognostic (2.80e-1)"			"unprognostic (2.42e-2)"
CACNA1D	"CACH3, CACN4, CACNL1A2, Cav1.3, CCHL1A2"	ENSG00000157388	"Calcium voltage-gated channel subunit alpha1 D"	Q01668	3	53328963-53813733	"Cancer-related genes, Disease related genes, FDA approved drug targets, Human disease related genes, Plasma proteins, Predicted intracellular proteins, Predicted membrane proteins, Transporters, Voltage-gated ion channels"	"Calcium transport, Ion transport, Transport"	"Calcium channel, Ion channel, Voltage-gated channel"	"Cancer-related genes, Deafness, Disease variant, Epilepsy, FDA approved drug targets"	"Evidence at protein level"	"Evidence at transcript level"	"Evidence at protein level"	"Evidence at protein level"	"Low tissue specificity"	"Detected in many"			"Group enriched"	"Detected in many"	5	"Excitatory neurons: 242.8;Horizontal cells: 112.0;Inhibitory neurons: 339.0;Microglial cells: 120.8;Oligodendrocyte precursor cells: 185.4"	"Low cell type specificity"	"Detected in all"			"Low cancer specificity"	"Detected in many"			"Low region specificity"	"Detected in all"			"Immune cell enriched"	"Detected in single"	9	"basophil: 3.7"	"Lineage enriched"	"Detected in single"	20	"granulocytes: 3.7"	"Low cancer specificity"	"Detected in many"			"Breast - Breast glandular cells, Skeletal muscle - Fibroblasts, Spleen - Fibroblast_2, Testis - Peritubular cells"	"Low region specificity"	"Detected in all"			"Low region specificity"	"Detected in all"			HPA020215	Uncertain		Approved	"Nuclear membrane"			NA	NA			"Cluster 46: Basophils - Proteolysis"	"Cluster 64: Neuronal - Transcription"	"Cluster 40: Astrocytes - Astrocyte-neuron interactions"	"Cluster 50: Lymphoma - Unknown function"	"Cluster 69: Neurons - Neuronal signaling"		"Nuclear membrane"		"HPA020215: AB_1845860"	"unprognostic (1.70e-1)"	"unprognostic (1.15e-1)"	"unprognostic (2.50e-2)"		"unprognostic (3.32e-2)"	"unprognostic (8.32e-2)"		"unprognostic (7.08e-3)"		"unprognostic (2.66e-1)"	"potential prognostic favorable (1.69e-8)"	"unprognostic (3.49e-3)"	"unprognostic (1.34e-2)"		"unprognostic (1.57e-1)"	"unprognostic (2.53e-3)"	"unprognostic (6.70e-2)"					"unprognostic (7.68e-2)"	"unprognostic (1.19e-1)"	"unprognostic (2.15e-1)"	"unprognostic (1.06e-2)"	"unprognostic (1.29e-2)"	"unprognostic (2.74e-1)"	"unprognostic (5.70e-2)"			
CASK	"CAGH39, FGS4, LIN2, TNRC8"	ENSG00000147044	"Calcium/calmodulin dependent serine protein kinase"	O14936	X	41514934-41923554	"Disease related genes, Enzymes, Human disease related genes, Potential drug targets, Predicted intracellular proteins, Predicted membrane proteins"		"Calmodulin-binding, Kinase, Serine/threonine-protein kinase, Transferase"	"Disease variant, Intellectual disability"	"Evidence at protein level"	"Evidence at protein level"	"Evidence at protein level"	"Evidence at protein level"	"Low tissue specificity"	"Detected in all"			"Cell type enhanced"	"Detected in many"		"Inhibitory neurons: 129.9;Oligodendrocyte precursor cells: 420.2"	"Low cell type specificity"	"Detected in all"			"Low cancer specificity"	"Detected in all"			"Low region specificity"	"Detected in all"			"Immune cell enriched"	"Detected in many"	5	"basophil: 46.8"	"Lineage enriched"	"Detected in many"	10	"granulocytes: 46.8"	"Low cancer specificity"	"Detected in all"			"Adrenal gland - Adrenal cortex cells, Skin - Outer root sheath cells, Spleen - Endothelial cells"	"Low region specificity"	"Detected in all"			"Low region specificity"	"Detected in all"			"CAB001949, HPA023857"	Enhanced		Supported	Nucleoplasm,Cytosol			NA	NA			"Cluster 46: Basophils - Proteolysis"	"Cluster 45: Intestine - Digestion"	"Cluster 56: Hypothalamus - Neuropeptide signaling"	"Cluster 36: Non-specific - mRNA processing"	"Cluster 76: Oligodendrocyte precursor - Unknown function"	55	Nucleoplasm	Cytosol	"CAB001949: , HPA023857: AB_1846035"	"unprognostic (1.03e-1)"	"unprognostic (1.11e-1)"	"unprognostic (6.70e-2)"	"unprognostic (3.24e-2)"	"unprognostic (6.41e-2)"	"unprognostic (2.48e-1)"	"unprognostic (2.55e-1)"	"unprognostic (2.14e-3)"	"unprognostic (2.47e-1)"	"unprognostic (2.54e-3)"	"unprognostic (1.28e-3)"	"unprognostic (2.04e-1)"	"potential prognostic unfavorable (2.57e-4)"	"unprognostic (1.38e-3)"	"unprognostic (9.92e-2)"	"unprognostic (8.23e-2)"	"unprognostic (2.82e-2)"	"unprognostic (9.07e-2)"	"unprognostic (3.13e-1)"	"unprognostic (4.67e-2)"	"unprognostic (2.12e-2)"	"potential prognostic unfavorable (8.53e-4)"	"unprognostic (2.96e-2)"	"unprognostic (1.62e-1)"	"unprognostic (3.15e-2)"	"unprognostic (4.76e-2)"	"unprognostic (1.21e-1)"	"unprognostic (8.68e-2)"	"unprognostic (2.64e-2)"	"unprognostic (4.54e-2)"	"unprognostic (1.32e-1)"
CAV2	CAV	ENSG00000105971	"Caveolin 2"	P51636	7	116287380-116508541	"Predicted intracellular proteins, Predicted membrane proteins"				"Evidence at protein level"	"Evidence at protein level"	"Evidence at protein level"	"Evidence at protein level"	"Tissue enhanced"	"Detected in many"		"adipose tissue: 219.3"	"Cell type enhanced"	"Detected in many"		"Adipocytes: 286.6;Alveolar cells type 1: 672.1;Basal keratinocytes: 318.9;Basal respiratory cells: 313.2"	"Group enriched"	"Detected in many"	5	"endothelial cell: 88.1;pericyte: 93.5;vascular associated smooth muscle cell: 263.0"	"Low cancer specificity"	"Detected in all"			"Low region specificity"	"Detected in all"			"Immune cell enriched"	"Detected in single"	114	"basophil: 97.0"	"Lineage enriched"	"Detected in single"	433	"granulocytes: 97.0"	"Low cancer specificity"	"Detected in all"			"Spleen - Endothelial cells"	"Low region specificity"	"Detected in all"			"Low region specificity"	"Detected in all"			"CAB013488, HPA044810"	Enhanced		Approved	Vesicles			NA	NA			"Cluster 46: Basophils - Proteolysis"	"Cluster 7: Adipose tissue - Mixed function"	"Cluster 27: Non-specific - Mixed function"	"Cluster 53: Squamous epithelial cells - Keratinization"	"Cluster 45: Non-specific - Mixed function"	37	Vesicles		"CAB013488: AB_2533493, HPA044810: AB_2679098"	"unprognostic (9.28e-2)"	"unprognostic (5.52e-2)"	"unprognostic (1.54e-1)"	"potential prognostic unfavorable (6.78e-4)"	"unprognostic (5.26e-2)"	"unprognostic (1.79e-2)"	"unprognostic (1.02e-2)"	"potential prognostic unfavorable (3.81e-4)"	"potential prognostic unfavorable (9.06e-5)"	"unprognostic (8.11e-2)"	"unprognostic (1.66e-2)"	"unprognostic (8.22e-2)"	"unprognostic (6.11e-2)"	"unprognostic (2.39e-2)"	"unprognostic (4.63e-2)"	"unprognostic (3.83e-2)"	"unprognostic (3.14e-1)"	"unprognostic (1.35e-1)"	"unprognostic (4.32e-2)"	"unprognostic (5.75e-2)"	"unprognostic (1.85e-1)"	"potential prognostic unfavorable (9.59e-6)"	"unprognostic (1.65e-2)"	"unprognostic (5.63e-2)"	"unprognostic (1.60e-1)"	"unprognostic (1.12e-1)"	"unprognostic (7.84e-2)"	"unprognostic (1.65e-2)"	"unprognostic (2.24e-1)"	"unprognostic (2.63e-1)"	"unprognostic (7.19e-2)"
CCBE1	"FLJ30681, KIAA1983"	ENSG00000183287	"Collagen and calcium binding EGF domains 1"	Q6UXH8	18	59430939-59697662	"Disease related genes, Human disease related genes, Plasma proteins, Predicted secreted proteins"	Angiogenesis	"Developmental protein"	"Disease variant, Intellectual disability"	"Evidence at protein level"	"Evidence at protein level"	"Evidence at protein level"	"Evidence at protein level"	"Tissue enhanced"	"Detected in many"		"ovary: 26.4"	"Cell type enhanced"	"Detected in many"		"Excitatory neurons: 54.5;Granulosa cells: 53.5;Mesothelial cells: 24.9;Oocytes: 63.2;Ovarian stromal cells: 57.9;Rod photoreceptor cells: 43.4"	"Cell type enhanced"	"Detected in many"		"hippocampal CA1-3: 458.6"	"Cancer enriched"	"Detected in many"	5	"Kidney Chromophobe (TCGA): 12.7"	"Low region specificity"	"Detected in all"			"Immune cell enriched"	"Detected in some"	6	"basophil: 8.9"	"Lineage enriched"	"Detected in single"	19	"granulocytes: 8.9"	"Group enriched"	"Detected in many"	4	"Adrenocortical cancer: 56.8;thyroid cancer: 19.4"	"Adipose visceral - Mesothelial cells, Adrenal gland - Adrenal cortex cells, Liver - Hepatic stellate cells, Lung - Fibroblast_1, Pancreas - Fibroblasts, Prostate - Smooth muscle cells, Skin - Fibroblast_2"	"Group enriched"	"Detected in many"	5	"cerebral cortex: 2.7;hippocampal formation: 8.7"	"Low region specificity"	"Detected in all"			"HPA041361, HPA041374"	Uncertain		Approved	"Plasma membrane,Cytosol"	"Secreted to extracellular matrix"	"Developmental protein"	NA	NA			"Cluster 20: Non-specific - DNA binding"	"Cluster 62: Connective tissue - ECM organization"	"Cluster 38: Sub-cortical - Mixed function"	"Cluster 72: Neuronal - Signal transduction"	"Cluster 6: Ovarian stromal cells - Transcription"	3	"Plasma membrane, Cytosol"		"HPA041361: AB_10796667, HPA041374: AB_10794515"	"unprognostic (4.22e-1)"		"unprognostic (5.26e-2)"	"unprognostic (1.87e-2)"		"unprognostic (2.44e-1)"			"potential prognostic unfavorable (2.27e-4)"	"unprognostic (4.90e-2)"	"potential prognostic unfavorable (2.17e-4)"	"unprognostic (6.44e-3)"	"unprognostic (5.58e-2)"			"unprognostic (1.88e-1)"	"unprognostic (1.90e-1)"	"unprognostic (1.30e-2)"	"unprognostic (2.75e-1)"				"unprognostic (2.28e-2)"	"unprognostic (2.62e-1)"		"unprognostic (1.05e-2)"	"unprognostic (3.94e-3)"		"unprognostic (1.12e-1)"		"unprognostic (1.27e-1)"
CCDC113	"DKFZp434N1418, HSPC065"	ENSG00000103021	"Coiled-coil domain containing 113"	Q9H0I3	16	58231157-58283836	"Predicted intracellular proteins"	"Cilium biogenesis/degradation"			"Evidence at protein level"	"Evidence at protein level"	"Evidence at protein level"	"Evidence at protein level"	"Tissue enhanced"	"Detected in many"		"fallopian tube: 30.2"	"Group enriched"	"Detected in many"	5	"Ciliated cells: 165.0;Early spermatids: 159.7;Late spermatids: 191.5"	"Cell type enriched"	"Detected in many"	4	"ependymal cell: 133.0"	"Low cancer specificity"	"Detected in many"			"Low region specificity"	"Detected in all"			"Immune cell enriched"	"Detected in single"	10	"basophil: 6.5"	"Lineage enriched"	"Detected in single"	37	"granulocytes: 6.5"	"Low cancer specificity"	"Detected in many"			"Lung - Respiratory ciliated cells, Testis - Early spermatids, Testis - Late spermatids"	"Low region specificity"	"Detected in many"			"Low region specificity"	"Detected in many"			"HPA040759, HPA040869"	Uncertain						NA	NA				"Cluster 8: Ciliated cells - Cilium organization"	"Cluster 17: Choroid plexus - Cilium"	"Cluster 68: Non-specific - Cell cycle regulation"	"Cluster 42: Ciliated cells - Cilium assembly"	2			"HPA040759: AB_2677121, HPA040869: AB_2677180"	"unprognostic (2.09e-2)"	"unprognostic (1.77e-2)"	"unprognostic (8.63e-2)"	"unprognostic (6.10e-2)"	"unprognostic (2.44e-3)"	"unprognostic (1.39e-2)"	"unprognostic (3.77e-1)"	"unprognostic (4.35e-2)"	"potential prognostic unfavorable (3.05e-4)"	"unprognostic (3.97e-2)"	"unprognostic (4.87e-3)"	"unprognostic (7.12e-2)"	"unprognostic (2.44e-1)"			"unprognostic (1.55e-1)"	"unprognostic (1.80e-2)"	"potential prognostic unfavorable (9.94e-5)"	"unprognostic (1.37e-1)"	"unprognostic (1.16e-1)"	"unprognostic (3.38e-1)"	"unprognostic (1.36e-1)"	"unprognostic (1.84e-1)"	"unprognostic (9.64e-2)"	"potential prognostic favorable (5.88e-5)"	"unprognostic (7.53e-2)"	"unprognostic (7.13e-2)"	"unprognostic (2.21e-2)"	"unprognostic (1.40e-1)"	"unprognostic (1.43e-3)"	"unprognostic (3.32e-2)"
CCDC126	FLJ23031	ENSG00000169193	"Coiled-coil domain containing 126"	Q96EE4	7	23597382-23644708	"Predicted intracellular proteins, Predicted secreted proteins"				"Evidence at protein level"	"Evidence at transcript level"	"Evidence at transcript level"	"Evidence at protein level"	"Tissue enhanced"	"Detected in all"		"testis: 33.7"	"Group enriched"	"Detected in all"	18	"Early spermatids: 602.5;Late spermatids: 593.0"	"Low cell type specificity"	"Detected in all"			"Low cancer specificity"	"Detected in all"			"Low region specificity"	"Detected in all"			"Immune cell enriched"	"Detected in all"	6	"basophil: 480.6"	"Lineage enriched"	"Detected in all"	23	"granulocytes: 480.6"	"Low cancer specificity"	"Detected in all"			"Testis - Early spermatids, Testis - Late spermatids, Thyroid gland - Thyroid glandular cells"	"Low region specificity"	"Detected in all"			"Low region specificity"	"Detected in all"			"HPA010969, HPA026883"	Uncertain		Approved	"Golgi apparatus"	"Secreted to blood"	"No annotated function"	NA	NA		22000000	"Cluster 46: Basophils - Proteolysis"	"Cluster 78: Testis - Transcription"	"Cluster 25: Non-specific - Transcription"	"Cluster 67: Non-specific - Unknown function"	"Cluster 11: Late spermatids - Unknown function"		"Golgi apparatus"		"HPA010969: , HPA026883: AB_1846131"	"unprognostic (1.09e-2)"	"unprognostic (6.74e-2)"	"unprognostic (1.80e-1)"	"unprognostic (1.32e-1)"	"unprognostic (5.53e-2)"	"unprognostic (1.92e-2)"	"unprognostic (3.37e-2)"	"unprognostic (6.88e-2)"	"unprognostic (7.34e-2)"	"unprognostic (6.97e-2)"	"potential prognostic favorable (3.57e-5)"	"unprognostic (3.10e-3)"	"unprognostic (7.30e-2)"	"unprognostic (9.22e-2)"	"unprognostic (3.43e-2)"	"unprognostic (3.29e-1)"	"unprognostic (7.42e-2)"	"unprognostic (1.07e-1)"	"unprognostic (1.71e-1)"	"unprognostic (3.59e-2)"	"potential prognostic unfavorable (3.25e-4)"	"unprognostic (5.08e-2)"	"unprognostic (2.72e-1)"	"unprognostic (2.91e-1)"	"unprognostic (1.13e-1)"	"unprognostic (3.50e-2)"	"unprognostic (1.48e-1)"	"unprognostic (1.34e-1)"	"unprognostic (1.14e-1)"	"unprognostic (3.55e-2)"	"unprognostic (4.32e-1)"
CCDC181	"C1orf114, FLJ25846"	ENSG00000117477	"Coiled-coil domain containing 181"	Q5TID7	1	169394870-169460669	"Predicted intracellular proteins"				"Evidence at protein level"	"Evidence at protein level"	"Evidence at transcript level"	"Evidence at protein level"	"Tissue enhanced"	"Detected in many"		"choroid plexus: 31.5;retina: 38.7;testis: 25.5"	"Cell type enhanced"	"Detected in many"		"Bipolar cells: 58.8;Ciliated cells: 67.9;Cone photoreceptor cells: 62.9;Early spermatids: 333.6;Late spermatids: 88.8;Rod photoreceptor cells: 73.6;Spermatocytes: 183.6"	"Low cell type specificity"	"Detected in all"			"Cancer enhanced"	"Detected in many"		"Glioblastoma Multiforme (TCGA): 6.7"	"Low region specificity"	"Detected in all"			"Immune cell enriched"	"Detected in single"	8	"basophil: 1.0"	"Lineage enriched"	"Detected in single"	10	"granulocytes: 1.0"	"Cancer enhanced"	"Detected in many"		"Neuroblastoma: 6.8"	"Lung - Respiratory ciliated cells, Testis - Early spermatids"	"Low region specificity"	"Detected in all"			"Low region specificity"	"Detected in all"			"HPA027189, HPA027275, HPA027281, HPA027312"	Enhanced		Approved	"Nuclear speckles,Acrosome,Mid piece,Principal piece"			NA	NA				"Cluster 8: Ciliated cells - Cilium organization"	"Cluster 17: Choroid plexus - Cilium"	"Cluster 40: Non-specific - Unknown function"	"Cluster 42: Ciliated cells - Cilium assembly"		"Nuclear speckles, Acrosome, Mid piece"	"Principal piece"	"HPA027189: AB_10599252, HPA027275: AB_10602172, HPA027281: AB_10601452, HPA027312: AB_10601349"	"unprognostic (3.22e-2)"						"unprognostic (8.22e-2)"	"unprognostic (2.83e-2)"					"unprognostic (1.17e-1)"			"unprognostic (1.75e-3)"	"unprognostic (4.97e-2)"		"unprognostic (5.64e-2)"	"unprognostic (1.39e-1)"	"unprognostic (2.65e-1)"	"unprognostic (7.06e-2)"	"unprognostic (2.10e-1)"				"unprognostic (8.16e-2)"		"unprognostic (2.72e-2)"	"unprognostic (3.04e-2)"	"unprognostic (2.84e-2)"
CCDC61	"hVFL3, VFL3"	ENSG00000104983	"Coiled-coil domain containing 61"	Q9Y6R9	19	45995461-46021318	"Predicted intracellular proteins"	"Cilium biogenesis/degradation"			"Evidence at protein level"	"Evidence at protein level"	"Evidence at protein level"	"Evidence at protein level"	"Low tissue specificity"	"Detected in all"			"Low cell type specificity"	"Detected in many"			"Low cell type specificity"	"Detected in all"			"Low cancer specificity"	"Detected in all"			"Low region specificity"	"Detected in all"			"Immune cell enriched"	"Detected in some"	5	"basophil: 6.5"	"Lineage enriched"	"Detected in many"	5	"granulocytes: 6.5"	"Low cancer specificity"	"Detected in all"				"Low region specificity"	"Detected in all"			"Low region specificity"	"Detected in all"			"HPA040325, HPA061548"	Uncertain		Approved	Nucleoplasm			NA	NA			"Cluster 11: T-cells - Unknown function"	"Cluster 78: Testis - Transcription"	"Cluster 15: Non-specific - Transcription"	"Cluster 4: Non-specific - Transcription"	"Cluster 49: Non-specific - Transcription"	3	Nucleoplasm		"HPA040325: AB_10672970, HPA061548: AB_2684559"	"unprognostic (1.44e-1)"	"unprognostic (1.95e-2)"	"unprognostic (1.29e-2)"	"unprognostic (9.82e-2)"	"unprognostic (1.20e-1)"	"unprognostic (3.87e-1)"	"unprognostic (1.10e-1)"	"unprognostic (1.44e-1)"	"unprognostic (2.96e-3)"	"unprognostic (3.42e-1)"	"unprognostic (2.10e-1)"	"unprognostic (2.93e-3)"	"potential prognostic favorable (8.67e-4)"	"unprognostic (1.15e-2)"	"unprognostic (4.06e-1)"	"unprognostic (1.66e-1)"	"unprognostic (1.26e-1)"	"unprognostic (3.12e-1)"	"unprognostic (6.66e-2)"	"unprognostic (4.83e-2)"	"unprognostic (9.80e-2)"	"unprognostic (1.99e-1)"	"unprognostic (1.03e-1)"	"unprognostic (3.06e-1)"	"unprognostic (3.39e-2)"	"unprognostic (1.71e-1)"	"unprognostic (2.04e-1)"	"unprognostic (1.58e-1)"	"unprognostic (2.02e-1)"	"unprognostic (1.47e-1)"	"unprognostic (1.98e-2)"
CCNA1	CT146	ENSG00000133101	"Cyclin A1"	P78396	13	36431520-36442870	"Cancer-related genes, Predicted intracellular proteins"	"Cell cycle, Cell division, Mitosis"	Cyclin	"Cancer-related genes"	"Evidence at protein level"	"Evidence at protein level"	"Evidence at protein level"	"Evidence at protein level"	"Tissue enhanced"	"Detected in many"		"parathyroid gland: 21.5;testis: 79.0"	"Group enriched"	"Detected in some"	4	"Ciliated cells: 63.2;Early spermatids: 205.7;Late spermatids: 84.2;Spermatocytes: 238.5"	"Cell type enhanced"	"Detected in many"		"ependymal cell: 25.9"	"Cancer enhanced"	"Detected in many"		"Ovary Serous Cystadenocarcinoma (TCGA): 32.4;Uterine Corpus Endometrial Carcinoma (TCGA): 31.8"	"Low region specificity"	"Detected in all"			"Immune cell enriched"	"Detected in single"	104	"basophil: 49.6"	"Lineage enriched"	"Detected in single"	301	"granulocytes: 49.6"	"Cancer enhanced"	"Detected in many"		"Rhabdoid: 66.7"	"Colon - Colon enteroendocrine cells, Lung - Respiratory ciliated cells, Spleen - Neutrophils, Testis - Early spermatids"	"Low region specificity"	"Detected in many"			"Low region specificity"	"Detected in many"			"HPA060646, HPA077614"	Enhanced		Approved	"Nucleoplasm,Nuclear bodies"			NA	NA			"Cluster 46: Basophils - Proteolysis"	"Cluster 74: Spermatids - Flagellum assembly"	"Cluster 17: Choroid plexus - Cilium"	"Cluster 49: HMC-1 - Innate immune response"	"Cluster 70: Spermatocytes & Spermatids - Spermatid development"	29	"Nucleoplasm, Nuclear bodies"		"HPA060646: AB_2684336, HPA077614: "	"potential prognostic unfavorable (8.90e-4)"	"unprognostic (1.37e-2)"	"unprognostic (3.10e-1)"	"unprognostic (3.20e-1)"			"unprognostic (3.65e-2)"	"unprognostic (1.69e-1)"	"potential prognostic unfavorable (2.07e-4)"							"unprognostic (3.23e-1)"		"unprognostic (3.71e-2)"	"unprognostic (4.30e-2)"	"unprognostic (4.53e-1)"	"unprognostic (1.60e-3)"						"unprognostic (2.31e-1)"		"unprognostic (2.44e-1)"	"unprognostic (9.52e-2)"	"unprognostic (1.00e-1)"
CD200R1	"CD200R, HCRTR2, MOX2R, OX2R"	ENSG00000163606	"CD200 receptor 1"	Q8TD46	3	112921205-112975103	"Predicted intracellular proteins, Predicted membrane proteins"	"Host-virus interaction"	Receptor		"Evidence at protein level"	"Evidence at protein level"	"Evidence at protein level"	"Evidence at protein level"	"Tissue enhanced"	"Detected in many"		"lymphoid tissue: 7.7"	"Cell type enhanced"	"Detected in some"		"Basal squamous epithelial cells: 12.6;granulocytes: 24.1;Hofbauer cells: 29.6;Langerhans cells: 23.3;Macrophages: 9.0;T-cells: 12.2"	"Cell type enhanced"	"Detected in many"		"leukocyte: 35.9"	"Low cancer specificity"	"Detected in some"			"Low region specificity"	"Detected in some"			"Immune cell enriched"	"Detected in many"	4	"basophil: 235.9"	"Lineage enriched"	"Detected in all"	10	"granulocytes: 235.9"	"Cancer enhanced"	"Detected in some"		"cervical cancer: 10.0"	"Adrenal gland - Macrophages"									HPA068512			Supported	"Plasma membrane"	"Intracellular and membrane"	Receptor	NA	NA		990000	"Cluster 46: Basophils - Proteolysis"	"Cluster 70: Lymphoid tissue - Immune response"	"Cluster 23: Choroid plexus - Mixed function"	"Cluster 47: Leukemia - Hemostasis"	"Cluster 58: Macrophages - Innate immune response"	1	"Plasma membrane"		"HPA068512: AB_2732784"			"unprognostic (1.20e-1)"	"unprognostic (5.98e-3)"		"unprognostic (2.48e-1)"		"unprognostic (1.57e-1)"			"unprognostic (1.14e-1)"	"unprognostic (4.85e-2)"			"unprognostic (4.43e-2)"	"potential prognostic favorable (6.71e-7)"	"unprognostic (1.79e-1)"	"unprognostic (2.56e-1)"	"unprognostic (2.79e-1)"				"unprognostic (8.54e-3)"			"unprognostic (9.44e-3)"		"unprognostic (3.76e-1)"			
CD244	"2B4, NAIL, NKR2B4, Nmrk, SLAMF4"	ENSG00000122223	"CD244 molecule"	Q9BZW8	1	160830160-160862887	"CD markers, Human disease related genes, Plasma proteins, Predicted membrane proteins"	"Adaptive immunity, Immunity, Innate immunity"	Receptor		"Evidence at protein level"	"Evidence at transcript level"	"Evidence at protein level"	"Evidence at protein level"	"Tissue enhanced"	"Detected in many"		"bone marrow: 9.8;lymphoid tissue: 16.4"	"Cell type enhanced"	"Detected in some"		"Kupffer cells: 19.0;monocytes: 19.1;NK-cells: 39.7;T-cells: 17.7"	"Cell type enriched"	"Detected in some"	8	"leukocyte: 62.6"	"Low cancer specificity"	"Detected in some"			"Not detected"	"Not detected"			"Immune cell enriched"	"Detected in many"	4	"basophil: 473.6"	"Lineage enriched"	"Detected in many"	6	"granulocytes: 473.6"	"Cancer enriched"	"Detected in single"	17	"Leukemia: 15.3"	"Adipose subcutaneous - T-cells, Adipose visceral - Mesothelial cells, Adrenal gland - T-cells, Breast - T-cells, Heart muscle - T-cells, Kidney - T-cells, Lung - NK-cells (Lung), Minor Salivary Gland - T-cells, Pituitary gland - T-cells, Prostate - T-cells, Thyroid gland - T-cells"	"Not detected"	"Not detected"			"Not detected"	"Not detected"										NA	NA		3500000	"Cluster 41: Basophils - Unknown function"	"Cluster 81: Lymphoid tissue & Bone marrow - Innate immune response"		"Cluster 14: Myeloid leukemia - Innate immune response"	"Cluster 19: NK-cells - Adaptive immune response"	9				"unprognostic (4.31e-2)"		"unprognostic (1.14e-1)"	"unprognostic (2.98e-2)"		"unprognostic (1.01e-1)"		"unprognostic (9.44e-2)"			"unprognostic (7.28e-3)"	"unprognostic (1.70e-1)"			"unprognostic (2.16e-2)"	"unprognostic (7.87e-3)"	"unprognostic (3.34e-1)"		"unprognostic (9.95e-2)"							"unprognostic (2.00e-1)"			"unprognostic (1.95e-1)"		
CDADC1	NYD-SP15	ENSG00000102543	"Cytidine and dCMP deaminase domain containing 1"	Q9BWV3	13	49247925-49293485	"Enzymes, Predicted intracellular proteins"		Hydrolase		"Evidence at protein level"	"Evidence at transcript level"	"Evidence at protein level"	"Evidence at protein level"	"Low tissue specificity"	"Detected in all"			"Group enriched"	"Detected in all"	4	"Early spermatids: 124.4;Late spermatids: 116.5;monocytes: 107.3;Spermatocytes: 40.4"	"Low cell type specificity"	"Detected in all"			"Low cancer specificity"	"Detected in all"			"Low region specificity"	"Detected in all"			"Immune cell enriched"	"Detected in many"	5	"basophil: 9.9"	"Lineage enriched"	"Detected in many"	5	"granulocytes: 9.9"	"Low cancer specificity"	"Detected in many"			"Testis - Early spermatids"	"Low region specificity"	"Detected in all"			"Low region specificity"	"Detected in all"			"HPA047615, HPA058314"	Uncertain		Approved	Nucleoplasm			No	No			"Cluster 42: Non-specific - Vesicular transport"	"Cluster 78: Testis - Transcription"	"Cluster 38: Sub-cortical - Mixed function"	"Cluster 19: Non-specific - Unknown function"	"Cluster 21: Early spermatids - Spermatogenesis"		Nucleoplasm		"HPA047615: AB_2680104, HPA058314: AB_2683677"	"unprognostic (2.72e-1)"	"unprognostic (1.07e-1)"	"unprognostic (4.07e-2)"	"unprognostic (5.42e-2)"	"unprognostic (3.01e-1)"	"unprognostic (1.82e-1)"	"unprognostic (1.26e-1)"	"unprognostic (1.52e-1)"	"unprognostic (1.50e-1)"	"unprognostic (2.28e-1)"	"potential prognostic favorable (1.27e-9)"	"unprognostic (1.46e-3)"	"potential prognostic favorable (2.04e-4)"	"unprognostic (9.82e-3)"	"unprognostic (2.57e-1)"	"potential prognostic favorable (5.02e-4)"	"unprognostic (9.64e-2)"	"unprognostic (1.18e-1)"	"unprognostic (3.12e-2)"	"unprognostic (1.61e-2)"	"unprognostic (5.94e-3)"	"unprognostic (1.87e-2)"	"unprognostic (9.06e-3)"	"unprognostic (1.30e-1)"	"unprognostic (6.64e-2)"	"unprognostic (1.54e-1)"	"unprognostic (8.81e-3)"	"unprognostic (1.11e-2)"	"unprognostic (1.83e-1)"	"unprognostic (3.49e-3)"	"unprognostic (3.65e-2)"
CDC14B	"Cdc14B1, Cdc14B2, CDC14B3, hCDC14B"	ENSG00000081377	"Cell division cycle 14B"	O60729	9	96490241-96619843	"Enzymes, Predicted intracellular proteins, Predicted membrane proteins"	"DNA damage, DNA repair"	"Hydrolase, Protein phosphatase"		"Evidence at protein level"	"Evidence at protein level"	"Evidence at protein level"	"Evidence at protein level"	"Low tissue specificity"	"Detected in many"			"Cell type enhanced"	"Detected in many"		"Astrocytes: 82.1;Excitatory neurons: 80.6;Inhibitory neurons: 105.6;Oligodendrocyte precursor cells: 147.2;Oligodendrocytes: 254.9"	"Low cell type specificity"	"Detected in all"			"Low cancer specificity"	"Detected in many"			"Low region specificity"	"Detected in all"			"Immune cell enriched"	"Detected in many"	5	"basophil: 10.9"	"Lineage enriched"	"Detected in many"	5	"granulocytes: 10.9"	"Low cancer specificity"	"Detected in many"			"Liver - Hepatocytes, Skin - Endothelial cells, Thyroid gland - Thyroid glandular cells"									HPA064747			Supported	"Nucleoplasm,Cell Junctions,Cytosol"			NA	NA			"Cluster 42: Non-specific - Vesicular transport"	"Cluster 78: Testis - Transcription"	"Cluster 11: White matter - Signal transduction"	"Cluster 71: Lymphoma - Inflammatory response"	"Cluster 51: Oligodendrocytes - Unknown function"	12	Nucleoplasm	"Cell Junctions, Cytosol"	"HPA064747: AB_2732719"			"unprognostic (5.37e-2)"		"unprognostic (6.83e-2)"	"unprognostic (2.31e-1)"	"unprognostic (7.83e-2)"	"unprognostic (3.07e-1)"		"unprognostic (3.07e-2)"	"validated prognostic favorable (1.92e-9)"	"validated prognostic favorable (1.80e-4)"	"unprognostic (1.56e-1)"		"unprognostic (1.16e-2)"		"unprognostic (4.86e-2)"		"unprognostic (1.82e-1)"	"unprognostic (5.05e-3)"	"unprognostic (5.72e-2)"		"unprognostic (2.14e-1)"			"unprognostic (1.00e-1)"		"unprognostic (1.96e-2)"	"unprognostic (3.95e-2)"		
CDH20	"Cdh7, CDH7L3"	ENSG00000101542	"Cadherin 20"	Q9HBT6	18	61333430-61555779	"Predicted membrane proteins"	"Cell adhesion"			"Evidence at protein level"	"Evidence at transcript level"	"Evidence at transcript level"	"Evidence at protein level"	"Tissue enhanced"	"Detected in some"		"brain: 18.2;retina: 10.7;tongue: 23.1"	"Group enriched"	"Detected in some"	6	"Astrocytes: 1199.2;Oligodendrocyte precursor cells: 696.6;Oligodendrocytes: 959.3"	"Cell type enhanced"	"Detected in all"		"astrocyte: 2335.3;bergmann glia: 2215.0;oligodendrocyte: 1518.0"	"Cancer enriched"	"Detected in single"	15	"Glioblastoma Multiforme (TCGA): 10.7"	"Low region specificity"	"Detected in all"			"Immune cell enriched"	"Detected in single"	23	"basophil: 2.3"	"Lineage enriched"	"Detected in single"	24	"granulocytes: 2.3"	"Not detected"	"Not detected"			"Adipose subcutaneous - Adipocytes (Subcutaneous), Adipose visceral - Adipocytes (Visceral), Breast - Adipocytes (Breast), Pituitary gland - Corticotropes, Testis - Early spermatids"	"Low region specificity"	"Detected in all"			"Low region specificity"	"Detected in all"										NA	NA				"Cluster 9: Oligodendrocytes - Myelination"	"Cluster 13: Oligodendrocytes - Mixed function"	"Cluster 10: Ciliated cells - Ion channel activity"	"Cluster 47: Astrocytes - Unknown function"											"unprognostic (2.50e-1)"	"potential prognostic favorable (4.44e-5)"																							
CEMP1	CP-23	ENSG00000205923	"Cementum protein 1"	Q6PRD7	16	2530035-2531417	"Metabolic proteins, Predicted intracellular proteins"	Differentiation			"Evidence at protein level"	"Evidence at transcript level"	"Evidence at protein level"	"Evidence at protein level"	"Low tissue specificity"	"Detected in many"			"Group enriched"	"Detected in some"	14	"Early spermatids: 2.4;Late spermatids: 7.6"	"Not detected"	"Not detected"			"Low cancer specificity"	"Detected in many"			"Low region specificity"	"Detected in many"			"Immune cell enriched"	"Detected in single"	7	"basophil: 1.9"	"Lineage enriched"	"Detected in single"	7	"granulocytes: 1.9"	"Cancer enhanced"	"Detected in single"		"Bile duct cancer: 2.6"										"HPA057658, HPA075926"	Approved		Approved	Nucleoplasm			NA	NA				"Cluster 43: Non-specific - Mitochondrial translation"	"Cluster 32: Cerebral cortex - Mixed function"	"Cluster 30: Non-specific - Gene expression regulation"	"Cluster 36: Late spermatids - Unknown function"	1	Nucleoplasm		"HPA057658: AB_2683492, HPA075926: "	"unprognostic (2.30e-1)"	"unprognostic (1.26e-1)"	"unprognostic (2.76e-2)"	"unprognostic (3.45e-2)"			"unprognostic (2.13e-1)"		"unprognostic (8.08e-2)"	"unprognostic (2.47e-1)"	"potential prognostic unfavorable (1.09e-5)"	"unprognostic (8.53e-3)"	"unprognostic (1.84e-1)"	"unprognostic (7.71e-2)"	"unprognostic (7.80e-3)"	"unprognostic (1.57e-1)"			"unprognostic (1.66e-1)"		"unprognostic (5.91e-3)"	"unprognostic (1.61e-2)"	"unprognostic (2.19e-2)"	"unprognostic (6.44e-2)"	"unprognostic (2.66e-1)"		"unprognostic (4.26e-2)"		"unprognostic (6.42e-3)"	"unprognostic (3.71e-1)"	"unprognostic (1.33e-1)"
CLINT1	"CLINT, ENTH, EPNR, KIAA0171"	ENSG00000113282	"Clathrin interactor 1"	Q14677	5	157785743-157859145	"Plasma proteins, Predicted intracellular proteins, Transporters"	Endocytosis			"Evidence at protein level"	"Evidence at protein level"	"Evidence at protein level"	"Evidence at protein level"	"Low tissue specificity"	"Detected in all"			"Low cell type specificity"	"Detected in all"			"Low cell type specificity"	"Detected in all"			"Low cancer specificity"	"Detected in all"			"Low region specificity"	"Detected in all"			"Immune cell enriched"	"Detected in all"	4	"basophil: 751.5"	"Lineage enriched"	"Detected in all"	10	"granulocytes: 751.5"	"Low cancer specificity"	"Detected in all"			"Adrenal gland - Adrenal cortex cells, Lung - Alveolar cells type 2, Thyroid gland - Thyroid glandular cells"	"Low region specificity"	"Detected in all"			"Low region specificity"	"Detected in all"			"HPA043280, HPA056947"	Supported		Supported	Nucleoplasm,Vesicles			NA	NA		430000	"Cluster 46: Basophils - Proteolysis"	"Cluster 40: Non-specific - Transcription"	"Cluster 23: Choroid plexus - Mixed function"	"Cluster 22: Non-specific - mRNA splicing & Cell cycle"	"Cluster 77: Plasma cells - Protein processing"	56	Vesicles	Nucleoplasm	"HPA043280: AB_10793944, HPA056947: AB_2683283"	"unprognostic (2.73e-2)"	"unprognostic (5.94e-2)"	"unprognostic (2.94e-1)"	"unprognostic (3.49e-3)"	"potential prognostic favorable (3.80e-4)"	"unprognostic (1.67e-1)"	"unprognostic (2.82e-1)"	"unprognostic (1.20e-1)"	"unprognostic (2.26e-1)"	"unprognostic (8.66e-3)"	"potential prognostic favorable (3.76e-9)"	"unprognostic (7.39e-3)"	"unprognostic (1.83e-1)"	"unprognostic (5.53e-2)"	"unprognostic (6.86e-2)"	"unprognostic (6.98e-2)"	"unprognostic (9.32e-2)"	"unprognostic (1.94e-1)"	"unprognostic (7.00e-2)"	"unprognostic (2.03e-1)"	"unprognostic (1.79e-1)"	"potential prognostic unfavorable (1.26e-4)"	"unprognostic (2.52e-1)"	"unprognostic (1.52e-1)"	"unprognostic (1.02e-3)"	"potential prognostic unfavorable (4.22e-4)"	"unprognostic (2.28e-1)"	"unprognostic (2.50e-1)"	"unprognostic (3.01e-1)"	"unprognostic (8.87e-3)"	"unprognostic (3.72e-1)"
CLU	"APOJ, CLI, CLU1, CLU2, KUB1, SGP-2, SP-40, TRPM-2"	ENSG00000120885	Clusterin	P10909	8	27596917-27614700	"Cancer-related genes, Candidate cardiovascular disease genes, Plasma proteins, Predicted intracellular proteins, Predicted secreted proteins"	"Apoptosis, Complement pathway, Immunity, Innate immunity"	Chaperone	"Cancer-related genes"	"Evidence at protein level"	"Evidence at protein level"	"Evidence at protein level"	"Evidence at protein level"	"Tissue enhanced"	"Detected in all"		"liver: 9442.3"	"Cell type enhanced"	"Detected in all"		"Basal prostatic cells: 3199.0;Cholangiocytes: 2558.4;Collecting duct cells: 3117.6;Hepatocytes: 3758.6;Muller glia cells: 6791.7;Secretory cells: 6049.9"	"Cell type enhanced"	"Detected in all"		"astrocyte: 1942.6;ependymal cell: 2071.7"	"Cancer enhanced"	"Detected in all"		"Glioblastoma Multiforme (TCGA): 20296.0;Thyroid Carcinoma (TCGA): 13243.9"	"Low region specificity"	"Detected in all"			"Immune cell enriched"	"Detected in many"	10	"basophil: 773.3"	"Lineage enriched"	"Detected in all"	33	"granulocytes: 773.3"	"Low cancer specificity"	"Detected in all"			"Liver - Hepatocytes, Lung - Fibroblast_2, Prostate - Smooth muscle cells, Testis - Sertoli cells"	"Low region specificity"	"Detected in all"			"Low region specificity"	"Detected in all"			"HPA000572, CAB016253, HPA075983, CAB080180"	Enhanced		Supported	Cytosol	"Secreted to blood"	"Complement pathway"	NA	NA	169000000000	37000000000	"Cluster 41: Basophils - Unknown function"	"Cluster 50: Epididymis - Male reproductive secretion"	"Cluster 39: Astrocytes - Mixed function"	"Cluster 72: Neuronal - Signal transduction"	"Cluster 10: Muller glia cells - Visual perception"	48	Cytosol		"CAB016253: AB_673562, CAB080180: , HPA000572: AB_1078539, HPA075983: "	"unprognostic (3.04e-1)"	"unprognostic (1.06e-2)"	"unprognostic (8.82e-2)"	"unprognostic (4.33e-2)"	"unprognostic (3.32e-2)"	"unprognostic (7.11e-2)"	"unprognostic (9.27e-2)"	"potential prognostic unfavorable (3.61e-4)"	"unprognostic (1.58e-1)"	"unprognostic (2.85e-2)"	"unprognostic (1.09e-3)"	"unprognostic (7.17e-3)"	"unprognostic (8.77e-2)"	"unprognostic (1.15e-3)"	"potential prognostic favorable (5.56e-5)"	"unprognostic (1.08e-1)"	"unprognostic (1.47e-2)"	"unprognostic (7.85e-2)"	"unprognostic (1.38e-2)"	"unprognostic (3.10e-1)"	"unprognostic (1.48e-1)"	"unprognostic (3.33e-2)"	"unprognostic (1.13e-1)"	"unprognostic (4.24e-2)"	"unprognostic (6.55e-3)"	"unprognostic (2.37e-2)"	"unprognostic (1.94e-1)"	"unprognostic (2.20e-2)"	"unprognostic (1.34e-1)"	"unprognostic (1.02e-3)"	"unprognostic (4.13e-1)"
CNRIP1	"C2orf32, CRIP1, CRIP1a, CRIP1b, DKFZP566K1924"	ENSG00000119865	"Cannabinoid receptor interacting protein 1"	Q96F85	2	68284171-68320051	"Predicted intracellular proteins"				"Evidence at protein level"	"Evidence at protein level"	"Evidence at protein level"	"Evidence at protein level"	"Tissue enhanced"	"Detected in all"		"brain: 69.1"	"Cell type enhanced"	"Detected in many"		"Erythroid cells: 122.1;granulocytes: 129.8;Oocytes: 292.6"	"Low cell type specificity"	"Detected in all"			"Cancer enhanced"	"Detected in all"		"Glioblastoma Multiforme (TCGA): 30.0"	"Low region specificity"	"Detected in all"			"Immune cell enriched"	"Detected in single"	109	"basophil: 12.3"	"Lineage enriched"	"Detected in single"	109	"granulocytes: 12.3"	"Cancer enhanced"	"Detected in many"		"Neuroblastoma: 51.2"	"Liver - Vascular Endothelial cells, Lung - Fibroblast_1, Minor Salivary Gland - Endothelial cells, Prostate - Fibroblasts, Spleen - Endothelial cells"	"Low region specificity"	"Detected in all"			"Low region specificity"	"Detected in all"			HPA035337			Approved	Cytosol			NA	NA		55000	"Cluster 46: Basophils - Proteolysis"	"Cluster 64: Neuronal - Transcription"	"Cluster 51: Neurons - Mixed function"	"Cluster 47: Leukemia - Hemostasis"	"Cluster 1: Erythroid cells - Oxygen transport"	5	Cytosol		"HPA035337: AB_10601359"	"unprognostic (3.07e-1)"	"unprognostic (2.37e-1)"	"unprognostic (2.25e-1)"	"unprognostic (9.89e-3)"	"unprognostic (5.10e-2)"	"unprognostic (9.17e-2)"	"unprognostic (7.96e-2)"	"unprognostic (4.28e-3)"	"unprognostic (8.01e-2)"	"unprognostic (9.28e-2)"	"unprognostic (1.49e-3)"	"unprognostic (1.25e-3)"	"unprognostic (1.03e-2)"	"unprognostic (2.60e-1)"	"unprognostic (7.54e-2)"	"unprognostic (1.54e-2)"	"unprognostic (1.07e-1)"	"unprognostic (8.57e-3)"	"unprognostic (2.91e-1)"	"unprognostic (1.37e-2)"	"unprognostic (5.01e-2)"	"unprognostic (1.09e-2)"	"unprognostic (1.43e-1)"	"unprognostic (8.48e-2)"	"unprognostic (1.09e-1)"	"unprognostic (6.62e-2)"	"unprognostic (2.25e-1)"	"unprognostic (1.03e-2)"	"unprognostic (1.63e-2)"	"unprognostic (1.11e-2)"	"unprognostic (2.27e-2)"
COLGALT2	"C1orf17, GLT25D2, KIAA0584"	ENSG00000198756	"Collagen beta(1-O)galactosyltransferase 2"	Q8IYK4	1	183929854-184037729	"Enzymes, Metabolic proteins, Predicted intracellular proteins"		"Glycosyltransferase, Transferase"		"Evidence at protein level"	"Evidence at transcript level"	"Evidence at protein level"	"Evidence at protein level"	"Tissue enhanced"	"Detected in many"		"brain: 28.1"	"Cell type enhanced"	"Detected in many"		"Astrocytes: 50.8;Excitatory neurons: 77.3;Inhibitory neurons: 68.5;Late spermatids: 81.2;Oligodendrocyte precursor cells: 108.0;Oligodendrocytes: 334.4"	"Cell type enhanced"	"Detected in all"		"oligodendrocyte: 576.5"	"Group enriched"	"Detected in many"	4	"Glioblastoma Multiforme (TCGA): 24.8;Skin Cuteneous Melanoma (TCGA): 10.0"	"Low region specificity"	"Detected in all"			"Immune cell enriched"	"Detected in single"	30	"basophil: 11.1"	"Lineage enriched"	"Detected in single"	30	"granulocytes: 11.1"	"Cancer enhanced"	"Detected in many"		"Rhabdoid: 18.5"	"Prostate - Fibroblasts, Stomach - Fibroblasts"	"Low region specificity"	"Detected in all"			"Low region specificity"	"Detected in all"			"HPA031749, HPA031750"	Approved		Approved	Nucleoplasm,Vesicles	"Intracellular and membrane"	Enzyme	NA	NA			"Cluster 15: NK-cells - Unknown function"	"Cluster 9: Oligodendrocytes - Myelination"	"Cluster 28: Oligodendrocytes - Mixed function"	"Cluster 5: Rhabdoid - Unknown function"	"Cluster 51: Oligodendrocytes - Unknown function"	13	Nucleoplasm	Vesicles	"HPA031749: AB_10599298, HPA031750: AB_10611252"						"unprognostic (1.26e-1)"	"unprognostic (3.22e-2)"	"unprognostic (2.68e-1)"								"unprognostic (1.55e-2)"	"unprognostic (1.49e-1)"	"unprognostic (5.14e-2)"	"unprognostic (1.78e-3)"			"unprognostic (3.79e-1)"	"potential prognostic favorable (3.35e-4)"	"unprognostic (5.21e-2)"		"unprognostic (5.61e-2)"	"unprognostic (2.60e-1)"	"unprognostic (2.50e-2)"	"unprognostic (1.04e-1)"	"unprognostic (2.63e-2)"	"unprognostic (1.25e-1)"
CPA3		ENSG00000163751	"Carboxypeptidase A3"	P15088	3	148865296-148897203	"Enzymes, Metabolic proteins, Plasma proteins, Predicted secreted proteins"		"Carboxypeptidase, Hydrolase, Metalloprotease, Protease"		"Evidence at protein level"	"Evidence at protein level"	"Evidence at protein level"	"Evidence at protein level"	"Tissue enhanced"	"Detected in many"		"gallbladder: 108.3;lung: 83.7"	"Cell type enriched"	"Detected in some"	180	"granulocytes: 4512.3"	"Cell type enhanced"	"Detected in single"		"leukocyte: 1.7"	"Low cancer specificity"	"Detected in many"			"Not detected"	"Not detected"			"Immune cell enriched"	"Detected in single"	1540	"basophil: 1120.0"	"Lineage enriched"	"Detected in single"	5543	"granulocytes: 1120.0"	"Cancer enriched"	"Detected in some"	12	"Leukemia: 15.3"	"Adipose subcutaneous - Mast cells, Adipose visceral - Mast cells, Breast - Fibroblasts, Colon - Mast cells, Lung - Mast cells, Minor Salivary Gland - Mast cells, Skeletal muscle - Macrophages"	"Not detected"	"Not detected"							"HPA006479, HPA008689, CAB020712"	Enhanced		Approved	"Nucleoplasm,Golgi apparatus"	"Secreted to blood"	Enzyme	NA	NA	7520000	1300000	"Cluster 46: Basophils - Proteolysis"	"Cluster 75: Epithelium - Extracellular exosomes"		"Cluster 47: Leukemia - Hemostasis"	"Cluster 30: Granulocytes - Unknown function"	1	"Golgi apparatus"	Nucleoplasm	"CAB020712: , HPA006479: AB_1078396, HPA008689: AB_1846009"	"unprognostic (1.33e-1)"	"unprognostic (1.78e-1)"	"unprognostic (1.58e-1)"	"unprognostic (2.00e-2)"	"unprognostic (2.69e-2)"	"unprognostic (4.34e-2)"		"unprognostic (2.20e-1)"	"unprognostic (4.86e-3)"	"unprognostic (1.93e-1)"	"validated prognostic favorable (1.10e-6)"	"validated prognostic favorable (2.92e-4)"	"unprognostic (1.13e-1)"	"unprognostic (1.03e-1)"	"unprognostic (9.31e-2)"	"unprognostic (1.03e-3)"	"unprognostic (1.47e-1)"	"unprognostic (7.50e-2)"	"unprognostic (1.93e-1)"			"unprognostic (2.07e-1)"	"unprognostic (2.49e-1)"	"unprognostic (4.56e-2)"	"unprognostic (4.79e-2)"	"unprognostic (5.03e-3)"	"unprognostic (2.60e-1)"	"unprognostic (4.34e-3)"		"unprognostic (1.76e-1)"	"unprognostic (1.94e-2)"
CRPPA	"hCG_1745121, ISPD, Nip"	ENSG00000214960	"CDP-L-ribitol pyrophosphorylase A"	A4D126	7	16087525-16502504	"Disease related genes, Enzymes, Human disease related genes, Potential drug targets, Predicted intracellular proteins"		"Nucleotidyltransferase, Transferase"	"Congenital muscular dystrophy, Disease variant, Dystroglycanopathy, Limb-girdle muscular dystrophy, Lissencephaly"	"Evidence at protein level"	"Evidence at transcript level"	"Evidence at protein level"	"Evidence at protein level"	"Tissue enhanced"	"Detected in many"		"choroid plexus: 8.9"	"Group enriched"	"Detected in many"	4	"Astrocytes: 49.9;Excitatory neurons: 151.4;Inhibitory neurons: 115.1;Oligodendrocyte precursor cells: 92.9;Oligodendrocytes: 45.5"	"Cell type enriched"	"Detected in all"	6	"choroid plexus epithelial cell: 1374.2"	"Low cancer specificity"	"Detected in many"			"Low region specificity"	"Detected in all"			"Immune cell enriched"	"Detected in single"	29	"basophil: 13.9"	"Lineage enriched"	"Detected in single"	29	"granulocytes: 13.9"	"Low cancer specificity"	"Detected in many"			"Liver - Hepatocytes, Testis - Early spermatids"	"Low region specificity"	"Detected in all"			"Low region specificity"	"Detected in all"			HPA053554			Approved	"Nucleoplasm,Nucleoli fibrillar center"			NA	NA			"Cluster 32: Basophils - Transcription"	"Cluster 60: Choroid plexus - Transmembrane transport"	"Cluster 23: Choroid plexus - Mixed function"	"Cluster 47: Leukemia - Hemostasis"	"Cluster 34: Neurons - Neuronal signaling"		"Nucleoli fibrillar center"	Nucleoplasm	"HPA053554: AB_2682185"	"unprognostic (8.52e-2)"	"unprognostic (1.02e-2)"		"unprognostic (1.28e-2)"		"unprognostic (1.40e-1)"	"unprognostic (6.48e-2)"	"unprognostic (7.69e-2)"	"unprognostic (1.71e-1)"	"unprognostic (2.16e-1)"	"validated prognostic favorable (1.47e-8)"	"validated prognostic favorable (7.44e-6)"	"unprognostic (3.13e-3)"			"unprognostic (1.58e-1)"	"unprognostic (3.25e-1)"	"unprognostic (6.17e-2)"	"unprognostic (2.07e-2)"	"unprognostic (5.50e-2)"		"unprognostic (2.38e-3)"	"unprognostic (1.45e-1)"	"unprognostic (2.05e-1)"		"potential prognostic favorable (9.87e-4)"	"unprognostic (4.48e-2)"	"unprognostic (1.02e-2)"	"unprognostic (1.33e-2)"		"unprognostic (5.54e-2)"
CYP4F2		ENSG00000186115	"Cytochrome P450 family 4 subfamily F member 2"	P78329	19	15878023-15898077	"Disease related genes, Enzymes, Metabolic proteins, Potential drug targets, Predicted intracellular proteins"	"Fatty acid metabolism, Lipid metabolism"	"Monooxygenase, Oxidoreductase"		"Evidence at protein level"	"Evidence at protein level"	"Evidence at protein level"	"Evidence at protein level"	"Tissue enhanced"	"Detected in some"		"intestine: 78.0;kidney: 39.4;liver: 161.6"	"Group enriched"	"Detected in some"	9	"Hepatocytes: 113.5;Proximal enterocytes: 202.2"	"Not detected"	"Not detected"			"Cancer enriched"	"Detected in some"	8	"Liver Hepatocellular Carcinoma (TCGA): 47.1"	"Low region specificity"	"Detected in some"			"Immune cell enriched"	"Detected in single"	19	"basophil: 8.1"	"Lineage enriched"	"Detected in single"	81	"granulocytes: 8.1"	"Cancer enhanced"	"Detected in some"		"colorectal cancer: 1.8;Gastric cancer: 1.2"	"Colon - Colon enterocytes, Kidney - Proximal tubular cells, Kidney - Proximal tubular cells, Liver - Hepatocytes, Prostate - Prostate glandular cells, Skin - Sebaceous gland cells, Stomach - Gastric enteroendocrine cells"	"Low region specificity"	"Detected in all"							"HPA014048, HPA017265, HPA058960"	Supported						NA	NA			"Cluster 41: Basophils - Unknown function"	"Cluster 37: Liver & Intestine - Lipid metabolism"	"Cluster 39: Astrocytes - Mixed function"	"Cluster 57: Stomach & Colon cancer - Digestion"	"Cluster 22: Proximal enterocytes - Digestion"	33			"HPA014048: AB_1847452, HPA017265: AB_1847451, HPA058960: AB_2683862"					"unprognostic (2.00e-1)"	"unprognostic (2.70e-2)"								"unprognostic (5.48e-3)"	"potential prognostic favorable (8.44e-6)"								"unprognostic (3.82e-1)"	"unprognostic (9.48e-2)"	"unprognostic (1.31e-1)"	"unprognostic (2.40e-2)"		"unprognostic (4.25e-1)"			
DCN	"DSPG2, SLRR1B"	ENSG00000011465	Decorin	P07585	12	91140484-91183217	"Cancer-related genes, Disease related genes, Human disease related genes, Plasma proteins, Predicted intracellular proteins, Predicted secreted proteins"			"Cancer-related genes, Corneal dystrophy"	"Evidence at protein level"	"Evidence at protein level"	"Evidence at protein level"	"Evidence at protein level"	"Tissue enhanced"	"Detected in all"		"ovary: 3461.2"	"Cell type enhanced"	"Detected in many"		"Endometrial stromal cells: 1244.1;Fibroblasts: 6900.8;Leydig cells: 6252.9;Ovarian stromal cells: 2294.9;Peritubular cells: 1873.8"	"Group enriched"	"Detected in many"	4	"fibroblast: 1649.3;pericyte: 1333.3"	"Low cancer specificity"	"Detected in all"			"Low region specificity"	"Detected in all"			"Immune cell enriched"	"Detected in some"	9	"basophil: 24.5"	"Lineage enriched"	"Detected in single"	35	"granulocytes: 24.5"	"Cancer enriched"	"Detected in many"	5	"Rhabdoid: 724.2"	"Adrenal gland - Fibroblasts, Breast - Fibroblasts, Colon - Fibroblasts, Heart muscle - Fibroblasts, Kidney - Fibroblasts, Liver - Hepatic stellate cells, Pancreas - Fibroblasts, Pituitary gland - Fibroblasts, Prostate - Fibroblasts, Skin - Fibroblast_2, Spleen - Smooth muscle cells, Thyroid gland - Fibroblasts"	"Low region specificity"	"Detected in all"			"Region enriched"	"Detected in all"	8	"spinal cord: 718.9"	"HPA003315, CAB017118, HPA064736, CAB068930"	Enhanced				"Secreted to extracellular matrix"	"No annotated function"	NA	NA		48000000	"Cluster 46: Basophils - Proteolysis"	"Cluster 62: Connective tissue - ECM organization"	"Cluster 8: Immune cells - Immune response"	"Cluster 64: Connective tissue cells - ECM organization"	"Cluster 53: Fibroblasts - ECM organization"	6			"CAB017118: , CAB068930: AB_425394, HPA003315: AB_1078639, HPA064736: AB_2685340"	"unprognostic (1.16e-2)"	"unprognostic (1.87e-1)"	"unprognostic (4.21e-2)"	"unprognostic (1.14e-1)"	"unprognostic (6.55e-2)"	"unprognostic (3.25e-1)"	"unprognostic (5.05e-2)"	"unprognostic (2.67e-3)"	"unprognostic (2.84e-1)"	"unprognostic (2.86e-2)"	"unprognostic (1.93e-2)"	"unprognostic (2.85e-1)"	"potential prognostic unfavorable (2.71e-4)"	"unprognostic (3.20e-2)"	"unprognostic (4.03e-3)"	"unprognostic (1.79e-2)"	"unprognostic (2.26e-1)"	"unprognostic (6.21e-2)"	"unprognostic (1.42e-1)"	"unprognostic (2.48e-2)"	"unprognostic (1.30e-3)"	"unprognostic (1.72e-1)"	"unprognostic (1.56e-2)"	"unprognostic (1.19e-1)"	"unprognostic (1.65e-1)"	"unprognostic (3.61e-3)"	"unprognostic (2.27e-1)"	"potential prognostic unfavorable (3.86e-4)"	"unprognostic (6.69e-2)"	"unprognostic (3.10e-3)"	"unprognostic (1.06e-1)"
DCUN1D2	"C13orf17, FLJ10704, FLJ20092"	ENSG00000150401	"Defective in cullin neddylation 1 domain containing 2"	Q6PH85	13	113455819-113490951	"Predicted intracellular proteins"	"Ubl conjugation pathway"			"Evidence at protein level"	"Evidence at transcript level"	"Evidence at protein level"	"Evidence at protein level"	"Tissue enhanced"	"Detected in all"		"heart muscle: 95.1;skeletal muscle: 104.9;tongue: 66.3"	"Cell type enhanced"	"Detected in many"		"Cardiomyocytes: 78.6;Excitatory neurons: 42.4;Inhibitory neurons: 36.3;Oligodendrocyte precursor cells: 28.3;Oligodendrocytes: 39.9"	"Low cell type specificity"	"Detected in all"			"Low cancer specificity"	"Detected in all"			"Low region specificity"	"Detected in all"			"Immune cell enriched"	"Detected in many"	4	"basophil: 11.2"	"Lineage enriched"	"Detected in all"	4	"granulocytes: 11.2"	"Low cancer specificity"	"Detected in all"			"Heart muscle - Cardiomyocytes, Testis - Sertoli cells"	"Low region specificity"	"Detected in all"			"Low region specificity"	"Detected in all"			HPA039349	Uncertain		Approved	"Plasma membrane,Cytosol"			NA	NA			"Cluster 24: Non-specific - Transcription"	"Cluster 12: Heart muscle - Cardiac muscle contraction"	"Cluster 5: Non-specific - Mixed function"	"Cluster 19: Non-specific - Unknown function"	"Cluster 68: Cardiomyocytes - Muscle contraction"	9	"Plasma membrane, Cytosol"		"HPA039349: AB_10673240"	"unprognostic (3.09e-2)"	"unprognostic (2.55e-2)"	"unprognostic (3.85e-1)"	"unprognostic (4.38e-2)"	"unprognostic (7.64e-2)"	"unprognostic (2.04e-1)"	"unprognostic (6.80e-3)"	"unprognostic (1.77e-3)"	"unprognostic (4.48e-2)"	"potential prognostic unfavorable (3.53e-4)"	"unprognostic (8.31e-3)"	"unprognostic (4.69e-2)"	"unprognostic (2.98e-2)"	"unprognostic (1.19e-1)"	"unprognostic (3.23e-1)"	"unprognostic (1.62e-1)"	"unprognostic (9.75e-2)"	"unprognostic (6.11e-2)"	"unprognostic (1.68e-1)"	"unprognostic (4.35e-2)"	"unprognostic (3.31e-2)"	"unprognostic (4.23e-3)"	"unprognostic (1.08e-2)"	"unprognostic (9.31e-2)"	"unprognostic (8.88e-2)"	"unprognostic (4.44e-2)"	"unprognostic (1.51e-1)"	"unprognostic (7.80e-2)"	"unprognostic (1.84e-1)"	"unprognostic (3.16e-2)"	"unprognostic (8.21e-2)"
DDTL		ENSG00000099974	"D-dopachrome tautomerase like"	A6NHG4	22	23966888-23972556	"Predicted intracellular proteins"		Lyase		"Evidence at transcript level"	"Evidence at transcript level"	"Evidence at transcript level"	"Evidence at transcript level"	"Tissue enhanced"	"Detected in many"		"liver: 57.2"	"Cell type enhanced"	"Detected in many"		"Hepatocytes: 6.4;Proximal enterocytes: 7.8"	"Low cell type specificity"	"Detected in some"			"Low cancer specificity"	"Detected in all"			"Not detected"	"Not detected"			"Immune cell enriched"	"Detected in single"	10	"basophil: 1.0"	"Lineage enriched"	"Detected in single"	10	"granulocytes: 1.0"	"Low cancer specificity"	"Detected in some"												HPA074115	Approved						NA	NA				"Cluster 83: Liver - Metabolism"		"Cluster 30: Non-specific - Gene expression regulation"	"Cluster 49: Non-specific - Transcription"				"HPA074115: "	"unprognostic (1.16e-2)"	"unprognostic (5.70e-2)"	"unprognostic (1.76e-1)"	"unprognostic (2.49e-2)"	"unprognostic (1.15e-1)"	"unprognostic (4.30e-1)"	"unprognostic (1.85e-1)"	"unprognostic (2.41e-1)"	"unprognostic (4.55e-3)"	"unprognostic (1.37e-1)"	"unprognostic (2.78e-3)"	"unprognostic (1.95e-2)"	"unprognostic (1.98e-1)"	"potential prognostic favorable (6.61e-4)"	"unprognostic (8.23e-2)"	"unprognostic (1.29e-1)"	"unprognostic (1.68e-1)"	"unprognostic (4.01e-2)"	"unprognostic (5.33e-2)"	"unprognostic (2.41e-1)"	"unprognostic (1.44e-2)"	"unprognostic (1.96e-2)"	"unprognostic (2.19e-2)"	"unprognostic (3.19e-1)"	"unprognostic (1.83e-2)"	"unprognostic (9.47e-2)"	"unprognostic (8.27e-2)"	"unprognostic (1.07e-1)"	"unprognostic (2.12e-1)"	"unprognostic (2.67e-3)"	"unprognostic (2.58e-2)"
DENND11	"KIAA1147, LCHN"	ENSG00000257093	"DENN domain containing 11"	A4D1U4	7	141656728-141702166	"Predicted intracellular proteins"		"Guanine-nucleotide releasing factor"		"Evidence at protein level"	"Evidence at transcript level"	"Evidence at protein level"	"Evidence at protein level"	"Low tissue specificity"	"Detected in many"			"Cell type enhanced"	"Detected in many"		"Muller glia cells: 90.8;Oligodendrocytes: 86.9"	"Cell type enhanced"	"Detected in all"		"central nervous system macrophage: 227.4"	"Low cancer specificity"	"Detected in some"			"Low region specificity"	"Detected in all"			"Immune cell enriched"	"Detected in single"	6	"basophil: 1.7"	"Lineage enriched"	"Detected in single"	6	"granulocytes: 1.7"	"Low cancer specificity"	"Detected in many"			"Liver - Hepatocytes, Stomach - Gastric mucous cells"	"Low region specificity"	"Detected in all"			"Low region specificity"	"Detected in all"			"HPA029467, HPA061437"	Approved		Approved	"Golgi apparatus"			NA	NA			"Cluster 14: Non-specific - Unknown function"	"Cluster 43: Non-specific - Mitochondrial translation"	"Cluster 34: Non-specific - Mixed function"	"Cluster 10: Ciliated cells - Ion channel activity"	"Cluster 10: Muller glia cells - Visual perception"	4	"Golgi apparatus"		"HPA029467: AB_10602915, HPA061437: AB_2684517"				"unprognostic (1.00e-3)"		"unprognostic (2.65e-2)"	"unprognostic (6.48e-2)"	"potential prognostic favorable (9.12e-4)"			"potential prognostic favorable (1.46e-8)"	"unprognostic (1.28e-2)"					"unprognostic (1.44e-1)"		"unprognostic (1.47e-1)"	"unprognostic (9.55e-2)"	"unprognostic (1.35e-2)"		"unprognostic (7.53e-3)"			"unprognostic (7.22e-2)"		"unprognostic (2.82e-2)"			"unprognostic (1.26e-1)"
DENND6A	"AFI1A, FAM116A, FLJ34969"	ENSG00000174839	"DENN domain containing 6A"	Q8IWF6	3	57625454-57693077	"Predicted intracellular proteins"		"Guanine-nucleotide releasing factor"		"Evidence at protein level"	"Evidence at protein level"	"Evidence at protein level"	"Evidence at protein level"	"Low tissue specificity"	"Detected in all"			"Cell type enhanced"	"Detected in many"		"Excitatory neurons: 64.7;Oligodendrocytes: 69.2"	"Low cell type specificity"	"Detected in all"			"Low cancer specificity"	"Detected in all"			"Low region specificity"	"Detected in all"			"Immune cell enriched"	"Detected in many"	5	"basophil: 18.6"	"Lineage enriched"	"Detected in all"	5	"granulocytes: 18.6"	"Low cancer specificity"	"Detected in all"				"Low region specificity"	"Detected in all"			"Low region specificity"	"Detected in all"			"HPA062618, HPA069725, HPA071711"	Approved		Supported	Vesicles			NA	NA			"Cluster 1: T-cells - Unknown function"	"Cluster 16: Non-specific - Transcription"	"Cluster 16: Non-specific - Transcription"	"Cluster 8: Non-specific - Basic cellular processes"	"Cluster 55: Non-specific - Transcription"	5	Vesicles		"HPA062618: AB_2684809, HPA069725: AB_2686184, HPA071711: AB_2686435"	"unprognostic (9.15e-3)"	"unprognostic (1.68e-1)"		"unprognostic (3.03e-1)"	"unprognostic (3.98e-2)"	"unprognostic (2.41e-3)"	"unprognostic (3.68e-1)"	"unprognostic (4.62e-1)"	"unprognostic (1.34e-1)"	"unprognostic (1.10e-3)"	"potential prognostic favorable (1.64e-4)"	"unprognostic (4.46e-3)"	"potential prognostic favorable (9.76e-4)"	"unprognostic (1.60e-3)"		"unprognostic (4.49e-1)"	"unprognostic (9.94e-3)"	"unprognostic (3.02e-2)"	"unprognostic (1.08e-1)"	"unprognostic (4.31e-2)"	"unprognostic (1.27e-1)"	"unprognostic (4.05e-2)"	"unprognostic (7.00e-3)"	"unprognostic (5.49e-2)"	"unprognostic (2.05e-2)"	"unprognostic (8.89e-3)"	"unprognostic (8.48e-2)"	"unprognostic (2.18e-1)"	"unprognostic (8.85e-2)"	"unprognostic (5.49e-3)"	"unprognostic (2.97e-1)"
DNAH8	hdhc9	ENSG00000124721	"Dynein axonemal heavy chain 8"	Q96JB1	6	38715311-39030792	"Disease related genes, Human disease related genes, Plasma proteins, Predicted intracellular proteins"		"Motor protein"	"Disease variant"	"Evidence at protein level"	"Evidence at protein level"	"Evidence at protein level"	"Evidence at protein level"	"Tissue enhanced"	"Detected in some"		"epididymis: 2.5;prostate: 2.1;testis: 7.6"	"Group enriched"	"Detected in some"	6	"Early spermatids: 44.6;Late spermatids: 12.6;Spermatocytes: 28.2"	"Cell type enhanced"	"Detected in many"		"eccentric medium spiny neuron: 23.4;hippocampal dentate gyrus: 13.6"	"Cancer enriched"	"Detected in single"	10	"Prostate Adenocarcinoma (TCGA): 7.6"	"Not detected"	"Not detected"			"Immune cell enriched"	"Detected in single"	8	"basophil: 2.5"	"Lineage enriched"	"Detected in single"	8	"granulocytes: 2.5"	"Cancer enhanced"	"Detected in single"		"prostate cancer: 2.5"	"Spleen - Endothelial cells, Testis - Early spermatids"	"Not detected"	"Not detected"			"Low region specificity"	"Detected in some"			"HPA028447, HPA030108, HPA030109"	Uncertain		Enhanced	"Mid piece,Principal piece"			NA	NA			"Cluster 32: Basophils - Transcription"	"Cluster 63: Testis - Spermatid development"		"Cluster 49: HMC-1 - Innate immune response"	"Cluster 31: Spermatocytes - Spermatogenesis"	1	"Mid piece, Principal piece"		"HPA028447: AB_10599600, HPA030108: AB_10600998, HPA030109: "																								"unprognostic (1.98e-1)"							
DSG2	CDHF5	ENSG00000046604	"Desmoglein 2"	Q14126	18	31498177-31549008	"Disease related genes, Human disease related genes, Plasma proteins, Predicted intracellular proteins, Predicted membrane proteins"	"Cell adhesion"		"Cardiomyopathy, Disease variant"	"Evidence at protein level"	"Evidence at protein level"	"Evidence at protein level"	"Evidence at protein level"	"Tissue enhanced"	"Detected in many"		"parathyroid gland: 152.7"	"Cell type enhanced"	"Detected in many"		"Distal enterocytes: 281.5"	"Cell type enriched"	"Detected in many"	5	"choroid plexus epithelial cell: 54.3"	"Low cancer specificity"	"Detected in all"			"Region enriched"	"Detected in all"	10	"choroid plexus: 63.2"	"Immune cell enriched"	"Detected in single"	12	"basophil: 8.7"	"Lineage enriched"	"Detected in single"	12	"granulocytes: 8.7"	"Low cancer specificity"	"Detected in all"			"Lung - Alveolar cells type 2, Skeletal muscle - Endothelial cells, Testis - Spermatocytes, Testis - Spermatogonia, Thyroid gland - Thyroid glandular cells"	"Low region specificity"	"Detected in many"			"Low region specificity"	"Detected in all"			"HPA004896, CAB025122"	Enhanced		Supported	"Cell Junctions"			NA	NA		130000000	"Cluster 41: Basophils - Unknown function"	"Cluster 55: Kidney & Intestine - Metabolism"	"Cluster 36: Choroid plexus - Mixed function"	"Cluster 53: Squamous epithelial cells - Keratinization"	"Cluster 45: Non-specific - Mixed function"	28	"Cell Junctions"		"CAB025122: , HPA004896: AB_1078643"	"unprognostic (7.88e-2)"	"unprognostic (2.01e-2)"	"unprognostic (4.97e-1)"	"potential prognostic unfavorable (1.72e-4)"	"unprognostic (7.61e-3)"	"unprognostic (9.20e-2)"	"potential prognostic unfavorable (8.44e-5)"	"unprognostic (2.32e-3)"	"unprognostic (4.89e-3)"	"unprognostic (6.83e-3)"	"potential prognostic favorable (2.68e-7)"	"unprognostic (1.77e-2)"	"unprognostic (2.05e-2)"	"unprognostic (1.57e-3)"	"unprognostic (1.06e-3)"	"potential prognostic unfavorable (4.07e-6)"	"unprognostic (1.43e-1)"	"unprognostic (2.47e-1)"	"unprognostic (2.74e-2)"	"unprognostic (9.21e-2)"	"unprognostic (4.76e-1)"	"potential prognostic unfavorable (4.26e-4)"	"unprognostic (9.83e-3)"	"unprognostic (1.47e-1)"	"unprognostic (3.84e-2)"	"unprognostic (5.30e-2)"	"unprognostic (8.51e-2)"	"unprognostic (1.70e-1)"	"unprognostic (1.93e-1)"	"unprognostic (1.26e-1)"	"unprognostic (1.66e-1)"
DSG3	CDHF6	ENSG00000134757	"Desmoglein 3"	P32926	18	31447741-31478702	"Disease related genes, Plasma proteins, Predicted membrane proteins"	"Cell adhesion"			"Evidence at protein level"	"Evidence at protein level"	"Evidence at protein level"	"Evidence at protein level"	"Tissue enhanced"	"Detected in some"		"esophagus: 305.1;vagina: 115.5"	"Group enriched"	"Detected in many"	6	"Basal keratinocytes: 371.0;Basal squamous epithelial cells: 565.8;Squamous epithelial cells: 1093.0;Suprabasal keratinocytes: 703.4"	"Group enriched"	"Detected in some"	5	"hippocampal CA1-3: 1.1;upper-layer intratelencephalic: 1.7"	"Group enriched"	"Detected in many"	4	"Cervical Squamous Cell Carcinoma and Endocervical Adenocarcinoma (TCGA): 160.8;Head and Neck Squamous Cell Carcinoma (TCGA): 251.6;Lung Squamous Cell Carcinoma (TCGA): 98.4"	"Not detected"	"Not detected"			"Immune cell enriched"	"Detected in single"	53	"basophil: 8.1"	"Lineage enriched"	"Detected in single"	82	"granulocytes: 8.1"	"Cancer enhanced"	"Detected in many"		"Esophageal cancer: 39.7;Gallbladder cancer: 47.1;head and neck cancer: 72.0"	"Prostate - Urothelial cells"	"Not detected"	"Not detected"			"Low region specificity"	"Detected in some"			"HPA046864, HPA056863, CAB069880"	Enhanced						NA	NA		100000	"Cluster 46: Basophils - Proteolysis"	"Cluster 29: Squamous epithelium - Innate immune response"		"Cluster 53: Squamous epithelial cells - Keratinization"	"Cluster 12: Squamous epithelial cells - Keratinization"	13			"CAB069880: AB_2093604, HPA046864: AB_2679846, HPA056863: AB_2683260"	"unprognostic (1.05e-1)"	"unprognostic (9.29e-3)"	"unprognostic (2.41e-1)"	"unprognostic (2.90e-1)"	"unprognostic (4.18e-2)"	"unprognostic (8.21e-2)"			"unprognostic (2.07e-2)"						"unprognostic (3.00e-1)"	"unprognostic (1.69e-3)"		"unprognostic (1.35e-2)"	"unprognostic (3.19e-1)"			"potential prognostic unfavorable (1.03e-5)"	"unprognostic (2.39e-3)"		"unprognostic (2.99e-1)"	"unprognostic (1.36e-1)"	"unprognostic (1.20e-1)"	"unprognostic (8.83e-2)"	"unprognostic (1.32e-1)"		"unprognostic (1.98e-1)"
DUSP28	"DUSP26, VHP"	ENSG00000188542	"Dual specificity phosphatase 28"	Q4G0W2	2	240560054-240565256	"Enzymes, Predicted intracellular proteins"		"Hydrolase, Protein phosphatase"		"Evidence at protein level"	"Evidence at transcript level"	"Evidence at protein level"	"Evidence at protein level"	"Low tissue specificity"	"Detected in many"			"Cell type enhanced"	"Detected in all"		"Spermatocytes: 45.0"	"Low cell type specificity"	"Detected in all"			"Low cancer specificity"	"Detected in many"			"Low region specificity"	"Detected in all"			"Immune cell enriched"	"Detected in many"	5	"basophil: 8.8"	"Lineage enriched"	"Detected in all"	5	"granulocytes: 8.8"	"Low cancer specificity"	"Detected in many"			"Heart muscle - Cardiomyocytes, Spleen - B-cells (Spleen)"	"Low region specificity"	"Detected in all"			"Low region specificity"	"Detected in all"			"HPA047456, CAB069448"	Uncertain		Uncertain	"Nuclear speckles,Cytosol"			NA	NA			"Cluster 32: Basophils - Transcription"	"Cluster 79: Non-specific - Transcription"	"Cluster 15: Non-specific - Transcription"	"Cluster 56: Non-specific - Sensory perception"	"Cluster 31: Spermatocytes - Spermatogenesis"		"Nuclear speckles"	Cytosol	"CAB069448: , HPA047456: AB_10961145"	"unprognostic (8.87e-3)"	"unprognostic (1.26e-1)"	"unprognostic (3.70e-2)"	"unprognostic (6.66e-3)"	"unprognostic (1.39e-2)"	"unprognostic (2.31e-1)"	"unprognostic (3.05e-1)"	"unprognostic (8.73e-2)"		"unprognostic (1.16e-1)"	"potential prognostic unfavorable (3.82e-5)"	"unprognostic (3.34e-3)"	"unprognostic (1.35e-2)"		"unprognostic (8.30e-3)"	"unprognostic (7.98e-2)"	"unprognostic (1.62e-1)"	"unprognostic (1.36e-1)"	"potential prognostic favorable (1.08e-4)"	"unprognostic (3.38e-2)"	"unprognostic (3.19e-1)"	"potential prognostic favorable (1.40e-4)"	"unprognostic (2.19e-1)"	"unprognostic (6.89e-2)"	"unprognostic (7.75e-2)"	"unprognostic (1.67e-1)"	"potential prognostic unfavorable (1.29e-4)"	"unprognostic (6.85e-2)"	"unprognostic (2.96e-1)"	"unprognostic (1.40e-1)"	"unprognostic (4.28e-2)"
E2F6	E2F-6	ENSG00000169016	"E2F transcription factor 6"	O75461	2	11444375-11466177	"Plasma proteins, Predicted intracellular proteins, Transcription factors"	"Cell cycle, Transcription, Transcription regulation"	"DNA-binding, Repressor"		"Evidence at protein level"	"Evidence at protein level"	"Evidence at protein level"	"Evidence at protein level"	"Low tissue specificity"	"Detected in all"			"Cell type enhanced"	"Detected in all"		"Spermatogonia: 49.8"	"Low cell type specificity"	"Detected in all"			"Low cancer specificity"	"Detected in all"			"Low region specificity"	"Detected in all"			"Immune cell enriched"	"Detected in single"	16	"basophil: 7.8"	"Lineage enriched"	"Detected in single"	16	"granulocytes: 7.8"	"Low cancer specificity"	"Detected in all"			"Adipose subcutaneous - Adipocytes (Subcutaneous)"	"Low region specificity"	"Detected in many"			"Low region specificity"	"Detected in all"			HPA075185			Supported	Nucleoplasm			NA	NA				"Cluster 14: Skeletal muscle - Muscle contraction"	"Cluster 41: Monoamines - Neurotransmitter signalling"	"Cluster 16: Thyroid cancer - Neuronal signaling"	"Cluster 67: Spermatogonia - Spermatogenesis"	87	Nucleoplasm		"HPA075185: AB_2732282"	"unprognostic (4.46e-3)"	"unprognostic (7.40e-2)"	"unprognostic (6.43e-3)"	"unprognostic (2.22e-2)"	"unprognostic (6.46e-2)"	"unprognostic (1.49e-1)"	"unprognostic (3.14e-1)"	"unprognostic (2.07e-1)"	"unprognostic (1.04e-1)"	"unprognostic (2.24e-1)"	"unprognostic (8.57e-2)"	"unprognostic (1.24e-1)"	"unprognostic (9.81e-2)"	"validated prognostic unfavorable (3.12e-5)"	"validated prognostic unfavorable (5.24e-5)"	"unprognostic (1.19e-1)"	"unprognostic (3.63e-1)"	"unprognostic (3.23e-2)"	"unprognostic (1.57e-1)"	"unprognostic (1.26e-2)"	"unprognostic (1.77e-1)"	"potential prognostic favorable (1.47e-4)"	"unprognostic (4.20e-3)"	"unprognostic (1.95e-2)"	"unprognostic (1.50e-2)"	"unprognostic (1.14e-1)"	"unprognostic (8.07e-2)"	"unprognostic (1.87e-1)"	"unprognostic (3.81e-1)"	"unprognostic (1.92e-1)"	"unprognostic (4.85e-2)"
EDARADD		ENSG00000186197	"EDAR associated death domain"	Q8WWZ3	1	236348257-236502915	"Disease related genes, Human disease related genes, Predicted intracellular proteins"	Differentiation	"Developmental protein"	"Disease variant, Ectodermal dysplasia"	"Evidence at protein level"	"Evidence at transcript level"	"Evidence at protein level"	"Evidence at protein level"	"Tissue enhanced"	"Detected in many"		"urinary bladder: 8.4"	"Cell type enhanced"	"Detected in many"		"Basal prostatic cells: 19.1;Cytotrophoblasts: 24.0;granulocytes: 24.2;Syncytiotrophoblasts: 21.8"	"Cell type enriched"	"Detected in many"	5	"leukocyte: 22.2"	"Low cancer specificity"	"Detected in many"			"Not detected"	"Not detected"			"Immune cell enriched"	"Detected in many"	8	"basophil: 49.4"	"Lineage enriched"	"Detected in many"	8	"granulocytes: 49.4"	"Low cancer specificity"	"Detected in many"			"Adipose visceral - Mesothelial cells, Heart muscle - Cardiomyocytes, Testis - Early spermatids, Thyroid gland - Thyroid glandular cells"	"Not detected"	"Not detected"			"Low region specificity"	"Detected in many"			HPA018836	Uncertain		Approved	Nucleoplasm,Cytosol			NA	NA			"Cluster 41: Basophils - Unknown function"	"Cluster 13: Skin - Cornification"		"Cluster 27: Breast cancer - Unknown function"	"Cluster 24: Cytotrophoblasts - Mitochondria"	13	Nucleoplasm	Cytosol	"HPA018836: AB_1847984"	"unprognostic (3.67e-2)"	"unprognostic (1.23e-1)"	"unprognostic (8.56e-2)"	"unprognostic (3.54e-2)"					"unprognostic (1.49e-2)"	"unprognostic (8.64e-2)"				"unprognostic (5.27e-2)"	"unprognostic (1.29e-2)"	"unprognostic (2.45e-2)"	"unprognostic (5.44e-2)"	"unprognostic (1.92e-2)"	"unprognostic (6.84e-2)"	"unprognostic (5.05e-2)"	"unprognostic (1.09e-1)"	"unprognostic (4.01e-3)"	"unprognostic (1.25e-2)"	"unprognostic (5.44e-2)"			"unprognostic (9.64e-2)"	"unprognostic (2.48e-1)"	"unprognostic (1.52e-1)"	"unprognostic (1.12e-2)"	"unprognostic (2.08e-3)"
ELK4	SAP1	ENSG00000158711	"ETS transcription factor ELK4"	P28324	1	205597556-205632011	"Cancer-related genes, Human disease related genes, Predicted intracellular proteins, Transcription factors"	"Transcription, Transcription regulation"	"Activator, DNA-binding, Repressor"	"Cancer-related genes"	"Evidence at protein level"	"Evidence at protein level"	"Evidence at protein level"	"Evidence at protein level"	"Low tissue specificity"	"Detected in all"			"Cell type enhanced"	"Detected in all"		"Prostatic glandular cells: 323.6"	"Low cell type specificity"	"Detected in all"			"Low cancer specificity"	"Detected in all"			"Low region specificity"	"Detected in all"			"Immune cell enriched"	"Detected in many"	4	"basophil: 6.7"	"Lineage enriched"	"Detected in many"	4	"granulocytes: 6.7"	"Low cancer specificity"	"Detected in all"				"Low region specificity"	"Detected in all"			"Low region specificity"	"Detected in all"			HPA028863	Uncertain		Supported	Nucleoplasm			NA	NA			"Cluster 24: Non-specific - Transcription"	"Cluster 70: Lymphoid tissue - Immune response"	"Cluster 13: Oligodendrocytes - Mixed function"	"Cluster 45: Non-specific - Nuclear processes"	"Cluster 40: Prostatic glandular cells - Transcription"	4	Nucleoplasm		"HPA028863: AB_10602492"	"unprognostic (2.78e-2)"	"unprognostic (7.32e-2)"	"unprognostic (1.53e-1)"	"unprognostic (2.90e-1)"	"unprognostic (9.76e-2)"	"unprognostic (1.03e-1)"	"unprognostic (1.18e-1)"	"unprognostic (1.50e-1)"	"unprognostic (7.24e-3)"	"unprognostic (4.10e-3)"	"potential prognostic favorable (6.18e-4)"	"unprognostic (7.77e-3)"	"unprognostic (4.40e-3)"	"unprognostic (3.52e-1)"	"unprognostic (6.37e-2)"	"unprognostic (8.73e-2)"	"unprognostic (1.63e-1)"	"unprognostic (5.24e-2)"	"unprognostic (1.03e-1)"	"unprognostic (2.25e-1)"	"unprognostic (1.75e-3)"	"unprognostic (1.28e-2)"	"unprognostic (3.58e-2)"	"unprognostic (6.68e-2)"	"unprognostic (1.66e-1)"	"unprognostic (2.12e-2)"	"unprognostic (1.52e-1)"	"unprognostic (2.09e-1)"	"unprognostic (3.31e-1)"	"unprognostic (7.96e-3)"	"unprognostic (1.21e-1)"
ELP1	"DYS, IKAP, IKBKAP, IKI3, TOT1"	ENSG00000070061	"Elongator acetyltransferase complex subunit 1"	O95163	9	108866898-108934328	"Disease related genes, Human disease related genes, Plasma proteins, Predicted intracellular proteins"	"tRNA processing"		"Disease variant, Neurodegeneration, Neuropathy"	"Evidence at protein level"	"Evidence at protein level"	"Evidence at protein level"	"Evidence at protein level"	"Low tissue specificity"	"Detected in all"			"Cell type enhanced"	"Detected in many"		"Sertoli cells: 73.4"	"Low cell type specificity"	"Detected in all"			"Low cancer specificity"	"Detected in all"			"Low region specificity"	"Detected in all"			"Immune cell enriched"	"Detected in many"	8	"basophil: 36.7"	"Lineage enriched"	"Detected in all"	8	"granulocytes: 36.7"	"Low cancer specificity"	"Detected in all"				"Low region specificity"	"Detected in all"			"Low region specificity"	"Detected in all"			"CAB021340, HPA049677, HPA050686"	Approved		Supported	Nucleoplasm,Cytosol			NA	NA			"Cluster 32: Basophils - Transcription"	"Cluster 64: Neuronal - Transcription"	"Cluster 44: Non-specific - Mixed function"	"Cluster 43: Non-specific - Basic cellular processes"	"Cluster 55: Non-specific - Transcription"	38	Cytosol	Nucleoplasm	"CAB021340: , HPA049677: AB_2680847, HPA050686: AB_2681216"	"unprognostic (2.38e-3)"	"potential prognostic unfavorable (9.67e-5)"		"unprognostic (2.17e-1)"	"unprognostic (2.02e-1)"	"unprognostic (5.75e-2)"	"unprognostic (7.13e-2)"	"potential prognostic favorable (3.10e-4)"	"unprognostic (2.59e-1)"	"unprognostic (1.60e-1)"	"potential prognostic favorable (3.38e-7)"	"unprognostic (2.45e-3)"	"unprognostic (1.67e-1)"	"unprognostic (2.91e-2)"		"unprognostic (5.56e-2)"	"unprognostic (1.40e-1)"	"unprognostic (9.21e-2)"	"unprognostic (6.62e-2)"	"unprognostic (2.66e-2)"	"unprognostic (2.69e-1)"	"unprognostic (1.13e-1)"	"unprognostic (5.08e-2)"	"unprognostic (1.13e-1)"	"potential prognostic favorable (1.93e-4)"	"unprognostic (1.48e-2)"	"unprognostic (1.09e-1)"	"unprognostic (2.19e-1)"	"unprognostic (4.82e-2)"	"unprognostic (1.03e-1)"	"unprognostic (8.10e-2)"
EME1	"FLJ31364, MMS4L, SLX2A"	ENSG00000154920	"Essential meiotic structure-specific endonuclease 1"	Q96AY2	17	50373220-50381483	"Predicted intracellular proteins"	"DNA damage, DNA recombination, DNA repair"	"Endonuclease, Hydrolase, Nuclease"		"Evidence at protein level"	"Evidence at protein level"	"Evidence at protein level"	"Evidence at protein level"	"Tissue enhanced"	"Detected in some"		"bone marrow: 4.3;epididymis: 6.2;testis: 5.6"	"Cell type enhanced"	"Detected in some"		"Cytotrophoblasts: 4.5;Erythroid cells: 6.9;Extravillous trophoblasts: 4.9;Skeletal myocytes: 6.8;Spermatocytes: 12.8;Spermatogonia: 9.9"	"Low cell type specificity"	"Detected in some"			"Low cancer specificity"	"Detected in many"			"Not detected"	"Not detected"			"Immune cell enriched"	"Detected in single"	34	"basophil: 18.7"	"Lineage enriched"	"Detected in single"	34	"granulocytes: 18.7"	"Low cancer specificity"	"Detected in all"			"Adrenal gland - Mitotic cells (Adrenal gland), Lung - Mitotic cells (Lung), Minor Salivary Gland - Mitotic cells (Minor salivary gland), Skin - Mitotic cells (Skin), Spleen - Mitotic cells (Spleen), Stomach - Mitotic cells (Stomach)"	"Not detected"	"Not detected"			"Not detected"	"Not detected"			"CAB016127, HPA021202, HPA023854"	Supported		Approved	Nucleoplasm			NA	NA			"Cluster 46: Basophils - Proteolysis"	"Cluster 77: Bone marrow - Cell proliferation"		"Cluster 27: Breast cancer - Unknown function"	"Cluster 52: Non-specific - Cell proliferation"	9	Nucleoplasm		"CAB016127: AB_2278026, HPA021202: , HPA023854: "	"unprognostic (1.88e-2)"	"unprognostic (1.18e-1)"	"unprognostic (2.79e-1)"	"unprognostic (1.81e-1)"	"unprognostic (6.84e-2)"	"unprognostic (1.82e-1)"	"unprognostic (2.38e-1)"	"unprognostic (1.66e-3)"	"unprognostic (3.46e-2)"			"potential prognostic unfavorable (3.16e-6)"		"validated prognostic unfavorable (1.91e-4)"	"validated prognostic unfavorable (3.24e-6)"	"unprognostic (1.26e-3)"	"potential prognostic unfavorable (3.88e-6)"	"unprognostic (1.60e-2)"	"unprognostic (1.81e-3)"	"unprognostic (7.37e-2)"	"unprognostic (7.65e-2)"		"potential prognostic unfavorable (1.18e-4)"	"unprognostic (1.55e-1)"	"unprognostic (3.45e-2)"	"unprognostic (5.03e-3)"	"unprognostic (5.27e-2)"	"unprognostic (1.99e-1)"	"unprognostic (1.66e-1)"		"unprognostic (2.50e-1)"
ENPP3	"B10, CD203c, gp130RB13-6, PD-IBETA, PDNP3"	ENSG00000154269	"Ectonucleotide pyrophosphatase/phosphodiesterase 3"	O14638	6	131628442-131747418	"CD markers, Enzymes, Metabolic proteins, Predicted intracellular proteins, Predicted secreted proteins"		Hydrolase		"Evidence at protein level"	"Evidence at protein level"	"Evidence at protein level"	"Evidence at protein level"	"Tissue enhanced"	"Detected in many"		"cervix: 31.0;intestine: 43.2"	"Group enriched"	"Detected in many"	6	"Basal prostatic cells: 243.7;Glandular and luminal cells: 368.2"	"Low cell type specificity"	"Detected in many"			"Cancer enriched"	"Detected in many"	11	"Kidney Renal Clear Cell Carcinoma (TCGA): 138.1"	"Low region specificity"	"Detected in some"			"Immune cell enriched"	"Detected in single"	86	"basophil: 30.6"	"Lineage enriched"	"Detected in single"	86	"granulocytes: 30.6"	"Cancer enhanced"	"Detected in some"		"Bone cancer: 4.1;Kidney cancer: 4.0;Leukemia: 6.2"	"Kidney - Proximal tubular cells, Liver - Hepatocytes, Lung - Mast cells, Skeletal muscle - Fibroblasts, Thyroid gland - Fibroblasts"	"Low region specificity"	"Detected in some"			"Low region specificity"	"Detected in some"			HPA043772	Enhanced				"Secreted - unknown location"	Enzyme	NA	NA		600000	"Cluster 46: Basophils - Proteolysis"	"Cluster 45: Intestine - Digestion"	"Cluster 2: Neurons - Nucleosome"	"Cluster 47: Leukemia - Hemostasis"	"Cluster 37: Glandular & Luminal cells - Unknown function"				"HPA043772: AB_10795616"		"unprognostic (2.21e-1)"	"unprognostic (6.86e-3)"	"unprognostic (2.91e-2)"	"unprognostic (1.88e-1)"	"unprognostic (4.47e-2)"		"unprognostic (2.27e-2)"			"potential prognostic favorable (1.57e-7)"	"unprognostic (4.73e-2)"	"unprognostic (9.67e-2)"	"unprognostic (1.08e-1)"	"unprognostic (7.65e-2)"	"unprognostic (4.73e-3)"	"unprognostic (3.79e-2)"			"unprognostic (8.41e-2)"			"unprognostic (4.65e-2)"	"unprognostic (4.76e-1)"	"unprognostic (8.40e-2)"	"unprognostic (6.39e-2)"				"unprognostic (1.93e-1)"	"unprognostic (3.07e-1)"
ENSG00000254979		ENSG00000254979	"Novel protein"		11	57387365-57424059	"Predicted membrane proteins"				"Evidence at protein level"	"Evidence at protein level"			"Tissue enhanced"	"Detected in many"		"bone marrow: 13.1;liver: 7.0;placenta: 6.8"	"Not detected"	"Not detected"			"Cell type enhanced"	"Detected in some"		"pericyte: 1.2;vascular associated smooth muscle cell: 1.3"	"Cancer enhanced"	"Detected in many"		"Skin Cuteneous Melanoma (TCGA): 5.4"	"Not detected"	"Not detected"			"Immune cell enriched"	"Detected in single"	9	"basophil: 3.6"	"Lineage enriched"	"Detected in single"	9	"granulocytes: 3.6"	"Cancer enriched"	"Detected in some"	5	"Leukemia: 13.0"										HPA038515	Supported						NA	NA				"Cluster 77: Bone marrow - Cell proliferation"		"Cluster 49: HMC-1 - Innate immune response"					"HPA038515: AB_10675800"		"unprognostic (3.56e-1)"									"unprognostic (1.43e-2)"	"unprognostic (1.40e-1)"		"unprognostic (4.82e-2)"		"unprognostic (9.05e-2)"	"unprognostic (2.94e-1)"					"unprognostic (3.55e-2)"	"unprognostic (2.69e-1)"				"unprognostic (6.29e-2)"				"unprognostic (3.51e-2)"
ENSG00000258465		ENSG00000258465	"Novel protein"		1	160216800-160285130	"Predicted intracellular proteins"				"Evidence at transcript level"	"Evidence at transcript level"			"Not detected"	"Not detected"			"Cell type enhanced"	"Detected in some"		"Bipolar cells: 2.3;Rod photoreceptor cells: 1.0"	"Low cell type specificity"	"Detected in all"			"Not detected"	"Not detected"			"Region enriched"	"Detected in single"	5	"cerebellum: 2.5"	"Immune cell enriched"	"Detected in single"	8	"basophil: 1.0"	"Lineage enriched"	"Detected in single"	8	"granulocytes: 1.0"	"Not detected"	"Not detected"												HPA044837	Uncertain						NA	NA			"Cluster 46: Basophils - Proteolysis"		"Cluster 35: Non-specific - DNA binding"	"Cluster 59: Leukemia - T-cell receptor"	"Cluster 55: Non-specific - Transcription"				"HPA044837: AB_10962496"																							"unprognostic (2.68e-1)"								
ENSG00000286190		ENSG00000286190	"Novel protein"		17	5499427-5501006	"Predicted membrane proteins"				"Evidence at transcript level"	"Evidence at transcript level"			"Tissue enhanced"	"Detected in many"		"adrenal gland: 55.2;brain: 110.6"	"Group enriched"	"Detected in some"	5	"Astrocytes: 15.5;Early spermatids: 9.5;Excitatory neurons: 27.3;Inhibitory neurons: 19.1;Late spermatids: 9.5;Mesothelial cells: 8.2;Microglial cells: 9.8;Oligodendrocyte precursor cells: 11.3;Oligodendrocytes: 7.5"	"Low cell type specificity"	"Detected in all"			"Cancer enriched"	"Detected in all"	8	"Glioblastoma Multiforme (TCGA): 280.2"	"Low region specificity"	"Detected in all"			"Immune cell enriched"	"Detected in single"	8	"basophil: 3.3"	"Lineage enriched"	"Detected in single"	11	"granulocytes: 3.3"	"Cancer enhanced"	"Detected in many"		"Rhabdoid: 47.1"		"Low region specificity"	"Detected in all"			"Low region specificity"	"Detected in all"										NA	NA					"Cluster 56: Hypothalamus - Neuropeptide signaling"	"Cluster 5: Rhabdoid - Unknown function"	"Cluster 34: Neurons - Neuronal signaling"					"unprognostic (1.31e-1)"	"unprognostic (2.46e-2)"		"unprognostic (3.53e-2)"	"unprognostic (2.77e-2)"	"unprognostic (2.58e-2)"	"unprognostic (7.15e-3)"		"unprognostic (3.02e-3)"	"unprognostic (6.54e-3)"	"unprognostic (1.11e-2)"	"unprognostic (1.81e-1)"	"unprognostic (1.00e-1)"	"unprognostic (8.48e-2)"		"unprognostic (6.51e-2)"	"unprognostic (1.62e-1)"	"unprognostic (8.55e-2)"	"unprognostic (5.02e-2)"	"unprognostic (8.33e-3)"		"potential prognostic favorable (3.44e-4)"		"unprognostic (9.65e-2)"	"unprognostic (4.27e-2)"	"unprognostic (8.55e-2)"	"unprognostic (1.01e-1)"	"unprognostic (7.68e-2)"	"unprognostic (2.51e-1)"	"unprognostic (5.03e-2)"	"unprognostic (5.96e-2)"
ERI2	"EXOD1, KIAA1504, MGC16943, ZGRF5"	ENSG00000196678	"ERI1 exoribonuclease family member 2"	A8K979	16	20780193-20900349	"Predicted intracellular proteins"		"Exonuclease, Hydrolase, Nuclease"		"Evidence at protein level"	"Evidence at protein level"	"Evidence at protein level"	"Evidence at protein level"	"Low tissue specificity"	"Detected in all"			"Cell type enhanced"	"Detected in many"		"Spermatocytes: 38.6"	"Low cell type specificity"	"Detected in all"			"Low cancer specificity"	"Detected in all"			"Low region specificity"	"Detected in all"			"Immune cell enriched"	"Detected in many"	5	"basophil: 13.8"	"Lineage enriched"	"Detected in many"	5	"granulocytes: 13.8"	"Low cancer specificity"	"Detected in all"			"Testis - Spermatocytes"	"Low region specificity"	"Detected in all"			"Low region specificity"	"Detected in all"			"HPA035384, HPA035385"	Uncertain		Approved	"Nucleoplasm,Golgi apparatus"			NA	NA			"Cluster 10: Non-specific - Membrane trafficking"	"Cluster 78: Testis - Transcription"	"Cluster 28: Oligodendrocytes - Mixed function"	"Cluster 54: Non-specific - Transcription"	"Cluster 31: Spermatocytes - Spermatogenesis"		Nucleoplasm	"Golgi apparatus"	"HPA035384: AB_10602316, HPA035385: AB_2674600"	"unprognostic (1.38e-1)"	"unprognostic (1.56e-1)"	"unprognostic (2.41e-1)"	"unprognostic (3.10e-1)"	"unprognostic (1.17e-1)"	"unprognostic (4.83e-3)"	"unprognostic (1.53e-1)"	"unprognostic (1.79e-3)"	"unprognostic (2.59e-1)"	"unprognostic (6.83e-2)"	"potential prognostic favorable (1.25e-4)"	"unprognostic (9.44e-2)"	"unprognostic (2.38e-3)"	"unprognostic (1.26e-1)"	"unprognostic (2.23e-1)"	"unprognostic (5.44e-3)"	"unprognostic (2.57e-2)"	"unprognostic (4.59e-2)"	"unprognostic (1.70e-1)"	"unprognostic (4.55e-2)"	"potential prognostic unfavorable (7.01e-4)"	"unprognostic (7.26e-3)"	"unprognostic (2.58e-1)"	"unprognostic (4.07e-2)"	"potential prognostic favorable (2.20e-4)"	"unprognostic (2.51e-1)"	"unprognostic (9.70e-2)"	"unprognostic (9.97e-2)"	"unprognostic (2.96e-1)"	"unprognostic (2.17e-2)"	"unprognostic (2.90e-2)"
F2RL2	PAR3	ENSG00000164220	"Coagulation factor II thrombin receptor like 2"	O00254	5	76615482-76623413	"G-protein coupled receptors, Predicted membrane proteins"	"Blood coagulation, Hemostasis"	"G-protein coupled receptor, Receptor, Transducer"		"Evidence at protein level"	"Evidence at transcript level"	"Evidence at protein level"	"Evidence at protein level"	"Tissue enhanced"	"Detected in many"		"gallbladder: 6.6"	"Cell type enhanced"	"Detected in some"		"Endometrial stromal cells: 2.2;Fibroblasts: 4.2;NK-cells: 1.8;Pancreatic endocrine cells: 1.7;Rod photoreceptor cells: 4.6;Schwann cells: 7.4;Smooth muscle cells: 2.4"	"Group enriched"	"Detected in some"	4	"astrocyte: 3.2;ependymal cell: 1.6;fibroblast: 1.6;leukocyte: 3.3;MGE interneuron: 1.5;midbrain-derived inhibitory: 4.8"	"Cancer enhanced"	"Detected in many"		"Breast Invasive Carcinoma (TCGA): 15.3"	"Low region specificity"	"Detected in all"			"Immune cell enriched"	"Detected in some"	9	"basophil: 10.3"	"Lineage enriched"	"Detected in many"	9	"granulocytes: 10.3"	"Cancer enhanced"	"Detected in many"		"Rhabdoid: 36.3"	"Colon - Enteric glia cells, Heart muscle - Fibroblasts"	"Low region specificity"	"Detected in many"			"Low region specificity"	"Detected in all"										NA	NA			"Cluster 41: Basophils - Unknown function"	"Cluster 39: Retina & Testis - Cilium"	"Cluster 46: Brainstem - Mixed function"	"Cluster 7: Liver cancer - Metabolism"	"Cluster 26: Schwann cells & Melanocytes - Mixed function"	1				"unprognostic (4.01e-1)"	"unprognostic (1.31e-2)"	"unprognostic (9.33e-2)"	"unprognostic (6.77e-2)"	"unprognostic (7.31e-3)"	"unprognostic (2.77e-1)"	"unprognostic (3.79e-2)"	"unprognostic (7.18e-3)"	"unprognostic (4.20e-2)"		"unprognostic (7.93e-2)"	"unprognostic (1.07e-1)"	"potential prognostic unfavorable (5.17e-5)"		"unprognostic (1.77e-1)"	"unprognostic (4.98e-3)"	"unprognostic (3.17e-1)"	"unprognostic (1.05e-1)"	"unprognostic (2.05e-1)"			"unprognostic (1.07e-1)"	"unprognostic (2.64e-1)"		"unprognostic (3.53e-1)"	"unprognostic (4.11e-2)"	"unprognostic (5.90e-3)"	"unprognostic (6.13e-2)"	"unprognostic (1.25e-1)"		
FANCC	"FA3, FAC, FACC"	ENSG00000158169	"FA complementation group C"	Q00597	9	95099054-95426796	"Cancer-related genes, Disease related genes, Human disease related genes, Plasma proteins, Predicted intracellular proteins"	"DNA damage, DNA repair"		"Cancer-related genes, Disease variant, Fanconi anemia"	"Evidence at protein level"	"Evidence at protein level"	"Evidence at protein level"	"Evidence at protein level"	"Tissue enhanced"	"Detected in many"		"liver: 24.0"	"Cell type enhanced"	"Detected in many"		"Early spermatids: 135.0;Hepatocytes: 38.5;Late spermatids: 129.5;Microglial cells: 47.4;Oligodendrocytes: 45.6"	"Low cell type specificity"	"Detected in all"			"Low cancer specificity"	"Detected in all"			"Low region specificity"	"Detected in all"			"Immune cell enriched"	"Detected in many"	7	"basophil: 10.6"	"Lineage enriched"	"Detected in many"	7	"granulocytes: 10.6"	"Low cancer specificity"	"Detected in all"			"Testis - Early spermatids, Testis - Late spermatids"	"Low region specificity"	"Detected in all"			"Low region specificity"	"Detected in all"			"CAB017793, HPA030771"	Approved		Supported	Nucleoplasm			NA	NA			"Cluster 32: Basophils - Transcription"	"Cluster 83: Liver - Metabolism"	"Cluster 25: Non-specific - Transcription"	"Cluster 43: Non-specific - Basic cellular processes"	"Cluster 21: Early spermatids - Spermatogenesis"	43	Nucleoplasm		"CAB017793: , HPA030771: AB_2673604"	"unprognostic (5.57e-2)"	"unprognostic (9.37e-3)"	"unprognostic (3.00e-1)"	"unprognostic (3.23e-2)"	"unprognostic (1.33e-1)"	"unprognostic (2.17e-1)"	"unprognostic (1.82e-1)"	"unprognostic (2.74e-2)"	"unprognostic (2.76e-2)"	"unprognostic (6.34e-2)"	"validated prognostic favorable (7.08e-7)"	"validated prognostic favorable (2.70e-4)"	"unprognostic (8.54e-3)"	"unprognostic (1.72e-2)"	"unprognostic (7.60e-2)"	"unprognostic (4.19e-3)"	"unprognostic (4.08e-2)"	"unprognostic (6.39e-2)"	"unprognostic (1.44e-2)"	"unprognostic (1.75e-1)"	"unprognostic (8.22e-2)"	"unprognostic (6.90e-2)"	"unprognostic (1.35e-2)"	"unprognostic (1.90e-2)"	"unprognostic (1.06e-2)"	"unprognostic (1.05e-1)"	"unprognostic (2.13e-2)"	"unprognostic (5.81e-2)"	"unprognostic (3.16e-1)"	"unprognostic (2.85e-1)"	"unprognostic (1.32e-2)"
FBXO30	"Fbx30, MGC21674"	ENSG00000118496	"F-box protein 30"	Q8TB52	6	145793502-145814795	"Predicted intracellular proteins"	"Ubl conjugation pathway"			"Evidence at protein level"	"Evidence at transcript level"	"Evidence at protein level"	"Evidence at protein level"	"Low tissue specificity"	"Detected in all"			"Cell type enhanced"	"Detected in all"		"Skeletal myocytes: 41.0"	"Low cell type specificity"	"Detected in all"			"Low cancer specificity"	"Detected in all"			"Low region specificity"	"Detected in all"			"Immune cell enriched"	"Detected in many"	6	"basophil: 9.3"	"Lineage enriched"	"Detected in many"	6	"granulocytes: 9.3"	"Low cancer specificity"	"Detected in all"			"Adrenal gland - Adrenal cortex cells, Prostate - Smooth muscle cells, Skin - Outer root sheath cells, Testis - Spermatocytes, Thyroid gland - Thyroid glandular cells"	"Low region specificity"	"Detected in all"			"Low region specificity"	"Detected in all"			HPA012583	Approved		Approved	Microtubules			NA	NA			"Cluster 40: Monocytes - Innate immune response"	"Cluster 19: Non-specific - Basic cellular processes"	"Cluster 19: Astrocytes - Mixed function"	"Cluster 47: Leukemia - Hemostasis"	"Cluster 58: Macrophages - Innate immune response"	23	Microtubules		"HPA012583: AB_2668686"	"unprognostic (6.94e-2)"	"unprognostic (4.50e-3)"	"unprognostic (1.71e-1)"	"unprognostic (5.86e-3)"	"unprognostic (8.81e-2)"	"unprognostic (4.51e-2)"	"unprognostic (8.28e-3)"	"unprognostic (2.06e-1)"	"unprognostic (1.87e-1)"	"unprognostic (3.17e-1)"	"potential prognostic favorable (7.64e-6)"	"unprognostic (3.18e-2)"	"unprognostic (1.11e-1)"	"potential prognostic unfavorable (5.05e-7)"	"unprognostic (1.49e-1)"	"unprognostic (4.63e-2)"	"unprognostic (1.47e-1)"	"unprognostic (2.16e-1)"	"unprognostic (8.54e-2)"	"unprognostic (6.17e-3)"	"unprognostic (7.37e-2)"	"unprognostic (6.28e-2)"	"unprognostic (5.27e-2)"	"unprognostic (2.76e-1)"	"unprognostic (5.91e-3)"	"unprognostic (1.21e-1)"	"unprognostic (2.41e-1)"	"unprognostic (2.05e-1)"	"unprognostic (7.01e-2)"	"unprognostic (1.73e-1)"	"unprognostic (2.99e-1)"
FCER1A	"FCE1A, FcepsilonRIalpha, FCERIA"	ENSG00000179639	"Fc epsilon receptor Ia"	P12319	1	159289714-159308224	"FDA approved drug targets, Predicted membrane proteins"		"IgE-binding protein, Receptor"	"FDA approved drug targets"	"Evidence at protein level"	"Evidence at transcript level"	"Evidence at protein level"	"Evidence at protein level"	"Tissue enhanced"	"Detected in many"		"skin 1: 36.2"	"Cell type enriched"	"Detected in some"	11	"Langerhans cells: 2592.1"	"Group enriched"	"Detected in some"	4	"central nervous system macrophage: 1.5;leukocyte: 3.8"	"Low cancer specificity"	"Detected in many"			"Not detected"	"Not detected"			"Immune cell enriched"	"Detected in many"	8	"basophil: 21795.4"	"Lineage enriched"	"Detected in all"	8	"granulocytes: 21795.4"	"Group enriched"	"Detected in some"	116	"Leukemia: 39.1;lymphoma: 10.8"	"Skin - Langerhans cells"	"Not detected"	"Not detected"			"Region enriched"	"Detected in single"	8	"spinal cord: 1.0"	"CAB022102, HPA036051, CAB055526"	Approved						NA	NA			"Cluster 46: Basophils - Proteolysis"	"Cluster 13: Skin - Cornification"		"Cluster 47: Leukemia - Hemostasis"	"Cluster 28: Dendritic cells - Antigen presentation"	8			"CAB022102: , CAB055526: , HPA036051: AB_2674919"	"unprognostic (1.06e-1)"	"unprognostic (8.32e-3)"	"unprognostic (8.26e-3)"	"unprognostic (5.73e-2)"		"unprognostic (2.25e-2)"	"unprognostic (1.49e-2)"	"unprognostic (3.06e-1)"	"unprognostic (2.26e-3)"		"validated prognostic favorable (4.30e-9)"	"validated prognostic favorable (5.63e-6)"	"unprognostic (6.82e-2)"	"unprognostic (7.44e-2)"	"unprognostic (3.35e-2)"	"unprognostic (6.85e-3)"	"unprognostic (2.07e-1)"	"unprognostic (1.95e-1)"	"unprognostic (3.42e-1)"	"unprognostic (3.55e-2)"	"unprognostic (7.99e-2)"	"unprognostic (1.39e-1)"	"unprognostic (1.75e-1)"	"unprognostic (3.65e-1)"		"unprognostic (1.48e-1)"	"unprognostic (3.09e-1)"	"unprognostic (2.33e-2)"	"unprognostic (9.56e-2)"	"unprognostic (4.20e-1)"	"unprognostic (3.98e-1)"
FIGN		ENSG00000182263	"Fidgetin, microtubule severing factor"	Q5HY92	2	163593396-163736012	"Predicted intracellular proteins"	"Cell cycle, Cell division, Mitosis"			"Evidence at protein level"	"Evidence at transcript level"	"Evidence at protein level"	"Evidence at protein level"	"Low tissue specificity"	"Detected in many"			"Cell type enhanced"	"Detected in many"		"Astrocytes: 153.0;Inhibitory neurons: 78.9;Oligodendrocyte precursor cells: 290.5;Oligodendrocytes: 120.5"	"Cell type enhanced"	"Detected in all"		"committed oligodendrocyte precursor: 849.5"	"Low cancer specificity"	"Detected in many"			"Low region specificity"	"Detected in all"			"Immune cell enriched"	"Detected in single"	33	"basophil: 3.3"	"Lineage enriched"	"Detected in single"	33	"granulocytes: 3.3"	"Low cancer specificity"	"Detected in many"			"Colon - Enteric glia cells"	"Low region specificity"	"Detected in many"			"Low region specificity"	"Detected in all"			HPA034987	Approved						NA	NA				"Cluster 43: Non-specific - Mitochondrial translation"	"Cluster 40: Astrocytes - Astrocyte-neuron interactions"	"Cluster 65: Non-specific - Unknown function"	"Cluster 69: Neurons - Neuronal signaling"	2			"HPA034987: AB_10669681"	"unprognostic (2.98e-1)"		"unprognostic (1.77e-1)"				"unprognostic (2.20e-1)"	"unprognostic (9.81e-3)"			"unprognostic (1.63e-1)"	"unprognostic (2.77e-2)"	"unprognostic (1.40e-1)"		"unprognostic (5.99e-2)"		"unprognostic (2.97e-1)"			"unprognostic (2.89e-1)"	"unprognostic (5.70e-2)"		"unprognostic (6.91e-2)"			"unprognostic (2.59e-3)"	"unprognostic (1.02e-1)"				"unprognostic (2.64e-2)"
FNBP1L	"C1orf39, FLJ20275, TOCA1"	ENSG00000137942	"Formin binding protein 1 like"	Q5T0N5	1	93448118-93554661	"Predicted intracellular proteins"	"Autophagy, Endocytosis"			"Evidence at protein level"	"Evidence at protein level"	"Evidence at protein level"	"Evidence at protein level"	"Low tissue specificity"	"Detected in all"			"Low cell type specificity"	"Detected in many"			"Low cell type specificity"	"Detected in all"			"Low cancer specificity"	"Detected in all"			"Low region specificity"	"Detected in all"			"Immune cell enriched"	"Detected in some"	5	"basophil: 7.3"	"Lineage enriched"	"Detected in many"	5	"granulocytes: 7.3"	"Low cancer specificity"	"Detected in all"			"Adipose visceral - Endothelial cells, Minor Salivary Gland - Minor salivary glandular cells"	"Low region specificity"	"Detected in all"			"Low region specificity"	"Detected in all"			HPA065273	Approved		Supported	Vesicles,Cytosol			NA	NA			"Cluster 41: Basophils - Unknown function"	"Cluster 24: Parathyroid gland - Vesicular transport"	"Cluster 54: Immune cells - T cell receptor"	"Cluster 10: Ciliated cells - Ion channel activity"	"Cluster 75: Serous glandular cells - Salivary secretion"	8	"Vesicles, Cytosol"		"HPA065273: AB_2685452"	"unprognostic (3.36e-3)"	"unprognostic (4.66e-2)"	"unprognostic (1.58e-2)"	"unprognostic (9.53e-3)"	"unprognostic (1.24e-3)"	"unprognostic (1.67e-1)"	"unprognostic (1.06e-1)"	"unprognostic (4.69e-2)"	"unprognostic (7.32e-2)"	"unprognostic (5.36e-2)"	"potential prognostic favorable (4.51e-9)"	"unprognostic (3.58e-3)"	"unprognostic (3.58e-1)"	"potential prognostic unfavorable (2.29e-4)"	"unprognostic (1.20e-1)"	"unprognostic (1.63e-1)"	"unprognostic (2.57e-1)"	"unprognostic (2.84e-1)"	"unprognostic (2.92e-1)"	"unprognostic (6.96e-2)"	"unprognostic (1.47e-1)"	"unprognostic (5.13e-2)"	"unprognostic (1.65e-1)"	"unprognostic (8.46e-2)"	"potential prognostic favorable (5.02e-6)"	"unprognostic (2.76e-1)"	"unprognostic (1.56e-1)"	"unprognostic (1.96e-1)"	"unprognostic (3.02e-2)"	"unprognostic (1.19e-1)"	"unprognostic (2.52e-2)"
FRYL	"AF4p12, DKFZp686E205, KIAA0826, MOR2"	ENSG00000075539	"FRY like transcription coactivator"	O94915	4	48497357-48780322	"Disease related genes, Predicted intracellular proteins"	"Transcription, Transcription regulation"			"Evidence at protein level"	"Evidence at protein level"	"Evidence at protein level"	"Evidence at protein level"	"Tissue enhanced"	"Detected in all"		"intestine: 30.9"	"Cell type enriched"	"Detected in all"	5	"Oligodendrocytes: 1069.0"	"Cell type enhanced"	"Detected in all"		"oligodendrocyte: 2067.8"	"Low cancer specificity"	"Detected in all"			"Low region specificity"	"Detected in all"			"Immune cell enriched"	"Detected in many"	5	"basophil: 13.3"	"Lineage enriched"	"Detected in all"	6	"granulocytes: 13.3"	"Low cancer specificity"	"Detected in all"			"Adrenal gland - Adrenal cortex cells"	"Low region specificity"	"Detected in all"			"Low region specificity"	"Detected in all"			"HPA031106, HPA031107"	Supported		Approved	"Microtubules,Cytokinetic bridge,Cytosol"			Yes	No			"Cluster 46: Basophils - Proteolysis"	"Cluster 39: Retina & Testis - Cilium"	"Cluster 11: White matter - Signal transduction"	"Cluster 47: Leukemia - Hemostasis"	"Cluster 51: Oligodendrocytes - Unknown function"	26	Cytosol	"Microtubules, Cytokinetic bridge"	"HPA031106: AB_10600660, HPA031107: AB_10600536"	"unprognostic (1.30e-1)"	"unprognostic (1.84e-1)"	"unprognostic (3.67e-2)"	"unprognostic (5.92e-3)"	"unprognostic (6.43e-2)"	"unprognostic (2.04e-2)"	"unprognostic (4.88e-2)"	"unprognostic (2.99e-2)"	"unprognostic (3.90e-2)"	"potential prognostic unfavorable (2.01e-4)"	"validated prognostic favorable (1.37e-7)"	"validated prognostic favorable (7.04e-5)"	"unprognostic (9.50e-2)"	"unprognostic (1.21e-1)"	"unprognostic (2.55e-2)"	"unprognostic (1.00e-2)"	"unprognostic (2.22e-3)"	"unprognostic (3.46e-1)"	"unprognostic (2.77e-1)"	"unprognostic (1.01e-2)"	"unprognostic (3.41e-3)"	"unprognostic (4.80e-3)"	"unprognostic (1.06e-1)"	"unprognostic (3.27e-1)"	"potential prognostic favorable (7.14e-4)"	"unprognostic (3.11e-1)"	"unprognostic (1.50e-1)"	"unprognostic (9.80e-2)"	"unprognostic (1.99e-1)"	"unprognostic (2.57e-2)"	"unprognostic (1.61e-1)"
FSTL1	"FRP, FSL1, OCC-1, OCC1, tsc36"	ENSG00000163430	"Follistatin like 1"	Q12841	3	120392293-120450993	"Plasma proteins, Predicted intracellular proteins, Predicted secreted proteins"		Heparin-binding		"Evidence at protein level"	"Evidence at transcript level"	"Evidence at protein level"	"Evidence at protein level"	"Low tissue specificity"	"Detected in all"			"Cell type enhanced"	"Detected in many"		"Extravillous trophoblasts: 394.4;Fibroblasts: 536.5;Leydig cells: 324.4;Peritubular cells: 264.4"	"Group enriched"	"Detected in many"	6	"astrocyte: 99.4;bergmann glia: 78.0;choroid plexus epithelial cell: 176.0;endothelial cell: 65.8;ependymal cell: 202.7;fibroblast: 152.9;pericyte: 134.4;vascular associated smooth muscle cell: 78.9"	"Low cancer specificity"	"Detected in all"			"Low region specificity"	"Detected in all"			"Immune cell enriched"	"Detected in single"	14	"basophil: 12.0"	"Lineage enriched"	"Detected in single"	14	"granulocytes: 12.0"	"Cancer enhanced"	"Detected in all"		"Adrenocortical cancer: 1295.8"	"Kidney - Fibroblasts, Skin - Fibroblast_2, Spleen - Fibroblast_1, Spleen - Fibroblast_2"	"Low region specificity"	"Detected in all"			"Low region specificity"	"Detected in all"			"HPA035251, HPA040815"	Uncertain		Approved	"Golgi apparatus,Vesicles,Cytosol"	"Secreted to blood"	Other	NA	NA		34000000		"Cluster 62: Connective tissue - ECM organization"	"Cluster 8: Immune cells - Immune response"	"Cluster 64: Connective tissue cells - ECM organization"	"Cluster 53: Fibroblasts - ECM organization"	19	Vesicles	"Golgi apparatus, Cytosol"	"HPA035251: AB_10601906, HPA040815: AB_2732489"	"unprognostic (6.62e-2)"	"unprognostic (2.32e-1)"	"unprognostic (4.79e-2)"	"unprognostic (2.17e-3)"	"unprognostic (5.87e-3)"	"unprognostic (7.57e-2)"	"unprognostic (8.67e-3)"	"unprognostic (1.56e-3)"	"unprognostic (2.50e-1)"	"unprognostic (3.80e-3)"	"unprognostic (5.66e-3)"	"unprognostic (1.01e-1)"	"unprognostic (1.51e-1)"	"unprognostic (1.19e-1)"	"unprognostic (1.87e-1)"	"unprognostic (1.34e-1)"	"unprognostic (8.22e-2)"	"unprognostic (1.19e-1)"	"unprognostic (3.90e-1)"	"unprognostic (8.91e-3)"	"unprognostic (3.01e-2)"	"unprognostic (4.92e-2)"	"unprognostic (2.42e-1)"	"unprognostic (5.89e-2)"	"unprognostic (2.32e-1)"	"unprognostic (2.80e-2)"	"unprognostic (1.57e-3)"	"unprognostic (1.38e-2)"	"unprognostic (1.55e-1)"	"unprognostic (1.98e-2)"	"unprognostic (1.93e-2)"
GATA2	NFE1B	ENSG00000179348	"GATA binding protein 2"	P23769	3	128479427-128493201	"Cancer-related genes, Disease related genes, Human disease related genes, Predicted intracellular proteins, Transcription factors"	"Phagocytosis, Transcription, Transcription regulation"	"Activator, DNA-binding"	"Cancer-related genes, Disease variant"	"Evidence at protein level"	"Evidence at protein level"	"Evidence at protein level"	"Evidence at protein level"	"Low tissue specificity"	"Detected in many"			"Cell type enhanced"	"Detected in many"		"Basal prostatic cells: 232.5;Extravillous trophoblasts: 283.7;granulocytes: 1026.9;Syncytiotrophoblasts: 308.3"	"Cell type enriched"	"Detected in some"	11	"endothelial cell: 71.9"	"Group enriched"	"Detected in many"	4	"Bladder Urothelial Carcinoma (TCGA): 22.5;Kidney Chromophobe (TCGA): 46.1;Prostate Adenocarcinoma (TCGA): 64.4;Uterine Corpus Endometrial Carcinoma (TCGA): 22.7"	"Low region specificity"	"Detected in all"			"Immune cell enriched"	"Detected in some"	361	"basophil: 567.4"	"Lineage enriched"	"Detected in single"	4016	"granulocytes: 567.4"	"Cancer enhanced"	"Detected in many"		"Neuroblastoma: 237.6"	"Pituitary gland - Thyrotropes"	"Low region specificity"	"Detected in all"			"Low region specificity"	"Detected in all"			"HPA005633, CAB024847"	Enhanced		Supported	Nucleoplasm			NA	NA			"Cluster 46: Basophils - Proteolysis"	"Cluster 62: Connective tissue - ECM organization"	"Cluster 47: Endothelial cells - Vasculature"	"Cluster 47: Leukemia - Hemostasis"	"Cluster 30: Granulocytes - Unknown function"	46	Nucleoplasm		"CAB024847: , HPA005633: AB_1078954"	"unprognostic (2.91e-2)"	"unprognostic (1.11e-1)"	"unprognostic (5.59e-2)"	"unprognostic (9.60e-2)"	"unprognostic (2.41e-2)"	"unprognostic (2.14e-2)"	"unprognostic (8.77e-2)"	"unprognostic (1.95e-1)"	"unprognostic (1.67e-1)"	"unprognostic (3.13e-1)"	"validated prognostic favorable (3.14e-5)"	"validated prognostic favorable (4.49e-4)"	"unprognostic (2.28e-1)"		"unprognostic (1.14e-2)"	"unprognostic (6.86e-3)"	"unprognostic (3.20e-2)"	"unprognostic (4.11e-2)"	"unprognostic (6.15e-2)"	"unprognostic (2.66e-2)"	"potential prognostic unfavorable (8.69e-5)"	"unprognostic (1.28e-1)"	"unprognostic (3.30e-2)"	"unprognostic (1.30e-1)"	"unprognostic (1.13e-1)"	"unprognostic (4.17e-2)"	"unprognostic (2.42e-2)"	"unprognostic (9.70e-2)"	"unprognostic (9.50e-2)"	"unprognostic (1.13e-1)"	"unprognostic (2.29e-1)"
GATA6		ENSG00000141448	"GATA binding protein 6"	Q92908	18	22169589-22202528	"Disease related genes, Human disease related genes, Predicted intracellular proteins, Transcription factors"	"Transcription, Transcription regulation"	"Activator, DNA-binding"	"Atrial septal defect, Disease variant"	"Evidence at protein level"	"Evidence at protein level"	"Evidence at protein level"	"Evidence at protein level"	"Tissue enhanced"	"Detected in many"		"adrenal gland: 56.0;ovary: 70.7"	"Cell type enhanced"	"Detected in many"		"Cardiomyocytes: 123.8;Gastric mucus-secreting cells: 96.7;Mesothelial cells: 87.5"	"Cell type enhanced"	"Detected in some"		"endothelial cell: 18.6;fibroblast: 17.7;vascular associated smooth muscle cell: 7.4"	"Cancer enhanced"	"Detected in many"		"Stomach Adenocarcinoma (TCGA): 45.3"	"Region enriched"	"Detected in single"	7	"choroid plexus: 5.9"	"Immune cell enriched"	"Detected in single"	23	"basophil: 4.0"	"Lineage enriched"	"Detected in single"	23	"granulocytes: 4.0"	"Low cancer specificity"	"Detected in many"			"Adipose subcutaneous - Smooth muscle cells, Minor Salivary Gland - Endothelial cells, Prostate - Fibroblasts, Spleen - Endothelial cells, Testis - Sertoli cells"	"Not detected"	"Not detected"			"Not detected"	"Not detected"			"CAB011581, HPA066629"	Approved		Supported	Nucleoplasm			Yes	No				"Cluster 41: Smooth muscle tissue - ECM organization"	"Cluster 8: Immune cells - Immune response"	"Cluster 66: Non-specific - Mitochondria"	"Cluster 50: Connective tissue cells - ECM organization"	1	Nucleoplasm		"CAB011581: AB_732529, HPA066629: AB_2685695"	"unprognostic (1.53e-1)"	"unprognostic (1.23e-1)"	"unprognostic (1.07e-1)"	"unprognostic (1.97e-2)"	"unprognostic (1.07e-1)"	"unprognostic (8.16e-2)"			"unprognostic (1.09e-2)"	"unprognostic (4.94e-3)"	"unprognostic (5.90e-3)"	"unprognostic (1.19e-1)"	"potential prognostic unfavorable (1.24e-4)"	"unprognostic (2.65e-1)"	"unprognostic (3.66e-2)"	"unprognostic (1.74e-1)"	"unprognostic (8.73e-2)"	"unprognostic (1.44e-2)"	"unprognostic (8.92e-2)"	"unprognostic (7.38e-2)"	"unprognostic (3.02e-2)"	"unprognostic (1.57e-1)"	"unprognostic (2.57e-2)"	"unprognostic (3.15e-2)"	"unprognostic (2.23e-2)"	"unprognostic (7.52e-3)"	"potential prognostic unfavorable (6.33e-4)"	"unprognostic (1.01e-1)"	"unprognostic (1.02e-1)"	"unprognostic (3.44e-2)"	"unprognostic (2.20e-2)"
GCSAML	"C1orf150, FLJ44728"	ENSG00000169224	"Germinal center associated signaling and motility like"	Q5JQS6	1	247507058-247577690	"Predicted intracellular proteins"				"Evidence at protein level"	"Evidence at transcript level"	"Evidence at protein level"	"Evidence at protein level"	"Tissue enhanced"	"Detected in some"		"brain: 5.5;prostate: 5.3"	"Cell type enriched"	"Detected in some"	21	"granulocytes: 186.9"	"Cell type enhanced"	"Detected in some"		"central nervous system macrophage: 4.9;upper rhombic lip: 13.2"	"Cancer enriched"	"Detected in single"	7	"Prostate Adenocarcinoma (TCGA): 3.4"	"Low region specificity"	"Detected in all"			"Immune cell enriched"	"Detected in single"	670	"basophil: 228.8"	"Lineage enriched"	"Detected in single"	670	"granulocytes: 228.8"	"Cancer enriched"	"Detected in some"	13	"Leukemia: 24.5"	"Adipose subcutaneous - Mast cells, Adipose visceral - Mast cells, Colon - Mast cells, Lung - Mast cells, Minor Salivary Gland - Mast cells, Prostate - Prostate glandular cells, Skin - Mast cells, Testis - Early spermatids"					"Low region specificity"	"Detected in all"			"HPA027507, HPA027510"	Uncertain		Approved	Cytosol			NA	NA			"Cluster 46: Basophils - Proteolysis"	"Cluster 65: Cerebellum - Nervous system development"	"Cluster 35: Non-specific - DNA binding"	"Cluster 49: HMC-1 - Innate immune response"	"Cluster 30: Granulocytes - Unknown function"	7	Cytosol		"HPA027507: AB_10600756, HPA027510: AB_2672309"						"unprognostic (4.10e-3)"											"unprognostic (1.35e-1)"		"unprognostic (2.25e-2)"					"unprognostic (3.17e-2)"		"unprognostic (7.07e-3)"					
GNA14		ENSG00000156049	"G protein subunit alpha 14"	O95837	9	77423079-77648322	"Predicted intracellular proteins"		Transducer		"Evidence at protein level"	"Evidence at protein level"	"Evidence at protein level"	"Evidence at protein level"	"Low tissue specificity"	"Detected in many"			"Cell type enhanced"	"Detected in many"		"Astrocytes: 207.8;Early spermatids: 32.0;Late spermatids: 48.0;Oocytes: 52.9"	"Cell type enhanced"	"Detected in all"		"astrocyte: 291.4;choroid plexus epithelial cell: 281.8;hippocampal dentate gyrus: 273.2"	"Low cancer specificity"	"Detected in many"			"Low region specificity"	"Detected in all"			"Immune cell enriched"	"Detected in single"	96	"basophil: 27.4"	"Lineage enriched"	"Detected in single"	96	"granulocytes: 27.4"	"Group enriched"	"Detected in some"	7	"Bone cancer: 14.9;Rhabdoid: 4.5"	"Kidney - Endothelial cells, Skin - Endothelial cells, Spleen - Fibroblast_1, Testis - Late spermatids"	"Low region specificity"	"Detected in single"			"Low region specificity"	"Detected in all"			HPA048886	Approved						NA	NA			"Cluster 41: Basophils - Unknown function"	"Cluster 51: Thyroid gland - Unknown function"	"Cluster 23: Choroid plexus - Mixed function"	"Cluster 12: Bone cancer - Neuronal signaling"	"Cluster 47: Astrocytes - Unknown function"	3			"HPA048886: AB_2680544"	"unprognostic (2.49e-1)"	"unprognostic (1.66e-2)"	"unprognostic (3.36e-1)"	"potential prognostic favorable (8.88e-4)"	"unprognostic (1.35e-1)"	"unprognostic (2.83e-2)"	"unprognostic (4.19e-1)"	"unprognostic (1.44e-1)"		"unprognostic (3.47e-2)"	"validated prognostic favorable (3.83e-12)"	"validated prognostic favorable (7.53e-4)"			"potential prognostic favorable (8.55e-9)"	"potential prognostic favorable (6.93e-4)"	"unprognostic (9.69e-2)"	"unprognostic (2.19e-2)"	"unprognostic (1.91e-2)"			"unprognostic (1.18e-1)"	"unprognostic (2.16e-2)"	"unprognostic (4.19e-1)"	"unprognostic (4.26e-2)"	"unprognostic (2.39e-3)"	"unprognostic (4.86e-1)"	"potential prognostic unfavorable (1.94e-4)"	"unprognostic (2.25e-1)"	"potential prognostic unfavorable (4.26e-4)"	"unprognostic (1.17e-1)"
GP1BA	"CD42b, GP1B, GPIbalpha"	ENSG00000185245	"Glycoprotein Ib platelet subunit alpha"	P07359	17	4932277-4935023	"CD markers, Disease related genes, Human disease related genes, Plasma proteins, Predicted membrane proteins"	"Blood coagulation, Cell adhesion, Hemostasis"		"Bernard Soulier syndrome, Disease variant, von Willebrand disease"	"Evidence at protein level"	"Evidence at protein level"	"Evidence at protein level"	"Evidence at protein level"	"Tissue enhanced"	"Detected in some"		"bone marrow: 4.9;lymphoid tissue: 14.3"	"Cell type enhanced"	"Detected in some"		"Distal tubular cells: 3.1;Horizontal cells: 1.9;Langerhans cells: 2.7;Melanocytes: 1.7;Peritubular cells: 2.0;Rod photoreceptor cells: 1.9"	"Low cell type specificity"	"Detected in some"			"Cancer enhanced"	"Detected in some"		"Testicular Germ Cell Tumor (TCGA): 4.6"	"Low region specificity"	"Detected in all"			"Immune cell enriched"	"Detected in single"	13	"basophil: 7.0"	"Lineage enriched"	"Detected in single"	44	"granulocytes: 7.0"	"Low cancer specificity"	"Detected in many"				"Not detected"	"Not detected"			"Not detected"	"Not detected"			"CAB002496, HPA013316"	Supported						NA	NA		1100000000	"Cluster 4: Neutrophils - Degranulation"	"Cluster 36: Lymphoid tissue - Cytokine signaling"	"Cluster 15: Non-specific - Transcription"	"Cluster 47: Leukemia - Hemostasis"	"Cluster 57: Platelets - Hemostasis"	10			"CAB002496: AB_563748, HPA013316: AB_1855459"			"unprognostic (4.33e-2)"			"unprognostic (1.31e-1)"				"unprognostic (2.68e-2)"		"unprognostic (4.72e-2)"	"unprognostic (5.93e-2)"									"potential prognostic favorable (5.96e-4)"				"unprognostic (6.28e-3)"		"unprognostic (4.20e-3)"	"unprognostic (4.10e-1)"		
GPR143	OA1	ENSG00000101850	"G protein-coupled receptor 143"	P51810	X	9725346-9786297	"Disease related genes, G-protein coupled receptors, Human disease related genes, Potential drug targets, Predicted membrane proteins, Transporters"		"G-protein coupled receptor, Receptor, Transducer"	"Albinism, Disease variant"	"Evidence at protein level"	"Evidence at protein level"	"Evidence at protein level"	"Evidence at protein level"	"Tissue enhanced"	"Detected in many"		"choroid plexus: 24.0"	"Cell type enriched"	"Detected in many"	4	"Melanocytes: 190.7"	"Cell type enhanced"	"Detected in many"		"astrocyte: 22.4;choroid plexus epithelial cell: 23.4"	"Cancer enriched"	"Detected in all"	5	"Skin Cuteneous Melanoma (TCGA): 198.9"	"Low region specificity"	"Detected in all"			"Immune cell enriched"	"Detected in single"	9	"basophil: 3.1"	"Lineage enriched"	"Detected in single"	19	"granulocytes: 3.1"	"Cancer enriched"	"Detected in many"	5	"skin cancer: 74.2"	"Adipose visceral - Mesothelial cells, Skin - Melanocytes"	"Not detected"	"Not detected"			"Low region specificity"	"Detected in all"			HPA003648	Enhanced		Approved	"Nucleoplasm,Nuclear bodies,Golgi apparatus,Plasma membrane,Cell Junctions"			NA	NA				"Cluster 60: Choroid plexus - Transmembrane transport"	"Cluster 41: Monoamines - Neurotransmitter signalling"	"Cluster 9: Skin cancer - Melanin biosynthesis"	"Cluster 24: Cytotrophoblasts - Mitochondria"	4	"Plasma membrane, Cell Junctions"	"Nucleoplasm, Nuclear bodies, Golgi apparatus"	"HPA003648: AB_2667028"	"unprognostic (3.23e-2)"	"unprognostic (9.14e-3)"	"unprognostic (1.08e-1)"	"unprognostic (8.79e-2)"	"unprognostic (1.70e-1)"	"unprognostic (7.17e-2)"	"unprognostic (2.94e-3)"	"unprognostic (4.24e-2)"	"unprognostic (8.59e-3)"	"unprognostic (1.61e-1)"	"unprognostic (7.28e-2)"	"unprognostic (6.95e-3)"	"unprognostic (1.63e-1)"	"unprognostic (1.36e-1)"	"potential prognostic favorable (5.45e-4)"	"unprognostic (2.03e-2)"	"unprognostic (2.38e-1)"	"unprognostic (5.35e-2)"	"unprognostic (1.47e-1)"	"unprognostic (2.58e-1)"	"unprognostic (4.94e-1)"	"unprognostic (8.72e-2)"	"unprognostic (7.08e-2)"	"unprognostic (1.20e-1)"	"unprognostic (6.73e-3)"	"unprognostic (4.78e-3)"	"unprognostic (3.18e-1)"	"unprognostic (5.29e-2)"	"unprognostic (2.50e-1)"	"unprognostic (1.80e-1)"	"unprognostic (1.10e-1)"
GPR173	SREB3	ENSG00000184194	"G protein-coupled receptor 173"	Q9NS66	X	53048789-53080615	"G-protein coupled receptors, Predicted membrane proteins"		"G-protein coupled receptor, Receptor, Transducer"		"Evidence at protein level"	"Evidence at transcript level"	"Evidence at protein level"	"Evidence at protein level"	"Tissue enhanced"	"Detected in many"		"brain: 18.2;pituitary gland: 17.9"	"Cell type enhanced"	"Detected in some"		"Astrocytes: 41.2;Excitatory neurons: 19.0;Inhibitory neurons: 13.5;Oligodendrocyte precursor cells: 46.2;Oligodendrocytes: 39.4"	"Low cell type specificity"	"Detected in all"			"Cancer enhanced"	"Detected in many"		"Glioblastoma Multiforme (TCGA): 16.5"	"Low region specificity"	"Detected in all"			"Immune cell enriched"	"Detected in single"	5	"basophil: 3.9"	"Lineage enriched"	"Detected in single"	5	"granulocytes: 3.9"	"Cancer enhanced"	"Detected in many"		"Neuroblastoma: 31.5"	"Adipose subcutaneous - Adipose progenitor cells, Adipose visceral - Adipose progenitor cells, Colon - Enteric glia cells, Heart muscle - Fibroblasts"	"Low region specificity"	"Detected in all"			"Low region specificity"	"Detected in all"			HPA003905			Approved	"Plasma membrane,Cytosol"			NA	NA				"Cluster 64: Neuronal - Transcription"	"Cluster 1: Neurons - Mixed function"	"Cluster 17: Neuroblastoma - Neuronal signaling"	"Cluster 76: Oligodendrocyte precursor - Unknown function"	34	"Plasma membrane, Cytosol"		"HPA003905: AB_1078922"	"unprognostic (4.47e-2)"	"unprognostic (8.94e-2)"	"unprognostic (3.28e-2)"	"unprognostic (9.39e-2)"	"potential prognostic unfavorable (1.70e-4)"	"unprognostic (1.51e-1)"	"unprognostic (1.37e-1)"	"potential prognostic favorable (3.26e-5)"	"unprognostic (6.12e-2)"		"potential prognostic unfavorable (4.22e-6)"	"unprognostic (6.99e-3)"	"unprognostic (8.78e-2)"			"unprognostic (4.39e-2)"	"unprognostic (3.49e-2)"	"unprognostic (1.04e-1)"	"unprognostic (5.33e-2)"	"unprognostic (2.51e-2)"	"unprognostic (7.15e-2)"	"unprognostic (2.44e-3)"	"unprognostic (8.18e-3)"	"unprognostic (2.78e-1)"	"unprognostic (8.71e-2)"	"unprognostic (1.32e-1)"	"unprognostic (2.58e-1)"	"unprognostic (3.01e-2)"	"unprognostic (3.08e-2)"	"unprognostic (1.25e-1)"	"unprognostic (7.32e-2)"
GPRC5A	"PEIG-1, RAI3, RAIG1, TIG1"	ENSG00000013588	"G protein-coupled receptor class C group 5 member A"	Q8NFJ5	12	12891559-12917937	"G-protein coupled receptors, Predicted intracellular proteins, Predicted membrane proteins"		"G-protein coupled receptor, Receptor, Transducer"	"Tumor suppressor"	"Evidence at protein level"	"Evidence at protein level"	"Evidence at protein level"	"Evidence at protein level"	"Tissue enhanced"	"Detected in many"		"lung: 195.6;urinary bladder: 125.7"	"Cell type enhanced"	"Detected in many"		"Alveolar cells type 1: 1849.7;Alveolar cells type 2: 586.6;Club cells: 431.6;Distal enterocytes: 306.0"	"Cell type enhanced"	"Detected in some"		"endothelial cell: 18.0;fibroblast: 11.7;vascular associated smooth muscle cell: 53.4"	"Low cancer specificity"	"Detected in many"			"Low region specificity"	"Detected in all"			"Immune cell enriched"	"Detected in single"	5	"basophil: 3.6"	"Lineage enriched"	"Detected in single"	13	"granulocytes: 3.6"	"Low cancer specificity"	"Detected in many"			"Lung - Alveolar cells type 1, Prostate - Urothelial cells"	"Not detected"	"Not detected"			"Low region specificity"	"Detected in some"			"HPA007928, HPA046526"	Enhanced		Enhanced	"Vesicles,Plasma membrane"			NA	Yes				"Cluster 57: Lung - Lung function"	"Cluster 42: Choroid plexus - Mitochondria"	"Cluster 53: Squamous epithelial cells - Keratinization"	"Cluster 72: Alveolar cells - Lung function"	6	"Vesicles, Plasma membrane"		"HPA007928: AB_1849318, HPA046526: AB_2679685"	"unprognostic (6.04e-3)"	"unprognostic (4.75e-3)"	"unprognostic (2.45e-2)"	"unprognostic (1.77e-2)"	"unprognostic (7.09e-2)"	"unprognostic (4.25e-2)"	"unprognostic (7.05e-3)"	"unprognostic (9.99e-2)"	"unprognostic (2.45e-1)"	"unprognostic (3.42e-2)"	"potential prognostic unfavorable (8.40e-10)"	"unprognostic (1.65e-3)"	"potential prognostic unfavorable (1.57e-5)"		"unprognostic (1.68e-1)"	"unprognostic (1.67e-2)"	"unprognostic (1.50e-1)"	"potential prognostic unfavorable (3.60e-4)"	"unprognostic (1.04e-1)"	"unprognostic (5.34e-3)"	"unprognostic (1.64e-1)"	"potential prognostic unfavorable (9.31e-5)"	"unprognostic (1.17e-1)"	"unprognostic (3.55e-1)"	"unprognostic (1.96e-1)"	"unprognostic (4.85e-3)"	"unprognostic (2.15e-1)"	"unprognostic (1.60e-1)"	"unprognostic (2.03e-1)"	"unprognostic (3.21e-1)"	"unprognostic (9.15e-2)"
H2AC18	"H2A.2, H2A/q, H2AFO, HIST2H2AA, HIST2H2AA3"	ENSG00000288825	"H2A clustered histone 18"	Q6FI13	1	149842218-149842750	"Predicted intracellular proteins"		DNA-binding		"Evidence at protein level"	"Evidence at protein level"	"Evidence at protein level"	"Evidence at protein level"	"Tissue enhanced"	"Detected in many"		"bone marrow: 85.8;prostate: 56.4"													"Group enriched"	"Detected in some"	19	"choroid plexus: 88.7;pons: 23.6"	"Immune cell enriched"	"Detected in many"	4	"basophil: 237.7"	"Lineage enriched"	"Detected in all"	7	"granulocytes: 237.7"	"Group enriched"	"Detected in many"	5	"lymphoma: 18.2;Myeloma: 30.4;thyroid cancer: 40.2"		"Low region specificity"	"Detected in all"			"Low region specificity"	"Detected in all"			HPA041189	Approved		Supported	Nucleoplasm			NA	NA			"Cluster 19: Eosinophils - Unknown function"		"Cluster 36: Choroid plexus - Mixed function"	"Cluster 55: Lymphoma - Immune response"		26	Nucleoplasm		"HPA041189: AB_2677357"																															
H4C11	"H4/e, H4F2iv, H4FE, HIST1H4J"	ENSG00000197238	"H4 clustered histone 11"	P62805	6	27824092-27824480	"Disease related genes, Predicted intracellular proteins"		DNA-binding	"Disease variant, Intellectual disability"	"Evidence at protein level"	"Evidence at protein level"	"Evidence at protein level"	"Evidence at protein level"	"Tissue enhanced"	"Detected in many"		"liver: 20.1"	"Cell type enhanced"	"Detected in many"		"Distal enterocytes: 19.5;Enteroendocrine cells: 20.9;Intestinal goblet cells: 9.9;Paneth cells: 15.7;Proximal enterocytes: 10.2"	"Not detected"	"Not detected"			"Low cancer specificity"	"Detected in many"			"Low region specificity"	"Detected in some"			"Immune cell enriched"	"Detected in many"	6	"basophil: 81.5"	"Lineage enriched"	"Detected in all"	6	"granulocytes: 81.5"	"Cancer enhanced"	"Detected in some"		"colorectal cancer: 1.3;lymphoma: 1.8"		"Low region specificity"	"Detected in some"							HPA042201	Supported						NA	NA		120000000		"Cluster 83: Liver - Metabolism"	"Cluster 23: Choroid plexus - Mixed function"	"Cluster 35: RS4;11 - Unknown function"	"Cluster 20: Enteroendocrine cells - Hormone signaling"	61			"HPA042201: AB_2677898"		"unprognostic (6.26e-1)"					"unprognostic (3.90e-1)"	"unprognostic (1.00e-2)"										"unprognostic (2.93e-1)"			"unprognostic (6.88e-3)"		"unprognostic (8.00e-2)"	"unprognostic (6.54e-2)"			"unprognostic (6.79e-1)"		"unprognostic (1.84e-1)"		
HACL1	"2-HPCL, HPCL, PHYH2"	ENSG00000131373	"2-hydroxyacyl-CoA lyase 1"	Q9UJ83	3	15560699-15601852	"Enzymes, Metabolic proteins, Predicted intracellular proteins"	"Fatty acid metabolism, Lipid metabolism"	Lyase		"Evidence at protein level"	"Evidence at protein level"	"Evidence at protein level"	"Evidence at protein level"	"Low tissue specificity"	"Detected in all"			"Low cell type specificity"	"Detected in all"			"Low cell type specificity"	"Detected in all"			"Low cancer specificity"	"Detected in all"			"Low region specificity"	"Detected in all"			"Immune cell enriched"	"Detected in all"	5	"basophil: 115.8"	"Lineage enriched"	"Detected in all"	5	"granulocytes: 115.8"	"Low cancer specificity"	"Detected in all"			"Adipose visceral - Adipocytes (Visceral), Liver - Hepatocytes, Skin - Sebaceous gland cells, Testis - Early spermatids, Testis - Spermatocytes, Thyroid gland - Thyroid glandular cells"	"Low region specificity"	"Detected in all"			"Low region specificity"	"Detected in all"			"HPA035496, HPA035497, HPA073760"	Approved		Supported	Nucleoplasm,Vesicles			NA	NA			"Cluster 32: Basophils - Transcription"	"Cluster 55: Kidney & Intestine - Metabolism"	"Cluster 31: Non-specific - Transcription"	"Cluster 8: Non-specific - Basic cellular processes"	"Cluster 66: Photoreceptor cells - Visual perception"	3	Vesicles	Nucleoplasm	"HPA035496: AB_10601328, HPA035497: AB_2674653, HPA073760: AB_2686633"	"unprognostic (1.62e-1)"	"unprognostic (6.53e-2)"	"unprognostic (7.80e-2)"	"unprognostic (5.85e-2)"	"unprognostic (5.77e-2)"	"unprognostic (4.24e-2)"	"unprognostic (1.88e-1)"	"unprognostic (4.08e-3)"	"unprognostic (2.13e-1)"	"unprognostic (4.55e-3)"	"potential prognostic favorable (1.54e-4)"	"unprognostic (1.11e-1)"	"unprognostic (3.49e-2)"	"unprognostic (4.20e-2)"	"unprognostic (2.07e-1)"	"unprognostic (9.81e-2)"	"unprognostic (3.13e-1)"	"unprognostic (3.62e-2)"	"unprognostic (1.62e-1)"	"unprognostic (5.37e-2)"	"unprognostic (6.94e-2)"	"unprognostic (3.94e-2)"	"unprognostic (3.79e-1)"	"unprognostic (1.80e-1)"	"potential prognostic favorable (6.53e-6)"	"unprognostic (3.05e-2)"	"unprognostic (8.43e-3)"	"unprognostic (3.31e-1)"	"unprognostic (1.83e-2)"	"unprognostic (1.29e-2)"	"unprognostic (2.87e-2)"
HDC		ENSG00000140287	"Histidine decarboxylase"	P19113	15	50241947-50265965	"Enzymes, Human disease related genes, Metabolic proteins, Predicted intracellular proteins"	"Catecholamine biosynthesis"	"Decarboxylase, Lyase"		"Evidence at protein level"	"Evidence at protein level"	"Evidence at protein level"	"Evidence at protein level"	"Tissue enhanced"	"Detected in many"		"brain: 36.8;epididymis: 44.9"	"Cell type enriched"	"Detected in some"	4	"granulocytes: 409.3"	"Cell type enhanced"	"Detected in many"		"splatter: 16.5"	"Group enriched"	"Detected in some"	5	"Breast Invasive Carcinoma (TCGA): 5.8;Testicular Germ Cell Tumor (TCGA): 3.0"	"Region enriched"	"Detected in many"	6	"hypothalamus: 227.7"	"Immune cell enriched"	"Detected in single"	2147	"basophil: 686.7"	"Lineage enriched"	"Detected in single"	2147	"granulocytes: 686.7"	"Group enriched"	"Detected in some"	5	"Leukemia: 41.3;Rhabdoid: 14.0"	"Colon - Mast cells, Kidney - T-cells, Lung - Mast cells"	"Region enriched"	"Detected in many"	5	"hypothalamus: 43.9"	"Group enriched"	"Detected in many"	10	"hypothalamus: 21.6;midbrain: 5.6"	HPA038891	Enhanced		Approved	"Nuclear bodies"			NA	NA			"Cluster 46: Basophils - Proteolysis"	"Cluster 50: Epididymis - Male reproductive secretion"	"Cluster 56: Hypothalamus - Neuropeptide signaling"	"Cluster 49: HMC-1 - Innate immune response"	"Cluster 30: Granulocytes - Unknown function"	1	"Nuclear bodies"		"HPA038891: AB_10673231"		"unprognostic (4.97e-2)"	"unprognostic (1.61e-1)"			"unprognostic (3.33e-3)"											"unprognostic (2.49e-1)"		"unprognostic (5.15e-2)"				"unprognostic (2.48e-2)"			"unprognostic (2.35e-2)"			"unprognostic (9.08e-2)"		
HPGDS	"GSTS, GSTS1, GSTS1-1, H-PGDS, PGD2, PGDS"	ENSG00000163106	"Hematopoietic prostaglandin D synthase"	O60760	4	94298535-94342876	"Enzymes, Metabolic proteins, Predicted intracellular proteins"	"Fatty acid biosynthesis, Fatty acid metabolism, Lipid biosynthesis, Lipid metabolism, Prostaglandin biosynthesis, Prostaglandin metabolism"	"Isomerase, Transferase"		"Evidence at protein level"	"Evidence at protein level"	"Evidence at protein level"	"Evidence at protein level"	"Tissue enhanced"	"Detected in many"		"placenta: 18.1"	"Group enriched"	"Detected in some"	26	"granulocytes: 1073.9;Hofbauer cells: 573.4"	"Cell type enriched"	"Detected in some"	56	"central nervous system macrophage: 163.0"	"Low cancer specificity"	"Detected in many"			"Low region specificity"	"Detected in all"			"Immune cell enriched"	"Detected in single"	28	"basophil: 18.2"	"Lineage enriched"	"Detected in single"	28	"granulocytes: 18.2"	"Cancer enriched"	"Detected in single"	32	"Leukemia: 8.2"	"Adipose visceral - Mast cells, Adrenal gland - Macrophages, Colon - Mast cells, Lung - Mast cells"	"Low region specificity"	"Detected in many"			"Not detected"	"Not detected"			HPA024035	Enhanced		Approved	Nucleoplasm,Vesicles,Cytosol			NA	NA		120000	"Cluster 46: Basophils - Proteolysis"	"Cluster 58: Placenta - Pregnancy"	"Cluster 20: Macrophages & Microglia - Immune response"	"Cluster 14: Myeloid leukemia - Innate immune response"	"Cluster 30: Granulocytes - Unknown function"	5	"Vesicles, Cytosol"	Nucleoplasm	"HPA024035: AB_1855743"	"unprognostic (1.77e-1)"	"unprognostic (4.13e-2)"	"unprognostic (3.79e-1)"			"unprognostic (9.95e-3)"	"unprognostic (1.70e-1)"	"unprognostic (6.44e-2)"			"potential prognostic favorable (6.35e-4)"	"unprognostic (3.92e-2)"	"unprognostic (2.85e-1)"		"unprognostic (8.40e-2)"	"potential prognostic favorable (4.76e-4)"	"unprognostic (1.45e-1)"	"unprognostic (9.97e-2)"	"unprognostic (1.88e-1)"	"unprognostic (2.24e-3)"	"unprognostic (1.03e-2)"	"unprognostic (8.81e-2)"	"unprognostic (3.48e-2)"	"unprognostic (2.12e-1)"		"unprognostic (3.26e-1)"		"unprognostic (4.92e-2)"		"unprognostic (1.67e-2)"	
IFFO2		ENSG00000169991	"Intermediate filament family orphan 2"	Q5TF58	1	18904280-18956676	"Predicted intracellular proteins"				"Evidence at protein level"	"Evidence at transcript level"	"Evidence at transcript level"	"Evidence at protein level"	"Tissue enhanced"	"Detected in all"		"skin 1: 164.4"	"Cell type enhanced"	"Detected in many"		"Basal keratinocytes: 126.6;Salivary duct cells: 56.6;Suprabasal keratinocytes: 118.6"	"Low cell type specificity"	"Detected in all"			"Cancer enhanced"	"Detected in all"		"Head and Neck Squamous Cell Carcinoma (TCGA): 49.3"	"Low region specificity"	"Detected in all"			"Immune cell enriched"	"Detected in single"	18	"basophil: 12.6"	"Lineage enriched"	"Detected in single"	18	"granulocytes: 12.6"	"Low cancer specificity"	"Detected in all"			"Adrenal gland - Adrenal cortex cells, Skin - Keratinocyte (granular)"	"Low region specificity"	"Detected in all"			"Low region specificity"	"Detected in all"			"HPA015987, HPA064603"	Approved		Approved	"Nucleoplasm,Plasma membrane"			NA	NA				"Cluster 13: Skin - Cornification"	"Cluster 25: Non-specific - Transcription"	"Cluster 15: Kidney cancer - Membrane components"	"Cluster 12: Squamous epithelial cells - Keratinization"	6	"Nucleoplasm, Plasma membrane"		"HPA015987: AB_2121678, HPA064603: AB_2685296"	"unprognostic (2.78e-2)"	"unprognostic (4.93e-1)"	"unprognostic (1.71e-1)"	"unprognostic (3.22e-1)"	"unprognostic (6.00e-2)"	"unprognostic (3.60e-2)"	"unprognostic (1.80e-1)"	"unprognostic (3.34e-1)"	"unprognostic (9.92e-2)"	"unprognostic (1.38e-2)"	"potential prognostic favorable (3.95e-6)"	"unprognostic (1.67e-2)"	"unprognostic (5.62e-2)"	"unprognostic (1.10e-2)"	"unprognostic (5.99e-2)"	"unprognostic (9.96e-2)"	"unprognostic (3.26e-2)"	"unprognostic (1.12e-1)"	"unprognostic (1.95e-1)"	"unprognostic (5.48e-3)"	"unprognostic (1.56e-2)"	"unprognostic (1.27e-3)"	"unprognostic (5.96e-2)"	"unprognostic (1.30e-1)"	"unprognostic (2.12e-1)"	"unprognostic (4.48e-3)"	"unprognostic (9.68e-2)"	"unprognostic (3.23e-2)"	"unprognostic (5.60e-2)"	"unprognostic (1.12e-1)"	"unprognostic (3.25e-2)"
IL17B	"IL-17B, IL-20, MGC138900, MGC138901, NIRF, ZCYTO7"	ENSG00000127743	"Interleukin 17B"	Q9UHF5	5	149371324-149404202	"Cancer-related genes, Predicted secreted proteins"		Cytokine	"Cancer-related genes"	"Evidence at protein level"	"Evidence at protein level"	"Evidence at transcript level"	"Evidence at protein level"	"Low tissue specificity"	"Detected in many"			"Cell type enhanced"	"Detected in some"		"Breast myoepithelial cells: 36.3;Peritubular cells: 13.1;Sertoli cells: 19.0;Skeletal myocytes: 7.8;Smooth muscle cells: 8.1"	"Cell type enhanced"	"Detected in some"		"vascular associated smooth muscle cell: 2.2"	"Cancer enhanced"	"Detected in some"		"Breast Invasive Carcinoma (TCGA): 2.4"	"Low region specificity"	"Detected in single"			"Immune cell enriched"	"Detected in single"	12	"basophil: 1.2"	"Lineage enriched"	"Detected in single"	12	"granulocytes: 1.2"	"Cancer enriched"	"Detected in some"	9	"Brain cancer: 11.6"	"Adipose subcutaneous - Smooth muscle cells, Colon - Smooth muscle cells, Lung - Smooth muscle cells, Minor Salivary Gland - Smooth muscle cells, Prostate - Smooth muscle cells, Testis - Sertoli cells, Thyroid gland - Smooth muscle cells"	"Low region specificity"	"Detected in some"			"Low region specificity"	"Detected in all"			HPA042441	Uncertain				"Secreted to blood"	Interleukin	NA	NA	75000		"Cluster 46: Basophils - Proteolysis"	"Cluster 41: Smooth muscle tissue - ECM organization"	"Cluster 2: Neurons - Nucleosome"	"Cluster 38: Non-specific - Transcription"	"Cluster 32: Smooth muscle cells - Muscle contraction"	49			"HPA042441: AB_10797014"		"potential prognostic favorable (3.34e-4)"	"unprognostic (6.46e-2)"																					"unprognostic (3.38e-1)"			"unprognostic (2.59e-1)"		"unprognostic (3.85e-1)"		
IL3RA	CD123	ENSG00000185291	"Interleukin 3 receptor subunit alpha"	P26951	X	1336616-1382689	"CD markers, FDA approved drug targets, Predicted intracellular proteins, Predicted membrane proteins"		Receptor	"FDA approved drug targets"	"Evidence at protein level"	"Evidence at protein level"	"Evidence at protein level"	"Evidence at protein level"	"Low tissue specificity"	"Detected in all"			"Cell type enhanced"	"Detected in many"		"Adipocytes: 79.5;dendritic cells: 466.3;Endothelial cells: 81.2;Langerhans cells: 57.8;Oocytes: 139.0"	"Low cell type specificity"	"Detected in some"			"Low cancer specificity"	"Detected in all"			"Low region specificity"	"Detected in all"			"Immune cell enriched"	"Detected in many"	4	"basophil: 2669.0"	"Lineage enriched"	"Detected in all"	4	"granulocytes: 2669.0"	"Cancer enhanced"	"Detected in many"		"Leukemia: 20.7"	"Adipose subcutaneous - Endothelial cells, Adipose visceral - Endothelial cells, Adrenal gland - Endothelial cells, Breast - Endothelial cells, Colon - Endothelial cells, Heart muscle - Endothelial cells, Kidney - Endothelial cells, Liver - Vascular Endothelial cells, Minor Salivary Gland - Endothelial cells, Prostate - Endothelial cells, Skeletal muscle - Endothelial cells, Skin - Endothelial cells, Testis - Endothelial cells, Thyroid gland - Endothelial cells"									"HPA003539, CAB018374"	Uncertain						NA	NA			"Cluster 41: Basophils - Unknown function"	"Cluster 7: Adipose tissue - Mixed function"	"Cluster 6: Non-specific - Immune response"	"Cluster 21: Lymphoma - Adaptive immune response"	"Cluster 28: Dendritic cells - Antigen presentation"	18			"CAB018374: AB_2233620, HPA003539: AB_1078438"	"unprognostic (2.78e-2)"	"unprognostic (1.01e-3)"	"unprognostic (5.83e-2)"	"unprognostic (1.97e-2)"	"unprognostic (8.87e-2)"	"unprognostic (1.87e-1)"	"unprognostic (3.55e-1)"		"unprognostic (5.44e-3)"	"unprognostic (1.43e-1)"	"validated prognostic favorable (2.65e-4)"	"validated prognostic favorable (2.52e-4)"	"unprognostic (2.17e-3)"	"unprognostic (2.45e-1)"		"unprognostic (9.21e-2)"	"unprognostic (1.24e-1)"	"unprognostic (1.16e-3)"	"unprognostic (2.90e-1)"	"unprognostic (1.79e-1)"	"unprognostic (1.89e-1)"	"unprognostic (2.50e-2)"	"unprognostic (3.20e-2)"	"unprognostic (1.19e-2)"	"unprognostic (5.59e-2)"	"unprognostic (4.27e-2)"	"unprognostic (5.45e-2)"	"unprognostic (1.97e-2)"	"unprognostic (1.90e-3)"	"unprognostic (1.42e-1)"	"unprognostic (5.39e-2)"
IL4	"BCGF-1, BCGF1, BSF1, IL-4, MGC79402"	ENSG00000113520	"Interleukin 4"	P05112	5	132673986-132682678	"Cancer-related genes, Disease related genes, FDA approved drug targets, Human disease related genes, Plasma proteins, Predicted secreted proteins"	"B-cell activation"	"Cytokine, Growth factor"	"Cancer-related genes, FDA approved drug targets"	"Evidence at protein level"	"Evidence at transcript level"	"Evidence at protein level"	"Evidence at protein level"	"Not detected"	"Not detected"			"Cell type enhanced"	"Detected in single"		"T-cells: 2.0"	"Not detected"	"Not detected"			"Not detected"	"Not detected"			"Low region specificity"	"Detected in some"			"Immune cell enriched"	"Detected in single"	862	"basophil: 476.8"	"Lineage enriched"	"Detected in single"	862	"granulocytes: 476.8"	"Cancer enhanced"	"Detected in single"		"lymphoma: 1.8"		"Not detected"	"Not detected"			"Low region specificity"	"Detected in some"			"HPA072995, CAB078477"	Approved				"Secreted to blood"	Interleukin	NA	NA	13600		"Cluster 46: Basophils - Proteolysis"		"Cluster 10: Cerebellum - Nucleic acid binding"	"Cluster 50: Lymphoma - Unknown function"	"Cluster 78: NK-cells & T-cells - Immune system & Transcription"	3			"CAB078477: AB_417057, HPA072995: AB_2732215"																															
INPP5A	5PTASE	ENSG00000068383	"Inositol polyphosphate-5-phosphatase A"	Q14642	10	132537787-132783480	"Enzymes, Metabolic proteins, Predicted intracellular proteins"		Hydrolase		"Evidence at protein level"	"Evidence at protein level"	"Evidence at protein level"	"Evidence at protein level"	"Low tissue specificity"	"Detected in all"			"Low cell type specificity"	"Detected in many"			"Cell type enhanced"	"Detected in all"		"medium spiny neuron: 311.8;vascular associated smooth muscle cell: 268.2"	"Low cancer specificity"	"Detected in all"			"Low region specificity"	"Detected in all"			"Immune cell enriched"	"Detected in single"	8	"basophil: 6.7"	"Lineage enriched"	"Detected in single"	29	"granulocytes: 6.7"	"Low cancer specificity"	"Detected in all"			"Adipose subcutaneous - Smooth muscle cells, Prostate - Smooth muscle cells"	"Region enhanced"	"Detected in all"		"cerebellum: 250.8"	"Low region specificity"	"Detected in all"			HPA012285	Enhanced		Approved	"Plasma membrane,Cytosol"			NA	NA			"Cluster 46: Basophils - Proteolysis"	"Cluster 12: Heart muscle - Cardiac muscle contraction"	"Cluster 15: Non-specific - Transcription"	"Cluster 52: Non-specific - Mitochondria"	"Cluster 32: Smooth muscle cells - Muscle contraction"	2	Cytosol	"Plasma membrane"	"HPA012285: AB_1851802"	"unprognostic (1.38e-1)"	"potential prognostic unfavorable (3.33e-5)"	"unprognostic (5.87e-2)"	"potential prognostic unfavorable (7.84e-4)"	"unprognostic (8.24e-3)"	"unprognostic (3.95e-2)"	"unprognostic (7.41e-2)"	"unprognostic (7.14e-3)"	"unprognostic (1.88e-2)"	"unprognostic (5.02e-2)"	"validated prognostic favorable (3.75e-8)"	"validated prognostic favorable (2.59e-5)"	"unprognostic (8.83e-2)"	"unprognostic (1.29e-1)"	"unprognostic (2.22e-3)"	"unprognostic (3.67e-3)"	"unprognostic (2.09e-1)"	"unprognostic (6.17e-2)"	"unprognostic (9.46e-2)"	"unprognostic (6.36e-2)"	"unprognostic (1.01e-3)"	"unprognostic (1.41e-1)"	"unprognostic (1.10e-1)"	"unprognostic (1.36e-2)"	"unprognostic (3.14e-1)"	"unprognostic (3.71e-2)"	"unprognostic (1.32e-1)"	"unprognostic (3.44e-1)"	"unprognostic (6.03e-2)"	"unprognostic (4.13e-2)"	"unprognostic (1.76e-1)"
IRGM	"IFI1, IRGM1, LRG-47, LRG47"	ENSG00000237693	"Immunity related GTPase M"	A1A4Y4	5	150846521-150900736	"Disease related genes, Human disease related genes, Predicted intracellular proteins"	"Autophagy, Immunity, Inflammatory response, Innate immunity"	Hydrolase		"Evidence at protein level"	"Evidence at transcript level"	"Evidence at protein level"	"Evidence at protein level"	"Not detected"	"Not detected"			"Cell type enhanced"	"Detected in some"		"dendritic cells: 1.2;granulocytes: 3.9;Oocytes: 7.4;T-cells: 2.5"	"Group enriched"	"Detected in some"	5	"deep-layer corticothalamic and 6b: 4.9;leukocyte: 13.5"	"Not detected"	"Not detected"			"Low region specificity"	"Detected in all"			"Immune cell enriched"	"Detected in single"	5	"basophil: 2.3"	"Lineage enriched"	"Detected in single"	5	"granulocytes: 2.3"	"Cancer enriched"	"Detected in single"	4	"Leukemia: 2.0"																	NA	NA					"Cluster 48: Non-specific - Mixed function"	"Cluster 49: HMC-1 - Innate immune response"	"Cluster 78: NK-cells & T-cells - Immune system & Transcription"	13																																		
ITGA2B	"CD41, CD41B, GP2B, PPP1R93"	ENSG00000005961	"Integrin subunit alpha 2b"	P08514	17	44372180-44389649	"Cancer-related genes, Candidate cardiovascular disease genes, CD markers, Disease related genes, FDA approved drug targets, Human disease related genes, Plasma proteins, Predicted intracellular proteins, Predicted membrane proteins"	"Cell adhesion"	"Integrin, Receptor"	"Cancer-related genes, Disease variant, FDA approved drug targets"	"Evidence at protein level"	"Evidence at protein level"	"Evidence at protein level"	"Evidence at protein level"	"Tissue enhanced"	"Detected in many"		"bone marrow: 16.4;epididymis: 10.4;lymphoid tissue: 10.9"	"Cell type enhanced"	"Detected in many"		"Erythroid cells: 38.7;Late spermatids: 26.7;Lymphatic endothelial cells: 8.9;Oligodendrocyte precursor cells: 9.0"	"Low cell type specificity"	"Detected in many"			"Cancer enhanced"	"Detected in some"		"Testicular Germ Cell Tumor (TCGA): 6.6"	"Low region specificity"	"Detected in all"			"Immune cell enriched"	"Detected in some"	14	"basophil: 65.1"	"Lineage enriched"	"Detected in single"	75	"granulocytes: 65.1"	"Cancer enriched"	"Detected in some"	59	"Leukemia: 83.1"	"Spleen - Platelets, Testis - Late spermatids"	"Not detected"	"Not detected"			"Low region specificity"	"Detected in all"			"CAB018611, HPA031168, HPA031169, HPA031170, HPA031171"	Enhanced		Approved	"Plasma membrane"			NA	NA		120000000	"Cluster 41: Basophils - Unknown function"	"Cluster 81: Lymphoid tissue & Bone marrow - Innate immune response"	"Cluster 48: Non-specific - Mixed function"	"Cluster 47: Leukemia - Hemostasis"	"Cluster 57: Platelets - Hemostasis"	8	"Plasma membrane"		"CAB018611: AB_2265153, HPA031168: AB_10664706, HPA031169: AB_10669671, HPA031170: AB_10696214, HPA031171: AB_10669773"	"unprognostic (2.44e-2)"		"unprognostic (2.67e-1)"	"unprognostic (1.27e-2)"				"unprognostic (9.29e-3)"												"unprognostic (5.64e-2)"	"unprognostic (3.09e-1)"								"unprognostic (1.49e-1)"	"unprognostic (3.17e-1)"	"unprognostic (1.52e-1)"
ITGB8		ENSG00000105855	"Integrin subunit beta 8"	P26012	7	20330702-20415754	"Cancer-related genes, Predicted membrane proteins"	"Cell adhesion"	"Integrin, Receptor"	"Cancer-related genes"	"Evidence at protein level"	"Evidence at protein level"	"Evidence at protein level"	"Evidence at protein level"	"Low tissue specificity"	"Detected in many"			"Cell type enhanced"	"Detected in many"		"Glandular and luminal cells: 447.7;Mucus glandular cells: 214.7;Oligodendrocyte precursor cells: 180.2;Salivary duct cells: 181.5;Schwann cells: 412.6"	"Cell type enhanced"	"Detected in many"		"choroid plexus epithelial cell: 459.9;ependymal cell: 428.3"	"Cancer enhanced"	"Detected in many"		"Kidney Renal Papillary Cell Carcinoma (TCGA): 111.5"	"Low region specificity"	"Detected in all"			"Immune cell enriched"	"Detected in single"	134	"basophil: 16.4"	"Lineage enriched"	"Detected in single"	134	"granulocytes: 16.4"	"Low cancer specificity"	"Detected in many"			"Colon - Enteric glia cells, Liver - Cholangiocyte, Minor Salivary Gland - Minor salivary glandular cells, Pituitary gland - Undifferentiated cells (Pituitary gland)"	"Low region specificity"	"Detected in all"			"Low region specificity"	"Detected in all"			"HPA027796, HPA027797"	Enhanced		Approved	"Plasma membrane,Cytosol"			NA	NA			"Cluster 46: Basophils - Proteolysis"	"Cluster 32: Endocrine & Neural - Unknown function"	"Cluster 39: Astrocytes - Mixed function"	"Cluster 15: Kidney cancer - Membrane components"	"Cluster 37: Glandular & Luminal cells - Unknown function"	6	"Plasma membrane, Cytosol"		"HPA027796: AB_10600299, HPA027797: AB_10600879"	"unprognostic (1.09e-1)"	"unprognostic (2.40e-2)"	"unprognostic (3.00e-1)"	"unprognostic (2.19e-1)"	"unprognostic (4.03e-2)"	"unprognostic (1.34e-2)"	"unprognostic (1.59e-1)"	"potential prognostic unfavorable (7.27e-5)"	"unprognostic (2.96e-1)"	"unprognostic (2.43e-1)"	"potential prognostic favorable (4.65e-6)"	"unprognostic (3.62e-2)"	"unprognostic (2.97e-3)"		"unprognostic (6.66e-2)"	"unprognostic (1.64e-2)"	"unprognostic (3.12e-3)"	"unprognostic (6.54e-3)"	"unprognostic (3.33e-1)"	"unprognostic (1.26e-2)"	"unprognostic (6.00e-3)"	"unprognostic (5.85e-3)"	"unprognostic (2.59e-1)"	"unprognostic (7.97e-2)"	"unprognostic (1.56e-1)"	"unprognostic (8.83e-2)"	"unprognostic (2.23e-2)"	"unprognostic (2.19e-1)"	"unprognostic (8.63e-2)"	"unprognostic (7.03e-2)"	"unprognostic (6.09e-2)"
KIF21B	"DKFZP434J212, KIAA0449"	ENSG00000116852	"Kinesin family member 21B"	O75037	1	200969390-201023714	"Plasma proteins, Predicted intracellular proteins"		"Motor protein"		"Evidence at protein level"	"Evidence at transcript level"	"Evidence at protein level"	"Evidence at protein level"	"Tissue enhanced"	"Detected in many"		"bone marrow: 33.8;brain: 19.5;retina: 20.8"	"Cell type enhanced"	"Detected in many"		"Bipolar cells: 26.2;Cone photoreceptor cells: 34.0;Late spermatids: 83.2;monocytes: 41.2;Rod photoreceptor cells: 28.1"	"Low cell type specificity"	"Detected in all"			"Low cancer specificity"	"Detected in many"			"Low region specificity"	"Detected in all"			"Immune cell enriched"	"Detected in some"	5	"basophil: 6.0"	"Lineage enriched"	"Detected in many"	5	"granulocytes: 6.0"	"Group enriched"	"Detected in many"	8	"Leukemia: 30.9;lymphoma: 31.2;Myeloma: 75.3"	"Adipose visceral - T-cells, Breast - T-cells, Colon - T-cells, Kidney - T-cells, Prostate - T-cells, Testis - Late spermatids, Thyroid gland - T-cells"	"Low region specificity"	"Detected in all"			"Low region specificity"	"Detected in all"			"HPA027249, HPA027274"	Approved		Approved	"Plasma membrane,Mitotic spindle,Mitochondria,Cytosol"			Yes	No			"Cluster 42: Non-specific - Vesicular transport"	"Cluster 17: Neuronal - Synaptic function"	"Cluster 51: Neurons - Mixed function"	"Cluster 71: Lymphoma - Inflammatory response"	"Cluster 7: T-cells - T-cell receptor"	5	"Plasma membrane"	"Mitotic spindle, Mitochondria, Cytosol"	"HPA027249: AB_10602241, HPA027274: AB_1852483"	"unprognostic (1.45e-1)"	"unprognostic (1.65e-1)"	"unprognostic (2.24e-3)"	"unprognostic (6.62e-2)"	"unprognostic (5.65e-2)"	"unprognostic (8.30e-2)"	"unprognostic (1.92e-1)"	"potential prognostic favorable (4.78e-4)"	"unprognostic (3.35e-3)"		"unprognostic (8.61e-2)"	"unprognostic (7.40e-2)"		"unprognostic (1.09e-2)"	"unprognostic (1.41e-2)"	"unprognostic (2.05e-2)"	"unprognostic (4.43e-2)"	"potential prognostic unfavorable (4.48e-4)"	"unprognostic (1.87e-1)"			"unprognostic (5.05e-2)"	"unprognostic (1.32e-1)"		"unprognostic (2.17e-1)"	"unprognostic (1.69e-1)"	"unprognostic (3.07e-1)"	"unprognostic (1.20e-2)"	"unprognostic (1.84e-1)"		
KIF24	"bA571F15.4, C9orf48, FLJ10933, FLJ43884"	ENSG00000186638	"Kinesin family member 24"	Q5T7B8	9	34252380-34329268	"Predicted intracellular proteins"	"Cilium biogenesis/degradation"	"Motor protein"		"Evidence at protein level"	"Evidence at transcript level"	"Evidence at protein level"	"Evidence at protein level"	"Tissue enhanced"	"Detected in some"		"testis: 10.9"	"Cell type enhanced"	"Detected in some"		"Astrocytes: 30.7;Ciliated cells: 10.3;Early spermatids: 17.0;Late spermatids: 44.8;Spermatocytes: 13.0"	"Cell type enhanced"	"Detected in many"		"ependymal cell: 93.8"	"Low cancer specificity"	"Detected in many"			"Low region specificity"	"Detected in all"			"Immune cell enriched"	"Detected in single"	10	"basophil: 3.0"	"Lineage enriched"	"Detected in single"	17	"granulocytes: 3.0"	"Low cancer specificity"	"Detected in all"			"Lung - Respiratory ciliated cells, Skin - Mitotic cells (Skin), Spleen - Mitotic cells (Spleen), Testis - Early spermatids"	"Not detected"	"Not detected"			"Low region specificity"	"Detected in many"			HPA020643	Uncertain						NA	NA				"Cluster 4: Testis - Basic cellular processes"	"Cluster 17: Choroid plexus - Cilium"	"Cluster 43: Non-specific - Basic cellular processes"	"Cluster 11: Late spermatids - Unknown function"	5			"HPA020643: AB_2131749"	"unprognostic (3.59e-1)"	"unprognostic (3.43e-1)"	"unprognostic (1.18e-1)"	"unprognostic (1.54e-2)"	"unprognostic (2.60e-1)"	"unprognostic (8.98e-2)"	"unprognostic (2.32e-1)"	"unprognostic (2.16e-1)"	"potential prognostic favorable (7.34e-4)"			"unprognostic (1.43e-1)"	"unprognostic (4.61e-2)"		"unprognostic (5.89e-2)"	"unprognostic (6.24e-3)"	"unprognostic (1.75e-3)"	"unprognostic (1.41e-1)"	"unprognostic (1.37e-2)"	"unprognostic (8.68e-2)"	"unprognostic (2.15e-2)"		"unprognostic (2.22e-1)"		"unprognostic (2.27e-2)"	"unprognostic (1.06e-1)"	"unprognostic (8.64e-3)"	"potential prognostic favorable (7.75e-4)"	"unprognostic (1.70e-1)"		"unprognostic (9.61e-2)"
KIF3A	"FLA10, KLP-20"	ENSG00000131437	"Kinesin family member 3A"	Q9Y496	5	132692628-132737638	"Predicted intracellular proteins"	"Cilium biogenesis/degradation"	"Motor protein"		"Evidence at protein level"	"Evidence at protein level"	"Evidence at protein level"	"Evidence at protein level"	"Tissue enhanced"	"Detected in all"		"brain: 41.7;retina: 32.8"	"Cell type enhanced"	"Detected in all"		"Cone photoreceptor cells: 139.3;Excitatory neurons: 172.8;Inhibitory neurons: 150.4;Spermatocytes: 148.0"	"Low cell type specificity"	"Detected in all"			"Low cancer specificity"	"Detected in all"			"Low region specificity"	"Detected in all"			"Immune cell enriched"	"Detected in many"	10	"basophil: 68.3"	"Lineage enriched"	"Detected in all"	10	"granulocytes: 68.3"	"Low cancer specificity"	"Detected in all"			"Testis - Early spermatids, Testis - Spermatocytes"	"Low region specificity"	"Detected in all"			"Low region specificity"	"Detected in all"			"CAB037085, HPA063063"	Approved		Approved	"Nucleoplasm,Primary cilium,Basal body,Cytosol"			NA	NA			"Cluster 41: Basophils - Unknown function"	"Cluster 17: Neuronal - Synaptic function"	"Cluster 1: Neurons - Mixed function"	"Cluster 59: Leukemia - T-cell receptor"	"Cluster 15: Non-specific - Mixed function"	31	"Nucleoplasm, Primary cilium, Basal body, Cytosol"		"CAB037085: AB_477147, HPA063063: "	"unprognostic (2.37e-2)"	"unprognostic (1.11e-3)"	"unprognostic (1.85e-1)"	"unprognostic (4.60e-3)"	"unprognostic (1.51e-2)"	"unprognostic (1.82e-1)"	"unprognostic (8.74e-2)"	"unprognostic (5.28e-3)"	"unprognostic (3.10e-1)"	"unprognostic (7.63e-2)"	"potential prognostic favorable (1.76e-5)"	"unprognostic (1.54e-2)"	"unprognostic (1.46e-1)"	"unprognostic (1.83e-3)"	"unprognostic (6.41e-3)"	"unprognostic (8.61e-2)"	"unprognostic (1.35e-1)"	"unprognostic (9.53e-3)"	"unprognostic (9.00e-2)"	"unprognostic (8.15e-2)"	"potential prognostic unfavorable (7.47e-4)"	"unprognostic (4.26e-2)"	"potential prognostic unfavorable (1.66e-4)"	"unprognostic (9.89e-2)"	"unprognostic (1.56e-1)"	"unprognostic (1.19e-1)"	"unprognostic (5.43e-2)"	"unprognostic (2.08e-2)"	"unprognostic (1.57e-1)"	"unprognostic (9.86e-2)"	"unprognostic (4.01e-2)"
KLF5	"BTEB2, CKLF, IKLF"	ENSG00000102554	"KLF transcription factor 5"	Q13887	13	73054976-73077541	"Cancer-related genes, Predicted intracellular proteins, Transcription factors"	"Transcription, Transcription regulation"	"Activator, DNA-binding"	"Cancer-related genes"	"Evidence at protein level"	"Evidence at protein level"	"Evidence at protein level"	"Evidence at protein level"	"Tissue enhanced"	"Detected in many"		"esophagus: 235.2;skin 1: 228.8"	"Cell type enhanced"	"Detected in many"		"Basal squamous epithelial cells: 854.1;Early spermatids: 559.9;Glandular and luminal cells: 652.2;Squamous epithelial cells: 998.2;Suprabasal keratinocytes: 678.6"	"Cell type enhanced"	"Detected in many"		"fibroblast: 61.3;medium spiny neuron: 50.7"	"Low cancer specificity"	"Detected in all"			"Low region specificity"	"Detected in many"			"Immune cell enriched"	"Detected in some"	20	"basophil: 24.0"	"Lineage enriched"	"Detected in single"	140	"granulocytes: 24.0"	"Low cancer specificity"	"Detected in all"			"Adipose visceral - Mesothelial cells, Colon - Colon enterocytes, Lung - Alveolar cells type 2, Minor Salivary Gland - Minor salivary gland basal cells, Prostate - Urothelial cells, Skin - Keratinocyte (other), Stomach - Gastric mucous cells, Testis - Early spermatids, Testis - Late spermatids"	"Low region specificity"	"Detected in many"			"Region enhanced"	"Detected in many"		"spinal cord: 30.7"	HPA040398	Approved		Supported	"Nucleoplasm,Golgi apparatus,Vesicles"			NA	NA			"Cluster 46: Basophils - Proteolysis"	"Cluster 75: Epithelium - Extracellular exosomes"	"Cluster 33: Neurons - Mixed function"	"Cluster 53: Squamous epithelial cells - Keratinization"	"Cluster 12: Squamous epithelial cells - Keratinization"	37	Nucleoplasm	"Golgi apparatus, Vesicles"	"HPA040398: AB_10673267"	"unprognostic (1.29e-2)"	"unprognostic (1.14e-2)"	"unprognostic (1.51e-1)"	"unprognostic (1.26e-1)"	"unprognostic (1.44e-2)"	"unprognostic (2.81e-2)"	"unprognostic (2.64e-2)"	"unprognostic (3.55e-2)"	"unprognostic (2.73e-1)"	"unprognostic (1.29e-1)"	"potential prognostic favorable (9.49e-5)"	"unprognostic (3.95e-2)"	"unprognostic (3.86e-2)"	"unprognostic (1.17e-1)"	"unprognostic (5.85e-2)"	"unprognostic (1.19e-3)"	"unprognostic (5.58e-2)"	"unprognostic (3.23e-2)"	"unprognostic (5.10e-3)"	"unprognostic (3.75e-2)"	"unprognostic (2.26e-2)"	"potential prognostic unfavorable (6.40e-4)"	"unprognostic (9.32e-2)"	"unprognostic (5.10e-2)"	"unprognostic (2.51e-2)"	"unprognostic (1.58e-1)"	"unprognostic (3.55e-1)"	"unprognostic (4.38e-3)"	"unprognostic (1.59e-1)"	"unprognostic (1.66e-1)"	"unprognostic (2.64e-1)"
KRT18		ENSG00000111057	"Keratin 18"	P05783	12	52948871-52952906	"Cancer-related genes, Disease related genes, Human disease related genes, Predicted intracellular proteins"	"Cell cycle, Host-virus interaction"		"Cancer-related genes, Disease variant"	"Evidence at protein level"	"Evidence at protein level"	"Evidence at protein level"	"Evidence at protein level"	"Low tissue specificity"	"Detected in many"			"Cell type enhanced"	"Detected in many"		"Cytotrophoblasts: 3815.2;Distal enterocytes: 4172.9;Ductal cells: 5450.8;Extravillous trophoblasts: 6192.8;Syncytiotrophoblasts: 8413.7"	"Group enriched"	"Detected in many"	5	"choroid plexus epithelial cell: 11.4;lower rhombic lip: 45.2"	"Low cancer specificity"	"Detected in all"			"Group enriched"	"Detected in all"	5	"choroid plexus: 72.5;hypothalamus: 28.1;medulla oblongata: 35.3;pons: 63.2"	"Immune cell enriched"	"Detected in many"	7	"basophil: 76.8"	"Lineage enriched"	"Detected in many"	7	"granulocytes: 76.8"	"Low cancer specificity"	"Detected in all"			"Adipose subcutaneous - Smooth muscle cells, Adipose visceral - Mesothelial cells, Colon - Colon enterocytes, Pituitary gland - Corticotropes, Skin - Eccrine sweat gland cells"	"Low region specificity"	"Detected in many"			"Region enhanced"	"Detected in many"		"spinal cord: 15.6"	"CAB000008, CAB000030, HPA001605"	Enhanced		Supported	Cytosol			NA	NA		99000000	"Cluster 46: Basophils - Proteolysis"	"Cluster 45: Intestine - Digestion"	"Cluster 49: Hindbrain - Mixed function"	"Cluster 53: Squamous epithelial cells - Keratinization"	"Cluster 45: Non-specific - Mixed function"	92	Cytosol		"CAB000008: , CAB000030: , HPA001605: AB_2666381"	"unprognostic (8.04e-3)"	"unprognostic (2.39e-1)"	"unprognostic (1.36e-1)"	"unprognostic (5.19e-2)"	"unprognostic (1.90e-1)"	"unprognostic (1.42e-1)"	"unprognostic (3.88e-2)"	"unprognostic (3.47e-2)"	"unprognostic (7.03e-3)"	"unprognostic (2.28e-1)"	"unprognostic (3.29e-2)"	"unprognostic (3.77e-1)"	"unprognostic (5.17e-1)"	"unprognostic (1.17e-2)"	"unprognostic (4.87e-2)"	"potential prognostic unfavorable (4.30e-6)"	"unprognostic (1.06e-1)"	"unprognostic (2.38e-1)"	"unprognostic (8.82e-2)"	"unprognostic (2.37e-2)"	"unprognostic (2.25e-1)"	"potential prognostic unfavorable (1.47e-4)"	"unprognostic (9.86e-2)"	"unprognostic (2.75e-1)"	"unprognostic (4.85e-1)"	"unprognostic (1.43e-1)"	"unprognostic (9.64e-2)"	"unprognostic (3.30e-2)"	"unprognostic (4.10e-1)"	"unprognostic (3.72e-2)"	"unprognostic (8.40e-2)"
LANCL3	FLJ42925	ENSG00000147036	"LanC like family member 3"	Q6ZV70	X	37571569-37684463	"Predicted intracellular proteins"				"Evidence at protein level"	"Evidence at transcript level"	"Evidence at transcript level"	"Evidence at protein level"	"Tissue enhanced"	"Detected in some"		"esophagus: 1.4"	"Cell type enhanced"	"Detected in many"		"Distal enterocytes: 8.8;Granulosa cells: 6.9;Horizontal cells: 8.8;Inhibitory neurons: 19.5;Squamous epithelial cells: 10.5"	"Cell type enhanced"	"Detected in many"		"mammillary body: 52.9"	"Not detected"	"Not detected"			"Low region specificity"	"Detected in all"			"Immune cell enriched"	"Detected in single"	5	"basophil: 3.8"	"Lineage enriched"	"Detected in single"	5	"granulocytes: 3.8"	"Low cancer specificity"	"Detected in some"			"Lung - Alveolar cells type 2"	"Low region specificity"	"Detected in all"			"Low region specificity"	"Detected in all"			"HPA005470, HPA076575"	Approved		Approved	Mitochondria			NA	NA			"Cluster 41: Basophils - Unknown function"	"Cluster 29: Squamous epithelium - Innate immune response"	"Cluster 56: Hypothalamus - Neuropeptide signaling"	"Cluster 24: Non-specific - Unknown function"	"Cluster 57: Platelets - Hemostasis"		Mitochondria		"HPA005470: AB_2134886, HPA076575: AB_2732315"								"unprognostic (2.89e-3)"															"unprognostic (5.96e-2)"								
LDLR	LDLCQ2	ENSG00000130164	"Low density lipoprotein receptor"	P01130	19	11089462-11133820	"Disease related genes, Human disease related genes, Metabolic proteins, Plasma proteins, Predicted intracellular proteins, Predicted membrane proteins"	"Cholesterol metabolism, Endocytosis, Host-virus interaction, Lipid metabolism, Lipid transport, Steroid metabolism, Sterol metabolism, Transport"	"Host cell receptor for virus entry, Receptor"	"Disease variant"	"Evidence at protein level"	"Evidence at protein level"	"Evidence at protein level"	"Evidence at protein level"	"Tissue enhanced"	"Detected in all"		"adrenal gland: 108.6"	"Cell type enhanced"	"Detected in many"		"Alveolar cells type 2: 445.1;Distal enterocytes: 298.1;Suprabasal keratinocytes: 286.2"	"Cell type enhanced"	"Detected in all"		"endothelial cell: 88.6"	"Low cancer specificity"	"Detected in all"			"Low region specificity"	"Detected in all"			"Immune cell enriched"	"Detected in many"	9	"basophil: 46.2"	"Lineage enriched"	"Detected in many"	9	"granulocytes: 46.2"	"Low cancer specificity"	"Detected in all"			"Adrenal gland - Adrenal cortex cells, Colon - Neutrophils, Heart muscle - Endothelial cells, Minor Salivary Gland - Minor salivary gland basal cells, Testis - Leydig cells"	"Low region specificity"	"Detected in all"			"Low region specificity"	"Detected in all"			"HPA009647, HPA009974, HPA013159"	Approved		Approved	Vesicles			NA	NA		17000000	"Cluster 41: Basophils - Unknown function"	"Cluster 68: Non-specific - Protein processing"	"Cluster 49: Hindbrain - Mixed function"	"Cluster 53: Squamous epithelial cells - Keratinization"	"Cluster 72: Alveolar cells - Lung function"	29	Vesicles		"HPA009647: AB_1079243, HPA009974: , HPA013159: AB_1852775"	"unprognostic (1.57e-1)"	"unprognostic (3.00e-1)"	"unprognostic (5.06e-1)"	"unprognostic (1.20e-3)"	"unprognostic (2.01e-2)"	"unprognostic (1.11e-2)"	"unprognostic (7.90e-2)"	"unprognostic (5.10e-2)"	"unprognostic (2.47e-1)"	"unprognostic (2.77e-1)"	"unprognostic (2.22e-1)"	"unprognostic (2.12e-1)"	"unprognostic (2.19e-3)"	"unprognostic (4.17e-2)"	"unprognostic (8.57e-2)"	"unprognostic (1.85e-2)"	"unprognostic (4.92e-2)"	"unprognostic (1.07e-1)"	"unprognostic (1.13e-1)"	"unprognostic (2.56e-2)"	"unprognostic (3.99e-1)"	"potential prognostic unfavorable (9.21e-5)"	"unprognostic (1.92e-1)"	"unprognostic (2.08e-1)"	"unprognostic (6.71e-2)"	"unprognostic (9.18e-3)"	"unprognostic (1.09e-1)"	"unprognostic (5.24e-2)"	"unprognostic (1.02e-1)"	"unprognostic (1.38e-1)"	"unprognostic (7.64e-2)"
LIMS4	LIMS3L	ENSG00000256671	"LIM zinc finger domain containing 4"	P0CW20	2	110445883-110473075	"Predicted intracellular proteins"				"Evidence at protein level"	"Evidence at transcript level"	"Evidence at protein level"	"Evidence at protein level"	"Tissue enhanced"	"Detected in some"		"skeletal muscle: 1.8"	"Cell type enhanced"	"Detected in some"		"Distal tubular cells: 3.1;Glandular and luminal cells: 1.6"	"Not detected"	"Not detected"			"Cancer enriched"	"Detected in single"	12	"Kidney Chromophobe (TCGA): 1.2"	"Low region specificity"	"Detected in all"			"Immune cell enriched"	"Detected in single"	7	"basophil: 4.0"	"Lineage enriched"	"Detected in single"	9	"granulocytes: 4.0"	"Low cancer specificity"	"Detected in single"												HPA058455	Uncertain		Uncertain	"Focal adhesion sites,Cytosol"			NA	NA			"Cluster 21: Neutrophils - Unknown function"	"Cluster 19: Non-specific - Basic cellular processes"	"Cluster 6: Non-specific - Immune response"	"Cluster 2: Mucus-secreting cells - Unknown function"	"Cluster 37: Glandular & Luminal cells - Unknown function"	8	Cytosol	"Focal adhesion sites"	"HPA058455: AB_2683723"										"unprognostic (2.15e-2)"											"unprognostic (1.29e-1)"		"unprognostic (1.17e-1)"								
LMBRD2	DKFZp434H2226	ENSG00000164187	"LMBR1 domain containing 2"	Q68DH5	5	36098407-36151887	"Disease related genes, Potential drug targets, Predicted membrane proteins, Transporters"			"Disease variant, Intellectual disability"	"Evidence at protein level"	"Evidence at transcript level"	"Evidence at protein level"	"Evidence at protein level"	"Low tissue specificity"	"Detected in all"			"Cell type enhanced"	"Detected in many"		"Excitatory neurons: 69.1"	"Low cell type specificity"	"Detected in all"			"Low cancer specificity"	"Detected in all"			"Low region specificity"	"Detected in all"			"Immune cell enriched"	"Detected in many"	6	"basophil: 10.6"	"Lineage enriched"	"Detected in many"	6	"granulocytes: 10.6"	"Low cancer specificity"	"Detected in all"			"Adrenal gland - Adrenal cortex cells, Liver - Hepatocytes, Testis - Spermatocytes"	"Low region specificity"	"Detected in all"			"Low region specificity"	"Detected in all"			HPA012165	Approved		Approved	Nucleoplasm,Cytosol			NA	NA			"Cluster 32: Basophils - Transcription"	"Cluster 61: Brain - Neuronal signaling"	"Cluster 14: Neurons - Synaptic function"	"Cluster 29: Non-specific - Unknown function"	"Cluster 34: Neurons - Neuronal signaling"		"Nucleoplasm, Cytosol"		"HPA012165: AB_2136131"	"unprognostic (2.32e-1)"	"unprognostic (1.46e-3)"	"unprognostic (1.52e-1)"	"unprognostic (1.36e-1)"	"unprognostic (5.94e-2)"	"unprognostic (2.63e-1)"	"unprognostic (2.59e-1)"	"unprognostic (5.85e-2)"	"unprognostic (1.88e-2)"	"potential prognostic unfavorable (3.37e-5)"	"potential prognostic favorable (3.58e-6)"	"unprognostic (1.20e-2)"	"unprognostic (1.28e-1)"	"unprognostic (4.37e-2)"	"unprognostic (4.79e-2)"	"unprognostic (1.01e-1)"	"unprognostic (2.38e-1)"	"unprognostic (1.54e-1)"	"unprognostic (1.95e-1)"	"unprognostic (3.36e-1)"	"unprognostic (1.21e-2)"	"unprognostic (1.80e-1)"	"unprognostic (1.86e-3)"	"unprognostic (1.15e-1)"	"unprognostic (1.08e-1)"	"unprognostic (7.22e-2)"	"unprognostic (2.46e-2)"	"unprognostic (7.05e-2)"	"unprognostic (2.04e-1)"	"unprognostic (5.92e-2)"	"unprognostic (7.08e-2)"
LPAR4	"GPR23, LPA4, P2RY9, P2Y5-LIKE, P2Y9"	ENSG00000147145	"Lysophosphatidic acid receptor 4"	Q99677	X	78747709-78758714	"G-protein coupled receptors, Predicted intracellular proteins, Predicted membrane proteins, Transporters"		"G-protein coupled receptor, Receptor, Transducer"		"Evidence at protein level"	"Evidence at protein level"	"Evidence at protein level"	"Evidence at protein level"	"Tissue enhanced"	"Detected in some"		"ovary: 3.2"	"Cell type enhanced"	"Detected in some"		"Astrocytes: 9.6;Fibroblasts: 4.3;Leydig cells: 19.9;Mucus glandular cells: 11.6;Ovarian stromal cells: 4.2"	"Cell type enhanced"	"Detected in some"		"astrocyte: 22.6;bergmann glia: 20.2;ependymal cell: 38.6"	"Cancer enhanced"	"Detected in some"		"Glioblastoma Multiforme (TCGA): 2.1"	"Low region specificity"	"Detected in all"			"Immune cell enriched"	"Detected in some"	7	"basophil: 7.8"	"Lineage enriched"	"Detected in many"	7	"granulocytes: 7.8"	"Cancer enhanced"	"Detected in some"		"Bone cancer: 2.0;testis cancer: 2.5"	"Thyroid gland - Fibroblasts"	"Low region specificity"	"Detected in many"			"Low region specificity"	"Detected in some"			"HPA046563, HPA054951, HPA055571"	Uncertain		Supported	"Nuclear bodies,Vesicles,Plasma membrane"			NA	NA			"Cluster 42: Non-specific - Vesicular transport"	"Cluster 64: Neuronal - Transcription"	"Cluster 55: Non-specific - Transcription"	"Cluster 14: Myeloid leukemia - Innate immune response"	"Cluster 6: Ovarian stromal cells - Transcription"		"Plasma membrane"	"Nuclear bodies, Vesicles"	"HPA046563: AB_2732529, HPA054951: AB_2682646, HPA055571: AB_2682853"			"unprognostic (6.05e-2)"				"unprognostic (1.11e-1)"	"unprognostic (4.56e-3)"																					"unprognostic (1.36e-1)"		
LRP12	"FLJ12929, ST7"	ENSG00000147650	"LDL receptor related protein 12"	Q9Y561	8	104489231-104589258	"Disease related genes, Human disease related genes, Predicted membrane proteins"	Endocytosis	Receptor	"Amyotrophic lateral sclerosis, Neurodegeneration"	"Evidence at protein level"	"Evidence at transcript level"	"Evidence at protein level"	"Evidence at protein level"	"Low tissue specificity"	"Detected in all"			"Cell type enhanced"	"Detected in many"		"Astrocytes: 40.6;Excitatory neurons: 76.1;Inhibitory neurons: 51.3;Oligodendrocyte precursor cells: 60.4"	"Low cell type specificity"	"Detected in all"			"Low cancer specificity"	"Detected in all"			"Low region specificity"	"Detected in all"			"Immune cell enriched"	"Detected in some"	8	"basophil: 47.2"	"Lineage enriched"	"Detected in many"	32	"granulocytes: 47.2"	"Low cancer specificity"	"Detected in all"			"Adipose visceral - Adipose progenitor cells, Adrenal gland - Adrenal cortex cells, Testis - Spermatocytes, Testis - Spermatogonia"	"Low region specificity"	"Detected in all"			"Low region specificity"	"Detected in all"			HPA017245	Uncertain		Approved	"Nucleoli fibrillar center,Plasma membrane,Mitochondria"			NA	NA			"Cluster 41: Basophils - Unknown function"	"Cluster 7: Adipose tissue - Mixed function"	"Cluster 29: Forebrain - Mixed function"	"Cluster 69: Skin cancer - ECM organization"	"Cluster 34: Neurons - Neuronal signaling"	4	"Nucleoli fibrillar center, Plasma membrane, Mitochondria"		"HPA017245: AB_1857532"	"unprognostic (8.17e-2)"	"unprognostic (2.07e-1)"	"unprognostic (1.50e-1)"	"unprognostic (2.34e-2)"	"unprognostic (3.79e-1)"	"unprognostic (5.45e-3)"	"unprognostic (1.99e-1)"	"unprognostic (2.08e-3)"	"unprognostic (1.56e-2)"	"unprognostic (7.66e-3)"	"potential prognostic favorable (5.59e-5)"	"unprognostic (1.06e-1)"	"unprognostic (2.50e-1)"	"unprognostic (1.93e-3)"	"unprognostic (1.39e-1)"	"unprognostic (7.38e-3)"	"unprognostic (6.40e-3)"	"unprognostic (7.83e-2)"	"unprognostic (1.58e-1)"	"unprognostic (3.83e-2)"	"unprognostic (1.15e-2)"	"unprognostic (1.03e-1)"	"unprognostic (4.95e-3)"	"unprognostic (8.19e-2)"	"unprognostic (3.68e-1)"	"unprognostic (7.72e-2)"	"unprognostic (2.43e-1)"	"unprognostic (3.18e-3)"	"unprognostic (2.20e-1)"	"unprognostic (8.34e-2)"	"unprognostic (8.49e-2)"
LTBP1		ENSG00000049323	"Latent transforming growth factor beta binding protein 1"	Q14766	2	32946953-33399509	"Disease related genes, Human disease related genes, Plasma proteins, Potential drug targets, Predicted intracellular proteins, Predicted secreted proteins, Transporters"		"Growth factor binding"	"Disease variant"	"Evidence at protein level"	"Evidence at transcript level"	"Evidence at protein level"	"Evidence at protein level"	"Tissue enhanced"	"Detected in many"		"cervix: 155.6"	"Cell type enhanced"	"Detected in many"		"Astrocytes: 102.8;Cardiomyocytes: 88.9;Fibroblasts: 98.2;Leydig cells: 93.8;Mucus glandular cells: 115.3;Peritubular cells: 159.3;Smooth muscle cells: 121.1"	"Cell type enhanced"	"Detected in all"		"mammillary body: 645.5;vascular associated smooth muscle cell: 1013.2"	"Low cancer specificity"	"Detected in all"			"Low region specificity"	"Detected in all"			"Immune cell enriched"	"Detected in single"	5	"basophil: 3.2"	"Lineage enriched"	"Detected in single"	14	"granulocytes: 3.2"	"Low cancer specificity"	"Detected in many"			"Adipose subcutaneous - Smooth muscle cells, Adipose visceral - Smooth muscle cells, Adrenal gland - Fibroblasts, Kidney - Fibroblasts, Liver - Hepatic stellate cells, Pancreas - Fibroblasts, Pituitary gland - Fibroblasts, Prostate - Smooth muscle cells"	"Low region specificity"	"Detected in many"			"Low region specificity"	"Detected in all"			CAB025428	Approved				"Secreted to extracellular matrix"	Other	NA	NA		220000000	"Cluster 20: Non-specific - DNA binding"	"Cluster 62: Connective tissue - ECM organization"	"Cluster 39: Astrocytes - Mixed function"	"Cluster 64: Connective tissue cells - ECM organization"	"Cluster 32: Smooth muscle cells - Muscle contraction"	4			"CAB025428: "	"unprognostic (2.23e-1)"	"unprognostic (5.73e-2)"	"unprognostic (3.19e-2)"	"unprognostic (2.62e-2)"	"unprognostic (1.28e-2)"	"unprognostic (6.37e-2)"	"unprognostic (7.92e-3)"	"unprognostic (1.22e-1)"	"unprognostic (1.62e-1)"	"unprognostic (6.88e-3)"	"unprognostic (1.67e-1)"	"unprognostic (3.20e-1)"	"potential prognostic unfavorable (9.75e-4)"	"potential prognostic unfavorable (6.99e-4)"	"unprognostic (1.14e-1)"	"unprognostic (6.21e-2)"	"unprognostic (4.61e-2)"	"unprognostic (4.30e-1)"	"unprognostic (6.91e-2)"	"unprognostic (1.68e-1)"	"unprognostic (1.19e-1)"	"unprognostic (1.46e-2)"	"unprognostic (2.06e-1)"	"unprognostic (1.74e-1)"	"unprognostic (5.67e-2)"	"unprognostic (1.02e-2)"	"unprognostic (1.91e-2)"	"unprognostic (1.94e-2)"	"unprognostic (1.93e-1)"	"unprognostic (2.13e-1)"	"unprognostic (1.69e-1)"
LUM	"LDC, SLRR2D"	ENSG00000139329	Lumican	P51884	12	91102629-91111494	"Cancer-related genes, Plasma proteins, Predicted secreted proteins"			"Cancer-related genes"	"Evidence at protein level"	"Evidence at protein level"	"Evidence at protein level"	"Evidence at protein level"	"Tissue enhanced"	"Detected in many"		"gallbladder: 714.3;placenta: 518.2"	"Group enriched"	"Detected in many"	5	"Endometrial stromal cells: 974.3;Fibroblasts: 1433.9;Leydig cells: 406.4;Smooth muscle cells: 502.2"	"Group enriched"	"Detected in some"	29	"fibroblast: 102.4;pericyte: 27.4"	"Low cancer specificity"	"Detected in all"			"Region enriched"	"Detected in some"	4	"choroid plexus: 8.1"	"Immune cell enriched"	"Detected in single"	122	"basophil: 12.1"	"Lineage enriched"	"Detected in single"	122	"granulocytes: 12.1"	"Cancer enhanced"	"Detected in many"		"Rhabdoid: 228.0"	"Adipose subcutaneous - Adipose progenitor cells, Adrenal gland - Fibroblasts, Heart muscle - Fibroblasts, Kidney - Fibroblasts, Liver - Hepatic stellate cells, Minor Salivary Gland - Fibroblasts, Pituitary gland - Fibroblasts, Prostate - Fibroblasts, Skeletal muscle - Fibroblasts, Skin - Fibroblast_1, Stomach - Fibroblasts, Thyroid gland - Fibroblasts"	"Low region specificity"	"Detected in all"			"Region enriched"	"Detected in all"	9	"spinal cord: 197.5"	"HPA001522, CAB025783"	Supported				"Secreted to extracellular matrix"	"No annotated function"	NA	NA		21000000000	"Cluster 46: Basophils - Proteolysis"	"Cluster 62: Connective tissue - ECM organization"	"Cluster 12: Non-specific - Vasculature"	"Cluster 5: Rhabdoid - Unknown function"	"Cluster 50: Connective tissue cells - ECM organization"	5			"CAB025783: , HPA001522: AB_1079285"	"unprognostic (8.41e-3)"	"unprognostic (1.48e-1)"	"unprognostic (1.53e-1)"	"unprognostic (3.62e-1)"	"unprognostic (6.55e-2)"	"unprognostic (1.31e-1)"	"unprognostic (2.23e-2)"	"unprognostic (4.77e-2)"	"unprognostic (1.22e-1)"	"unprognostic (3.14e-1)"	"unprognostic (3.54e-2)"	"unprognostic (4.86e-1)"	"unprognostic (1.06e-3)"	"unprognostic (2.35e-1)"	"unprognostic (3.46e-2)"	"unprognostic (3.35e-2)"	"unprognostic (4.43e-2)"	"unprognostic (1.20e-1)"	"unprognostic (3.30e-1)"	"unprognostic (1.45e-2)"	"potential prognostic unfavorable (4.88e-6)"	"unprognostic (3.16e-2)"	"unprognostic (6.92e-2)"	"unprognostic (5.12e-2)"	"unprognostic (4.61e-2)"	"unprognostic (2.08e-3)"	"unprognostic (4.45e-2)"	"unprognostic (6.12e-3)"	"unprognostic (9.66e-3)"	"unprognostic (2.87e-2)"	"unprognostic (1.25e-2)"
LYPD6B	"CT116, LYPD7"	ENSG00000150556	"LY6/PLAUR domain containing 6B"	Q8NI32	2	149038107-149215262	"Predicted intracellular proteins, Transporters"				"Evidence at protein level"	"Evidence at transcript level"	"Evidence at protein level"	"Evidence at protein level"	"Tissue enhanced"	"Detected in many"		"skin 1: 92.5"	"Cell type enhanced"	"Detected in many"		"Early spermatids: 233.7;Gastric mucus-secreting cells: 78.4;Inhibitory neurons: 75.0;Late spermatids: 137.2;Secretory cells: 59.0"	"Cell type enhanced"	"Detected in many"		"hippocampal dentate gyrus: 216.9;midbrain-derived inhibitory: 342.1"	"Cancer enhanced"	"Detected in many"		"Ovary Serous Cystadenocarcinoma (TCGA): 65.2"	"Low region specificity"	"Detected in many"			"Immune cell enriched"	"Detected in some"	4	"basophil: 13.8"	"Lineage enriched"	"Detected in many"	4	"granulocytes: 13.8"	"Low cancer specificity"	"Detected in all"			"Skin - Keratinocyte (other), Stomach - Gastric mucous cells, Testis - Early spermatids, Testis - Late spermatids"	"Low region specificity"	"Detected in many"			"Low region specificity"	"Detected in all"			HPA049239	Uncertain				"Intracellular and membrane"	"No annotated function"	NA	NA			"Cluster 32: Basophils - Transcription"	"Cluster 13: Skin - Cornification"	"Cluster 38: Sub-cortical - Mixed function"	"Cluster 66: Non-specific - Mitochondria"	"Cluster 21: Early spermatids - Spermatogenesis"				"HPA049239: AB_2680688"	"unprognostic (5.09e-2)"	"unprognostic (1.32e-1)"	"unprognostic (6.69e-3)"	"unprognostic (9.02e-2)"	"unprognostic (1.68e-1)"	"unprognostic (4.02e-3)"			"unprognostic (2.24e-1)"	"unprognostic (7.62e-2)"	"unprognostic (3.25e-1)"		"unprognostic (4.24e-2)"	"unprognostic (4.84e-2)"	"unprognostic (5.62e-2)"	"unprognostic (2.19e-1)"	"unprognostic (2.14e-2)"	"unprognostic (6.55e-3)"	"unprognostic (5.88e-3)"	"unprognostic (2.92e-2)"	"unprognostic (3.11e-1)"	"unprognostic (2.41e-2)"	"unprognostic (2.45e-1)"	"unprognostic (5.56e-2)"	"unprognostic (1.77e-1)"	"unprognostic (8.78e-3)"		"unprognostic (2.84e-1)"	"unprognostic (2.72e-1)"		"unprognostic (1.30e-1)"
MACIR	"C5orf30, FLJ25291"	ENSG00000181751	"Macrophage immunometabolism regulator"	Q96GV9	5	103258763-103278660	"Predicted intracellular proteins"	"Cilium biogenesis/degradation, Inflammatory response, Protein transport, Transport"			"Evidence at protein level"	"Evidence at transcript level"	"Evidence at protein level"	"Evidence at protein level"	"Tissue enhanced"	"Detected in all"		"bone marrow: 31.0"	"Cell type enhanced"	"Detected in many"		"Distal enterocytes: 69.8;Extravillous trophoblasts: 118.6;Muller glia cells: 58.2"	"Low cell type specificity"	"Detected in all"			"Low cancer specificity"	"Detected in all"			"Low region specificity"	"Detected in all"			"Immune cell enriched"	"Detected in all"	5	"basophil: 37.8"	"Lineage enriched"	"Detected in all"	5	"granulocytes: 37.8"	"Low cancer specificity"	"Detected in all"			"Adipose subcutaneous - Adipocytes (Subcutaneous), Adipose visceral - Adipocytes (Visceral), Spleen - Neutrophils, Stomach - Gastric mucous cells"	"Low region specificity"	"Detected in all"			"Low region specificity"	"Detected in all"			"HPA043434, HPA060202"	Uncertain		Approved	"Nucleoplasm,Actin filaments,Primary cilium,Cytosol"			NA	NA			"Cluster 42: Non-specific - Vesicular transport"	"Cluster 9: Oligodendrocytes - Myelination"	"Cluster 34: Non-specific - Mixed function"	"Cluster 72: Neuronal - Signal transduction"	"Cluster 5: Enterocytes - Absorption"	30	"Nucleoplasm, Actin filaments"	"Primary cilium, Cytosol"	"HPA043434: AB_2678480, HPA060202: "	"unprognostic (4.31e-2)"	"unprognostic (1.31e-1)"		"potential prognostic unfavorable (6.35e-4)"	"unprognostic (1.79e-1)"	"unprognostic (2.89e-1)"	"unprognostic (3.20e-1)"	"unprognostic (4.62e-2)"	"unprognostic (3.42e-1)"	"unprognostic (2.14e-1)"	"potential prognostic favorable (5.26e-4)"	"unprognostic (1.02e-1)"	"unprognostic (9.21e-3)"	"potential prognostic unfavorable (9.29e-6)"		"unprognostic (3.63e-2)"	"unprognostic (8.89e-2)"	"unprognostic (3.65e-1)"	"unprognostic (1.80e-1)"	"unprognostic (1.27e-1)"	"unprognostic (1.01e-1)"	"unprognostic (1.63e-2)"	"unprognostic (2.17e-2)"	"unprognostic (2.10e-1)"	"potential prognostic favorable (9.09e-4)"	"unprognostic (7.94e-2)"	"unprognostic (9.28e-2)"	"unprognostic (1.13e-1)"	"unprognostic (1.10e-1)"	"unprognostic (1.92e-2)"	"unprognostic (3.36e-1)"
MAF	c-MAF	ENSG00000178573	"MAF bZIP transcription factor"	O75444	16	79585843-79600737	"Cancer-related genes, Disease related genes, Human disease related genes, Predicted intracellular proteins, Transcription factors"	"Transcription, Transcription regulation"	"Activator, DNA-binding, Repressor"	"Cancer-related genes, Cataract, Deafness, Disease variant, Dwarfism, Intellectual disability, Proto-oncogene, Tumor suppressor"	"Evidence at protein level"	"Evidence at transcript level"	"Evidence at protein level"	"Evidence at protein level"	"Low tissue specificity"	"Detected in all"			"Cell type enhanced"	"Detected in many"		"Hofbauer cells: 255.8;Inhibitory neurons: 363.0;Kupffer cells: 382.8;Lymphatic endothelial cells: 281.1;Proximal enterocytes: 279.8"	"Cell type enhanced"	"Detected in many"		"central nervous system macrophage: 651.7"	"Low cancer specificity"	"Detected in all"			"Low region specificity"	"Detected in all"			"Immune cell enriched"	"Detected in many"	4	"basophil: 38.1"	"Lineage enriched"	"Detected in many"	4	"granulocytes: 38.1"	"Cancer enriched"	"Detected in many"	7	"Myeloma: 58.6"	"Breast - Fibroblasts, Kidney - Proximal tubular cells, Skeletal muscle - Skeletal myocytes, Skin - Keratinocyte (other), Spleen - Macrophages"	"Low region specificity"	"Detected in all"			"Low region specificity"	"Detected in all"			"CAB010296, HPA028289"	Approved		Approved	"Nucleoplasm,Nuclear bodies,Golgi apparatus,Vesicles"			NA	NA			"Cluster 42: Non-specific - Vesicular transport"	"Cluster 55: Kidney & Intestine - Metabolism"	"Cluster 20: Macrophages & Microglia - Immune response"	"Cluster 51: Myeloma - Immunoglobulins"	"Cluster 78: NK-cells & T-cells - Immune system & Transcription"	9	"Nucleoplasm, Nuclear bodies"	"Golgi apparatus, Vesicles"	"CAB010296: AB_638562, HPA028289: AB_10602024"	"unprognostic (3.33e-2)"	"unprognostic (6.56e-2)"	"unprognostic (4.42e-1)"	"unprognostic (1.59e-2)"	"unprognostic (1.40e-1)"	"unprognostic (9.44e-2)"	"unprognostic (2.75e-3)"	"unprognostic (2.98e-2)"	"unprognostic (3.23e-3)"	"unprognostic (1.62e-2)"	"validated prognostic favorable (5.51e-7)"	"validated prognostic favorable (9.02e-4)"	"unprognostic (2.69e-2)"	"unprognostic (6.66e-2)"	"potential prognostic favorable (1.91e-4)"	"unprognostic (1.21e-1)"	"unprognostic (1.77e-2)"	"unprognostic (1.10e-1)"	"unprognostic (1.56e-1)"	"unprognostic (1.38e-2)"	"unprognostic (1.87e-1)"	"unprognostic (2.26e-1)"	"unprognostic (4.44e-3)"	"unprognostic (1.68e-1)"	"unprognostic (5.25e-2)"	"unprognostic (1.09e-2)"	"unprognostic (6.49e-2)"	"unprognostic (4.55e-2)"	"unprognostic (7.65e-2)"	"unprognostic (3.94e-1)"	"unprognostic (1.66e-1)"
MAP7D2	FLJ14503	ENSG00000184368	"MAP7 domain containing 2"	Q96T17	X	20006713-20116907	"Predicted intracellular proteins"				"Evidence at protein level"	"Evidence at protein level"	"Evidence at protein level"	"Evidence at protein level"	"Tissue enhanced"	"Detected in many"		"brain: 31.3;epididymis: 35.5"	"Cell type enhanced"	"Detected in many"		"Cytotrophoblasts: 95.5;Inhibitory neurons: 53.0;Oocytes: 233.8;Spermatocytes: 63.2;Spermatogonia: 140.1"	"Low cell type specificity"	"Detected in all"			"Low cancer specificity"	"Detected in many"			"Low region specificity"	"Detected in all"			"Immune cell enriched"	"Detected in single"	9	"basophil: 3.0"	"Lineage enriched"	"Detected in single"	9	"granulocytes: 3.0"	"Cancer enhanced"	"Detected in many"		"Kidney cancer: 20.4"	"Colon - Colon enteroendocrine cells, Kidney - Proximal tubular cells, Lung - Respiratory ciliated cells, Pancreas - Alpha cells, Testis - Spermatocytes, Testis - Spermatogonia"	"Low region specificity"	"Detected in all"			"Low region specificity"	"Detected in all"			"HPA051508, HPA059537"	Enhanced		Approved	Nucleoplasm,Cytosol			NA	NA				"Cluster 50: Epididymis - Male reproductive secretion"	"Cluster 52: Neurons & Synapses - Synaptic function"	"Cluster 15: Kidney cancer - Membrane components"	"Cluster 24: Cytotrophoblasts - Mitochondria"	4	Nucleoplasm	Cytosol	"HPA051508: AB_2681513, HPA059537: AB_2684054"	"potential prognostic unfavorable (8.33e-4)"		"unprognostic (1.79e-1)"	"unprognostic (8.42e-2)"	"unprognostic (2.07e-1)"	"unprognostic (1.60e-1)"	"unprognostic (1.59e-1)"	"unprognostic (2.84e-1)"	"unprognostic (9.65e-3)"		"unprognostic (1.95e-1)"	"unprognostic (2.92e-2)"	"unprognostic (1.09e-1)"	"unprognostic (1.55e-1)"	"unprognostic (2.03e-1)"	"unprognostic (6.81e-3)"	"unprognostic (3.47e-3)"	"unprognostic (9.53e-2)"	"unprognostic (2.05e-1)"	"unprognostic (8.10e-2)"	"unprognostic (6.42e-2)"	"potential prognostic favorable (6.68e-4)"	"unprognostic (6.88e-3)"		"unprognostic (2.12e-1)"	"unprognostic (1.68e-2)"	"unprognostic (2.22e-1)"	"unprognostic (1.20e-2)"	"unprognostic (1.70e-1)"		"unprognostic (4.27e-3)"
MAPK9	"JNK2, p54a, PRKM9, SAPK"	ENSG00000050748	"Mitogen-activated protein kinase 9"	P45984	5	180233143-180292099	"Enzymes, Predicted intracellular proteins, RAS pathway related proteins"	"Biological rhythms"	"Kinase, Serine/threonine-protein kinase, Transferase"		"Evidence at protein level"	"Evidence at protein level"	"Evidence at protein level"	"Evidence at protein level"	"Low tissue specificity"	"Detected in all"			"Low cell type specificity"	"Detected in many"			"Low cell type specificity"	"Detected in all"			"Low cancer specificity"	"Detected in all"			"Low region specificity"	"Detected in all"			"Immune cell enriched"	"Detected in many"	6	"basophil: 16.3"	"Lineage enriched"	"Detected in all"	6	"granulocytes: 16.3"	"Low cancer specificity"	"Detected in all"			"Thyroid gland - Thyroid glandular cells"	"Low region specificity"	"Detected in all"			"Low region specificity"	"Detected in all"			"CAB008910, HPA072462"	Enhanced		Approved	"Nuclear speckles,Plasma membrane,Cytosol"			NA	NA			"Cluster 41: Basophils - Unknown function"	"Cluster 22: Brain - Synaptic signal transduction"	"Cluster 37: Neurons - Mixed function"	"Cluster 22: Non-specific - mRNA splicing & Cell cycle"	"Cluster 28: Dendritic cells - Antigen presentation"	100	"Plasma membrane, Cytosol"	"Nuclear speckles"	"CAB008910: , HPA072462: "	"unprognostic (2.42e-2)"	"unprognostic (1.38e-2)"	"unprognostic (3.96e-2)"	"unprognostic (3.46e-2)"	"unprognostic (1.95e-2)"	"unprognostic (1.02e-1)"	"unprognostic (1.57e-1)"	"unprognostic (4.17e-2)"	"unprognostic (8.28e-3)"	"unprognostic (4.09e-3)"	"potential prognostic favorable (1.53e-7)"	"unprognostic (1.00e-2)"	"unprognostic (1.19e-1)"	"unprognostic (2.88e-2)"	"unprognostic (7.76e-2)"	"unprognostic (1.89e-1)"	"unprognostic (1.73e-1)"	"unprognostic (1.55e-3)"	"unprognostic (2.96e-1)"	"unprognostic (1.29e-1)"	"potential prognostic unfavorable (3.83e-4)"	"unprognostic (4.23e-2)"	"unprognostic (9.76e-3)"	"unprognostic (2.62e-1)"	"unprognostic (3.54e-2)"	"unprognostic (1.79e-1)"	"unprognostic (2.61e-1)"	"unprognostic (2.66e-1)"	"unprognostic (1.89e-1)"	"unprognostic (1.50e-3)"	"unprognostic (2.11e-1)"
MICAL3	KIAA0819	ENSG00000243156	"Microtubule associated monooxygenase, calponin and LIM domain containing 3"	Q7RTP6	22	17787649-18024561	"Enzymes, Predicted intracellular proteins, Predicted membrane proteins"	"Cell cycle, Cell division, Exocytosis"	"Actin-binding, Monooxygenase, Oxidoreductase"		"Evidence at protein level"	"Evidence at protein level"	"Evidence at protein level"	"Evidence at protein level"	"Low tissue specificity"	"Detected in all"			"Cell type enhanced"	"Detected in many"		"Excitatory neurons: 170.5;Inhibitory neurons: 157.6;Oligodendrocytes: 201.1"	"Low cell type specificity"	"Detected in all"			"Low cancer specificity"	"Detected in all"			"Low region specificity"	"Detected in all"			"Immune cell enriched"	"Detected in some"	4	"basophil: 11.2"	"Lineage enriched"	"Detected in many"	4	"granulocytes: 11.2"	"Low cancer specificity"	"Detected in all"			"Minor Salivary Gland - Endothelial cells"	"Low region specificity"	"Detected in all"			"Low region specificity"	"Detected in all"			"HPA000639, HPA003421, HPA034882"	Approved		Supported	"Nucleoplasm,Plasma membrane,Midbody ring,Cytosol"			Yes	No			"Cluster 32: Basophils - Transcription"	"Cluster 79: Non-specific - Transcription"	"Cluster 15: Non-specific - Transcription"	"Cluster 69: Skin cancer - ECM organization"	"Cluster 69: Neurons - Neuronal signaling"	5	"Nucleoplasm, Midbody ring"	"Plasma membrane, Cytosol"	"HPA000639: AB_10301319, HPA003421: AB_10601134, HPA034882: AB_2674371"	"unprognostic (2.56e-1)"	"unprognostic (8.71e-2)"	"unprognostic (2.78e-2)"	"unprognostic (2.43e-2)"	"unprognostic (1.03e-1)"	"unprognostic (2.73e-1)"	"unprognostic (6.68e-2)"	"potential prognostic favorable (7.74e-5)"	"unprognostic (2.63e-1)"	"unprognostic (1.59e-2)"	"potential prognostic favorable (2.53e-4)"	"unprognostic (1.85e-2)"	"unprognostic (2.52e-2)"	"unprognostic (9.58e-2)"	"unprognostic (3.29e-2)"	"unprognostic (6.30e-3)"	"unprognostic (1.84e-2)"	"unprognostic (1.07e-1)"	"unprognostic (1.89e-2)"	"unprognostic (1.22e-1)"	"unprognostic (1.49e-1)"	"unprognostic (2.24e-1)"	"unprognostic (1.14e-2)"	"unprognostic (3.79e-1)"	"unprognostic (1.99e-3)"	"unprognostic (1.59e-1)"	"unprognostic (8.41e-2)"	"unprognostic (1.19e-1)"	"unprognostic (4.18e-1)"	"unprognostic (1.68e-1)"	"unprognostic (4.69e-2)"
MS4A2	"APY, FCER1B, IGER"	ENSG00000149534	"Membrane spanning 4-domains A2"	Q01362	11	60088261-60098467	"FDA approved drug targets, Human disease related genes, Predicted intracellular proteins, Predicted membrane proteins, Transporters"		"IgE-binding protein, Receptor"	"FDA approved drug targets"	"Evidence at protein level"	"Evidence at protein level"	"Evidence at protein level"	"Evidence at protein level"	"Tissue enhanced"	"Detected in many"		"lung: 12.2"	"Cell type enriched"	"Detected in some"	29	"granulocytes: 1187.8"	"Not detected"	"Not detected"			"Low cancer specificity"	"Detected in many"			"Low region specificity"	"Detected in many"			"Immune cell enriched"	"Detected in single"	873	"basophil: 275.8"	"Lineage enriched"	"Detected in single"	1528	"granulocytes: 275.8"	"Cancer enriched"	"Detected in single"	14	"Leukemia: 1.9"	"Adipose subcutaneous - Mast cells, Adipose visceral - Mast cells, Colon - Mast cells, Kidney - T-cells, Lung - Mast cells, Minor Salivary Gland - Mast cells, Skin - Mast cells"	"Not detected"	"Not detected"			"Region enhanced"	"Detected in all"		"spinal cord: 20.9"	HPA059967	Enhanced						NA	NA			"Cluster 46: Basophils - Proteolysis"	"Cluster 75: Epithelium - Extracellular exosomes"	"Cluster 6: Non-specific - Immune response"	"Cluster 47: Leukemia - Hemostasis"	"Cluster 30: Granulocytes - Unknown function"	1			"HPA059967: AB_2684183"		"unprognostic (5.94e-2)"	"unprognostic (1.82e-1)"			"unprognostic (7.98e-2)"					"validated prognostic favorable (7.36e-4)"	"validated prognostic favorable (7.02e-5)"	"unprognostic (6.06e-2)"			"unprognostic (2.24e-3)"	"unprognostic (2.03e-1)"	"unprognostic (2.29e-1)"	"unprognostic (1.84e-1)"			"unprognostic (1.41e-1)"	"unprognostic (3.97e-1)"	"unprognostic (1.44e-3)"		"unprognostic (1.48e-2)"		"unprognostic (2.91e-2)"			
MS4A4E		ENSG00000214787	"Membrane spanning 4-domains A4E"	Q96PG1	11	60200270-60243137	"Predicted membrane proteins"		Receptor		"Evidence at protein level"	"Evidence at protein level"	"Evidence at transcript level"	"Evidence at transcript level"	"Low tissue specificity"	"Detected in many"			"Group enriched"	"Detected in some"	4	"granulocytes: 17.3;Kupffer cells: 7.8;Macrophages: 16.5"	"Group enriched"	"Detected in some"	7	"central nervous system macrophage: 27.7;leukocyte: 12.8"	"Cancer enhanced"	"Detected in all"		"Testicular Germ Cell Tumor (TCGA): 84.4"	"Low region specificity"	"Detected in all"			"Immune cell enriched"	"Detected in many"	6	"basophil: 17.9"	"Lineage enriched"	"Detected in many"	8	"granulocytes: 17.9"	"Low cancer specificity"	"Detected in all"			"Adrenal gland - Macrophages, Kidney - Macrophages, Minor Salivary Gland - Macrophages, Pancreas - Macrophages, Skeletal muscle - Macrophages"									HPA040075	Uncertain						NA	NA			"Cluster 46: Basophils - Proteolysis"	"Cluster 40: Non-specific - Transcription"	"Cluster 48: Non-specific - Mixed function"	"Cluster 14: Myeloid leukemia - Innate immune response"	"Cluster 58: Macrophages - Innate immune response"				"HPA040075: AB_10793915"	"unprognostic (1.79e-1)"	"unprognostic (2.68e-1)"		"unprognostic (1.24e-1)"	"potential prognostic unfavorable (2.03e-5)"	"unprognostic (6.86e-2)"	"unprognostic (8.84e-3)"	"unprognostic (2.47e-2)"	"unprognostic (5.08e-2)"	"unprognostic (1.62e-2)"	"potential prognostic unfavorable (7.63e-9)"	"unprognostic (4.17e-2)"	"unprognostic (2.00e-1)"	"unprognostic (1.28e-1)"		"unprognostic (8.60e-3)"	"unprognostic (1.32e-1)"	"unprognostic (1.67e-3)"	"unprognostic (3.53e-2)"	"unprognostic (1.55e-1)"	"unprognostic (1.41e-1)"	"potential prognostic favorable (6.43e-4)"	"unprognostic (2.51e-1)"	"unprognostic (1.63e-2)"	"unprognostic (1.50e-1)"	"unprognostic (2.32e-3)"	"unprognostic (1.73e-1)"	"unprognostic (1.90e-1)"	"unprognostic (2.59e-1)"	"unprognostic (5.49e-3)"	"unprognostic (1.91e-1)"
MT-ATP8	"A6L, ATP8, MTATP8, URFA6L"	ENSG00000228253	"Mitochondrially encoded ATP synthase membrane subunit 8"	P03928	MT	8366-8572	"Disease related genes, Human disease related genes, Metabolic proteins, Potential drug targets, Predicted membrane proteins, Transporters"	"ATP synthesis, Hydrogen ion transport, Ion transport, Transport"		"Cardiomyopathy, Disease variant, Primary mitochondrial disease"	"Evidence at protein level"	"Evidence at transcript level"	"Evidence at protein level"	"Evidence at protein level"	"Tissue enhanced"	"Detected in all"		"heart muscle: 339891.8"	"Cell type enhanced"	"Detected in many"		"Basal squamous epithelial cells: 2568.4;Cardiomyocytes: 10184.2;Gastric mucus-secreting cells: 2225.0;Squamous epithelial cells: 1900.8"	"Low cell type specificity"	"Detected in all"			"Low cancer specificity"	"Detected in all"			"Low region specificity"	"Detected in all"			"Immune cell enriched"	"Detected in all"	5	"basophil: 10767.2"	"Lineage enriched"	"Detected in all"	6	"granulocytes: 10767.2"	"Low cancer specificity"	"Detected in all"				"Low region specificity"	"Detected in all"			"Low region specificity"	"Detected in all"										NA	NA			"Cluster 21: Neutrophils - Unknown function"	"Cluster 23: Non-specific - Cellular respiration"	"Cluster 42: Choroid plexus - Mitochondria"	"Cluster 53: Squamous epithelial cells - Keratinization"	"Cluster 68: Cardiomyocytes - Muscle contraction"	11				"unprognostic (1.35e-2)"	"unprognostic (1.47e-1)"		"unprognostic (1.78e-1)"	"unprognostic (2.78e-2)"	"unprognostic (1.57e-1)"	"unprognostic (1.90e-2)"	"unprognostic (1.39e-1)"	"unprognostic (1.41e-1)"	"unprognostic (9.50e-2)"	"unprognostic (6.22e-3)"	"unprognostic (2.24e-1)"	"unprognostic (3.58e-2)"	"unprognostic (1.41e-3)"		"unprognostic (4.36e-2)"	"unprognostic (8.19e-2)"	"unprognostic (1.30e-2)"	"unprognostic (2.44e-2)"	"unprognostic (9.75e-3)"	"unprognostic (1.32e-1)"	"unprognostic (4.18e-2)"	"unprognostic (1.46e-2)"	"unprognostic (4.59e-2)"	"unprognostic (3.67e-2)"	"unprognostic (3.82e-2)"	"unprognostic (2.01e-1)"	"unprognostic (8.28e-3)"	"unprognostic (2.91e-1)"	"unprognostic (1.65e-1)"	"unprognostic (1.20e-2)"
MT-ND2	"MTND2, NAD2, ND2"	ENSG00000198763	"Mitochondrially encoded NADH:ubiquinone oxidoreductase core subunit 2"	P03891	MT	4470-5511	"Disease related genes, Enzymes, Human disease related genes, Metabolic proteins, Potential drug targets, Predicted membrane proteins"	"Electron transport, Respiratory chain, Transport"	Translocase	"Alzheimer disease, Amyloidosis, Disease variant, Leber hereditary optic neuropathy, Leigh syndrome, Neurodegeneration, Primary mitochondrial disease"	"Evidence at protein level"	"Evidence at transcript level"	"Evidence at protein level"	"Evidence at protein level"	"Tissue enhanced"	"Detected in all"		"brain: 110717.6;heart muscle: 126601.2"	"Cell type enhanced"	"Detected in all"		"Cardiomyocytes: 32821.9;Proximal enterocytes: 18329.0"	"Low cell type specificity"	"Detected in all"			"Low cancer specificity"	"Detected in all"			"Low region specificity"	"Detected in all"			"Immune cell enriched"	"Detected in all"	6	"basophil: 16897.8"	"Lineage enriched"	"Detected in all"	10	"granulocytes: 16897.8"	"Low cancer specificity"	"Detected in all"				"Low region specificity"	"Detected in all"			"Low region specificity"	"Detected in all"										NA	NA			"Cluster 22: Eosinophils - Transcription"	"Cluster 23: Non-specific - Cellular respiration"	"Cluster 42: Choroid plexus - Mitochondria"	"Cluster 53: Squamous epithelial cells - Keratinization"	"Cluster 68: Cardiomyocytes - Muscle contraction"	4				"unprognostic (1.53e-1)"	"unprognostic (1.06e-1)"		"unprognostic (1.60e-1)"	"potential prognostic unfavorable (4.47e-4)"	"unprognostic (9.19e-2)"	"unprognostic (3.35e-1)"	"unprognostic (2.70e-1)"	"unprognostic (5.05e-2)"	"potential prognostic favorable (8.78e-4)"	"potential prognostic unfavorable (8.19e-4)"	"unprognostic (3.17e-1)"	"unprognostic (7.90e-2)"	"unprognostic (2.08e-2)"		"unprognostic (2.48e-2)"	"unprognostic (9.88e-2)"	"unprognostic (4.88e-2)"	"unprognostic (4.37e-2)"	"unprognostic (1.47e-2)"	"unprognostic (1.18e-1)"	"unprognostic (2.30e-2)"	"unprognostic (3.26e-3)"	"unprognostic (1.23e-2)"	"unprognostic (2.69e-2)"	"unprognostic (1.43e-2)"	"unprognostic (3.91e-2)"	"unprognostic (3.37e-2)"	"unprognostic (3.28e-1)"	"unprognostic (3.36e-2)"	"unprognostic (1.28e-2)"
MTARC2	"FLJ20605, MARC2, MOSC2"	ENSG00000117791	"Mitochondrial amidoxime reducing component 2"	Q969Z3	1	220748225-220784815	"Predicted intracellular proteins, Predicted membrane proteins"		Oxidoreductase		"Evidence at protein level"	"Evidence at protein level"	"Evidence at protein level"	"Evidence at protein level"	"Tissue enhanced"	"Detected in many"		"kidney: 127.2;liver: 216.4"	"Cell type enhanced"	"Detected in many"		"Hepatocytes: 89.5;Proximal enterocytes: 61.9"	"Cell type enhanced"	"Detected in many"		"choroid plexus epithelial cell: 217.5"	"Low cancer specificity"	"Detected in all"			"Region enriched"	"Detected in all"	5	"choroid plexus: 109.4"	"Immune cell enriched"	"Detected in some"	6	"basophil: 14.2"	"Lineage enriched"	"Detected in many"	6	"granulocytes: 14.2"	"Low cancer specificity"	"Detected in many"			"Adrenal gland - Adrenal cortex cells, Liver - Hepatocytes, Minor Salivary Gland - Minor salivary gland ductal cells"	"Low region specificity"	"Detected in all"			"Low region specificity"	"Detected in all"			"HPA015085, HPA017572"	Enhanced						NA	NA				"Cluster 1: Liver & Kidney - Metabolism"	"Cluster 23: Choroid plexus - Mixed function"	"Cluster 7: Liver cancer - Metabolism"	"Cluster 62: Hepatocytes - Metabolism"	1			"HPA015085: AB_1848780, HPA017572: AB_1848778"	"unprognostic (2.93e-2)"	"unprognostic (1.66e-2)"		"unprognostic (2.73e-1)"	"unprognostic (7.76e-3)"	"unprognostic (2.08e-1)"	"unprognostic (4.81e-2)"	"potential prognostic unfavorable (1.09e-5)"	"unprognostic (1.07e-1)"	"unprognostic (3.35e-2)"	"potential prognostic favorable (5.25e-7)"	"unprognostic (2.22e-3)"	"unprognostic (1.18e-2)"	"potential prognostic favorable (3.61e-6)"		"unprognostic (2.06e-1)"	"unprognostic (3.95e-3)"	"unprognostic (2.20e-2)"	"unprognostic (1.46e-1)"	"unprognostic (1.91e-1)"	"unprognostic (3.88e-1)"	"unprognostic (9.62e-2)"	"unprognostic (1.93e-1)"	"unprognostic (2.57e-2)"	"unprognostic (7.00e-2)"	"unprognostic (3.64e-3)"	"unprognostic (1.98e-3)"	"unprognostic (1.44e-1)"	"unprognostic (1.13e-1)"	"unprognostic (1.44e-2)"	"unprognostic (8.64e-2)"
NALCN	"bA430M15.1, CanIon, VGCNL1"	ENSG00000102452	"Sodium leak channel, non-selective"	Q8IZF0	13	101053776-101416508	"Disease related genes, Human disease related genes, Potential drug targets, Predicted intracellular proteins, Predicted membrane proteins, Transporters"	"Ion transport, Sodium transport, Transport"	"Ion channel, Sodium channel, Voltage-gated channel"	"Disease variant, Neurodegeneration"	"Evidence at protein level"	"Evidence at transcript level"	"Evidence at protein level"	"Evidence at protein level"	"Tissue enhanced"	"Detected in many"		"brain: 15.6"	"Group enriched"	"Detected in many"	8	"Astrocytes: 118.9;Excitatory neurons: 256.8;Inhibitory neurons: 265.6;Oligodendrocyte precursor cells: 304.7;Oligodendrocytes: 444.3"	"Low cell type specificity"	"Detected in all"			"Low cancer specificity"	"Detected in many"			"Low region specificity"	"Detected in all"			"Immune cell enriched"	"Detected in single"	5	"basophil: 2.5"	"Lineage enriched"	"Detected in single"	7	"granulocytes: 2.5"	"Low cancer specificity"	"Detected in many"			"Adipose subcutaneous - Smooth muscle cells, Colon - Colon enteroendocrine cells, Liver - Hepatic stellate cells, Skin - Eccrine sweat gland cells, Spleen - Smooth muscle cells, Testis - Peritubular cells"	"Low region specificity"	"Detected in all"			"Low region specificity"	"Detected in all"			"HPA031889, HPA031890, HPA031958"	Approved		Uncertain	"Nucleoli,Plasma membrane,Microtubules,Cytokinetic bridge,Mitotic spindle,Primary cilium,Cytosol"			Yes	NA			"Cluster 32: Basophils - Transcription"	"Cluster 34: Non-specific - Mixed function"	"Cluster 34: Non-specific - Mixed function"	"Cluster 72: Neuronal - Signal transduction"	"Cluster 69: Neurons - Neuronal signaling"	2	"Microtubules, Primary cilium, Cytosol"	"Nucleoli, Plasma membrane, Cytokinetic bridge, Mitotic spindle"	"HPA031889: AB_10669638, HPA031890: AB_10696056, HPA031958: AB_10601039"		"unprognostic (1.20e-1)"	"unprognostic (1.37e-1)"			"unprognostic (7.49e-3)"	"unprognostic (4.22e-2)"	"unprognostic (3.31e-3)"		"unprognostic (5.87e-2)"						"unprognostic (8.02e-2)"	"unprognostic (3.71e-1)"		"unprognostic (3.67e-2)"			"unprognostic (3.12e-1)"	"unprognostic (1.07e-1)"			"unprognostic (1.94e-3)"	"unprognostic (2.19e-2)"	"potential prognostic unfavorable (5.39e-5)"	"unprognostic (3.75e-2)"	"unprognostic (2.00e-2)"	"unprognostic (1.27e-1)"
NCBP2L		ENSG00000170935	"Nuclear cap binding protein subunit 2 like"	A6PVI3	X	107774899-107795829	"Predicted intracellular proteins"				"Evidence at transcript level"	"Evidence at transcript level"	"No human protein/transcript evidence"	"Evidence at transcript level"	"Tissue enhanced"	"Detected in some"		"adrenal gland: 1.0;testis: 2.5"	"Cell type enriched"	"Detected in some"	11	"Early spermatids: 55.7"	"Cell type enhanced"	"Detected in some"		"amygdala excitatory: 2.2;upper-layer intratelencephalic: 3.3"	"Not detected"	"Not detected"			"Low region specificity"	"Detected in some"			"Immune cell enriched"	"Detected in single"	78	"basophil: 8.2"	"Lineage enriched"	"Detected in single"	78	"granulocytes: 8.2"	"Not detected"	"Not detected"			"Minor Salivary Gland - Minor salivary glandular cells, Testis - Early spermatids, Testis - Late spermatids"					"Not detected"	"Not detected"			HPA010664	Uncertain						NA	NA				"Cluster 78: Testis - Transcription"	"Cluster 34: Non-specific - Mixed function"	"Cluster 27: Breast cancer - Unknown function"	"Cluster 18: Early spermatids - Unknown function"				"HPA010664: AB_1079451"																															
NLK		ENSG00000087095	"Nemo like kinase"	Q9UBE8	17	28041737-28196381	"Enzymes, Predicted intracellular proteins"	"Transcription, Transcription regulation, Wnt signaling pathway"	"Kinase, Serine/threonine-protein kinase, Transferase"		"Evidence at protein level"	"Evidence at transcript level"	"Evidence at protein level"	"Evidence at protein level"	"Tissue enhanced"	"Detected in all"		"retina: 76.2"	"Cell type enhanced"	"Detected in many"		"Early spermatids: 129.5;Excitatory neurons: 305.2;Late spermatids: 408.7;Oligodendrocytes: 341.2"	"Low cell type specificity"	"Detected in all"			"Low cancer specificity"	"Detected in all"			"Low region specificity"	"Detected in all"			"Immune cell enriched"	"Detected in single"	45	"basophil: 30.0"	"Lineage enriched"	"Detected in single"	45	"granulocytes: 30.0"	"Low cancer specificity"	"Detected in all"			"Adipose visceral - Endothelial cells, Testis - Early spermatids"	"Low region specificity"	"Detected in all"			"Low region specificity"	"Detected in all"			"HPA018192, HPA056511"	Approved		Approved	"Nucleoplasm,Nucleoli,Cell Junctions"			NA	NA			"Cluster 46: Basophils - Proteolysis"	"Cluster 17: Neuronal - Synaptic function"	"Cluster 53: Neurons - Mixed function"	"Cluster 49: HMC-1 - Innate immune response"	"Cluster 11: Late spermatids - Unknown function"	32	Nucleoplasm	"Nucleoli, Cell Junctions"	"HPA018192: AB_1854525, HPA056511: AB_2683160"	"unprognostic (8.81e-2)"	"unprognostic (9.97e-3)"	"unprognostic (1.01e-1)"	"unprognostic (4.26e-2)"	"unprognostic (2.02e-1)"	"unprognostic (1.84e-1)"	"unprognostic (3.00e-1)"	"unprognostic (1.01e-1)"	"unprognostic (5.76e-2)"	"unprognostic (2.88e-1)"	"potential prognostic favorable (3.62e-4)"	"unprognostic (8.83e-3)"	"unprognostic (4.55e-1)"	"unprognostic (2.70e-2)"	"unprognostic (1.16e-1)"	"unprognostic (7.90e-2)"	"unprognostic (2.48e-1)"	"unprognostic (6.66e-2)"	"unprognostic (4.56e-2)"	"unprognostic (1.55e-2)"	"unprognostic (3.93e-3)"	"unprognostic (3.21e-3)"	"potential prognostic unfavorable (1.13e-4)"	"unprognostic (1.60e-2)"	"unprognostic (3.09e-3)"	"unprognostic (5.94e-2)"	"unprognostic (2.74e-2)"	"unprognostic (1.21e-1)"	"unprognostic (2.29e-1)"	"unprognostic (4.82e-2)"	"unprognostic (5.40e-2)"
NRIP3	C11orf14	ENSG00000175352	"Nuclear receptor interacting protein 3"	Q9NQ35	11	8965682-9005288	"Predicted intracellular proteins"				"Evidence at protein level"	"Evidence at protein level"	"Evidence at protein level"	"Evidence at protein level"	"Tissue enhanced"	"Detected in many"		"brain: 53.4;retina: 23.6;testis: 42.3"	"Cell type enhanced"	"Detected in many"		"Early spermatids: 546.6;Horizontal cells: 125.9;Inhibitory neurons: 92.0;Late spermatids: 522.6;Spermatocytes: 172.4"	"Cell type enhanced"	"Detected in all"		"CGE interneuron: 202.5;hippocampal CA4: 204.8"	"Low cancer specificity"	"Detected in many"			"Low region specificity"	"Detected in all"			"Immune cell enriched"	"Detected in some"	6	"basophil: 13.2"	"Lineage enriched"	"Detected in many"	12	"granulocytes: 13.2"	"Low cancer specificity"	"Detected in many"			"Breast - Breast glandular cells, Kidney - Endothelial cells, Spleen - Fibroblast_1, Testis - Early spermatids, Testis - Late spermatids"	"Low region specificity"	"Detected in all"			"Low region specificity"	"Detected in all"			"HPA058827, HPA072961"	Approved		Approved	Cytosol			NA	NA			"Cluster 46: Basophils - Proteolysis"	"Cluster 65: Cerebellum - Nervous system development"	"Cluster 29: Forebrain - Mixed function"	"Cluster 72: Neuronal - Signal transduction"	"Cluster 65: Neurons - Synaptic function"	8	Cytosol		"HPA058827: AB_2683829, HPA072961: "	"unprognostic (1.09e-1)"	"unprognostic (2.78e-1)"	"unprognostic (1.12e-1)"	"unprognostic (1.02e-1)"		"unprognostic (2.45e-2)"	"unprognostic (8.96e-2)"	"unprognostic (3.32e-2)"	"unprognostic (3.28e-1)"	"unprognostic (1.58e-1)"	"unprognostic (2.46e-1)"					"unprognostic (5.97e-2)"	"unprognostic (5.07e-2)"	"unprognostic (1.42e-1)"	"unprognostic (1.33e-2)"	"unprognostic (2.06e-2)"		"unprognostic (4.82e-3)"	"unprognostic (2.99e-2)"	"unprognostic (2.77e-2)"		"unprognostic (1.99e-2)"	"unprognostic (4.30e-2)"	"unprognostic (1.73e-1)"	"unprognostic (1.34e-1)"	"unprognostic (2.36e-2)"	"unprognostic (1.67e-1)"
NTRK1	"MTC, TRK, TRKA"	ENSG00000198400	"Neurotrophic receptor tyrosine kinase 1"	P04629	1	156815636-156881850	"Cancer-related genes, Disease related genes, Enzymes, FDA approved drug targets, Human disease related genes, Predicted intracellular proteins, Predicted membrane proteins, RAS pathway related proteins"	"Differentiation, Neurogenesis"	"Developmental protein, Kinase, Receptor, Transferase, Tyrosine-protein kinase"	"Cancer-related genes, Disease variant, FDA approved drug targets, Proto-oncogene"	"Evidence at protein level"	"Evidence at protein level"	"Evidence at protein level"	"Evidence at protein level"	"Tissue enhanced"	"Detected in some"		"adrenal gland: 6.8"	"Group enriched"	"Detected in some"	6	"Bipolar cells: 25.1;granulocytes: 39.3;Horizontal cells: 18.3"	"Cell type enhanced"	"Detected in many"		"fibroblast: 21.3;lower rhombic lip: 25.4"	"Not detected"	"Not detected"			"Group enriched"	"Detected in all"	5	"cerebral cortex: 23.8;medulla oblongata: 30.7;pons: 47.8"	"Immune cell enriched"	"Detected in single"	116	"basophil: 94.9"	"Lineage enriched"	"Detected in single"	772	"granulocytes: 94.9"	"Group enriched"	"Detected in some"	8	"Leukemia: 9.0;Neuroblastoma: 17.4"	"Adrenal gland - Adrenal medulla cells, Heart muscle - Fibroblasts, Kidney - Intercalated cells, Lung - Mast cells, Stomach - Fibroblasts"	"Region enhanced"	"Detected in many"		"basal ganglia: 8.4"	"Region enriched"	"Detected in single"	6	"basal ganglia: 5.4"	"CAB004606, HPA035799, HPA076570, CAB080140"	Enhanced		Approved	Vesicles,Cytosol			NA	NA		38000	"Cluster 46: Basophils - Proteolysis"	"Cluster 74: Spermatids - Flagellum assembly"	"Cluster 49: Hindbrain - Mixed function"	"Cluster 49: HMC-1 - Innate immune response"	"Cluster 30: Granulocytes - Unknown function"	144	"Vesicles, Cytosol"		"CAB004606: AB_628397, CAB080140: , HPA035799: AB_2674788, HPA076570: "			"unprognostic (2.30e-2)"																							"unprognostic (3.70e-2)"					
NUPR1	"COM1, p8"	ENSG00000176046	"Nuclear protein 1, transcriptional regulator"	O60356	16	28532708-28539008	"Predicted intracellular proteins"	"Transcription, Transcription regulation"	"Activator, DNA-binding"		"Evidence at protein level"	"Evidence at protein level"	"Evidence at protein level"	"Evidence at protein level"	"Tissue enhanced"	"Detected in all"		"pancreas: 1108.0"	"Cell type enhanced"	"Detected in many"		"Basal squamous epithelial cells: 220.7;Fibroblasts: 86.5;Squamous epithelial cells: 185.8"	"Group enriched"	"Detected in many"	4	"astrocyte: 55.6;bergmann glia: 62.4;fibroblast: 58.5;pericyte: 59.7;vascular associated smooth muscle cell: 74.0"	"Low cancer specificity"	"Detected in all"			"Low region specificity"	"Detected in all"			"Immune cell enriched"	"Detected in some"	4	"basophil: 15.2"	"Lineage enriched"	"Detected in single"	18	"granulocytes: 15.2"	"Cancer enhanced"	"Detected in many"		"prostate cancer: 199.5"	"Spleen - Fibroblast_1"	"Low region specificity"	"Detected in all"			"Low region specificity"	"Detected in all"			HPA006349			Supported	"Nucleoplasm,Cytokinetic bridge"			Yes	NA			"Cluster 21: Neutrophils - Unknown function"	"Cluster 15: Pancreas - Proteolysis"	"Cluster 44: Non-specific - Mixed function"	"Cluster 64: Connective tissue cells - ECM organization"	"Cluster 49: Non-specific - Transcription"	11	Nucleoplasm	"Cytokinetic bridge"	"HPA006349: "	"unprognostic (6.35e-3)"	"unprognostic (3.31e-3)"	"unprognostic (4.02e-1)"	"unprognostic (4.88e-2)"	"unprognostic (3.56e-2)"	"unprognostic (1.21e-1)"	"unprognostic (5.58e-3)"	"unprognostic (1.99e-3)"	"unprognostic (6.26e-2)"	"unprognostic (5.09e-2)"	"unprognostic (1.01e-3)"	"unprognostic (3.02e-2)"	"unprognostic (3.55e-1)"	"unprognostic (4.92e-3)"	"unprognostic (6.39e-2)"	"unprognostic (4.67e-3)"	"unprognostic (5.59e-2)"	"unprognostic (2.26e-1)"	"unprognostic (1.44e-2)"	"unprognostic (2.96e-2)"	"unprognostic (3.13e-2)"	"unprognostic (3.14e-3)"	"unprognostic (2.51e-1)"	"unprognostic (6.44e-2)"	"unprognostic (8.63e-3)"	"unprognostic (1.37e-1)"	"unprognostic (1.21e-1)"	"unprognostic (1.11e-1)"	"unprognostic (8.82e-2)"	"unprognostic (1.39e-3)"	"unprognostic (6.17e-2)"
OOSP3		ENSG00000285231	"Oocyte secreted protein family member 3"	A0A2R8YFM6	11	59878782-59896483	"Predicted secreted proteins"				"Evidence at transcript level"	"Evidence at transcript level"	"No human protein/transcript evidence"	"No human protein/transcript evidence"	"Not detected"	"Not detected"			"Not detected"	"Not detected"			"Cell type enhanced"	"Detected in many"		"midbrain-derived inhibitory: 7.6"	"Not detected"	"Not detected"			"Low region specificity"	"Detected in some"			"Immune cell enriched"	"Detected in single"	33	"basophil: 5.4"	"Lineage enriched"	"Detected in single"	54	"granulocytes: 5.4"	"Not detected"	"Not detected"								"Low region specificity"	"Detected in all"								"Secreted - unknown location"	"No annotated function"	NA	NA					"Cluster 52: Neurons & Synapses - Synaptic function"		"Cluster 70: Spermatocytes & Spermatids - Spermatid development"																																			
OOSP4A		ENSG00000285010	"Oocyte secreted protein family member 4A"	A0A2R8YFL7	11	59964033-59970343	"Predicted secreted proteins"				"Evidence at protein level"	"Evidence at transcript level"	"No human protein/transcript evidence"	"Evidence at protein level"	"Not detected"	"Not detected"			"Not detected"	"Not detected"			"Not detected"	"Not detected"			"Not detected"	"Not detected"			"Not detected"	"Not detected"			"Immune cell enriched"	"Detected in single"	23	"basophil: 7.5"	"Lineage enriched"	"Detected in single"	23	"granulocytes: 7.5"	"Cancer enriched"	"Detected in single"	11	"Leukemia: 1.0"															"Secreted - unknown location"	"No annotated function"	NA	NA						"Cluster 47: Leukemia - Hemostasis"																																				
OR14L1P	"OR5AV1, OR5AV1P"	ENSG00000198452	"Olfactory receptor family 14 subfamily L member 1 pseudogene"		1	247617143-247622372	"Predicted membrane proteins"				"Evidence at transcript level"	"Evidence at transcript level"			"Not detected"	"Not detected"			"Group enriched"	"Detected in some"	26	"Early spermatids: 1.2;granulocytes: 4.4;Late spermatids: 2.3"	"Not detected"	"Not detected"			"Not detected"	"Not detected"			"Low region specificity"	"Detected in all"			"Immune cell enriched"	"Detected in single"	53	"basophil: 5.3"	"Lineage enriched"	"Detected in single"	53	"granulocytes: 5.3"	"Not detected"	"Not detected"																			NA	NA			"Cluster 46: Basophils - Proteolysis"		"Cluster 10: Cerebellum - Nucleic acid binding"	"Cluster 49: HMC-1 - Innate immune response"	"Cluster 30: Granulocytes - Unknown function"																														"unprognostic (8.83e-2)"					
OR2A4	OR2A10	ENSG00000180658	"Olfactory receptor family 2 subfamily A member 4"	O95047	6	131699644-131701401	"G-protein coupled receptors, Predicted membrane proteins"	"Olfaction, Sensory transduction"	"G-protein coupled receptor, Receptor, Transducer"		"Evidence at transcript level"	"Evidence at transcript level"	"Evidence at transcript level"	"Evidence at transcript level"	"Not detected"	"Not detected"			"Not detected"	"Not detected"							"Cancer enriched"	"Detected in single"	10	"Kidney Renal Clear Cell Carcinoma (TCGA): 3.4"	"Not detected"	"Not detected"			"Immune cell enriched"	"Detected in some"	4	"basophil: 11.9"	"Lineage enriched"	"Detected in many"	4	"granulocytes: 11.9"	"Not detected"	"Not detected"												HPA058272	Uncertain						NA	NA			"Cluster 46: Basophils - Proteolysis"			"Cluster 12: Bone cancer - Neuronal signaling"		2			"HPA058272: AB_2683662"			"unprognostic (5.38e-2)"								"unprognostic (9.97e-3)"	"unprognostic (3.57e-2)"																			
OR2A7	HSDJ0798C17	ENSG00000243896	"Olfactory receptor family 2 subfamily A member 7"	Q96R45	7	144257663-144264792	"G-protein coupled receptors, Predicted membrane proteins"	"Olfaction, Sensory transduction"	"G-protein coupled receptor, Receptor, Transducer"		"Evidence at transcript level"	"Evidence at transcript level"	"Evidence at transcript level"	"Evidence at transcript level"	"Low tissue specificity"	"Detected in many"			"Not detected"	"Not detected"			"Not detected"	"Not detected"			"Low cancer specificity"	"Detected in many"			"Low region specificity"	"Detected in all"			"Immune cell enriched"	"Detected in some"	6	"basophil: 12.2"	"Lineage enriched"	"Detected in many"	6	"granulocytes: 12.2"	"Low cancer specificity"	"Detected in many"												HPA058272	Uncertain						NA	NA			"Cluster 32: Basophils - Transcription"	"Cluster 45: Intestine - Digestion"	"Cluster 42: Choroid plexus - Mitochondria"	"Cluster 53: Squamous epithelial cells - Keratinization"	"Cluster 55: Non-specific - Transcription"				"HPA058272: AB_2683662"	"unprognostic (4.33e-2)"	"unprognostic (1.56e-1)"	"unprognostic (1.21e-1)"	"unprognostic (2.06e-2)"	"unprognostic (1.69e-2)"	"unprognostic (3.54e-2)"			"unprognostic (7.89e-2)"	"unprognostic (1.08e-1)"	"unprognostic (3.63e-2)"	"unprognostic (4.95e-3)"	"unprognostic (9.95e-2)"	"unprognostic (3.82e-1)"		"unprognostic (2.07e-3)"	"unprognostic (1.49e-1)"	"unprognostic (1.84e-1)"	"unprognostic (6.20e-1)"	"unprognostic (1.50e-1)"	"unprognostic (6.61e-3)"	"unprognostic (3.96e-1)"	"unprognostic (3.04e-1)"	"unprognostic (1.81e-1)"	"unprognostic (1.24e-1)"	"unprognostic (1.92e-1)"		"unprognostic (1.02e-1)"		"unprognostic (3.67e-1)"	"unprognostic (1.36e-1)"
OR2C3	"OR2C4, OR2C5P, OST742"	ENSG00000196242	"Olfactory receptor family 2 subfamily C member 3"	Q8N628	1	247524677-247536440	"G-protein coupled receptors, Predicted membrane proteins"	"Olfaction, Sensory transduction"	"G-protein coupled receptor, Receptor, Transducer"		"Evidence at protein level"	"Evidence at protein level"	"Evidence at transcript level"	"Evidence at transcript level"	"Not detected"	"Not detected"			"Group enriched"	"Detected in some"	4	"Early spermatids: 4.1;granulocytes: 2.6;Late spermatids: 4.5;Spermatocytes: 5.6;Spermatogonia: 2.0"	"Not detected"	"Not detected"			"Not detected"	"Not detected"			"Low region specificity"	"Detected in all"			"Immune cell enriched"	"Detected in single"	5	"basophil: 1.9"	"Lineage enriched"	"Detected in single"	5	"granulocytes: 1.9"	"Not detected"	"Not detected"			"Prostate - Prostate glandular cells, Testis - Early spermatids"					"Low region specificity"	"Detected in all"			HPA058578			Supported	"Plasma membrane"			NA	NA			"Cluster 41: Basophils - Unknown function"		"Cluster 10: Cerebellum - Nucleic acid binding"	"Cluster 66: Non-specific - Mitochondria"	"Cluster 31: Spermatocytes - Spermatogenesis"		"Plasma membrane"		"HPA058578: AB_2683761"																															
OR2I1P	"HS6M1-14, OR2I1, OR2I2, OR2I3P, OR2I4P"	ENSG00000237988	"Olfactory receptor family 2 subfamily I member 1 pseudogene"		6	29550407-29557773	"Predicted membrane proteins"				"Evidence at transcript level"	"Evidence at transcript level"			"Not detected"	"Not detected"			"Cell type enhanced"	"Detected in some"		"Cholangiocytes: 1.9;Rod photoreceptor cells: 2.3"	"Not detected"	"Not detected"			"Not detected"	"Not detected"			"Not detected"	"Not detected"			"Immune cell enriched"	"Detected in single"	14	"basophil: 1.3"	"Lineage enriched"	"Detected in single"	14	"granulocytes: 1.3"	"Not detected"	"Not detected"			"Breast - T-cells, Minor Salivary Gland - Minor salivary glandular cells, Pancreas - Ductal cells, Thyroid gland - T-cells"	"Not detected"	"Not detected"			"Not detected"	"Not detected"										NA	NA							"Cluster 15: Non-specific - Mixed function"																									"unprognostic (4.24e-2)"		"unprognostic (6.83e-2)"								
OR52N2		ENSG00000180988	"Olfactory receptor family 52 subfamily N member 2"	Q8NGI0	11	5808924-5821483	"G-protein coupled receptors, Predicted membrane proteins"	"Olfaction, Sensory transduction"	"G-protein coupled receptor, Receptor, Transducer"		"Evidence at transcript level"	"Evidence at transcript level"	"Evidence at transcript level"	"Evidence at transcript level"	"Not detected"	"Not detected"			"Group enriched"	"Detected in some"	11	"Early spermatids: 1.2;Late spermatids: 4.0"	"Not detected"	"Not detected"			"Not detected"	"Not detected"			"Not detected"	"Not detected"			"Immune cell enriched"	"Detected in single"	36	"basophil: 4.0"	"Lineage enriched"	"Detected in single"	36	"granulocytes: 4.0"	"Not detected"	"Not detected"			"Testis - Early spermatids, Testis - Late spermatids"	"Not detected"	"Not detected"			"Not detected"	"Not detected"										NA	NA						"Cluster 14: Myeloid leukemia - Innate immune response"	"Cluster 11: Late spermatids - Unknown function"																																			
OR6K6		ENSG00000180433	"Olfactory receptor family 6 subfamily K member 6"		1	158754720-158755891	"Predicted membrane proteins"				"Evidence at transcript level"	"Evidence at transcript level"			"Not detected"	"Not detected"			"Not detected"	"Not detected"			"Not detected"	"Not detected"			"Not detected"	"Not detected"			"Not detected"	"Not detected"			"Immune cell enriched"	"Detected in single"	38	"basophil: 3.7"	"Lineage enriched"	"Detected in single"	38	"granulocytes: 3.7"	"Not detected"	"Not detected"				"Not detected"	"Not detected"			"Not detected"	"Not detected"										NA	NA						"Cluster 34: Testis cancer - Unknown function"																																				
OR6N1		ENSG00000197403	"Olfactory receptor family 6 subfamily N member 1"	Q8NGY5	1	158747814-158772195	"G-protein coupled receptors, Predicted membrane proteins"	"Olfaction, Sensory transduction"	"G-protein coupled receptor, Receptor, Transducer"		"Evidence at transcript level"	"Evidence at transcript level"	"Evidence at transcript level"	"Evidence at transcript level"	"Not detected"	"Not detected"			"Cell type enhanced"	"Detected in some"		"Early spermatids: 5.7;Late spermatids: 1.5;Macrophages: 1.3"	"Not detected"	"Not detected"			"Not detected"	"Not detected"			"Not detected"	"Not detected"			"Immune cell enriched"	"Detected in single"	25	"basophil: 5.1"	"Lineage enriched"	"Detected in single"	52	"granulocytes: 5.1"	"Not detected"	"Not detected"				"Not detected"	"Not detected"														NA	NA							"Cluster 58: Macrophages - Innate immune response"																																			
OSBPL1A	"ORP-1, ORP1, OSBPL1B"	ENSG00000141447	"Oxysterol binding protein like 1A"	Q9BXW6	18	24162045-24397880	"Predicted intracellular proteins"	"Lipid transport, Transport"			"Evidence at protein level"	"Evidence at protein level"	"Evidence at protein level"	"Evidence at protein level"	"Low tissue specificity"	"Detected in all"			"Cell type enhanced"	"Detected in many"		"Oligodendrocytes: 402.9"	"Low cell type specificity"	"Detected in all"			"Low cancer specificity"	"Detected in all"			"Low region specificity"	"Detected in all"			"Immune cell enriched"	"Detected in many"	22	"basophil: 93.6"	"Lineage enriched"	"Detected in many"	22	"granulocytes: 93.6"	"Low cancer specificity"	"Detected in all"			"Adrenal gland - Adrenal cortex cells"	"Low region specificity"	"Detected in all"			"Low region specificity"	"Detected in all"			"HPA040959, HPA043401"	Supported		Approved	Nucleoplasm,Cytosol			NA	NA			"Cluster 46: Basophils - Proteolysis"	"Cluster 14: Skeletal muscle - Muscle contraction"	"Cluster 11: White matter - Signal transduction"	"Cluster 9: Skin cancer - Melanin biosynthesis"	"Cluster 51: Oligodendrocytes - Unknown function"	12	"Nucleoplasm, Cytosol"		"HPA040959: AB_10964295, HPA043401: AB_10960208"	"unprognostic (6.07e-2)"	"unprognostic (4.76e-2)"	"unprognostic (8.63e-2)"	"unprognostic (8.38e-3)"	"unprognostic (1.09e-1)"	"unprognostic (3.46e-2)"	"unprognostic (1.70e-1)"	"potential prognostic unfavorable (9.22e-4)"	"unprognostic (1.32e-1)"	"unprognostic (4.82e-3)"	"validated prognostic favorable (5.61e-10)"	"validated prognostic favorable (6.63e-7)"	"unprognostic (4.72e-3)"	"unprognostic (7.34e-2)"	"unprognostic (2.30e-3)"	"unprognostic (2.87e-1)"	"unprognostic (1.97e-2)"	"unprognostic (3.18e-2)"	"unprognostic (3.94e-1)"	"unprognostic (3.90e-1)"	"unprognostic (1.39e-1)"	"unprognostic (8.05e-2)"	"unprognostic (2.70e-1)"	"unprognostic (2.86e-1)"	"unprognostic (1.95e-1)"	"unprognostic (9.42e-2)"	"unprognostic (2.14e-1)"	"potential prognostic unfavorable (3.48e-4)"	"unprognostic (3.58e-2)"	"unprognostic (5.07e-3)"	"unprognostic (3.79e-1)"
PARD3	"ASIP, Baz, Bazooka, PAR3, PARD3A, PPP1R118"	ENSG00000148498	"Par-3 family cell polarity regulator"	Q8TEW0	10	34109560-34815325	"Disease related genes, Plasma proteins, Predicted intracellular proteins"	"Cell cycle, Cell division, Differentiation"		"Disease variant"	"Evidence at protein level"	"Evidence at protein level"	"Evidence at protein level"	"Evidence at protein level"	"Low tissue specificity"	"Detected in many"			"Cell type enhanced"	"Detected in many"		"Astrocytes: 431.9;Inhibitory neurons: 140.0;Microglial cells: 184.3;Oligodendrocyte precursor cells: 345.3"	"Cell type enhanced"	"Detected in all"		"pericyte: 2229.7"	"Low cancer specificity"	"Detected in all"			"Low region specificity"	"Detected in all"			"Immune cell enriched"	"Detected in single"	50	"basophil: 9.6"	"Lineage enriched"	"Detected in single"	96	"granulocytes: 9.6"	"Low cancer specificity"	"Detected in all"			"Lung - Alveolar cells type 1, Testis - Spermatogonia"	"Low region specificity"	"Detected in all"			"Low region specificity"	"Detected in all"			HPA030443	Approved		Supported	"Plasma membrane,Cell Junctions"			NA	NA		190000		"Cluster 19: Non-specific - Basic cellular processes"	"Cluster 46: Brainstem - Mixed function"	"Cluster 15: Kidney cancer - Membrane components"	"Cluster 69: Neurons - Neuronal signaling"	74	"Plasma membrane, Cell Junctions"		"HPA030443: AB_10600926"	"unprognostic (2.87e-2)"	"unprognostic (5.92e-3)"	"unprognostic (2.50e-1)"	"unprognostic (2.35e-1)"	"unprognostic (8.35e-2)"	"unprognostic (4.63e-2)"	"unprognostic (1.74e-2)"	"potential prognostic favorable (2.23e-6)"	"unprognostic (1.20e-1)"	"unprognostic (5.70e-3)"	"potential prognostic favorable (9.59e-4)"	"unprognostic (2.33e-2)"	"unprognostic (2.31e-2)"	"validated prognostic unfavorable (1.07e-4)"	"validated prognostic unfavorable (8.27e-4)"	"unprognostic (1.08e-1)"	"unprognostic (1.45e-3)"	"unprognostic (1.32e-1)"	"unprognostic (3.28e-2)"	"potential prognostic unfavorable (1.22e-4)"	"unprognostic (2.65e-2)"	"unprognostic (1.41e-3)"	"unprognostic (2.29e-2)"	"unprognostic (1.66e-1)"	"unprognostic (1.07e-2)"	"unprognostic (2.36e-1)"	"unprognostic (3.45e-1)"	"unprognostic (5.04e-2)"	"unprognostic (2.18e-1)"	"unprognostic (1.51e-2)"	"unprognostic (2.92e-1)"
PERP	"dJ496H19.1, KCP1, KRTCAP1, PIGPC1, THW"	ENSG00000112378	"P53 apoptosis effector related to PMP22"	Q96FX8	6	138088505-138107419	"Disease related genes, Human disease related genes, Potential drug targets, Predicted membrane proteins, Transporters"	"Apoptosis, Cell adhesion"		"Disease variant, Palmoplantar keratoderma"	"Evidence at protein level"	"Evidence at protein level"	"Evidence at protein level"	"Evidence at protein level"	"Tissue enhanced"	"Detected in all"		"esophagus: 760.9;skin 1: 1079.6"	"Cell type enhanced"	"Detected in many"		"Basal keratinocytes: 3367.5;Squamous epithelial cells: 3783.0;Suprabasal keratinocytes: 7466.3"	"Cell type enhanced"	"Detected in many"		"endothelial cell: 97.8"	"Low cancer specificity"	"Detected in all"			"Low region specificity"	"Detected in all"			"Immune cell enriched"	"Detected in many"	4	"basophil: 40.0"	"Lineage enriched"	"Detected in many"	4	"granulocytes: 40.0"	"Low cancer specificity"	"Detected in all"			"Adrenal gland - Adrenal cortex cells, Lung - Alveolar cells type 1, Prostate - Prostate basal glandular cells, Skin - Keratinocyte (other), Stomach - Gastric mucous cells"	"Low region specificity"	"Detected in all"			"Low region specificity"	"Detected in all"			HPA022269	Enhanced						NA	NA			"Cluster 32: Basophils - Transcription"	"Cluster 27: Squamous epithelium - Keratinization"	"Cluster 42: Choroid plexus - Mitochondria"	"Cluster 53: Squamous epithelial cells - Keratinization"	"Cluster 12: Squamous epithelial cells - Keratinization"	7			"HPA022269: AB_1855219"	"unprognostic (1.90e-1)"	"potential prognostic unfavorable (8.66e-4)"	"unprognostic (1.38e-1)"	"unprognostic (3.09e-1)"	"unprognostic (1.84e-1)"	"unprognostic (2.88e-3)"	"unprognostic (1.47e-1)"	"potential prognostic unfavorable (2.44e-4)"	"unprognostic (2.95e-2)"	"unprognostic (4.02e-1)"	"unprognostic (7.97e-2)"	"unprognostic (8.22e-2)"	"unprognostic (6.71e-2)"	"unprognostic (2.93e-3)"	"unprognostic (4.27e-3)"	"potential prognostic unfavorable (1.60e-7)"	"unprognostic (3.37e-2)"	"unprognostic (1.61e-2)"	"unprognostic (2.40e-2)"	"unprognostic (2.78e-2)"	"unprognostic (2.39e-2)"	"potential prognostic unfavorable (2.60e-5)"	"unprognostic (2.44e-3)"	"unprognostic (1.44e-1)"	"unprognostic (2.04e-1)"	"unprognostic (4.61e-2)"	"unprognostic (7.74e-2)"	"unprognostic (4.22e-2)"	"unprognostic (2.32e-1)"	"unprognostic (2.26e-1)"	"unprognostic (7.92e-2)"
PLD3	HU-K4	ENSG00000105223	"Phospholipase D family member 3"	Q8IV08	19	40348456-40389472	"Disease related genes, Enzymes, Human disease related genes, Potential drug targets, Predicted intracellular proteins, Predicted membrane proteins"	"Immunity, Inflammatory response"	"Exonuclease, Hydrolase, Nuclease"	"Disease variant, Neurodegeneration, Spinocerebellar ataxia"	"Evidence at protein level"	"Evidence at protein level"	"Evidence at protein level"	"Evidence at protein level"	"Tissue enhanced"	"Detected in all"		"pituitary gland: 692.9"	"Cell type enhanced"	"Detected in all"		"Hofbauer cells: 624.1"	"Low cell type specificity"	"Detected in all"			"Low cancer specificity"	"Detected in all"			"Low region specificity"	"Detected in all"			"Immune cell enriched"	"Detected in all"	5	"basophil: 1768.4"	"Lineage enriched"	"Detected in all"	7	"granulocytes: 1768.4"	"Low cancer specificity"	"Detected in all"			"Adipose subcutaneous - Macrophages, Adrenal gland - Adrenal cortex cells, Breast - Fibroblasts, Colon - Fibroblasts, Pituitary gland - Gonadotropes, Spleen - Macrophages"	"Low region specificity"	"Detected in all"			"Low region specificity"	"Detected in all"			"HPA012800, CAB020812"	Approved		Approved	"Nucleoplasm,Endoplasmic reticulum,Cytosol"			NA	NA		270000	"Cluster 41: Basophils - Unknown function"	"Cluster 49: Pituitary gland - Hormone signaling"	"Cluster 14: Neurons - Synaptic function"	"Cluster 15: Kidney cancer - Membrane components"	"Cluster 58: Macrophages - Innate immune response"	23	"Endoplasmic reticulum, Cytosol"	Nucleoplasm	"CAB020812: , HPA012800: AB_1855330"	"unprognostic (9.47e-3)"	"unprognostic (3.25e-1)"	"unprognostic (2.83e-1)"	"unprognostic (5.86e-3)"	"unprognostic (6.77e-2)"	"unprognostic (4.86e-2)"	"unprognostic (7.83e-3)"	"unprognostic (2.63e-3)"	"unprognostic (1.06e-1)"	"unprognostic (1.45e-1)"	"potential prognostic favorable (1.14e-5)"	"unprognostic (2.39e-2)"	"unprognostic (4.64e-2)"	"unprognostic (3.12e-2)"	"unprognostic (1.70e-1)"	"unprognostic (5.44e-3)"	"unprognostic (1.70e-2)"	"unprognostic (1.68e-1)"	"unprognostic (1.68e-1)"	"unprognostic (1.53e-1)"	"unprognostic (1.90e-1)"	"unprognostic (3.48e-3)"	"unprognostic (3.81e-1)"	"unprognostic (3.22e-1)"	"unprognostic (5.58e-2)"	"unprognostic (6.51e-2)"	"unprognostic (9.02e-2)"	"unprognostic (2.78e-2)"	"unprognostic (1.18e-1)"	"unprognostic (8.83e-2)"	"unprognostic (1.58e-2)"
PLEKHA5	"FLJ10667, KIAA1686, PEPP2"	ENSG00000052126	"Pleckstrin homology domain containing A5"	Q9HAU0	12	19129669-19376400	"Plasma proteins, Predicted intracellular proteins"				"Evidence at protein level"	"Evidence at protein level"	"Evidence at protein level"	"Evidence at protein level"	"Low tissue specificity"	"Detected in all"			"Cell type enhanced"	"Detected in all"		"Excitatory neurons: 537.1;Inhibitory neurons: 485.3"	"Low cell type specificity"	"Detected in all"			"Low cancer specificity"	"Detected in all"			"Low region specificity"	"Detected in all"			"Immune cell enriched"	"Detected in many"	5	"basophil: 10.9"	"Lineage enriched"	"Detected in many"	5	"granulocytes: 10.9"	"Low cancer specificity"	"Detected in all"			"Adrenal gland - Adrenal cortex cells, Testis - Spermatocytes, Testis - Spermatogonia"	"Low region specificity"	"Detected in all"			"Low region specificity"	"Detected in all"			"HPA035923, HPA035924, HPA041455"	Uncertain		Approved	Nucleoplasm,Cytosol			NA	NA			"Cluster 5: Non-specific - Cell proliferation"	"Cluster 51: Thyroid gland - Unknown function"	"Cluster 40: Astrocytes - Astrocyte-neuron interactions"	"Cluster 9: Skin cancer - Melanin biosynthesis"	"Cluster 34: Neurons - Neuronal signaling"	32	"Nucleoplasm, Cytosol"		"HPA035923: AB_10673491, HPA035924: AB_10672994, HPA041455: AB_2677490"	"unprognostic (1.20e-1)"	"unprognostic (7.75e-2)"	"unprognostic (1.72e-1)"	"unprognostic (1.97e-1)"	"unprognostic (3.70e-1)"	"unprognostic (1.55e-1)"	"unprognostic (2.44e-1)"	"unprognostic (1.29e-2)"	"unprognostic (3.95e-1)"	"unprognostic (1.25e-1)"	"unprognostic (1.20e-2)"	"unprognostic (5.21e-3)"	"unprognostic (1.97e-1)"	"unprognostic (1.50e-1)"	"unprognostic (2.77e-1)"	"unprognostic (1.41e-1)"	"unprognostic (2.58e-3)"	"unprognostic (6.31e-3)"	"unprognostic (5.77e-2)"	"unprognostic (9.23e-2)"	"unprognostic (2.75e-1)"	"unprognostic (2.99e-3)"	"unprognostic (1.81e-2)"	"unprognostic (8.42e-2)"	"unprognostic (4.40e-2)"	"unprognostic (4.55e-2)"	"unprognostic (1.11e-1)"	"unprognostic (2.43e-1)"	"unprognostic (2.01e-1)"	"unprognostic (1.90e-1)"	"unprognostic (3.60e-1)"
PMM2	"CDG1, CDG1a, CDGS, PMI, PMI1"	ENSG00000140650	"Phosphomannomutase 2"	O15305	16	8788823-8862534	"Disease related genes, Enzymes, Human disease related genes, Metabolic proteins, Potential drug targets, Predicted intracellular proteins"		Isomerase	"Congenital disorder of glycosylation, Disease variant"	"Evidence at protein level"	"Evidence at protein level"	"Evidence at protein level"	"Evidence at protein level"	"Low tissue specificity"	"Detected in all"			"Low cell type specificity"	"Detected in many"			"Low cell type specificity"	"Detected in all"			"Low cancer specificity"	"Detected in all"			"Low region specificity"	"Detected in all"			"Immune cell enriched"	"Detected in all"	8	"basophil: 207.1"	"Lineage enriched"	"Detected in all"	12	"granulocytes: 207.1"	"Low cancer specificity"	"Detected in all"				"Low region specificity"	"Detected in all"			"Low region specificity"	"Detected in all"			HPA063649	Approved		Approved	"Nucleoplasm,Microtubules,Primary cilium,Primary cilium tip,Cytosol"			NA	NA		9400	"Cluster 46: Basophils - Proteolysis"	"Cluster 48: Stomach - Proteolysis"	"Cluster 36: Choroid plexus - Mixed function"	"Cluster 54: Non-specific - Transcription"	"Cluster 39: Non-specific - Basic cellular processes"	2	"Nucleoplasm, Cytosol"	"Microtubules, Primary cilium, Primary cilium tip"	"HPA063649: AB_2685074"	"unprognostic (1.37e-1)"	"potential prognostic unfavorable (7.71e-5)"	"unprognostic (6.45e-2)"	"unprognostic (1.65e-1)"	"unprognostic (2.93e-3)"	"unprognostic (4.39e-2)"	"unprognostic (1.40e-2)"	"unprognostic (2.56e-1)"	"unprognostic (1.04e-2)"	"unprognostic (1.36e-1)"	"validated prognostic unfavorable (6.21e-4)"	"validated prognostic unfavorable (1.71e-4)"	"unprognostic (2.06e-2)"	"unprognostic (1.90e-3)"	"potential prognostic unfavorable (4.19e-4)"	"unprognostic (8.93e-3)"	"potential prognostic unfavorable (2.32e-4)"	"unprognostic (1.05e-1)"	"unprognostic (1.08e-1)"	"unprognostic (1.65e-1)"	"unprognostic (1.72e-1)"	"unprognostic (2.43e-2)"	"unprognostic (4.53e-2)"	"unprognostic (7.02e-2)"	"unprognostic (4.00e-2)"	"unprognostic (2.65e-1)"	"unprognostic (1.63e-1)"	"unprognostic (1.01e-1)"	"unprognostic (9.97e-2)"	"unprognostic (4.55e-3)"	"unprognostic (1.57e-1)"
PRC1	ASE1	ENSG00000198901	"Protein regulator of cytokinesis 1"	O43663	15	90966040-90995629	"Predicted intracellular proteins"	"Cell cycle, Cell division"		Oncogene	"Evidence at protein level"	"Evidence at protein level"	"Evidence at protein level"	"Evidence at protein level"	"Tissue enhanced"	"Detected in all"		"bone marrow: 88.4;testis: 53.4"	"Cell type enhanced"	"Detected in many"		"Erythroid cells: 64.0;Extravillous trophoblasts: 35.1;Oocytes: 73.5;Spermatocytes: 77.8;Spermatogonia: 42.0"	"Low cell type specificity"	"Detected in many"			"Low cancer specificity"	"Detected in all"			"Low region specificity"	"Detected in all"			"Immune cell enriched"	"Detected in many"	4	"basophil: 34.4"	"Lineage enriched"	"Detected in many"	4	"granulocytes: 34.4"	"Low cancer specificity"	"Detected in all"			"Adrenal gland - Mitotic cells (Adrenal gland), Colon - Mitotic cells (Colon), Lung - Mitotic cells (Lung), Skin - Mitotic cells (Skin), Spleen - Mitotic cells (Spleen), Stomach - Mitotic cells (Stomach), Testis - Spermatocytes"	"Low region specificity"	"Detected in many"			"Low region specificity"	"Detected in all"			"HPA034521, HPA048816"	Enhanced		Supported	"Nucleoplasm,Plasma membrane,Microtubules,Cytokinetic bridge,Midbody"			Yes	Yes			"Cluster 42: Non-specific - Vesicular transport"	"Cluster 77: Bone marrow - Cell proliferation"	"Cluster 2: Neurons - Nucleosome"	"Cluster 58: Non-specific - Nuclear processes"	"Cluster 52: Non-specific - Cell proliferation"	34	"Microtubules, Cytokinetic bridge, Midbody"	"Nucleoplasm, Plasma membrane"	"HPA034521: AB_10670169, HPA048816: "	"unprognostic (1.90e-1)"	"unprognostic (7.46e-2)"	"unprognostic (1.11e-1)"	"unprognostic (1.36e-2)"	"unprognostic (2.41e-1)"	"unprognostic (4.15e-2)"	"unprognostic (3.77e-1)"	"potential prognostic favorable (5.62e-4)"	"unprognostic (1.04e-1)"	"unprognostic (2.40e-3)"	"potential prognostic unfavorable (4.71e-9)"	"unprognostic (1.47e-3)"	"potential prognostic unfavorable (7.60e-9)"	"validated prognostic unfavorable (7.19e-5)"	"validated prognostic unfavorable (1.27e-7)"	"validated prognostic unfavorable (3.40e-6)"	"validated prognostic unfavorable (1.32e-4)"	"unprognostic (2.24e-2)"	"unprognostic (7.46e-2)"	"unprognostic (2.82e-2)"	"unprognostic (1.51e-2)"	"potential prognostic unfavorable (5.00e-5)"	"unprognostic (3.85e-3)"	"unprognostic (1.61e-2)"	"unprognostic (2.19e-1)"	"unprognostic (6.62e-2)"	"unprognostic (2.75e-2)"	"unprognostic (1.34e-1)"	"unprognostic (3.21e-1)"	"unprognostic (8.26e-2)"	"unprognostic (3.25e-1)"
PRELID2	"FLJ38376, MGC21644"	ENSG00000186314	"PRELI domain containing 2"	Q8N945	5	145471799-145835369	"Predicted intracellular proteins"				"Evidence at protein level"	"Evidence at transcript level"	"Evidence at transcript level"	"Evidence at protein level"	"Tissue enhanced"	"Detected in many"		"intestine: 21.3;retina: 15.3"	"Cell type enhanced"	"Detected in many"		"Cone photoreceptor cells: 178.4;Inhibitory neurons: 402.6;Oligodendrocytes: 84.4;Proximal enterocytes: 116.1"	"Cell type enhanced"	"Detected in all"		"CGE interneuron: 595.0;LAMP5-LHX6 and Chandelier: 533.3"	"Low cancer specificity"	"Detected in all"			"Low region specificity"	"Detected in all"			"Immune cell enriched"	"Detected in many"	4	"basophil: 24.4"	"Lineage enriched"	"Detected in all"	4	"granulocytes: 24.4"	"Low cancer specificity"	"Detected in all"				"Low region specificity"	"Detected in single"			"Low region specificity"	"Detected in all"			HPA042486	Uncertain		Approved	Nucleoplasm			NA	NA			"Cluster 2: Dendritic cells - Unknown function"	"Cluster 45: Intestine - Digestion"	"Cluster 53: Neurons - Mixed function"	"Cluster 11: Neuronal - Sensory perception"	"Cluster 65: Neurons - Synaptic function"		Nucleoplasm		"HPA042486: AB_10797498"	"unprognostic (1.28e-1)"	"unprognostic (2.91e-2)"	"unprognostic (2.23e-1)"	"unprognostic (6.53e-2)"	"unprognostic (1.39e-1)"	"unprognostic (2.37e-2)"	"unprognostic (8.33e-3)"	"unprognostic (1.71e-3)"	"potential prognostic unfavorable (9.84e-4)"	"potential prognostic unfavorable (1.25e-4)"	"validated prognostic favorable (2.16e-7)"	"validated prognostic favorable (2.82e-4)"	"unprognostic (7.57e-2)"	"potential prognostic unfavorable (4.76e-6)"	"unprognostic (3.11e-3)"	"unprognostic (1.49e-2)"	"unprognostic (1.27e-3)"	"unprognostic (9.42e-2)"	"unprognostic (8.47e-2)"	"unprognostic (1.66e-1)"	"unprognostic (6.50e-3)"	"potential prognostic unfavorable (8.63e-4)"	"unprognostic (5.69e-2)"	"unprognostic (3.39e-1)"	"unprognostic (1.03e-1)"	"unprognostic (7.75e-2)"	"unprognostic (7.58e-2)"	"unprognostic (1.96e-1)"	"unprognostic (1.29e-1)"	"potential prognostic unfavorable (1.64e-5)"	"unprognostic (2.55e-1)"
PRKG1	"PGK, PKG, PKG1, PRKG1B, PRKGR1B"	ENSG00000185532	"Protein kinase cGMP-dependent 1"	Q13976	10	50990888-52298423	"Disease related genes, Enzymes, Human disease related genes, Plasma proteins, Potential drug targets, Predicted intracellular proteins"		"Allosteric enzyme, Kinase, Serine/threonine-protein kinase, Transferase"	"Aortic aneurysm, Disease variant"	"Evidence at protein level"	"Evidence at protein level"	"Evidence at protein level"	"Evidence at protein level"	"Tissue enhanced"	"Detected in many"		"tongue: 34.7"	"Cell type enhanced"	"Detected in many"		"Astrocytes: 738.2;Excitatory neurons: 236.6;Inhibitory neurons: 455.7;Microglial cells: 179.8"	"Cell type enhanced"	"Detected in all"		"pericyte: 4323.8;vascular associated smooth muscle cell: 7325.8"	"Low cancer specificity"	"Detected in many"			"Low region specificity"	"Detected in all"			"Immune cell enriched"	"Detected in single"	38	"basophil: 7.3"	"Lineage enriched"	"Detected in single"	50	"granulocytes: 7.3"	"Cancer enhanced"	"Detected in many"		"Rhabdoid: 9.7"	"Adipose subcutaneous - Smooth muscle cells, Adrenal gland - Adrenal cortex cells, Breast - Smooth muscle cells, Liver - Hepatic stellate cells, Minor Salivary Gland - Fibroblasts, Spleen - Fibroblast_1, Spleen - Fibroblast_2, Thyroid gland - Fibroblasts"	"Low region specificity"	"Detected in all"			"Low region specificity"	"Detected in all"			"HPA007699, CAB009629"	Enhanced		Approved	Vesicles,Cytosol			NA	NA		27000		"Cluster 35: Non-specific - Mitochondria"	"Cluster 56: Hypothalamus - Neuropeptide signaling"	"Cluster 64: Connective tissue cells - ECM organization"	"Cluster 8: Neurons - Neuronal signaling"	11	"Vesicles, Cytosol"		"CAB009629: AB_2170663, HPA007699: AB_1079677"	"unprognostic (9.85e-2)"	"unprognostic (2.14e-2)"	"unprognostic (1.39e-2)"	"unprognostic (8.37e-3)"	"unprognostic (4.09e-2)"	"unprognostic (1.84e-3)"	"unprognostic (9.54e-2)"	"unprognostic (1.70e-1)"	"unprognostic (2.24e-1)"	"unprognostic (1.70e-2)"	"validated prognostic favorable (3.89e-4)"	"validated prognostic favorable (6.99e-4)"	"unprognostic (3.11e-1)"			"unprognostic (1.39e-1)"	"unprognostic (1.94e-1)"	"unprognostic (3.29e-2)"	"unprognostic (3.04e-1)"			"unprognostic (4.46e-3)"	"unprognostic (2.60e-1)"	"unprognostic (2.70e-1)"	"unprognostic (3.06e-1)"	"unprognostic (2.03e-2)"	"unprognostic (1.37e-1)"	"unprognostic (3.47e-3)"	"unprognostic (1.10e-1)"	"unprognostic (6.91e-2)"	
PRNP	"AltPrP, CD230, CJD, GSS, PRIP, PRP"	ENSG00000171867	"Prion protein"	P04156	20	4686350-4701590	"CD markers, Disease related genes, Human disease related genes, Plasma proteins, Potential drug targets, Predicted membrane proteins, Transporters"	"Cell cycle, Growth arrest"	Prion	"Amyloidosis, Disease variant"	"Evidence at protein level"	"Evidence at protein level"	"Evidence at protein level"	"Evidence at protein level"	"Tissue enhanced"	"Detected in all"		"choroid plexus: 494.3"	"Cell type enhanced"	"Detected in all"		"monocytes: 457.0;Schwann cells: 409.8"	"Low cell type specificity"	"Detected in all"			"Low cancer specificity"	"Detected in all"			"Low region specificity"	"Detected in all"			"Immune cell enriched"	"Detected in all"	9	"basophil: 879.6"	"Lineage enriched"	"Detected in all"	9	"granulocytes: 879.6"	"Low cancer specificity"	"Detected in all"			"Breast - Breast myoepithelial cells"	"Low region specificity"	"Detected in all"			"Low region specificity"	"Detected in all"			"HPA042754, HPA043398"	Enhanced		Approved	"Nuclear membrane,Vesicles,Cytosol"			NA	Yes		5200000	"Cluster 41: Basophils - Unknown function"	"Cluster 60: Choroid plexus - Transmembrane transport"	"Cluster 23: Choroid plexus - Mixed function"	"Cluster 69: Skin cancer - ECM organization"	"Cluster 26: Schwann cells & Melanocytes - Mixed function"	73	"Nuclear membrane, Cytosol"	Vesicles	"HPA042754: AB_10964203, HPA043398: AB_2678461"	"unprognostic (6.95e-2)"	"unprognostic (5.10e-2)"	"unprognostic (2.02e-1)"	"unprognostic (1.38e-1)"	"unprognostic (9.13e-2)"	"unprognostic (2.45e-2)"	"unprognostic (3.49e-3)"	"unprognostic (2.00e-3)"	"unprognostic (5.66e-3)"	"unprognostic (4.30e-2)"	"potential prognostic favorable (3.02e-4)"	"unprognostic (1.87e-1)"	"unprognostic (2.44e-1)"	"potential prognostic unfavorable (4.78e-6)"	"unprognostic (1.11e-3)"	"unprognostic (1.30e-1)"	"unprognostic (6.04e-2)"	"unprognostic (1.84e-2)"	"potential prognostic unfavorable (2.81e-4)"	"unprognostic (5.09e-2)"	"unprognostic (5.76e-2)"	"unprognostic (1.74e-1)"	"unprognostic (1.53e-1)"	"unprognostic (1.54e-1)"	"unprognostic (2.50e-2)"	"unprognostic (1.11e-2)"	"unprognostic (2.99e-1)"	"unprognostic (1.20e-2)"	"unprognostic (3.68e-1)"	"unprognostic (2.81e-1)"	"unprognostic (2.37e-2)"
PTGER3	"EP3, lnc003875"	ENSG00000050628	"Prostaglandin E receptor 3"	P43115	1	70852353-71047816	"FDA approved drug targets, G-protein coupled receptors, Predicted membrane proteins, Transporters"		"G-protein coupled receptor, Receptor, Transducer"	"FDA approved drug targets"	"Evidence at protein level"	"Evidence at transcript level"	"Evidence at protein level"	"Evidence at protein level"	"Tissue enhanced"	"Detected in many"		"adipose tissue: 52.2;endometrium 1: 90.7;kidney: 77.9;smooth muscle: 65.5"	"Group enriched"	"Detected in many"	5	"Distal tubular cells: 156.7;Langerhans cells: 93.2;Mesothelial cells: 50.2"	"Cell type enhanced"	"Detected in many"		"choroid plexus epithelial cell: 78.9;deep-layer near-projecting: 72.2;upper-layer intratelencephalic: 56.8"	"Cancer enriched"	"Detected in many"	7	"Kidney Chromophobe (TCGA): 204.3"	"Low region specificity"	"Detected in many"			"Immune cell enriched"	"Detected in single"	62	"basophil: 40.2"	"Lineage enriched"	"Detected in single"	62	"granulocytes: 40.2"	"Cancer enriched"	"Detected in some"	6	"Bone cancer: 47.6"	"Adipose subcutaneous - Adipocytes (Subcutaneous), Adipose visceral - Adipocytes (Visceral), Breast - Adipocytes (Breast), Skin - Keratinocyte (granular)"	"Low region specificity"	"Detected in many"			"Low region specificity"	"Detected in many"			HPA010689	Uncertain						NA	NA			"Cluster 46: Basophils - Proteolysis"	"Cluster 51: Thyroid gland - Unknown function"	"Cluster 23: Choroid plexus - Mixed function"	"Cluster 12: Bone cancer - Neuronal signaling"	"Cluster 28: Dendritic cells - Antigen presentation"	3			"HPA010689: AB_1855883"	"unprognostic (1.74e-1)"	"unprognostic (9.66e-3)"	"unprognostic (4.54e-1)"		"unprognostic (1.15e-1)"	"unprognostic (2.86e-2)"			"unprognostic (5.74e-3)"	"unprognostic (5.45e-2)"	"validated prognostic favorable (3.54e-5)"	"validated prognostic favorable (4.01e-4)"	"potential prognostic unfavorable (2.47e-5)"			"unprognostic (1.22e-2)"	"unprognostic (3.40e-1)"	"unprognostic (1.11e-1)"	"unprognostic (1.90e-1)"	"unprognostic (5.33e-3)"	"unprognostic (7.73e-3)"	"unprognostic (8.37e-2)"	"unprognostic (3.58e-1)"	"unprognostic (2.47e-1)"	"unprognostic (6.57e-2)"	"unprognostic (6.30e-3)"	"unprognostic (6.33e-2)"	"unprognostic (4.50e-3)"			"unprognostic (2.43e-2)"
PTGES	"MGST-IV, MGST1-L1, MGST1L1, PIG12, TP53I12"	ENSG00000148344	"Prostaglandin E synthase"	O14684	9	129738331-129753042	"Enzymes, Metabolic proteins, Predicted membrane proteins"	"Fatty acid biosynthesis, Fatty acid metabolism, Lipid biosynthesis, Lipid metabolism, Prostaglandin biosynthesis, Prostaglandin metabolism"	"Isomerase, Oxidoreductase, Transferase"		"Evidence at protein level"	"Evidence at protein level"	"Evidence at protein level"	"Evidence at protein level"	"Tissue enhanced"	"Detected in many"		"seminal vesicle: 81.3;urinary bladder: 75.7"	"Cell type enhanced"	"Detected in many"		"Basal prostatic cells: 90.7;Basal respiratory cells: 109.3;Cytotrophoblasts: 155.4;Extravillous trophoblasts: 333.3;Ionocytes: 92.4;Syncytiotrophoblasts: 300.1"	"Cell type enriched"	"Detected in some"	12	"endothelial cell: 25.0"	"Cancer enhanced"	"Detected in all"		"Bladder Urothelial Carcinoma (TCGA): 121.3"	"Low region specificity"	"Detected in all"			"Immune cell enriched"	"Detected in some"	7	"basophil: 29.0"	"Lineage enriched"	"Detected in many"	7	"granulocytes: 29.0"	"Low cancer specificity"	"Detected in many"			"Heart muscle - Fibroblasts, Minor Salivary Gland - Minor salivary glandular cells, Skeletal muscle - Fibroblasts, Spleen - Fibroblast_1, Stomach - Fibroblasts"	"Low region specificity"	"Detected in all"			"Low region specificity"	"Detected in all"			HPA045064	Enhanced		Supported	"Endoplasmic reticulum"			NA	NA			"Cluster 42: Non-specific - Vesicular transport"	"Cluster 58: Placenta - Pregnancy"	"Cluster 49: Hindbrain - Mixed function"	"Cluster 53: Squamous epithelial cells - Keratinization"	"Cluster 4: Extravillous trophoblasts - Unknown function"	15	"Endoplasmic reticulum"		"HPA045064: AB_10795889"	"unprognostic (1.21e-2)"	"unprognostic (6.20e-2)"	"unprognostic (3.30e-1)"	"unprognostic (2.97e-1)"	"unprognostic (2.11e-2)"	"unprognostic (7.99e-2)"	"potential prognostic unfavorable (5.31e-4)"	"unprognostic (5.44e-3)"	"unprognostic (5.71e-2)"	"unprognostic (1.02e-1)"	"potential prognostic unfavorable (3.42e-5)"	"unprognostic (2.16e-2)"	"unprognostic (2.00e-1)"	"unprognostic (4.64e-3)"	"unprognostic (7.48e-3)"	"potential prognostic unfavorable (6.68e-4)"	"unprognostic (3.28e-2)"	"unprognostic (1.80e-2)"	"unprognostic (1.64e-1)"	"unprognostic (1.49e-1)"	"unprognostic (1.65e-1)"	"potential prognostic unfavorable (5.87e-4)"	"unprognostic (4.14e-3)"	"unprognostic (2.40e-1)"	"unprognostic (2.87e-2)"	"unprognostic (4.23e-2)"	"unprognostic (4.90e-2)"	"unprognostic (1.17e-1)"	"unprognostic (1.00e-1)"	"unprognostic (1.61e-1)"	"unprognostic (1.11e-1)"
PTMS	ParaT	ENSG00000159335	Parathymosin	P20962	12	6765516-6770952	"Predicted intracellular proteins"	Immunity			"Evidence at protein level"	"Evidence at transcript level"	"Evidence at protein level"	"Evidence at protein level"	"Tissue enhanced"	"Detected in all"		"liver: 551.5"	"Low cell type specificity"	"Detected in all"			"Low cell type specificity"	"Detected in all"			"Low cancer specificity"	"Detected in all"			"Low region specificity"	"Detected in all"			"Immune cell enriched"	"Detected in many"	6	"basophil: 25.8"	"Lineage enriched"	"Detected in many"	6	"granulocytes: 25.8"	"Low cancer specificity"	"Detected in all"			"Liver - Hepatocytes, Spleen - Fibroblast_1"	"Low region specificity"	"Detected in all"			"Low region specificity"	"Detected in all"			HPA038186	Approved		Approved	"Nucleoplasm,Nucleoli,Nucleoli rim"			No	Yes		600000	"Cluster 22: Eosinophils - Transcription"	"Cluster 69: Liver - Oxidoreductase activity"	"Cluster 33: Neurons - Mixed function"	"Cluster 38: Non-specific - Transcription"	"Cluster 33: Non-specific - DNA binding"	4	"Nucleoli, Nucleoli rim"	Nucleoplasm	"HPA038186: AB_10673042"	"unprognostic (5.52e-2)"	"unprognostic (1.54e-2)"	"unprognostic (5.69e-2)"	"unprognostic (7.56e-2)"	"unprognostic (1.43e-1)"	"unprognostic (8.58e-2)"	"unprognostic (1.47e-1)"	"unprognostic (6.92e-3)"	"unprognostic (6.18e-2)"	"unprognostic (1.43e-2)"	"unprognostic (1.55e-1)"	"unprognostic (4.62e-2)"	"unprognostic (1.20e-2)"	"unprognostic (1.45e-1)"	"unprognostic (2.78e-1)"	"unprognostic (2.13e-1)"	"unprognostic (3.11e-1)"	"unprognostic (1.14e-1)"	"unprognostic (8.34e-2)"	"unprognostic (8.48e-2)"	"unprognostic (3.89e-2)"	"unprognostic (2.19e-3)"	"unprognostic (3.65e-2)"	"unprognostic (1.94e-1)"	"unprognostic (1.00e-2)"	"unprognostic (2.29e-1)"	"unprognostic (4.53e-1)"	"unprognostic (1.34e-1)"	"unprognostic (9.69e-2)"	"unprognostic (1.64e-2)"	"unprognostic (6.76e-2)"
RAVER2	"FLJ10770, KIAA1579"	ENSG00000162437	"Ribonucleoprotein, PTB binding 2"	Q9HCJ3	1	64745075-64833232	"Predicted intracellular proteins"		RNA-binding		"Evidence at protein level"	"Evidence at transcript level"	"Evidence at protein level"	"Evidence at protein level"	"Low tissue specificity"	"Detected in all"			"Cell type enhanced"	"Detected in many"		"Astrocytes: 69.0;Distal enterocytes: 56.4"	"Low cell type specificity"	"Detected in all"			"Low cancer specificity"	"Detected in all"			"Low region specificity"	"Detected in all"			"Immune cell enriched"	"Detected in single"	12	"basophil: 6.2"	"Lineage enriched"	"Detected in single"	12	"granulocytes: 6.2"	"Low cancer specificity"	"Detected in all"			"Minor Salivary Gland - Minor salivary glandular cells, Skeletal muscle - Skeletal myocytes, Testis - Peritubular cells"	"Low region specificity"	"Detected in all"			"Low region specificity"	"Detected in all"			HPA045785	Approved		Approved	Nucleoplasm			NA	NA			"Cluster 41: Basophils - Unknown function"	"Cluster 39: Retina & Testis - Cilium"	"Cluster 40: Astrocytes - Astrocyte-neuron interactions"	"Cluster 11: Neuronal - Sensory perception"	"Cluster 16: Intestinal goblet cells - Mucin production"		Nucleoplasm		"HPA045785: AB_10964058"	"unprognostic (2.13e-1)"	"unprognostic (2.41e-1)"	"unprognostic (2.66e-1)"	"unprognostic (6.30e-3)"	"unprognostic (3.92e-2)"	"unprognostic (7.22e-2)"	"unprognostic (8.21e-2)"	"unprognostic (2.19e-1)"	"unprognostic (8.68e-2)"	"unprognostic (1.61e-1)"	"validated prognostic favorable (9.06e-12)"	"validated prognostic favorable (2.53e-4)"	"unprognostic (6.44e-2)"	"unprognostic (4.81e-3)"	"unprognostic (6.72e-2)"	"unprognostic (3.34e-1)"	"unprognostic (5.92e-2)"	"unprognostic (5.59e-3)"	"unprognostic (3.68e-2)"	"unprognostic (1.10e-1)"	"unprognostic (1.20e-1)"	"unprognostic (1.78e-1)"	"unprognostic (1.95e-3)"	"unprognostic (5.57e-2)"	"unprognostic (5.95e-3)"	"unprognostic (1.83e-1)"	"unprognostic (2.23e-1)"	"unprognostic (1.75e-1)"	"unprognostic (5.11e-2)"	"unprognostic (1.98e-2)"	"unprognostic (2.79e-1)"
RHEX	"C1orf186, FLJ16052"	ENSG00000263961	"Regulator of hemoglobinization and erythroid cell expansion"	Q6ZWK4	1	206053173-206102449	"Predicted membrane proteins"	"Differentiation, Erythrocyte maturation"			"Evidence at protein level"	"Evidence at protein level"	"Evidence at protein level"	"Evidence at protein level"	"Tissue enhanced"	"Detected in many"		"cervix: 23.5"	"Cell type enriched"	"Detected in some"	8	"granulocytes: 616.7"	"Cell type enhanced"	"Detected in single"		"leukocyte: 2.0"	"Cancer enhanced"	"Detected in many"		"Kidney Renal Papillary Cell Carcinoma (TCGA): 130.9"	"Not detected"	"Not detected"			"Immune cell enriched"	"Detected in some"	152	"basophil: 1318.2"	"Lineage enriched"	"Detected in single"	1550	"granulocytes: 1318.2"	"Cancer enhanced"	"Detected in many"		"Leukemia: 58.2"	"Adipose subcutaneous - Mast cells, Adipose visceral - Mast cells, Colon - Mast cells, Minor Salivary Gland - Mast cells, Pituitary gland - Corticotropes, Spleen - B-cells (Spleen)"					"Low region specificity"	"Detected in all"			HPA037859			Supported	"Plasma membrane"			NA	NA			"Cluster 46: Basophils - Proteolysis"	"Cluster 62: Connective tissue - ECM organization"		"Cluster 49: HMC-1 - Innate immune response"	"Cluster 30: Granulocytes - Unknown function"	6	"Plasma membrane"		"HPA037859: AB_10697084"	"unprognostic (3.71e-2)"	"unprognostic (9.18e-2)"		"unprognostic (2.39e-1)"		"unprognostic (2.58e-1)"			"unprognostic (1.29e-2)"		"unprognostic (1.76e-2)"	"unprognostic (2.50e-2)"	"unprognostic (1.61e-3)"	"unprognostic (1.29e-1)"		"potential prognostic favorable (2.67e-5)"	"unprognostic (9.00e-2)"	"unprognostic (2.65e-1)"	"unprognostic (7.30e-2)"	"unprognostic (7.60e-2)"		"unprognostic (1.74e-1)"		"unprognostic (1.08e-2)"		"unprognostic (2.27e-1)"		"potential prognostic unfavorable (4.61e-4)"	"unprognostic (1.41e-1)"	"unprognostic (2.08e-1)"	"unprognostic (3.23e-1)"
RUSC2	KIAA0375	ENSG00000198853	"RUN and SH3 domain containing 2"	Q8N2Y8	9	35490111-35561898	"Disease related genes, Human disease related genes, Potential drug targets, Predicted intracellular proteins, Transporters"			"Disease variant, Intellectual disability"	"Evidence at protein level"	"Evidence at transcript level"	"Evidence at protein level"	"Evidence at protein level"	"Low tissue specificity"	"Detected in all"			"Cell type enhanced"	"Detected in many"		"Astrocytes: 31.9;Excitatory neurons: 59.4;Inhibitory neurons: 60.9;Microglial cells: 41.2;Oligodendrocyte precursor cells: 49.1;Oligodendrocytes: 36.0"	"Low cell type specificity"	"Detected in all"			"Low cancer specificity"	"Detected in all"			"Low region specificity"	"Detected in all"			"Immune cell enriched"	"Detected in single"	4	"basophil: 3.1"	"Lineage enriched"	"Detected in single"	4	"granulocytes: 3.1"	"Low cancer specificity"	"Detected in many"			"Testis - Early spermatids"	"Low region specificity"	"Detected in all"			"Low region specificity"	"Detected in all"			HPA021297	Uncertain						NA	NA			"Cluster 26: Monocytes - Plasma membrane proteins"	"Cluster 79: Non-specific - Transcription"	"Cluster 53: Neurons - Mixed function"	"Cluster 15: Kidney cancer - Membrane components"	"Cluster 32: Smooth muscle cells - Muscle contraction"	8			"HPA021297: AB_1856510"	"unprognostic (1.64e-2)"	"unprognostic (2.75e-1)"	"unprognostic (6.26e-2)"	"unprognostic (1.66e-2)"	"unprognostic (8.59e-2)"	"potential prognostic unfavorable (6.18e-4)"	"unprognostic (3.56e-1)"	"unprognostic (1.92e-2)"	"unprognostic (1.90e-1)"	"unprognostic (1.53e-2)"	"potential prognostic favorable (1.07e-6)"	"unprognostic (3.72e-2)"	"unprognostic (1.05e-2)"	"unprognostic (1.98e-2)"	"unprognostic (1.35e-2)"	"unprognostic (8.44e-2)"	"unprognostic (4.08e-2)"	"unprognostic (6.38e-2)"	"unprognostic (2.63e-1)"	"unprognostic (1.38e-2)"	"unprognostic (4.19e-2)"	"unprognostic (4.61e-2)"	"unprognostic (1.59e-1)"	"unprognostic (2.16e-2)"	"unprognostic (2.01e-1)"	"unprognostic (7.74e-3)"	"unprognostic (4.07e-1)"	"unprognostic (1.85e-2)"	"unprognostic (1.18e-1)"	"unprognostic (1.80e-2)"	"unprognostic (3.17e-2)"
RYR3		ENSG00000198838	"Ryanodine receptor 3"	Q15413	15	33310962-33866121	"Plasma proteins, Predicted intracellular proteins, Predicted membrane proteins"	"Calcium transport, Ion transport, Transport"	"Calcium channel, Calmodulin-binding, Ion channel, Ligand-gated ion channel, Receptor"		"Evidence at protein level"	"Evidence at transcript level"	"Evidence at protein level"	"Evidence at protein level"	"Tissue enhanced"	"Detected in many"		"brain: 35.1;choroid plexus: 28.7;skeletal muscle: 23.3;tongue: 42.3"	"Cell type enriched"	"Detected in many"	4	"Astrocytes: 748.1"	"Cell type enhanced"	"Detected in all"		"astrocyte: 1827.7"	"Cancer enhanced"	"Detected in some"		"Glioblastoma Multiforme (TCGA): 5.2"	"Low region specificity"	"Detected in all"			"Immune cell enriched"	"Detected in single"	19	"basophil: 1.9"	"Lineage enriched"	"Detected in single"	19	"granulocytes: 1.9"	"Cancer enhanced"	"Detected in some"		"testis cancer: 2.6"	"Pituitary gland - Gonadotropes"	"Low region specificity"	"Detected in many"			"Region enhanced"	"Detected in many"		"basal ganglia: 30.4"	HPA062004			Approved	Vesicles			NA	NA				"Cluster 14: Skeletal muscle - Muscle contraction"	"Cluster 40: Astrocytes - Astrocyte-neuron interactions"	"Cluster 33: Sarcoma - Muscle contraction"	"Cluster 34: Neurons - Neuronal signaling"	2	Vesicles		"HPA062004: AB_2797267"			"unprognostic (2.87e-2)"			"unprognostic (8.15e-2)"	"unprognostic (5.47e-3)"	"potential prognostic unfavorable (4.06e-5)"		"unprognostic (4.71e-2)"			"unprognostic (1.17e-1)"											"unprognostic (2.73e-1)"		"unprognostic (1.27e-3)"			"unprognostic (1.46e-1)"		
SAMD13		ENSG00000203943	"Sterile alpha motif domain containing 13"	Q5VXD3	1	84298366-84389957	"Predicted intracellular proteins"				"Evidence at protein level"	"Evidence at protein level"	"Evidence at transcript level"	"Evidence at protein level"	"Tissue enhanced"	"Detected in many"		"intestine: 21.2;salivary gland: 17.1"	"Cell type enhanced"	"Detected in many"		"Distal enterocytes: 28.0;Enteroendocrine cells: 20.5;Intestinal goblet cells: 20.3;Paneth cells: 34.3;Spermatocytes: 18.2;Undifferentiated cells: 24.3"	"Low cell type specificity"	"Detected in many"			"Low cancer specificity"	"Detected in many"			"Low region specificity"	"Detected in all"			"Immune cell enriched"	"Detected in single"	15	"basophil: 12.5"	"Lineage enriched"	"Detected in single"	15	"granulocytes: 12.5"	"Low cancer specificity"	"Detected in many"			"Minor Salivary Gland - Minor salivary glandular cells, Testis - Early spermatids, Thyroid gland - Thyroid glandular cells"	"Low region specificity"	"Detected in single"			"Low region specificity"	"Detected in all"			HPA058929	Enhanced		Approved	Mitochondria			NA	NA			"Cluster 41: Basophils - Unknown function"	"Cluster 46: Testis - Spermatogenesis"	"Cluster 53: Neurons - Mixed function"	"Cluster 65: Non-specific - Unknown function"	"Cluster 16: Intestinal goblet cells - Mucin production"	1	Mitochondria		"HPA058929: AB_2683855"	"unprognostic (1.03e-2)"	"unprognostic (8.35e-2)"	"unprognostic (1.23e-1)"	"unprognostic (1.06e-1)"	"unprognostic (1.01e-2)"	"unprognostic (9.94e-3)"	"potential prognostic favorable (1.15e-5)"	"unprognostic (2.40e-2)"		"unprognostic (6.66e-2)"	"potential prognostic favorable (5.09e-5)"	"unprognostic (3.22e-2)"	"unprognostic (1.11e-3)"			"potential prognostic unfavorable (9.24e-4)"	"unprognostic (1.31e-1)"	"unprognostic (1.40e-2)"	"unprognostic (1.26e-2)"	"unprognostic (1.70e-2)"	"unprognostic (2.57e-1)"	"unprognostic (4.97e-2)"	"potential prognostic favorable (3.51e-4)"	"unprognostic (5.17e-1)"	"unprognostic (2.61e-2)"	"unprognostic (2.34e-2)"	"unprognostic (1.15e-1)"	"unprognostic (1.44e-1)"	"unprognostic (1.98e-1)"	"unprognostic (1.00e-1)"	"unprognostic (1.31e-1)"
SCCPDH	"CGI-49, NET11"	ENSG00000143653	"Saccharopine dehydrogenase (putative)"	Q8NBX0	1	246724409-246768137	"Metabolic proteins, Predicted membrane proteins"		Oxidoreductase		"Evidence at protein level"	"Evidence at protein level"	"Evidence at protein level"	"Evidence at protein level"	"Low tissue specificity"	"Detected in all"			"Cell type enhanced"	"Detected in all"		"Early spermatids: 1689.1;Spermatocytes: 696.6"	"Low cell type specificity"	"Detected in all"			"Low cancer specificity"	"Detected in all"			"Low region specificity"	"Detected in all"			"Immune cell enriched"	"Detected in all"	20	"basophil: 875.3"	"Lineage enriched"	"Detected in all"	26	"granulocytes: 875.3"	"Low cancer specificity"	"Detected in all"			"Adrenal gland - Adrenal cortex cells, Skin - Keratinocyte (other), Spleen - Macrophages, Testis - Early spermatids, Thyroid gland - Thyroid glandular cells"	"Low region specificity"	"Detected in all"			"Low region specificity"	"Detected in all"			"HPA050775, HPA076030"	Enhanced		Approved	Vesicles			NA	NA		12000	"Cluster 41: Basophils - Unknown function"	"Cluster 44: Testis - Spermatogenesis"	"Cluster 30: White matter - Myelination"	"Cluster 45: Non-specific - Nuclear processes"	"Cluster 70: Spermatocytes & Spermatids - Spermatid development"	5	Vesicles		"HPA050775: AB_2681231, HPA076030: "	"unprognostic (1.93e-1)"	"unprognostic (2.42e-1)"	"unprognostic (2.99e-1)"	"unprognostic (1.48e-1)"	"unprognostic (2.06e-2)"	"unprognostic (3.73e-1)"	"unprognostic (9.53e-2)"	"unprognostic (9.58e-2)"	"unprognostic (4.88e-2)"	"unprognostic (8.87e-2)"	"potential prognostic favorable (8.82e-4)"	"unprognostic (1.39e-2)"	"unprognostic (1.32e-1)"	"unprognostic (3.56e-1)"	"unprognostic (1.89e-1)"	"unprognostic (5.80e-2)"	"unprognostic (8.04e-2)"	"unprognostic (1.68e-1)"	"unprognostic (4.61e-2)"	"unprognostic (1.27e-1)"	"unprognostic (1.98e-1)"	"unprognostic (2.26e-1)"	"unprognostic (1.75e-1)"	"unprognostic (7.42e-2)"	"unprognostic (4.29e-2)"	"unprognostic (3.78e-2)"	"unprognostic (3.03e-1)"	"unprognostic (1.75e-2)"	"unprognostic (6.90e-2)"	"unprognostic (5.31e-2)"	"unprognostic (3.13e-1)"
SELENOK	SELK	ENSG00000113811	"Selenoprotein K"	Q9Y6D0	3	53884417-53891885	"Predicted membrane proteins"	"Calcium transport, Ion transport, Transport"			"Evidence at protein level"	"Evidence at protein level"	"Evidence at protein level"	"Evidence at protein level"	"Low tissue specificity"	"Detected in all"			"Cell type enhanced"	"Detected in all"		"Langerhans cells: 2749.1"	"Low cell type specificity"	"Detected in all"			"Low cancer specificity"	"Detected in all"			"Low region specificity"	"Detected in all"			"Immune cell enriched"	"Detected in all"	5	"basophil: 326.8"	"Lineage enriched"	"Detected in all"	8	"granulocytes: 326.8"	"Low cancer specificity"	"Detected in all"			"Kidney - Endothelial cells"	"Low region specificity"	"Detected in all"			"Low region specificity"	"Detected in all"			HPA008196	Uncertain		Approved	Nucleoplasm,Cytosol			NA	NA			"Cluster 41: Basophils - Unknown function"	"Cluster 23: Non-specific - Cellular respiration"	"Cluster 21: Non-specific - Metabolism"	"Cluster 50: Lymphoma - Unknown function"	"Cluster 30: Granulocytes - Unknown function"	28	"Nucleoplasm, Cytosol"		"HPA008196: AB_1856665"	"unprognostic (1.91e-1)"	"unprognostic (1.09e-1)"		"unprognostic (7.65e-3)"	"unprognostic (1.38e-1)"	"unprognostic (8.18e-2)"	"unprognostic (3.06e-1)"	"unprognostic (9.33e-2)"	"unprognostic (1.07e-1)"	"unprognostic (2.06e-2)"	"unprognostic (2.46e-1)"	"unprognostic (7.54e-2)"	"unprognostic (1.15e-1)"	"potential prognostic unfavorable (2.13e-4)"		"unprognostic (1.69e-3)"	"unprognostic (4.50e-1)"	"unprognostic (2.35e-1)"	"unprognostic (2.72e-1)"	"unprognostic (3.14e-2)"	"unprognostic (4.27e-2)"	"unprognostic (1.49e-1)"	"unprognostic (1.09e-2)"	"unprognostic (1.77e-1)"	"unprognostic (9.68e-2)"	"unprognostic (6.85e-2)"	"unprognostic (2.51e-1)"	"unprognostic (8.62e-3)"	"unprognostic (1.53e-2)"	"unprognostic (1.35e-1)"	"unprognostic (1.12e-1)"
SEMA3C	"SEMAE, SemE"	ENSG00000075223	"Semaphorin 3C"	Q99985	7	80742538-80922359	"Predicted secreted proteins"	"Differentiation, Neurogenesis"	"Developmental protein"		"Evidence at protein level"	"Evidence at transcript level"	"Evidence at transcript level"	"Evidence at protein level"	"Low tissue specificity"	"Detected in many"			"Cell type enhanced"	"Detected in many"		"Basal respiratory cells: 89.2;Breast myoepithelial cells: 93.5;Melanocytes: 109.9;Oligodendrocytes: 208.1;Salivary duct cells: 96.2"	"Cell type enhanced"	"Detected in all"		"midbrain-derived inhibitory: 782.7"	"Low cancer specificity"	"Detected in many"			"Low region specificity"	"Detected in all"			"Immune cell enriched"	"Detected in many"	9	"basophil: 49.7"	"Lineage enriched"	"Detected in many"	9	"granulocytes: 49.7"	"Low cancer specificity"	"Detected in all"			"Minor Salivary Gland - Minor salivary gland ductal cells, Pituitary gland - Fibroblasts, Spleen - Fibroblast_1, Thyroid gland - Fibroblasts"	"Low region specificity"	"Detected in all"			"Low region specificity"	"Detected in many"			HPA042418			Approved	"Golgi apparatus,Plasma membrane,Cytosol"	"Secreted in other tissues"	"Developmental protein"	NA	NA		4400	"Cluster 46: Basophils - Proteolysis"	"Cluster 62: Connective tissue - ECM organization"	"Cluster 49: Hindbrain - Mixed function"	"Cluster 64: Connective tissue cells - ECM organization"	"Cluster 53: Fibroblasts - ECM organization"	14	"Golgi apparatus, Cytosol"	"Plasma membrane"	"HPA042418: AB_10797389"	"unprognostic (1.81e-2)"	"unprognostic (7.38e-2)"	"unprognostic (3.12e-1)"	"unprognostic (1.13e-3)"	"unprognostic (7.66e-2)"	"unprognostic (7.09e-2)"	"unprognostic (3.12e-2)"	"unprognostic (8.15e-3)"	"potential prognostic unfavorable (5.43e-4)"	"unprognostic (2.03e-3)"	"unprognostic (1.95e-3)"	"potential prognostic unfavorable (1.12e-4)"	"unprognostic (3.84e-2)"		"unprognostic (7.18e-2)"	"potential prognostic unfavorable (2.83e-4)"	"unprognostic (1.92e-2)"	"unprognostic (6.21e-2)"	"unprognostic (3.27e-3)"	"unprognostic (1.42e-1)"	"unprognostic (1.67e-3)"	"potential prognostic unfavorable (1.11e-4)"	"unprognostic (1.11e-2)"	"unprognostic (5.40e-2)"	"unprognostic (1.91e-1)"	"unprognostic (1.38e-2)"	"unprognostic (3.06e-2)"	"unprognostic (5.72e-3)"	"unprognostic (1.65e-1)"	"unprognostic (1.15e-2)"	"unprognostic (2.02e-1)"
SGSM2	"KIAA0397, RUTBC1"	ENSG00000141258	"Small G protein signaling modulator 2"	O43147	17	2337498-2381058	"Predicted intracellular proteins"		"GTPase activation"		"Evidence at protein level"	"Evidence at transcript level"	"Evidence at protein level"	"Evidence at protein level"	"Low tissue specificity"	"Detected in all"			"Cell type enhanced"	"Detected in many"		"Cone photoreceptor cells: 69.7;Rod photoreceptor cells: 58.3"	"Low cell type specificity"	"Detected in all"			"Low cancer specificity"	"Detected in all"			"Low region specificity"	"Detected in all"			"Immune cell enriched"	"Detected in some"	5	"basophil: 7.1"	"Lineage enriched"	"Detected in many"	6	"granulocytes: 7.1"	"Low cancer specificity"	"Detected in all"			"Breast - Breast glandular cells, Testis - Late spermatids"	"Low region specificity"	"Detected in all"			"Low region specificity"	"Detected in all"			"HPA021641, HPA024553"	Approved		Approved	Nucleoplasm,Cytosol			No	No			"Cluster 22: Eosinophils - Transcription"	"Cluster 49: Pituitary gland - Hormone signaling"	"Cluster 51: Neurons - Mixed function"	"Cluster 42: Non-specific - Unknown function"	"Cluster 17: Breast glandular cells - Lactation"	1	"Nucleoplasm, Cytosol"		"HPA021641: AB_2188702, HPA024553: AB_1856512"	"unprognostic (1.89e-1)"	"unprognostic (5.05e-2)"	"unprognostic (2.65e-1)"	"unprognostic (1.40e-1)"	"unprognostic (4.48e-2)"	"unprognostic (3.33e-1)"	"unprognostic (1.54e-1)"	"unprognostic (5.42e-3)"	"unprognostic (1.64e-3)"	"unprognostic (7.08e-2)"	"unprognostic (1.06e-1)"	"unprognostic (1.03e-1)"	"potential prognostic favorable (9.33e-4)"	"unprognostic (4.45e-1)"	"unprognostic (1.65e-2)"	"unprognostic (6.98e-3)"	"unprognostic (4.08e-1)"	"unprognostic (9.83e-2)"	"unprognostic (9.58e-3)"	"unprognostic (1.65e-1)"	"unprognostic (1.55e-3)"	"potential prognostic favorable (3.01e-6)"	"unprognostic (1.30e-2)"	"unprognostic (2.29e-2)"	"unprognostic (4.55e-1)"	"unprognostic (5.80e-2)"	"unprognostic (5.61e-2)"	"unprognostic (4.79e-2)"	"unprognostic (1.82e-1)"	"unprognostic (1.16e-1)"	"unprognostic (3.71e-1)"
SH3BGRL2		ENSG00000198478	"SH3 domain binding glutamate rich protein like 2"	Q9UJC5	6	79631329-79703655	"Plasma proteins, Predicted intracellular proteins"				"Evidence at protein level"	"Evidence at protein level"	"Evidence at protein level"	"Evidence at protein level"	"Tissue enhanced"	"Detected in all"		"salivary gland: 157.1"	"Cell type enhanced"	"Detected in many"		"Distal enterocytes: 135.8;Intestinal goblet cells: 99.8;Serous glandular cells: 123.3"	"Low cell type specificity"	"Detected in all"			"Cancer enhanced"	"Detected in all"		"Thyroid Carcinoma (TCGA): 74.0"	"Low region specificity"	"Detected in all"			"Immune cell enriched"	"Detected in some"	5	"basophil: 11.0"	"Lineage enriched"	"Detected in many"	10	"granulocytes: 11.0"	"Cancer enhanced"	"Detected in many"		"colorectal cancer: 34.5"	"Adipose visceral - Endothelial cells, Adrenal gland - Endothelial cells, Liver - Hepatocytes, Skeletal muscle - Endothelial cells, Stomach - Gastric mucous cells, Testis - Endothelial cells, Thyroid gland - Thyroid glandular cells"	"Low region specificity"	"Detected in all"			"Low region specificity"	"Detected in all"			HPA047486	Approved		Supported	Nucleoplasm			NA	NA		2600000	"Cluster 21: Neutrophils - Unknown function"	"Cluster 48: Stomach - Proteolysis"	"Cluster 24: Neurons - Mixed function"	"Cluster 57: Stomach & Colon cancer - Digestion"	"Cluster 75: Serous glandular cells - Salivary secretion"	2	Nucleoplasm		"HPA047486: AB_2680065"	"unprognostic (9.69e-2)"	"unprognostic (5.16e-2)"	"unprognostic (2.69e-1)"	"unprognostic (4.59e-1)"	"unprognostic (8.63e-3)"	"unprognostic (1.61e-1)"	"unprognostic (2.54e-1)"	"unprognostic (2.37e-2)"	"unprognostic (1.46e-1)"	"unprognostic (3.07e-2)"	"validated prognostic favorable (9.13e-11)"	"validated prognostic favorable (2.38e-4)"	"unprognostic (2.98e-1)"	"unprognostic (2.96e-1)"	"unprognostic (3.07e-2)"	"unprognostic (1.60e-2)"	"unprognostic (1.13e-1)"	"unprognostic (1.77e-1)"	"unprognostic (8.63e-2)"	"unprognostic (5.94e-2)"	"unprognostic (2.31e-2)"	"unprognostic (6.61e-2)"	"unprognostic (2.77e-1)"	"unprognostic (2.54e-2)"	"unprognostic (8.59e-2)"	"potential prognostic unfavorable (4.63e-5)"	"unprognostic (7.31e-2)"	"unprognostic (2.23e-1)"	"unprognostic (1.59e-1)"	"unprognostic (5.81e-2)"	"unprognostic (6.97e-3)"
SHB		ENSG00000107338	"SH2 domain containing adaptor protein B"	Q15464	9	37915898-38069227	"Predicted intracellular proteins"	"Angiogenesis, Apoptosis, Differentiation"	"Developmental protein"		"Evidence at protein level"	"Evidence at protein level"	"Evidence at protein level"	"Evidence at protein level"	"Low tissue specificity"	"Detected in many"			"Low cell type specificity"	"Detected in many"			"Cell type enhanced"	"Detected in many"		"endothelial cell: 118.0"	"Low cancer specificity"	"Detected in all"			"Low region specificity"	"Detected in all"			"Immune cell enriched"	"Detected in single"	22	"basophil: 2.2"	"Lineage enriched"	"Detected in single"	22	"granulocytes: 2.2"	"Low cancer specificity"	"Detected in all"			"Minor Salivary Gland - Minor salivary glandular cells, Testis - Spermatogonia"	"Low region specificity"	"Detected in all"			"Low region specificity"	"Detected in all"			"CAB010161, HPA049911, HPA052108"	Uncertain		Supported	"Nucleoplasm,Cytosol,Cytoplasmic bodies"			NA	NA			"Cluster 46: Basophils - Proteolysis"	"Cluster 68: Non-specific - Protein processing"	"Cluster 11: White matter - Signal transduction"	"Cluster 53: Squamous epithelial cells - Keratinization"	"Cluster 45: Non-specific - Mixed function"	13	Cytosol	"Nucleoplasm, Cytoplasmic bodies"	"CAB010161: AB_2187742, HPA049911: AB_2680949, HPA052108: AB_2681730"	"unprognostic (9.76e-2)"	"unprognostic (1.31e-1)"	"unprognostic (4.52e-1)"	"unprognostic (7.63e-2)"	"unprognostic (1.93e-1)"	"unprognostic (1.96e-3)"	"unprognostic (2.82e-1)"	"potential prognostic favorable (7.84e-4)"	"unprognostic (3.55e-2)"	"unprognostic (3.94e-2)"	"unprognostic (9.62e-3)"	"unprognostic (1.39e-1)"	"potential prognostic favorable (5.20e-4)"	"unprognostic (8.51e-2)"	"potential prognostic favorable (5.08e-5)"	"unprognostic (2.37e-1)"	"unprognostic (1.81e-3)"	"unprognostic (1.66e-1)"	"unprognostic (7.27e-2)"	"unprognostic (1.48e-1)"	"unprognostic (4.01e-2)"	"unprognostic (1.01e-2)"	"unprognostic (1.62e-1)"	"unprognostic (7.72e-2)"	"unprognostic (1.48e-1)"	"unprognostic (1.85e-1)"	"unprognostic (1.72e-1)"	"unprognostic (1.05e-1)"	"unprognostic (2.28e-1)"	"unprognostic (9.80e-2)"	"unprognostic (4.84e-2)"
SLC10A3	"DXS253E, P3"	ENSG00000126903	"Solute carrier family 10 member 3"	P09131	X	154487306-154490690	"Predicted intracellular proteins, Predicted membrane proteins, Transporters"	"Symport, Transport"			"Evidence at protein level"	"Evidence at protein level"	"Evidence at transcript level"	"Evidence at protein level"	"Low tissue specificity"	"Detected in all"			"Cell type enhanced"	"Detected in many"		"Extravillous trophoblasts: 69.5;Syncytiotrophoblasts: 109.3"	"Low cell type specificity"	"Detected in many"			"Low cancer specificity"	"Detected in all"			"Low region specificity"	"Detected in all"			"Immune cell enriched"	"Detected in all"	10	"basophil: 218.9"	"Lineage enriched"	"Detected in all"	17	"granulocytes: 218.9"	"Low cancer specificity"	"Detected in all"			"Breast - Fibroblasts, Skin - Keratinocyte (granular)"	"Low region specificity"	"Detected in all"			"Low region specificity"	"Detected in all"			HPA021656	Approved		Approved	"Intermediate filaments"			NA	NA			"Cluster 41: Basophils - Unknown function"	"Cluster 41: Smooth muscle tissue - ECM organization"	"Cluster 18: Non-specific - Mixed function"	"Cluster 36: Non-specific - mRNA processing"	"Cluster 57: Platelets - Hemostasis"		"Intermediate filaments"		"HPA021656: AB_1856955"	"unprognostic (1.91e-1)"	"unprognostic (2.63e-2)"	"unprognostic (1.26e-2)"	"unprognostic (6.78e-2)"	"unprognostic (8.21e-3)"	"unprognostic (1.98e-1)"	"unprognostic (2.23e-3)"	"unprognostic (3.12e-2)"	"unprognostic (1.35e-1)"	"unprognostic (1.53e-1)"	"unprognostic (2.69e-2)"	"unprognostic (6.81e-2)"	"unprognostic (1.94e-2)"	"unprognostic (3.23e-3)"	"potential prognostic unfavorable (5.41e-4)"	"unprognostic (1.03e-2)"	"unprognostic (4.15e-2)"	"unprognostic (8.25e-2)"	"unprognostic (3.57e-1)"	"unprognostic (1.30e-1)"	"unprognostic (1.31e-2)"	"unprognostic (3.40e-3)"	"unprognostic (1.22e-1)"	"unprognostic (1.70e-1)"	"unprognostic (1.61e-1)"	"unprognostic (2.05e-1)"	"unprognostic (6.13e-2)"	"unprognostic (8.36e-2)"	"unprognostic (8.90e-2)"	"unprognostic (8.39e-3)"	"unprognostic (1.05e-1)"
SLC18A2	"SVAT, SVMT, VMAT2"	ENSG00000165646	"Solute carrier family 18 member A2"	Q05940	10	117241093-117279430	"Disease related genes, FDA approved drug targets, Metabolic proteins, Predicted membrane proteins, Transporters"	"Neurotransmitter transport, Transport"		"Disease variant, Dystonia, FDA approved drug targets, Parkinsonism"	"Evidence at protein level"	"Evidence at protein level"	"Evidence at protein level"	"Evidence at protein level"	"Tissue enhanced"	"Detected in many"		"brain: 37.8;cervix: 28.9"	"Group enriched"	"Detected in many"	18	"Glandular and luminal cells: 120.8;granulocytes: 464.4"	"Cell type enhanced"	"Detected in many"		"cerebellar inhibitory: 32.5"	"Cancer enhanced"	"Detected in many"		"Uterine Corpus Endometrial Carcinoma (TCGA): 8.2"	"Group enriched"	"Detected in many"	12	"hypothalamus: 47.5;midbrain: 173.0;pons: 150.4"	"Immune cell enriched"	"Detected in some"	15	"basophil: 59.5"	"Lineage enriched"	"Detected in many"	15	"granulocytes: 59.5"	"Group enriched"	"Detected in some"	5	"Leukemia: 9.7;Neuroblastoma: 7.0"	"Adipose subcutaneous - Mast cells, Adipose visceral - Mast cells, Adrenal gland - Adrenal medulla cells, Colon - Mast cells, Lung - Mast cells, Skin - Langerhans cells, Testis - Spermatogonia"	"Region enhanced"	"Detected in many"		"midbrain: 62.8"	"Region enriched"	"Detected in all"	4	"midbrain: 145.2"	HPA073224	Enhanced		Approved	Vesicles,Centrosome			NA	NA			"Cluster 41: Basophils - Unknown function"	"Cluster 34: Non-specific - Mixed function"	"Cluster 41: Monoamines - Neurotransmitter signalling"	"Cluster 49: HMC-1 - Innate immune response"	"Cluster 30: Granulocytes - Unknown function"	9	"Vesicles, Centrosome"		"HPA073224: AB_2732222"		"unprognostic (1.02e-2)"	"unprognostic (3.81e-1)"			"unprognostic (1.96e-2)"				"unprognostic (8.09e-2)"	"potential prognostic favorable (8.93e-7)"	"unprognostic (1.12e-2)"	"unprognostic (2.97e-2)"		"unprognostic (1.24e-2)"	"potential prognostic favorable (6.60e-5)"	"unprognostic (2.19e-1)"		"unprognostic (2.10e-1)"		"unprognostic (1.69e-1)"	"unprognostic (1.27e-2)"	"unprognostic (2.07e-1)"	"unprognostic (3.41e-1)"		"unprognostic (2.57e-3)"		"unprognostic (4.07e-2)"			"unprognostic (9.69e-2)"
SLC25A51	"CG7943, MCART1, MGC14836"	ENSG00000122696	"Solute carrier family 25 member 51"	Q9H1U9	9	37879400-37904353	"Predicted membrane proteins, Transporters"	Transport			"Evidence at protein level"	"Evidence at transcript level"	"Evidence at protein level"	"Evidence at protein level"	"Low tissue specificity"	"Detected in all"			"Cell type enhanced"	"Detected in many"		"Early spermatids: 38.9;Late spermatids: 70.8"	"Low cell type specificity"	"Detected in all"			"Low cancer specificity"	"Detected in all"			"Low region specificity"	"Detected in all"			"Immune cell enriched"	"Detected in many"	5	"basophil: 16.7"	"Lineage enriched"	"Detected in all"	5	"granulocytes: 16.7"	"Low cancer specificity"	"Detected in all"			"Adipose subcutaneous - Adipocytes (Subcutaneous), Adipose visceral - Adipocytes (Visceral), Breast - Adipocytes (Breast), Testis - Early spermatids"									"HPA046388, HPA058261"	Uncertain		Approved	Mitochondria			NA	NA			"Cluster 5: Non-specific - Cell proliferation"	"Cluster 4: Testis - Basic cellular processes"	"Cluster 14: Neurons - Synaptic function"	"Cluster 43: Non-specific - Basic cellular processes"	"Cluster 49: Non-specific - Transcription"	2	Mitochondria		"HPA046388: AB_2679649, HPA058261: AB_2683657"	"unprognostic (2.47e-2)"	"unprognostic (1.64e-1)"		"unprognostic (1.34e-1)"	"unprognostic (7.57e-2)"	"unprognostic (3.55e-2)"	"unprognostic (2.40e-1)"	"potential prognostic favorable (3.15e-4)"	"unprognostic (4.78e-2)"	"unprognostic (9.07e-2)"	"unprognostic (2.68e-3)"	"unprognostic (1.73e-3)"	"unprognostic (5.54e-2)"	"potential prognostic unfavorable (8.20e-6)"		"unprognostic (9.33e-2)"	"unprognostic (4.67e-3)"	"unprognostic (2.20e-1)"	"unprognostic (9.04e-2)"	"unprognostic (6.98e-2)"	"unprognostic (1.58e-1)"	"unprognostic (5.76e-2)"	"unprognostic (3.73e-3)"	"unprognostic (1.26e-1)"	"potential prognostic favorable (5.28e-4)"	"unprognostic (7.96e-2)"	"unprognostic (5.87e-2)"	"unprognostic (1.36e-1)"	"unprognostic (2.04e-1)"	"potential prognostic unfavorable (3.13e-4)"	"unprognostic (2.29e-1)"
SLC26A1	"EDM4, SAT-1"	ENSG00000145217	"Solute carrier family 26 member 1"	Q9H2B4	4	979073-993440	"Disease related genes, Human disease related genes, Metabolic proteins, Plasma proteins, Potential drug targets, Predicted membrane proteins, Transporters"	"Anion exchange, Antiport, Ion transport, Transport"	"Ion channel"	"Disease variant"	"Evidence at protein level"	"Evidence at transcript level"	"Evidence at protein level"	"Evidence at protein level"	"Tissue enhanced"	"Detected in many"		"liver: 16.4"	"Cell type enhanced"	"Detected in some"		"Astrocytes: 5.9;Excitatory neurons: 4.3;Extravillous trophoblasts: 3.8;Hepatocytes: 9.4;Inhibitory neurons: 4.2;Oligodendrocyte precursor cells: 5.2;Proximal enterocytes: 6.6;Proximal tubular cells: 6.3"	"Low cell type specificity"	"Detected in some"			"Low cancer specificity"	"Detected in many"			"Low region specificity"	"Detected in all"			"Immune cell enriched"	"Detected in single"	6	"basophil: 5.4"	"Lineage enriched"	"Detected in single"	6	"granulocytes: 5.4"	"Low cancer specificity"	"Detected in many"			"Kidney - Proximal tubular cells, Liver - Hepatocytes"	"Low region specificity"	"Detected in some"			"Low region specificity"	"Detected in all"			HPA041654	Uncertain		Approved	Microtubules			NA	NA				"Cluster 83: Liver - Metabolism"	"Cluster 37: Neurons - Mixed function"	"Cluster 18: Liver cancer - Metabolism"	"Cluster 22: Proximal enterocytes - Digestion"		Microtubules		"HPA041654: AB_10796350"	"unprognostic (8.98e-2)"	"unprognostic (2.69e-2)"	"unprognostic (3.25e-1)"	"unprognostic (2.60e-2)"	"unprognostic (3.08e-1)"	"unprognostic (2.96e-2)"	"unprognostic (2.15e-1)"			"unprognostic (4.12e-2)"	"potential prognostic favorable (6.92e-4)"	"unprognostic (1.03e-3)"	"unprognostic (1.34e-1)"	"unprognostic (7.74e-2)"	"unprognostic (1.13e-1)"	"unprognostic (1.25e-1)"	"unprognostic (1.61e-1)"	"unprognostic (3.57e-2)"		"unprognostic (2.02e-2)"	"unprognostic (1.95e-2)"	"potential prognostic favorable (8.16e-4)"		"unprognostic (4.63e-2)"	"unprognostic (1.58e-2)"	"unprognostic (1.45e-1)"	"unprognostic (3.55e-2)"	"unprognostic (2.96e-2)"	"unprognostic (1.90e-1)"	"unprognostic (7.15e-2)"	"unprognostic (3.81e-2)"
SLC27A2	"ACSVL1, FACVL1, FATP2, hFACVL1, HsT17226, VLACS, VLCS"	ENSG00000140284	"Solute carrier family 27 member 2"	O14975	15	50182196-50236385	"Enzymes, Metabolic proteins, Predicted membrane proteins, Transporters"	"Fatty acid metabolism, Lipid metabolism, Lipid transport, Transport"	Ligase		"Evidence at protein level"	"Evidence at protein level"	"Evidence at protein level"	"Evidence at protein level"	"Tissue enhanced"	"Detected in many"		"kidney: 152.0;liver: 279.4"	"Cell type enhanced"	"Detected in many"		"Ciliated cells: 54.7;Cytotrophoblasts: 259.6;Hepatocytes: 171.6;Proximal enterocytes: 78.3;Proximal tubular cells: 96.0;Syncytiotrophoblasts: 53.8"	"Low cell type specificity"	"Detected in many"			"Cancer enhanced"	"Detected in many"		"Liver Hepatocellular Carcinoma (TCGA): 80.5"	"Region enhanced"	"Detected in all"		"choroid plexus: 20.1"	"Immune cell enriched"	"Detected in some"	30	"basophil: 63.7"	"Lineage enriched"	"Detected in many"	30	"granulocytes: 63.7"	"Low cancer specificity"	"Detected in many"			"Adipose visceral - Adipocytes (Visceral), Adrenal gland - Adrenal cortex cells, Colon - Colon enterocytes, Kidney - Proximal tubular cells, Liver - Hepatocytes, Lung - Respiratory ciliated cells, Pituitary gland - Lactotropes, Prostate - Prostate glandular cells, Skin - Sebaceous gland cells, Testis - Spermatocytes"	"Low region specificity"	"Detected in all"			"Low region specificity"	"Detected in all"			HPA026089	Enhanced						NA	NA			"Cluster 41: Basophils - Unknown function"	"Cluster 1: Liver & Kidney - Metabolism"	"Cluster 23: Choroid plexus - Mixed function"	"Cluster 71: Lymphoma - Inflammatory response"	"Cluster 24: Cytotrophoblasts - Mitochondria"	26			"HPA026089: AB_1857060"	"unprognostic (1.66e-1)"	"unprognostic (3.12e-2)"	"unprognostic (1.67e-2)"	"unprognostic (1.75e-1)"	"unprognostic (3.68e-2)"	"unprognostic (3.76e-2)"			"unprognostic (2.04e-1)"	"unprognostic (4.43e-3)"	"validated prognostic favorable (9.05e-12)"	"validated prognostic favorable (7.62e-5)"	"unprognostic (9.95e-2)"	"unprognostic (3.58e-3)"	"potential prognostic favorable (2.35e-4)"	"unprognostic (1.88e-2)"	"unprognostic (4.57e-2)"	"unprognostic (1.34e-2)"	"unprognostic (1.38e-1)"	"unprognostic (1.46e-2)"	"unprognostic (2.24e-2)"	"unprognostic (4.32e-2)"	"unprognostic (2.24e-1)"	"unprognostic (1.81e-1)"	"unprognostic (1.33e-3)"	"unprognostic (1.41e-1)"		"unprognostic (1.80e-2)"	"unprognostic (2.68e-1)"	"unprognostic (1.01e-1)"	"unprognostic (4.70e-2)"
SLC2A10	"GLUT-10, GLUT10"	ENSG00000197496	"Solute carrier family 2 member 10"	O95528	20	46709649-46736347	"Disease related genes, Human disease related genes, Metabolic proteins, Potential drug targets, Predicted intracellular proteins, Predicted membrane proteins, Transporters"	"Sugar transport, Transport"		"Disease variant"	"Evidence at protein level"	"Evidence at protein level"	"Evidence at protein level"	"Evidence at protein level"	"Low tissue specificity"	"Detected in all"			"Cell type enhanced"	"Detected in many"		"Hepatocytes: 40.5;Intestinal goblet cells: 70.8;Prostatic glandular cells: 45.7"	"Cell type enhanced"	"Detected in many"		"choroid plexus epithelial cell: 31.8;fibroblast: 45.6"	"Low cancer specificity"	"Detected in all"			"Region enhanced"	"Detected in all"		"choroid plexus: 38.6"	"Immune cell enriched"	"Detected in single"	82	"basophil: 20.8"	"Lineage enriched"	"Detected in single"	82	"granulocytes: 20.8"	"Cancer enhanced"	"Detected in many"		"breast cancer: 30.6"	"Adipose subcutaneous - Adipose progenitor cells, Adipose visceral - Adipose progenitor cells, Adrenal gland - Fibroblasts, Kidney - Fibroblasts, Prostate - Prostate glandular cells, Spleen - Fibroblast_1, Thyroid gland - Thyroid glandular cells"	"Low region specificity"	"Detected in many"			"Low region specificity"	"Detected in all"			"HPA041015, HPA055673"	Approved		Supported	Cytosol			NA	NA				"Cluster 68: Non-specific - Protein processing"	"Cluster 36: Choroid plexus - Mixed function"	"Cluster 27: Breast cancer - Unknown function"	"Cluster 16: Intestinal goblet cells - Mucin production"		Cytosol		"HPA041015: AB_2677252, HPA055673: AB_2682879"	"unprognostic (1.87e-2)"	"unprognostic (1.45e-2)"	"unprognostic (1.64e-1)"	"unprognostic (6.53e-3)"	"unprognostic (5.99e-2)"	"unprognostic (2.05e-2)"	"unprognostic (3.76e-3)"	"potential prognostic unfavorable (5.56e-6)"	"unprognostic (6.50e-2)"	"unprognostic (2.52e-1)"	"unprognostic (4.87e-2)"	"unprognostic (2.01e-2)"	"unprognostic (5.07e-2)"	"unprognostic (3.01e-1)"	"unprognostic (4.26e-3)"	"unprognostic (1.19e-2)"	"unprognostic (2.90e-2)"	"unprognostic (6.65e-2)"	"unprognostic (6.78e-2)"	"unprognostic (2.01e-1)"	"unprognostic (2.68e-3)"	"unprognostic (9.44e-3)"	"unprognostic (2.62e-1)"	"unprognostic (4.79e-1)"	"unprognostic (5.05e-1)"	"unprognostic (7.61e-2)"	"unprognostic (2.40e-1)"	"unprognostic (5.41e-3)"	"unprognostic (8.65e-2)"	"unprognostic (3.29e-1)"	"unprognostic (2.31e-1)"
SMPDL3A	"ASM3A, ASML3a, FLJ20177, yR36GH4.1"	ENSG00000172594	"Sphingomyelin phosphodiesterase acid like 3A"	Q92484	6	122789049-122809720	"Predicted intracellular proteins, Predicted secreted proteins"		Hydrolase		"Evidence at protein level"	"Evidence at protein level"	"Evidence at protein level"	"Evidence at protein level"	"Low tissue specificity"	"Detected in all"			"Cell type enhanced"	"Detected in many"		"Cytotrophoblasts: 151.1;Distal enterocytes: 169.7;Proximal enterocytes: 334.3;Syncytiotrophoblasts: 112.8"	"Low cell type specificity"	"Detected in all"			"Cancer enhanced"	"Detected in all"		"Kidney Renal Clear Cell Carcinoma (TCGA): 93.9"	"Low region specificity"	"Detected in all"			"Immune cell enriched"	"Detected in many"	11	"basophil: 81.1"	"Lineage enriched"	"Detected in many"	11	"granulocytes: 81.1"	"Cancer enhanced"	"Detected in all"		"prostate cancer: 39.9"	"Kidney - Proximal tubular cells, Liver - Hepatocytes, Prostate - Fibroblasts, Skin - Keratinocyte (other), Spleen - Macrophages"	"Low region specificity"	"Detected in all"			"Low region specificity"	"Detected in all"			HPA030148	Uncertain		Approved	Nucleoplasm,Nucleoli,Mitochondria	"Secreted to blood"	Enzyme	No	No		16000000	"Cluster 32: Basophils - Transcription"	"Cluster 37: Liver & Intestine - Lipid metabolism"	"Cluster 50: Non-specific - Nucleic acid binding"	"Cluster 71: Lymphoma - Inflammatory response"	"Cluster 5: Enterocytes - Absorption"		"Nucleoplasm, Nucleoli, Mitochondria"		"HPA030148: AB_10601591"	"unprognostic (1.46e-1)"	"unprognostic (2.84e-2)"	"unprognostic (1.23e-1)"	"unprognostic (6.10e-2)"	"unprognostic (2.30e-2)"	"unprognostic (8.60e-2)"	"unprognostic (2.35e-1)"	"unprognostic (8.96e-3)"	"unprognostic (5.41e-2)"	"unprognostic (1.99e-2)"	"potential prognostic favorable (1.18e-5)"	"unprognostic (8.95e-3)"	"unprognostic (1.54e-1)"	"unprognostic (2.78e-1)"	"unprognostic (1.35e-3)"	"unprognostic (8.94e-2)"	"unprognostic (2.88e-3)"	"unprognostic (8.62e-2)"	"unprognostic (4.11e-2)"	"unprognostic (3.77e-1)"	"unprognostic (2.38e-1)"	"unprognostic (2.61e-1)"	"unprognostic (2.85e-1)"	"unprognostic (3.31e-1)"	"unprognostic (2.94e-2)"	"unprognostic (2.68e-1)"	"unprognostic (3.59e-1)"	"unprognostic (4.10e-2)"	"unprognostic (2.36e-1)"	"unprognostic (7.24e-3)"	"unprognostic (5.15e-2)"
SNCAIP	SYPH1	ENSG00000064692	"Synuclein alpha interacting protein"	Q9Y6H5	5	122311354-122464219	"Disease related genes, Predicted intracellular proteins"			"Neurodegeneration, Parkinson disease, Parkinsonism"	"Evidence at protein level"	"Evidence at protein level"	"Evidence at protein level"	"Evidence at protein level"	"Tissue enhanced"	"Detected in many"		"cervix: 16.5;endometrium 1: 18.9;ovary: 25.4"	"Cell type enhanced"	"Detected in many"		"Astrocytes: 80.2;Early spermatids: 82.3;Endometrial stromal cells: 55.4;Inhibitory neurons: 60.1;Lymphatic endothelial cells: 33.3;Mesothelial cells: 34.1;Oligodendrocyte precursor cells: 28.8"	"Cell type enhanced"	"Detected in all"		"ependymal cell: 493.6"	"Low cancer specificity"	"Detected in many"			"Low region specificity"	"Detected in all"			"Immune cell enriched"	"Detected in single"	44	"basophil: 7.6"	"Lineage enriched"	"Detected in single"	44	"granulocytes: 7.6"	"Low cancer specificity"	"Detected in many"			"Heart muscle - Fibroblasts, Spleen - Endothelial cells, Testis - Early spermatids, Testis - Late spermatids, Thyroid gland - Fibroblasts"	"Low region specificity"	"Detected in all"							HPA064687	Uncertain		Supported	"Nucleoplasm,Cytoplasmic bodies"			NA	NA			"Cluster 46: Basophils - Proteolysis"	"Cluster 62: Connective tissue - ECM organization"	"Cluster 15: Non-specific - Transcription"	"Cluster 10: Ciliated cells - Ion channel activity"	"Cluster 9: Endometrial stromal cells - Transcription"	15	"Cytoplasmic bodies"	Nucleoplasm	"HPA064687: AB_2685324"	"unprognostic (1.51e-1)"	"unprognostic (1.02e-1)"	"unprognostic (3.00e-2)"	"unprognostic (1.12e-1)"	"unprognostic (8.02e-2)"	"unprognostic (3.62e-3)"	"unprognostic (1.72e-2)"	"unprognostic (1.33e-2)"	"unprognostic (2.28e-1)"	"unprognostic (8.80e-3)"					"unprognostic (3.02e-3)"	"unprognostic (2.07e-2)"	"unprognostic (7.91e-2)"	"unprognostic (1.54e-1)"	"unprognostic (1.58e-1)"	"unprognostic (4.21e-1)"	"unprognostic (1.02e-1)"	"unprognostic (4.56e-2)"	"unprognostic (8.31e-3)"	"unprognostic (4.52e-1)"	"unprognostic (2.55e-1)"	"unprognostic (1.03e-1)"		"unprognostic (7.83e-3)"	"unprognostic (1.31e-2)"		"unprognostic (2.25e-1)"
SOCS2	"CIS2, Cish2, SOCS-2, SSI-2, SSI2, STATI2"	ENSG00000120833	"Suppressor of cytokine signaling 2"	O14508	12	93569814-93583487	"Predicted intracellular proteins"	"Growth regulation, Ubl conjugation pathway"	"Signal transduction inhibitor"		"Evidence at protein level"	"Evidence at protein level"	"Evidence at protein level"	"Evidence at protein level"	"Low tissue specificity"	"Detected in all"			"Cell type enhanced"	"Detected in many"		"Adipocytes: 200.2;Endometrial stromal cells: 96.4;Endothelial cells: 121.1;Peritubular cells: 101.6;Prostatic glandular cells: 129.3"	"Cell type enhanced"	"Detected in many"		"cerebellar inhibitory: 75.1"	"Cancer enhanced"	"Detected in all"		"Prostate Adenocarcinoma (TCGA): 92.8"	"Low region specificity"	"Detected in all"			"Immune cell enriched"	"Detected in many"	5	"basophil: 178.7"	"Lineage enriched"	"Detected in many"	5	"granulocytes: 178.7"	"Cancer enhanced"	"Detected in all"		"Leukemia: 96.0"	"Heart muscle - Endothelial cells, Kidney - Endothelial cells, Minor Salivary Gland - Endothelial cells, Skin - Endothelial cells"	"Low region specificity"	"Detected in all"			"Low region specificity"	"Detected in all"			CAB010356	Approved		Approved	"Endoplasmic reticulum"			NA	NA			"Cluster 42: Non-specific - Vesicular transport"	"Cluster 62: Connective tissue - ECM organization"	"Cluster 44: Non-specific - Mixed function"	"Cluster 6: Leukemia - Signal transduction"	"Cluster 41: Adipocytes & Endothelial cells - Mixed function"	69	"Endoplasmic reticulum"		"CAB010356: AB_2239660"	"unprognostic (1.38e-1)"	"unprognostic (9.30e-2)"	"unprognostic (2.20e-2)"	"unprognostic (2.06e-2)"	"unprognostic (2.97e-1)"	"unprognostic (5.07e-2)"	"unprognostic (1.74e-1)"	"unprognostic (2.27e-2)"	"unprognostic (7.42e-3)"	"unprognostic (2.69e-1)"	"validated prognostic favorable (2.85e-9)"	"validated prognostic favorable (7.93e-5)"	"unprognostic (4.21e-2)"	"validated prognostic favorable (9.13e-8)"	"validated prognostic favorable (1.74e-4)"	"unprognostic (2.68e-1)"	"unprognostic (1.39e-1)"	"unprognostic (2.35e-2)"	"unprognostic (1.94e-1)"	"unprognostic (2.09e-2)"	"unprognostic (2.61e-1)"	"potential prognostic favorable (1.72e-5)"	"unprognostic (1.16e-1)"	"unprognostic (3.82e-1)"	"unprognostic (1.87e-2)"	"unprognostic (1.77e-1)"	"unprognostic (1.52e-1)"	"unprognostic (1.29e-2)"	"unprognostic (3.09e-1)"	"unprognostic (4.60e-2)"	"unprognostic (1.53e-1)"
SORBS1	"CAP, FLJ12406, KIAA1296, ponsin, SH3D5, sh3p12"	ENSG00000095637	"Sorbin and SH3 domain containing 1"	Q9BX66	10	95311771-95561414	"Predicted intracellular proteins"	Transport			"Evidence at protein level"	"Evidence at protein level"	"Evidence at protein level"	"Evidence at protein level"	"Low tissue specificity"	"Detected in all"			"Cell type enhanced"	"Detected in many"		"Astrocytes: 758.9;Cardiomyocytes: 735.4;Excitatory neurons: 387.7;Inhibitory neurons: 283.2"	"Cell type enhanced"	"Detected in all"		"astrocyte: 2090.0"	"Low cancer specificity"	"Detected in all"			"Low region specificity"	"Detected in all"			"Immune cell enriched"	"Detected in some"	5	"basophil: 6.1"	"Lineage enriched"	"Detected in single"	10	"granulocytes: 6.1"	"Low cancer specificity"	"Detected in many"			"Adipose subcutaneous - Adipocytes (Subcutaneous), Adipose visceral - Adipocytes (Visceral), Adrenal gland - Smooth muscle cells, Breast - Adipocytes (Breast), Colon - Smooth muscle cells, Lung - Smooth muscle cells, Prostate - Smooth muscle cells, Thyroid gland - Smooth muscle cells"	"Low region specificity"	"Detected in all"			"Low region specificity"	"Detected in all"			"HPA027559, CAB032850, HPA043084"	Enhanced		Supported	"Plasma membrane,Focal adhesion sites,Centrosome"			NA	NA		19000000	"Cluster 41: Basophils - Unknown function"	"Cluster 41: Smooth muscle tissue - ECM organization"	"Cluster 40: Astrocytes - Astrocyte-neuron interactions"	"Cluster 32: Non-specific - Cell proliferation"	"Cluster 32: Smooth muscle cells - Muscle contraction"	21	"Focal adhesion sites"	"Plasma membrane, Centrosome"	"CAB032850: AB_2286335, HPA027559: AB_10600812, HPA043084: AB_2678307"	"unprognostic (7.27e-3)"	"unprognostic (4.37e-3)"	"unprognostic (1.04e-1)"	"unprognostic (4.30e-1)"	"unprognostic (2.54e-2)"	"unprognostic (2.09e-1)"	"unprognostic (1.58e-1)"	"unprognostic (2.84e-3)"	"unprognostic (1.94e-1)"	"unprognostic (2.63e-2)"	"potential prognostic favorable (4.07e-7)"	"unprognostic (4.03e-3)"	"unprognostic (3.51e-1)"	"unprognostic (3.63e-2)"	"unprognostic (2.66e-3)"	"unprognostic (5.56e-2)"	"unprognostic (2.79e-1)"	"unprognostic (6.91e-3)"	"unprognostic (4.73e-2)"	"unprognostic (4.72e-3)"	"potential prognostic unfavorable (4.91e-5)"	"unprognostic (1.26e-2)"	"unprognostic (2.73e-1)"	"unprognostic (1.34e-1)"	"unprognostic (8.76e-2)"	"unprognostic (2.83e-3)"	"unprognostic (5.87e-3)"	"unprognostic (2.71e-2)"	"unprognostic (1.84e-1)"	"unprognostic (1.30e-2)"	"unprognostic (1.70e-1)"
SPART	"KIAA0610, SPG20, TAHCCP1"	ENSG00000133104	Spartin	Q8N0X7	13	36301638-36370180	"Disease related genes, Human disease related genes, Predicted intracellular proteins"			"Disease variant, Hereditary spastic paraplegia, Neurodegeneration"	"Evidence at protein level"	"Evidence at protein level"	"Evidence at protein level"	"Evidence at protein level"	"Low tissue specificity"	"Detected in all"			"Cell type enhanced"	"Detected in many"		"Early spermatids: 335.1"	"Low cell type specificity"	"Detected in all"			"Low cancer specificity"	"Detected in all"			"Low region specificity"	"Detected in all"			"Immune cell enriched"	"Detected in all"	5	"basophil: 173.2"	"Lineage enriched"	"Detected in all"	7	"granulocytes: 173.2"	"Low cancer specificity"	"Detected in many"			"Spleen - Endothelial cells"	"Low region specificity"	"Detected in all"			"Low region specificity"	"Detected in all"			"HPA039053, HPA039054"	Approved		Supported	Cytosol			NA	NA			"Cluster 41: Basophils - Unknown function"	"Cluster 64: Neuronal - Transcription"	"Cluster 28: Oligodendrocytes - Mixed function"	"Cluster 71: Lymphoma - Inflammatory response"	"Cluster 18: Early spermatids - Unknown function"	25	Cytosol		"HPA039053: AB_10672769, HPA039054: AB_2676323"	"unprognostic (2.80e-1)"	"unprognostic (1.89e-1)"		"unprognostic (2.69e-1)"	"unprognostic (3.89e-2)"	"unprognostic (1.27e-2)"	"unprognostic (8.94e-3)"	"unprognostic (5.00e-1)"	"unprognostic (1.35e-1)"	"unprognostic (8.11e-2)"	"validated prognostic favorable (1.11e-8)"	"validated prognostic favorable (9.88e-4)"	"unprognostic (1.41e-1)"	"unprognostic (9.19e-3)"		"unprognostic (3.64e-1)"	"unprognostic (2.33e-2)"	"unprognostic (3.27e-1)"	"unprognostic (1.65e-1)"	"unprognostic (1.65e-1)"	"unprognostic (6.83e-3)"	"unprognostic (1.12e-1)"	"potential prognostic unfavorable (5.76e-4)"	"unprognostic (5.39e-2)"	"unprognostic (1.06e-1)"	"unprognostic (9.68e-2)"	"unprognostic (4.47e-2)"	"unprognostic (1.18e-1)"	"unprognostic (1.29e-1)"	"unprognostic (4.68e-2)"	"unprognostic (1.87e-1)"
SYTL3	"exophilin-6, SLP3"	ENSG00000164674	"Synaptotagmin like 3"	Q4VX76	6	158650014-158764876	"Predicted intracellular proteins"				"Evidence at protein level"	"Evidence at protein level"	"Evidence at protein level"	"Evidence at protein level"	"Tissue enhanced"	"Detected in many"		"choroid plexus: 48.4"	"Cell type enhanced"	"Detected in many"		"granulocytes: 236.8;NK-cells: 481.0;Oocytes: 317.6;T-cells: 262.1"	"Group enriched"	"Detected in all"	5	"central nervous system macrophage: 175.7;choroid plexus epithelial cell: 345.3;leukocyte: 503.2"	"Low cancer specificity"	"Detected in many"			"Region enriched"	"Detected in all"	5	"choroid plexus: 49.9"	"Immune cell enriched"	"Detected in many"	5	"basophil: 232.8"	"Lineage enriched"	"Detected in all"	5	"granulocytes: 232.8"	"Cancer enhanced"	"Detected in many"		"Kidney cancer: 23.1;lymphoma: 22.9"	"Adipose visceral - T-cells, Testis - Spermatogonia, Thyroid gland - Thyroid glandular cells"	"Not detected"	"Not detected"			"Low region specificity"	"Detected in single"			"HPA030584, HPA030585, HPA030586"	Approved		Approved	"Nucleoli fibrillar center,Vesicles"			NA	Yes			"Cluster 41: Basophils - Unknown function"	"Cluster 60: Choroid plexus - Transmembrane transport"	"Cluster 36: Choroid plexus - Mixed function"	"Cluster 59: Leukemia - T-cell receptor"	"Cluster 78: NK-cells & T-cells - Immune system & Transcription"	5	"Nucleoli fibrillar center, Vesicles"		"HPA030584: AB_10600196, HPA030585: AB_10601239, HPA030586: AB_10601226"	"unprognostic (1.13e-1)"	"unprognostic (1.76e-3)"	"unprognostic (3.15e-1)"	"unprognostic (1.02e-3)"	"unprognostic (6.82e-2)"	"unprognostic (1.61e-1)"	"unprognostic (3.53e-2)"	"unprognostic (4.36e-1)"	"unprognostic (7.41e-2)"	"unprognostic (3.97e-2)"	"unprognostic (9.28e-2)"	"unprognostic (3.18e-1)"	"unprognostic (5.11e-2)"		"unprognostic (3.19e-2)"	"unprognostic (1.99e-2)"	"unprognostic (3.15e-1)"	"unprognostic (6.15e-2)"	"unprognostic (1.32e-1)"	"unprognostic (1.96e-1)"	"unprognostic (2.64e-2)"	"unprognostic (9.54e-2)"	"unprognostic (2.03e-2)"	"unprognostic (7.96e-2)"	"unprognostic (1.08e-2)"	"unprognostic (1.75e-1)"	"unprognostic (7.73e-2)"	"unprognostic (2.38e-1)"	"unprognostic (1.63e-1)"	"unprognostic (4.22e-2)"	"unprognostic (1.42e-1)"
TACR1	"NK1R, NKIR, SPR, TAC1R"	ENSG00000115353	"Tachykinin receptor 1"	P25103	2	75046463-75199520	"FDA approved drug targets, G-protein coupled receptors, Predicted membrane proteins"		"G-protein coupled receptor, Receptor, Transducer"	"FDA approved drug targets"	"Evidence at protein level"	"Evidence at protein level"	"Evidence at protein level"	"Evidence at protein level"	"Tissue enhanced"	"Detected in many"		"adipose tissue: 6.0"	"Cell type enriched"	"Detected in some"	4	"Inhibitory neurons: 79.8"	"Cell type enhanced"	"Detected in all"		"eccentric medium spiny neuron: 156.4;LAMP5-LHX6 and Chandelier: 305.0;splatter: 155.2"	"Low cancer specificity"	"Detected in some"			"Low region specificity"	"Detected in all"			"Immune cell enriched"	"Detected in single"	23	"basophil: 2.2"	"Lineage enriched"	"Detected in single"	23	"granulocytes: 2.2"	"Group enriched"	"Detected in some"	4	"Brain cancer: 2.9;ovarian cancer: 1.2"	"Kidney - Endothelial cells, Minor Salivary Gland - Endothelial cells, Prostate - Endothelial cells, Skin - Endothelial cells"	"Low region specificity"	"Detected in many"			"Low region specificity"	"Detected in many"			"HPA055565, HPA074573"	Enhanced		Approved	"Plasma membrane,Centrosome,Basal body"			NA	NA				"Cluster 62: Connective tissue - ECM organization"	"Cluster 41: Monoamines - Neurotransmitter signalling"	"Cluster 72: Neuronal - Signal transduction"	"Cluster 65: Neurons - Synaptic function"	14	"Plasma membrane, Centrosome, Basal body"		"HPA055565: , HPA074573: AB_2686701"		"potential prognostic favorable (7.18e-4)"	"unprognostic (4.16e-2)"				"unprognostic (7.10e-2)"	"potential prognostic favorable (1.96e-4)"											"unprognostic (4.07e-1)"	"unprognostic (1.18e-1)"	"unprognostic (1.84e-3)"										
TCN1	"TC1, TCI"	ENSG00000134827	"Transcobalamin 1"	P20061	11	59852800-59866489	"Plasma proteins, Predicted secreted proteins"	"Cobalt transport, Ion transport, Transport"			"Evidence at protein level"	"Evidence at transcript level"	"Evidence at protein level"	"Evidence at protein level"	"Tissue enhanced"	"Detected in many"		"bone marrow: 188.9;gallbladder: 167.7;salivary gland: 753.6"	"Cell type enhanced"	"Detected in some"		"Cholangiocytes: 78.2;Club cells: 74.5;Exocrine glandular cells: 190.8;Glandular and luminal cells: 107.6;Mucus glandular cells: 366.5;Serous glandular cells: 239.1"	"Not detected"	"Not detected"			"Cancer enriched"	"Detected in many"	5	"Pancreatic Adenocarcinoma (TCGA): 193.4"	"Not detected"	"Not detected"			"Immune cell enriched"	"Detected in some"	149	"basophil: 2379.0"	"Lineage enriched"	"Detected in many"	1591	"granulocytes: 2379.0"	"Cancer enhanced"	"Detected in many"		"Bile duct cancer: 62.4;breast cancer: 36.3;ovarian cancer: 40.4"	"Lung - Neutrophil_1, Minor Salivary Gland - Minor salivary glandular cells, Pancreas - Ductal cells, Prostate - Urothelial cells, Spleen - Hematopoietic stem cells"					"Not detected"	"Not detected"								"Secreted to blood"	Transport	NA	NA		3400000	"Cluster 46: Basophils - Proteolysis"	"Cluster 38: Salivary gland - Salivary secretion"		"Cluster 66: Non-specific - Mitochondria"	"Cluster 75: Serous glandular cells - Salivary secretion"	4				"unprognostic (2.39e-2)"	"unprognostic (1.37e-3)"	"unprognostic (1.21e-1)"	"unprognostic (1.69e-1)"	"unprognostic (3.44e-2)"	"unprognostic (1.33e-1)"		"unprognostic (2.31e-1)"	"unprognostic (5.00e-3)"		"potential prognostic unfavorable (2.23e-7)"	"unprognostic (1.43e-2)"	"potential prognostic unfavorable (1.21e-5)"		"unprognostic (3.04e-2)"	"potential prognostic unfavorable (1.17e-4)"	"unprognostic (2.47e-3)"	"unprognostic (1.55e-1)"	"unprognostic (1.41e-1)"			"unprognostic (5.16e-3)"	"unprognostic (4.36e-1)"	"unprognostic (2.47e-1)"	"unprognostic (1.55e-1)"	"unprognostic (3.93e-3)"	"unprognostic (3.59e-2)"	"unprognostic (2.47e-1)"		"unprognostic (3.07e-1)"	"unprognostic (1.23e-2)"
TFDP1	"DILC, Dp-1, DP1, DRTF1"	ENSG00000198176	"Transcription factor Dp-1"	Q14186	13	113584721-113641473	"Cancer-related genes, Predicted intracellular proteins, Transcription factors"	"Cell cycle, Transcription, Transcription regulation"	"Activator, DNA-binding"	"Cancer-related genes"	"Evidence at protein level"	"Evidence at protein level"	"Evidence at protein level"	"Evidence at protein level"	"Tissue enhanced"	"Detected in all"		"bone marrow: 161.8"	"Cell type enhanced"	"Detected in all"		"Erythroid cells: 299.1"	"Low cell type specificity"	"Detected in all"			"Low cancer specificity"	"Detected in all"			"Low region specificity"	"Detected in all"			"Immune cell enriched"	"Detected in all"	5	"basophil: 32.0"	"Lineage enriched"	"Detected in all"	5	"granulocytes: 32.0"	"Low cancer specificity"	"Detected in all"			"Skin - Mitotic cells (Skin), Testis - Spermatocytes, Thyroid gland - Thyroid glandular cells"	"Low region specificity"	"Detected in all"			"Low region specificity"	"Detected in all"			"CAB033605, HPA044754, HPA068909, HPA077304"	Enhanced		Approved	"Nucleoplasm,Nuclear membrane,Cytosol"			NA	NA			"Cluster 5: Non-specific - Cell proliferation"	"Cluster 77: Bone marrow - Cell proliferation"	"Cluster 44: Non-specific - Mixed function"	"Cluster 19: Non-specific - Unknown function"	"Cluster 1: Erythroid cells - Oxygen transport"	69	Nucleoplasm	"Nuclear membrane, Cytosol"	"CAB033605: AB_783105, HPA044754: AB_2679074, HPA068909: AB_2686056, HPA077304: "	"unprognostic (3.83e-1)"	"unprognostic (9.66e-2)"	"unprognostic (1.29e-1)"	"unprognostic (4.62e-2)"	"unprognostic (2.41e-1)"	"unprognostic (1.41e-1)"	"unprognostic (1.53e-2)"	"unprognostic (3.04e-3)"	"unprognostic (1.54e-1)"	"unprognostic (8.50e-3)"	"potential prognostic favorable (2.22e-6)"	"unprognostic (6.45e-2)"	"unprognostic (1.51e-1)"	"validated prognostic unfavorable (3.42e-4)"	"validated prognostic unfavorable (1.14e-4)"	"validated prognostic unfavorable (2.71e-4)"	"validated prognostic unfavorable (2.69e-5)"	"unprognostic (2.39e-2)"	"unprognostic (1.56e-1)"	"unprognostic (3.38e-2)"	"unprognostic (1.45e-1)"	"unprognostic (3.93e-2)"	"unprognostic (1.24e-1)"	"unprognostic (2.70e-2)"	"unprognostic (1.41e-1)"	"unprognostic (8.25e-2)"	"unprognostic (8.10e-2)"	"unprognostic (1.14e-2)"	"unprognostic (2.25e-1)"	"unprognostic (2.31e-1)"	"unprognostic (1.67e-1)"
TGFB1I1	"ARA55, Hic-5, TSC-5"	ENSG00000140682	"Transforming growth factor beta 1 induced transcript 1"	O43294	16	31471585-31477960	"Predicted intracellular proteins"	"Differentiation, Wnt signaling pathway"	Activator		"Evidence at protein level"	"Evidence at protein level"	"Evidence at protein level"	"Evidence at protein level"	"Tissue enhanced"	"Detected in many"		"endometrium 1: 256.7;intestine: 255.5"	"Cell type enhanced"	"Detected in many"		"Breast myoepithelial cells: 96.7;Leydig cells: 91.1;Ovarian stromal cells: 120.3;Peritubular cells: 179.2;Sertoli cells: 100.6;Smooth muscle cells: 206.3"	"Group enriched"	"Detected in some"	5	"pericyte: 69.6;vascular associated smooth muscle cell: 100.7"	"Low cancer specificity"	"Detected in all"			"Low region specificity"	"Detected in all"			"Immune cell enriched"	"Detected in some"	6	"basophil: 9.5"	"Lineage enriched"	"Detected in many"	6	"granulocytes: 9.5"	"Low cancer specificity"	"Detected in many"			"Adipose subcutaneous - Smooth muscle cells, Breast - Smooth muscle cells, Colon - Smooth muscle cells, Lung - Smooth muscle cells, Prostate - Smooth muscle cells, Spleen - Fibroblast_1"	"Low region specificity"	"Detected in all"			"Low region specificity"	"Detected in all"			"CAB020844, HPA072360"	Enhanced		Supported	"Vesicles,Focal adhesion sites,Cytosol"			NA	NA		330000	"Cluster 9: T-regs - Cell cycle regulation"	"Cluster 41: Smooth muscle tissue - ECM organization"	"Cluster 47: Endothelial cells - Vasculature"	"Cluster 72: Neuronal - Signal transduction"	"Cluster 32: Smooth muscle cells - Muscle contraction"	17	"Focal adhesion sites"	"Vesicles, Cytosol"	"CAB020844: , HPA072360: "	"unprognostic (3.90e-1)"	"unprognostic (6.92e-2)"	"unprognostic (8.06e-2)"	"unprognostic (2.15e-2)"	"unprognostic (3.52e-2)"	"unprognostic (2.20e-2)"	"unprognostic (1.30e-1)"	"unprognostic (4.98e-2)"	"unprognostic (1.51e-1)"	"unprognostic (7.73e-2)"	"unprognostic (2.09e-2)"	"unprognostic (2.25e-2)"	"potential prognostic unfavorable (9.32e-4)"	"unprognostic (2.23e-1)"	"unprognostic (3.46e-2)"	"unprognostic (1.67e-2)"	"unprognostic (7.28e-3)"	"unprognostic (2.82e-2)"	"unprognostic (1.14e-1)"	"potential prognostic unfavorable (4.86e-4)"	"unprognostic (1.66e-1)"	"unprognostic (1.34e-1)"	"unprognostic (4.55e-2)"	"unprognostic (6.69e-2)"	"unprognostic (2.96e-2)"	"unprognostic (2.51e-2)"	"unprognostic (9.97e-2)"	"unprognostic (4.27e-3)"	"unprognostic (2.52e-1)"	"unprognostic (2.04e-1)"	"unprognostic (6.42e-2)"
THSD7A	KIAA0960	ENSG00000005108	"Thrombospondin type 1 domain containing 7A"	Q9UPZ6	7	11370365-11832198	"Disease related genes, Predicted membrane proteins, Predicted secreted proteins"	"Angiogenesis, Differentiation"			"Evidence at protein level"	"Evidence at protein level"	"Evidence at protein level"	"Evidence at protein level"	"Tissue enhanced"	"Detected in many"		"kidney: 7.3"	"Cell type enhanced"	"Detected in many"		"Astrocytes: 142.7;Bipolar cells: 160.4;Horizontal cells: 97.6;Inhibitory neurons: 470.6;Microglial cells: 101.1;Oligodendrocyte precursor cells: 246.2"	"Cell type enhanced"	"Detected in all"		"LAMP5-LHX6 and Chandelier: 1126.7"	"Cancer enriched"	"Detected in many"	6	"Kidney Chromophobe (TCGA): 22.7"	"Low region specificity"	"Detected in all"			"Immune cell enriched"	"Detected in single"	53	"basophil: 5.3"	"Lineage enriched"	"Detected in single"	53	"granulocytes: 5.3"	"Cancer enriched"	"Detected in many"	6	"Neuroblastoma: 11.5"	"Adipose subcutaneous - Endothelial cells, Adipose visceral - Endothelial cells, Breast - Endothelial cells, Minor Salivary Gland - Endothelial cells, Pituitary gland - Lactotropes, Prostate - Fibroblasts, Skeletal muscle - Endothelial cells, Skin - Endothelial cells, Spleen - Endothelial cells"	"Low region specificity"	"Detected in all"			"Low region specificity"	"Detected in all"			HPA000923	Supported				"Secreted to blood"	"Developmental protein"	NA	NA		22000000	"Cluster 46: Basophils - Proteolysis"	"Cluster 51: Thyroid gland - Unknown function"	"Cluster 19: Astrocytes - Mixed function"	"Cluster 17: Neuroblastoma - Neuronal signaling"	"Cluster 69: Neurons - Neuronal signaling"	13			"HPA000923: AB_1080271"			"unprognostic (4.33e-2)"			"unprognostic (4.49e-2)"	"unprognostic (5.01e-1)"	"unprognostic (1.82e-1)"		"unprognostic (4.64e-2)"	"validated prognostic favorable (9.03e-6)"	"validated prognostic favorable (2.30e-4)"	"unprognostic (6.43e-2)"		"unprognostic (3.13e-2)"	"unprognostic (1.04e-1)"	"unprognostic (5.05e-2)"		"unprognostic (1.67e-1)"			"unprognostic (1.75e-1)"	"potential prognostic unfavorable (7.07e-4)"	"unprognostic (7.76e-2)"		"unprognostic (8.25e-2)"				"unprognostic (1.78e-2)"	"unprognostic (1.16e-1)"
TIGD2		ENSG00000180346	"Tigger transposable element derived 2"	Q4W5G0	4	89111533-89114901	"Predicted intracellular proteins"		DNA-binding		"Evidence at protein level"	"Evidence at protein level"	"No human protein/transcript evidence"	"Evidence at protein level"	"Tissue enhanced"	"Detected in many"		"liver: 21.5"	"Cell type enhanced"	"Detected in many"		"Cytotrophoblasts: 15.4;Hepatocytes: 20.7;Syncytiotrophoblasts: 39.6"	"Low cell type specificity"	"Detected in all"			"Low cancer specificity"	"Detected in all"			"Low region specificity"	"Detected in all"			"Immune cell enriched"	"Detected in many"	5	"basophil: 11.7"	"Lineage enriched"	"Detected in all"	5	"granulocytes: 11.7"	"Low cancer specificity"	"Detected in all"			"Adrenal gland - Adrenal cortex cells, Minor Salivary Gland - Minor salivary glandular cells, Prostate - Prostate basal glandular cells"	"Low region specificity"	"Detected in all"			"Low region specificity"	"Detected in all"			"HPA054844, HPA071168"	Uncertain		Approved	"Nuclear bodies"			NA	NA			"Cluster 32: Basophils - Transcription"	"Cluster 83: Liver - Metabolism"	"Cluster 25: Non-specific - Transcription"	"Cluster 53: Squamous epithelial cells - Keratinization"	"Cluster 27: Syncytiotrophoblasts - Pregnancy"		"Nuclear bodies"		"HPA054844: AB_2682623, HPA071168: AB_2686353"	"unprognostic (8.75e-2)"	"unprognostic (1.63e-1)"	"unprognostic (2.31e-1)"	"unprognostic (2.57e-1)"	"unprognostic (5.70e-3)"	"unprognostic (5.74e-3)"	"unprognostic (2.95e-1)"	"unprognostic (2.95e-2)"	"unprognostic (6.22e-2)"	"unprognostic (3.15e-3)"	"potential prognostic favorable (3.13e-5)"	"unprognostic (1.44e-2)"	"unprognostic (6.49e-3)"	"unprognostic (3.04e-1)"	"unprognostic (5.03e-3)"	"unprognostic (1.28e-1)"	"unprognostic (1.05e-1)"	"unprognostic (2.28e-2)"	"unprognostic (2.20e-3)"	"unprognostic (2.17e-2)"	"unprognostic (5.26e-2)"	"unprognostic (1.17e-2)"	"unprognostic (1.92e-1)"	"unprognostic (6.25e-2)"	"potential prognostic favorable (4.47e-4)"	"unprognostic (2.25e-1)"	"unprognostic (8.84e-2)"	"unprognostic (4.25e-1)"	"unprognostic (2.59e-1)"	"unprognostic (2.36e-1)"	"unprognostic (6.47e-3)"
TIMM22	"TEX4, TIM22"	ENSG00000177370	"Translocase of inner mitochondrial membrane 22"	Q9Y584	17	997129-1003671	"Disease related genes, Human disease related genes, Predicted membrane proteins"	"Protein transport, Translocation, Transport"		"Disease variant, Primary mitochondrial disease"	"Evidence at protein level"	"Evidence at transcript level"	"Evidence at protein level"	"Evidence at protein level"	"Low tissue specificity"	"Detected in all"			"Low cell type specificity"	"Detected in all"			"Low cell type specificity"	"Detected in all"			"Low cancer specificity"	"Detected in all"			"Low region specificity"	"Detected in many"			"Immune cell enriched"	"Detected in single"	40	"basophil: 4.0"	"Lineage enriched"	"Detected in single"	40	"granulocytes: 4.0"	"Cancer enhanced"	"Detected in many"		"testis cancer: 11.3"	"Testis - Spermatocytes, Thyroid gland - Thyroid glandular cells"	"Low region specificity"	"Detected in all"			"Low region specificity"	"Detected in all"			HPA045138	Uncertain						NA	NA			"Cluster 46: Basophils - Proteolysis"	"Cluster 12: Heart muscle - Cardiac muscle contraction"	"Cluster 5: Non-specific - Mixed function"	"Cluster 44: Connective tissue cells - ECM organization"	"Cluster 50: Connective tissue cells - ECM organization"	4			"HPA045138: AB_10962055"	"unprognostic (3.82e-2)"	"unprognostic (1.68e-1)"	"unprognostic (1.07e-1)"	"unprognostic (2.86e-1)"	"unprognostic (1.24e-1)"	"unprognostic (1.11e-1)"	"unprognostic (9.09e-3)"	"unprognostic (2.53e-2)"	"unprognostic (1.17e-2)"	"unprognostic (1.43e-1)"	"unprognostic (3.37e-3)"	"unprognostic (4.37e-3)"	"unprognostic (2.65e-3)"	"unprognostic (1.38e-3)"	"unprognostic (6.66e-2)"	"unprognostic (1.39e-1)"	"unprognostic (3.06e-1)"	"unprognostic (5.06e-2)"	"unprognostic (1.10e-1)"	"unprognostic (1.98e-1)"	"unprognostic (4.24e-2)"	"unprognostic (4.75e-3)"	"unprognostic (6.69e-2)"	"unprognostic (2.49e-1)"	"unprognostic (3.23e-1)"	"unprognostic (3.30e-1)"	"unprognostic (6.17e-2)"	"unprognostic (1.90e-1)"	"unprognostic (1.47e-1)"	"unprognostic (2.11e-1)"	"unprognostic (6.08e-2)"
TLDC2	"C20orf118, dJ132F21.2"	ENSG00000101342	"TBC/LysM-associated domain containing 2"	A0PJX2	20	36876121-36894235	"Predicted intracellular proteins"				"Evidence at protein level"	"Evidence at protein level"	"Evidence at transcript level"	"Evidence at protein level"	"Tissue enhanced"	"Detected in many"		"intestine: 18.0"	"Cell type enhanced"	"Detected in some"		"Distal enterocytes: 13.5;Enteroendocrine cells: 9.9;granulocytes: 9.3;Paneth cells: 16.6;Proximal enterocytes: 19.9;Undifferentiated cells: 5.3"	"Cell type enhanced"	"Detected in some"		"central nervous system macrophage: 5.3;leukocyte: 3.6"	"Cancer enhanced"	"Detected in many"		"Colon Adenocarcinoma (TCGA): 17.9;Rectum Adenocarcinoma (TCGA): 19.8"	"Low region specificity"	"Detected in all"			"Immune cell enriched"	"Detected in single"	6	"basophil: 4.7"	"Lineage enriched"	"Detected in single"	6	"granulocytes: 4.7"	"Cancer enhanced"	"Detected in many"		"colorectal cancer: 9.9"		"Region enriched"	"Detected in many"	4	"cerebellum: 5.7"	"Low region specificity"	"Detected in all"			HPA047468	Enhanced						NA	NA			"Cluster 33: Non-specific - ATP binding"	"Cluster 45: Intestine - Digestion"	"Cluster 20: Macrophages & Microglia - Immune response"	"Cluster 57: Stomach & Colon cancer - Digestion"	"Cluster 5: Enterocytes - Absorption"	7			"HPA047468: AB_2680059"				"potential prognostic favorable (8.64e-5)"	"unprognostic (2.01e-1)"	"unprognostic (3.05e-1)"	"unprognostic (2.78e-1)"		"unprognostic (4.24e-2)"		"potential prognostic unfavorable (6.21e-4)"	"unprognostic (1.83e-3)"	"unprognostic (1.19e-2)"	"potential prognostic unfavorable (5.88e-4)"		"unprognostic (5.25e-2)"	"unprognostic (3.76e-1)"	"unprognostic (1.06e-1)"	"unprognostic (2.12e-2)"	"unprognostic (2.21e-3)"	"unprognostic (1.51e-1)"	"unprognostic (2.96e-1)"	"unprognostic (8.96e-2)"	"unprognostic (3.98e-1)"	"unprognostic (3.69e-2)"	"unprognostic (8.74e-2)"		"unprognostic (4.16e-2)"	"unprognostic (3.58e-2)"	"unprognostic (1.48e-1)"	"unprognostic (1.63e-1)"
TMEM106A	MGC20235	ENSG00000184988	"Transmembrane protein 106A"	Q96A25	17	43211835-43220041	"Predicted membrane proteins, Transporters"	"Immunity, Innate immunity"			"Evidence at protein level"	"Evidence at transcript level"	"Evidence at protein level"	"Evidence at protein level"	"Tissue enhanced"	"Detected in many"		"kidney: 21.1"	"Cell type enhanced"	"Detected in many"		"dendritic cells: 33.5;Hofbauer cells: 42.2;Kupffer cells: 38.2;Langerhans cells: 44.6;Macrophages: 29.6"	"Cell type enriched"	"Detected in all"	5	"central nervous system macrophage: 87.3"	"Low cancer specificity"	"Detected in all"			"Low region specificity"	"Detected in all"			"Immune cell enriched"	"Detected in many"	4	"basophil: 26.7"	"Lineage enriched"	"Detected in all"	4	"granulocytes: 26.7"	"Low cancer specificity"	"Detected in many"			"Adipose subcutaneous - Macrophages, Adrenal gland - Macrophages, Kidney - Proximal tubular cells, Kidney - Proximal tubular cells, Spleen - Macrophages, Testis - Early spermatids"	"Low region specificity"	"Detected in many"			"Low region specificity"	"Detected in all"										NA	NA			"Cluster 41: Basophils - Unknown function"	"Cluster 51: Thyroid gland - Unknown function"	"Cluster 20: Macrophages & Microglia - Immune response"	"Cluster 64: Connective tissue cells - ECM organization"	"Cluster 58: Macrophages - Innate immune response"	117				"unprognostic (4.57e-2)"	"unprognostic (2.20e-2)"	"unprognostic (1.75e-1)"	"unprognostic (5.11e-2)"	"unprognostic (2.08e-3)"	"unprognostic (1.49e-1)"	"unprognostic (1.81e-2)"	"unprognostic (7.98e-2)"	"unprognostic (1.77e-2)"	"unprognostic (4.21e-2)"	"potential prognostic favorable (3.59e-4)"	"unprognostic (1.86e-3)"	"unprognostic (1.73e-2)"	"unprognostic (4.91e-2)"	"unprognostic (2.48e-1)"	"unprognostic (8.13e-2)"	"unprognostic (1.88e-3)"	"unprognostic (2.60e-2)"	"unprognostic (1.60e-2)"	"unprognostic (1.52e-1)"	"unprognostic (9.10e-2)"	"unprognostic (3.08e-2)"	"potential prognostic unfavorable (2.57e-4)"	"unprognostic (1.17e-2)"	"unprognostic (1.48e-3)"	"unprognostic (2.80e-1)"	"unprognostic (5.00e-2)"	"unprognostic (1.50e-1)"	"unprognostic (6.38e-2)"	"unprognostic (3.66e-2)"	"unprognostic (2.64e-1)"
TMEM255B	"FAM70B, MGC20579"	ENSG00000184497	"Transmembrane protein 255B"	Q8WV15	13	113759226-113816995	"Predicted membrane proteins, Transporters"				"Evidence at protein level"	"Evidence at protein level"	"Evidence at protein level"	"Evidence at protein level"	"Low tissue specificity"	"Detected in many"			"Cell type enhanced"	"Detected in many"		"Adipocytes: 60.1;Endothelial cells: 84.0;granulocytes: 33.8;Lymphatic endothelial cells: 105.4"	"Cell type enhanced"	"Detected in many"		"central nervous system macrophage: 32.0;endothelial cell: 16.2"	"Low cancer specificity"	"Detected in all"			"Low region specificity"	"Detected in all"			"Immune cell enriched"	"Detected in many"	6	"basophil: 31.2"	"Lineage enriched"	"Detected in many"	6	"granulocytes: 31.2"	"Low cancer specificity"	"Detected in many"			"Adrenal gland - Endothelial cells, Breast - Endothelial cells, Colon - Endothelial cells, Kidney - Endothelial cells, Liver - Vascular Endothelial cells, Minor Salivary Gland - Endothelial cells, Pancreas - Endothelial cells, Pituitary gland - Endothelial cells, Prostate - Endothelial cells, Skeletal muscle - Endothelial cells, Skin - Endothelial cells"	"Low region specificity"	"Detected in many"			"Low region specificity"	"Detected in some"			HPA043334	Approved		Approved	Nucleoplasm			NA	NA			"Cluster 40: Monocytes - Innate immune response"	"Cluster 7: Adipose tissue - Mixed function"	"Cluster 8: Immune cells - Immune response"	"Cluster 10: Ciliated cells - Ion channel activity"	"Cluster 54: Lymphatic endothelial cells - Lymph vessel development"	7	Nucleoplasm		"HPA043334: AB_10795982"	"unprognostic (7.04e-2)"	"unprognostic (1.95e-1)"		"unprognostic (7.95e-2)"	"unprognostic (2.32e-1)"	"unprognostic (2.12e-1)"	"unprognostic (2.97e-2)"	"unprognostic (1.26e-1)"	"unprognostic (2.05e-1)"	"unprognostic (8.95e-2)"	"unprognostic (3.95e-3)"	"unprognostic (1.45e-3)"	"unprognostic (3.49e-2)"	"unprognostic (1.42e-1)"		"unprognostic (2.25e-1)"	"unprognostic (2.29e-1)"	"unprognostic (3.17e-3)"	"unprognostic (2.45e-2)"	"unprognostic (1.29e-2)"	"unprognostic (3.65e-1)"	"unprognostic (9.25e-2)"	"unprognostic (1.16e-2)"	"unprognostic (1.30e-1)"	"unprognostic (1.07e-1)"	"unprognostic (3.40e-2)"	"unprognostic (2.29e-1)"	"unprognostic (8.20e-3)"	"unprognostic (1.38e-1)"	"unprognostic (3.42e-1)"	"unprognostic (5.01e-2)"
TMPRSS4	"CAP2, MT-SP2, TMPRSS3"	ENSG00000137648	"Transmembrane serine protease 4"	Q9NRS4	11	118077012-118121890	"Enzymes, Plasma proteins, Predicted intracellular proteins, Predicted membrane proteins, Predicted secreted proteins"	"Host-virus interaction"	"Hydrolase, Protease, Serine protease"		"Evidence at protein level"	"Evidence at transcript level"	"Evidence at protein level"	"Evidence at protein level"	"Tissue enhanced"	"Detected in many"		"esophagus: 105.7;intestine: 42.1;urinary bladder: 71.8"	"Cell type enhanced"	"Detected in many"		"Basal respiratory cells: 99.4;Basal squamous epithelial cells: 61.8;Club cells: 111.2;Distal enterocytes: 143.5;Glandular and luminal cells: 64.6;Ionocytes: 135.5;Squamous epithelial cells: 126.4"	"Cell type enriched"	"Detected in single"	6	"central nervous system macrophage: 6.5"	"Low cancer specificity"	"Detected in many"			"Low region specificity"	"Detected in all"			"Immune cell enriched"	"Detected in single"	7	"basophil: 2.0"	"Lineage enriched"	"Detected in single"	9	"granulocytes: 2.0"	"Cancer enhanced"	"Detected in many"		"Gallbladder cancer: 70.1"	"Colon - Colon enterocytes, Lung - Respiratory ciliated cells, Minor Salivary Gland - Minor salivary gland basal cells, Prostate - Urothelial cells, Stomach - Gastric mucous cells, Testis - Late spermatids"	"Not detected"	"Not detected"			"Low region specificity"	"Detected in all"			HPA006238	Uncertain				"Secreted in other tissues"	Enzyme	NA	NA		9700000		"Cluster 75: Epithelium - Extracellular exosomes"	"Cluster 10: Cerebellum - Nucleic acid binding"	"Cluster 53: Squamous epithelial cells - Keratinization"	"Cluster 35: Respiratory epithelial cells - Unknown function"	69			"HPA006238: AB_1080316"	"unprognostic (8.54e-3)"	"unprognostic (1.19e-1)"	"unprognostic (8.73e-2)"	"potential prognostic favorable (7.26e-4)"	"unprognostic (1.88e-1)"	"unprognostic (2.92e-1)"			"unprognostic (2.96e-2)"	"unprognostic (9.21e-3)"			"unprognostic (9.02e-2)"		"unprognostic (2.69e-1)"	"unprognostic (2.07e-3)"	"unprognostic (1.36e-1)"	"unprognostic (4.85e-3)"	"unprognostic (6.52e-2)"	"unprognostic (2.13e-1)"	"unprognostic (4.11e-2)"	"potential prognostic unfavorable (1.37e-4)"	"unprognostic (1.49e-3)"	"unprognostic (9.41e-2)"	"unprognostic (4.79e-1)"	"unprognostic (2.17e-1)"	"unprognostic (1.14e-1)"	"unprognostic (2.33e-1)"	"unprognostic (2.84e-1)"	"unprognostic (6.98e-3)"	"unprognostic (2.77e-1)"
TNRC6C	"FLJ20015, KIAA1582"	ENSG00000078687	"Trinucleotide repeat containing adaptor 6C"	Q9HCJ0	17	77958703-78108822	"Predicted intracellular proteins"	"RNA-mediated gene silencing, Translation regulation"	RNA-binding		"Evidence at protein level"	"Evidence at transcript level"	"Evidence at protein level"	"Evidence at protein level"	"Tissue enhanced"	"Detected in many"		"retina: 23.8"	"Cell type enhanced"	"Detected in many"		"Cone photoreceptor cells: 141.0;Excitatory neurons: 121.6;Oligodendrocyte precursor cells: 164.6;Oligodendrocytes: 134.8;Rod photoreceptor cells: 142.3"	"Low cell type specificity"	"Detected in all"			"Low cancer specificity"	"Detected in all"			"Low region specificity"	"Detected in all"			"Immune cell enriched"	"Detected in many"	5	"basophil: 13.1"	"Lineage enriched"	"Detected in many"	5	"granulocytes: 13.1"	"Low cancer specificity"	"Detected in all"				"Low region specificity"	"Detected in all"			"Low region specificity"	"Detected in all"			"HPA022007, HPA062051"	Uncertain		Approved	Nucleoplasm			NA	NA			"Cluster 41: Basophils - Unknown function"	"Cluster 16: Non-specific - Transcription"	"Cluster 34: Non-specific - Mixed function"	"Cluster 59: Leukemia - T-cell receptor"	"Cluster 55: Non-specific - Transcription"	50	Nucleoplasm		"HPA022007: AB_2670877, HPA062051: AB_2684670"	"unprognostic (2.19e-3)"	"unprognostic (2.70e-1)"	"unprognostic (5.31e-2)"	"unprognostic (8.19e-2)"	"unprognostic (5.23e-2)"	"unprognostic (4.34e-2)"	"unprognostic (3.49e-1)"	"potential prognostic favorable (3.44e-4)"	"unprognostic (1.15e-2)"	"unprognostic (9.08e-2)"	"validated prognostic favorable (4.05e-6)"	"validated prognostic favorable (1.84e-5)"	"unprognostic (1.95e-2)"	"unprognostic (1.57e-1)"	"unprognostic (1.79e-1)"	"unprognostic (5.39e-3)"	"unprognostic (2.86e-2)"	"unprognostic (1.12e-1)"	"unprognostic (1.29e-2)"	"unprognostic (1.47e-2)"	"unprognostic (2.08e-2)"	"unprognostic (1.94e-3)"	"unprognostic (2.86e-1)"	"unprognostic (1.22e-1)"	"unprognostic (3.45e-2)"	"unprognostic (1.37e-2)"	"unprognostic (3.21e-1)"	"unprognostic (4.04e-2)"	"unprognostic (3.01e-1)"	"unprognostic (3.26e-2)"	"unprognostic (2.56e-3)"
TOGARAM1	"crescerin, Crescerin-1, FAM179B, KIAA0423"	ENSG00000198718	"TOG array regulator of axonemal microtubules 1"	Q9Y4F4	14	44962190-45074431	"Disease related genes, Human disease related genes, Predicted intracellular proteins"	"Cilium biogenesis/degradation"		"Ciliopathy, Disease variant, Joubert syndrome"	"Evidence at protein level"	"Evidence at transcript level"	"Evidence at protein level"	"Evidence at protein level"	"Low tissue specificity"	"Detected in all"			"Cell type enhanced"	"Detected in many"		"Cone photoreceptor cells: 100.2;Oligodendrocytes: 143.4;Rod photoreceptor cells: 119.6"	"Low cell type specificity"	"Detected in all"			"Low cancer specificity"	"Detected in all"			"Low region specificity"	"Detected in all"			"Immune cell enriched"	"Detected in some"	5	"basophil: 4.8"	"Lineage enriched"	"Detected in single"	6	"granulocytes: 4.8"	"Low cancer specificity"	"Detected in all"			"Spleen - Endothelial cells, Testis - Spermatocytes, Thyroid gland - Thyroid glandular cells"	"Low region specificity"	"Detected in all"			"Low region specificity"	"Detected in all"			HPA053559	Uncertain		Uncertain	"Nuclear speckles,Microtubules,Primary cilium"			NA	NA			"Cluster 14: Non-specific - Unknown function"	"Cluster 3: Non-specific - Unknown function"	"Cluster 34: Non-specific - Mixed function"	"Cluster 30: Non-specific - Gene expression regulation"	"Cluster 66: Photoreceptor cells - Visual perception"	2	"Nuclear speckles, Microtubules"	"Primary cilium"	"HPA053559: AB_2682190"	"unprognostic (3.81e-2)"	"unprognostic (1.22e-1)"		"unprognostic (2.26e-1)"	"unprognostic (1.99e-2)"	"unprognostic (1.75e-1)"	"unprognostic (2.97e-1)"	"unprognostic (9.47e-2)"	"unprognostic (1.49e-1)"	"unprognostic (1.20e-2)"	"validated prognostic favorable (2.10e-6)"	"validated prognostic favorable (1.67e-4)"	"unprognostic (7.88e-2)"	"unprognostic (4.50e-2)"		"unprognostic (4.04e-1)"	"unprognostic (1.58e-1)"	"unprognostic (5.72e-2)"	"unprognostic (5.25e-1)"	"unprognostic (2.47e-1)"	"unprognostic (6.44e-2)"	"unprognostic (1.24e-3)"	"unprognostic (1.48e-2)"	"unprognostic (8.09e-2)"	"unprognostic (2.17e-1)"	"unprognostic (4.32e-2)"	"unprognostic (4.21e-2)"	"unprognostic (3.98e-2)"	"unprognostic (1.98e-1)"	"unprognostic (3.12e-1)"	"unprognostic (5.84e-2)"
TPSAB1	"TPS1, TPS2, TPSB1"	ENSG00000172236	"Tryptase alpha/beta 1"	Q15661	16	1240379-1242554	"Disease related genes, Enzymes, Metabolic proteins, Potential drug targets, Predicted secreted proteins"		"Hydrolase, Protease, Serine protease"		"Evidence at protein level"	"Evidence at protein level"	"Evidence at protein level"	"Evidence at protein level"	"Low tissue specificity"	"Detected in many"			"Cell type enriched"	"Detected in some"	109	"granulocytes: 9687.1"	"Not detected"	"Not detected"			"Low cancer specificity"	"Detected in all"			"Low region specificity"	"Detected in single"			"Immune cell enriched"	"Detected in single"	900	"basophil: 90.0"	"Lineage enriched"	"Detected in single"	900	"granulocytes: 90.0"	"Cancer enriched"	"Detected in some"	29	"Leukemia: 82.8"	"Adipose subcutaneous - Mast cells, Adipose visceral - Mast cells, Breast - Fibroblasts, Colon - Mast cells, Lung - Mast cells, Minor Salivary Gland - Mast cells, Skeletal muscle - Macrophages, Testis - Macrophages"									"CAB016369, CAB022175, HPA049153, HPA049554"	Supported		Approved	Vesicles	"Secreted to blood"	Enzyme	NA	NA			"Cluster 46: Basophils - Proteolysis"	"Cluster 45: Intestine - Digestion"	"Cluster 23: Choroid plexus - Mixed function"	"Cluster 49: HMC-1 - Innate immune response"	"Cluster 30: Granulocytes - Unknown function"		Vesicles		"CAB016369: AB_628406, CAB022175: , HPA049153: AB_2680656, HPA049554: AB_2680815"	"unprognostic (1.38e-2)"	"unprognostic (2.27e-2)"	"unprognostic (9.04e-2)"	"unprognostic (1.42e-2)"	"unprognostic (3.12e-1)"	"unprognostic (5.01e-2)"	"unprognostic (3.14e-2)"		"potential prognostic favorable (4.17e-5)"	"unprognostic (1.75e-1)"	"validated prognostic favorable (3.19e-5)"	"validated prognostic favorable (1.97e-5)"	"unprognostic (9.13e-2)"	"unprognostic (2.68e-2)"	"unprognostic (9.50e-2)"	"unprognostic (4.97e-3)"	"unprognostic (1.20e-1)"	"unprognostic (4.17e-1)"	"unprognostic (1.80e-1)"	"unprognostic (2.84e-1)"	"unprognostic (8.44e-2)"	"unprognostic (1.49e-1)"	"unprognostic (8.03e-2)"	"unprognostic (1.01e-1)"	"unprognostic (9.95e-2)"	"unprognostic (4.13e-2)"	"unprognostic (1.20e-1)"	"unprognostic (7.20e-2)"	"unprognostic (3.08e-2)"	"unprognostic (1.58e-1)"	"unprognostic (3.68e-2)"
TPSB2		ENSG00000197253	"Tryptase beta 2"	P20231	16	1227272-1230184	"Enzymes, Metabolic proteins, Predicted secreted proteins"		"Hydrolase, Protease, Serine protease"		"Evidence at protein level"	"Evidence at protein level"	"Evidence at protein level"	"Evidence at protein level"	"Low tissue specificity"	"Detected in many"			"Cell type enriched"	"Detected in some"	82	"granulocytes: 15633.6"	"Not detected"	"Not detected"			"Low cancer specificity"	"Detected in all"			"Low region specificity"	"Detected in single"			"Immune cell enriched"	"Detected in single"	51	"basophil: 5.0"	"Lineage enriched"	"Detected in single"	51	"granulocytes: 5.0"	"Cancer enriched"	"Detected in some"	38	"Leukemia: 59.2"	"Adipose subcutaneous - Mast cells, Adipose visceral - Mast cells, Colon - Mast cells, Lung - Mast cells, Minor Salivary Gland - Mast cells, Skeletal muscle - Macrophages, Testis - Macrophages"									"HPA049153, HPA049554"	Supported				"Secreted to blood"	Enzyme	NA	NA		22000000	"Cluster 46: Basophils - Proteolysis"	"Cluster 45: Intestine - Digestion"	"Cluster 23: Choroid plexus - Mixed function"	"Cluster 49: HMC-1 - Innate immune response"	"Cluster 30: Granulocytes - Unknown function"				"HPA049153: AB_2680656, HPA049554: AB_2680815"	"unprognostic (2.59e-1)"	"unprognostic (1.87e-1)"	"unprognostic (5.64e-2)"	"unprognostic (3.06e-3)"	"unprognostic (2.45e-1)"	"unprognostic (2.88e-2)"	"unprognostic (3.43e-3)"		"unprognostic (3.50e-3)"	"unprognostic (2.59e-1)"	"validated prognostic favorable (6.48e-8)"	"validated prognostic favorable (3.57e-5)"	"unprognostic (1.02e-1)"	"unprognostic (6.37e-2)"	"unprognostic (1.62e-1)"	"potential prognostic favorable (2.96e-4)"	"unprognostic (1.39e-1)"	"unprognostic (3.40e-2)"	"unprognostic (6.61e-2)"	"unprognostic (7.99e-2)"	"unprognostic (1.46e-1)"	"unprognostic (3.60e-1)"	"unprognostic (1.63e-1)"	"unprognostic (9.46e-3)"	"unprognostic (1.09e-1)"	"unprognostic (2.45e-2)"	"unprognostic (2.88e-1)"	"unprognostic (8.39e-2)"	"unprognostic (2.86e-2)"	"unprognostic (3.10e-1)"	"unprognostic (1.68e-1)"
TPSD1		ENSG00000095917	"Tryptase delta 1"	Q9BZJ3	16	1256059-1259008	"Enzymes, Metabolic proteins, Predicted intracellular proteins"		"Hydrolase, Protease, Serine protease"		"Evidence at protein level"	"Evidence at protein level"	"Evidence at transcript level"	"Evidence at protein level"	"Tissue enhanced"	"Detected in many"		"stomach 1: 20.6"	"Cell type enriched"	"Detected in some"	11	"granulocytes: 84.8"	"Group enriched"	"Detected in some"	4	"astrocyte: 2.0;bergmann glia: 2.5"	"Low cancer specificity"	"Detected in many"			"Low region specificity"	"Detected in some"			"Immune cell enriched"	"Detected in single"	29	"basophil: 2.9"	"Lineage enriched"	"Detected in single"	29	"granulocytes: 2.9"	"Cancer enriched"	"Detected in single"	44	"Leukemia: 24.0"	"Adipose subcutaneous - Mast cells, Adipose visceral - Mast cells, Colon - Mast cells"									"CAB002215, CAB032871, HPA040182, HPA049554"	Supported				"Intracellular and membrane"	Enzyme	NA	NA			"Cluster 46: Basophils - Proteolysis"	"Cluster 75: Epithelium - Extracellular exosomes"	"Cluster 52: Neurons & Synapses - Synaptic function"	"Cluster 49: HMC-1 - Innate immune response"	"Cluster 30: Granulocytes - Unknown function"				"CAB002215: AB_563870, CAB032871: AB_2206475, HPA040182: AB_2676875, HPA049554: AB_2680815"	"unprognostic (2.06e-1)"	"unprognostic (1.15e-1)"	"unprognostic (2.70e-2)"	"unprognostic (2.17e-1)"	"unprognostic (1.19e-1)"	"unprognostic (1.77e-1)"			"unprognostic (1.19e-3)"		"validated prognostic favorable (5.56e-7)"	"validated prognostic favorable (1.73e-4)"	"unprognostic (1.36e-1)"			"unprognostic (7.53e-3)"	"unprognostic (3.36e-2)"	"unprognostic (4.94e-2)"	"unprognostic (1.56e-1)"	"unprognostic (1.51e-1)"	"unprognostic (3.62e-1)"	"unprognostic (2.63e-1)"	"unprognostic (1.02e-1)"	"unprognostic (3.47e-2)"	"unprognostic (1.62e-1)"	"unprognostic (8.04e-2)"	"unprognostic (7.01e-2)"	"unprognostic (1.31e-2)"			"unprognostic (2.71e-2)"
TRIM49D1	"TRIM49D, TRIM49D1P, TRIM49DP"	ENSG00000223417	"Tripartite motif containing 49D1"	C9J1S8	11	89911111-89922245	"Predicted intracellular proteins"				"Evidence at protein level"	"Evidence at transcript level"	"Evidence at transcript level"	"Evidence at protein level"	"Tissue enhanced"	"Detected in some"		"liver: 4.0"	"Not detected"	"Not detected"			"Not detected"	"Not detected"			"Not detected"	"Not detected"			"Low region specificity"	"Detected in all"			"Immune cell enriched"	"Detected in single"	33	"basophil: 15.1"	"Lineage enriched"	"Detected in single"	33	"granulocytes: 15.1"	"Cancer enhanced"	"Detected in many"		"prostate cancer: 5.5"										HPA072153			Approved	Nucleoplasm,Cytosol			NA	NA			"Cluster 46: Basophils - Proteolysis"	"Cluster 1: Liver & Kidney - Metabolism"	"Cluster 9: Non-specific - Receptor signaling"	"Cluster 60: Prostate cancer - Unknown function"			Nucleoplasm	Cytosol	"HPA072153: "																															
TRIM49D2	"TRIM49D2P, TRIM49L, TRIM49L1"	ENSG00000233802	"Tripartite motif containing 49D2"	C9J1S8	11	89924064-89933063	"Predicted intracellular proteins"				"Evidence at protein level"	"Evidence at transcript level"	"Evidence at transcript level"	"Evidence at protein level"	"Not detected"	"Not detected"			"Not detected"	"Not detected"							"Not detected"	"Not detected"			"Not detected"	"Not detected"			"Immune cell enriched"	"Detected in single"	320	"basophil: 32.0"	"Lineage enriched"	"Detected in single"	320	"granulocytes: 32.0"	"Cancer enriched"	"Detected in single"	19	"prostate cancer: 1.9"										HPA072153			Approved	Nucleoplasm,Cytosol			NA	NA			"Cluster 46: Basophils - Proteolysis"			"Cluster 60: Prostate cancer - Unknown function"			Nucleoplasm	Cytosol	"HPA072153: "																															
TRIM51	"SPRYD5, TRIM51A"	ENSG00000124900	"Tripartite motif-containing 51"	Q9BSJ1	11	55883297-55891810	"Predicted intracellular proteins"				"Evidence at protein level"	"Evidence at transcript level"	"Evidence at transcript level"	"Evidence at protein level"	"Not detected"	"Not detected"			"Not detected"	"Not detected"			"Not detected"	"Not detected"			"Cancer enriched"	"Detected in single"	44	"Skin Cuteneous Melanoma (TCGA): 8.3"	"Not detected"	"Not detected"			"Immune cell enriched"	"Detected in single"	113	"basophil: 11.2"	"Lineage enriched"	"Detected in single"	113	"granulocytes: 11.2"	"Cancer enriched"	"Detected in single"	22	"skin cancer: 11.0"	"Testis - Spermatogonia"									"HPA044988, HPA077883"	Uncertain		Approved	Nucleoli,Vesicles			NA	NA			"Cluster 46: Basophils - Proteolysis"			"Cluster 69: Skin cancer - ECM organization"	"Cluster 67: Spermatogonia - Spermatogenesis"		Vesicles	Nucleoli	"HPA044988: AB_2679171, HPA077883: AB_2732362"																											"unprognostic (8.63e-2)"				
TUBA3FP		ENSG00000284130	"Tubulin alpha 3f pseudogene"		22	21008193-21014292	"Predicted intracellular proteins"				"Evidence at transcript level"	"Evidence at transcript level"			"Low tissue specificity"	"Detected in some"			"Not detected"	"Not detected"			"Not detected"	"Not detected"							"Low region specificity"	"Detected in all"			"Immune cell enriched"	"Detected in some"	5	"basophil: 6.7"	"Lineage enriched"	"Detected in many"	5	"granulocytes: 6.7"	"Low cancer specificity"	"Detected in many"			"Lung - Respiratory ciliated cells"																NA	NA			"Cluster 20: Non-specific - DNA binding"		"Cluster 48: Non-specific - Mixed function"	"Cluster 72: Neuronal - Signal transduction"																																				
UBN2	"FLJ25778, KIAA2030"	ENSG00000157741	"Ubinuclein 2"	Q6ZU65	7	139230356-139308236	"Predicted intracellular proteins"				"Evidence at protein level"	"Evidence at protein level"	"Evidence at protein level"	"Evidence at protein level"	"Low tissue specificity"	"Detected in all"			"Cell type enhanced"	"Detected in many"		"Early spermatids: 123.2;Late spermatids: 193.2"	"Low cell type specificity"	"Detected in all"			"Low cancer specificity"	"Detected in all"			"Low region specificity"	"Detected in all"			"Immune cell enriched"	"Detected in some"	4	"basophil: 8.4"	"Lineage enriched"	"Detected in many"	4	"granulocytes: 8.4"	"Low cancer specificity"	"Detected in all"			"Testis - Early spermatids"	"Low region specificity"	"Detected in all"			"Low region specificity"	"Detected in all"			"HPA019743, HPA020122, HPA020124"	Uncertain		Enhanced	Nucleoplasm			NA	NA			"Cluster 20: Non-specific - DNA binding"	"Cluster 39: Retina & Testis - Cilium"	"Cluster 31: Non-specific - Transcription"	"Cluster 39: Non-specific - Transcription"	"Cluster 37: Glandular & Luminal cells - Unknown function"	16	Nucleoplasm		"HPA019743: AB_1848851, HPA020122: AB_1848847, HPA020124: AB_2212202"	"unprognostic (1.58e-2)"	"unprognostic (4.83e-1)"	"unprognostic (7.46e-2)"	"unprognostic (4.30e-2)"	"unprognostic (8.55e-3)"	"unprognostic (5.63e-2)"	"unprognostic (1.83e-1)"	"unprognostic (6.26e-3)"	"potential prognostic favorable (4.96e-4)"	"unprognostic (2.59e-2)"	"unprognostic (1.67e-1)"	"potential prognostic favorable (2.78e-4)"	"unprognostic (2.79e-2)"	"unprognostic (1.86e-3)"	"unprognostic (2.45e-1)"	"unprognostic (8.63e-2)"	"unprognostic (6.48e-2)"	"unprognostic (3.01e-1)"	"unprognostic (5.50e-2)"	"unprognostic (1.44e-1)"	"unprognostic (3.74e-1)"	"unprognostic (3.81e-1)"	"unprognostic (7.94e-3)"	"unprognostic (2.43e-2)"	"unprognostic (3.84e-2)"	"unprognostic (1.32e-1)"	"unprognostic (2.27e-3)"	"unprognostic (1.04e-1)"	"unprognostic (5.01e-1)"	"unprognostic (9.72e-3)"	"unprognostic (1.58e-1)"
UBQLN4	"A1U, C1orf6, UBIN"	ENSG00000160803	"Ubiquilin 4"	Q9NRR5	1	156035299-156053798	"Disease related genes, Potential drug targets, Predicted intracellular proteins, Transporters"	"Autophagy, DNA damage, DNA repair"		"Amyotrophic lateral sclerosis, Disease variant, Neurodegeneration"	"Evidence at protein level"	"Evidence at protein level"	"Evidence at protein level"	"Evidence at protein level"	"Low tissue specificity"	"Detected in all"			"Low cell type specificity"	"Detected in many"			"Low cell type specificity"	"Detected in all"			"Low cancer specificity"	"Detected in all"			"Low region specificity"	"Detected in all"			"Immune cell enriched"	"Detected in many"	5	"basophil: 9.6"	"Lineage enriched"	"Detected in many"	5	"granulocytes: 9.6"	"Low cancer specificity"	"Detected in all"				"Low region specificity"	"Detected in all"			"Low region specificity"	"Detected in all"			HPA061797	Approved		Supported	Nucleoplasm			NA	NA			"Cluster 43: Non-specific - Transcription & Translation"	"Cluster 79: Non-specific - Transcription"	"Cluster 40: Astrocytes - Astrocyte-neuron interactions"	"Cluster 45: Non-specific - Nuclear processes"	"Cluster 45: Non-specific - Mixed function"	70	Nucleoplasm		"HPA061797: AB_2684613"	"unprognostic (2.22e-2)"	"unprognostic (1.38e-2)"	"unprognostic (3.38e-1)"	"unprognostic (1.96e-1)"	"unprognostic (5.44e-2)"	"unprognostic (8.31e-2)"	"unprognostic (1.51e-2)"	"potential prognostic favorable (1.57e-4)"	"unprognostic (8.48e-2)"	"unprognostic (3.77e-2)"	"unprognostic (2.47e-1)"	"unprognostic (1.71e-1)"	"potential prognostic unfavorable (2.00e-4)"	"unprognostic (1.34e-3)"	"unprognostic (1.86e-2)"	"unprognostic (1.99e-3)"	"unprognostic (7.36e-2)"	"unprognostic (9.46e-2)"	"unprognostic (4.42e-2)"	"unprognostic (7.61e-2)"	"unprognostic (3.05e-2)"	"unprognostic (1.11e-2)"	"unprognostic (2.12e-1)"	"unprognostic (1.00e-1)"	"unprognostic (4.75e-2)"	"unprognostic (1.61e-1)"	"unprognostic (2.96e-1)"	"unprognostic (4.74e-2)"	"unprognostic (1.07e-1)"	"unprognostic (2.18e-1)"	"unprognostic (6.44e-2)"
USP49	MGC20741	ENSG00000164663	"Ubiquitin specific peptidase 49"	Q70CQ1	6	41789896-41895375	"Enzymes, Metabolic proteins, Plasma proteins, Predicted intracellular proteins"	"mRNA processing, mRNA splicing, Ubl conjugation pathway"	"Chromatin regulator, Hydrolase, Protease, Thiol protease"		"Evidence at protein level"	"Evidence at protein level"	"Evidence at protein level"	"Evidence at protein level"	"Low tissue specificity"	"Detected in many"			"Cell type enhanced"	"Detected in many"		"Excitatory neurons: 41.3;Inhibitory neurons: 46.6;Oligodendrocyte precursor cells: 52.8;Oligodendrocytes: 29.6"	"Low cell type specificity"	"Detected in all"			"Low cancer specificity"	"Detected in many"			"Low region specificity"	"Detected in all"			"Immune cell enriched"	"Detected in single"	4	"basophil: 3.6"	"Lineage enriched"	"Detected in single"	7	"granulocytes: 3.6"	"Low cancer specificity"	"Detected in all"			"Testis - Spermatocytes"	"Low region specificity"	"Detected in all"			"Low region specificity"	"Detected in all"			"HPA030254, HPA030255"	Uncertain						NA	NA			"Cluster 32: Basophils - Transcription"	"Cluster 28: Neuronal - Transcription"	"Cluster 15: Non-specific - Transcription"	"Cluster 59: Leukemia - T-cell receptor"	"Cluster 69: Neurons - Neuronal signaling"	18			"HPA030254: AB_10600198, HPA030255: AB_10601218"	"unprognostic (1.14e-1)"	"unprognostic (9.14e-2)"	"unprognostic (1.46e-1)"	"unprognostic (1.21e-1)"	"unprognostic (2.21e-3)"	"unprognostic (2.92e-1)"	"unprognostic (2.43e-2)"	"potential prognostic favorable (4.09e-4)"	"potential prognostic favorable (2.50e-4)"	"unprognostic (1.12e-3)"	"unprognostic (2.56e-2)"	"unprognostic (7.07e-2)"	"unprognostic (1.56e-1)"			"unprognostic (3.70e-2)"	"unprognostic (2.98e-2)"	"unprognostic (3.48e-2)"	"unprognostic (1.56e-3)"	"unprognostic (2.24e-1)"	"unprognostic (3.63e-1)"	"unprognostic (1.18e-2)"	"unprognostic (1.86e-2)"	"unprognostic (9.41e-2)"	"potential prognostic favorable (4.94e-4)"	"unprognostic (5.28e-3)"	"unprognostic (1.46e-2)"	"unprognostic (3.83e-2)"	"unprognostic (8.39e-2)"	"unprognostic (5.94e-3)"	"unprognostic (6.96e-3)"
VAT1	"FLJ20230, VATI"	ENSG00000108828	"Vesicle amine transport 1"	Q99536	17	43014607-43025123	"Plasma proteins, Predicted intracellular proteins"		Oxidoreductase		"Evidence at protein level"	"Evidence at transcript level"	"Evidence at protein level"	"Evidence at protein level"	"Low tissue specificity"	"Detected in all"			"Cell type enhanced"	"Detected in many"		"Melanocytes: 144.3"	"Cell type enhanced"	"Detected in all"		"endothelial cell: 51.9"	"Cancer enhanced"	"Detected in all"		"Skin Cuteneous Melanoma (TCGA): 615.3"	"Low region specificity"	"Detected in all"			"Immune cell enriched"	"Detected in all"	4	"basophil: 104.5"	"Lineage enriched"	"Detected in all"	5	"granulocytes: 104.5"	"Low cancer specificity"	"Detected in all"			"Adrenal gland - Adrenal cortex cells, Skin - Keratinocyte (granular)"	"Low region specificity"	"Detected in all"			"Low region specificity"	"Detected in all"			HPA045170	Uncertain						NA	NA		3200000	"Cluster 32: Basophils - Transcription"	"Cluster 41: Smooth muscle tissue - ECM organization"	"Cluster 41: Monoamines - Neurotransmitter signalling"	"Cluster 9: Skin cancer - Melanin biosynthesis"	"Cluster 58: Macrophages - Innate immune response"	9			"HPA045170: AB_10964166"	"unprognostic (1.78e-1)"	"unprognostic (8.88e-3)"	"unprognostic (2.56e-1)"	"unprognostic (2.08e-2)"	"unprognostic (4.43e-2)"	"potential prognostic unfavorable (8.05e-4)"	"unprognostic (2.75e-2)"	"unprognostic (9.04e-2)"	"unprognostic (7.57e-2)"	"unprognostic (3.98e-2)"	"potential prognostic favorable (3.10e-8)"	"unprognostic (8.28e-3)"	"unprognostic (2.71e-1)"	"validated prognostic unfavorable (6.93e-4)"	"validated prognostic unfavorable (2.06e-5)"	"unprognostic (9.15e-3)"	"unprognostic (7.51e-2)"	"unprognostic (3.43e-2)"	"unprognostic (1.14e-1)"	"unprognostic (6.88e-3)"	"unprognostic (5.84e-3)"	"unprognostic (3.05e-3)"	"unprognostic (1.37e-1)"	"unprognostic (3.99e-1)"	"unprognostic (3.20e-2)"	"unprognostic (2.08e-2)"	"unprognostic (2.29e-1)"	"unprognostic (2.08e-2)"	"unprognostic (1.33e-1)"	"unprognostic (1.79e-1)"	"unprognostic (7.99e-2)"
VWA5A	"BCSC-1, LOH11CR2A"	ENSG00000110002	"Von Willebrand factor A domain containing 5A"	O00534	11	124115404-124147721	"Predicted intracellular proteins"			"Tumor suppressor"	"Evidence at protein level"	"Evidence at protein level"	"Evidence at protein level"	"Evidence at protein level"	"Low tissue specificity"	"Detected in all"			"Cell type enriched"	"Detected in many"	9	"granulocytes: 643.4"	"Low cell type specificity"	"Detected in all"			"Low cancer specificity"	"Detected in all"			"Low region specificity"	"Detected in all"			"Immune cell enriched"	"Detected in many"	5	"basophil: 58.2"	"Lineage enriched"	"Detected in all"	5	"granulocytes: 58.2"	"Low cancer specificity"	"Detected in all"			"Adrenal gland - Adrenal cortex cells"	"Region enhanced"	"Detected in many"		"hypothalamus: 166.8"	"Low region specificity"	"Detected in all"			"HPA037813, HPA037814, HPA061500"	Uncertain		Enhanced	Nucleoplasm,Nucleoli			NA	NA		20000	"Cluster 9: T-regs - Cell cycle regulation"	"Cluster 53: Non-specific - Glycosylation"	"Cluster 56: Hypothalamus - Neuropeptide signaling"	"Cluster 16: Thyroid cancer - Neuronal signaling"	"Cluster 30: Granulocytes - Unknown function"	3	Nucleoplasm	Nucleoli	"HPA037813: AB_10672727, HPA037814: AB_10672287, HPA061500: AB_2684542"	"unprognostic (6.10e-2)"	"unprognostic (2.27e-1)"	"unprognostic (8.35e-2)"	"unprognostic (1.43e-1)"	"unprognostic (5.12e-2)"	"unprognostic (4.28e-2)"	"unprognostic (6.16e-3)"	"unprognostic (5.71e-2)"	"unprognostic (2.42e-1)"	"unprognostic (1.42e-1)"	"unprognostic (2.62e-2)"	"unprognostic (1.74e-2)"	"potential prognostic favorable (7.50e-5)"	"unprognostic (6.62e-2)"	"unprognostic (1.96e-1)"	"unprognostic (2.38e-1)"	"unprognostic (9.81e-2)"	"unprognostic (7.80e-2)"	"unprognostic (1.64e-1)"	"unprognostic (2.25e-1)"	"unprognostic (2.40e-1)"	"unprognostic (4.61e-2)"	"unprognostic (5.74e-2)"	"unprognostic (5.31e-2)"	"unprognostic (5.41e-3)"	"unprognostic (3.84e-1)"	"unprognostic (1.87e-1)"	"unprognostic (7.09e-2)"	"unprognostic (1.19e-1)"	"unprognostic (2.37e-1)"	"unprognostic (1.21e-1)"
WDR35	"FAP118, IFT121, IFTA1, KIAA1336, MGC33196"	ENSG00000118965	"WD repeat domain 35"	Q9P2L0	2	19910263-19990105	"Disease related genes, Human disease related genes, Potential drug targets, Predicted intracellular proteins, Transporters"	"Cilium biogenesis/degradation"		"Ciliopathy, Disease variant, Ectodermal dysplasia"	"Evidence at protein level"	"Evidence at protein level"	"Evidence at protein level"	"Evidence at protein level"	"Low tissue specificity"	"Detected in all"			"Cell type enhanced"	"Detected in many"		"Astrocytes: 34.7;Excitatory neurons: 29.0"	"Low cell type specificity"	"Detected in all"			"Low cancer specificity"	"Detected in all"			"Low region specificity"	"Detected in all"			"Immune cell enriched"	"Detected in single"	5	"basophil: 2.9"	"Lineage enriched"	"Detected in single"	5	"granulocytes: 2.9"	"Low cancer specificity"	"Detected in all"			"Testis - Spermatocytes"	"Low region specificity"	"Detected in all"			"Low region specificity"	"Detected in all"			HPA044147	Approved						NA	NA				"Cluster 74: Spermatids - Flagellum assembly"	"Cluster 3: Choroid plexus - Cilium"	"Cluster 26: Non-specific - Mitochondria & RNA binding"	"Cluster 42: Ciliated cells - Cilium assembly"	12			"HPA044147: AB_10970242"	"unprognostic (2.25e-1)"	"unprognostic (1.87e-1)"	"unprognostic (1.79e-1)"	"unprognostic (1.49e-2)"	"unprognostic (3.79e-2)"	"unprognostic (5.21e-1)"	"unprognostic (5.33e-2)"	"unprognostic (3.75e-1)"	"unprognostic (1.96e-1)"	"unprognostic (2.55e-2)"	"potential prognostic favorable (2.27e-6)"	"unprognostic (9.28e-2)"	"unprognostic (5.35e-2)"	"potential prognostic unfavorable (9.32e-4)"	"unprognostic (3.05e-3)"	"unprognostic (7.59e-2)"	"unprognostic (2.79e-1)"	"unprognostic (2.47e-1)"	"unprognostic (3.93e-1)"	"unprognostic (2.37e-1)"	"unprognostic (4.57e-1)"	"unprognostic (7.45e-2)"	"unprognostic (2.54e-1)"	"unprognostic (9.36e-2)"	"unprognostic (1.67e-1)"	"unprognostic (1.05e-3)"	"unprognostic (4.32e-1)"	"unprognostic (7.05e-3)"	"unprognostic (3.45e-1)"	"unprognostic (2.37e-2)"	"unprognostic (5.22e-2)"
YES1	"c-yes, HsT441, Yes"	ENSG00000176105	"YES proto-oncogene 1, Src family tyrosine kinase"	P07947	18	721588-812546	"Enzymes, FDA approved drug targets, Plasma proteins, Predicted intracellular proteins"		"Kinase, Transferase, Tyrosine-protein kinase"	"FDA approved drug targets, Proto-oncogene"	"Evidence at protein level"	"Evidence at protein level"	"Evidence at protein level"	"Evidence at protein level"	"Low tissue specificity"	"Detected in all"			"Low cell type specificity"	"Detected in many"			"Group enriched"	"Detected in many"	4	"endothelial cell: 298.3;leukocyte: 168.4"	"Low cancer specificity"	"Detected in all"			"Low region specificity"	"Detected in all"			"Immune cell enriched"	"Detected in many"	9	"basophil: 20.1"	"Lineage enriched"	"Detected in many"	9	"granulocytes: 20.1"	"Low cancer specificity"	"Detected in all"			"Adipose visceral - Endothelial cells, Heart muscle - Endothelial cells, Kidney - Endothelial cells, Lung - Endothelial cells, Skeletal muscle - Endothelial cells, Spleen - Endothelial cells"	"Low region specificity"	"Detected in all"			"Low region specificity"	"Detected in all"			"CAB004370, HPA026480"	Approved		Supported	"Plasma membrane,Cytosol"			NA	NA			"Cluster 41: Basophils - Unknown function"	"Cluster 11: Liver - Plasma proteins"	"Cluster 44: Non-specific - Mixed function"	"Cluster 13: Non-specific - Mixed function"	"Cluster 54: Lymphatic endothelial cells - Lymph vessel development"	112	"Plasma membrane, Cytosol"		"CAB004370: AB_627370, HPA026480: AB_1858921"	"unprognostic (4.13e-1)"	"unprognostic (1.85e-1)"	"unprognostic (5.76e-2)"	"unprognostic (4.79e-3)"	"unprognostic (6.11e-2)"	"unprognostic (2.28e-1)"	"unprognostic (3.04e-2)"	"unprognostic (3.79e-1)"	"unprognostic (1.26e-1)"	"potential prognostic unfavorable (2.71e-5)"	"potential prognostic favorable (5.57e-6)"	"unprognostic (1.27e-2)"	"unprognostic (6.19e-2)"	"unprognostic (1.57e-2)"	"unprognostic (5.31e-3)"	"unprognostic (2.17e-3)"	"unprognostic (2.13e-1)"	"unprognostic (1.08e-1)"	"unprognostic (2.85e-1)"	"unprognostic (3.43e-3)"	"unprognostic (3.58e-2)"	"potential prognostic unfavorable (2.08e-4)"	"unprognostic (4.71e-3)"	"unprognostic (2.65e-1)"	"unprognostic (6.40e-2)"	"unprognostic (1.76e-1)"	"unprognostic (1.70e-2)"	"unprognostic (2.77e-1)"	"unprognostic (2.11e-1)"	"unprognostic (2.98e-2)"	"unprognostic (3.24e-1)"
YRDC	"FLJ23476, IRIP, SUA5"	ENSG00000196449	"YrdC N6-threonylcarbamoyltransferase domain containing"	Q86U90	1	37802945-37808208	"Disease related genes, Enzymes, Human disease related genes, Potential drug targets, Predicted intracellular proteins"		Transferase	"Disease variant, Epilepsy, Intellectual disability"	"Evidence at protein level"	"Evidence at transcript level"	"Evidence at protein level"	"Evidence at protein level"	"Tissue enhanced"	"Detected in all"		"bone marrow: 49.4"	"Low cell type specificity"	"Detected in all"			"Low cell type specificity"	"Detected in all"			"Low cancer specificity"	"Detected in all"			"Low region specificity"	"Detected in all"			"Immune cell enriched"	"Detected in some"	8	"basophil: 8.8"	"Lineage enriched"	"Detected in many"	8	"granulocytes: 8.8"	"Low cancer specificity"	"Detected in all"			"Adrenal gland - Adrenal cortex cells, Testis - Spermatocytes, Testis - Spermatogonia"	"Low region specificity"	"Detected in all"			"Low region specificity"	"Detected in all"			HPA030147	Approved		Approved	Mitochondria			NA	NA			"Cluster 18: Non-specific - Translation"	"Cluster 6: Bone marrow - Innate immune response"	"Cluster 1: Neurons - Mixed function"	"Cluster 37: Non-specific - mRNA processing"	"Cluster 39: Non-specific - Basic cellular processes"	4	Mitochondria		"HPA030147: AB_10603327"	"unprognostic (1.51e-1)"	"unprognostic (4.73e-3)"	"unprognostic (2.59e-2)"	"potential prognostic unfavorable (5.32e-4)"	"unprognostic (1.11e-3)"	"unprognostic (2.16e-1)"	"unprognostic (1.73e-1)"	"unprognostic (5.40e-2)"	"unprognostic (1.55e-2)"	"unprognostic (1.59e-2)"	"unprognostic (1.48e-3)"	"unprognostic (1.27e-1)"	"unprognostic (2.13e-1)"	"validated prognostic unfavorable (2.44e-6)"	"validated prognostic unfavorable (4.14e-5)"	"unprognostic (6.45e-2)"	"unprognostic (5.26e-2)"	"unprognostic (3.38e-1)"	"unprognostic (1.19e-1)"	"unprognostic (6.32e-2)"	"unprognostic (1.72e-1)"	"unprognostic (2.77e-1)"	"unprognostic (1.69e-1)"	"unprognostic (2.55e-1)"	"unprognostic (9.96e-2)"	"unprognostic (8.77e-2)"	"unprognostic (1.82e-1)"	"unprognostic (2.28e-2)"	"unprognostic (1.46e-1)"	"unprognostic (3.87e-2)"	"unprognostic (1.48e-2)"
ZC3H12C	"KIAA1726, MCPIP3"	ENSG00000149289	"Zinc finger CCCH-type containing 12C"	Q9C0D7	11	110093392-110171841	"Predicted intracellular proteins"		"Endonuclease, Hydrolase, Nuclease"		"Evidence at protein level"	"Evidence at transcript level"	"Evidence at protein level"	"Evidence at protein level"	"Low tissue specificity"	"Detected in all"			"Cell type enhanced"	"Detected in many"		"Astrocytes: 96.9;Inhibitory neurons: 48.0;Oligodendrocyte precursor cells: 49.1;Oligodendrocytes: 52.2"	"Low cell type specificity"	"Detected in all"			"Low cancer specificity"	"Detected in many"			"Low region specificity"	"Detected in all"			"Immune cell enriched"	"Detected in single"	36	"basophil: 5.9"	"Lineage enriched"	"Detected in single"	36	"granulocytes: 5.9"	"Low cancer specificity"	"Detected in all"				"Low region specificity"	"Detected in all"			"Low region specificity"	"Detected in all"			"HPA038836, HPA038837"	Approved		Approved	"Nuclear membrane,Golgi apparatus"			NA	NA				"Cluster 3: Non-specific - Unknown function"	"Cluster 55: Non-specific - Transcription"	"Cluster 72: Neuronal - Signal transduction"	"Cluster 47: Astrocytes - Unknown function"	2	"Nuclear membrane, Golgi apparatus"		"HPA038836: AB_2676229, HPA038837: AB_10675953"	"unprognostic (2.01e-3)"	"unprognostic (1.02e-1)"	"unprognostic (2.40e-3)"	"unprognostic (1.63e-2)"	"unprognostic (2.59e-3)"	"unprognostic (1.14e-1)"	"unprognostic (2.41e-1)"	"unprognostic (3.02e-1)"	"unprognostic (1.19e-1)"	"unprognostic (9.56e-3)"	"validated prognostic favorable (2.16e-10)"	"validated prognostic favorable (6.78e-4)"	"unprognostic (1.40e-1)"		"unprognostic (9.92e-2)"	"unprognostic (4.74e-3)"	"unprognostic (1.39e-1)"	"unprognostic (7.74e-2)"	"unprognostic (1.72e-1)"	"unprognostic (1.49e-1)"	"unprognostic (5.56e-2)"	"unprognostic (7.74e-2)"	"potential prognostic unfavorable (4.62e-4)"	"unprognostic (8.10e-2)"	"unprognostic (1.62e-1)"	"unprognostic (4.26e-1)"	"unprognostic (5.33e-3)"	"potential prognostic unfavorable (3.09e-4)"	"unprognostic (1.40e-1)"	"unprognostic (7.61e-2)"	"unprognostic (1.12e-1)"
ZC3HAV1L	"C7orf39, MGC14289"	ENSG00000146858	"Zinc finger CCCH-type containing, antiviral 1 like"	Q96H79	7	139025706-139036042	"Predicted intracellular proteins"				"Evidence at protein level"	"Evidence at protein level"	"Evidence at protein level"	"Evidence at protein level"	"Low tissue specificity"	"Detected in many"			"Cell type enhanced"	"Detected in many"		"Excitatory neurons: 5.4;Gastric mucus-secreting cells: 4.7;Microglial cells: 8.9;Oligodendrocyte precursor cells: 5.2"	"Low cell type specificity"	"Detected in many"			"Low cancer specificity"	"Detected in many"			"Low region specificity"	"Detected in all"			"Immune cell enriched"	"Detected in single"	11	"basophil: 10.2"	"Lineage enriched"	"Detected in single"	11	"granulocytes: 10.2"	"Low cancer specificity"	"Detected in all"			"Liver - Vascular Endothelial cells"	"Low region specificity"	"Detected in many"			"Low region specificity"	"Detected in all"			"HPA020386, HPA050741"	Uncertain		Enhanced	Cytosol			NA	NA			"Cluster 46: Basophils - Proteolysis"	"Cluster 62: Connective tissue - ECM organization"	"Cluster 23: Choroid plexus - Mixed function"	"Cluster 15: Kidney cancer - Membrane components"	"Cluster 34: Neurons - Neuronal signaling"	1	Cytosol		"HPA020386: AB_2257412, HPA050741: AB_2681224"	"unprognostic (1.75e-1)"	"unprognostic (3.24e-1)"	"unprognostic (3.37e-1)"	"potential prognostic unfavorable (4.28e-5)"	"unprognostic (1.35e-1)"	"unprognostic (1.90e-1)"	"unprognostic (4.19e-2)"	"unprognostic (6.47e-2)"	"unprognostic (5.36e-2)"		"unprognostic (2.89e-3)"	"unprognostic (6.37e-2)"	"unprognostic (3.22e-1)"			"unprognostic (7.51e-2)"	"potential prognostic unfavorable (4.98e-4)"	"unprognostic (2.41e-1)"	"unprognostic (3.83e-3)"	"unprognostic (2.48e-1)"	"unprognostic (1.72e-3)"	"unprognostic (3.09e-2)"	"unprognostic (1.01e-2)"	"unprognostic (5.45e-2)"	"unprognostic (1.63e-2)"	"unprognostic (5.88e-3)"	"unprognostic (1.90e-3)"	"unprognostic (7.26e-2)"	"unprognostic (1.24e-1)"	"unprognostic (4.62e-2)"	"unprognostic (1.78e-2)"
ZNF12	"GIOT-3, KOX3, ZNF325"	ENSG00000164631	"Zinc finger protein 12"	P17014	7	6688433-6706947	"Predicted intracellular proteins"	"Transcription, Transcription regulation"	"DNA-binding, Repressor"		"Evidence at protein level"	"Evidence at protein level"	"Evidence at protein level"	"Evidence at protein level"	"Low tissue specificity"	"Detected in all"			"Low cell type specificity"	"Detected in many"			"Low cell type specificity"	"Detected in all"			"Low cancer specificity"	"Detected in all"			"Low region specificity"	"Detected in all"			"Immune cell enriched"	"Detected in many"	4	"basophil: 8.7"	"Lineage enriched"	"Detected in many"	4	"granulocytes: 8.7"	"Low cancer specificity"	"Detected in all"				"Low region specificity"	"Detected in all"			"Low region specificity"	"Detected in all"			HPA063402			Supported	Nucleoplasm,Centrosome			NA	NA			"Cluster 5: Non-specific - Cell proliferation"	"Cluster 16: Non-specific - Transcription"	"Cluster 25: Non-specific - Transcription"	"Cluster 67: Non-specific - Unknown function"	"Cluster 55: Non-specific - Transcription"	5	Nucleoplasm	Centrosome	"HPA063402: AB_2685005"	"unprognostic (7.25e-3)"	"unprognostic (1.76e-1)"	"unprognostic (4.86e-1)"	"unprognostic (3.11e-2)"	"unprognostic (2.37e-2)"	"unprognostic (1.24e-1)"	"unprognostic (3.54e-2)"	"potential prognostic unfavorable (4.08e-4)"	"unprognostic (8.08e-2)"	"unprognostic (6.77e-3)"	"potential prognostic favorable (1.74e-4)"	"unprognostic (1.10e-2)"	"unprognostic (1.94e-1)"	"unprognostic (1.02e-3)"	"unprognostic (2.45e-3)"	"unprognostic (1.69e-1)"	"unprognostic (8.39e-3)"	"unprognostic (1.79e-1)"	"unprognostic (6.87e-2)"	"unprognostic (4.13e-3)"	"potential prognostic unfavorable (2.59e-6)"	"unprognostic (1.87e-1)"	"unprognostic (2.57e-3)"	"unprognostic (6.59e-2)"	"unprognostic (3.86e-2)"	"unprognostic (3.15e-1)"	"unprognostic (5.18e-3)"	"unprognostic (8.01e-2)"	"unprognostic (3.38e-2)"	"unprognostic (8.05e-2)"	"unprognostic (1.82e-1)"
ZNF440	FLJ37933	ENSG00000171295	"Zinc finger protein 440"	Q8IYI8	19	11814273-11835216	"Predicted intracellular proteins, Transcription factors"	"Transcription, Transcription regulation"	DNA-binding		"Evidence at protein level"	"Evidence at transcript level"	"Evidence at protein level"	"Evidence at protein level"	"Low tissue specificity"	"Detected in all"			"Cell type enhanced"	"Detected in many"		"Ciliated cells: 54.6;Cytotrophoblasts: 31.4;Syncytiotrophoblasts: 31.8"	"Low cell type specificity"	"Detected in all"			"Low cancer specificity"	"Detected in all"			"Low region specificity"	"Detected in all"			"Immune cell enriched"	"Detected in many"	4	"basophil: 12.5"	"Lineage enriched"	"Detected in all"	4	"granulocytes: 12.5"	"Low cancer specificity"	"Detected in all"			"Lung - Respiratory ciliated cells, Testis - Early spermatids, Testis - Late spermatids"									HPA047845	Approved		Approved	Nucleoplasm			NA	NA			"Cluster 32: Basophils - Transcription"	"Cluster 24: Parathyroid gland - Vesicular transport"	"Cluster 17: Choroid plexus - Cilium"	"Cluster 4: Non-specific - Transcription"	"Cluster 42: Ciliated cells - Cilium assembly"	30	Nucleoplasm		"HPA047845: AB_2680178"	"potential prognostic favorable (5.57e-4)"	"unprognostic (1.22e-1)"	"unprognostic (1.49e-1)"	"unprognostic (3.80e-1)"	"unprognostic (1.39e-1)"	"unprognostic (2.31e-1)"	"unprognostic (1.36e-1)"	"unprognostic (7.55e-3)"	"unprognostic (7.18e-3)"	"unprognostic (2.75e-2)"	"validated prognostic favorable (3.29e-4)"	"validated prognostic favorable (7.72e-4)"	"unprognostic (3.57e-2)"	"unprognostic (5.37e-2)"	"unprognostic (3.38e-1)"	"unprognostic (1.13e-1)"	"unprognostic (1.25e-1)"	"unprognostic (1.41e-1)"	"unprognostic (2.29e-1)"	"unprognostic (1.97e-2)"	"unprognostic (1.11e-1)"	"unprognostic (3.48e-1)"	"unprognostic (1.60e-2)"	"potential prognostic unfavorable (8.20e-5)"	"potential prognostic favorable (9.87e-4)"	"unprognostic (9.40e-2)"	"unprognostic (2.52e-2)"	"unprognostic (1.25e-1)"	"unprognostic (2.28e-1)"	"unprognostic (7.93e-2)"	"unprognostic (1.44e-1)"
ZSCAN31	"ZNF310P, ZNF323"	ENSG00000235109	"Zinc finger and SCAN domain containing 31"	Q96LW9	6	28324693-28356271	"Predicted intracellular proteins, Transcription factors"	"Transcription, Transcription regulation"	DNA-binding		"Evidence at protein level"	"Evidence at protein level"	"Evidence at protein level"	"Evidence at protein level"	"Low tissue specificity"	"Detected in all"			"Group enriched"	"Detected in many"	4	"Early spermatids: 163.0;Late spermatids: 69.8"	"Low cell type specificity"	"Detected in all"			"Low cancer specificity"	"Detected in all"			"Low region specificity"	"Detected in all"			"Immune cell enriched"	"Detected in many"	10	"basophil: 17.6"	"Lineage enriched"	"Detected in many"	10	"granulocytes: 17.6"	"Low cancer specificity"	"Detected in all"			"Testis - Early spermatids, Testis - Late spermatids"					"Low region specificity"	"Detected in all"			HPA007124	Approved		Approved	Nucleoplasm,Cytosol			NA	Yes			"Cluster 24: Non-specific - Transcription"	"Cluster 74: Spermatids - Flagellum assembly"	"Cluster 34: Non-specific - Mixed function"	"Cluster 7: Liver cancer - Metabolism"	"Cluster 18: Early spermatids - Unknown function"	3	Nucleoplasm	Cytosol	"HPA007124: AB_1080703"	"unprognostic (1.54e-1)"	"unprognostic (1.95e-1)"		"unprognostic (1.54e-1)"	"unprognostic (2.45e-1)"	"unprognostic (3.88e-1)"	"unprognostic (3.18e-3)"	"unprognostic (3.49e-1)"	"unprognostic (7.97e-2)"	"unprognostic (7.00e-3)"	"validated prognostic favorable (1.10e-5)"	"validated prognostic favorable (6.95e-6)"	"unprognostic (4.22e-2)"	"unprognostic (3.79e-2)"		"unprognostic (8.44e-2)"	"unprognostic (2.22e-1)"	"unprognostic (1.54e-1)"	"unprognostic (7.46e-2)"	"unprognostic (5.89e-2)"	"unprognostic (1.75e-1)"	"unprognostic (9.80e-2)"	"unprognostic (1.52e-1)"	"unprognostic (2.98e-1)"	"unprognostic (1.20e-3)"	"unprognostic (1.80e-1)"	"unprognostic (1.27e-1)"	"unprognostic (5.53e-3)"	"unprognostic (2.11e-1)"	"unprognostic (2.76e-1)"	"unprognostic (2.84e-2)"
