Gene	"Gene synonym"	Ensembl	"Gene description"	Uniprot	Chromosome	Position	"Protein class"	"Biological process"	"Molecular function"	"Disease involvement"	Evidence	"HPA evidence"	"UniProt evidence"	"NeXtProt evidence"	"RNA tissue specificity"	"RNA tissue distribution"	"RNA tissue specificity score"	"RNA tissue specific nTPM"	"RNA single cell type specificity"	"RNA single cell type distribution"	"RNA single cell type specificity score"	"RNA single cell type specific nTPM"	"RNA single nuclei brain specificity"	"RNA single nuclei brain distribution"	"RNA single nuclei brain specificity score"	"RNA single nuclei brain specific nTPM"	"RNA cancer specificity"	"RNA cancer distribution"	"RNA cancer specificity score"	"RNA cancer specific FPKM"	"RNA brain regional specificity"	"RNA brain regional distribution"	"RNA brain regional specificity score"	"RNA brain regional specific nTPM"	"RNA blood cell specificity"	"RNA blood cell distribution"	"RNA blood cell specificity score"	"RNA blood cell specific nTPM"	"RNA blood lineage specificity"	"RNA blood lineage distribution"	"RNA blood lineage specificity score"	"RNA blood lineage specific nTPM"	"RNA cell line specificity"	"RNA cell line distribution"	"RNA cell line specificity score"	"RNA cell line specific nTPM"	"RNA tissue cell type enrichment"	"RNA mouse brain regional specificity"	"RNA mouse brain regional distribution"	"RNA mouse brain regional specificity score"	"RNA mouse brain regional specific nTPM"	"RNA pig brain regional specificity"	"RNA pig brain regional distribution"	"RNA pig brain regional specificity score"	"RNA pig brain regional specific nTPM"	Antibody	"Reliability (IH)"	"Reliability (Mouse Brain)"	"Reliability (IF)"	"Subcellular location"	"Secretome location"	"Secretome function"	"CCD Protein"	"CCD Transcript"	"Blood concentration - Conc. blood IM [pg/L]"	"Blood concentration - Conc. blood MS [pg/L]"	"Blood expression cluster"	"Tissue expression cluster"	"Brain expression cluster"	"Cell line expression cluster"	"Single cell expression cluster"	Interactions	"Subcellular main location"	"Subcellular additional location"	"Antibody RRID"	"Cancer prognostics - Bladder Urothelial Carcinoma (TCGA)"	"Cancer prognostics - Breast Invasive Carcinoma (TCGA)"	"Cancer prognostics - Breast Invasive Carcinoma (validation)"	"Cancer prognostics - Cervical Squamous Cell Carcinoma and Endocervical Adenocarcinoma (TCGA)"	"Cancer prognostics - Colon Adenocarcinoma (TCGA)"	"Cancer prognostics - Colon Adenocarcinoma (validation)"	"Cancer prognostics - Glioblastoma Multiforme (TCGA)"	"Cancer prognostics - Glioblastoma Multiforme (validation)"	"Cancer prognostics - Head and Neck Squamous Cell Carcinoma (TCGA)"	"Cancer prognostics - Kidney Chromophobe (TCGA)"	"Cancer prognostics - Kidney Renal Clear Cell Carcinoma (TCGA)"	"Cancer prognostics - Kidney Renal Clear Cell Carcinoma (validation)"	"Cancer prognostics - Kidney Renal Papillary Cell Carcinoma (TCGA)"	"Cancer prognostics - Liver Hepatocellular Carcinoma (TCGA)"	"Cancer prognostics - Liver Hepatocellular Carcinoma (validation)"	"Cancer prognostics - Lung Adenocarcinoma (TCGA)"	"Cancer prognostics - Lung Adenocarcinoma (validation)"	"Cancer prognostics - Lung Squamous Cell Carcinoma (TCGA)"	"Cancer prognostics - Lung Squamous Cell Carcinoma (validation)"	"Cancer prognostics - Ovary Serous Cystadenocarcinoma (TCGA)"	"Cancer prognostics - Ovary Serous Cystadenocarcinoma (validation)"	"Cancer prognostics - Pancreatic Adenocarcinoma (TCGA)"	"Cancer prognostics - Pancreatic Adenocarcinoma (validation)"	"Cancer prognostics - Prostate Adenocarcinoma (TCGA)"	"Cancer prognostics - Rectum Adenocarcinoma (TCGA)"	"Cancer prognostics - Rectum Adenocarcinoma (validation)"	"Cancer prognostics - Skin Cuteneous Melanoma (TCGA)"	"Cancer prognostics - Stomach Adenocarcinoma (TCGA)"	"Cancer prognostics - Testicular Germ Cell Tumor (TCGA)"	"Cancer prognostics - Thyroid Carcinoma (TCGA)"	"Cancer prognostics - Uterine Corpus Endometrial Carcinoma (TCGA)"
PRSS2	TRY2	ENSG00000275896	"Serine protease 2"	P07478	7	142760398-142774564	"Enzymes, Human disease related genes, Plasma proteins, Predicted secreted proteins"	Digestion	"Hydrolase, Protease, Serine protease"		"Evidence at protein level"	"Evidence at protein level"	"Evidence at protein level"	"Evidence at protein level"	"Tissue enriched"	"Detected in many"	452	"pancreas: 232476.3"	"Cell type enriched"	"Detected in some"	22	"Exocrine glandular cells: 56266.6"	"Not detected"	"Not detected"			"Cancer enriched"	"Detected in many"	65	"Pancreatic Adenocarcinoma (TCGA): 4249.7"	"Not detected"	"Not detected"			"Group enriched"	"Detected in some"	8	"basophil: 4.1;T-reg: 2.9"	"Group enriched"	"Detected in many"	8	"granulocytes: 4.1;T-cells: 2.9"	"Cancer enhanced"	"Detected in many"		"Myeloma: 203.2;pancreatic cancer: 63.8"										"HPA062452, HPA063471"	Supported		Approved	"Endoplasmic reticulum,Vesicles"	"Secreted to digestive system"	Enzyme	NA	NA		1600000000		"Cluster 15: Pancreas - Proteolysis"		"Cluster 51: Myeloma - Immunoglobulins"	"Cluster 60: Pancreatic exocrine cells - Proteolysis"	6	Vesicles	"Endoplasmic reticulum"	"HPA062452: AB_2684768, HPA063471: AB_2685017"	"unprognostic (3.08e-1)"	"unprognostic (2.36e-2)"			"unprognostic (1.56e-1)"	"unprognostic (7.84e-2)"										"unprognostic (3.41e-1)"	"unprognostic (8.41e-3)"	"unprognostic (1.74e-1)"	"unprognostic (2.51e-2)"	"unprognostic (3.65e-3)"		"unprognostic (2.13e-2)"			"unprognostic (1.01e-1)"	"unprognostic (8.08e-2)"		"unprognostic (1.13e-2)"		"unprognostic (1.45e-2)"	"potential prognostic unfavorable (1.19e-4)"
FABP2	I-FABP	ENSG00000145384	"Fatty acid binding protein 2"	P12104	4	119317250-119322138	"Cancer-related genes, Metabolic proteins, Plasma proteins, Predicted intracellular proteins"	Transport		"Cancer-related genes"	"Evidence at protein level"	"Evidence at protein level"	"Evidence at protein level"	"Evidence at protein level"	"Tissue enriched"	"Detected in some"	173	"intestine: 534.5"	"Cell type enriched"	"Detected in some"	12	"Proximal enterocytes: 6752.6"	"Cell type enriched"	"Detected in single"	22	"choroid plexus epithelial cell: 8.2"	"Group enriched"	"Detected in some"	8	"Colon Adenocarcinoma (TCGA): 5.5;Pancreatic Adenocarcinoma (TCGA): 2.6;Rectum Adenocarcinoma (TCGA): 4.6;Stomach Adenocarcinoma (TCGA): 4.2"	"Low region specificity"	"Detected in all"			"Group enriched"	"Detected in some"	6	"basophil: 1.6;neutrophil: 4.2"	"Lineage enriched"	"Detected in single"	9	"granulocytes: 4.2"	"Group enriched"	"Detected in some"	5	"Bile duct cancer: 2.0;colorectal cancer: 1.8;Gastric cancer: 1.1"	"Colon - Colon enterocytes"	"Not detected"	"Not detected"			"Low region specificity"	"Detected in many"			"HPA034607, CAB047325, CAB047326"	Enhanced		Approved	"Plasma membrane,Actin filaments,Cytosol"			NA	NA		390000	"Cluster 35: Neutrophils - Protein binding"	"Cluster 25: Small intestine - Absorption"	"Cluster 9: Non-specific - Receptor signaling"	"Cluster 57: Stomach & Colon cancer - Digestion"	"Cluster 22: Proximal enterocytes - Digestion"	2	"Actin filaments, Cytosol"	"Plasma membrane"	"CAB047325: , CAB047326: , HPA034607: AB_10601317"					"unprognostic (5.26e-2)"	"unprognostic (6.08e-2)"																"unprognostic (3.15e-1)"	"unprognostic (1.05e-1)"		"unprognostic (5.42e-2)"	"unprognostic (1.52e-3)"		"unprognostic (1.29e-1)"			
PDE6G	"PDEG, RP57"	ENSG00000185527	"Phosphodiesterase 6G"	P18545	17	81650459-81663112	"Disease related genes, Enzymes, Human disease related genes, Metabolic proteins, Potential drug targets, Predicted intracellular proteins"	"Sensory transduction, Vision"	Hydrolase	"Retinitis pigmentosa"	"Evidence at protein level"	"Evidence at protein level"	"Evidence at protein level"	"Evidence at protein level"	"Tissue enriched"	"Detected in many"	99	"retina: 1986.8"	"Cell type enriched"	"Detected in some"	4	"Rod photoreceptor cells: 3542.6"	"Low cell type specificity"	"Detected in some"			"Cancer enhanced"	"Detected in many"		"Testicular Germ Cell Tumor (TCGA): 25.0"	"Low region specificity"	"Detected in single"			"Group enriched"	"Detected in many"	6	"basophil: 127.6;NK-cell: 220.8"	"Group enriched"	"Detected in all"	6	"granulocytes: 127.6;NK-cells: 220.8"	"Group enriched"	"Detected in some"	5	"Leukemia: 12.6;testis cancer: 5.7"	"Minor Salivary Gland - Macrophages, Thyroid gland - T-cells"	"Region enhanced"	"Detected in some"		"hippocampal formation: 4.7"	"Low region specificity"	"Detected in some"			HPA045118	Supported		Uncertain	Vesicles			NA	NA			"Cluster 42: Non-specific - Vesicular transport"	"Cluster 76: Retina - Visual perception"	"Cluster 50: Non-specific - Nucleic acid binding"	"Cluster 47: Leukemia - Hemostasis"	"Cluster 66: Photoreceptor cells - Visual perception"	5	Vesicles		"HPA045118: AB_2732517"	"unprognostic (1.12e-2)"	"unprognostic (9.87e-2)"	"unprognostic (7.47e-2)"			"unprognostic (2.91e-2)"	"unprognostic (3.43e-1)"		"unprognostic (8.76e-2)"	"unprognostic (2.66e-1)"	"unprognostic (7.40e-2)"	"unprognostic (1.40e-1)"	"unprognostic (2.29e-1)"	"unprognostic (5.06e-2)"	"unprognostic (1.34e-1)"	"unprognostic (5.46e-2)"	"unprognostic (1.28e-1)"	"unprognostic (1.72e-1)"	"unprognostic (1.26e-1)"	"unprognostic (1.92e-1)"	"unprognostic (1.48e-1)"	"unprognostic (4.40e-2)"				"unprognostic (4.42e-2)"	"potential prognostic favorable (2.68e-4)"	"unprognostic (2.72e-2)"	"unprognostic (9.79e-3)"	"unprognostic (1.89e-1)"	"unprognostic (6.51e-2)"
RAB44	"dJ431A14.3, RASD3, RASL13"	ENSG00000255587	"RAB44, member RAS oncogene family"	Q7Z6P3	6	36697826-36733184	"Predicted intracellular proteins"				"Evidence at protein level"	"Evidence at transcript level"	"Evidence at protein level"	"Evidence at protein level"	"Tissue enriched"	"Detected in single"	64	"bone marrow: 58.2"	"Cell type enriched"	"Detected in some"	11	"granulocytes: 27.1"	"Not detected"	"Not detected"			"Not detected"	"Not detected"			"Not detected"	"Not detected"			"Group enriched"	"Detected in some"	10	"basophil: 10.6;eosinophil: 7.2"	"Lineage enriched"	"Detected in single"	12	"granulocytes: 10.6"	"Cancer enriched"	"Detected in single"	135	"Leukemia: 26.6"	"Adipose subcutaneous - Mast cells, Adipose visceral - Mast cells, Breast - Fibroblasts, Colon - Mast cells, Minor Salivary Gland - Mast cells, Spleen - Hematopoietic stem cells"	"Not detected"	"Not detected"			"Low region specificity"	"Detected in all"			HPA079390			Approved	Vesicles			NA	NA			"Cluster 22: Eosinophils - Transcription"	"Cluster 6: Bone marrow - Innate immune response"		"Cluster 14: Myeloid leukemia - Innate immune response"	"Cluster 30: Granulocytes - Unknown function"		Vesicles		"HPA079390: "																															
RNASE2	"EDN, RAF3, RNS2"	ENSG00000169385	"Ribonuclease A family member 2"	P10153	14	20955487-20956436	"Enzymes, Plasma proteins, Predicted secreted proteins"	Chemotaxis	"Endonuclease, Hydrolase, Lyase, Nuclease"		"Evidence at protein level"	"Evidence at protein level"	"Evidence at protein level"	"Evidence at protein level"	"Tissue enriched"	"Detected in many"	49	"bone marrow: 1689.0"	"Group enriched"	"Detected in some"	4	"Kupffer cells: 220.6;Macrophages: 68.7"	"Cell type enriched"	"Detected in single"	5	"central nervous system macrophage: 3.3"	"Cancer enriched"	"Detected in many"	7	"Glioblastoma Multiforme (TCGA): 27.9"	"Low region specificity"	"Detected in all"			"Group enriched"	"Detected in many"	5	"basophil: 459.4;eosinophil: 1355.1"	"Lineage enriched"	"Detected in many"	7	"granulocytes: 1355.1"	"Cancer enriched"	"Detected in single"	210	"Leukemia: 160.0"	"Adipose subcutaneous - Macrophages, Adrenal gland - Macrophages, Breast - Macrophages, Heart muscle - Macrophages, Kidney - Macrophages, Prostate - Macrophages, Spleen - Hematopoietic stem cells, Stomach - Macrophages, Thyroid gland - Macrophages"					"Not detected"	"Not detected"			HPA044983	Enhanced				"Secreted to blood"	Enzyme	NA	NA		120000000	"Cluster 42: Non-specific - Vesicular transport"	"Cluster 6: Bone marrow - Innate immune response"	"Cluster 20: Macrophages & Microglia - Immune response"	"Cluster 14: Myeloid leukemia - Innate immune response"	"Cluster 29: Monocytes - Innate immune response"	1			"HPA044983: AB_10963689"	"unprognostic (2.54e-1)"	"unprognostic (8.04e-2)"	"unprognostic (6.93e-2)"	"unprognostic (1.25e-1)"	"unprognostic (9.64e-2)"	"unprognostic (7.99e-2)"	"unprognostic (6.81e-3)"	"unprognostic (5.03e-2)"	"unprognostic (9.51e-2)"		"potential prognostic unfavorable (2.10e-6)"	"unprognostic (7.01e-3)"	"unprognostic (2.21e-1)"	"potential prognostic unfavorable (5.59e-4)"	"unprognostic (1.55e-2)"	"unprognostic (3.76e-2)"	"unprognostic (1.60e-3)"	"unprognostic (5.62e-3)"	"unprognostic (1.39e-3)"	"unprognostic (1.08e-2)"	"unprognostic (1.34e-1)"	"unprognostic (8.22e-3)"	"unprognostic (2.28e-1)"		"unprognostic (2.04e-1)"	"unprognostic (2.21e-1)"	"unprognostic (1.98e-1)"	"unprognostic (4.38e-3)"	"unprognostic (1.21e-2)"	"unprognostic (1.37e-2)"	"unprognostic (8.69e-2)"
OLIG1	"BHLHB6, bHLHe21"	ENSG00000184221	"Oligodendrocyte transcription factor 1"	Q8TAK6	21	33070141-33072413	"Predicted intracellular proteins, Transcription factors"	"Transcription, Transcription regulation"	"Developmental protein, DNA-binding"		"Evidence at protein level"	"Evidence at transcript level"	"Evidence at protein level"	"Evidence at protein level"	"Tissue enriched"	"Detected in some"	47	"brain: 229.8"	"Cell type enhanced"	"Detected in some"		"Distal tubular cells: 64.5;Oligodendrocyte precursor cells: 348.6;Oligodendrocytes: 125.3"	"Group enriched"	"Detected in many"	31	"committed oligodendrocyte precursor: 272.9;oligodendrocyte: 231.0;oligodendrocyte precursor cell: 746.8"	"Cancer enriched"	"Detected in some"	10	"Glioblastoma Multiforme (TCGA): 214.0"	"Low region specificity"	"Detected in all"			"Group enriched"	"Detected in some"	10	"basophil: 12.1;eosinophil: 37.6"	"Lineage enriched"	"Detected in many"	15	"granulocytes: 37.6"	"Cancer enhanced"	"Detected in some"		"Leukemia: 6.7;Myeloma: 3.7"	"Skin - Eccrine sweat gland cells"	"Low region specificity"	"Detected in all"			"Low region specificity"	"Detected in all"										NA	NA			"Cluster 22: Eosinophils - Transcription"	"Cluster 9: Oligodendrocytes - Myelination"	"Cluster 11: White matter - Signal transduction"	"Cluster 14: Myeloid leukemia - Innate immune response"	"Cluster 76: Oligodendrocyte precursor - Unknown function"	15										"unprognostic (1.73e-2)"	"potential prognostic favorable (8.96e-4)"		"unprognostic (5.97e-3)"	"unprognostic (6.22e-3)"	"unprognostic (4.13e-2)"															"unprognostic (3.51e-1)"				
RHOXF1P3		ENSG00000282933	"Rhox homeobox family member 1 pseudogene 3"		X	119942834-119992838	"Predicted intracellular proteins"				"Evidence at transcript level"	"Evidence at transcript level"			"Tissue enriched"	"Detected in single"	38	"pancreas: 32.2"	"Cell type enhanced"	"Detected in some"		"Collecting duct cells: 1.9;Distal tubular cells: 6.1;Lymphatic endothelial cells: 4.0;Proximal tubular cells: 5.2;Spermatogonia: 3.8"	"Low cell type specificity"	"Detected in many"							"Low region specificity"	"Detected in many"			"Group enriched"	"Detected in all"	7	"basophil: 38.1;eosinophil: 49.6"	"Lineage enriched"	"Detected in all"	8	"granulocytes: 49.6"	"Cancer enhanced"	"Detected in some"		"Neuroblastoma: 4.4"																	NA	NA			"Cluster 41: Basophils - Unknown function"		"Cluster 11: White matter - Signal transduction"	"Cluster 17: Neuroblastoma - Neuronal signaling"	"Cluster 56: Proximal tubular cells - Amino acid metabolism"																																			
GNAT2	ACHM4	ENSG00000134183	"G protein subunit alpha transducin 2"	P19087	1	109603091-109619929	"Disease related genes, Human disease related genes, Predicted intracellular proteins"	"Sensory transduction, Vision"	Transducer		"Evidence at protein level"	"Evidence at transcript level"	"Evidence at protein level"	"Evidence at protein level"	"Tissue enriched"	"Detected in some"	29	"retina: 76.4"	"Cell type enriched"	"Detected in some"	25	"Cone photoreceptor cells: 321.1"	"Low cell type specificity"	"Detected in some"			"Not detected"	"Not detected"			"Low region specificity"	"Detected in all"			"Group enriched"	"Detected in some"	4	"basophil: 2.3;eosinophil: 2.5;neutrophil: 3.7"	"Lineage enriched"	"Detected in single"	5	"granulocytes: 3.7"	"Low cancer specificity"	"Detected in many"				"Not detected"	"Not detected"			"Low region specificity"	"Detected in all"										NA	NA			"Cluster 35: Neutrophils - Protein binding"	"Cluster 76: Retina - Visual perception"	"Cluster 23: Choroid plexus - Mixed function"	"Cluster 1: Neuronal - Visual perception"	"Cluster 66: Photoreceptor cells - Visual perception"	6									"unprognostic (8.19e-2)"																				"unprognostic (2.60e-1)"					
TSPAN16	"TM-8, TM4-B, TM4SF16"	ENSG00000130167	"Tetraspanin 16"	Q9UKR8	19	11296139-11326996	"Predicted membrane proteins"				"Evidence at protein level"	"Evidence at protein level"	"Evidence at transcript level"	"Evidence at protein level"	"Tissue enriched"	"Detected in some"	26	"testis: 130.9"	"Cell type enriched"	"Detected in some"	8	"Late spermatids: 4882.9"	"Low cell type specificity"	"Detected in many"			"Not detected"	"Not detected"			"Low region specificity"	"Detected in many"			"Group enriched"	"Detected in some"	11	"basophil: 16.6;eosinophil: 19.2;neutrophil: 37.6"	"Lineage enriched"	"Detected in many"	17	"granulocytes: 37.6"	"Not detected"	"Not detected"			"Spleen - Neutrophils, Testis - Late spermatids"					"Not detected"	"Not detected"			HPA076551	Enhanced		Approved	"Plasma membrane"			NA	NA			"Cluster 21: Neutrophils - Unknown function"	"Cluster 20: Testis - Spermatogenesis"	"Cluster 4: Non-specific - mRNA splicing & Cell cycle"	"Cluster 14: Myeloid leukemia - Innate immune response"	"Cluster 36: Late spermatids - Unknown function"	2	"Plasma membrane"		"HPA076551: "																															
CABYR	"CBP86, CT88, FSP-2"	ENSG00000154040	"Calcium binding tyrosine phosphorylation regulated"	O75952	18	24138987-24161600	"Predicted intracellular proteins"				"Evidence at protein level"	"Evidence at protein level"	"Evidence at protein level"	"Evidence at protein level"	"Tissue enriched"	"Detected in many"	23	"testis: 295.1"	"Group enriched"	"Detected in many"	22	"Early spermatids: 2003.5;Late spermatids: 3980.5"	"Low cell type specificity"	"Detected in all"			"Cancer enhanced"	"Detected in all"		"Testicular Germ Cell Tumor (TCGA): 34.0"	"Low region specificity"	"Detected in all"			"Group enriched"	"Detected in some"	5	"basophil: 5.6;memory B-cell: 4.8;naive B-cell: 5.4;neutrophil: 2.0"	"Group enriched"	"Detected in many"	6	"B-cells: 5.4;granulocytes: 5.6"	"Cancer enriched"	"Detected in many"	5	"Gallbladder cancer: 102.6"	"Testis - Early spermatids, Testis - Late spermatids"	"Low region specificity"	"Detected in single"			"Low region specificity"	"Detected in all"			"HPA040703, HPA047801"	Enhanced		Supported	"Nucleoplasm,Cytosol,Principal piece"			NA	NA			"Cluster 20: Non-specific - DNA binding"	"Cluster 20: Testis - Spermatogenesis"	"Cluster 53: Neurons - Mixed function"	"Cluster 7: Liver cancer - Metabolism"	"Cluster 36: Late spermatids - Unknown function"	2	"Nucleoplasm, Cytosol, Principal piece"		"HPA040703: AB_2677087, HPA047801: AB_2680159"	"unprognostic (4.12e-2)"	"unprognostic (4.82e-3)"	"unprognostic (1.66e-1)"	"unprognostic (7.58e-3)"	"unprognostic (1.82e-1)"	"unprognostic (8.00e-3)"	"unprognostic (4.24e-2)"	"unprognostic (3.84e-2)"	"unprognostic (4.15e-2)"	"potential prognostic unfavorable (9.09e-4)"	"potential prognostic unfavorable (1.86e-6)"	"unprognostic (1.50e-2)"	"unprognostic (4.18e-2)"	"potential prognostic unfavorable (4.26e-4)"	"unprognostic (6.12e-2)"	"unprognostic (5.05e-2)"	"unprognostic (1.76e-1)"	"unprognostic (3.59e-1)"	"unprognostic (1.20e-2)"	"unprognostic (1.16e-2)"	"unprognostic (5.30e-1)"	"unprognostic (3.18e-2)"	"unprognostic (1.14e-1)"	"unprognostic (1.58e-1)"	"unprognostic (2.78e-1)"	"unprognostic (8.12e-2)"	"unprognostic (2.53e-1)"	"unprognostic (4.86e-2)"	"unprognostic (1.54e-1)"	"unprognostic (2.70e-1)"	"unprognostic (2.15e-1)"
SYCP2L	"C6orf177, dJ62D2.1, NO145"	ENSG00000153157	"Synaptonemal complex protein 2 like"	Q5T4T6	6	10886831-10979320	"Predicted intracellular proteins"				"Evidence at protein level"	"Evidence at protein level"	"Evidence at protein level"	"Evidence at protein level"	"Tissue enriched"	"Detected in some"	21	"parathyroid gland: 66.4"	"Cell type enhanced"	"Detected in many"		"Astrocytes: 20.4;dendritic cells: 20.5;Early spermatids: 22.7;Excitatory neurons: 27.5;Inhibitory neurons: 22.1;Oocytes: 68.4"	"Low cell type specificity"	"Detected in many"			"Cancer enhanced"	"Detected in some"		"Testicular Germ Cell Tumor (TCGA): 2.8"	"Low region specificity"	"Detected in many"			"Group enriched"	"Detected in some"	7	"basophil: 1.7;eosinophil: 3.4;plasmacytoid DC: 4.2"	"Group enriched"	"Detected in many"	17	"dendritic cells: 4.2;granulocytes: 3.4"	"Cancer enhanced"	"Detected in some"		"Leukemia: 6.6;testis cancer: 7.4"		"Not detected"	"Not detected"			"Low region specificity"	"Detected in many"			HPA034679			Supported	Nucleoplasm			NA	NA			"Cluster 29: Non-specific - Unknown function"	"Cluster 24: Parathyroid gland - Vesicular transport"	"Cluster 40: Astrocytes - Astrocyte-neuron interactions"	"Cluster 49: HMC-1 - Innate immune response"	"Cluster 34: Neurons - Neuronal signaling"		Nucleoplasm		"HPA034679: AB_10669729"			"unprognostic (1.22e-1)"					"unprognostic (2.85e-3)"									"unprognostic (4.46e-2)"	"unprognostic (3.41e-1)"	"unprognostic (3.92e-1)"										"unprognostic (2.55e-1)"		
UGT2B11		ENSG00000213759	"UDP glucuronosyltransferase family 2 member B11"	O75310	4	69199951-69214748	"Enzymes, Metabolic proteins, Predicted membrane proteins"		"Glycosyltransferase, Transferase"		"Evidence at protein level"	"Evidence at transcript level"	"Evidence at protein level"	"Evidence at protein level"	"Tissue enriched"	"Detected in some"	21	"breast: 233.7"	"Group enriched"	"Detected in some"	4	"Breast glandular cells: 7.7;Cholangiocytes: 7.6;Melanocytes: 5.2"	"Not detected"	"Not detected"			"Group enriched"	"Detected in some"	16	"Breast Invasive Carcinoma (TCGA): 36.8;Liver Hepatocellular Carcinoma (TCGA): 22.5"	"Not detected"	"Not detected"			"Group enriched"	"Detected in some"	42	"basophil: 4.7;eosinophil: 3.6"	"Lineage enriched"	"Detected in single"	48	"granulocytes: 4.7"	"Group enriched"	"Detected in some"	14	"liver cancer: 6.5;prostate cancer: 16.3"	"Liver - Hepatocytes"									HPA045108	Uncertain						NA	NA			"Cluster 46: Basophils - Proteolysis"	"Cluster 73: Breast - Lactation"		"Cluster 60: Prostate cancer - Unknown function"	"Cluster 17: Breast glandular cells - Lactation"	1			"HPA045108: AB_2679218"		"unprognostic (2.60e-1)"	"unprognostic (4.59e-1)"								"potential prognostic favorable (5.36e-7)"	"unprognostic (1.98e-1)"	"unprognostic (7.25e-3)"	"potential prognostic unfavorable (1.78e-4)"	"unprognostic (5.23e-2)"	"unprognostic (2.83e-2)"	"unprognostic (5.90e-2)"					"unprognostic (5.31e-2)"									
GHRL	"ghrelin, MTLRP, obestatin"	ENSG00000157017	"Ghrelin and obestatin prepropeptide"	Q9UBU3	3	10285666-10292947	"Human disease related genes, Plasma proteins, Predicted intracellular proteins, Predicted secreted proteins"		Hormone		"Evidence at protein level"	"Evidence at protein level"	"Evidence at protein level"	"Evidence at protein level"	"Tissue enriched"	"Detected in many"	19	"stomach 1: 346.3"	"Cell type enriched"	"Detected in many"	73	"Gastric mucus-secreting cells: 1282.9"	"Cell type enhanced"	"Detected in many"		"central nervous system macrophage: 11.3"	"Low cancer specificity"	"Detected in many"			"Low region specificity"	"Detected in all"			"Group enriched"	"Detected in many"	4	"basophil: 17.6;classical monocyte: 11.1;eosinophil: 12.4;myeloid DC: 41.9;neutrophil: 25.9;plasmacytoid DC: 28.6"	"Group enriched"	"Detected in many"	6	"dendritic cells: 41.9;granulocytes: 25.9;monocytes: 11.1"	"Low cancer specificity"	"Detected in many"				"Low region specificity"	"Detected in single"			"Low region specificity"	"Detected in many"			"HPA014246, CAB022731"	Enhanced				"Secreted to blood"	Hormone	NA	NA	2580000	340000	"Cluster 2: Dendritic cells - Unknown function"	"Cluster 48: Stomach - Proteolysis"	"Cluster 48: Non-specific - Mixed function"	"Cluster 14: Myeloid leukemia - Innate immune response"	"Cluster 46: Gastric mucus-secreting cells - Digestion"	4			"CAB022731: , HPA014246: AB_1849659"	"unprognostic (1.25e-3)"	"unprognostic (5.37e-3)"	"unprognostic (6.12e-2)"	"unprognostic (2.56e-3)"	"unprognostic (1.31e-1)"	"unprognostic (2.28e-1)"	"unprognostic (2.27e-1)"	"unprognostic (7.07e-3)"	"potential prognostic favorable (3.74e-5)"		"potential prognostic unfavorable (3.12e-4)"	"unprognostic (4.13e-2)"	"unprognostic (5.09e-1)"	"unprognostic (2.74e-2)"	"unprognostic (1.32e-1)"	"unprognostic (1.78e-2)"	"unprognostic (2.64e-1)"	"unprognostic (1.97e-1)"	"unprognostic (6.56e-2)"	"unprognostic (8.39e-2)"		"unprognostic (1.09e-1)"	"unprognostic (2.73e-2)"	"unprognostic (2.21e-1)"	"unprognostic (1.67e-1)"	"unprognostic (1.10e-1)"	"unprognostic (2.22e-1)"	"unprognostic (1.16e-1)"	"unprognostic (9.37e-2)"	"unprognostic (3.42e-3)"	"unprognostic (1.93e-1)"
GFI1B	ZNF163B	ENSG00000165702	"Growth factor independent 1B transcriptional repressor"	Q5VTD9	9	132944000-132991687	"Disease related genes, Human disease related genes, Predicted intracellular proteins, Transcription factors"	"Transcription, Transcription regulation"	"Activator, Chromatin regulator, Developmental protein, DNA-binding, Repressor"	Proto-oncogene	"Evidence at protein level"	"Evidence at protein level"	"Evidence at protein level"	"Evidence at protein level"	"Tissue enriched"	"Detected in some"	18	"bone marrow: 38.5"	"Group enriched"	"Detected in some"	15	"Early spermatids: 93.2;Erythroid cells: 98.6;Langerhans cells: 35.9;Late spermatids: 66.5;Paneth cells: 26.7"	"Not detected"	"Not detected"			"Not detected"	"Not detected"			"Low region specificity"	"Detected in many"			"Group enriched"	"Detected in many"	19	"basophil: 195.8;eosinophil: 396.6"	"Lineage enriched"	"Detected in many"	26	"granulocytes: 396.6"	"Cancer enriched"	"Detected in some"	25	"Leukemia: 46.9"	"Liver - Erythroid cells, Testis - Late spermatids"	"Not detected"	"Not detected"			"Low region specificity"	"Detected in some"			"CAB004420, HPA006291"	Enhanced		Approved	"Nucleoplasm,Plasma membrane"			NA	NA			"Cluster 22: Eosinophils - Transcription"	"Cluster 6: Bone marrow - Innate immune response"	"Cluster 30: White matter - Myelination"	"Cluster 47: Leukemia - Hemostasis"	"Cluster 1: Erythroid cells - Oxygen transport"	27	"Nucleoplasm, Plasma membrane"		"CAB004420: AB_2110132, HPA006291: "																															
KCNC1	Kv3.1	ENSG00000129159	"Potassium voltage-gated channel subfamily C member 1"	P48547	11	17734774-17856804	"Disease related genes, FDA approved drug targets, Human disease related genes, Predicted intracellular proteins, Predicted membrane proteins, Transporters, Voltage-gated ion channels"	"Ion transport, Potassium transport, Transport"	"Ion channel, Potassium channel, Voltage-gated channel"	"Disease variant, Epilepsy, FDA approved drug targets, Neurodegeneration"	"Evidence at protein level"	"Evidence at protein level"	"Evidence at protein level"	"Evidence at protein level"	"Tissue enriched"	"Detected in some"	15	"brain: 102.0"	"Cell type enhanced"	"Detected in many"		"Bipolar cells: 55.7;Excitatory neurons: 46.6;Horizontal cells: 272.6;Inhibitory neurons: 115.5"	"Low cell type specificity"	"Detected in all"			"Low cancer specificity"	"Detected in some"			"Low region specificity"	"Detected in all"			"Group enriched"	"Detected in some"	5	"basophil: 3.3;neutrophil: 1.3"	"Lineage enriched"	"Detected in single"	7	"granulocytes: 3.3"	"Cancer enhanced"	"Detected in some"		"Neuroblastoma: 7.7"	"Adrenal gland - Adrenal medulla cells, Colon - Colon enteroendocrine cells, Pancreas - Alpha cells, Pituitary gland - Corticotropes, Testis - Early spermatids"	"Low region specificity"	"Detected in all"			"Low region specificity"	"Detected in all"			"HPA047634, HPA048249"	Enhanced		Approved	"Nucleoplasm,Nuclear membrane,Vesicles,Cytosol"			NA	NA			"Cluster 20: Non-specific - DNA binding"	"Cluster 65: Cerebellum - Nervous system development"	"Cluster 37: Neurons - Mixed function"	"Cluster 17: Neuroblastoma - Neuronal signaling"	"Cluster 71: Horizontal & Bipolar cells - Neuronal signaling"	2	"Nucleoplasm, Nuclear membrane"	"Vesicles, Cytosol"	"HPA047634: AB_2680109, HPA048249: "		"unprognostic (3.33e-2)"	"unprognostic (3.85e-1)"			"unprognostic (2.73e-2)"	"unprognostic (1.76e-1)"	"unprognostic (1.62e-2)"																		"unprognostic (5.10e-2)"			"unprognostic (1.18e-1)"		
TFR2	"HFE3, TFRC2"	ENSG00000106327	"Transferrin receptor 2"	Q9UP52	7	100620416-100642779	"Disease related genes, Enzymes, FDA approved drug targets, Human disease related genes, Plasma proteins, Predicted membrane proteins, Transporters"		Receptor	"Disease variant, FDA approved drug targets"	"Evidence at protein level"	"Evidence at protein level"	"Evidence at protein level"	"Evidence at protein level"	"Tissue enriched"	"Detected in some"	15	"liver: 337.4"	"Cell type enriched"	"Detected in some"	5	"Hepatocytes: 343.4"	"Low cell type specificity"	"Detected in many"			"Cancer enriched"	"Detected in some"	164	"Liver Hepatocellular Carcinoma (TCGA): 184.1"	"Low region specificity"	"Detected in some"			"Group enriched"	"Detected in some"	23	"basophil: 2.5;eosinophil: 1.9"	"Lineage enriched"	"Detected in single"	26	"granulocytes: 2.5"	"Cancer enriched"	"Detected in some"	7	"Leukemia: 23.6"	"Liver - Hepatocytes, Stomach - Parietal cells"	"Low region specificity"	"Detected in many"			"Low region specificity"	"Detected in all"			"CAB016255, HPA017171, HPA073125"	Enhanced		Approved	"Golgi apparatus"			NA	NA		1100000	"Cluster 46: Basophils - Proteolysis"	"Cluster 83: Liver - Metabolism"	"Cluster 15: Non-specific - Transcription"	"Cluster 47: Leukemia - Hemostasis"	"Cluster 62: Hepatocytes - Metabolism"	4	"Golgi apparatus"		"CAB016255: AB_628395, HPA017171: , HPA073125: "			"unprognostic (1.14e-2)"					"unprognostic (4.07e-2)"						"unprognostic (2.15e-2)"	"unprognostic (4.51e-3)"						"unprognostic (1.07e-1)"		"unprognostic (3.31e-2)"					"unprognostic (4.06e-2)"			
ROPN1L	"ASP, FLJ25776, RSPH11"	ENSG00000145491	"Rhophilin associated tail protein 1 like"	Q96C74	5	10441524-10472029	"Predicted intracellular proteins"				"Evidence at protein level"	"Evidence at protein level"	"Evidence at protein level"	"Evidence at protein level"	"Tissue enriched"	"Detected in some"	12	"testis: 314.0"	"Cell type enhanced"	"Detected in many"		"Early spermatids: 3139.0;Late spermatids: 3370.4;Spermatocytes: 826.0"	"Cell type enriched"	"Detected in many"	13	"ependymal cell: 359.6"	"Cancer enhanced"	"Detected in many"		"Uterine Corpus Endometrial Carcinoma (TCGA): 13.4"	"Low region specificity"	"Detected in all"			"Group enriched"	"Detected in many"	12	"basophil: 45.2;eosinophil: 55.2;neutrophil: 105.7"	"Lineage enriched"	"Detected in many"	18	"granulocytes: 105.7"	"Low cancer specificity"	"Detected in some"			"Lung - Respiratory ciliated cells, Spleen - Neutrophils, Testis - Early spermatids, Testis - Late spermatids"	"Low region specificity"	"Detected in all"			"Low region specificity"	"Detected in all"			"HPA039193, HPA041830"	Enhanced		Supported	"Nucleoplasm,Vesicles,Primary cilium transition zone,Mid piece,Principal piece,End piece"			NA	NA			"Cluster 21: Neutrophils - Unknown function"	"Cluster 8: Ciliated cells - Cilium organization"	"Cluster 17: Choroid plexus - Cilium"	"Cluster 14: Myeloid leukemia - Innate immune response"	"Cluster 11: Late spermatids - Unknown function"	6	"Primary cilium transition zone, Mid piece, Principal piece, End piece"	"Nucleoplasm, Vesicles"	"HPA039193: AB_10673415, HPA041830: AB_2677695"		"potential prognostic favorable (2.74e-4)"	"unprognostic (3.32e-1)"				"unprognostic (7.34e-3)"	"unprognostic (1.13e-1)"			"unprognostic (7.73e-2)"	"unprognostic (1.18e-1)"	"unprognostic (5.54e-2)"			"unprognostic (5.81e-2)"	"unprognostic (9.42e-2)"	"unprognostic (1.86e-2)"		"unprognostic (1.19e-1)"	"unprognostic (2.10e-2)"			"unprognostic (4.87e-2)"					"unprognostic (2.56e-1)"		"unprognostic (4.42e-2)"
CLC	"Gal-10, LGALS10, MGC149659"	ENSG00000105205	"Charcot-Leyden crystal galectin"	Q05315	19	39731255-39738029	"Predicted intracellular proteins"				"Evidence at protein level"	"Evidence at protein level"	"Evidence at protein level"	"Evidence at protein level"	"Tissue enriched"	"Detected in many"	11	"bone marrow: 447.0"	"Cell type enriched"	"Detected in some"	6	"Erythroid cells: 66.2"	"Not detected"	"Not detected"			"Cancer enhanced"	"Detected in some"		"Rectum Adenocarcinoma (TCGA): 3.6"	"Region enriched"	"Detected in single"	4	"hypothalamus: 1.7"	"Group enriched"	"Detected in all"	312	"basophil: 28919.8;eosinophil: 21548.5"	"Lineage enriched"	"Detected in all"	2255	"granulocytes: 28919.8"	"Cancer enriched"	"Detected in single"	327	"Leukemia: 107.0"	"Spleen - Hematopoietic stem cells"					"Not detected"	"Not detected"			HPA041751	Enhanced						NA	NA		620000	"Cluster 22: Eosinophils - Transcription"	"Cluster 6: Bone marrow - Innate immune response"	"Cluster 56: Hypothalamus - Neuropeptide signaling"	"Cluster 49: HMC-1 - Innate immune response"	"Cluster 1: Erythroid cells - Oxygen transport"				"HPA041751: AB_10793973"			"unprognostic (4.73e-1)"		"unprognostic (2.38e-2)"	"unprognostic (2.49e-1)"										"unprognostic (1.64e-2)"	"unprognostic (4.41e-2)"	"unprognostic (1.14e-1)"	"unprognostic (5.29e-3)"						"unprognostic (7.95e-2)"	"unprognostic (2.65e-1)"		"unprognostic (4.31e-2)"	"unprognostic (3.33e-3)"		
HAL	HIS	ENSG00000084110	"Histidine ammonia-lyase"	P42357	12	95972662-95996365	"Disease related genes, Enzymes, Human disease related genes, Metabolic proteins, Plasma proteins, Potential drug targets, Predicted intracellular proteins"	"Histidine metabolism"	Lyase	"Disease variant"	"Evidence at protein level"	"Evidence at protein level"	"Evidence at protein level"	"Evidence at protein level"	"Group enriched"	"Detected in some"	11	"liver: 193.3;skin 1: 59.5"	"Cell type enhanced"	"Detected in some"		"Glandular and luminal cells: 15.9;Hepatocytes: 97.9;Kupffer cells: 14.6;monocytes: 28.6"	"Cell type enhanced"	"Detected in some"		"endothelial cell: 1.6;leukocyte: 2.7"	"Cancer enriched"	"Detected in some"	10	"Liver Hepatocellular Carcinoma (TCGA): 40.4"	"Low region specificity"	"Detected in single"			"Group enriched"	"Detected in many"	4	"basophil: 57.0;neutrophil: 73.6"	"Lineage enriched"	"Detected in many"	5	"granulocytes: 73.6"	"Group enriched"	"Detected in some"	4	"Leukemia: 6.6;liver cancer: 3.0"	"Adipose visceral - Neutrophils, Heart muscle - Neutrophils, Lung - Neutrophil_2, Pituitary gland - Somatotropes, Skeletal muscle - Neutrophils, Skin - Keratinocyte (granular), Spleen - Neutrophils, Stomach - Neutrophils"	"Not detected"	"Not detected"			"Low region specificity"	"Detected in all"			"HPA038547, HPA038548"	Enhanced		Approved	Cytosol			NA	NA		220000	"Cluster 35: Neutrophils - Protein binding"	"Cluster 83: Liver - Metabolism"	"Cluster 15: Non-specific - Transcription"	"Cluster 14: Myeloid leukemia - Innate immune response"	"Cluster 62: Hepatocytes - Metabolism"	34	Cytosol		"HPA038547: AB_10669541, HPA038548: AB_10673175"			"unprognostic (1.39e-1)"			"unprognostic (1.64e-1)"			"unprognostic (2.76e-2)"					"unprognostic (1.02e-2)"	"unprognostic (1.24e-2)"	"unprognostic (4.59e-3)"	"unprognostic (8.64e-2)"		"unprognostic (1.96e-1)"				"unprognostic (1.05e-3)"			"unprognostic (2.80e-1)"	"unprognostic (6.54e-2)"				"unprognostic (7.82e-2)"
CMTM1	"CKLFH, CKLFH1a, CKLFSF1"	ENSG00000089505	"CKLF like MARVEL transmembrane domain containing 1"	Q8IZ96	16	66566393-66579137	"Predicted intracellular proteins, Predicted membrane proteins, Transporters"	Chemotaxis	Cytokine		"Evidence at protein level"	"Evidence at transcript level"	"Evidence at transcript level"	"Evidence at protein level"	"Tissue enriched"	"Detected in many"	10	"testis: 30.4"	"Group enriched"	"Detected in some"	5	"Early spermatids: 56.6;Late spermatids: 111.1"	"Low cell type specificity"	"Detected in all"			"Low cancer specificity"	"Detected in many"			"Low region specificity"	"Detected in all"			"Group enriched"	"Detected in many"	4	"basophil: 8.8;eosinophil: 6.2;neutrophil: 7.1"	"Lineage enriched"	"Detected in many"	5	"granulocytes: 8.8"	"Low cancer specificity"	"Detected in many"			"Testis - Early spermatids, Testis - Late spermatids"	"Not detected"	"Not detected"							"HPA013801, HPA017136"	Uncertain		Approved	Nucleoplasm			NA	NA			"Cluster 21: Neutrophils - Unknown function"	"Cluster 44: Testis - Spermatogenesis"	"Cluster 6: Non-specific - Immune response"	"Cluster 68: Non-specific - Cell cycle regulation"	"Cluster 70: Spermatocytes & Spermatids - Spermatid development"		Nucleoplasm		"HPA013801: AB_1846990, HPA017136: AB_1846992"	"unprognostic (2.89e-1)"	"unprognostic (1.97e-1)"	"unprognostic (2.56e-1)"	"unprognostic (8.46e-2)"	"unprognostic (2.80e-1)"	"unprognostic (1.62e-2)"	"unprognostic (3.27e-1)"	"potential prognostic favorable (1.98e-5)"	"unprognostic (2.09e-2)"		"unprognostic (1.29e-1)"	"unprognostic (2.50e-1)"	"unprognostic (1.88e-1)"		"unprognostic (1.85e-3)"	"potential prognostic unfavorable (5.08e-4)"	"unprognostic (2.54e-2)"	"unprognostic (1.17e-2)"	"unprognostic (5.51e-2)"	"unprognostic (3.28e-2)"	"unprognostic (1.22e-2)"	"unprognostic (1.24e-3)"	"unprognostic (3.21e-3)"		"unprognostic (6.02e-2)"	"unprognostic (2.02e-1)"	"unprognostic (6.79e-2)"	"unprognostic (2.33e-1)"	"unprognostic (1.62e-1)"	"unprognostic (7.33e-2)"	"unprognostic (1.32e-1)"
KCTD19	FLJ40162	ENSG00000168676	"Potassium channel tetramerization domain containing 19"	Q17RG1	16	67289428-67326760	"Predicted intracellular proteins"	"Differentiation, Meiosis, Spermatogenesis, Transcription, Transcription regulation"	Activator		"Evidence at protein level"	"Evidence at transcript level"	"Evidence at protein level"	"Evidence at protein level"	"Tissue enriched"	"Detected in some"	10	"testis: 32.0"	"Group enriched"	"Detected in some"	12	"Early spermatids: 66.6;Spermatocytes: 63.1"	"Low cell type specificity"	"Detected in many"			"Low cancer specificity"	"Detected in many"			"Low region specificity"	"Detected in all"			"Group enriched"	"Detected in some"	5	"basophil: 1.5;neutrophil: 2.7;plasmacytoid DC: 2.7"	"Group enriched"	"Detected in many"	6	"dendritic cells: 2.7;granulocytes: 2.7"	"Low cancer specificity"	"Detected in some"			"Adipose visceral - Mesothelial cells, Testis - Early spermatids"	"Not detected"	"Not detected"			"Not detected"	"Not detected"			"HPA049310, HPA053321"	Uncertain						NA	NA			"Cluster 2: Dendritic cells - Unknown function"	"Cluster 44: Testis - Spermatogenesis"	"Cluster 6: Non-specific - Immune response"	"Cluster 59: Leukemia - T-cell receptor"	"Cluster 31: Spermatocytes - Spermatogenesis"	1			"HPA049310: AB_2680706, HPA053321: AB_2682110"				"unprognostic (2.04e-1)"		"unprognostic (8.28e-2)"					"potential prognostic unfavorable (7.92e-4)"		"unprognostic (2.27e-1)"										"unprognostic (9.87e-2)"	"unprognostic (1.07e-1)"		"unprognostic (9.39e-2)"		"unprognostic (9.01e-2)"	"unprognostic (1.63e-1)"		"potential prognostic unfavorable (3.19e-4)"
NPC2	"EDDM1, HE1, NP-C2"	ENSG00000119655	"NPC intracellular cholesterol transporter 2"	P61916	14	74476192-74494177	"Disease related genes, Human disease related genes, Plasma proteins, Potential drug targets, Predicted intracellular proteins, Predicted secreted proteins, Transporters"	"Cholesterol metabolism, Lipid metabolism, Lipid transport, Steroid metabolism, Sterol metabolism, Transport"		"Disease variant, Niemann-Pick disease"	"Evidence at protein level"	"Evidence at protein level"	"Evidence at protein level"	"Evidence at protein level"	"Tissue enriched"	"Detected in all"	9	"epididymis: 16376.6"	"Cell type enhanced"	"Detected in all"		"Alveolar cells type 2: 2445.0;Hofbauer cells: 3032.8;Kupffer cells: 1533.7"	"Cell type enhanced"	"Detected in all"		"central nervous system macrophage: 107.1;choroid plexus epithelial cell: 118.0"	"Cancer enhanced"	"Detected in all"		"Thyroid Carcinoma (TCGA): 4543.9"	"Low region specificity"	"Detected in all"			"Group enriched"	"Detected in all"	4	"basophil: 671.5;classical monocyte: 1304.7;intermediate monocyte: 1776.9;myeloid DC: 588.8;neutrophil: 678.2;non-classical monocyte: 1258.0;plasmacytoid DC: 2119.0"	"Group enriched"	"Detected in all"	5	"dendritic cells: 2119.0;granulocytes: 678.2;monocytes: 1776.9"	"Low cancer specificity"	"Detected in all"			"Adipose subcutaneous - Macrophages, Breast - Fibroblasts, Minor Salivary Gland - Macrophages, Spleen - Macrophages"	"Low region specificity"	"Detected in all"			"Low region specificity"	"Detected in all"			"HPA000835, CAB032888"	Enhanced				"Secreted to blood"	Transport	NA	NA		31000000	"Cluster 10: Non-specific - Membrane trafficking"	"Cluster 50: Epididymis - Male reproductive secretion"	"Cluster 21: Non-specific - Metabolism"	"Cluster 53: Squamous epithelial cells - Keratinization"	"Cluster 58: Macrophages - Innate immune response"	11			"CAB032888: AB_2157036, HPA000835: AB_1079499"	"unprognostic (1.44e-1)"	"unprognostic (2.61e-3)"	"unprognostic (2.68e-1)"	"unprognostic (4.09e-2)"	"unprognostic (4.57e-2)"	"unprognostic (1.42e-3)"	"unprognostic (3.05e-3)"	"unprognostic (8.59e-2)"	"unprognostic (4.89e-2)"	"unprognostic (1.03e-1)"	"potential prognostic favorable (5.11e-5)"	"unprognostic (3.47e-1)"	"unprognostic (3.57e-2)"	"potential prognostic unfavorable (2.36e-5)"	"unprognostic (4.88e-2)"	"potential prognostic favorable (9.10e-4)"	"unprognostic (2.83e-1)"	"unprognostic (7.52e-3)"	"potential prognostic unfavorable (2.55e-4)"	"unprognostic (1.28e-3)"	"unprognostic (5.51e-2)"	"unprognostic (1.34e-1)"	"unprognostic (1.01e-1)"	"unprognostic (5.80e-2)"	"unprognostic (5.99e-3)"	"unprognostic (8.28e-2)"	"unprognostic (1.33e-1)"	"unprognostic (1.65e-3)"	"unprognostic (1.94e-1)"	"unprognostic (1.46e-3)"	"unprognostic (1.22e-1)"
PADI4	"PAD, PADI5, PDI4, PDI5"	ENSG00000159339	"Peptidyl arginine deiminase 4"	Q9UM07	1	17308195-17364004	"Disease related genes, Enzymes, Metabolic proteins, Plasma proteins, Potential drug targets, Predicted intracellular proteins"	"Immunity, Innate immunity, Transcription, Transcription regulation"	"Chromatin regulator, Hydrolase"		"Evidence at protein level"	"Evidence at protein level"	"Evidence at protein level"	"Evidence at protein level"	"Group enriched"	"Detected in some"	9	"bone marrow: 104.1;lymphoid tissue: 29.2"	"Cell type enhanced"	"Detected in some"		"dendritic cells: 14.6;granulocytes: 6.3;Hofbauer cells: 7.8;Macrophages: 7.7;monocytes: 21.9;NK-cells: 8.5"	"Cell type enhanced"	"Detected in some"		"leukocyte: 4.7;upper-layer intratelencephalic: 3.0"	"Not detected"	"Not detected"			"Low region specificity"	"Detected in many"			"Group enriched"	"Detected in many"	8	"basophil: 80.1;classical monocyte: 71.3;eosinophil: 97.7;neutrophil: 183.5"	"Group enriched"	"Detected in all"	9	"granulocytes: 183.5;monocytes: 71.3"	"Cancer enriched"	"Detected in single"	10	"Leukemia: 3.7"	"Adipose visceral - Neutrophils, Heart muscle - Neutrophils, Liver - Neutrophils, Lung - Neutrophil_2, Minor Salivary Gland - Neutrophils, Pituitary gland - Neutrophils, Skeletal muscle - Neutrophils, Skin - Sebaceous gland cells, Stomach - Neutrophils, Thyroid gland - Neutrophils"	"Not detected"	"Not detected"			"Not detected"	"Not detected"			"HPA017007, HPA042825"	Enhanced						NA	NA		44000	"Cluster 21: Neutrophils - Unknown function"	"Cluster 6: Bone marrow - Innate immune response"	"Cluster 53: Neurons - Mixed function"	"Cluster 14: Myeloid leukemia - Innate immune response"	"Cluster 74: Neutrophils - Degranulation"	13			"HPA017007: AB_1854921, HPA042825: AB_2678189"																							"unprognostic (4.03e-2)"								
OSM	MGC20461	ENSG00000099985	"Oncostatin M"	P13725	22	30262829-30266851	"Cancer-related genes, Plasma proteins, Predicted intracellular proteins, Predicted secreted proteins"	"Growth regulation"	"Cytokine, Mitogen"	"Cancer-related genes"	"Evidence at protein level"	"Evidence at transcript level"	"Evidence at protein level"	"Evidence at protein level"	"Tissue enriched"	"Detected in many"	8	"bone marrow: 116.9"	"Cell type enhanced"	"Detected in some"		"granulocytes: 38.6;Hofbauer cells: 159.6;Macrophages: 52.3;monocytes: 33.4"	"Group enriched"	"Detected in some"	24	"central nervous system macrophage: 1.9;leukocyte: 3.5"	"Low cancer specificity"	"Detected in many"			"Low region specificity"	"Detected in many"			"Group enriched"	"Detected in many"	8	"basophil: 65.5;neutrophil: 35.0"	"Lineage enriched"	"Detected in many"	10	"granulocytes: 65.5"	"Cancer enhanced"	"Detected in some"		"Leukemia: 11.1;lymphoma: 6.2"	"Colon - Neutrophils"	"Not detected"	"Not detected"			"Region enriched"	"Detected in single"	6	"spinal cord: 3.3"						"Secreted to blood"	Cytokine	NA	NA	39700		"Cluster 35: Neutrophils - Protein binding"	"Cluster 77: Bone marrow - Cell proliferation"	"Cluster 12: Non-specific - Vasculature"	"Cluster 71: Lymphoma - Inflammatory response"	"Cluster 74: Neutrophils - Degranulation"	5				"unprognostic (2.05e-1)"	"unprognostic (1.50e-1)"	"unprognostic (3.31e-1)"	"unprognostic (1.26e-2)"	"unprognostic (4.54e-2)"	"unprognostic (5.19e-2)"	"unprognostic (1.56e-2)"	"unprognostic (1.04e-1)"	"unprognostic (9.11e-2)"	"unprognostic (1.27e-1)"	"potential prognostic unfavorable (5.74e-5)"	"unprognostic (1.05e-1)"	"unprognostic (1.25e-1)"		"unprognostic (1.39e-1)"	"unprognostic (3.92e-1)"	"unprognostic (1.53e-2)"	"unprognostic (5.85e-2)"	"unprognostic (1.49e-1)"	"unprognostic (7.62e-3)"	"unprognostic (3.13e-1)"	"unprognostic (9.08e-3)"	"unprognostic (1.98e-1)"	"unprognostic (8.26e-2)"	"unprognostic (1.46e-2)"	"unprognostic (3.13e-1)"	"unprognostic (6.54e-2)"	"unprognostic (3.23e-2)"	"unprognostic (6.58e-2)"	"unprognostic (6.60e-2)"	"unprognostic (2.48e-1)"
PLAAT5	"HRASLS5, HRLP5, iNAT, PLAAT-5"	ENSG00000168004	"Phospholipase A and acyltransferase 5"	Q96KN8	11	63461404-63491194	"Enzymes, Predicted intracellular proteins"	"Lipid metabolism"	"Acyltransferase, Hydrolase, Transferase"		"Evidence at protein level"	"Evidence at transcript level"	"Evidence at protein level"	"Evidence at protein level"	"Group enriched"	"Detected in some"	8	"adipose tissue: 15.9;pancreas: 13.2;testis: 51.9"	"Group enriched"	"Detected in some"	8	"Early spermatids: 401.5;Late spermatids: 1023.1"	"Low cell type specificity"	"Detected in many"			"Cancer enhanced"	"Detected in some"		"Breast Invasive Carcinoma (TCGA): 3.2"	"Low region specificity"	"Detected in many"			"Group enriched"	"Detected in some"	65	"basophil: 5.4;eosinophil: 16.4"	"Lineage enriched"	"Detected in single"	97	"granulocytes: 16.4"	"Cancer enhanced"	"Detected in some"		"ovarian cancer: 1.5"	"Adipose subcutaneous - Adipocytes (Subcutaneous), Adipose visceral - Adipocytes (Visceral), Breast - Adipocytes (Breast), Kidney - Proximal tubular cells, Minor Salivary Gland - Adipocytes (Minor salivary gland), Stomach - Fibroblasts, Testis - Early spermatids, Testis - Late spermatids"	"Not detected"	"Not detected"			"Low region specificity"	"Detected in all"			HPA079686			Approved	Nucleoplasm,Cytosol			NA	NA			"Cluster 22: Eosinophils - Transcription"	"Cluster 46: Testis - Spermatogenesis"	"Cluster 22: Non-specific - Mixed function"	"Cluster 15: Kidney cancer - Membrane components"	"Cluster 63: Late spermatids - Spermatogenesis"	1	Cytosol	Nucleoplasm	"HPA079686: "		"unprognostic (1.87e-1)"					"validated prognostic unfavorable (8.29e-4)"	"validated prognostic unfavorable (8.06e-4)"		"unprognostic (3.55e-1)"							"unprognostic (1.50e-1)"						"unprognostic (7.17e-2)"					"unprognostic (1.07e-1)"	"unprognostic (1.96e-1)"		
UPB1	BUP1	ENSG00000100024	"Beta-ureidopropionase 1"	Q9UBR1	22	24494107-24528390	"Disease related genes, Enzymes, Human disease related genes, Metabolic proteins, Potential drug targets, Predicted intracellular proteins"		Hydrolase	"Disease variant"	"Evidence at protein level"	"Evidence at protein level"	"Evidence at protein level"	"Evidence at protein level"	"Tissue enriched"	"Detected in some"	8	"liver: 210.8"	"Group enriched"	"Detected in some"	9	"Hepatocytes: 135.2;Oocytes: 151.5;Proximal tubular cells: 49.5"	"Cell type enriched"	"Detected in some"	4	"pericyte: 49.7"	"Cancer enriched"	"Detected in some"	4	"Liver Hepatocellular Carcinoma (TCGA): 36.7"	"Low region specificity"	"Detected in all"			"Group enriched"	"Detected in some"	13	"basophil: 2.1;neutrophil: 1.9"	"Lineage enriched"	"Detected in single"	14	"granulocytes: 2.1"	"Not detected"	"Not detected"			"Kidney - Proximal tubular cells, Liver - Hepatocytes, Pancreas - Alpha cells, Skin - Sebaceous gland cells, Testis - Spermatogonia"	"Low region specificity"	"Detected in single"			"Low region specificity"	"Detected in all"			"HPA000728, HPA076321"	Enhanced						NA	NA		1100000	"Cluster 35: Neutrophils - Protein binding"	"Cluster 1: Liver & Kidney - Metabolism"	"Cluster 15: Non-specific - Transcription"	"Cluster 51: Myeloma - Immunoglobulins"	"Cluster 56: Proximal tubular cells - Amino acid metabolism"				"HPA000728: AB_1080471, HPA076321: "			"unprognostic (2.51e-2)"								"validated prognostic favorable (2.43e-6)"	"validated prognostic favorable (1.28e-6)"		"validated prognostic favorable (9.73e-5)"	"validated prognostic favorable (2.54e-7)"								"unprognostic (8.08e-3)"								
CACNG6		ENSG00000130433	"Calcium voltage-gated channel auxiliary subunit gamma 6"	Q9BXT2	19	53991637-54012666	"FDA approved drug targets, Predicted membrane proteins, Transporters"	"Calcium transport, Ion transport, Transport"	"Calcium channel, Ion channel, Voltage-gated channel"	"FDA approved drug targets"	"Evidence at protein level"	"Evidence at transcript level"	"Evidence at protein level"	"Evidence at protein level"	"Group enriched"	"Detected in some"	7	"skeletal muscle: 87.5;tongue: 28.8"	"Group enriched"	"Detected in some"	11	"Ciliated cells: 14.5;Skeletal myocytes: 32.2"	"Cell type enriched"	"Detected in some"	11	"ependymal cell: 13.3"	"Cancer enhanced"	"Detected in many"		"Uterine Corpus Endometrial Carcinoma (TCGA): 6.7"	"Low region specificity"	"Detected in many"			"Group enriched"	"Detected in some"	107	"basophil: 13.4;eosinophil: 8.0"	"Lineage enriched"	"Detected in single"	134	"granulocytes: 13.4"	"Cancer enhanced"	"Detected in many"		"Myeloma: 11.9;pancreatic cancer: 12.2"	"Lung - Respiratory ciliated cells"	"Low region specificity"	"Detected in many"			"Low region specificity"	"Detected in all"			HPA056615			Approved	"Nucleoli fibrillar center,Cytosol"			NA	NA			"Cluster 22: Eosinophils - Transcription"	"Cluster 2: Skeletal muscle - Striated muscle contraction"	"Cluster 46: Brainstem - Mixed function"	"Cluster 51: Myeloma - Immunoglobulins"	"Cluster 42: Ciliated cells - Cilium assembly"		"Nucleoli fibrillar center"	Cytosol	"HPA056615: AB_2683192"		"unprognostic (3.73e-1)"	"unprognostic (4.22e-2)"	"potential prognostic favorable (7.35e-4)"			"unprognostic (1.12e-1)"	"unprognostic (6.41e-2)"							"unprognostic (7.26e-1)"	"unprognostic (1.43e-1)"						"unprognostic (3.19e-1)"	"unprognostic (5.01e-2)"						"unprognostic (1.84e-1)"		"unprognostic (2.85e-1)"
ENSG00000288796		ENSG00000288796	"Novel protein"		4	73981074-73988190	"Predicted intracellular proteins"				"Evidence at protein level"	"Evidence at protein level"			"Tissue enriched"	"Detected in some"	7	"bone marrow: 16.1"													"Low region specificity"	"Detected in single"			"Group enriched"	"Detected in many"	10	"basophil: 174.4;neutrophil: 71.6"	"Lineage enriched"	"Detected in many"	14	"granulocytes: 174.4"	"Not detected"	"Not detected"												"HPA008354, HPA052485"	Supported						NA	NA			"Cluster 21: Neutrophils - Unknown function"		"Cluster 42: Choroid plexus - Mitochondria"	"Cluster 57: Stomach & Colon cancer - Digestion"					"HPA008354: AB_1847353, HPA052485: AB_2681847"																															
RTN2	"NSP2, NSPL1, SPG12"	ENSG00000125744	"Reticulon 2"	O75298	19	45485294-45497055	"Disease related genes, Human disease related genes, Predicted membrane proteins"			"Disease variant, Hereditary spastic paraplegia, Neurodegeneration"	"Evidence at protein level"	"Evidence at protein level"	"Evidence at protein level"	"Evidence at protein level"	"Group enriched"	"Detected in all"	7	"skeletal muscle: 491.9;tongue: 199.7"	"Group enriched"	"Detected in many"	4	"Cytotrophoblasts: 134.3;Extravillous trophoblasts: 170.7;Skeletal myocytes: 114.2;Syncytiotrophoblasts: 110.3"	"Low cell type specificity"	"Detected in many"			"Low cancer specificity"	"Detected in all"			"Low region specificity"	"Detected in all"			"Group enriched"	"Detected in some"	6	"basophil: 6.2;eosinophil: 2.6;plasmacytoid DC: 1.6"	"Group enriched"	"Detected in many"	10	"dendritic cells: 1.6;granulocytes: 6.2"	"Low cancer specificity"	"Detected in all"			"Adrenal gland - Adrenal cortex cells, Spleen - Macrophages"	"Low region specificity"	"Detected in all"			"Low region specificity"	"Detected in all"			"HPA034948, HPA078531"	Approved		Uncertain	Vesicles			NA	NA			"Cluster 41: Basophils - Unknown function"	"Cluster 2: Skeletal muscle - Striated muscle contraction"	"Cluster 52: Neurons & Synapses - Synaptic function"	"Cluster 33: Sarcoma - Muscle contraction"	"Cluster 4: Extravillous trophoblasts - Unknown function"	7	Vesicles		"HPA034948: AB_2674375, HPA078531: "	"unprognostic (2.94e-1)"	"unprognostic (2.82e-1)"	"unprognostic (1.71e-1)"	"unprognostic (2.51e-1)"	"unprognostic (1.17e-2)"	"unprognostic (8.63e-2)"	"potential prognostic unfavorable (9.40e-4)"	"unprognostic (5.23e-3)"	"unprognostic (2.69e-2)"	"unprognostic (1.76e-1)"	"unprognostic (5.70e-3)"	"unprognostic (2.44e-1)"	"unprognostic (1.27e-1)"	"unprognostic (1.34e-2)"	"unprognostic (2.41e-1)"	"unprognostic (5.03e-2)"	"unprognostic (1.32e-2)"	"unprognostic (1.21e-1)"	"unprognostic (2.13e-2)"	"unprognostic (8.82e-3)"	"unprognostic (5.90e-3)"	"unprognostic (8.24e-3)"	"unprognostic (3.94e-2)"	"unprognostic (1.17e-1)"	"unprognostic (4.67e-1)"	"unprognostic (2.94e-1)"	"unprognostic (3.10e-1)"	"unprognostic (1.40e-1)"	"unprognostic (2.99e-1)"	"unprognostic (1.48e-1)"	"unprognostic (1.05e-2)"
TMEM145	FLJ90805	ENSG00000167619	"Transmembrane protein 145"	Q8NBT3	19	42313309-42325064	"Predicted intracellular proteins, Predicted membrane proteins, Transporters"				"Evidence at protein level"	"Evidence at protein level"	"Evidence at transcript level"	"Evidence at protein level"	"Tissue enriched"	"Detected in many"	7	"brain: 204.5"	"Cell type enhanced"	"Detected in some"		"Bipolar cells: 49.8;Cone photoreceptor cells: 25.5;Excitatory neurons: 25.6;Horizontal cells: 77.4;Inhibitory neurons: 52.1;Rod photoreceptor cells: 28.2"	"Low cell type specificity"	"Detected in many"			"Low cancer specificity"	"Detected in all"			"Low region specificity"	"Detected in all"			"Group enriched"	"Detected in some"	8	"basophil: 5.0;neutrophil: 13.6"	"Lineage enriched"	"Detected in many"	11	"granulocytes: 13.6"	"Cancer enhanced"	"Detected in many"		"Neuroblastoma: 23.6"	"Pancreas - Alpha cells"	"Low region specificity"	"Detected in all"			"Low region specificity"	"Detected in all"			HPA060462	Enhanced	Approved	Approved	Vesicles			NA	NA			"Cluster 35: Neutrophils - Protein binding"	"Cluster 65: Cerebellum - Nervous system development"	"Cluster 2: Neurons - Nucleosome"	"Cluster 17: Neuroblastoma - Neuronal signaling"	"Cluster 71: Horizontal & Bipolar cells - Neuronal signaling"		Vesicles		"HPA060462: AB_2684285"	"unprognostic (1.29e-1)"	"unprognostic (2.70e-1)"	"unprognostic (1.28e-2)"	"unprognostic (4.00e-2)"	"unprognostic (1.41e-3)"	"unprognostic (2.34e-1)"	"unprognostic (3.34e-1)"	"unprognostic (3.78e-2)"	"unprognostic (4.49e-2)"	"potential prognostic unfavorable (6.63e-5)"	"potential prognostic unfavorable (2.17e-6)"	"unprognostic (1.23e-2)"	"unprognostic (3.11e-1)"	"unprognostic (4.20e-2)"	"unprognostic (4.15e-2)"	"unprognostic (1.68e-1)"	"unprognostic (4.27e-2)"	"unprognostic (1.92e-3)"	"unprognostic (1.27e-1)"	"unprognostic (4.79e-1)"		"potential prognostic favorable (9.40e-5)"	"unprognostic (1.19e-2)"	"unprognostic (3.30e-2)"	"unprognostic (3.18e-1)"	"unprognostic (7.48e-3)"	"unprognostic (3.19e-1)"	"unprognostic (4.79e-2)"	"unprognostic (6.21e-2)"	"unprognostic (1.79e-1)"	"unprognostic (8.52e-2)"
FGFR2	"BEK, CD332, CEK3, CFD1, ECT1, JWS, K-SAM, KGFR, TK14, TK25"	ENSG00000066468	"Fibroblast growth factor receptor 2"	P21802	10	121478332-121598458	"Cancer-related genes, CD markers, Disease related genes, Enzymes, FDA approved drug targets, Human disease related genes, Plasma proteins, Predicted intracellular proteins, Predicted membrane proteins, Predicted secreted proteins, RAS pathway related proteins"	Apoptosis	"Heparin-binding, Kinase, Receptor, Transferase, Tyrosine-protein kinase"	"Cancer-related genes, Craniosynostosis, Disease variant, Ectodermal dysplasia, FDA approved drug targets, Intellectual disability, Lacrimo-auriculo-dento-digital syndrome, Proto-oncogene"	"Evidence at protein level"	"Evidence at protein level"	"Evidence at protein level"	"Evidence at protein level"	"Tissue enriched"	"Detected in many"	6	"brain: 594.1"	"Group enriched"	"Detected in many"	5	"Astrocytes: 216.4;Cholangiocytes: 190.8;Oligodendrocytes: 523.6"	"Group enriched"	"Detected in many"	4	"bergmann glia: 1277.6;choroid plexus epithelial cell: 1305.0;oligodendrocyte: 929.3"	"Low cancer specificity"	"Detected in all"			"Low region specificity"	"Detected in all"			"Group enriched"	"Detected in some"	8	"basophil: 3.0;eosinophil: 2.0"	"Lineage enriched"	"Detected in single"	28	"granulocytes: 3.0"	"Cancer enhanced"	"Detected in many"		"Gastric cancer: 171.5"	"Lung - Alveolar cells type 2, Minor Salivary Gland - Minor salivary gland ductal cells, Pituitary gland - Undifferentiated cells (Pituitary gland), Skin - Keratinocyte (other), Testis - Spermatogonia, Thyroid gland - Thyroid glandular cells"	"Low region specificity"	"Detected in all"			"Low region specificity"	"Detected in all"			"CAB010886, HPA035305"	Uncertain		Approved	"Nucleoplasm,Vesicles,Cell Junctions"	"Secreted - unknown location"	Receptor	NA	NA		860000	"Cluster 46: Basophils - Proteolysis"	"Cluster 9: Oligodendrocytes - Myelination"	"Cluster 30: White matter - Myelination"	"Cluster 40: Non-specific - Unknown function"	"Cluster 51: Oligodendrocytes - Unknown function"	34	"Cell Junctions"	"Nucleoplasm, Vesicles"	"CAB010886: AB_259379, HPA035305: AB_10672862"	"unprognostic (1.73e-2)"	"unprognostic (2.01e-1)"	"unprognostic (6.80e-2)"	"unprognostic (1.18e-2)"	"unprognostic (6.89e-2)"	"unprognostic (5.27e-2)"	"unprognostic (1.63e-1)"	"unprognostic (1.78e-1)"	"unprognostic (2.04e-3)"	"unprognostic (2.90e-1)"	"unprognostic (1.11e-3)"	"potential prognostic favorable (3.24e-6)"	"unprognostic (6.37e-2)"	"unprognostic (8.26e-2)"	"unprognostic (6.57e-3)"	"unprognostic (7.91e-3)"	"unprognostic (3.60e-2)"	"unprognostic (1.82e-3)"	"potential prognostic favorable (2.43e-5)"	"unprognostic (3.77e-2)"	"unprognostic (6.40e-2)"	"unprognostic (1.10e-1)"	"unprognostic (1.19e-1)"	"unprognostic (5.32e-2)"	"unprognostic (1.51e-1)"	"unprognostic (7.53e-2)"	"unprognostic (2.15e-1)"	"unprognostic (1.80e-1)"	"unprognostic (2.93e-1)"	"unprognostic (1.46e-2)"	"unprognostic (1.99e-1)"
KRT26	KRT25B	ENSG00000186393	"Keratin 26"	Q7Z3Y9	17	40766238-40772201	"Predicted intracellular proteins"				"Evidence at protein level"	"Evidence at protein level"	"Evidence at protein level"	"Evidence at protein level"	"Tissue enriched"	"Detected in single"	6	"skin 1: 5.7"	"Not detected"	"Not detected"			"Not detected"	"Not detected"			"Not detected"	"Not detected"			"Low region specificity"	"Detected in single"			"Group enriched"	"Detected in some"	21	"basophil: 2.1;neutrophil: 3.4"	"Lineage enriched"	"Detected in single"	35	"granulocytes: 3.4"	"Not detected"	"Not detected"			"Testis - Spermatogonia"	"Not detected"	"Not detected"			"Low region specificity"	"Detected in all"			HPA026890	Enhanced						NA	NA			"Cluster 4: Neutrophils - Degranulation"	"Cluster 13: Skin - Cornification"	"Cluster 25: Non-specific - Transcription"		"Cluster 67: Spermatogonia - Spermatogenesis"	18			"HPA026890: AB_2672042"																															
NFE2	NF-E2	ENSG00000123405	"Nuclear factor, erythroid 2"	Q16621	12	54292111-54301015	"Predicted intracellular proteins, Transcription factors"	"Transcription, Transcription regulation"	"Activator, DNA-binding"		"Evidence at protein level"	"Evidence at protein level"	"Evidence at protein level"	"Evidence at protein level"	"Group enriched"	"Detected in many"	6	"bone marrow: 111.0;lymphoid tissue: 44.2"	"Cell type enriched"	"Detected in some"	7	"Erythroid cells: 155.5"	"Group enriched"	"Detected in some"	9	"choroid plexus epithelial cell: 2.6;leukocyte: 2.8"	"Cancer enhanced"	"Detected in many"		"Testicular Germ Cell Tumor (TCGA): 8.5"	"Low region specificity"	"Detected in some"			"Group enriched"	"Detected in many"	5	"basophil: 1493.0;neutrophil: 813.5"	"Lineage enriched"	"Detected in many"	6	"granulocytes: 1493.0"	"Cancer enriched"	"Detected in many"	7	"Leukemia: 95.2"	"Adipose visceral - Neutrophils, Colon - Neutrophils, Heart muscle - Neutrophils, Liver - Neutrophils, Lung - Neutrophil_2, Minor Salivary Gland - Neutrophils, Skin - Keratinocyte (granular), Spleen - Neutrophils, Stomach - Neutrophils, Testis - Late spermatids"	"Not detected"	"Not detected"			"Not detected"	"Not detected"			HPA001914	Enhanced		Approved	"Nucleoplasm,Actin filaments"			NA	NA			"Cluster 41: Basophils - Unknown function"	"Cluster 81: Lymphoid tissue & Bone marrow - Innate immune response"	"Cluster 42: Choroid plexus - Mitochondria"	"Cluster 47: Leukemia - Hemostasis"	"Cluster 1: Erythroid cells - Oxygen transport"	10	"Nucleoplasm, Actin filaments"		"HPA001914: AB_1079475"	"unprognostic (3.34e-2)"	"unprognostic (4.16e-3)"	"unprognostic (8.38e-2)"	"unprognostic (3.00e-2)"	"unprognostic (6.63e-2)"	"unprognostic (1.01e-1)"			"unprognostic (1.22e-1)"							"unprognostic (8.32e-3)"	"unprognostic (1.49e-1)"	"unprognostic (1.68e-2)"	"unprognostic (2.11e-1)"	"unprognostic (1.12e-1)"	"unprognostic (7.90e-2)"	"unprognostic (1.81e-2)"			"unprognostic (2.65e-3)"	"unprognostic (1.28e-2)"	"unprognostic (1.79e-1)"	"unprognostic (5.62e-3)"	"unprognostic (1.10e-1)"	"unprognostic (3.31e-3)"	"unprognostic (1.16e-1)"
OXER1	"GPCR, GPR170, TG1019"	ENSG00000162881	"Oxoeicosanoid receptor 1"	Q8TDS5	2	42762499-42764135	"G-protein coupled receptors, Predicted membrane proteins"		"G-protein coupled receptor, Receptor, Transducer"		"Evidence at protein level"	"Evidence at transcript level"	"Evidence at protein level"	"Evidence at protein level"	"Tissue enriched"	"Detected in many"	6	"liver: 55.0"	"Cell type enhanced"	"Detected in some"		"Hepatocytes: 6.4;Melanocytes: 5.2;Paneth cells: 5.2;Proximal enterocytes: 13.9"	"Cell type enhanced"	"Detected in some"		"central nervous system macrophage: 5.2;choroid plexus epithelial cell: 2.4;fibroblast: 1.8"	"Cancer enhanced"	"Detected in many"		"Liver Hepatocellular Carcinoma (TCGA): 16.0"	"Low region specificity"	"Detected in all"			"Group enriched"	"Detected in some"	6	"basophil: 73.5;eosinophil: 158.2"	"Lineage enriched"	"Detected in many"	81	"granulocytes: 158.2"	"Cancer enhanced"	"Detected in some"		"liver cancer: 2.7"	"Kidney - Proximal tubular cells, Liver - Hepatocytes, Skeletal muscle - Fibroblasts"									HPA051433	Approved						NA	NA			"Cluster 22: Eosinophils - Transcription"	"Cluster 83: Liver - Metabolism"	"Cluster 23: Choroid plexus - Mixed function"	"Cluster 50: Lymphoma - Unknown function"	"Cluster 22: Proximal enterocytes - Digestion"	30			"HPA051433: AB_2681485"	"unprognostic (6.32e-2)"	"unprognostic (3.48e-1)"	"unprognostic (1.08e-2)"	"unprognostic (3.70e-2)"	"unprognostic (7.08e-2)"	"unprognostic (6.68e-3)"	"unprognostic (3.25e-2)"			"unprognostic (2.71e-2)"	"potential prognostic unfavorable (3.33e-5)"	"unprognostic (2.51e-1)"	"unprognostic (2.23e-3)"	"unprognostic (7.55e-2)"	"unprognostic (1.57e-1)"	"unprognostic (2.40e-1)"		"unprognostic (5.45e-2)"				"potential prognostic favorable (3.84e-4)"		"unprognostic (4.80e-2)"	"potential prognostic favorable (6.76e-4)"	"unprognostic (9.35e-2)"	"unprognostic (7.89e-2)"	"unprognostic (5.38e-2)"	"unprognostic (6.29e-2)"		"unprognostic (8.94e-2)"
STX11		ENSG00000135604	"Syntaxin 11"	O75558	6	144150487-144191939	"Disease related genes, Human disease related genes, Predicted intracellular proteins"	"Protein transport, Transport"		"Familial hemophagocytic lymphohistiocytosis"	"Evidence at protein level"	"Evidence at transcript level"	"Evidence at protein level"	"Evidence at protein level"	"Tissue enriched"	"Detected in many"	6	"bone marrow: 148.0"	"Cell type enhanced"	"Detected in many"		"Langerhans cells: 384.0;Macrophages: 175.2;monocytes: 778.8"	"Group enriched"	"Detected in some"	4	"central nervous system macrophage: 16.9;leukocyte: 40.6"	"Low cancer specificity"	"Detected in many"			"Low region specificity"	"Detected in all"			"Group enriched"	"Detected in all"	7	"basophil: 55.8;classical monocyte: 161.7;eosinophil: 102.7;intermediate monocyte: 181.5;myeloid DC: 60.8;neutrophil: 205.0;non-classical monocyte: 200.0"	"Group enriched"	"Detected in all"	8	"dendritic cells: 60.8;granulocytes: 205.0;monocytes: 200.0"	"Cancer enhanced"	"Detected in many"		"lymphoma: 15.2"	"Adipose subcutaneous - Adipocytes (Subcutaneous), Colon - Endothelial cells, Liver - Neutrophils, Prostate - Endothelial cells, Skeletal muscle - Endothelial cells"	"Not detected"	"Not detected"			"Low region specificity"	"Detected in many"			HPA007992	Approved						NA	NA		600000	"Cluster 37: Monocytes & Neutrophils - Innate immune response"	"Cluster 77: Bone marrow - Cell proliferation"	"Cluster 12: Non-specific - Vasculature"	"Cluster 71: Lymphoma - Inflammatory response"	"Cluster 29: Monocytes - Innate immune response"	107			"HPA007992: AB_1857620"	"unprognostic (2.52e-1)"	"unprognostic (5.80e-3)"	"unprognostic (4.30e-1)"	"unprognostic (1.64e-1)"		"unprognostic (3.38e-1)"	"unprognostic (1.19e-1)"	"unprognostic (2.37e-2)"	"unprognostic (1.18e-1)"		"unprognostic (3.98e-3)"	"unprognostic (9.57e-2)"	"unprognostic (3.23e-1)"		"unprognostic (1.52e-1)"	"unprognostic (2.13e-2)"	"unprognostic (9.14e-2)"	"unprognostic (7.91e-2)"	"unprognostic (8.76e-2)"		"unprognostic (1.20e-1)"	"unprognostic (6.83e-2)"	"unprognostic (5.74e-2)"			"unprognostic (4.80e-2)"	"unprognostic (3.28e-1)"	"unprognostic (1.20e-1)"	"unprognostic (6.73e-3)"	"unprognostic (5.72e-3)"	
ALS2	ALS2CR6	ENSG00000003393	"Alsin Rho guanine nucleotide exchange factor ALS2"	Q96Q42	2	201700267-201782112	"Disease related genes, Human disease related genes, Predicted intracellular proteins"		"Guanine-nucleotide releasing factor"	"Amyotrophic lateral sclerosis, Neurodegeneration"	"Evidence at protein level"	"Evidence at protein level"	"Evidence at protein level"	"Evidence at protein level"	"Tissue enriched"	"Detected in all"	5	"brain: 74.0"	"Cell type enhanced"	"Detected in many"		"Excitatory neurons: 88.8;granulocytes: 83.1;Inhibitory neurons: 63.8"	"Cell type enhanced"	"Detected in all"		"upper rhombic lip: 396.1"	"Low cancer specificity"	"Detected in all"			"Low region specificity"	"Detected in all"			"Group enriched"	"Detected in many"	5	"basophil: 22.8;eosinophil: 6.8"	"Lineage enriched"	"Detected in all"	7	"granulocytes: 22.8"	"Low cancer specificity"	"Detected in all"			"Spleen - Endothelial cells, Testis - Spermatogonia"	"Low region specificity"	"Detected in all"			"Region enriched"	"Detected in all"	4	"cerebellum: 129.9"	"HPA046588, HPA075409"	Enhanced		Approved	Vesicles,Cytosol			NA	NA			"Cluster 46: Basophils - Proteolysis"	"Cluster 65: Cerebellum - Nervous system development"	"Cluster 35: Non-specific - DNA binding"	"Cluster 49: HMC-1 - Innate immune response"	"Cluster 30: Granulocytes - Unknown function"	20	"Vesicles, Cytosol"		"HPA046588: AB_2679709, HPA075409: "	"unprognostic (1.94e-2)"	"unprognostic (2.02e-1)"	"unprognostic (1.40e-2)"	"unprognostic (9.09e-2)"	"unprognostic (9.18e-2)"	"unprognostic (9.05e-2)"	"unprognostic (2.19e-1)"	"unprognostic (1.67e-1)"	"unprognostic (8.22e-3)"	"unprognostic (8.48e-3)"	"potential prognostic favorable (3.78e-4)"	"unprognostic (3.69e-2)"	"potential prognostic unfavorable (4.06e-4)"	"unprognostic (5.43e-3)"	"unprognostic (3.91e-1)"	"unprognostic (6.11e-2)"	"unprognostic (1.50e-1)"	"unprognostic (1.07e-1)"	"unprognostic (9.74e-3)"	"unprognostic (4.59e-1)"	"unprognostic (2.75e-1)"	"unprognostic (1.16e-1)"	"potential prognostic unfavorable (4.64e-4)"	"unprognostic (1.74e-1)"	"unprognostic (8.42e-2)"	"unprognostic (2.48e-1)"	"unprognostic (1.42e-1)"	"unprognostic (2.18e-1)"	"unprognostic (1.49e-1)"	"unprognostic (1.44e-1)"	"unprognostic (5.79e-2)"
CDK15	"ALS2CR7, PFTAIRE2, PFTK2"	ENSG00000138395	"Cyclin dependent kinase 15"	Q96Q40	2	201790461-201895550	"Enzymes, Predicted intracellular proteins"		"Kinase, Serine/threonine-protein kinase, Transferase"		"Evidence at protein level"	"Evidence at transcript level"	"Evidence at protein level"	"Evidence at protein level"	"Group enriched"	"Detected in some"	5	"epididymis: 14.9;ovary: 4.7"	"Group enriched"	"Detected in some"	4	"Early spermatids: 28.4;granulocytes: 63.3;Late spermatids: 41.3"	"Cell type enhanced"	"Detected in many"		"vascular associated smooth muscle cell: 26.0"	"Cancer enhanced"	"Detected in single"		"Skin Cuteneous Melanoma (TCGA): 1.1"	"Low region specificity"	"Detected in many"			"Group enriched"	"Detected in some"	28	"basophil: 1.9;eosinophil: 3.7"	"Lineage enriched"	"Detected in single"	37	"granulocytes: 3.7"	"Cancer enhanced"	"Detected in many"		"Adrenocortical cancer: 9.3;Kidney cancer: 8.5"	"Adipose subcutaneous - Mast cells, Breast - Fibroblasts, Colon - Mast cells, Kidney - Fibroblasts, Lung - Mast cells, Minor Salivary Gland - Mast cells, Pituitary gland - Fibroblasts, Skin - Mast cells, Testis - Early spermatids"	"Low region specificity"	"Detected in many"			"Low region specificity"	"Detected in all"			HPA015786	Uncertain		Approved	"Nucleoplasm,Golgi apparatus"			NA	NA			"Cluster 22: Eosinophils - Transcription"	"Cluster 50: Epididymis - Male reproductive secretion"	"Cluster 35: Non-specific - DNA binding"	"Cluster 49: HMC-1 - Innate immune response"	"Cluster 30: Granulocytes - Unknown function"	7	"Nucleoplasm, Golgi apparatus"		"HPA015786: AB_1844780"			"unprognostic (2.33e-3)"																								"unprognostic (3.33e-2)"				
CEBPA	"C/EBP-alpha, CEBP"	ENSG00000245848	"CCAAT enhancer binding protein alpha"	P49715	19	33299934-33302534	"Cancer-related genes, Disease related genes, Human disease related genes, Predicted intracellular proteins, Transcription factors"	"Host-virus interaction, Transcription, Transcription regulation"	"Activator, Developmental protein, DNA-binding"	"Cancer-related genes, Disease variant"	"Evidence at protein level"	"Evidence at transcript level"	"Evidence at protein level"	"Evidence at protein level"	"Group enriched"	"Detected in many"	5	"adipose tissue: 95.3;breast: 65.5;liver: 190.1;skin 1: 115.0"	"Cell type enhanced"	"Detected in many"		"Alveolar cells type 2: 85.3;Distal enterocytes: 79.8;Hepatocytes: 93.2;Hofbauer cells: 79.4;Suprabasal keratinocytes: 103.7;Syncytiotrophoblasts: 228.5"	"Cell type enriched"	"Detected in many"	5	"central nervous system macrophage: 104.2"	"Cancer enhanced"	"Detected in all"		"Liver Hepatocellular Carcinoma (TCGA): 171.5"	"Low region specificity"	"Detected in all"			"Group enriched"	"Detected in many"	4	"basophil: 16.1;classical monocyte: 7.1;intermediate monocyte: 12.3;myeloid DC: 5.1;non-classical monocyte: 15.8"	"Group enriched"	"Detected in many"	15	"dendritic cells: 5.1;granulocytes: 16.1;monocytes: 15.8"	"Cancer enhanced"	"Detected in many"		"Leukemia: 73.6;liver cancer: 63.7"	"Adipose subcutaneous - Adipocytes (Subcutaneous), Adipose visceral - Adipocytes (Visceral), Breast - Adipocytes (Breast), Liver - Hepatocytes, Stomach - Chief cells"	"Low region specificity"	"Detected in all"			"Low region specificity"	"Detected in all"			"HPA052734, HPA065037, HPA067937"	Approved		Approved	Nucleoplasm,Vesicles			NA	NA			"Cluster 40: Monocytes - Innate immune response"	"Cluster 83: Liver - Metabolism"	"Cluster 20: Macrophages & Microglia - Immune response"	"Cluster 14: Myeloid leukemia - Innate immune response"	"Cluster 27: Syncytiotrophoblasts - Pregnancy"	138	Nucleoplasm	Vesicles	"HPA052734: AB_2681931, HPA065037: AB_2685410, HPA067937: AB_2685927"	"unprognostic (1.12e-1)"	"unprognostic (2.78e-1)"	"unprognostic (4.93e-2)"	"unprognostic (1.21e-2)"	"unprognostic (5.06e-3)"	"unprognostic (5.81e-2)"	"unprognostic (1.32e-1)"	"unprognostic (1.97e-2)"	"unprognostic (8.48e-2)"	"unprognostic (7.15e-2)"	"unprognostic (7.66e-2)"	"unprognostic (2.14e-1)"	"unprognostic (2.33e-3)"	"unprognostic (1.97e-1)"	"unprognostic (7.83e-2)"	"potential prognostic favorable (2.96e-4)"	"unprognostic (1.52e-1)"	"unprognostic (6.32e-2)"	"unprognostic (6.36e-3)"	"unprognostic (7.45e-2)"	"unprognostic (7.56e-3)"	"unprognostic (1.76e-1)"	"unprognostic (7.65e-2)"	"unprognostic (1.54e-1)"	"unprognostic (1.99e-3)"	"unprognostic (3.66e-1)"	"unprognostic (1.08e-1)"	"unprognostic (1.76e-1)"	"unprognostic (3.74e-1)"	"unprognostic (6.66e-2)"	"unprognostic (3.87e-2)"
FBXO32	"ATROGIN1, Fbx32, MAFbx"	ENSG00000156804	"F-box protein 32"	Q969P5	8	123497889-123541206	"Disease related genes, Predicted intracellular proteins"	"Ubl conjugation pathway"		"Disease variant"	"Evidence at protein level"	"Evidence at protein level"	"Evidence at protein level"	"Evidence at protein level"	"Tissue enriched"	"Detected in all"	5	"skeletal muscle: 626.3"	"Cell type enhanced"	"Detected in all"		"Basal prostatic cells: 218.5;Breast myoepithelial cells: 308.2;Cardiomyocytes: 331.1;Skeletal myocytes: 436.2"	"Cell type enhanced"	"Detected in all"		"oligodendrocyte: 255.7;vascular associated smooth muscle cell: 240.1"	"Low cancer specificity"	"Detected in all"			"Low region specificity"	"Detected in all"			"Group enriched"	"Detected in many"	7	"basophil: 2.9;gdT-cell: 2.6;MAIT T-cell: 2.5;memory CD4 T-cell: 3.6;memory CD8 T-cell: 3.8;naive CD4 T-cell: 4.2;naive CD8 T-cell: 5.4;NK-cell: 3.2;T-reg: 3.8"	"Group enriched"	"Detected in many"	8	"granulocytes: 2.9;NK-cells: 3.2;T-cells: 5.4"	"Low cancer specificity"	"Detected in many"			"Spleen - Fibroblast_2"	"Low region specificity"	"Detected in all"			"Low region specificity"	"Detected in all"			"HPA058955, HPA065209"			Enhanced	Nucleoplasm,Cytosol			NA	NA			"Cluster 27: T-cells - Unknown function"	"Cluster 2: Skeletal muscle - Striated muscle contraction"	"Cluster 30: White matter - Myelination"	"Cluster 72: Neuronal - Signal transduction"	"Cluster 3: Basal prostatic cells - Lipid metabolism"	15	"Nucleoplasm, Cytosol"		"HPA058955: , HPA065209: AB_2685433"	"unprognostic (8.78e-3)"	"unprognostic (3.32e-1)"	"unprognostic (2.56e-1)"	"unprognostic (2.31e-1)"	"unprognostic (1.85e-1)"	"unprognostic (2.24e-2)"	"unprognostic (2.44e-1)"	"unprognostic (4.14e-1)"	"unprognostic (9.22e-2)"	"unprognostic (4.42e-2)"	"unprognostic (2.47e-1)"	"unprognostic (4.05e-3)"	"unprognostic (2.34e-2)"	"unprognostic (2.43e-1)"	"unprognostic (3.63e-2)"	"unprognostic (1.40e-2)"	"unprognostic (6.86e-3)"	"unprognostic (1.74e-1)"	"potential prognostic unfavorable (1.20e-4)"	"unprognostic (6.29e-2)"	"unprognostic (9.89e-3)"	"unprognostic (1.66e-2)"	"unprognostic (6.82e-2)"	"unprognostic (2.24e-1)"	"unprognostic (9.24e-3)"	"unprognostic (7.13e-2)"	"unprognostic (3.04e-1)"	"unprognostic (1.28e-2)"	"unprognostic (2.27e-1)"	"unprognostic (3.50e-1)"	"unprognostic (2.32e-1)"
GP1BB	"CD42c, GPIbbeta"	ENSG00000203618	"Glycoprotein Ib platelet subunit beta"	P13224	22	19723539-19724771	"CD markers, Disease related genes, Human disease related genes, Predicted membrane proteins"	"Blood coagulation, Cell adhesion, Hemostasis"		"Bernard Soulier syndrome, Disease variant"	"Evidence at protein level"	"Evidence at transcript level"	"Evidence at protein level"	"Evidence at protein level"	"Tissue enriched"	"Detected in many"	5	"brain: 131.7"	"Not detected"	"Not detected"			"Low cell type specificity"	"Detected in all"			"Cancer enhanced"	"Detected in many"		"Testicular Germ Cell Tumor (TCGA): 4.9"	"Low region specificity"	"Detected in all"			"Group enriched"	"Detected in many"	6	"basophil: 73.7;neutrophil: 74.7"	"Lineage enriched"	"Detected in many"	6	"granulocytes: 74.7"	"Cancer enhanced"	"Detected in single"		"Leukemia: 3.0"		"Low region specificity"	"Detected in many"			"Low region specificity"	"Detected in many"										NA	NA		7000000	"Cluster 21: Neutrophils - Unknown function"	"Cluster 61: Brain - Neuronal signaling"	"Cluster 51: Neurons - Mixed function"	"Cluster 49: HMC-1 - Innate immune response"		5				"unprognostic (2.00e-1)"			"unprognostic (1.85e-2)"		"unprognostic (3.21e-2)"						"unprognostic (1.66e-1)"			"unprognostic (2.68e-1)"					"unprognostic (6.95e-2)"						"unprognostic (2.34e-1)"	"unprognostic (5.27e-1)"	"unprognostic (2.37e-2)"	"unprognostic (2.55e-1)"		"unprognostic (2.62e-1)"
HSD3B7	"C(27)-3BETA-HSD, SDR11E3"	ENSG00000099377	"Hydroxy-delta-5-steroid dehydrogenase, 3 beta- and steroid delta-isomerase 7"	Q9H2F3	16	30985207-30989147	"Disease related genes, Enzymes, Human disease related genes, Metabolic proteins, Potential drug targets, Predicted intracellular proteins, Predicted membrane proteins"	"Lipid metabolism, Steroidogenesis"	Oxidoreductase	"Disease variant, Intrahepatic cholestasis"	"Evidence at protein level"	"Evidence at protein level"	"Evidence at protein level"	"Evidence at protein level"	"Tissue enriched"	"Detected in all"	5	"liver: 133.1"	"Cell type enhanced"	"Detected in many"		"Ductal cells: 41.1;Hepatocytes: 57.6;Hofbauer cells: 48.1;Proximal enterocytes: 44.8;Proximal tubular cells: 42.9"	"Low cell type specificity"	"Detected in many"			"Low cancer specificity"	"Detected in all"			"Low region specificity"	"Detected in all"			"Group enriched"	"Detected in some"	27	"basophil: 61.4;eosinophil: 27.3"	"Lineage enriched"	"Detected in many"	38	"granulocytes: 61.4"	"Low cancer specificity"	"Detected in all"			"Adipose subcutaneous - Adipose progenitor cells, Testis - Late spermatids, Thyroid gland - Fibroblasts"	"Low region specificity"	"Detected in all"			"Low region specificity"	"Detected in all"			"HPA015965, HPA050521, HPA060847"	Approved		Enhanced	"Lipid droplets"			NA	NA			"Cluster 22: Eosinophils - Transcription"	"Cluster 83: Liver - Metabolism"	"Cluster 15: Non-specific - Transcription"	"Cluster 15: Kidney cancer - Membrane components"	"Cluster 53: Fibroblasts - ECM organization"	48	"Lipid droplets"		"HPA015965: , HPA050521: AB_2681155, HPA060847: AB_2684379"	"unprognostic (8.68e-2)"	"unprognostic (1.03e-3)"	"unprognostic (1.80e-1)"	"unprognostic (6.03e-2)"	"unprognostic (1.12e-2)"	"unprognostic (1.18e-1)"	"unprognostic (1.76e-2)"	"unprognostic (2.92e-1)"	"unprognostic (8.17e-3)"	"unprognostic (1.22e-1)"	"unprognostic (6.76e-2)"	"unprognostic (1.17e-2)"	"unprognostic (1.08e-1)"	"unprognostic (3.45e-2)"	"unprognostic (3.06e-2)"	"unprognostic (3.85e-3)"	"unprognostic (5.17e-2)"	"unprognostic (8.39e-2)"	"unprognostic (2.55e-1)"	"unprognostic (1.43e-1)"	"unprognostic (7.75e-2)"	"unprognostic (6.15e-3)"	"unprognostic (2.19e-1)"	"unprognostic (9.10e-2)"	"unprognostic (1.23e-1)"	"unprognostic (2.80e-1)"	"unprognostic (2.43e-1)"	"unprognostic (2.94e-2)"	"unprognostic (3.20e-2)"	"unprognostic (4.69e-2)"	"unprognostic (2.76e-1)"
IL1RL1	"DER4, FIT-1, IL33R, ST2, ST2L, ST2V, T1"	ENSG00000115602	"Interleukin 1 receptor like 1"	Q01638	2	102311502-102352037	"Candidate cardiovascular disease genes, Enzymes, Plasma proteins, Predicted intracellular proteins, Predicted membrane proteins, Predicted secreted proteins"		"Hydrolase, Receptor"		"Evidence at protein level"	"Evidence at protein level"	"Evidence at protein level"	"Evidence at protein level"	"Group enriched"	"Detected in many"	5	"choroid plexus: 59.9;kidney: 122.8;lung: 157.1;placenta: 193.2"	"Cell type enriched"	"Detected in many"	6	"granulocytes: 1024.3"	"Cell type enhanced"	"Detected in single"		"endothelial cell: 1.1"	"Cancer enhanced"	"Detected in many"		"Thyroid Carcinoma (TCGA): 17.6"	"Low region specificity"	"Detected in all"			"Group enriched"	"Detected in some"	64	"basophil: 38.4;eosinophil: 29.4"	"Lineage enriched"	"Detected in single"	73	"granulocytes: 38.4"	"Cancer enhanced"	"Detected in many"		"Esophageal cancer: 24.0;pancreatic cancer: 13.6"		"Not detected"	"Not detected"			"Low region specificity"	"Detected in all"			"HPA007406, HPA007917"	Uncertain		Supported	"Plasma membrane,Focal adhesion sites,Cytosol"	"Secreted to blood"	Receptor	NA	NA	19100000	4500000	"Cluster 41: Basophils - Unknown function"	"Cluster 57: Lung - Lung function"	"Cluster 42: Choroid plexus - Mitochondria"	"Cluster 49: HMC-1 - Innate immune response"	"Cluster 30: Granulocytes - Unknown function"	2	"Plasma membrane"	"Focal adhesion sites, Cytosol"	"HPA007406: AB_1079128, HPA007917: AB_1079129"			"unprognostic (7.84e-2)"			"unprognostic (4.38e-2)"		"unprognostic (7.39e-3)"	"unprognostic (1.09e-2)"		"potential prognostic favorable (1.56e-5)"	"unprognostic (5.69e-3)"	"unprognostic (1.45e-1)"			"unprognostic (5.93e-2)"	"unprognostic (4.68e-1)"	"unprognostic (5.90e-2)"	"unprognostic (1.55e-1)"			"unprognostic (1.04e-1)"	"unprognostic (2.05e-2)"			"potential prognostic favorable (1.43e-4)"		"unprognostic (1.13e-2)"		"unprognostic (7.56e-2)"	
KCNK7	K2p7.1	ENSG00000173338	"Potassium two pore domain channel subfamily K member 7"	Q9Y2U2	11	65592836-65595996	"Predicted intracellular proteins, Predicted membrane proteins, Voltage-gated ion channels"	"Ion transport, Potassium transport, Transport"	"Ion channel, Potassium channel, Voltage-gated channel"		"Evidence at protein level"	"Evidence at transcript level"	"Evidence at protein level"	"Evidence at protein level"	"Tissue enriched"	"Detected in many"	5	"skin 1: 87.3"	"Cell type enriched"	"Detected in some"	5	"Suprabasal keratinocytes: 128.1"	"Low cell type specificity"	"Detected in some"			"Cancer enhanced"	"Detected in many"		"Head and Neck Squamous Cell Carcinoma (TCGA): 11.3"	"Low region specificity"	"Detected in many"			"Group enriched"	"Detected in some"	15	"basophil: 2.1;naive B-cell: 2.2;neutrophil: 1.5"	"Group enriched"	"Detected in many"	16	"B-cells: 2.2;granulocytes: 2.1"	"Cancer enhanced"	"Detected in some"		"Esophageal cancer: 2.9"	"Minor Salivary Gland - Minor salivary gland basal cells, Skin - Keratinocyte (other)"	"Not detected"	"Not detected"			"Low region specificity"	"Detected in many"			HPA077577			Approved	"Plasma membrane"			NA	NA			"Cluster 41: Basophils - Unknown function"	"Cluster 13: Skin - Cornification"	"Cluster 6: Non-specific - Immune response"	"Cluster 53: Squamous epithelial cells - Keratinization"	"Cluster 59: Suprabasal keratinocytes - Cornification"		"Plasma membrane"		"HPA077577: AB_2686845"	"unprognostic (4.82e-3)"		"unprognostic (1.01e-1)"	"unprognostic (8.86e-2)"			"unprognostic (3.91e-2)"		"unprognostic (1.82e-1)"				"unprognostic (1.22e-1)"					"unprognostic (4.75e-2)"				"unprognostic (9.01e-2)"			"unprognostic (3.42e-3)"		"unprognostic (2.68e-1)"				"unprognostic (5.68e-2)"
NUSAP1	"ANKT, BM037, FLJ13421, LNP, PRO0310p1, Q0310, SAPL"	ENSG00000137804	"Nucleolar and spindle associated protein 1"	Q9BXS6	15	41320794-41381050	"Predicted intracellular proteins"	"Cell cycle, Cell division, Mitosis"	DNA-binding		"Evidence at protein level"	"Evidence at protein level"	"Evidence at protein level"	"Evidence at protein level"	"Group enriched"	"Detected in many"	5	"bone marrow: 87.3;lymphoid tissue: 99.0"	"Cell type enhanced"	"Detected in many"		"Erythroid cells: 60.7;Extravillous trophoblasts: 16.7;Spermatocytes: 12.2;Undifferentiated cells: 16.9"	"Not detected"	"Not detected"			"Low cancer specificity"	"Detected in all"			"Not detected"	"Not detected"			"Group enriched"	"Detected in some"	14	"basophil: 10.5;T-reg: 7.7"	"Group enriched"	"Detected in many"	14	"granulocytes: 10.5;T-cells: 7.7"	"Low cancer specificity"	"Detected in all"			"Colon - Mitotic cells (Colon), Heart muscle - Mitotic cells (Heart), Lung - Mitotic cells (Lung), Minor Salivary Gland - Mitotic cells (Minor salivary gland), Skin - Mitotic cells (Skin), Spleen - Mitotic cells (Spleen), Stomach - Mitotic cells (Stomach), Testis - Early spermatids, Thyroid gland - Mitotic cells (Thyroid)"	"Low region specificity"	"Detected in some"			"Low region specificity"	"Detected in all"			"HPA042904, HPA074847"	Supported		Approved	"Nucleoplasm,Nucleoli,Nucleoli fibrillar center"			Yes	Yes			"Cluster 9: T-regs - Cell cycle regulation"	"Cluster 67: Lymphoid tissue & Bone marrow - Cell proliferation"		"Cluster 58: Non-specific - Nuclear processes"	"Cluster 52: Non-specific - Cell proliferation"	14	"Nucleoplasm, Nucleoli, Nucleoli fibrillar center"		"HPA042904: AB_2678220, HPA074847: AB_2732269"	"unprognostic (2.26e-1)"	"unprognostic (6.47e-2)"	"unprognostic (7.71e-2)"	"unprognostic (4.36e-2)"	"unprognostic (1.89e-1)"	"unprognostic (5.96e-2)"	"unprognostic (8.26e-2)"	"unprognostic (6.89e-3)"	"unprognostic (1.50e-2)"	"potential prognostic unfavorable (2.21e-4)"	"validated prognostic unfavorable (7.02e-8)"	"validated prognostic unfavorable (1.24e-4)"	"potential prognostic unfavorable (4.07e-12)"	"validated prognostic unfavorable (4.10e-4)"	"validated prognostic unfavorable (1.96e-7)"	"validated prognostic unfavorable (3.24e-5)"	"validated prognostic unfavorable (1.13e-4)"	"unprognostic (3.75e-2)"	"unprognostic (2.46e-2)"	"unprognostic (5.47e-2)"	"unprognostic (5.95e-2)"	"potential prognostic unfavorable (4.12e-4)"	"unprognostic (8.19e-3)"	"unprognostic (1.87e-2)"	"unprognostic (3.16e-1)"	"unprognostic (1.70e-1)"	"unprognostic (9.36e-3)"	"unprognostic (1.15e-2)"	"unprognostic (5.59e-2)"	"unprognostic (1.84e-1)"	"unprognostic (2.21e-1)"
PNPLA1	"dJ50J22.1, FLJ38755"	ENSG00000180316	"Patatin like phospholipase domain containing 1"	Q8N8W4	6	36243203-36313955	"Disease related genes, Enzymes, Human disease related genes, Potential drug targets, Predicted intracellular proteins"	"Lipid biosynthesis, Lipid metabolism"	Transferase	"Disease variant, Ichthyosis"	"Evidence at protein level"	"Evidence at transcript level"	"Evidence at protein level"	"Evidence at protein level"	"Tissue enriched"	"Detected in some"	5	"skin 1: 23.2"	"Cell type enhanced"	"Detected in some"		"Excitatory neurons: 1.8;Late spermatids: 1.7;monocytes: 2.2;Oligodendrocyte precursor cells: 1.4;Proximal enterocytes: 1.7;Proximal tubular cells: 5.6;Suprabasal keratinocytes: 2.8"	"Low cell type specificity"	"Detected in many"			"Low cancer specificity"	"Detected in some"			"Low region specificity"	"Detected in many"			"Group enriched"	"Detected in many"	7	"basophil: 69.9;eosinophil: 18.9"	"Lineage enriched"	"Detected in many"	17	"granulocytes: 69.9"	"Cancer enhanced"	"Detected in single"		"Leukemia: 1.2"	"Kidney - Proximal tubular cells, Lung - Neutrophil_2, Skin - Keratinocyte (other), Stomach - Parietal cells"	"Not detected"	"Not detected"			"Low region specificity"	"Detected in all"										NA	NA			"Cluster 41: Basophils - Unknown function"	"Cluster 13: Skin - Cornification"	"Cluster 48: Non-specific - Mixed function"	"Cluster 14: Myeloid leukemia - Innate immune response"	"Cluster 56: Proximal tubular cells - Amino acid metabolism"					"unprognostic (5.76e-3)"					"unprognostic (1.50e-2)"			"unprognostic (2.05e-1)"																	"unprognostic (9.06e-3)"	"unprognostic (9.93e-2)"				
STX3	STX3A	ENSG00000166900	"Syntaxin 3"	Q13277	11	59713456-59805882	"Disease related genes, Potential drug targets, Predicted intracellular proteins, Predicted membrane proteins, Transporters"	"Neurotransmitter transport, Transport"		"Disease variant"	"Evidence at protein level"	"Evidence at transcript level"	"Evidence at protein level"	"Evidence at protein level"	"Tissue enriched"	"Detected in all"	5	"retina: 303.5"	"Cell type enhanced"	"Detected in all"		"Bipolar cells: 321.4;Cone photoreceptor cells: 350.0;Rod photoreceptor cells: 354.4"	"Low cell type specificity"	"Detected in many"			"Low cancer specificity"	"Detected in all"			"Low region specificity"	"Detected in all"			"Group enriched"	"Detected in many"	8	"basophil: 42.5;eosinophil: 74.2;neutrophil: 60.9"	"Lineage enriched"	"Detected in many"	10	"granulocytes: 74.2"	"Low cancer specificity"	"Detected in all"			"Minor Salivary Gland - Minor salivary glandular cells, Spleen - Neutrophils"	"Low region specificity"	"Detected in all"			"Low region specificity"	"Detected in all"			"HPA002191, HPA069176"	Approved		Uncertain	"Nuclear membrane,Vesicles"			NA	NA			"Cluster 36: Eosinophils - Protein ubiquitination"	"Cluster 76: Retina - Visual perception"	"Cluster 37: Neurons - Mixed function"	"Cluster 57: Stomach & Colon cancer - Digestion"	"Cluster 25: Bipolar cells - Visual perception"	76	Vesicles	"Nuclear membrane"	"HPA002191: AB_1080165, HPA069176: AB_2686098"	"potential prognostic favorable (5.24e-5)"	"unprognostic (3.95e-2)"	"unprognostic (2.73e-2)"	"unprognostic (2.01e-3)"	"unprognostic (2.74e-2)"	"unprognostic (1.79e-2)"	"unprognostic (4.43e-2)"	"unprognostic (2.01e-1)"	"unprognostic (5.19e-2)"	"unprognostic (1.42e-3)"	"potential prognostic favorable (3.67e-7)"	"unprognostic (2.25e-2)"	"unprognostic (3.54e-2)"	"potential prognostic unfavorable (2.14e-6)"	"unprognostic (2.56e-3)"	"unprognostic (3.08e-2)"	"unprognostic (2.48e-2)"	"unprognostic (9.56e-3)"	"unprognostic (2.14e-1)"	"unprognostic (2.57e-1)"	"unprognostic (1.77e-2)"	"unprognostic (4.12e-3)"	"unprognostic (1.39e-1)"	"unprognostic (3.86e-2)"	"unprognostic (1.10e-1)"	"unprognostic (6.16e-2)"	"unprognostic (3.09e-1)"	"unprognostic (2.56e-1)"	"unprognostic (1.46e-1)"	"unprognostic (2.81e-2)"	"unprognostic (7.44e-2)"
TRPM6	"CHAK2, FLJ22628, HOMG, HSH"	ENSG00000119121	"Transient receptor potential cation channel subfamily M member 6"	Q9BX84	9	74722495-74888094	"Disease related genes, Enzymes, Human disease related genes, Plasma proteins, Potential drug targets, Predicted intracellular proteins, Predicted membrane proteins, Transporters, Voltage-gated ion channels"	"Calcium transport, Ion transport, Transport"	"Calcium channel, Ion channel, Kinase, Serine/threonine-protein kinase, Transferase"	"Disease variant, Primary hypomagnesemia"	"Evidence at protein level"	"Evidence at transcript level"	"Evidence at protein level"	"Evidence at protein level"	"Tissue enriched"	"Detected in some"	5	"intestine: 16.0"	"Group enriched"	"Detected in some"	9	"Distal enterocytes: 76.8;Glandular and luminal cells: 27.8;Microglial cells: 37.6;Oligodendrocytes: 75.5;Proximal enterocytes: 19.3"	"Group enriched"	"Detected in many"	9	"endothelial cell: 369.5;oligodendrocyte: 117.3"	"Cancer enhanced"	"Detected in some"		"Testicular Germ Cell Tumor (TCGA): 4.3"	"Low region specificity"	"Detected in all"			"Group enriched"	"Detected in some"	6	"basophil: 23.2;neutrophil: 7.5"	"Lineage enriched"	"Detected in single"	44	"granulocytes: 23.2"	"Cancer enhanced"	"Detected in single"		"Gallbladder cancer: 2.9"	"Kidney - Intercalated cells, Skeletal muscle - Endothelial cells, Skin - Outer root sheath cells, Spleen - Neutrophils"	"Low region specificity"	"Detected in single"			"Low region specificity"	"Detected in all"										NA	NA			"Cluster 46: Basophils - Proteolysis"	"Cluster 45: Intestine - Digestion"	"Cluster 26: Oligodendrocytes - Mixed function"	"Cluster 10: Ciliated cells - Ion channel activity"	"Cluster 5: Enterocytes - Absorption"							"unprognostic (1.44e-1)"		"unprognostic (4.39e-1)"	"unprognostic (5.32e-2)"		"unprognostic (9.62e-2)"		"unprognostic (1.25e-1)"													"unprognostic (3.10e-1)"		"potential prognostic favorable (2.86e-4)"	"unprognostic (1.66e-1)"			"unprognostic (1.92e-2)"		"unprognostic (8.36e-2)"
ALOX5AP	FLAP	ENSG00000132965	"Arachidonate 5-lipoxygenase activating protein"	P20292	13	30713478-30764426	"Disease related genes, Predicted membrane proteins"	"Leukotriene biosynthesis"			"Evidence at protein level"	"Evidence at protein level"	"Evidence at protein level"	"Evidence at protein level"	"Group enriched"	"Detected in all"	4	"bone marrow: 482.0;lung: 177.5;lymphoid tissue: 135.2"	"Cell type enhanced"	"Detected in many"		"dendritic cells: 1294.1;granulocytes: 863.6;Hofbauer cells: 495.3;Langerhans cells: 417.5;Macrophages: 607.8;NK-cells: 339.5;T-cells: 313.8"	"Group enriched"	"Detected in some"	43	"central nervous system macrophage: 118.7;leukocyte: 85.5"	"Cancer enhanced"	"Detected in all"		"Glioblastoma Multiforme (TCGA): 176.0"	"Low region specificity"	"Detected in all"			"Group enriched"	"Detected in all"	7	"basophil: 9738.9;eosinophil: 4044.4;neutrophil: 4992.0;plasmacytoid DC: 3563.5"	"Group enriched"	"Detected in all"	8	"dendritic cells: 3563.5;granulocytes: 9738.9"	"Cancer enhanced"	"Detected in many"		"Leukemia: 124.7;lymphoma: 190.4"	"Adipose subcutaneous - Macrophages, Adipose visceral - Macrophages, Adrenal gland - Macrophages, Breast - Macrophages, Colon - Macrophages, Heart muscle - Macrophages, Kidney - Macrophages, Liver - Neutrophils, Pancreas - Macrophages, Prostate - Macrophages, Skeletal muscle - Macrophages, Spleen - Neutrophils, Stomach - Macrophages, Thyroid gland - Macrophages"	"Low region specificity"	"Detected in all"			"Low region specificity"	"Detected in all"			HPA026592	Enhanced						NA	NA			"Cluster 41: Basophils - Unknown function"	"Cluster 81: Lymphoid tissue & Bone marrow - Innate immune response"	"Cluster 20: Macrophages & Microglia - Immune response"	"Cluster 14: Myeloid leukemia - Innate immune response"	"Cluster 58: Macrophages - Innate immune response"	6			"HPA026592: AB_10601115"	"unprognostic (1.44e-2)"	"unprognostic (1.53e-2)"	"unprognostic (1.77e-1)"	"unprognostic (1.73e-1)"	"unprognostic (3.47e-1)"	"unprognostic (7.28e-2)"	"unprognostic (3.36e-2)"	"unprognostic (6.88e-2)"	"unprognostic (5.98e-2)"	"potential prognostic unfavorable (1.91e-4)"	"unprognostic (3.36e-3)"	"unprognostic (9.85e-3)"	"unprognostic (1.24e-1)"	"unprognostic (6.71e-2)"	"unprognostic (4.22e-1)"	"unprognostic (3.55e-2)"	"unprognostic (3.81e-2)"	"unprognostic (3.91e-2)"	"unprognostic (3.51e-3)"	"unprognostic (2.02e-3)"	"unprognostic (2.47e-2)"	"unprognostic (7.24e-2)"	"unprognostic (1.94e-1)"	"unprognostic (3.36e-2)"	"unprognostic (3.73e-2)"	"unprognostic (4.01e-2)"	"unprognostic (4.45e-2)"	"unprognostic (1.61e-1)"	"unprognostic (4.43e-2)"	"unprognostic (2.06e-2)"	"unprognostic (3.23e-3)"
AZIN2	"ADC, KIAA1945, ODC-p, ODC1L, ODCp"	ENSG00000142920	"Antizyme inhibitor 2"	Q96A70	1	33081104-33123492	"Metabolic proteins, Predicted intracellular proteins"	"Polyamine biosynthesis, Transport"			"Evidence at protein level"	"Evidence at protein level"	"Evidence at protein level"	"Evidence at protein level"	"Group enriched"	"Detected in many"	4	"brain: 21.6;testis: 31.2"	"Cell type enriched"	"Detected in many"	5	"Late spermatids: 867.9"	"Cell type enhanced"	"Detected in all"		"central nervous system macrophage: 225.7"	"Low cancer specificity"	"Detected in many"			"Low region specificity"	"Detected in all"			"Group enriched"	"Detected in many"	8	"basophil: 6.5;plasmacytoid DC: 18.9"	"Group enriched"	"Detected in many"	8	"dendritic cells: 18.9;granulocytes: 6.5"	"Low cancer specificity"	"Detected in some"			"Adipose subcutaneous - Adipose progenitor cells, Heart muscle - Fibroblasts, Testis - Late spermatids"	"Low region specificity"	"Detected in all"			"Low region specificity"	"Detected in all"			HPA028527			Approved	Cytosol			NA	NA			"Cluster 8: Plasmacytoid DCs - Unknown function"	"Cluster 44: Testis - Spermatogenesis"	"Cluster 30: White matter - Myelination"	"Cluster 61: BICR 18 - Protein kinases"	"Cluster 36: Late spermatids - Unknown function"	3	Cytosol		"HPA028527: AB_10602077"	"unprognostic (1.04e-1)"	"unprognostic (2.06e-1)"		"unprognostic (9.91e-2)"	"unprognostic (3.42e-2)"	"unprognostic (1.22e-1)"	"unprognostic (4.27e-1)"	"unprognostic (1.25e-2)"	"unprognostic (2.85e-1)"	"unprognostic (1.57e-1)"	"potential prognostic favorable (1.10e-8)"	"unprognostic (1.25e-2)"	"unprognostic (1.64e-1)"			"unprognostic (1.83e-2)"	"unprognostic (2.61e-1)"	"unprognostic (2.65e-1)"	"unprognostic (1.03e-1)"	"unprognostic (6.51e-2)"	"unprognostic (6.45e-2)"	"unprognostic (4.49e-2)"	"unprognostic (2.72e-1)"	"unprognostic (5.02e-1)"	"unprognostic (4.33e-2)"	"unprognostic (2.70e-1)"	"unprognostic (1.56e-2)"		"unprognostic (1.95e-1)"	"unprognostic (6.15e-2)"	"unprognostic (1.49e-1)"
CAPN12		ENSG00000182472	"Calpain 12"	Q6ZSI9	19	38730187-38769904	"Enzymes, Predicted intracellular proteins"		"Hydrolase, Protease, Thiol protease"		"Evidence at protein level"	"Evidence at transcript level"	"Evidence at transcript level"	"Evidence at protein level"	"Group enriched"	"Detected in many"	4	"gallbladder: 21.9;liver: 24.2"	"Cell type enhanced"	"Detected in many"		"Cholangiocytes: 42.0;NK-cells: 28.3"	"Cell type enhanced"	"Detected in many"		"leukocyte: 18.8"	"Cancer enhanced"	"Detected in many"		"Uterine Corpus Endometrial Carcinoma (TCGA): 13.1"	"Low region specificity"	"Detected in some"			"Group enriched"	"Detected in many"	9	"basophil: 59.4;NK-cell: 25.6"	"Group enriched"	"Detected in many"	9	"granulocytes: 59.4;NK-cells: 25.6"	"Low cancer specificity"	"Detected in many"			"Kidney - Proximal tubular cells, Lung - Alveolar cells type 2"	"Not detected"	"Not detected"			"Region enhanced"	"Detected in some"		"hippocampal formation: 4.3"	HPA053322			Approved	"Nucleoplasm,Focal adhesion sites"			NA	NA			"Cluster 32: Basophils - Transcription"	"Cluster 83: Liver - Metabolism"	"Cluster 24: Neurons - Mixed function"	"Cluster 57: Stomach & Colon cancer - Digestion"	"Cluster 19: NK-cells - Adaptive immune response"		"Focal adhesion sites"	Nucleoplasm	"HPA053322: AB_2682111"	"unprognostic (6.00e-2)"		"unprognostic (1.20e-1)"	"unprognostic (4.08e-2)"	"unprognostic (8.10e-2)"	"unprognostic (3.38e-2)"			"unprognostic (3.03e-2)"		"unprognostic (2.00e-3)"	"unprognostic (2.76e-2)"	"unprognostic (9.60e-2)"	"unprognostic (4.15e-1)"	"unprognostic (5.62e-2)"	"potential prognostic favorable (5.96e-5)"	"unprognostic (2.00e-2)"	"unprognostic (2.76e-1)"	"unprognostic (2.46e-1)"	"potential prognostic unfavorable (7.47e-4)"	"unprognostic (1.41e-1)"	"unprognostic (7.04e-2)"	"unprognostic (1.32e-1)"		"unprognostic (2.27e-1)"	"unprognostic (1.41e-1)"		"unprognostic (5.84e-3)"	"unprognostic (1.09e-1)"		"potential prognostic unfavorable (8.16e-4)"
KY	FLJ33207	ENSG00000174611	"Kyphoscoliosis peptidase"	Q8NBH2	3	134599923-134651636	"Disease related genes, Human disease related genes, Plasma proteins, Predicted intracellular proteins"		"Hydrolase, Protease"	"Myofibrillar myopathy"	"Evidence at protein level"	"Evidence at transcript level"	"Evidence at protein level"	"Evidence at protein level"	"Group enriched"	"Detected in many"	4	"skeletal muscle: 15.7;skin 1: 9.3;tongue: 26.6"	"Cell type enhanced"	"Detected in some"		"Astrocytes: 14.2;Cardiomyocytes: 6.0;Excitatory neurons: 9.6;Horizontal cells: 7.6;Inhibitory neurons: 11.1;Late spermatids: 6.3;Muller glia cells: 6.4;Oligodendrocyte precursor cells: 23.1;Skeletal myocytes: 10.7"	"Cell type enhanced"	"Detected in many"		"committed oligodendrocyte precursor: 104.2"	"Cancer enhanced"	"Detected in single"		"Thyroid Carcinoma (TCGA): 1.5"	"Low region specificity"	"Detected in all"			"Group enriched"	"Detected in some"	4	"basophil: 5.7;neutrophil: 2.2"	"Lineage enriched"	"Detected in single"	58	"granulocytes: 5.7"	"Not detected"	"Not detected"			"Breast - Breast myoepithelial cells, Heart muscle - Cardiomyocytes"	"Low region specificity"	"Detected in many"			"Region enhanced"	"Detected in many"		"cerebellum: 12.4"	"HPA036492, HPA036668"	Uncertain		Approved	Nucleoplasm			NA	NA			"Cluster 41: Basophils - Unknown function"	"Cluster 14: Skeletal muscle - Muscle contraction"	"Cluster 52: Neurons & Synapses - Synaptic function"	"Cluster 64: Connective tissue cells - ECM organization"	"Cluster 76: Oligodendrocyte precursor - Unknown function"		Nucleoplasm		"HPA036492: AB_10672222, HPA036668: AB_2675239"			"unprognostic (2.59e-1)"					"unprognostic (1.98e-1)"																						"unprognostic (1.80e-1)"	
MMP25	"MMP20, MMPL1, MT6-MMP"	ENSG00000008516	"Matrix metallopeptidase 25"	Q9NPA2	16	3046062-3060726	"Enzymes, Predicted secreted proteins"		"Hydrolase, Metalloprotease, Protease"		"Evidence at protein level"	"Evidence at protein level"	"Evidence at protein level"	"Evidence at protein level"	"Group enriched"	"Detected in many"	4	"bone marrow: 32.8;lymphoid tissue: 79.9"	"Cell type enhanced"	"Detected in some"		"Kupffer cells: 3.8;Langerhans cells: 3.5;Macrophages: 4.1;Schwann cells: 4.3;Serous glandular cells: 4.3;T-cells: 4.2"	"Cell type enhanced"	"Detected in many"		"leukocyte: 15.3"	"Cancer enriched"	"Detected in many"	4	"Testicular Germ Cell Tumor (TCGA): 11.9"	"Low region specificity"	"Detected in many"			"Group enriched"	"Detected in some"	5	"basophil: 18.3;neutrophil: 20.3"	"Lineage enriched"	"Detected in single"	39	"granulocytes: 20.3"	"Cancer enhanced"	"Detected in some"		"Leukemia: 2.6"	"Adipose visceral - Neutrophils, Heart muscle - Neutrophils, Liver - Neutrophils, Lung - Neutrophil_2, Skeletal muscle - Neutrophils, Spleen - Neutrophils, Stomach - Neutrophils, Thyroid gland - Neutrophils"	"Not detected"	"Not detected"			"Low region specificity"	"Detected in many"			"CAB025177, HPA055640"	Uncertain		Supported	"Plasma membrane"	"Secreted to blood"	Enzyme	NA	NA		3200000	"Cluster 35: Neutrophils - Protein binding"	"Cluster 81: Lymphoid tissue & Bone marrow - Innate immune response"	"Cluster 47: Endothelial cells - Vasculature"	"Cluster 49: HMC-1 - Innate immune response"	"Cluster 74: Neutrophils - Degranulation"		"Plasma membrane"		"CAB025177: , HPA055640: "	"unprognostic (1.81e-1)"	"unprognostic (2.81e-2)"	"unprognostic (3.82e-2)"	"unprognostic (8.63e-2)"	"unprognostic (1.00e-1)"	"unprognostic (1.21e-1)"	"unprognostic (3.16e-1)"	"unprognostic (6.46e-2)"	"potential prognostic favorable (9.34e-5)"		"unprognostic (6.11e-3)"	"unprognostic (3.71e-1)"			"unprognostic (3.49e-2)"	"unprognostic (1.78e-1)"	"unprognostic (1.06e-1)"	"unprognostic (3.56e-2)"	"unprognostic (3.42e-1)"				"unprognostic (6.93e-2)"		"unprognostic (2.42e-2)"	"unprognostic (3.12e-1)"	"unprognostic (6.18e-2)"	"unprognostic (1.16e-1)"	"unprognostic (5.07e-2)"		
MYB	c-myb	ENSG00000118513	"MYB proto-oncogene, transcription factor"	P10242	6	135181308-135219173	"Cancer-related genes, Human disease related genes, Predicted intracellular proteins, Transcription factors"	"Transcription, Transcription regulation"	"Activator, DNA-binding"	"Cancer-related genes, Proto-oncogene"	"Evidence at protein level"	"Evidence at protein level"	"Evidence at protein level"	"Evidence at protein level"	"Group enriched"	"Detected in many"	4	"bone marrow: 34.7;breast: 19.5;intestine: 25.7;lymphoid tissue: 64.3"	"Cell type enhanced"	"Detected in many"		"Breast glandular cells: 38.5;Ciliated cells: 32.7;dendritic cells: 29.8;Distal enterocytes: 30.4;Enteroendocrine cells: 30.6;Erythroid cells: 91.6;granulocytes: 40.7;Intestinal goblet cells: 30.0;Undifferentiated cells: 53.7"	"Group enriched"	"Detected in many"	7	"ependymal cell: 54.4;LAMP5-LHX6 and Chandelier: 49.1;medium spiny neuron: 30.6"	"Group enriched"	"Detected in many"	4	"Breast Invasive Carcinoma (TCGA): 37.9;Colon Adenocarcinoma (TCGA): 32.5;Rectum Adenocarcinoma (TCGA): 35.7;Stomach Adenocarcinoma (TCGA): 13.1"	"Low region specificity"	"Detected in many"			"Group enriched"	"Detected in some"	5	"basophil: 4.5;eosinophil: 5.3;plasmacytoid DC: 1.5"	"Group enriched"	"Detected in many"	5	"dendritic cells: 1.5;granulocytes: 5.3"	"Cancer enhanced"	"Detected in many"		"Leukemia: 175.7;lymphoma: 55.4"	"Adipose subcutaneous - Mast cells, Breast - Breast glandular cells, Lung - Respiratory ciliated cells, Thyroid gland - T-cells"	"Low region specificity"	"Detected in many"			"Low region specificity"	"Detected in some"			"CAB017704, HPA071605"	Approved		Supported	Nucleoplasm,Cytosol			NA	NA			"Cluster 41: Basophils - Unknown function"	"Cluster 67: Lymphoid tissue & Bone marrow - Cell proliferation"	"Cluster 33: Neurons - Mixed function"	"Cluster 6: Leukemia - Signal transduction"	"Cluster 16: Intestinal goblet cells - Mucin production"	26	Nucleoplasm	Cytosol	"CAB017704: , HPA071605: "	"unprognostic (2.06e-1)"	"unprognostic (5.37e-1)"	"unprognostic (5.41e-2)"	"unprognostic (6.34e-2)"	"unprognostic (1.87e-1)"	"unprognostic (2.45e-3)"		"unprognostic (1.05e-2)"	"unprognostic (1.18e-2)"							"unprognostic (1.80e-1)"	"unprognostic (2.00e-3)"	"unprognostic (9.39e-2)"	"unprognostic (3.30e-2)"	"unprognostic (1.99e-1)"	"unprognostic (4.65e-2)"	"unprognostic (7.13e-2)"	"unprognostic (9.47e-2)"	"unprognostic (1.19e-3)"	"unprognostic (2.12e-2)"	"unprognostic (1.22e-1)"		"unprognostic (6.15e-3)"	"unprognostic (6.13e-2)"		"unprognostic (1.77e-1)"
NLRP12	"CLR19.3, Monarch1, NALP12, PAN6, PYPAF7, RNO2"	ENSG00000142405	"NLR family pyrin domain containing 12"	P59046	19	53793741-53824403	"Disease related genes, Human disease related genes, Predicted intracellular proteins"				"Evidence at protein level"	"Evidence at transcript level"	"Evidence at protein level"	"Evidence at protein level"	"Group enriched"	"Detected in some"	4	"bone marrow: 6.0;lymphoid tissue: 4.2"	"Cell type enhanced"	"Detected in some"		"Hofbauer cells: 6.6;Kupffer cells: 8.5;Macrophages: 6.2;monocytes: 5.2;Oocytes: 7.4"	"Cell type enhanced"	"Detected in some"		"leukocyte: 7.8"	"Cancer enriched"	"Detected in single"	6	"Testicular Germ Cell Tumor (TCGA): 4.4"	"Not detected"	"Not detected"			"Group enriched"	"Detected in many"	4	"basophil: 57.0;classical monocyte: 18.2;eosinophil: 23.2;neutrophil: 29.9"	"Group enriched"	"Detected in many"	5	"granulocytes: 57.0;monocytes: 18.2"	"Cancer enhanced"	"Detected in single"		"Leukemia: 1.8"	"Adipose visceral - Neutrophils, Liver - Neutrophils, Lung - Neutrophil_2, Spleen - Neutrophils"	"Not detected"	"Not detected"			"Not detected"	"Not detected"			HPA042981	Approved						NA	NA			"Cluster 35: Neutrophils - Protein binding"	"Cluster 81: Lymphoid tissue & Bone marrow - Innate immune response"		"Cluster 14: Myeloid leukemia - Innate immune response"	"Cluster 29: Monocytes - Innate immune response"	3			"HPA042981: AB_10795712"			"unprognostic (3.23e-1)"																				"unprognostic (6.80e-2)"						"unprognostic (2.23e-1)"		
PCDH9		ENSG00000184226	"Protocadherin 9"	Q9HC56	13	66302834-67230445	"Plasma proteins, Predicted membrane proteins"	"Cell adhesion"			"Evidence at protein level"	"Evidence at protein level"	"Evidence at protein level"	"Evidence at protein level"	"Tissue enriched"	"Detected in many"	4	"brain: 39.8"	"Cell type enhanced"	"Detected in many"		"Astrocytes: 4115.7;Excitatory neurons: 5079.8;Inhibitory neurons: 2392.0;Oligodendrocyte precursor cells: 5924.5;Oligodendrocytes: 13140.4"	"Cell type enhanced"	"Detected in all"		"oligodendrocyte: 17073.9"	"Cancer enriched"	"Detected in some"	10	"Glioblastoma Multiforme (TCGA): 13.1"	"Low region specificity"	"Detected in all"			"Group enriched"	"Detected in some"	8	"basophil: 4.5;memory B-cell: 5.3;naive B-cell: 17.3"	"Group enriched"	"Detected in many"	9	"B-cells: 17.3;granulocytes: 4.5"	"Cancer enhanced"	"Detected in many"		"Rhabdoid: 32.6"	"Colon - Enteric glia cells, Lung - Alveolar cells type 2"	"Low region specificity"	"Detected in all"			"Low region specificity"	"Detected in all"			HPA015581			Approved	Nucleoplasm,Centrosome			NA	NA		3100000	"Cluster 34: B-cells - Unknown function"	"Cluster 33: Brain - Neuronal signaling"	"Cluster 11: White matter - Signal transduction"	"Cluster 3: Rhabdoid - Membrane components"	"Cluster 51: Oligodendrocytes - Unknown function"	3	"Nucleoplasm, Centrosome"		"HPA015581: AB_1855048"			"unprognostic (1.25e-1)"				"unprognostic (4.48e-2)"	"unprognostic (2.88e-3)"															"unprognostic (2.46e-2)"				"unprognostic (2.58e-1)"				
PRSS21	"ESP-1, TEST1"	ENSG00000007038	"Serine protease 21"	Q9Y6M0	16	2817180-2826304	"Enzymes, Plasma proteins, Predicted intracellular proteins"		"Hydrolase, Protease, Serine protease"		"Evidence at protein level"	"Evidence at protein level"	"Evidence at protein level"	"Evidence at protein level"	"Tissue enriched"	"Detected in many"	4	"testis: 82.3"	"Cell type enhanced"	"Detected in many"		"Early spermatids: 104.5;Late spermatids: 342.5;Spermatocytes: 484.7;Spermatogonia: 202.9"	"Cell type enriched"	"Detected in single"	4	"leukocyte: 2.4"	"Cancer enhanced"	"Detected in many"		"Ovary Serous Cystadenocarcinoma (TCGA): 22.2"	"Not detected"	"Not detected"			"Group enriched"	"Detected in many"	5	"basophil: 16.2;eosinophil: 33.0"	"Lineage enriched"	"Detected in all"	7	"granulocytes: 33.0"	"Cancer enhanced"	"Detected in many"		"cervical cancer: 23.1"		"Not detected"	"Not detected"			"Low region specificity"	"Detected in all"			HPA008477	Enhanced		Approved	"Cytosol,Mid piece,Principal piece"	"Intracellular and membrane"	Enzyme	NA	NA			"Cluster 46: Basophils - Proteolysis"	"Cluster 46: Testis - Spermatogenesis"		"Cluster 47: Leukemia - Hemostasis"	"Cluster 79: Spermatocytes & Spermatogonia - Spermatogenesis"	1	"Cytosol, Mid piece, Principal piece"		"HPA008477: AB_1079697"	"unprognostic (1.27e-2)"	"unprognostic (2.63e-2)"	"unprognostic (1.88e-1)"	"unprognostic (9.79e-2)"	"unprognostic (7.16e-2)"	"unprognostic (2.41e-1)"			"unprognostic (3.05e-2)"						"unprognostic (1.46e-1)"	"unprognostic (1.85e-2)"	"unprognostic (2.17e-1)"	"unprognostic (4.03e-2)"	"unprognostic (3.73e-1)"	"unprognostic (1.42e-1)"	"unprognostic (9.44e-2)"	"unprognostic (6.97e-3)"	"unprognostic (2.43e-1)"	"unprognostic (9.83e-3)"	"unprognostic (1.53e-1)"	"unprognostic (1.02e-1)"	"unprognostic (3.35e-1)"	"unprognostic (5.18e-3)"	"unprognostic (4.72e-2)"		"unprognostic (4.47e-1)"
SEZ6		ENSG00000063015	"Seizure related 6 homolog"	Q53EL9	17	28954901-29006440	"Predicted intracellular proteins, Predicted membrane proteins"				"Evidence at protein level"	"Evidence at protein level"	"Evidence at protein level"	"Evidence at protein level"	"Tissue enriched"	"Detected in some"	4	"brain: 114.7"	"Cell type enhanced"	"Detected in some"		"Bipolar cells: 60.7;Cone photoreceptor cells: 22.1;Excitatory neurons: 15.3;Horizontal cells: 69.2;Inhibitory neurons: 23.3;Rod photoreceptor cells: 20.7"	"Low cell type specificity"	"Detected in all"			"Cancer enriched"	"Detected in many"	11	"Glioblastoma Multiforme (TCGA): 53.8"	"Low region specificity"	"Detected in all"			"Group enriched"	"Detected in some"	5	"basophil: 1.1;neutrophil: 2.0"	"Lineage enriched"	"Detected in single"	6	"granulocytes: 2.0"	"Cancer enhanced"	"Detected in many"		"lung cancer: 13.1;Neuroblastoma: 14.3;thyroid cancer: 21.0"	"Colon - Colon enteroendocrine cells, Pancreas - Alpha cells, Pancreas - Beta cells, Pituitary gland - Thyrotropes"	"Low region specificity"	"Detected in all"			"Low region specificity"	"Detected in all"			HPA011777	Enhanced						NA	NA		350000		"Cluster 65: Cerebellum - Nervous system development"	"Cluster 33: Neurons - Mixed function"	"Cluster 16: Thyroid cancer - Neuronal signaling"	"Cluster 71: Horizontal & Bipolar cells - Neuronal signaling"	1			"HPA011777: AB_1856758"	"unprognostic (4.47e-2)"	"unprognostic (4.05e-2)"					"unprognostic (3.53e-2)"	"unprognostic (1.28e-2)"						"unprognostic (1.31e-1)"	"unprognostic (6.61e-2)"					"unprognostic (3.32e-1)"		"unprognostic (5.54e-3)"				"unprognostic (2.29e-2)"		"unprognostic (3.36e-2)"	"unprognostic (3.91e-1)"		
ABHD15		ENSG00000168792	"Abhydrolase domain containing 15"	Q6UXT9	17	29560547-29567037	"Predicted secreted proteins"				"Evidence at protein level"	"Evidence at transcript level"	"Evidence at protein level"	"Evidence at protein level"	"Tissue enhanced"	"Detected in all"		"liver: 25.4"	"Cell type enriched"	"Detected in many"	6	"dendritic cells: 175.8"	"Cell type enhanced"	"Detected in some"		"central nervous system macrophage: 15.2;leukocyte: 13.8"	"Low cancer specificity"	"Detected in all"			"Low region specificity"	"Detected in all"			"Group enriched"	"Detected in many"	5	"basophil: 18.2;MAIT T-cell: 6.6;NK-cell: 10.8;plasmacytoid DC: 23.6"	"Low lineage specificity"	"Detected in many"			"Low cancer specificity"	"Detected in all"			"Adipose subcutaneous - Adipocytes (Subcutaneous), Adipose visceral - Adipocytes (Visceral), Breast - Adipocytes (Breast), Liver - Hepatocytes, Pituitary gland - Thyrotropes, Spleen - B-cells (Spleen)"	"Low region specificity"	"Detected in single"			"Low region specificity"	"Detected in all"			HPA014470	Approved		Approved	Nucleoplasm,Cytosol	"Secreted to blood"	"No annotated function"	NA	NA			"Cluster 5: Non-specific - Cell proliferation"	"Cluster 11: Liver - Plasma proteins"	"Cluster 39: Astrocytes - Mixed function"	"Cluster 6: Leukemia - Signal transduction"	"Cluster 28: Dendritic cells - Antigen presentation"	13	"Nucleoplasm, Cytosol"		"HPA014470: AB_1852993"	"unprognostic (1.83e-2)"	"unprognostic (6.02e-2)"	"unprognostic (2.64e-2)"	"unprognostic (1.63e-1)"	"unprognostic (8.05e-2)"	"unprognostic (1.76e-1)"	"unprognostic (1.02e-1)"	"unprognostic (1.49e-1)"	"unprognostic (3.01e-1)"	"unprognostic (4.38e-2)"	"unprognostic (7.71e-2)"	"unprognostic (1.39e-1)"	"unprognostic (3.91e-2)"	"unprognostic (2.15e-1)"	"unprognostic (6.14e-2)"	"unprognostic (1.85e-2)"	"unprognostic (1.55e-1)"	"unprognostic (6.79e-2)"	"unprognostic (1.08e-1)"	"unprognostic (3.88e-2)"	"unprognostic (2.52e-1)"	"potential prognostic favorable (4.91e-4)"	"unprognostic (2.08e-1)"	"unprognostic (6.19e-2)"	"unprognostic (1.02e-1)"	"unprognostic (1.78e-1)"	"unprognostic (5.43e-2)"	"unprognostic (2.20e-2)"	"unprognostic (2.63e-1)"	"unprognostic (1.70e-1)"	"unprognostic (2.28e-1)"
ACOX1	PALMCOX	ENSG00000161533	"Acyl-CoA oxidase 1"	Q15067	17	75941507-75979177	"Disease related genes, Enzymes, Human disease related genes, Metabolic proteins, Potential drug targets, Predicted intracellular proteins"	"Fatty acid metabolism, Lipid metabolism"	Oxidoreductase	"Deafness, Disease variant, Neuropathy"	"Evidence at protein level"	"Evidence at transcript level"	"Evidence at protein level"	"Evidence at protein level"	"Tissue enhanced"	"Detected in all"		"liver: 117.5"	"Cell type enhanced"	"Detected in all"		"Distal enterocytes: 156.1;Hepatocytes: 249.6;Proximal enterocytes: 212.9"	"Low cell type specificity"	"Detected in all"			"Low cancer specificity"	"Detected in all"			"Low region specificity"	"Detected in all"			"Group enriched"	"Detected in all"	5	"basophil: 61.8;neutrophil: 84.5"	"Lineage enriched"	"Detected in all"	6	"granulocytes: 84.5"	"Low cancer specificity"	"Detected in all"			"Adipose subcutaneous - Adipocytes (Subcutaneous), Adipose visceral - Adipocytes (Visceral), Adrenal gland - Adrenal cortex cells, Breast - Adipocytes (Breast), Liver - Hepatocytes, Minor Salivary Gland - Minor salivary gland basal cells, Spleen - Neutrophils"	"Low region specificity"	"Detected in all"			"Low region specificity"	"Detected in all"			"CAB021094, HPA021192, HPA021195, HPA028759"	Approved		Approved	Nucleoli,Peroxisomes			NA	NA		130000	"Cluster 35: Neutrophils - Protein binding"	"Cluster 83: Liver - Metabolism"	"Cluster 19: Astrocytes - Mixed function"	"Cluster 27: Breast cancer - Unknown function"	"Cluster 5: Enterocytes - Absorption"	3	Peroxisomes	Nucleoli	"CAB021094: AB_10261667, HPA021192: AB_1844527, HPA021195: AB_1844528, HPA028759: AB_10601352"	"unprognostic (2.48e-3)"	"unprognostic (4.80e-2)"	"unprognostic (2.03e-1)"	"unprognostic (6.86e-2)"	"unprognostic (6.60e-3)"	"unprognostic (1.86e-1)"	"unprognostic (1.81e-1)"	"unprognostic (2.27e-2)"	"unprognostic (1.32e-1)"	"unprognostic (1.11e-1)"	"potential prognostic favorable (7.42e-10)"	"unprognostic (1.49e-3)"	"potential prognostic favorable (9.04e-5)"	"unprognostic (2.49e-2)"	"unprognostic (2.25e-2)"	"unprognostic (2.19e-2)"	"unprognostic (1.12e-1)"	"unprognostic (1.84e-1)"	"unprognostic (2.23e-1)"	"unprognostic (2.64e-2)"	"unprognostic (6.77e-2)"	"unprognostic (4.28e-1)"	"unprognostic (9.81e-2)"	"unprognostic (1.01e-1)"	"unprognostic (3.43e-3)"	"unprognostic (3.09e-1)"	"unprognostic (2.63e-1)"	"unprognostic (6.14e-2)"	"unprognostic (6.67e-2)"	"unprognostic (1.32e-1)"	"unprognostic (2.47e-1)"
ACSS3	FLJ21963	ENSG00000111058	"Acyl-CoA synthetase short chain family member 3"	Q9H6R3	12	80936414-81261210	"Enzymes, Metabolic proteins, Predicted membrane proteins"	"Lipid metabolism"	Ligase		"Evidence at protein level"	"Evidence at protein level"	"Evidence at protein level"	"Evidence at protein level"	"Tissue enhanced"	"Detected in many"		"liver: 38.8"	"Cell type enhanced"	"Detected in many"		"Astrocytes: 159.2;Bipolar cells: 60.1;Early spermatids: 69.1;Hepatocytes: 50.4"	"Group enriched"	"Detected in many"	6	"astrocyte: 268.8;bergmann glia: 226.0;choroid plexus epithelial cell: 143.4;ependymal cell: 259.9;fibroblast: 278.4;pericyte: 312.5;vascular associated smooth muscle cell: 99.4"	"Cancer enhanced"	"Detected in many"		"Kidney Chromophobe (TCGA): 51.2"	"Low region specificity"	"Detected in all"			"Group enriched"	"Detected in some"	15	"basophil: 7.1;neutrophil: 2.2"	"Lineage enriched"	"Detected in single"	71	"granulocytes: 7.1"	"Cancer enhanced"	"Detected in many"		"liver cancer: 10.6"	"Adipose subcutaneous - Adipocytes (Subcutaneous), Adipose visceral - Adipocytes (Visceral), Adrenal gland - Adrenal cortex cells, Breast - Adipocytes (Breast), Prostate - Fibroblasts, Thyroid gland - Thyroid glandular cells"	"Low region specificity"	"Detected in many"			"Low region specificity"	"Detected in all"			"HPA039353, HPA047956, HPA061517"	Approved		Supported	Mitochondria			NA	NA			"Cluster 46: Basophils - Proteolysis"	"Cluster 1: Liver & Kidney - Metabolism"	"Cluster 39: Astrocytes - Mixed function"	"Cluster 18: Liver cancer - Metabolism"	"Cluster 47: Astrocytes - Unknown function"	2	Mitochondria		"HPA039353: AB_2676460, HPA047956: AB_2680223, HPA061517: AB_2684549"	"unprognostic (1.09e-1)"	"unprognostic (6.54e-2)"	"unprognostic (2.82e-2)"			"unprognostic (6.83e-3)"	"unprognostic (2.81e-2)"	"potential prognostic unfavorable (4.61e-6)"		"unprognostic (3.00e-3)"	"validated prognostic favorable (3.37e-10)"	"validated prognostic favorable (2.87e-6)"	"unprognostic (1.70e-3)"	"unprognostic (2.05e-1)"	"unprognostic (2.23e-1)"	"unprognostic (1.81e-3)"	"unprognostic (1.15e-1)"	"unprognostic (4.10e-3)"	"unprognostic (2.50e-3)"	"unprognostic (1.02e-2)"	"unprognostic (1.80e-2)"	"unprognostic (3.39e-2)"	"unprognostic (7.22e-2)"	"unprognostic (6.80e-2)"	"unprognostic (2.12e-1)"	"unprognostic (1.23e-1)"	"unprognostic (1.55e-1)"	"unprognostic (1.17e-3)"	"unprognostic (1.65e-1)"	"unprognostic (1.36e-1)"	"unprognostic (3.48e-2)"
ADAM19	MLTNB	ENSG00000135074	"ADAM metallopeptidase domain 19"	Q9H013	5	157395534-157575775	"Plasma proteins, Predicted membrane proteins"		"Hydrolase, Metalloprotease, Protease"		"Evidence at protein level"	"Evidence at transcript level"	"Evidence at protein level"	"Evidence at protein level"	"Low tissue specificity"	"Detected in many"			"Cell type enhanced"	"Detected in many"		"B-cells: 45.2;Cone photoreceptor cells: 51.0;dendritic cells: 63.5;Extravillous trophoblasts: 95.8;Langerhans cells: 52.2;Plasma cells: 56.4;Rod photoreceptor cells: 49.6"	"Low cell type specificity"	"Detected in all"			"Low cancer specificity"	"Detected in all"			"Low region specificity"	"Detected in all"			"Group enriched"	"Detected in many"	5	"basophil: 128.7;eosinophil: 140.1;memory B-cell: 51.0;naive B-cell: 53.7;neutrophil: 70.8;plasmacytoid DC: 66.9"	"Group enriched"	"Detected in many"	5	"B-cells: 53.7;dendritic cells: 66.9;granulocytes: 140.1"	"Low cancer specificity"	"Detected in many"			"Prostate - Smooth muscle cells"					"Low region specificity"	"Detected in all"			HPA055537			Approved	Vesicles			NA	NA		4900	"Cluster 41: Basophils - Unknown function"	"Cluster 36: Lymphoid tissue - Cytokine signaling"	"Cluster 37: Neurons - Mixed function"	"Cluster 71: Lymphoma - Inflammatory response"	"Cluster 77: Plasma cells - Protein processing"	6	Vesicles		"HPA055537: AB_2797253"	"unprognostic (1.09e-1)"	"unprognostic (3.83e-1)"	"unprognostic (2.08e-1)"	"unprognostic (5.09e-2)"	"unprognostic (9.69e-2)"	"unprognostic (9.72e-3)"	"unprognostic (7.92e-3)"	"unprognostic (2.41e-2)"	"unprognostic (3.40e-1)"	"unprognostic (4.17e-2)"	"unprognostic (1.47e-3)"	"unprognostic (1.30e-1)"	"potential prognostic unfavorable (7.10e-5)"	"unprognostic (7.44e-3)"	"unprognostic (1.20e-1)"	"unprognostic (2.77e-2)"	"unprognostic (1.12e-3)"	"unprognostic (8.81e-3)"	"unprognostic (3.86e-3)"	"unprognostic (3.75e-2)"	"unprognostic (1.18e-1)"	"unprognostic (1.17e-1)"	"unprognostic (6.66e-3)"	"unprognostic (2.59e-1)"	"unprognostic (1.29e-1)"	"unprognostic (1.01e-1)"	"unprognostic (1.20e-1)"	"unprognostic (5.70e-2)"	"unprognostic (1.25e-1)"	"unprognostic (9.31e-2)"	"unprognostic (1.41e-1)"
ADAM8	"CD156, CD156A, MS2"	ENSG00000151651	"ADAM metallopeptidase domain 8"	P78325	10	133262420-133276868	"CD markers, Plasma proteins, Predicted intracellular proteins, Predicted membrane proteins"		"Hydrolase, Metalloprotease, Protease"		"Evidence at protein level"	"Evidence at transcript level"	"Evidence at protein level"	"Evidence at protein level"	"Tissue enhanced"	"Detected in many"		"bone marrow: 67.8;lymphoid tissue: 47.3"	"Cell type enhanced"	"Detected in many"		"Extravillous trophoblasts: 105.8;Langerhans cells: 163.3;NK-cells: 68.3;T-cells: 36.5"	"Cell type enriched"	"Detected in many"	7	"leukocyte: 57.8"	"Low cancer specificity"	"Detected in all"			"Region enhanced"	"Detected in all"		"cerebral cortex: 44.4"	"Group enriched"	"Detected in many"	5	"basophil: 107.8;eosinophil: 259.4;neutrophil: 139.8"	"Lineage enriched"	"Detected in all"	7	"granulocytes: 259.4"	"Cancer enhanced"	"Detected in many"		"pancreatic cancer: 53.8"	"Adipose visceral - Neutrophils, Breast - T-cells, Heart muscle - Neutrophils, Spleen - Neutrophils, Thyroid gland - T-cells"	"Not detected"	"Not detected"			"Not detected"	"Not detected"			HPA064637	Approved				"Intracellular and membrane"	Enzyme	NA	NA		4000	"Cluster 21: Neutrophils - Unknown function"	"Cluster 81: Lymphoid tissue & Bone marrow - Innate immune response"	"Cluster 12: Non-specific - Vasculature"	"Cluster 53: Squamous epithelial cells - Keratinization"	"Cluster 14: Langerhans cells - Innate immune response"	4			"HPA064637: AB_2685306"	"unprognostic (2.31e-1)"	"unprognostic (1.16e-1)"	"unprognostic (1.49e-3)"	"unprognostic (4.25e-3)"	"unprognostic (1.94e-2)"	"unprognostic (2.45e-1)"	"unprognostic (8.06e-3)"	"unprognostic (1.08e-1)"	"unprognostic (6.14e-2)"	"unprognostic (5.25e-2)"	"potential prognostic unfavorable (3.37e-8)"	"unprognostic (3.28e-2)"	"unprognostic (7.71e-2)"	"unprognostic (4.30e-2)"	"unprognostic (4.33e-2)"	"unprognostic (1.21e-2)"	"unprognostic (1.90e-2)"	"unprognostic (2.20e-2)"	"unprognostic (1.53e-1)"	"unprognostic (3.85e-3)"	"unprognostic (1.65e-1)"	"unprognostic (3.84e-2)"	"unprognostic (2.91e-3)"	"unprognostic (1.70e-1)"	"unprognostic (2.36e-3)"	"unprognostic (1.32e-1)"	"unprognostic (1.39e-2)"	"unprognostic (2.86e-1)"	"unprognostic (3.96e-2)"	"unprognostic (1.80e-1)"	"unprognostic (3.25e-2)"
ADGRE2	"CD312, EMR2"	ENSG00000127507	"Adhesion G protein-coupled receptor E2"	Q9UHX3	19	14732392-14778560	"CD markers, Disease related genes, G-protein coupled receptors, Human disease related genes, Potential drug targets, Predicted membrane proteins"	"Cell adhesion, Inflammatory response"	"G-protein coupled receptor, Receptor, Transducer"	"Disease variant"	"Evidence at protein level"	"Evidence at transcript level"	"Evidence at protein level"	"Evidence at protein level"	"Tissue enhanced"	"Detected in many"		"lymphoid tissue: 18.8"	"Cell type enhanced"	"Detected in many"		"granulocytes: 72.9;Kupffer cells: 72.1;Macrophages: 72.3;monocytes: 238.9"	"Cell type enhanced"	"Detected in some"		"leukocyte: 43.5;oligodendrocyte: 21.8;pericyte: 23.3"	"Low cancer specificity"	"Detected in many"			"Low region specificity"	"Detected in all"			"Group enriched"	"Detected in many"	5	"basophil: 70.2;eosinophil: 74.8;intermediate monocyte: 46.9;neutrophil: 55.8;non-classical monocyte: 90.2"	"Group enriched"	"Detected in many"	9	"granulocytes: 74.8;monocytes: 90.2"	"Cancer enhanced"	"Detected in many"		"Leukemia: 7.7"	"Lung - Neutrophil_2"					"Low region specificity"	"Detected in many"			HPA055200			Uncertain	Vesicles,Cytosol			NA	NA			"Cluster 37: Monocytes & Neutrophils - Innate immune response"	"Cluster 70: Lymphoid tissue - Immune response"	"Cluster 6: Non-specific - Immune response"	"Cluster 71: Lymphoma - Inflammatory response"	"Cluster 29: Monocytes - Innate immune response"	18	Vesicles	Cytosol	"HPA055200: "	"unprognostic (2.68e-1)"	"unprognostic (7.32e-2)"		"potential prognostic unfavorable (6.87e-4)"	"unprognostic (1.26e-1)"	"unprognostic (1.66e-1)"	"unprognostic (4.26e-2)"	"unprognostic (4.01e-1)"	"unprognostic (1.66e-1)"	"unprognostic (1.06e-1)"	"unprognostic (1.31e-1)"	"unprognostic (3.19e-1)"	"unprognostic (6.61e-2)"			"unprognostic (7.02e-3)"	"unprognostic (1.14e-3)"	"unprognostic (5.34e-2)"	"unprognostic (1.26e-2)"	"unprognostic (1.77e-1)"		"unprognostic (2.34e-1)"	"unprognostic (3.50e-3)"	"unprognostic (7.29e-2)"	"unprognostic (2.15e-1)"	"unprognostic (7.23e-3)"	"unprognostic (6.68e-2)"	"unprognostic (5.94e-2)"	"unprognostic (6.74e-3)"	"unprognostic (1.91e-1)"	"unprognostic (3.25e-1)"
ADGRE3	EMR3	ENSG00000131355	"Adhesion G protein-coupled receptor E3"	Q9BY15	19	14619117-14690027	"G-protein coupled receptors, Predicted membrane proteins, Predicted secreted proteins"		"G-protein coupled receptor, Receptor, Transducer"		"Evidence at protein level"	"Evidence at transcript level"	"Evidence at transcript level"	"Evidence at protein level"	"Tissue enhanced"	"Detected in some"		"bone marrow: 3.1;lymphoid tissue: 5.9"	"Cell type enhanced"	"Detected in some"		"Macrophages: 7.7;Microglial cells: 3.6;monocytes: 21.0;Mucus glandular cells: 3.8"	"Cell type enhanced"	"Detected in some"		"leukocyte: 8.0"	"Not detected"	"Not detected"			"Region enhanced"	"Detected in single"		"cerebral cortex: 1.1"	"Group enriched"	"Detected in many"	7	"basophil: 282.8;eosinophil: 510.3;neutrophil: 491.6"	"Lineage enriched"	"Detected in many"	8	"granulocytes: 510.3"	"Cancer enriched"	"Detected in single"	7	"Leukemia: 1.0"	"Adipose visceral - Neutrophils, Minor Salivary Gland - Minor salivary glandular cells, Stomach - Neutrophils"					"Not detected"	"Not detected"			HPA015638	Uncertain				"Secreted to blood"	Receptor	NA	NA			"Cluster 21: Neutrophils - Unknown function"	"Cluster 70: Lymphoid tissue - Immune response"	"Cluster 12: Non-specific - Vasculature"	"Cluster 49: HMC-1 - Innate immune response"	"Cluster 58: Macrophages - Innate immune response"				"HPA015638: AB_1848039"						"unprognostic (5.26e-2)"											"unprognostic (4.13e-1)"		"unprognostic (2.49e-1)"				"unprognostic (2.34e-1)"			"unprognostic (1.77e-1)"					
AKR1C3	"DDX, HAKRB, HSD17B5, KIAA0119, PGFS"	ENSG00000196139	"Aldo-keto reductase family 1 member C3"	P42330	10	5035354-5107686	"Enzymes, Metabolic proteins, Plasma proteins, Predicted intracellular proteins"	"Lipid metabolism"	Oxidoreductase		"Evidence at protein level"	"Evidence at protein level"	"Evidence at protein level"	"Evidence at protein level"	"Tissue enhanced"	"Detected in all"		"intestine: 428.6"	"Cell type enhanced"	"Detected in many"		"Basal respiratory cells: 375.3;Cholangiocytes: 311.0;Exocrine glandular cells: 549.8;Hepatocytes: 451.0;Proximal enterocytes: 608.0;Proximal tubular cells: 497.6"	"Low cell type specificity"	"Detected in many"			"Cancer enhanced"	"Detected in all"		"Lung Squamous Cell Carcinoma (TCGA): 603.4"	"Low region specificity"	"Detected in all"			"Group enriched"	"Detected in many"	4	"basophil: 244.9;gdT-cell: 102.8"	"Group enriched"	"Detected in many"	4	"granulocytes: 244.9;T-cells: 102.8"	"Cancer enhanced"	"Detected in many"		"Gallbladder cancer: 1748.7"	"Adrenal gland - Adrenal cortex cells, Kidney - Proximal tubular cells, Stomach - Gastric mucous cells"									"CAB010874, HPA068265"	Enhanced		Approved	"Nucleoplasm,Nucleoli fibrillar center,Endoplasmic reticulum,Cytosol"			NA	NA		15000000	"Cluster 41: Basophils - Unknown function"	"Cluster 37: Liver & Intestine - Lipid metabolism"	"Cluster 39: Astrocytes - Mixed function"	"Cluster 7: Liver cancer - Metabolism"	"Cluster 43: Hepatocytes - Metabolism"	9	"Nucleoplasm, Cytosol"	"Nucleoli fibrillar center, Endoplasmic reticulum"	"CAB010874: AB_476751, HPA068265: AB_2685966"	"unprognostic (2.23e-1)"	"unprognostic (1.52e-2)"	"unprognostic (1.25e-1)"	"unprognostic (2.96e-2)"	"unprognostic (1.08e-1)"	"unprognostic (1.09e-1)"	"unprognostic (7.08e-2)"	"potential prognostic favorable (1.50e-4)"	"unprognostic (1.86e-3)"	"unprognostic (3.73e-1)"	"potential prognostic favorable (8.42e-5)"	"unprognostic (6.47e-2)"	"potential prognostic unfavorable (3.70e-4)"	"validated prognostic unfavorable (5.07e-6)"	"validated prognostic unfavorable (2.51e-7)"	"unprognostic (3.93e-2)"	"unprognostic (2.97e-2)"	"unprognostic (4.07e-2)"	"unprognostic (1.51e-1)"	"unprognostic (6.61e-2)"	"unprognostic (1.21e-1)"	"unprognostic (6.33e-2)"	"unprognostic (2.69e-1)"	"unprognostic (1.30e-1)"	"unprognostic (2.50e-1)"	"unprognostic (3.97e-2)"	"unprognostic (1.75e-1)"	"unprognostic (3.68e-1)"	"unprognostic (1.38e-1)"	"potential prognostic unfavorable (1.44e-5)"	"unprognostic (3.50e-2)"
ANKRD55	FLJ11795	ENSG00000164512	"Ankyrin repeat domain 55"	Q3KP44	5	56099680-56233330	"Predicted intracellular proteins"				"Evidence at protein level"	"Evidence at protein level"	"Evidence at protein level"	"Evidence at protein level"	"Tissue enhanced"	"Detected in some"		"brain: 3.8;lymphoid tissue: 3.5;testis: 9.6"	"Group enriched"	"Detected in some"	5	"Early spermatids: 170.9;Inhibitory neurons: 98.7;Late spermatids: 50.5;Spermatocytes: 48.5"	"Group enriched"	"Detected in all"	4	"CGE interneuron: 162.8;committed oligodendrocyte precursor: 47.1;eccentric medium spiny neuron: 105.6;LAMP5-LHX6 and Chandelier: 152.4;lower rhombic lip: 88.1;medium spiny neuron: 75.3;MGE interneuron: 132.2;midbrain-derived inhibitory: 94.6;oligodendrocyte precursor cell: 89.6;splatter: 84.2"	"Cancer enriched"	"Detected in single"	6	"Testicular Germ Cell Tumor (TCGA): 2.4"	"Low region specificity"	"Detected in many"			"Group enriched"	"Detected in many"	5	"basophil: 23.1;eosinophil: 20.8;naive CD4 T-cell: 19.9"	"Group enriched"	"Detected in many"	74	"granulocytes: 23.1;T-cells: 19.9"	"Cancer enhanced"	"Detected in some"		"Leukemia: 7.0;lymphoma: 3.6"	"Liver - Sinusoid Endothelial cells, Testis - Early spermatids, Testis - Late spermatids"	"Low region specificity"	"Detected in many"			"Low region specificity"	"Detected in many"			"HPA051049, HPA061649"	Uncertain		Approved	"Nucleoplasm,Nuclear speckles,Cytosol"			NA	NA			"Cluster 36: Eosinophils - Protein ubiquitination"	"Cluster 44: Testis - Spermatogenesis"	"Cluster 41: Monoamines - Neurotransmitter signalling"	"Cluster 50: Lymphoma - Unknown function"	"Cluster 65: Neurons - Synaptic function"	30	"Nucleoplasm, Nuclear speckles"	Cytosol	"HPA051049: AB_2681326, HPA061649: "			"unprognostic (2.31e-2)"																										"unprognostic (2.45e-1)"		
ANXA2	"ANX2, ANX2L4, CAL1H, LIP2, LPC2D"	ENSG00000182718	"Annexin A2"	P07355	15	60347134-60402883	"Cancer-related genes, Disease related genes, FDA approved drug targets, Plasma proteins, Predicted intracellular proteins, Predicted secreted proteins, Transporters"	"Host-virus interaction"	RNA-binding	"Cancer-related genes, FDA approved drug targets"	"Evidence at protein level"	"Evidence at protein level"	"Evidence at protein level"	"Evidence at protein level"	"Tissue enhanced"	"Detected in all"		"esophagus: 2124.0"	"Cell type enhanced"	"Detected in many"		"Basal respiratory cells: 5295.0;Ductal cells: 3448.7;Pancreatic endocrine cells: 3363.7"	"Cell type enhanced"	"Detected in many"		"ependymal cell: 101.5;fibroblast: 169.0;vascular associated smooth muscle cell: 96.1"	"Low cancer specificity"	"Detected in all"			"Low region specificity"	"Detected in all"			"Group enriched"	"Detected in all"	4	"basophil: 4446.3;classical monocyte: 2767.4;intermediate monocyte: 2404.9;myeloid DC: 4023.2;non-classical monocyte: 2699.3;T-reg: 1686.0"	"Low lineage specificity"	"Detected in all"			"Low cancer specificity"	"Detected in all"			"Pancreas - Ductal cells"	"Low region specificity"	"Detected in all"			"Region enhanced"	"Detected in all"		"spinal cord: 213.0"	"CAB004311, HPA046964, HPA061798"	Enhanced		Approved	"Plasma membrane,Cytosol"	"Secreted to blood"	Other	NA	NA	26700000000	23000000	"Cluster 10: Non-specific - Membrane trafficking"	"Cluster 75: Epithelium - Extracellular exosomes"	"Cluster 12: Non-specific - Vasculature"	"Cluster 72: Neuronal - Signal transduction"	"Cluster 45: Non-specific - Mixed function"	49	"Plasma membrane"	Cytosol	"CAB004311: AB_626677, HPA046964: AB_2732537, HPA061798: AB_2732671"	"unprognostic (3.58e-3)"	"unprognostic (1.72e-2)"	"unprognostic (1.04e-1)"	"unprognostic (1.96e-1)"	"unprognostic (1.53e-1)"	"unprognostic (3.13e-2)"	"unprognostic (1.89e-3)"	"potential prognostic unfavorable (1.89e-4)"	"unprognostic (1.41e-3)"	"unprognostic (1.44e-2)"	"potential prognostic unfavorable (4.91e-4)"	"unprognostic (3.19e-2)"	"unprognostic (5.16e-2)"	"validated prognostic unfavorable (7.78e-4)"	"validated prognostic unfavorable (5.03e-4)"	"potential prognostic unfavorable (1.13e-4)"	"unprognostic (1.89e-2)"	"unprognostic (2.44e-2)"	"unprognostic (2.35e-3)"	"unprognostic (1.67e-2)"	"unprognostic (4.36e-2)"	"potential prognostic unfavorable (1.38e-5)"	"unprognostic (9.67e-3)"	"unprognostic (5.95e-2)"	"unprognostic (2.33e-1)"	"unprognostic (5.63e-2)"	"unprognostic (3.03e-1)"	"unprognostic (1.14e-1)"	"unprognostic (9.57e-2)"	"unprognostic (2.86e-2)"	"unprognostic (8.85e-3)"
AREG	"AR, AREGB, SDGF"	ENSG00000109321	Amphiregulin	P15514	4	74445136-74455005	"Cancer-related genes, Human disease related genes, Predicted membrane proteins"		"Cytokine, Growth factor"	"Cancer-related genes"	"Evidence at protein level"	"Evidence at transcript level"	"Evidence at protein level"	"Evidence at protein level"	"Tissue enhanced"	"Detected in many"		"bone marrow: 128.6;placenta: 317.5;urinary bladder: 140.0"	"Cell type enhanced"	"Detected in many"		"Basal keratinocytes: 2219.4;dendritic cells: 3645.0;granulocytes: 4608.4;monocytes: 4647.2"	"Cell type enriched"	"Detected in some"	17	"leukocyte: 41.6"	"Cancer enhanced"	"Detected in many"		"Rectum Adenocarcinoma (TCGA): 166.5"	"Region enhanced"	"Detected in some"		"choroid plexus: 3.2"	"Group enriched"	"Detected in some"	11	"basophil: 11.0;eosinophil: 11.8;NK-cell: 3.8"	"Group enriched"	"Detected in many"	10	"granulocytes: 11.8;NK-cells: 3.8"	"Cancer enhanced"	"Detected in many"		"Bile duct cancer: 543.3"	"Colon - Neutrophils, Testis - Early spermatids"	"Region enriched"	"Detected in single"	4	"olfactory bulb: 1.2"	"Low region specificity"	"Detected in all"			"HPA008720, CAB023519"	Approved		Approved	Mitochondria			NA	NA			"Cluster 22: Eosinophils - Transcription"	"Cluster 58: Placenta - Pregnancy"	"Cluster 12: Non-specific - Vasculature"	"Cluster 53: Squamous epithelial cells - Keratinization"	"Cluster 29: Monocytes - Innate immune response"	4	Mitochondria		"CAB023519: AB_2060673, HPA008720: AB_1844978"	"unprognostic (8.37e-2)"	"unprognostic (3.90e-2)"	"unprognostic (1.08e-1)"	"unprognostic (1.13e-1)"	"unprognostic (5.19e-2)"	"unprognostic (1.94e-3)"	"unprognostic (1.27e-3)"		"potential prognostic unfavorable (6.34e-5)"	"unprognostic (1.31e-3)"	"unprognostic (3.98e-2)"	"unprognostic (3.01e-3)"	"unprognostic (2.72e-1)"	"unprognostic (1.09e-2)"		"potential prognostic unfavorable (8.51e-4)"	"unprognostic (3.39e-2)"	"potential prognostic unfavorable (8.29e-5)"	"unprognostic (3.73e-3)"	"unprognostic (5.12e-2)"	"unprognostic (1.29e-1)"	"validated prognostic unfavorable (6.75e-4)"	"validated prognostic unfavorable (4.30e-4)"	"unprognostic (3.09e-2)"	"unprognostic (2.52e-1)"	"potential prognostic favorable (2.36e-4)"	"unprognostic (4.21e-1)"	"unprognostic (6.66e-2)"		"unprognostic (1.32e-1)"	"unprognostic (1.06e-1)"
ARHGEF37	FLJ41603	ENSG00000183111	"Rho guanine nucleotide exchange factor 37"	A1IGU5	5	149551947-149634968	"Predicted intracellular proteins"		"Guanine-nucleotide releasing factor"		"Evidence at protein level"	"Evidence at transcript level"	"Evidence at transcript level"	"Evidence at protein level"	"Low tissue specificity"	"Detected in all"			"Cell type enhanced"	"Detected in many"		"Basal prostatic cells: 83.5;Oligodendrocytes: 58.0;Prostatic glandular cells: 45.8"	"Cell type enhanced"	"Detected in all"		"oligodendrocyte: 133.3"	"Low cancer specificity"	"Detected in all"			"Low region specificity"	"Detected in all"			"Group enriched"	"Detected in some"	8	"basophil: 9.3;neutrophil: 3.1"	"Lineage enriched"	"Detected in single"	12	"granulocytes: 9.3"	"Cancer enhanced"	"Detected in many"		"Gallbladder cancer: 22.3"	"Breast - Breast glandular cells"	"Region enhanced"	"Detected in many"		"cerebellum: 10.4"	"Low region specificity"	"Detected in all"			"HPA043885, HPA053487"	Uncertain		Approved	Cytosol			NA	NA			"Cluster 21: Neutrophils - Unknown function"	"Cluster 9: Oligodendrocytes - Myelination"	"Cluster 30: White matter - Myelination"	"Cluster 53: Squamous epithelial cells - Keratinization"	"Cluster 3: Basal prostatic cells - Lipid metabolism"	1	Cytosol		"HPA043885: AB_2678715, HPA053487: AB_2682167"	"unprognostic (1.78e-1)"	"unprognostic (3.69e-2)"	"unprognostic (9.37e-2)"	"unprognostic (3.73e-2)"	"unprognostic (2.71e-1)"	"unprognostic (2.30e-1)"	"unprognostic (4.61e-2)"	"unprognostic (9.11e-3)"	"unprognostic (1.75e-2)"	"unprognostic (7.05e-2)"	"validated prognostic favorable (6.23e-7)"	"validated prognostic favorable (6.28e-6)"	"potential prognostic favorable (9.05e-5)"	"unprognostic (1.04e-3)"	"unprognostic (3.85e-1)"	"unprognostic (1.28e-1)"	"unprognostic (3.90e-2)"	"unprognostic (2.10e-1)"	"unprognostic (2.44e-1)"	"unprognostic (3.85e-2)"	"unprognostic (4.05e-2)"	"unprognostic (4.92e-2)"	"unprognostic (3.56e-2)"	"unprognostic (4.58e-2)"	"unprognostic (6.19e-2)"	"unprognostic (4.11e-1)"	"unprognostic (2.56e-1)"	"unprognostic (7.04e-2)"	"unprognostic (1.06e-1)"	"unprognostic (4.54e-3)"	"unprognostic (2.29e-1)"
ARL6IP6	MGC33864	ENSG00000177917	"ADP ribosylation factor like GTPase 6 interacting protein 6"	Q8N6S5	2	152717647-152762396	"Predicted intracellular proteins, Predicted membrane proteins"				"Evidence at protein level"	"Evidence at transcript level"	"Evidence at protein level"	"Evidence at protein level"	"Tissue enhanced"	"Detected in all"		"skeletal muscle: 55.5"	"Cell type enhanced"	"Detected in all"		"Cytotrophoblasts: 155.3;Extravillous trophoblasts: 138.9"	"Low cell type specificity"	"Detected in all"			"Low cancer specificity"	"Detected in all"			"Low region specificity"	"Detected in all"			"Group enriched"	"Detected in all"	8	"basophil: 429.8;eosinophil: 302.0"	"Lineage enriched"	"Detected in all"	10	"granulocytes: 429.8"	"Low cancer specificity"	"Detected in all"				"Low region specificity"	"Detected in all"			"Low region specificity"	"Detected in all"			HPA014743	Approved		Approved	"Nuclear membrane,Cytosol"			NA	Yes			"Cluster 41: Basophils - Unknown function"	"Cluster 19: Non-specific - Basic cellular processes"	"Cluster 28: Oligodendrocytes - Mixed function"	"Cluster 30: Non-specific - Gene expression regulation"	"Cluster 4: Extravillous trophoblasts - Unknown function"	41	"Nuclear membrane"	Cytosol	"HPA014743: AB_1845030"	"unprognostic (2.08e-1)"	"unprognostic (2.17e-1)"	"unprognostic (1.91e-1)"	"unprognostic (1.06e-2)"	"unprognostic (1.30e-2)"	"unprognostic (8.15e-2)"	"unprognostic (2.80e-1)"	"unprognostic (1.15e-1)"	"unprognostic (1.08e-1)"	"unprognostic (5.07e-1)"	"potential prognostic favorable (2.94e-4)"	"unprognostic (1.01e-1)"	"unprognostic (6.22e-3)"	"unprognostic (1.28e-3)"	"unprognostic (1.62e-3)"	"unprognostic (2.80e-2)"	"unprognostic (2.64e-2)"	"unprognostic (3.80e-1)"	"unprognostic (5.03e-2)"	"unprognostic (1.45e-2)"	"unprognostic (1.58e-1)"	"unprognostic (1.48e-1)"	"potential prognostic unfavorable (3.82e-4)"	"unprognostic (2.31e-1)"	"unprognostic (1.74e-3)"	"unprognostic (2.09e-2)"	"unprognostic (6.13e-2)"	"unprognostic (1.23e-1)"	"unprognostic (1.35e-1)"	"unprognostic (4.62e-2)"	"unprognostic (2.72e-1)"
ARRDC4	FLJ36045	ENSG00000140450	"Arrestin domain containing 4"	Q8NCT1	15	97960703-97973833	"Predicted intracellular proteins"				"Evidence at protein level"	"Evidence at protein level"	"Evidence at protein level"	"Evidence at protein level"	"Tissue enhanced"	"Detected in all"		"brain: 74.4"	"Cell type enhanced"	"Detected in many"		"Distal enterocytes: 56.7"	"Low cell type specificity"	"Detected in all"			"Low cancer specificity"	"Detected in all"			"Low region specificity"	"Detected in all"			"Group enriched"	"Detected in many"	5	"basophil: 1.1;classical monocyte: 2.5;eosinophil: 1.5;intermediate monocyte: 1.7;myeloid DC: 1.1;neutrophil: 1.4"	"Group enriched"	"Detected in many"	8	"dendritic cells: 1.1;granulocytes: 1.5;monocytes: 2.5"	"Low cancer specificity"	"Detected in many"				"Low region specificity"	"Detected in all"			"Low region specificity"	"Detected in all"			"HPA039934, HPA042109"	Approved		Supported	"Vesicles,Plasma membrane"			NA	NA			"Cluster 29: Non-specific - Unknown function"	"Cluster 9: Oligodendrocytes - Myelination"	"Cluster 22: Non-specific - Mixed function"	"Cluster 53: Squamous epithelial cells - Keratinization"	"Cluster 58: Macrophages - Innate immune response"	4	"Plasma membrane"	Vesicles	"HPA039934: , HPA042109: AB_10795606"	"unprognostic (3.64e-2)"	"unprognostic (7.71e-2)"	"unprognostic (2.82e-3)"	"unprognostic (2.14e-3)"	"unprognostic (2.81e-2)"	"unprognostic (7.53e-2)"	"unprognostic (1.98e-3)"	"potential prognostic unfavorable (5.16e-4)"	"unprognostic (9.77e-2)"	"unprognostic (9.36e-2)"	"unprognostic (5.45e-3)"	"unprognostic (4.10e-1)"	"unprognostic (7.71e-2)"	"unprognostic (1.11e-2)"	"potential prognostic favorable (5.98e-8)"	"unprognostic (3.07e-1)"	"unprognostic (1.45e-1)"	"unprognostic (1.48e-1)"	"unprognostic (1.40e-1)"	"unprognostic (1.44e-1)"	"unprognostic (1.14e-1)"	"unprognostic (2.38e-2)"	"unprognostic (2.67e-2)"	"unprognostic (7.26e-3)"	"unprognostic (1.55e-1)"	"unprognostic (7.93e-2)"	"unprognostic (8.56e-2)"	"unprognostic (4.83e-2)"	"unprognostic (8.51e-2)"	"unprognostic (1.83e-2)"	"unprognostic (4.53e-2)"
B3GALNT1	"B3GALANT1, B3GALT3, beta3Gal-T3, galT3, GLOB"	ENSG00000169255	"Beta-1,3-N-acetylgalactosaminyltransferase 1 (globoside blood group)"	O75752	3	161083883-161105411	"Blood group antigen proteins, Enzymes, Metabolic proteins, Plasma proteins, Predicted intracellular proteins"	"Lipid metabolism"	"Blood group antigen, Glycosyltransferase, Transferase"		"Evidence at protein level"	"Evidence at protein level"	"Evidence at protein level"	"Evidence at protein level"	"Tissue enhanced"	"Detected in all"		"heart muscle: 51.4"	"Cell type enhanced"	"Detected in many"		"Bipolar cells: 78.5;Cardiomyocytes: 68.1;Oocytes: 44.8"	"Low cell type specificity"	"Detected in all"			"Low cancer specificity"	"Detected in all"			"Low region specificity"	"Detected in all"			"Group enriched"	"Detected in some"	7	"basophil: 8.8;NK-cell: 22.1"	"Group enriched"	"Detected in many"	7	"granulocytes: 8.8;NK-cells: 22.1"	"Low cancer specificity"	"Detected in many"			"Pituitary gland - Undifferentiated cells (Pituitary gland), Spleen - Endothelial cells, Thyroid gland - Thyroid glandular cells"	"Low region specificity"	"Detected in all"			"Low region specificity"	"Detected in all"			HPA041204			Approved	Vesicles			NA	NA		370000	"Cluster 32: Basophils - Transcription"	"Cluster 30: Heart muscle - Heart development"	"Cluster 1: Neurons - Mixed function"	"Cluster 27: Breast cancer - Unknown function"	"Cluster 68: Cardiomyocytes - Muscle contraction"		Vesicles		"HPA041204: AB_10795585"	"potential prognostic favorable (3.73e-4)"	"unprognostic (3.89e-2)"	"unprognostic (2.62e-1)"	"unprognostic (4.34e-2)"	"unprognostic (2.10e-1)"	"unprognostic (2.47e-2)"	"unprognostic (1.06e-2)"	"unprognostic (1.58e-1)"	"unprognostic (5.56e-2)"	"unprognostic (2.64e-1)"	"validated prognostic favorable (5.12e-7)"	"validated prognostic favorable (3.81e-4)"	"unprognostic (1.43e-2)"	"potential prognostic unfavorable (9.24e-5)"	"unprognostic (4.05e-3)"	"unprognostic (1.07e-2)"	"unprognostic (1.29e-2)"	"unprognostic (7.14e-2)"	"unprognostic (2.79e-1)"	"unprognostic (2.16e-1)"	"unprognostic (1.40e-3)"	"unprognostic (5.08e-2)"	"unprognostic (1.60e-1)"	"unprognostic (1.07e-1)"	"unprognostic (3.33e-2)"	"unprognostic (2.91e-2)"	"unprognostic (2.76e-3)"	"unprognostic (3.57e-2)"	"unprognostic (8.94e-2)"	"unprognostic (2.09e-2)"	"unprognostic (1.92e-1)"
B3GNT8	"B3GALT7, beta3Gn-T8, BGALT15"	ENSG00000177191	"UDP-GlcNAc:betaGal beta-1,3-N-acetylglucosaminyltransferase 8"	Q7Z7M8	19	41425359-41428730	"Metabolic proteins, Predicted intracellular proteins"		"Glycosyltransferase, Transferase"		"Evidence at protein level"	"Evidence at protein level"	"Evidence at protein level"	"Evidence at protein level"	"Tissue enhanced"	"Detected in many"		"esophagus: 43.3;intestine: 19.2;vagina: 18.9"	"Cell type enhanced"	"Detected in many"		"Alveolar cells type 2: 51.8;Distal enterocytes: 59.2;Intestinal goblet cells: 29.1;Paneth cells: 44.8;Proximal enterocytes: 63.8"	"Cell type enhanced"	"Detected in some"		"fibroblast: 2.5;leukocyte: 1.2;pericyte: 1.2"	"Low cancer specificity"	"Detected in many"			"Low region specificity"	"Detected in all"			"Group enriched"	"Detected in many"	4	"basophil: 117.8;eosinophil: 146.9;neutrophil: 198.3"	"Lineage enriched"	"Detected in many"	6	"granulocytes: 198.3"	"Cancer enhanced"	"Detected in many"		"colorectal cancer: 5.3;Leukemia: 5.2"	"Spleen - Neutrophils"	"Not detected"	"Not detected"			"Low region specificity"	"Detected in all"			HPA043669	Enhanced				"Intracellular and membrane"	Enzyme	NA	NA		34000000	"Cluster 21: Neutrophils - Unknown function"	"Cluster 75: Epithelium - Extracellular exosomes"	"Cluster 6: Non-specific - Immune response"	"Cluster 57: Stomach & Colon cancer - Digestion"	"Cluster 5: Enterocytes - Absorption"	1			"HPA043669: AB_2678608"	"unprognostic (8.89e-3)"	"unprognostic (1.37e-1)"	"unprognostic (2.08e-1)"	"unprognostic (3.43e-1)"	"unprognostic (1.90e-2)"	"unprognostic (8.47e-2)"			"unprognostic (2.55e-2)"	"unprognostic (3.97e-3)"	"potential prognostic unfavorable (1.92e-4)"	"unprognostic (5.59e-2)"	"unprognostic (3.70e-2)"		"unprognostic (2.32e-1)"	"unprognostic (3.26e-3)"	"unprognostic (1.82e-1)"	"unprognostic (6.06e-2)"	"unprognostic (2.94e-1)"	"unprognostic (1.99e-3)"	"unprognostic (7.19e-3)"	"potential prognostic favorable (5.37e-6)"	"unprognostic (2.55e-3)"	"unprognostic (5.13e-3)"	"unprognostic (3.51e-2)"	"unprognostic (3.79e-3)"	"unprognostic (1.33e-1)"	"unprognostic (1.76e-1)"	"unprognostic (6.18e-2)"	"unprognostic (8.42e-2)"	"unprognostic (1.09e-1)"
BACE2	"AEPLC, ALP56, CEAP1, DRAP"	ENSG00000182240	"Beta-secretase 2"	Q9Y5Z0	21	41167801-41282530	"Enzymes, Predicted intracellular proteins, Predicted membrane proteins, Transporters"		"Aspartyl protease, Hydrolase, Protease"		"Evidence at protein level"	"Evidence at protein level"	"Evidence at protein level"	"Evidence at protein level"	"Tissue enhanced"	"Detected in many"		"salivary gland: 26.0"	"Cell type enhanced"	"Detected in many"		"Melanocytes: 261.1;Mucus glandular cells: 248.8;Syncytiotrophoblasts: 521.5"	"Cell type enhanced"	"Detected in many"		"endothelial cell: 303.0;mammillary body: 188.6"	"Low cancer specificity"	"Detected in all"			"Low region specificity"	"Detected in all"			"Group enriched"	"Detected in some"	6	"basophil: 2.9;eosinophil: 5.2"	"Lineage enriched"	"Detected in single"	8	"granulocytes: 5.2"	"Cancer enhanced"	"Detected in many"		"skin cancer: 55.9"	"Adipose visceral - Adipose progenitor cells, Lung - Fibroblast_2, Skeletal muscle - Endothelial cells"	"Low region specificity"	"Detected in all"			"Low region specificity"	"Detected in all"			HPA035416	Approved				"Intracellular and membrane"	Enzyme	NA	NA			"Cluster 22: Eosinophils - Transcription"	"Cluster 48: Stomach - Proteolysis"	"Cluster 27: Non-specific - Mixed function"	"Cluster 7: Liver cancer - Metabolism"	"Cluster 45: Non-specific - Mixed function"	16			"HPA035416: AB_2732467"	"unprognostic (6.70e-2)"	"unprognostic (4.87e-3)"	"unprognostic (1.30e-3)"	"potential prognostic unfavorable (1.63e-7)"	"unprognostic (4.25e-2)"	"unprognostic (5.03e-2)"	"unprognostic (1.90e-3)"	"unprognostic (1.70e-2)"	"unprognostic (2.24e-2)"	"unprognostic (2.59e-1)"	"validated prognostic unfavorable (3.45e-5)"	"validated prognostic unfavorable (8.43e-4)"	"unprognostic (5.00e-2)"	"unprognostic (1.33e-2)"	"unprognostic (5.13e-2)"	"unprognostic (5.88e-3)"	"unprognostic (1.88e-1)"	"unprognostic (2.39e-2)"	"unprognostic (2.87e-2)"	"unprognostic (1.27e-2)"	"unprognostic (8.13e-2)"	"unprognostic (7.93e-2)"	"unprognostic (2.82e-2)"	"unprognostic (1.10e-1)"	"unprognostic (3.73e-1)"	"unprognostic (8.54e-2)"	"unprognostic (3.24e-1)"	"unprognostic (1.34e-1)"	"unprognostic (1.45e-1)"	"unprognostic (4.71e-2)"	"unprognostic (7.46e-2)"
BAZ2B	WALp4	ENSG00000123636	"Bromodomain adjacent to zinc finger domain 2B"	Q9UIF8	2	159318979-159616569	"Predicted intracellular proteins"	"Transcription, Transcription regulation"	DNA-binding		"Evidence at protein level"	"Evidence at transcript level"	"Evidence at protein level"	"Evidence at protein level"	"Low tissue specificity"	"Detected in all"			"Cell type enhanced"	"Detected in all"		"Astrocytes: 452.7;Oligodendrocytes: 562.5;Rod photoreceptor cells: 319.9"	"Low cell type specificity"	"Detected in all"			"Low cancer specificity"	"Detected in all"			"Low region specificity"	"Detected in all"			"Group enriched"	"Detected in all"	5	"basophil: 101.9;neutrophil: 197.0"	"Lineage enriched"	"Detected in all"	8	"granulocytes: 197.0"	"Low cancer specificity"	"Detected in all"			"Testis - Early spermatids"	"Low region specificity"	"Detected in all"			"Low region specificity"	"Detected in all"			"HPA019819, HPA059292"	Uncertain		Approved	Nucleoplasm,Cytosol			NA	NA			"Cluster 35: Neutrophils - Protein binding"	"Cluster 40: Non-specific - Transcription"	"Cluster 13: Oligodendrocytes - Mixed function"	"Cluster 14: Myeloid leukemia - Innate immune response"	"Cluster 66: Photoreceptor cells - Visual perception"	12	Nucleoplasm	Cytosol	"HPA019819: AB_1845282, HPA059292: AB_2683968"	"unprognostic (3.04e-2)"	"unprognostic (8.53e-2)"	"unprognostic (4.77e-2)"	"unprognostic (2.40e-1)"	"unprognostic (2.59e-1)"	"unprognostic (1.99e-1)"	"unprognostic (1.17e-1)"	"unprognostic (5.50e-2)"	"unprognostic (4.95e-2)"	"unprognostic (2.49e-1)"	"potential prognostic favorable (1.93e-4)"	"unprognostic (1.80e-2)"	"unprognostic (8.36e-2)"	"unprognostic (2.40e-1)"	"unprognostic (9.60e-3)"	"unprognostic (3.33e-2)"	"unprognostic (2.99e-1)"	"unprognostic (7.01e-2)"	"unprognostic (1.35e-1)"	"unprognostic (1.78e-2)"	"unprognostic (9.60e-2)"	"unprognostic (1.00e-1)"	"unprognostic (9.08e-3)"	"unprognostic (6.30e-1)"	"unprognostic (5.73e-2)"	"unprognostic (1.37e-1)"	"unprognostic (1.05e-1)"	"unprognostic (2.15e-1)"	"unprognostic (2.35e-1)"	"unprognostic (7.93e-2)"	"unprognostic (3.96e-1)"
BBC3	"JFY1, PUMA"	ENSG00000105327	"BCL2 binding component 3"	"Q96PG8, Q9BXH1"	19	47220822-47232766	"Plasma proteins, Predicted intracellular proteins"	Apoptosis			"Evidence at protein level"	"Evidence at protein level"	"Evidence at protein level"	"Evidence at protein level"	"Low tissue specificity"	"Detected in many"			"Cell type enhanced"	"Detected in many"		"Basal squamous epithelial cells: 100.6;Secretory cells: 157.9;Suprabasal keratinocytes: 100.4"	"Low cell type specificity"	"Detected in many"			"Low cancer specificity"	"Detected in all"			"Low region specificity"	"Detected in all"			"Group enriched"	"Detected in some"	6	"basophil: 4.6;neutrophil: 3.4"	"Lineage enriched"	"Detected in single"	7	"granulocytes: 4.6"	"Low cancer specificity"	"Detected in all"			"Minor Salivary Gland - Minor salivary glandular cells"	"Low region specificity"	"Detected in many"			"Low region specificity"	"Detected in all"			"CAB007752, HPA070403"	Approved		Approved	Cytosol			NA	NA			"Cluster 35: Neutrophils - Protein binding"	"Cluster 66: Non-specific - Transcription"	"Cluster 15: Non-specific - Transcription"	"Cluster 25: Non-specific - Ribosome"	"Cluster 37: Glandular & Luminal cells - Unknown function"	23	Cytosol		"CAB007752: AB_562336, HPA070403: "	"potential prognostic favorable (2.95e-4)"	"unprognostic (3.59e-2)"	"unprognostic (2.31e-2)"	"unprognostic (3.85e-2)"	"unprognostic (1.28e-1)"	"unprognostic (5.75e-2)"	"unprognostic (2.07e-2)"	"unprognostic (1.76e-2)"	"unprognostic (1.88e-2)"	"unprognostic (3.18e-2)"	"unprognostic (1.87e-1)"	"unprognostic (7.78e-2)"	"unprognostic (2.22e-3)"	"unprognostic (6.53e-2)"	"unprognostic (1.10e-1)"	"unprognostic (1.13e-1)"	"unprognostic (3.74e-1)"	"unprognostic (8.92e-2)"	"unprognostic (4.07e-1)"	"unprognostic (2.85e-2)"	"unprognostic (6.84e-3)"	"unprognostic (4.22e-2)"	"unprognostic (3.28e-2)"	"unprognostic (2.22e-1)"	"unprognostic (1.65e-1)"	"unprognostic (1.09e-2)"	"unprognostic (3.20e-1)"	"unprognostic (1.40e-3)"	"unprognostic (1.73e-1)"	"unprognostic (3.27e-1)"	"unprognostic (4.06e-2)"
BRCA1	"BRCC1, FANCS, PPP1R53, RNF53"	ENSG00000012048	"BRCA1 DNA repair associated"	P38398	17	43044295-43170245	"Cancer-related genes, Disease related genes, Enzymes, Human disease related genes, Plasma proteins, Potential drug targets, Predicted intracellular proteins"	"Cell cycle, DNA damage, DNA recombination, DNA repair, Fatty acid biosynthesis, Fatty acid metabolism, Lipid biosynthesis, Lipid metabolism, Transcription, Transcription regulation, Ubl conjugation pathway"	"Activator, DNA-binding, Transferase"	"Cancer-related genes, Disease variant, Fanconi anemia, Tumor suppressor"	"Evidence at protein level"	"Evidence at protein level"	"Evidence at protein level"	"Evidence at protein level"	"Low tissue specificity"	"Detected in all"			"Cell type enhanced"	"Detected in many"		"Erythroid cells: 39.4;Spermatocytes: 115.7;Spermatogonia: 53.1"	"Low cell type specificity"	"Detected in all"			"Low cancer specificity"	"Detected in all"			"Low region specificity"	"Detected in all"			"Group enriched"	"Detected in many"	5	"basophil: 6.2;classical monocyte: 14.6;intermediate monocyte: 4.5;myeloid DC: 10.9;neutrophil: 10.9"	"Group enriched"	"Detected in all"	6	"dendritic cells: 10.9;granulocytes: 10.9;monocytes: 14.6"	"Low cancer specificity"	"Detected in all"			"Adrenal gland - Mitotic cells (Adrenal gland), Skin - Mitotic cells (Skin), Spleen - Mitotic cells (Spleen), Testis - Spermatocytes, Thyroid gland - Thyroid glandular cells"	"Low region specificity"	"Detected in many"			"Low region specificity"	"Detected in all"			"CAB001946, HPA004840, HPA034966, HPA057371, CAB080453, CAB080454"	Supported		Supported	"Nucleoplasm,Nuclear bodies"			NA	Yes			"Cluster 38: Monocytes & Neutrophils - Degranulation"	"Cluster 67: Lymphoid tissue & Bone marrow - Cell proliferation"	"Cluster 11: White matter - Signal transduction"	"Cluster 27: Breast cancer - Unknown function"	"Cluster 52: Non-specific - Cell proliferation"	387	"Nucleoplasm, Nuclear bodies"		"CAB001946: , CAB080453: , CAB080454: , HPA004840: , HPA034966: AB_10795287, HPA057371: AB_2732611"	"unprognostic (2.23e-1)"	"unprognostic (3.89e-3)"	"unprognostic (1.03e-1)"	"unprognostic (3.41e-2)"	"unprognostic (2.07e-1)"	"unprognostic (1.19e-2)"	"unprognostic (2.43e-1)"	"unprognostic (4.62e-2)"	"unprognostic (2.87e-2)"	"unprognostic (1.62e-3)"	"unprognostic (8.62e-2)"	"unprognostic (5.91e-2)"	"unprognostic (1.51e-2)"	"validated prognostic unfavorable (7.06e-4)"	"validated prognostic unfavorable (3.09e-5)"	"validated prognostic unfavorable (4.90e-4)"	"validated prognostic unfavorable (1.42e-4)"	"unprognostic (1.11e-1)"	"unprognostic (2.33e-2)"	"unprognostic (6.23e-2)"	"unprognostic (3.21e-1)"	"unprognostic (4.69e-2)"	"unprognostic (1.19e-2)"	"unprognostic (9.07e-2)"	"potential prognostic favorable (7.38e-5)"	"unprognostic (1.02e-3)"	"unprognostic (1.81e-3)"	"unprognostic (2.93e-2)"	"unprognostic (3.10e-1)"	"unprognostic (3.62e-1)"	"unprognostic (3.18e-2)"
C3AR1	"AZ3B, C3AR"	ENSG00000171860	"Complement C3a receptor 1"	Q16581	12	8056844-8066359	"G-protein coupled receptors, Predicted membrane proteins"	Chemotaxis	"G-protein coupled receptor, Receptor, Transducer"		"Evidence at protein level"	"Evidence at protein level"	"Evidence at protein level"	"Evidence at protein level"	"Tissue enhanced"	"Detected in many"		"lymphoid tissue: 39.0"	"Group enriched"	"Detected in many"	5	"granulocytes: 59.3;Hofbauer cells: 171.3;Kupffer cells: 155.4;Macrophages: 151.8;monocytes: 176.1"	"Cell type enriched"	"Detected in some"	9	"central nervous system macrophage: 99.7"	"Low cancer specificity"	"Detected in all"			"Low region specificity"	"Detected in all"			"Group enriched"	"Detected in many"	5	"basophil: 902.8;eosinophil: 452.5;intermediate monocyte: 274.2;non-classical monocyte: 373.1"	"Group enriched"	"Detected in many"	20	"granulocytes: 902.8;monocytes: 373.1"	"Cancer enhanced"	"Detected in some"		"Leukemia: 5.8"	"Adipose subcutaneous - Macrophages, Adipose visceral - Macrophages, Adrenal gland - Macrophages, Breast - Macrophages, Colon - Macrophages, Heart muscle - Macrophages, Kidney - Macrophages, Liver - Kupffer cells, Lung - Macrophages, Minor Salivary Gland - Macrophages, Pancreas - Macrophages, Pituitary gland - Macrophages, Prostate - Macrophages, Skeletal muscle - Macrophages, Skin - Macrophages, Stomach - Macrophages, Testis - Macrophages, Thyroid gland - Macrophages"	"Low region specificity"	"Detected in many"							CAB009405	Enhanced						NA	NA			"Cluster 42: Non-specific - Vesicular transport"	"Cluster 70: Lymphoid tissue - Immune response"	"Cluster 20: Macrophages & Microglia - Immune response"	"Cluster 49: HMC-1 - Innate immune response"	"Cluster 58: Macrophages - Innate immune response"				"CAB009405: AB_2066739"	"unprognostic (1.10e-1)"	"unprognostic (1.42e-2)"	"unprognostic (2.58e-1)"	"unprognostic (8.13e-2)"	"unprognostic (1.71e-1)"	"unprognostic (6.66e-2)"	"unprognostic (4.59e-2)"	"unprognostic (1.41e-1)"	"unprognostic (9.20e-2)"	"unprognostic (2.69e-1)"	"unprognostic (3.47e-3)"	"unprognostic (9.90e-2)"	"potential prognostic favorable (3.17e-4)"	"unprognostic (2.35e-2)"	"unprognostic (7.29e-2)"	"unprognostic (1.26e-2)"	"unprognostic (8.67e-3)"	"unprognostic (8.30e-2)"	"unprognostic (6.55e-3)"	"potential prognostic unfavorable (4.15e-4)"	"unprognostic (2.01e-1)"	"unprognostic (1.08e-1)"	"unprognostic (1.00e-1)"	"unprognostic (2.73e-2)"	"unprognostic (3.16e-2)"	"unprognostic (9.23e-3)"	"unprognostic (1.75e-2)"	"unprognostic (3.53e-2)"	"unprognostic (6.40e-3)"	"unprognostic (5.94e-2)"	"unprognostic (1.21e-1)"
C5AR2	"C5L2, GPR77"	ENSG00000134830	"Complement C5a receptor 2"	Q9P296	19	47332175-47347329	"G-protein coupled receptors, Predicted membrane proteins"		"G-protein coupled receptor, Receptor, Transducer"		"Evidence at protein level"	"Evidence at transcript level"	"Evidence at protein level"	"Evidence at protein level"	"Tissue enhanced"	"Detected in many"		"lymphoid tissue: 13.8"	"Cell type enriched"	"Detected in many"	5	"monocytes: 266.2"	"Cell type enhanced"	"Detected in some"		"central nervous system macrophage: 20.0;deep-layer corticothalamic and 6b: 13.8"	"Low cancer specificity"	"Detected in many"			"Low region specificity"	"Detected in all"			"Group enriched"	"Detected in many"	5	"basophil: 17.8;eosinophil: 11.9;neutrophil: 33.1"	"Lineage enriched"	"Detected in many"	7	"granulocytes: 33.1"	"Cancer enhanced"	"Detected in some"		"breast cancer: 5.6;Leukemia: 3.4"	"Adipose subcutaneous - Macrophages, Adipose visceral - Macrophages, Minor Salivary Gland - Macrophages, Skeletal muscle - Macrophages, Stomach - Macrophages, Testis - Late spermatids"	"Not detected"	"Not detected"			"Low region specificity"	"Detected in all"			HPA016629	Uncertain						NA	NA			"Cluster 35: Neutrophils - Protein binding"	"Cluster 70: Lymphoid tissue - Immune response"	"Cluster 48: Non-specific - Mixed function"	"Cluster 27: Breast cancer - Unknown function"	"Cluster 29: Monocytes - Innate immune response"	1			"HPA016629: AB_1849312"	"unprognostic (2.85e-1)"	"unprognostic (1.47e-1)"		"unprognostic (1.72e-1)"		"unprognostic (1.47e-1)"	"unprognostic (8.12e-2)"	"unprognostic (2.79e-1)"	"unprognostic (1.18e-2)"	"unprognostic (1.18e-1)"	"potential prognostic favorable (2.48e-4)"	"unprognostic (2.57e-2)"	"unprognostic (1.67e-2)"	"unprognostic (2.38e-3)"		"unprognostic (1.49e-2)"	"unprognostic (1.18e-1)"	"unprognostic (2.77e-2)"	"unprognostic (1.31e-1)"			"unprognostic (1.55e-2)"	"potential prognostic unfavorable (3.24e-4)"			"unprognostic (2.68e-3)"	"unprognostic (4.82e-2)"	"unprognostic (2.11e-1)"	"unprognostic (2.75e-1)"	"unprognostic (1.70e-2)"	"unprognostic (2.30e-3)"
C9orf72	"DENND9, DENNL72, MGC23980"	ENSG00000147894	"C9orf72-SMCR8 complex subunit"	Q96LT7	9	27535640-27573866	"Disease related genes, Human disease related genes, Predicted intracellular proteins"	Autophagy	"Guanine-nucleotide releasing factor"	"Amyotrophic lateral sclerosis, Neurodegeneration"	"Evidence at protein level"	"Evidence at protein level"	"Evidence at protein level"	"Evidence at protein level"	"Low tissue specificity"	"Detected in all"			"Cell type enhanced"	"Detected in all"		"Langerhans cells: 151.2;monocytes: 373.8"	"Low cell type specificity"	"Detected in all"			"Low cancer specificity"	"Detected in all"			"Low region specificity"	"Detected in all"			"Group enriched"	"Detected in all"	7	"basophil: 24.3;classical monocyte: 32.0;intermediate monocyte: 44.8;myeloid DC: 25.2;neutrophil: 34.5;non-classical monocyte: 37.0"	"Group enriched"	"Detected in all"	8	"dendritic cells: 25.2;granulocytes: 34.5;monocytes: 44.8"	"Low cancer specificity"	"Detected in all"				"Low region specificity"	"Detected in all"			"Low region specificity"	"Detected in all"			HPA023873	Uncertain		Supported	"Vesicles,Midbody ring,Cytosol"	"Intracellular and membrane"	Other	Yes	NA			"Cluster 40: Monocytes - Innate immune response"	"Cluster 28: Neuronal - Transcription"	"Cluster 25: Non-specific - Transcription"	"Cluster 32: Non-specific - Cell proliferation"	"Cluster 29: Monocytes - Innate immune response"	42	"Vesicles, Cytosol"	"Midbody ring"	"HPA023873: AB_1845834"	"unprognostic (1.87e-1)"	"unprognostic (3.61e-2)"	"unprognostic (2.32e-1)"	"unprognostic (3.03e-1)"	"unprognostic (3.13e-1)"	"unprognostic (2.74e-2)"	"unprognostic (6.19e-3)"	"unprognostic (2.99e-2)"	"unprognostic (8.69e-3)"	"unprognostic (1.25e-1)"	"unprognostic (3.27e-2)"	"unprognostic (2.93e-2)"	"unprognostic (1.10e-2)"	"unprognostic (3.05e-1)"	"unprognostic (7.83e-2)"	"unprognostic (4.96e-2)"	"unprognostic (3.11e-2)"	"unprognostic (1.43e-1)"	"unprognostic (1.01e-1)"	"unprognostic (2.63e-1)"	"unprognostic (2.90e-1)"	"unprognostic (2.45e-2)"	"unprognostic (1.31e-2)"	"unprognostic (2.20e-1)"	"unprognostic (2.71e-2)"	"unprognostic (3.15e-2)"	"unprognostic (2.12e-1)"	"unprognostic (3.23e-2)"	"unprognostic (3.24e-1)"	"unprognostic (2.06e-2)"	"unprognostic (1.90e-1)"
CAPG	"AFCP, MCP"	ENSG00000042493	"Capping actin protein, gelsolin like"	P40121	2	85394753-85418432	"Plasma proteins, Predicted intracellular proteins"		"Actin capping, Actin-binding"		"Evidence at protein level"	"Evidence at protein level"	"Evidence at protein level"	"Evidence at protein level"	"Low tissue specificity"	"Detected in all"			"Cell type enhanced"	"Detected in many"		"granulocytes: 696.5;Hofbauer cells: 1046.7"	"Cell type enhanced"	"Detected in some"		"central nervous system macrophage: 47.4;leukocyte: 19.0"	"Low cancer specificity"	"Detected in all"			"Low region specificity"	"Detected in all"			"Group enriched"	"Detected in all"	5	"basophil: 1142.1;classical monocyte: 1141.1;eosinophil: 714.5;intermediate monocyte: 431.9;memory B-cell: 577.9;myeloid DC: 1364.5;naive B-cell: 520.3;NK-cell: 606.9;plasmacytoid DC: 961.5"	"Low lineage specificity"	"Detected in all"			"Low cancer specificity"	"Detected in all"			"Adipose subcutaneous - Macrophages, Adrenal gland - Macrophages, Lung - Macrophages, Skin - Keratinocyte (other)"	"Low region specificity"	"Detected in all"			"Low region specificity"	"Detected in all"			"HPA018843, HPA019080, HPA019092"	Enhanced		Supported	"Nucleoplasm,Mitotic chromosome"			Yes	No		4900000	"Cluster 10: Non-specific - Membrane trafficking"	"Cluster 27: Squamous epithelium - Keratinization"	"Cluster 20: Macrophages & Microglia - Immune response"	"Cluster 9: Skin cancer - Melanin biosynthesis"	"Cluster 58: Macrophages - Innate immune response"	4	Nucleoplasm	"Mitotic chromosome"	"HPA018843: AB_2669948, HPA019080: AB_1845979, HPA019092: AB_1845980"	"unprognostic (2.32e-1)"	"unprognostic (1.72e-1)"	"unprognostic (1.28e-1)"	"unprognostic (2.12e-1)"	"unprognostic (1.15e-1)"	"unprognostic (1.85e-2)"	"unprognostic (1.18e-2)"	"unprognostic (1.49e-2)"	"unprognostic (7.79e-2)"	"unprognostic (2.98e-3)"	"unprognostic (6.77e-2)"	"unprognostic (1.11e-2)"	"unprognostic (1.76e-3)"	"potential prognostic unfavorable (4.65e-5)"	"unprognostic (4.60e-1)"	"unprognostic (8.93e-2)"	"unprognostic (4.04e-2)"	"unprognostic (1.33e-1)"	"unprognostic (1.20e-2)"	"unprognostic (8.03e-2)"	"unprognostic (1.58e-1)"	"unprognostic (3.68e-3)"	"unprognostic (2.21e-2)"	"unprognostic (1.71e-1)"	"unprognostic (5.20e-2)"	"unprognostic (3.74e-1)"	"unprognostic (4.02e-2)"	"unprognostic (1.11e-1)"	"unprognostic (5.05e-2)"	"unprognostic (1.07e-2)"	"unprognostic (2.65e-2)"
CAPN15	SOLH	ENSG00000103326	"Calpain 15"	O75808	16	527712-554636	"Disease related genes, Enzymes, Potential drug targets, Predicted intracellular proteins"		"Hydrolase, Protease, Thiol protease"	"Deafness, Microphthalmia"	"Evidence at protein level"	"Evidence at transcript level"	"Evidence at protein level"	"Evidence at protein level"	"Low tissue specificity"	"Detected in many"			"Cell type enhanced"	"Detected in many"		"Distal enterocytes: 48.9"	"Low cell type specificity"	"Detected in all"			"Low cancer specificity"	"Detected in all"			"Low region specificity"	"Detected in all"			"Group enriched"	"Detected in many"	5	"basophil: 4.7;neutrophil: 16.5"	"Lineage enriched"	"Detected in many"	7	"granulocytes: 16.5"	"Low cancer specificity"	"Detected in all"			"Skin - Keratinocyte (granular)"	"Low region specificity"	"Detected in all"			"Low region specificity"	"Detected in all"			"HPA011960, HPA074218"	Approved		Approved	Nucleoplasm			NA	NA			"Cluster 20: Non-specific - DNA binding"	"Cluster 66: Non-specific - Transcription"	"Cluster 15: Non-specific - Transcription"	"Cluster 54: Non-specific - Transcription"	"Cluster 33: Non-specific - DNA binding"	10	Nucleoplasm		"HPA011960: AB_10610556, HPA074218: "	"unprognostic (3.32e-2)"	"unprognostic (2.07e-1)"		"potential prognostic unfavorable (4.09e-4)"	"unprognostic (9.29e-2)"	"unprognostic (4.76e-1)"	"unprognostic (3.63e-1)"	"unprognostic (1.42e-2)"	"unprognostic (1.58e-2)"	"unprognostic (2.29e-1)"	"unprognostic (1.53e-2)"	"unprognostic (2.11e-2)"	"unprognostic (6.24e-2)"	"unprognostic (6.14e-3)"		"unprognostic (1.95e-2)"	"unprognostic (2.61e-1)"	"potential prognostic unfavorable (9.54e-4)"	"unprognostic (2.60e-1)"	"unprognostic (1.86e-1)"	"unprognostic (9.24e-2)"	"unprognostic (1.14e-1)"	"unprognostic (3.10e-1)"	"unprognostic (1.02e-1)"	"unprognostic (7.75e-3)"	"unprognostic (4.85e-2)"	"unprognostic (6.54e-2)"	"unprognostic (1.06e-2)"	"unprognostic (1.92e-1)"	"unprognostic (2.32e-2)"	"unprognostic (2.32e-1)"
CASP3	"apopain, CPP32, CPP32B, Yama"	ENSG00000164305	"Caspase 3"	P42574	4	184627696-184650062	"Cancer-related genes, Enzymes, FDA approved drug targets, Plasma proteins, Predicted intracellular proteins"	Apoptosis	"Hydrolase, Protease, Thiol protease"	"Cancer-related genes, FDA approved drug targets"	"Evidence at protein level"	"Evidence at protein level"	"Evidence at protein level"	"Evidence at protein level"	"Low tissue specificity"	"Detected in all"			"Cell type enhanced"	"Detected in all"		"Plasma cells: 111.4"	"Low cell type specificity"	"Detected in all"			"Low cancer specificity"	"Detected in all"			"Low region specificity"	"Detected in all"			"Group enriched"	"Detected in all"	7	"basophil: 491.1;eosinophil: 332.6"	"Lineage enriched"	"Detected in all"	8	"granulocytes: 491.1"	"Low cancer specificity"	"Detected in all"			"Prostate - Urothelial cells, Spleen - Mitotic cells (Spleen), Stomach - Mitotic cells (Stomach)"	"Low region specificity"	"Detected in all"			"Low region specificity"	"Detected in all"			"CAB000091, HPA002643, CAB008381"	Enhanced		Approved	Nucleoplasm,Mitochondria			NA	NA		190000	"Cluster 42: Non-specific - Vesicular transport"	"Cluster 70: Lymphoid tissue - Immune response"	"Cluster 25: Non-specific - Transcription"	"Cluster 51: Myeloma - Immunoglobulins"	"Cluster 61: Plasma cells - Immunoglobulins & histones"	53	Mitochondria	Nucleoplasm	"CAB000091: , CAB008381: AB_590737, HPA002643: AB_1846048"	"potential prognostic favorable (8.17e-4)"	"unprognostic (1.10e-1)"	"unprognostic (3.65e-1)"	"unprognostic (2.43e-1)"	"unprognostic (1.73e-3)"	"unprognostic (9.91e-3)"	"unprognostic (8.15e-3)"	"unprognostic (2.62e-2)"	"unprognostic (5.42e-2)"	"unprognostic (3.87e-1)"	"unprognostic (2.58e-2)"	"unprognostic (2.85e-1)"	"unprognostic (1.38e-1)"	"potential prognostic unfavorable (4.54e-4)"	"unprognostic (1.75e-2)"	"unprognostic (4.68e-3)"	"unprognostic (2.82e-2)"	"unprognostic (8.66e-3)"	"unprognostic (1.92e-1)"	"unprognostic (1.49e-1)"	"unprognostic (1.03e-2)"	"unprognostic (2.74e-3)"	"unprognostic (2.11e-1)"	"unprognostic (2.13e-1)"	"unprognostic (3.72e-2)"	"unprognostic (2.14e-1)"	"unprognostic (9.97e-2)"	"unprognostic (5.75e-2)"	"unprognostic (1.12e-1)"	"unprognostic (3.27e-1)"	"unprognostic (3.41e-1)"
CAV1	CAV	ENSG00000105974	"Caveolin 1"	Q03135	7	116524994-116561179	"Cancer-related genes, Disease related genes, Human disease related genes, Potential drug targets, Predicted intracellular proteins, Predicted membrane proteins, Transporters"	"Host-virus interaction"		"Cancer-related genes, Congenital generalized lipodystrophy, Diabetes mellitus, Disease variant"	"Evidence at protein level"	"Evidence at protein level"	"Evidence at protein level"	"Evidence at protein level"	"Low tissue specificity"	"Detected in many"			"Cell type enhanced"	"Detected in many"		"Adipocytes: 2033.4;Alveolar cells type 1: 1340.0;Basal keratinocytes: 830.7;Endothelial cells: 1042.5;Lymphatic endothelial cells: 1303.0;Smooth muscle cells: 797.2"	"Group enriched"	"Detected in many"	12	"endothelial cell: 113.1;pericyte: 112.7;vascular associated smooth muscle cell: 329.5"	"Low cancer specificity"	"Detected in all"			"Low region specificity"	"Detected in all"			"Group enriched"	"Detected in some"	10	"basophil: 14.6;memory B-cell: 5.1"	"Group enriched"	"Detected in many"	57	"B-cells: 5.1;granulocytes: 14.6"	"Low cancer specificity"	"Detected in all"			"Colon - Smooth muscle cells, Kidney - Fibroblasts, Liver - Hepatic stellate cells, Lung - Alveolar cells type 1, Prostate - Smooth muscle cells"	"Low region specificity"	"Detected in all"			"Region enhanced"	"Detected in all"		"spinal cord: 169.0"	"CAB003791, HPA049326, HPA059079"	Enhanced		Supported	"Golgi apparatus,Perinuclear theca,Connecting piece,Principal piece"			NA	NA		4400	"Cluster 17: B-cells - Immunoglobulins"	"Cluster 7: Adipose tissue - Mixed function"	"Cluster 47: Endothelial cells - Vasculature"	"Cluster 39: Non-specific - Transcription"	"Cluster 41: Adipocytes & Endothelial cells - Mixed function"	120	"Golgi apparatus"	"Perinuclear theca, Connecting piece, Principal piece"	"CAB003791: AB_562068, HPA049326: AB_2680714, HPA059079: "	"unprognostic (8.95e-2)"	"unprognostic (1.21e-1)"	"unprognostic (1.41e-2)"	"unprognostic (2.39e-3)"	"unprognostic (1.47e-1)"	"unprognostic (2.33e-1)"	"unprognostic (3.53e-3)"	"unprognostic (1.78e-2)"	"unprognostic (2.08e-3)"	"unprognostic (1.12e-1)"	"unprognostic (5.46e-2)"	"unprognostic (8.86e-3)"	"unprognostic (4.64e-3)"	"unprognostic (4.55e-2)"	"unprognostic (2.41e-1)"	"unprognostic (3.79e-2)"	"unprognostic (3.35e-1)"	"potential prognostic unfavorable (6.31e-4)"	"unprognostic (1.73e-3)"	"unprognostic (1.62e-1)"	"unprognostic (2.52e-1)"	"potential prognostic unfavorable (4.20e-4)"	"unprognostic (1.05e-2)"	"unprognostic (6.78e-2)"	"unprognostic (2.11e-1)"	"unprognostic (3.02e-2)"	"unprognostic (2.65e-1)"	"potential prognostic unfavorable (4.86e-4)"	"unprognostic (2.34e-1)"	"unprognostic (9.18e-2)"	"unprognostic (3.14e-1)"
CAVIN2	"cavin-2, PS-p68, SDPR, SDR"	ENSG00000168497	"Caveolae associated protein 2"	O95810	2	191834310-191847088	"Plasma proteins, Predicted intracellular proteins"				"Evidence at protein level"	"Evidence at protein level"	"Evidence at protein level"	"Evidence at protein level"	"Tissue enhanced"	"Detected in all"		"adipose tissue: 159.1"	"Cell type enhanced"	"Detected in many"		"Adipocytes: 1254.8;Endothelial cells: 452.8;Lymphatic endothelial cells: 2159.9"	"Group enriched"	"Detected in some"	4	"endothelial cell: 237.5;fibroblast: 64.5"	"Cancer enhanced"	"Detected in all"		"Kidney Renal Clear Cell Carcinoma (TCGA): 48.3"	"Low region specificity"	"Detected in all"			"Group enriched"	"Detected in many"	12	"basophil: 48.8;neutrophil: 24.3"	"Lineage enriched"	"Detected in many"	15	"granulocytes: 48.8"	"Cancer enhanced"	"Detected in many"		"cervical cancer: 65.0"	"Adrenal gland - Endothelial cells, Breast - Endothelial cells, Kidney - Endothelial cells, Liver - Sinusoid Endothelial cells, Spleen - Endothelial cells"	"Low region specificity"	"Detected in all"			"Low region specificity"	"Detected in all"			"HPA039325, HPA062122"	Enhanced		Enhanced	"Plasma membrane,Cytosol"			Yes	No		110000000	"Cluster 21: Neutrophils - Unknown function"	"Cluster 7: Adipose tissue - Mixed function"	"Cluster 47: Endothelial cells - Vasculature"	"Cluster 48: Adipocytes & Endothelial cells - Angiogenesis"	"Cluster 57: Platelets - Hemostasis"	9	"Plasma membrane"	Cytosol	"HPA039325: AB_10805473, HPA062122: AB_2684688"	"unprognostic (2.07e-2)"	"unprognostic (8.24e-3)"		"unprognostic (1.25e-1)"	"unprognostic (1.66e-1)"	"unprognostic (5.34e-2)"	"unprognostic (9.46e-2)"	"unprognostic (1.45e-1)"	"unprognostic (5.41e-2)"	"unprognostic (7.79e-3)"	"potential prognostic favorable (4.16e-11)"	"unprognostic (1.10e-3)"	"unprognostic (1.09e-1)"	"unprognostic (5.63e-2)"		"unprognostic (7.23e-3)"	"unprognostic (1.28e-1)"	"unprognostic (9.33e-2)"	"unprognostic (4.55e-2)"	"unprognostic (1.30e-1)"	"unprognostic (1.62e-1)"	"unprognostic (4.76e-2)"	"unprognostic (3.06e-1)"	"unprognostic (2.36e-1)"	"unprognostic (2.51e-1)"	"unprognostic (7.86e-3)"	"unprognostic (9.38e-3)"	"unprognostic (6.55e-3)"	"unprognostic (8.69e-2)"	"unprognostic (2.14e-1)"	"unprognostic (6.66e-2)"
CCDC88A	"APE, FLJ10392, GIV, GRDN, HkRP1, KIAA1212"	ENSG00000115355	"Coiled-coil domain containing 88A"	Q3V6T2	2	55287842-55419895	"Disease related genes, Human disease related genes, Predicted intracellular proteins"	"Cilium biogenesis/degradation, Neurogenesis"	"Guanine-nucleotide releasing factor"	"Epilepsy, Intellectual disability, Neurodegeneration"	"Evidence at protein level"	"Evidence at protein level"	"Evidence at protein level"	"Evidence at protein level"	"Tissue enhanced"	"Detected in all"		"brain: 58.6;testis: 45.5"	"Cell type enhanced"	"Detected in many"		"Early spermatids: 631.9;Late spermatids: 769.7;Oligodendrocytes: 702.6;Spermatocytes: 463.1"	"Low cell type specificity"	"Detected in all"			"Low cancer specificity"	"Detected in all"			"Low region specificity"	"Detected in all"			"Group enriched"	"Detected in many"	5	"basophil: 6.1;classical monocyte: 7.1;intermediate monocyte: 7.0;myeloid DC: 11.3;non-classical monocyte: 6.8;plasmacytoid DC: 23.7"	"Group enriched"	"Detected in all"	6	"dendritic cells: 23.7;granulocytes: 6.1;monocytes: 7.1"	"Low cancer specificity"	"Detected in all"			"Testis - Early spermatids"	"Low region specificity"	"Detected in all"			"Low region specificity"	"Detected in all"			"HPA038101, HPA038102"	Enhanced		Supported	"Nucleoplasm,Plasma membrane,Centrosome,Basal body"			NA	NA			"Cluster 2: Dendritic cells - Unknown function"	"Cluster 9: Oligodendrocytes - Myelination"	"Cluster 11: White matter - Signal transduction"	"Cluster 26: Non-specific - Mitochondria & RNA binding"	"Cluster 63: Late spermatids - Spermatogenesis"	19	"Plasma membrane, Centrosome"	"Nucleoplasm, Basal body"	"HPA038101: AB_10670654, HPA038102: AB_2675833"	"unprognostic (2.43e-2)"	"unprognostic (9.29e-2)"	"unprognostic (2.49e-2)"	"unprognostic (6.88e-2)"	"unprognostic (1.91e-1)"	"unprognostic (5.13e-3)"	"unprognostic (1.89e-2)"	"unprognostic (2.09e-3)"	"unprognostic (1.43e-1)"	"unprognostic (1.63e-2)"	"unprognostic (1.41e-2)"	"unprognostic (1.80e-1)"	"unprognostic (6.73e-3)"	"validated prognostic unfavorable (1.60e-5)"	"validated prognostic unfavorable (4.05e-4)"	"unprognostic (6.99e-3)"	"unprognostic (7.66e-2)"	"unprognostic (7.26e-2)"	"unprognostic (1.39e-1)"	"unprognostic (3.59e-1)"	"unprognostic (3.41e-1)"	"unprognostic (5.54e-2)"	"potential prognostic unfavorable (3.26e-4)"	"unprognostic (1.14e-1)"	"unprognostic (7.66e-2)"	"unprognostic (2.92e-2)"	"unprognostic (2.97e-1)"	"unprognostic (2.67e-2)"	"unprognostic (1.54e-1)"	"unprognostic (3.16e-2)"	"unprognostic (1.75e-2)"
CCR3	"CC-CKR-3, CD193, CKR3, CMKBR3"	ENSG00000183625	"C-C motif chemokine receptor 3"	P51677	3	46130890-46266706	"CD markers, G-protein coupled receptors, Human disease related genes, Predicted intracellular proteins, Predicted membrane proteins"	"Host-virus interaction"	"G-protein coupled receptor, Receptor, Transducer"		"Evidence at protein level"	"Evidence at transcript level"	"Evidence at protein level"	"Evidence at protein level"	"Tissue enhanced"	"Detected in some"		"intestine: 2.5;skeletal muscle: 1.7"	"Cell type enriched"	"Detected in some"	8	"Oocytes: 11.0"	"Cell type enhanced"	"Detected in single"		"central nervous system macrophage: 2.2"	"Not detected"	"Not detected"			"Not detected"	"Not detected"			"Group enriched"	"Detected in many"	25	"basophil: 3400.3;eosinophil: 2516.4"	"Lineage enriched"	"Detected in many"	109	"granulocytes: 3400.3"	"Cancer enriched"	"Detected in single"	4	"Myeloma: 3.2"		"Not detected"	"Not detected"							"CAB003795, HPA069514"	Uncertain		Approved	"Plasma membrane"			NA	NA			"Cluster 41: Basophils - Unknown function"	"Cluster 25: Small intestine - Absorption"		"Cluster 51: Myeloma - Immunoglobulins"	"Cluster 74: Neutrophils - Degranulation"	3	"Plasma membrane"		"CAB003795: AB_562259, HPA069514: "						"unprognostic (1.24e-1)"											"unprognostic (1.73e-1)"		"unprognostic (2.05e-2)"							"unprognostic (4.53e-2)"					
CD46	"MCP, MGC26544, MIC10, TLX, TRA2.10"	ENSG00000117335	"CD46 molecule"	P15529	1	207752037-207795513	"Cancer-related genes, CD markers, Disease related genes, Human disease related genes, Plasma proteins, Predicted intracellular proteins, Predicted membrane proteins"	"Complement pathway, Fertilization, Host-virus interaction, Immunity, Innate immunity"	"Host cell receptor for virus entry, Receptor"	"Cancer-related genes, Disease variant, Hemolytic uremic syndrome"	"Evidence at protein level"	"Evidence at protein level"	"Evidence at protein level"	"Evidence at protein level"	"Low tissue specificity"	"Detected in all"			"Cell type enhanced"	"Detected in all"		"Mucus glandular cells: 507.0"	"Low cell type specificity"	"Detected in all"			"Low cancer specificity"	"Detected in all"			"Low region specificity"	"Detected in all"			"Group enriched"	"Detected in all"	4	"basophil: 301.2;eosinophil: 387.4;neutrophil: 404.1"	"Lineage enriched"	"Detected in all"	5	"granulocytes: 404.1"	"Low cancer specificity"	"Detected in all"			"Minor Salivary Gland - Minor salivary glandular cells"	"Low region specificity"	"Detected in single"							"CAB010401, HPA016903"	Enhanced		Approved	"Plasma membrane"			NA	NA		1100000	"Cluster 35: Neutrophils - Protein binding"	"Cluster 24: Parathyroid gland - Vesicular transport"	"Cluster 36: Choroid plexus - Mixed function"	"Cluster 57: Stomach & Colon cancer - Digestion"	"Cluster 74: Neutrophils - Degranulation"	4	"Plasma membrane"		"CAB010401: AB_2291289, HPA016903: AB_1846309"	"unprognostic (8.50e-2)"	"unprognostic (3.35e-3)"	"unprognostic (5.19e-2)"	"potential prognostic unfavorable (1.33e-4)"	"unprognostic (3.68e-1)"	"unprognostic (3.78e-2)"	"unprognostic (6.00e-2)"	"unprognostic (1.84e-1)"	"unprognostic (2.78e-2)"	"unprognostic (2.26e-1)"	"potential prognostic favorable (1.32e-6)"	"unprognostic (9.93e-3)"	"unprognostic (4.11e-2)"	"unprognostic (4.21e-2)"	"unprognostic (3.94e-2)"	"unprognostic (2.33e-1)"	"unprognostic (6.83e-2)"	"unprognostic (1.66e-2)"	"unprognostic (1.45e-1)"	"unprognostic (1.32e-1)"	"unprognostic (2.57e-3)"	"unprognostic (1.19e-1)"	"unprognostic (7.92e-2)"	"unprognostic (1.71e-1)"	"unprognostic (2.56e-1)"	"unprognostic (2.20e-2)"	"unprognostic (2.46e-1)"	"unprognostic (8.72e-3)"	"unprognostic (1.07e-1)"	"unprognostic (1.23e-1)"	"unprognostic (4.51e-1)"
CD9	"BA2, MIC3, MRP-1, P24, TSPAN29"	ENSG00000010278	"CD9 molecule"	P21926	12	6199715-6238271	"Cancer-related genes, CD markers, Plasma proteins, Predicted membrane proteins, Transporters"	"Cell adhesion, Fertilization"		"Cancer-related genes"	"Evidence at protein level"	"Evidence at protein level"	"Evidence at protein level"	"Evidence at protein level"	"Low tissue specificity"	"Detected in all"			"Cell type enhanced"	"Detected in many"		"Basal respiratory cells: 2694.8;Ionocytes: 2140.8"	"Cell type enhanced"	"Detected in many"		"oligodendrocyte: 263.5;pericyte: 336.9;vascular associated smooth muscle cell: 199.9"	"Low cancer specificity"	"Detected in all"			"Low region specificity"	"Detected in all"			"Group enriched"	"Detected in many"	26	"basophil: 1961.8;eosinophil: 1159.2"	"Lineage enriched"	"Detected in all"	32	"granulocytes: 1961.8"	"Low cancer specificity"	"Detected in all"			"Thyroid gland - Thyroid glandular cells"	"Low region specificity"	"Detected in all"			"Low region specificity"	"Detected in all"			CAB002490	Supported		Supported	"Plasma membrane"	"Intracellular and membrane"	"Cell adhesion"	NA	NA		2800000	"Cluster 41: Basophils - Unknown function"	"Cluster 75: Epithelium - Extracellular exosomes"	"Cluster 11: White matter - Signal transduction"	"Cluster 48: Adipocytes & Endothelial cells - Angiogenesis"	"Cluster 35: Respiratory epithelial cells - Unknown function"	20	"Plasma membrane"		"CAB002490: AB_563643"	"unprognostic (2.47e-1)"	"unprognostic (1.03e-1)"	"unprognostic (5.66e-2)"	"unprognostic (7.09e-2)"	"unprognostic (1.31e-3)"	"unprognostic (1.39e-1)"	"unprognostic (2.40e-1)"	"potential prognostic unfavorable (4.96e-4)"	"unprognostic (5.92e-2)"	"unprognostic (1.15e-1)"	"validated prognostic favorable (1.87e-6)"	"validated prognostic favorable (3.24e-5)"	"unprognostic (1.34e-1)"	"unprognostic (7.21e-2)"	"unprognostic (3.13e-2)"	"unprognostic (8.25e-2)"	"unprognostic (3.86e-2)"	"potential prognostic favorable (5.09e-4)"	"unprognostic (4.27e-1)"	"unprognostic (2.59e-2)"	"unprognostic (3.02e-2)"	"potential prognostic unfavorable (1.07e-4)"	"unprognostic (4.92e-2)"	"unprognostic (1.09e-1)"	"unprognostic (1.36e-1)"	"unprognostic (2.43e-1)"	"unprognostic (1.93e-1)"	"unprognostic (3.40e-2)"	"unprognostic (2.18e-1)"	"unprognostic (5.90e-3)"	"unprognostic (1.05e-1)"
CDH2	"CD325, CDHN, NCAD"	ENSG00000170558	"Cadherin 2"	P19022	18	27932879-28177946	"CD markers, Disease related genes, Human disease related genes, Plasma proteins, Predicted intracellular proteins, Predicted membrane proteins"	"Cell adhesion"		"Cardiomyopathy, Disease variant, Intellectual disability"	"Evidence at protein level"	"Evidence at protein level"	"Evidence at protein level"	"Evidence at protein level"	"Tissue enhanced"	"Detected in many"		"heart muscle: 189.1"	"Cell type enhanced"	"Detected in many"		"Astrocytes: 206.5;Cardiomyocytes: 382.4;Cone photoreceptor cells: 132.5;Excitatory neurons: 300.3;Inhibitory neurons: 189.4;Oligodendrocyte precursor cells: 251.4"	"Low cell type specificity"	"Detected in all"			"Cancer enhanced"	"Detected in many"		"Glioblastoma Multiforme (TCGA): 82.4"	"Low region specificity"	"Detected in all"			"Group enriched"	"Detected in some"	5	"basophil: 1.7;neutrophil: 1.3"	"Lineage enriched"	"Detected in single"	6	"granulocytes: 1.7"	"Low cancer specificity"	"Detected in many"			"Adrenal gland - Adrenal cortex cells, Colon - Enteric glia cells, Pituitary gland - Undifferentiated cells (Pituitary gland)"	"Low region specificity"	"Detected in all"			"Low region specificity"	"Detected in all"			"CAB000141, CAB018580, HPA058574, CAB078686, CAB080169"	Enhanced		Supported	"Plasma membrane,Cell Junctions"			NA	NA		160000000	"Cluster 35: Neutrophils - Protein binding"	"Cluster 30: Heart muscle - Heart development"	"Cluster 40: Astrocytes - Astrocyte-neuron interactions"	"Cluster 15: Kidney cancer - Membrane components"	"Cluster 34: Neurons - Neuronal signaling"	28	"Plasma membrane"	"Cell Junctions"	"CAB000141: , CAB018580: AB_626778, CAB078686: AB_2665849, CAB080169: , HPA058574: AB_2683760"	"unprognostic (2.90e-1)"	"unprognostic (1.34e-1)"	"unprognostic (7.28e-2)"	"unprognostic (2.13e-2)"	"unprognostic (1.19e-2)"	"unprognostic (2.48e-1)"	"unprognostic (2.32e-1)"	"unprognostic (2.66e-2)"	"unprognostic (7.64e-2)"		"potential prognostic favorable (7.16e-5)"	"unprognostic (2.92e-3)"	"unprognostic (5.18e-2)"	"unprognostic (4.40e-2)"	"unprognostic (1.11e-2)"	"unprognostic (2.64e-2)"	"unprognostic (7.69e-2)"	"unprognostic (2.48e-2)"	"unprognostic (7.27e-2)"	"unprognostic (4.31e-2)"	"unprognostic (1.22e-1)"	"unprognostic (2.90e-2)"	"unprognostic (3.81e-2)"	"unprognostic (7.90e-2)"		"unprognostic (1.71e-1)"	"unprognostic (1.08e-3)"	"unprognostic (5.44e-3)"	"unprognostic (9.80e-2)"	"unprognostic (1.48e-1)"	"unprognostic (4.22e-2)"
CDK14	"PFTAIRE1, PFTK1"	ENSG00000058091	"Cyclin dependent kinase 14"	O94921	7	90466424-91210590	"Enzymes, Predicted intracellular proteins"	"Cell cycle, Cell division, Wnt signaling pathway"	"Kinase, Serine/threonine-protein kinase, Transferase"		"Evidence at protein level"	"Evidence at protein level"	"Evidence at protein level"	"Evidence at protein level"	"Low tissue specificity"	"Detected in all"			"Cell type enhanced"	"Detected in many"		"Astrocytes: 112.1;Excitatory neurons: 527.3;Inhibitory neurons: 408.0;Oligodendrocyte precursor cells: 300.9"	"Low cell type specificity"	"Detected in all"			"Low cancer specificity"	"Detected in all"			"Low region specificity"	"Detected in all"			"Group enriched"	"Detected in some"	8	"basophil: 9.1;memory B-cell: 8.5;naive B-cell: 4.8;neutrophil: 4.8"	"Group enriched"	"Detected in many"	10	"B-cells: 8.5;granulocytes: 9.1"	"Low cancer specificity"	"Detected in all"			"Testis - Early spermatids"	"Low region specificity"	"Detected in all"			"Low region specificity"	"Detected in all"			HPA015267	Approved		Supported	Nucleoplasm,Cytosol			NA	NA			"Cluster 23: B-cells - Immunoglobulins"	"Cluster 22: Brain - Synaptic signal transduction"	"Cluster 52: Neurons & Synapses - Synaptic function"	"Cluster 46: Lymphoma - Humoral immune response"	"Cluster 65: Neurons - Synaptic function"	27	Nucleoplasm	Cytosol	"HPA015267: AB_1855249"	"unprognostic (1.23e-3)"	"unprognostic (2.18e-3)"	"unprognostic (1.18e-1)"	"unprognostic (1.52e-1)"	"unprognostic (2.16e-2)"	"unprognostic (2.22e-1)"	"unprognostic (1.53e-1)"	"unprognostic (1.97e-2)"	"unprognostic (2.55e-1)"	"unprognostic (1.39e-2)"	"potential prognostic favorable (1.99e-6)"	"unprognostic (5.10e-2)"	"unprognostic (1.08e-1)"	"unprognostic (8.19e-2)"	"potential prognostic unfavorable (3.89e-6)"	"unprognostic (7.87e-2)"	"unprognostic (8.95e-2)"	"unprognostic (2.49e-1)"	"unprognostic (4.65e-2)"	"unprognostic (2.45e-2)"	"unprognostic (2.14e-2)"	"unprognostic (4.47e-3)"	"unprognostic (4.13e-3)"	"unprognostic (9.46e-2)"	"unprognostic (1.44e-2)"	"unprognostic (3.41e-1)"	"unprognostic (1.33e-1)"	"potential prognostic unfavorable (7.32e-4)"	"unprognostic (2.47e-1)"	"unprognostic (1.21e-1)"	"unprognostic (3.69e-1)"
CENPU	"CENP-50, CENP-U, KLIP1, MLF1IP, PBIP1"	ENSG00000151725	"Centromere protein U"	Q71F23	4	184694085-184734130	"Predicted intracellular proteins"	"Host-virus interaction, Transcription, Transcription regulation"	Repressor		"Evidence at protein level"	"Evidence at protein level"	"Evidence at protein level"	"Evidence at protein level"	"Tissue enhanced"	"Detected in many"		"bone marrow: 61.8;testis: 28.6"	"Cell type enhanced"	"Detected in many"		"Early spermatids: 537.4;Late spermatids: 913.4;Oocytes: 225.7;Spermatocytes: 523.8;Spermatogonia: 159.7"	"Cell type enhanced"	"Detected in many"		"committed oligodendrocyte precursor: 6.8"	"Low cancer specificity"	"Detected in all"			"Low region specificity"	"Detected in many"			"Group enriched"	"Detected in many"	5	"basophil: 20.7;eosinophil: 14.3"	"Lineage enriched"	"Detected in all"	6	"granulocytes: 20.7"	"Low cancer specificity"	"Detected in all"			"Adrenal gland - Mitotic cells (Adrenal gland), Lung - Mitotic cells (Lung), Spleen - Mitotic cells (Spleen), Stomach - Mitotic cells (Stomach), Testis - Early spermatids, Thyroid gland - Mitotic cells (Thyroid)"	"Low region specificity"	"Detected in many"			"Low region specificity"	"Detected in many"			HPA022048			Supported	"Nucleoplasm,Centriolar satellite"			NA	Yes			"Cluster 42: Non-specific - Vesicular transport"	"Cluster 77: Bone marrow - Cell proliferation"	"Cluster 25: Non-specific - Transcription"	"Cluster 22: Non-specific - mRNA splicing & Cell cycle"	"Cluster 36: Late spermatids - Unknown function"	27	"Nucleoplasm, Centriolar satellite"		"HPA022048: AB_1853985"	"unprognostic (1.09e-1)"	"unprognostic (1.57e-1)"		"potential prognostic favorable (7.51e-4)"	"unprognostic (3.68e-2)"	"unprognostic (2.58e-1)"	"unprognostic (3.63e-2)"	"unprognostic (3.77e-2)"	"unprognostic (1.34e-1)"	"unprognostic (1.08e-1)"	"unprognostic (3.31e-3)"	"unprognostic (1.57e-2)"	"potential prognostic unfavorable (4.25e-4)"	"unprognostic (3.87e-3)"		"potential prognostic unfavorable (1.35e-5)"	"unprognostic (5.98e-3)"	"unprognostic (2.04e-2)"	"unprognostic (1.85e-1)"	"unprognostic (1.63e-1)"	"unprognostic (1.33e-1)"	"unprognostic (1.70e-3)"	"unprognostic (2.71e-3)"	"unprognostic (2.12e-2)"	"unprognostic (2.49e-1)"	"unprognostic (2.04e-1)"	"unprognostic (1.59e-3)"	"unprognostic (1.29e-2)"	"unprognostic (1.15e-1)"	"unprognostic (1.86e-2)"	"unprognostic (2.37e-1)"
CEP19	"C3orf34, MGC14126"	ENSG00000174007	"Centrosomal protein 19"	Q96LK0	3	196706277-196712250	"Disease related genes, Human disease related genes, Predicted intracellular proteins"	"Cilium biogenesis/degradation"		Obesity	"Evidence at protein level"	"Evidence at protein level"	"Evidence at protein level"	"Evidence at protein level"	"Low tissue specificity"	"Detected in many"			"Cell type enhanced"	"Detected in many"		"Early spermatids: 81.3;Spermatocytes: 61.0;Spermatogonia: 43.5"	"Low cell type specificity"	"Detected in all"			"Low cancer specificity"	"Detected in many"			"Low region specificity"	"Detected in all"			"Group enriched"	"Detected in all"	8	"basophil: 50.9;eosinophil: 58.8;neutrophil: 143.9"	"Lineage enriched"	"Detected in all"	13	"granulocytes: 143.9"	"Low cancer specificity"	"Detected in all"			"Testis - Early spermatids"	"Low region specificity"	"Detected in all"			"Low region specificity"	"Detected in all"			"HPA047614, HPA071138"	Enhanced		Supported	"Nucleoplasm,Centrosome,Basal body,Cytosol"			NA	NA			"Cluster 21: Neutrophils - Unknown function"	"Cluster 16: Non-specific - Transcription"	"Cluster 17: Choroid plexus - Cilium"	"Cluster 63: Non-specific - Protein processing"	"Cluster 70: Spermatocytes & Spermatids - Spermatid development"	64	"Centrosome, Basal body"	"Nucleoplasm, Cytosol"	"HPA047614: AB_2680103, HPA071138: AB_2686348"	"unprognostic (1.11e-1)"	"unprognostic (7.32e-2)"		"unprognostic (1.81e-1)"	"unprognostic (3.36e-2)"	"unprognostic (2.17e-1)"	"unprognostic (6.89e-3)"	"unprognostic (7.93e-2)"	"unprognostic (5.13e-2)"	"unprognostic (1.80e-2)"	"unprognostic (1.59e-1)"	"unprognostic (2.66e-1)"	"unprognostic (2.26e-1)"		"unprognostic (2.98e-3)"	"unprognostic (1.74e-1)"	"unprognostic (1.56e-2)"	"unprognostic (4.36e-3)"	"potential prognostic favorable (4.16e-4)"	"unprognostic (4.13e-1)"	"unprognostic (1.90e-1)"	"unprognostic (1.22e-1)"	"unprognostic (2.96e-2)"	"unprognostic (1.39e-1)"	"unprognostic (1.92e-1)"	"unprognostic (1.10e-1)"	"unprognostic (5.76e-2)"	"unprognostic (1.80e-1)"	"unprognostic (1.62e-1)"	"unprognostic (1.07e-1)"	"unprognostic (1.77e-1)"
CHDH		ENSG00000016391	"Choline dehydrogenase"	Q8NE62	3	53812335-53846419	"Enzymes, Metabolic proteins, Predicted intracellular proteins"		Oxidoreductase		"Evidence at protein level"	"Evidence at protein level"	"Evidence at protein level"	"Evidence at protein level"	"Tissue enhanced"	"Detected in many"		"kidney: 36.2;liver: 34.9"	"Cell type enhanced"	"Detected in many"		"Proximal enterocytes: 63.6;Proximal tubular cells: 72.6;Undifferentiated cells: 50.9"	"Cell type enhanced"	"Detected in many"		"bergmann glia: 80.8"	"Low cancer specificity"	"Detected in many"			"Low region specificity"	"Detected in all"			"Group enriched"	"Detected in some"	14	"basophil: 3.0;T-reg: 1.3"	"Group enriched"	"Detected in many"	18	"granulocytes: 3.0;T-cells: 1.3"	"Low cancer specificity"	"Detected in many"			"Kidney - Proximal tubular cells, Kidney - Proximal tubular cells, Skin - Eccrine sweat gland cells"	"Low region specificity"	"Detected in many"			"Low region specificity"	"Detected in all"			"HPA036632, HPA036633, HPA058130"	Enhanced		Approved	Nucleoli,Mitochondria			NA	NA			"Cluster 9: T-regs - Cell cycle regulation"	"Cluster 52: Kidney - Transmembrane transport"	"Cluster 19: Astrocytes - Mixed function"	"Cluster 57: Stomach & Colon cancer - Digestion"	"Cluster 22: Proximal enterocytes - Digestion"	4	Mitochondria	Nucleoli	"HPA036632: , HPA036633: AB_10670841, HPA058130: AB_2683615"	"unprognostic (1.02e-3)"	"unprognostic (6.63e-2)"	"unprognostic (3.54e-2)"	"unprognostic (8.42e-2)"	"unprognostic (8.17e-3)"	"unprognostic (6.09e-2)"	"unprognostic (2.77e-1)"	"unprognostic (4.02e-2)"		"unprognostic (3.49e-1)"	"validated prognostic favorable (2.64e-8)"	"validated prognostic favorable (2.91e-4)"	"potential prognostic favorable (1.39e-4)"	"unprognostic (1.64e-1)"	"unprognostic (1.68e-2)"	"unprognostic (1.12e-2)"	"unprognostic (2.10e-2)"	"unprognostic (2.06e-1)"	"unprognostic (3.36e-1)"	"unprognostic (2.62e-2)"	"unprognostic (2.94e-1)"	"unprognostic (4.47e-2)"	"unprognostic (6.92e-2)"	"unprognostic (5.64e-2)"	"unprognostic (1.50e-2)"	"unprognostic (1.20e-1)"		"unprognostic (8.82e-3)"	"unprognostic (1.59e-1)"	"unprognostic (2.31e-1)"	"unprognostic (9.11e-2)"
CHPT1	CPT1	ENSG00000111666	"Choline phosphotransferase 1"	Q8WUD6	12	101696947-101744140	"Enzymes, Metabolic proteins, Predicted membrane proteins"	"Lipid biosynthesis, Lipid metabolism, Phospholipid biosynthesis, Phospholipid metabolism"	Transferase		"Evidence at protein level"	"Evidence at protein level"	"Evidence at protein level"	"Evidence at protein level"	"Low tissue specificity"	"Detected in all"			"Cell type enhanced"	"Detected in all"		"Late spermatids: 652.4;Mucus glandular cells: 322.2"	"Low cell type specificity"	"Detected in all"			"Low cancer specificity"	"Detected in all"			"Low region specificity"	"Detected in all"			"Group enriched"	"Detected in many"	6	"basophil: 36.8;eosinophil: 14.7"	"Lineage enriched"	"Detected in all"	8	"granulocytes: 36.8"	"Low cancer specificity"	"Detected in all"			"Adrenal gland - Adrenal cortex cells, Breast - Breast glandular cells, Liver - Hepatocytes, Testis - Early spermatids"	"Low region specificity"	"Detected in all"			"Low region specificity"	"Detected in all"			HPA067643	Approved		Supported	Vesicles			NA	NA			"Cluster 22: Eosinophils - Transcription"	"Cluster 55: Kidney & Intestine - Metabolism"	"Cluster 39: Astrocytes - Mixed function"	"Cluster 60: Prostate cancer - Unknown function"	"Cluster 17: Breast glandular cells - Lactation"	5	Vesicles		"HPA067643: "	"unprognostic (7.33e-2)"	"unprognostic (6.08e-3)"	"unprognostic (2.48e-1)"	"unprognostic (2.07e-2)"	"unprognostic (8.59e-2)"	"unprognostic (7.27e-2)"	"unprognostic (2.52e-1)"	"potential prognostic unfavorable (8.63e-4)"	"unprognostic (1.08e-1)"	"unprognostic (6.46e-3)"	"potential prognostic favorable (3.28e-4)"	"unprognostic (3.15e-2)"	"unprognostic (1.77e-1)"	"unprognostic (4.29e-2)"	"unprognostic (5.88e-3)"	"unprognostic (2.34e-2)"	"unprognostic (1.23e-1)"	"unprognostic (9.48e-2)"	"unprognostic (3.68e-1)"	"unprognostic (2.99e-1)"	"unprognostic (1.70e-1)"	"unprognostic (1.56e-2)"	"unprognostic (1.62e-2)"	"unprognostic (3.21e-2)"	"unprognostic (2.08e-1)"	"unprognostic (1.69e-1)"	"unprognostic (1.10e-1)"	"unprognostic (3.37e-1)"	"unprognostic (2.24e-1)"	"unprognostic (8.71e-3)"	"unprognostic (9.02e-2)"
CHST11	"C4ST, C4St-1, C4ST1, HSA269537"	ENSG00000171310	"Carbohydrate sulfotransferase 11"	Q9NPF2	12	104455295-104762014	"Disease related genes, Enzymes, Metabolic proteins, Potential drug targets, Predicted intracellular proteins"	"Carbohydrate metabolism"	Transferase	"Disease variant, Dwarfism"	"Evidence at protein level"	"Evidence at transcript level"	"Evidence at protein level"	"Evidence at protein level"	"Tissue enhanced"	"Detected in all"		"bone marrow: 38.5;choroid plexus: 33.8"	"Group enriched"	"Detected in many"	4	"Microglial cells: 268.4;Oligodendrocyte precursor cells: 950.4"	"Cell type enhanced"	"Detected in all"		"central nervous system macrophage: 1872.3;oligodendrocyte precursor cell: 1638.3"	"Low cancer specificity"	"Detected in all"			"Low region specificity"	"Detected in all"			"Group enriched"	"Detected in many"	4	"basophil: 12.8;eosinophil: 11.3;neutrophil: 15.7"	"Lineage enriched"	"Detected in all"	5	"granulocytes: 15.7"	"Low cancer specificity"	"Detected in all"			"Adipose visceral - Adipose progenitor cells, Minor Salivary Gland - Macrophages"	"Low region specificity"	"Detected in all"			"Low region specificity"	"Detected in all"			HPA052828	Approved		Approved	"Golgi apparatus"			NA	NA		21000	"Cluster 42: Non-specific - Vesicular transport"	"Cluster 81: Lymphoid tissue & Bone marrow - Innate immune response"	"Cluster 42: Choroid plexus - Mitochondria"	"Cluster 71: Lymphoma - Inflammatory response"	"Cluster 76: Oligodendrocyte precursor - Unknown function"		"Golgi apparatus"		"HPA052828: AB_2681966"	"unprognostic (5.12e-2)"	"unprognostic (1.15e-1)"	"unprognostic (2.83e-1)"	"unprognostic (4.46e-3)"	"unprognostic (1.65e-1)"	"unprognostic (2.33e-1)"	"unprognostic (2.57e-1)"	"unprognostic (8.39e-2)"	"unprognostic (8.23e-2)"	"unprognostic (3.24e-2)"	"unprognostic (2.56e-3)"	"unprognostic (1.35e-1)"	"unprognostic (5.06e-3)"	"potential prognostic unfavorable (9.98e-4)"	"unprognostic (1.70e-1)"	"unprognostic (2.75e-2)"	"unprognostic (7.58e-3)"	"unprognostic (4.69e-2)"	"unprognostic (4.80e-3)"	"unprognostic (4.13e-2)"	"unprognostic (1.17e-2)"	"unprognostic (8.85e-3)"	"unprognostic (1.39e-3)"	"unprognostic (9.79e-2)"	"unprognostic (6.97e-3)"	"unprognostic (2.23e-1)"	"unprognostic (6.56e-2)"	"unprognostic (6.64e-2)"	"unprognostic (1.38e-1)"	"unprognostic (2.11e-2)"	"unprognostic (1.11e-1)"
CLCN4	"ClC-4, CLC4"	ENSG00000073464	"Chloride voltage-gated channel 4"	P51793	X	10156975-10237660	"Disease related genes, Human disease related genes, Potential drug targets, Predicted membrane proteins, Transporters"	"Antiport, Ion transport, Transport"		"Disease variant, Intellectual disability"	"Evidence at protein level"	"Evidence at protein level"	"Evidence at protein level"	"Evidence at protein level"	"Tissue enhanced"	"Detected in many"		"brain: 28.2;retina: 36.7;skeletal muscle: 43.4;tongue: 32.9"	"Cell type enhanced"	"Detected in many"		"Bipolar cells: 74.0;Cone photoreceptor cells: 142.7;Excitatory neurons: 44.1;Horizontal cells: 57.9;Inhibitory neurons: 51.7;Oligodendrocytes: 71.3;Oocytes: 44.8;Rod photoreceptor cells: 44.6"	"Low cell type specificity"	"Detected in all"			"Low cancer specificity"	"Detected in many"			"Low region specificity"	"Detected in all"			"Group enriched"	"Detected in some"	4	"basophil: 1.7;memory B-cell: 1.0;naive B-cell: 2.6;neutrophil: 2.2"	"Group enriched"	"Detected in many"	6	"B-cells: 2.6;granulocytes: 2.2"	"Low cancer specificity"	"Detected in all"			"Testis - Sertoli cells, Thyroid gland - Thyroid glandular cells"	"Low region specificity"	"Detected in all"			"Low region specificity"	"Detected in all"			"HPA031313, HPA063637"	Enhanced	Approved	Supported	Vesicles			NA	NA			"Cluster 20: Non-specific - DNA binding"	"Cluster 3: Non-specific - Unknown function"	"Cluster 28: Oligodendrocytes - Mixed function"	"Cluster 70: DU4475 - Unknown function"	"Cluster 66: Photoreceptor cells - Visual perception"	3	Vesicles		"HPA031313: AB_10601358, HPA063637: AB_2685069"	"unprognostic (1.12e-2)"	"unprognostic (1.48e-1)"	"unprognostic (4.59e-3)"	"unprognostic (6.39e-2)"	"unprognostic (1.82e-1)"	"potential prognostic unfavorable (1.06e-4)"	"unprognostic (2.51e-1)"	"unprognostic (1.76e-1)"		"unprognostic (9.51e-2)"	"potential prognostic favorable (1.26e-5)"	"unprognostic (4.41e-3)"	"unprognostic (1.06e-1)"	"unprognostic (2.50e-3)"	"unprognostic (2.45e-2)"	"unprognostic (3.34e-1)"	"unprognostic (1.52e-1)"	"unprognostic (3.83e-2)"	"unprognostic (1.33e-1)"	"unprognostic (3.97e-1)"	"unprognostic (5.60e-3)"	"unprognostic (4.55e-2)"	"unprognostic (5.39e-2)"	"unprognostic (1.86e-1)"	"unprognostic (2.00e-1)"	"unprognostic (1.18e-3)"	"unprognostic (6.08e-2)"	"unprognostic (1.25e-1)"	"unprognostic (2.26e-1)"	"unprognostic (1.55e-1)"	"unprognostic (1.62e-1)"
CLDN5	"AWAL, BEC1, CPETRL1, TMVCF"	ENSG00000184113	"Claudin 5"	O00501	22	19523024-19527545	"Predicted membrane proteins, Transporters"				"Evidence at protein level"	"Evidence at protein level"	"Evidence at protein level"	"Evidence at protein level"	"Tissue enhanced"	"Detected in many"		"adipose tissue: 425.6;breast: 407.2;choroid plexus: 418.8;lung: 386.5"	"Group enriched"	"Detected in many"	12	"Adipocytes: 2773.0;Endothelial cells: 835.9;Lymphatic endothelial cells: 1261.5"	"Cell type enriched"	"Detected in many"	8	"endothelial cell: 1608.8"	"Cancer enriched"	"Detected in all"	4	"Glioblastoma Multiforme (TCGA): 131.6"	"Low region specificity"	"Detected in all"			"Group enriched"	"Detected in some"	24	"basophil: 19.0;naive CD4 T-cell: 4.8;neutrophil: 5.9"	"Group enriched"	"Detected in many"	29	"granulocytes: 19.0;T-cells: 4.8"	"Cancer enhanced"	"Detected in some"		"Bone cancer: 6.4;cervical cancer: 13.7"	"Adipose subcutaneous - Endothelial cells, Adipose visceral - Endothelial cells, Breast - Endothelial cells, Colon - Endothelial cells, Kidney - Endothelial cells, Liver - Vascular Endothelial cells, Minor Salivary Gland - Endothelial cells, Prostate - Endothelial cells, Testis - Endothelial cells"	"Low region specificity"	"Detected in all"			"Low region specificity"	"Detected in all"			CAB002607	Approved						NA	NA		210000	"Cluster 4: Neutrophils - Degranulation"	"Cluster 34: Non-specific - Mixed function"	"Cluster 42: Choroid plexus - Mitochondria"	"Cluster 12: Bone cancer - Neuronal signaling"	"Cluster 54: Lymphatic endothelial cells - Lymph vessel development"	33			"CAB002607: "	"unprognostic (3.69e-2)"	"unprognostic (6.97e-2)"	"unprognostic (3.90e-2)"	"potential prognostic favorable (5.01e-4)"	"unprognostic (4.48e-2)"	"unprognostic (1.63e-1)"	"unprognostic (1.08e-2)"	"unprognostic (2.91e-1)"	"unprognostic (1.17e-1)"	"unprognostic (8.02e-2)"	"potential prognostic favorable (3.97e-4)"	"unprognostic (1.38e-3)"	"unprognostic (9.05e-3)"	"unprognostic (9.64e-2)"	"unprognostic (5.56e-3)"	"unprognostic (2.51e-1)"	"unprognostic (4.18e-1)"	"potential prognostic unfavorable (2.57e-5)"	"unprognostic (2.48e-1)"	"unprognostic (3.60e-2)"	"unprognostic (2.01e-1)"	"unprognostic (4.98e-3)"	"unprognostic (8.80e-2)"	"unprognostic (1.64e-1)"	"unprognostic (5.64e-2)"	"unprognostic (6.76e-2)"	"unprognostic (3.58e-1)"	"unprognostic (1.55e-2)"	"unprognostic (3.85e-2)"	"unprognostic (1.10e-1)"	"unprognostic (2.73e-1)"
CLEC4A	"CD367, CLECSF6, DCIR, DDB27, hDCIR"	ENSG00000111729	"C-type lectin domain family 4 member A"	Q9UMR7	12	8123617-8138607	"CD markers, Predicted intracellular proteins, Predicted membrane proteins"	"Adaptive immunity, Host-virus interaction, Immunity, Innate immunity"			"Evidence at protein level"	"Evidence at transcript level"	"Evidence at protein level"	"Evidence at protein level"	"Tissue enhanced"	"Detected in all"		"bone marrow: 21.3;lymphoid tissue: 26.1"	"Group enriched"	"Detected in some"	4	"Hofbauer cells: 14.1;Kupffer cells: 28.8;Langerhans cells: 31.2;Macrophages: 35.2;monocytes: 12.6"	"Cell type enhanced"	"Detected in all"		"central nervous system macrophage: 21.1"	"Low cancer specificity"	"Detected in all"			"Low region specificity"	"Detected in all"			"Group enriched"	"Detected in many"	6	"basophil: 227.9;classical monocyte: 333.0;intermediate monocyte: 198.7;myeloid DC: 328.2;neutrophil: 300.4;non-classical monocyte: 130.7"	"Group enriched"	"Detected in all"	13	"dendritic cells: 328.2;granulocytes: 300.4;monocytes: 333.0"	"Low cancer specificity"	"Detected in some"				"Not detected"	"Not detected"			"Not detected"	"Not detected"			HPA007842	Uncertain						NA	NA			"Cluster 38: Monocytes & Neutrophils - Degranulation"	"Cluster 81: Lymphoid tissue & Bone marrow - Innate immune response"	"Cluster 7: Non-specific - Ribosome"	"Cluster 59: Leukemia - T-cell receptor"	"Cluster 29: Monocytes - Innate immune response"	37			"HPA007842: AB_1078534"	"unprognostic (2.90e-2)"	"unprognostic (9.08e-2)"	"unprognostic (2.18e-1)"	"potential prognostic favorable (6.05e-4)"	"unprognostic (2.18e-1)"	"unprognostic (9.85e-3)"	"unprognostic (1.14e-1)"	"unprognostic (4.52e-1)"	"unprognostic (3.73e-2)"	"unprognostic (1.36e-1)"	"unprognostic (2.22e-1)"	"unprognostic (2.01e-1)"	"unprognostic (4.55e-2)"	"unprognostic (1.48e-2)"	"unprognostic (2.87e-1)"	"potential prognostic favorable (2.05e-4)"	"unprognostic (9.66e-2)"	"unprognostic (1.70e-2)"	"unprognostic (2.39e-1)"	"unprognostic (1.89e-1)"	"unprognostic (5.76e-1)"	"unprognostic (6.08e-2)"	"unprognostic (3.40e-2)"	"unprognostic (3.14e-1)"	"unprognostic (1.11e-2)"	"unprognostic (1.67e-2)"	"unprognostic (2.51e-2)"	"unprognostic (5.37e-2)"	"unprognostic (1.48e-2)"	"unprognostic (1.32e-1)"	"unprognostic (1.29e-1)"
CNR2	CB2	ENSG00000188822	"Cannabinoid receptor 2"	P34972	1	23870515-23913362	"FDA approved drug targets, G-protein coupled receptors, Predicted membrane proteins, Transporters"	"Inflammatory response"	"G-protein coupled receptor, Receptor, Transducer"	"FDA approved drug targets"	"Evidence at protein level"	"Evidence at transcript level"	"Evidence at protein level"	"Evidence at protein level"	"Tissue enhanced"	"Detected in some"		"intestine: 3.3;lymphoid tissue: 8.6"	"Cell type enriched"	"Detected in some"	4	"B-cells: 35.2"	"Cell type enriched"	"Detected in some"	8	"leukocyte: 8.8"	"Cancer enriched"	"Detected in single"	5	"Testicular Germ Cell Tumor (TCGA): 4.0"	"Low region specificity"	"Detected in all"			"Group enriched"	"Detected in many"	8	"basophil: 49.2;eosinophil: 35.1;memory B-cell: 29.6;naive B-cell: 27.9;NK-cell: 19.4"	"Group enriched"	"Detected in many"	9	"B-cells: 29.6;granulocytes: 49.2;NK-cells: 19.4"	"Group enriched"	"Detected in some"	14	"Leukemia: 3.1;lymphoma: 6.3"	"Lung - B-cells (Lung), Spleen - B-cells (Spleen)"	"Not detected"	"Not detected"			"Not detected"	"Not detected"			CAB009719	Uncertain						NA	NA			"Cluster 22: Eosinophils - Transcription"	"Cluster 70: Lymphoid tissue - Immune response"	"Cluster 48: Non-specific - Mixed function"	"Cluster 55: Lymphoma - Immune response"	"Cluster 73: B-cells - B-cell function"	24			"CAB009719: AB_2082784"			"potential prognostic favorable (1.39e-4)"			"unprognostic (1.33e-1)"																	"unprognostic (1.35e-2)"			"unprognostic (5.54e-3)"			"unprognostic (2.37e-1)"		
COQ7	"CAT5, CLK-1"	ENSG00000167186	"Coenzyme Q7, hydroxylase"	Q99807	16	19067614-19080095	"Disease related genes, Enzymes, Human disease related genes, Metabolic proteins, Potential drug targets, Predicted intracellular proteins, Predicted membrane proteins"	"Ubiquinone biosynthesis"	"Monooxygenase, Oxidoreductase"	"Disease variant, Neurodegeneration, Neuropathy, Primary mitochondrial disease"	"Evidence at protein level"	"Evidence at transcript level"	"Evidence at protein level"	"Evidence at protein level"	"Low tissue specificity"	"Detected in all"			"Low cell type specificity"	"Detected in all"			"Low cell type specificity"	"Detected in all"			"Low cancer specificity"	"Detected in all"			"Low region specificity"	"Detected in all"			"Group enriched"	"Detected in all"	5	"basophil: 40.4;neutrophil: 126.8"	"Lineage enriched"	"Detected in all"	8	"granulocytes: 126.8"	"Low cancer specificity"	"Detected in all"			"Adrenal gland - Adrenal cortex cells, Heart muscle - Cardiomyocytes, Testis - Spermatocytes, Thyroid gland - Thyroid glandular cells"	"Low region specificity"	"Detected in all"			"Low region specificity"	"Detected in all"			"HPA067252, HPA071922"	Approved		Approved	"Nucleoplasm,Plasma membrane"			NA	NA			"Cluster 35: Neutrophils - Protein binding"	"Cluster 14: Skeletal muscle - Muscle contraction"	"Cluster 3: Choroid plexus - Cilium"	"Cluster 54: Non-specific - Transcription"	"Cluster 61: Plasma cells - Immunoglobulins & histones"	7	"Plasma membrane"	Nucleoplasm	"HPA067252: AB_2685813, HPA071922: AB_2686473"	"unprognostic (4.06e-1)"	"unprognostic (7.63e-3)"	"unprognostic (2.06e-1)"	"unprognostic (5.00e-2)"	"unprognostic (1.44e-1)"	"unprognostic (2.72e-1)"	"unprognostic (1.43e-2)"	"unprognostic (2.23e-1)"	"unprognostic (1.08e-1)"	"unprognostic (6.45e-2)"	"potential prognostic favorable (7.56e-10)"	"unprognostic (1.81e-2)"	"unprognostic (3.23e-3)"	"unprognostic (3.11e-2)"	"unprognostic (9.42e-2)"	"unprognostic (1.03e-1)"	"unprognostic (5.98e-2)"	"unprognostic (2.79e-1)"	"unprognostic (2.46e-1)"	"unprognostic (4.30e-1)"	"unprognostic (3.18e-2)"	"unprognostic (4.57e-2)"	"unprognostic (2.66e-2)"	"unprognostic (1.10e-1)"	"unprognostic (2.00e-2)"	"unprognostic (3.05e-1)"	"unprognostic (8.72e-2)"	"unprognostic (4.29e-1)"	"unprognostic (2.78e-1)"	"unprognostic (1.97e-2)"	"unprognostic (1.42e-1)"
CR1	"CD35, KN"	ENSG00000203710	"Complement C3b/C4b receptor 1 (Knops blood group)"	P17927	1	207496147-207641765	"Blood group antigen proteins, CD markers, Plasma proteins, Predicted membrane proteins"	"Complement pathway, Host-virus interaction, Immunity, Innate immunity"	"Blood group antigen, Host cell receptor for virus entry, Receptor"		"Evidence at protein level"	"Evidence at protein level"	"Evidence at protein level"	"Evidence at protein level"	"Tissue enhanced"	"Detected in many"		"adipose tissue: 12.8;lymphoid tissue: 26.5"	"Cell type enhanced"	"Detected in some"		"B-cells: 40.6;Erythroid cells: 17.0;Hofbauer cells: 16.9;Kupffer cells: 96.2;Macrophages: 42.4;monocytes: 23.2"	"Cell type enhanced"	"Detected in some"		"fibroblast: 7.1;leukocyte: 12.1;oligodendrocyte: 8.2"	"Low cancer specificity"	"Detected in some"			"Low region specificity"	"Detected in all"			"Group enriched"	"Detected in many"	6	"basophil: 53.8;eosinophil: 17.2;neutrophil: 15.6"	"Lineage enriched"	"Detected in many"	12	"granulocytes: 53.8"	"Group enriched"	"Detected in some"	9	"Leukemia: 3.6;lymphoma: 1.0"	"Adipose subcutaneous - Macrophages, Adipose visceral - Macrophages, Adrenal gland - Macrophages, Breast - Macrophages, Colon - Macrophages, Kidney - Podocytes, Lung - Neutrophil_2, Pituitary gland - Macrophages, Prostate - Macrophages, Thyroid gland - Macrophages"	"Low region specificity"	"Detected in all"			"Not detected"	"Not detected"			"CAB002491, CAB016271, HPA042455, HPA043579, HPA049348"	Enhanced		Supported	"Plasma membrane"			NA	NA		69000000	"Cluster 20: Non-specific - DNA binding"	"Cluster 70: Lymphoid tissue - Immune response"	"Cluster 11: White matter - Signal transduction"	"Cluster 55: Lymphoma - Immune response"	"Cluster 74: Neutrophils - Degranulation"	1	"Plasma membrane"		"CAB002491: AB_563553, CAB016271: AB_627040, HPA042455: AB_2678006, HPA043579: AB_2678564, HPA049348: AB_2680723"	"unprognostic (3.19e-1)"		"unprognostic (6.73e-3)"			"unprognostic (2.40e-1)"		"potential prognostic unfavorable (3.09e-4)"				"unprognostic (6.59e-2)"				"unprognostic (1.20e-3)"	"unprognostic (6.21e-2)"	"unprognostic (3.54e-2)"	"unprognostic (3.00e-1)"			"unprognostic (4.72e-2)"	"unprognostic (3.66e-2)"			"unprognostic (1.23e-1)"		"unprognostic (5.13e-2)"	"unprognostic (2.49e-2)"		
CRACR2B	"EFCAB4A, MGC45840"	ENSG00000177685	"Calcium release activated channel regulator 2B"	Q8N4Y2	11	826144-831991	"Predicted intracellular proteins"				"Evidence at protein level"	"Evidence at transcript level"	"Evidence at protein level"	"Evidence at protein level"	"Tissue enhanced"	"Detected in all"		"pancreas: 202.7;salivary gland: 216.7"	"Cell type enhanced"	"Detected in many"		"Breast glandular cells: 184.4;Breast myoepithelial cells: 112.9;Club cells: 115.8;Gastric mucus-secreting cells: 168.0;Intestinal goblet cells: 134.7;Ionocytes: 102.7;Lymphatic endothelial cells: 96.9;Serous glandular cells: 118.9"	"Cell type enhanced"	"Detected in many"		"endothelial cell: 20.7;pericyte: 12.3"	"Low cancer specificity"	"Detected in many"			"Low region specificity"	"Detected in all"			"Group enriched"	"Detected in some"	6	"basophil: 3.4;eosinophil: 3.7;memory B-cell: 3.9;naive B-cell: 3.0;NK-cell: 1.7"	"Group enriched"	"Detected in many"	6	"B-cells: 3.9;granulocytes: 3.7;NK-cells: 1.7"	"Cancer enhanced"	"Detected in many"		"breast cancer: 42.9"	"Liver - Vascular Endothelial cells, Minor Salivary Gland - Minor salivary glandular cells, Skin - Eccrine sweat gland cells"	"Low region specificity"	"Detected in all"			"Low region specificity"	"Detected in all"			HPA046217	Approved						NA	NA			"Cluster 12: Non-specific - Mitochondrial translation"	"Cluster 15: Pancreas - Proteolysis"	"Cluster 48: Non-specific - Mixed function"	"Cluster 27: Breast cancer - Unknown function"	"Cluster 75: Serous glandular cells - Salivary secretion"	1			"HPA046217: AB_10960833"	"unprognostic (3.30e-3)"	"unprognostic (2.56e-1)"		"unprognostic (8.14e-2)"	"unprognostic (1.41e-2)"	"unprognostic (1.74e-1)"	"unprognostic (1.15e-2)"		"unprognostic (2.07e-3)"	"unprognostic (2.11e-1)"	"unprognostic (1.48e-2)"	"unprognostic (4.42e-3)"	"potential prognostic favorable (1.67e-9)"	"unprognostic (5.64e-2)"		"unprognostic (1.54e-1)"	"unprognostic (1.30e-1)"	"unprognostic (1.04e-3)"	"unprognostic (4.27e-2)"	"unprognostic (2.18e-2)"	"unprognostic (9.44e-2)"	"unprognostic (2.96e-2)"	"unprognostic (1.45e-1)"	"unprognostic (1.76e-2)"	"unprognostic (7.02e-2)"	"unprognostic (2.12e-3)"		"potential prognostic favorable (7.28e-4)"	"unprognostic (1.64e-1)"	"unprognostic (2.97e-1)"	"unprognostic (3.99e-2)"
CREG1	CREG	ENSG00000143162	"Cellular repressor of E1A stimulated genes 1"	O75629	1	167529117-167553805	"Predicted secreted proteins"	"Growth regulation"			"Evidence at protein level"	"Evidence at transcript level"	"Evidence at protein level"	"Evidence at protein level"	"Low tissue specificity"	"Detected in all"			"Cell type enhanced"	"Detected in all"		"Hofbauer cells: 494.0;Kupffer cells: 559.7"	"Low cell type specificity"	"Detected in all"			"Low cancer specificity"	"Detected in all"			"Low region specificity"	"Detected in all"			"Group enriched"	"Detected in all"	5	"basophil: 55.9;classical monocyte: 128.5;eosinophil: 75.9;intermediate monocyte: 75.6;myeloid DC: 89.9;neutrophil: 43.8;non-classical monocyte: 72.7"	"Group enriched"	"Detected in all"	6	"dendritic cells: 89.9;granulocytes: 75.9;monocytes: 128.5"	"Low cancer specificity"	"Detected in all"			"Adipose subcutaneous - Macrophages, Adrenal gland - Adrenal cortex cells, Liver - Hepatocytes, Lung - Macrophages, Prostate - Fibroblasts, Spleen - Macrophages, Thyroid gland - Thyroid glandular cells"	"Low region specificity"	"Detected in all"			"Low region specificity"	"Detected in all"			HPA056390			Approved	Vesicles,Microtubules	"Secreted to blood"	Other	NA	NA		500000	"Cluster 38: Monocytes & Neutrophils - Degranulation"	"Cluster 11: Liver - Plasma proteins"	"Cluster 50: Non-specific - Nucleic acid binding"	"Cluster 7: Liver cancer - Metabolism"	"Cluster 58: Macrophages - Innate immune response"	4	Microtubules	Vesicles	"HPA056390: AB_2683113"	"unprognostic (2.06e-1)"	"unprognostic (1.15e-1)"	"unprognostic (1.93e-1)"	"unprognostic (1.79e-1)"	"unprognostic (3.20e-1)"	"unprognostic (1.48e-2)"	"unprognostic (2.55e-2)"	"potential prognostic unfavorable (3.95e-4)"	"unprognostic (1.19e-2)"	"unprognostic (2.87e-2)"	"potential prognostic favorable (2.33e-5)"	"unprognostic (1.01e-1)"	"unprognostic (2.56e-3)"	"unprognostic (7.63e-2)"	"unprognostic (2.05e-3)"	"unprognostic (2.15e-1)"	"unprognostic (2.91e-1)"	"unprognostic (1.26e-1)"	"unprognostic (2.51e-2)"	"unprognostic (2.41e-1)"	"potential prognostic unfavorable (4.88e-4)"	"unprognostic (8.87e-2)"	"unprognostic (1.82e-2)"	"unprognostic (5.14e-2)"	"unprognostic (6.25e-2)"	"unprognostic (4.32e-2)"	"unprognostic (1.75e-2)"	"unprognostic (1.52e-1)"	"unprognostic (1.20e-1)"	"unprognostic (5.51e-3)"	"unprognostic (4.04e-1)"
CSF1	"M-CSF, MCSF, MGC31930"	ENSG00000184371	"Colony stimulating factor 1"	P09603	1	109910242-109930992	"Cancer-related genes, Candidate cardiovascular disease genes, Disease related genes, Plasma proteins, Predicted intracellular proteins, Predicted membrane proteins, Predicted secreted proteins, RAS pathway related proteins"	"Immunity, Inflammatory response, Innate immunity"	"Cytokine, Growth factor"	"Cancer-related genes"	"Evidence at protein level"	"Evidence at protein level"	"Evidence at protein level"	"Evidence at protein level"	"Low tissue specificity"	"Detected in all"			"Cell type enhanced"	"Detected in many"		"Fibroblasts: 59.0;granulocytes: 199.8;Secretory cells: 53.5"	"Cell type enhanced"	"Detected in many"		"fibroblast: 159.8"	"Low cancer specificity"	"Detected in all"			"Low region specificity"	"Detected in all"			"Group enriched"	"Detected in some"	13	"basophil: 13.2;eosinophil: 22.3"	"Lineage enriched"	"Detected in many"	16	"granulocytes: 22.3"	"Low cancer specificity"	"Detected in all"				"Low region specificity"	"Detected in all"			"Low region specificity"	"Detected in all"			HPA076624			Supported	"Nuclear bodies,Plasma membrane"	"Secreted to blood"	Cytokine	NA	NA	270000	17000000	"Cluster 19: Eosinophils - Unknown function"	"Cluster 7: Adipose tissue - Mixed function"	"Cluster 13: Oligodendrocytes - Mixed function"	"Cluster 7: Liver cancer - Metabolism"	"Cluster 53: Fibroblasts - ECM organization"	7	"Plasma membrane"	"Nuclear bodies"	"HPA076624: AB_2686810"	"unprognostic (1.23e-1)"	"unprognostic (8.11e-3)"	"unprognostic (1.84e-1)"	"unprognostic (7.29e-2)"	"unprognostic (6.91e-2)"	"unprognostic (5.69e-2)"	"unprognostic (3.33e-1)"	"unprognostic (3.65e-3)"	"unprognostic (5.63e-2)"	"unprognostic (1.70e-1)"	"unprognostic (2.94e-3)"	"unprognostic (1.33e-1)"	"unprognostic (8.42e-2)"	"potential prognostic unfavorable (2.14e-5)"	"unprognostic (1.09e-1)"	"unprognostic (1.45e-1)"	"unprognostic (6.52e-3)"	"unprognostic (1.59e-1)"	"unprognostic (1.09e-1)"	"unprognostic (4.91e-2)"	"unprognostic (4.26e-1)"	"unprognostic (3.59e-1)"	"unprognostic (1.83e-2)"	"unprognostic (7.50e-2)"	"unprognostic (9.71e-2)"	"unprognostic (5.82e-3)"	"unprognostic (8.95e-3)"	"unprognostic (8.24e-2)"	"unprognostic (3.04e-2)"	"unprognostic (2.72e-1)"	"unprognostic (4.02e-2)"
CSF2RB	"betaGMR, CD131, IL3RB, IL5RB"	ENSG00000100368	"Colony stimulating factor 2 receptor subunit beta"	P32927	22	36913628-36940439	"CD markers, Disease related genes, FDA approved drug targets, Human disease related genes, Plasma proteins, Predicted intracellular proteins, Predicted membrane proteins"		Receptor	"FDA approved drug targets"	"Evidence at protein level"	"Evidence at protein level"	"Evidence at protein level"	"Evidence at protein level"	"Tissue enhanced"	"Detected in many"		"bone marrow: 53.9;lymphoid tissue: 63.7"	"Cell type enhanced"	"Detected in many"		"dendritic cells: 115.7;Extravillous trophoblasts: 43.3;granulocytes: 68.5;Kupffer cells: 36.9;Langerhans cells: 74.0;Late spermatids: 40.9;Macrophages: 36.3;monocytes: 36.6;Plasma cells: 43.1"	"Group enriched"	"Detected in some"	6	"central nervous system macrophage: 15.3;leukocyte: 5.2"	"Low cancer specificity"	"Detected in all"			"Low region specificity"	"Detected in all"			"Group enriched"	"Detected in many"	7	"basophil: 239.1;neutrophil: 76.3"	"Lineage enriched"	"Detected in many"	16	"granulocytes: 239.1"	"Group enriched"	"Detected in some"	47	"Leukemia: 43.7;lymphoma: 16.5;Myeloma: 15.2"	"Adrenal gland - Macrophages, Spleen - Neutrophils, Testis - Late spermatids"	"Low region specificity"	"Detected in single"			"Low region specificity"	"Detected in all"			HPA078677			Approved	"Golgi apparatus"			NA	NA			"Cluster 41: Basophils - Unknown function"	"Cluster 70: Lymphoid tissue - Immune response"	"Cluster 12: Non-specific - Vasculature"	"Cluster 49: HMC-1 - Innate immune response"	"Cluster 74: Neutrophils - Degranulation"	17	"Golgi apparatus"		"HPA078677: AB_2732389"	"unprognostic (3.93e-2)"	"unprognostic (1.56e-2)"	"unprognostic (5.87e-2)"	"unprognostic (2.98e-2)"	"unprognostic (6.20e-2)"	"unprognostic (6.34e-2)"	"unprognostic (6.50e-2)"	"unprognostic (9.21e-2)"	"potential prognostic favorable (4.95e-4)"	"unprognostic (3.53e-2)"	"unprognostic (2.35e-2)"	"unprognostic (4.95e-2)"	"unprognostic (6.49e-2)"	"unprognostic (1.20e-1)"	"unprognostic (1.32e-1)"	"potential prognostic favorable (5.00e-4)"	"unprognostic (2.38e-1)"	"unprognostic (5.43e-2)"	"unprognostic (1.09e-1)"	"unprognostic (9.58e-2)"	"unprognostic (4.46e-1)"	"unprognostic (1.18e-1)"	"unprognostic (9.71e-3)"	"unprognostic (1.35e-1)"	"unprognostic (1.25e-1)"	"unprognostic (9.41e-2)"	"unprognostic (4.39e-1)"	"unprognostic (3.74e-2)"	"unprognostic (9.69e-2)"	"unprognostic (1.93e-1)"	"unprognostic (2.35e-1)"
CTSB		ENSG00000164733	"Cathepsin B"	P07858	8	11842524-11869533	"Cancer-related genes, Candidate cardiovascular disease genes, Disease related genes, Enzymes, Human disease related genes, Metabolic proteins, Plasma proteins, Potential drug targets, Predicted intracellular proteins, Predicted secreted proteins"		"Hydrolase, Protease, Thiol protease"	"Cancer-related genes"	"Evidence at protein level"	"Evidence at protein level"	"Evidence at protein level"	"Evidence at protein level"	"Low tissue specificity"	"Detected in all"			"Cell type enhanced"	"Detected in all"		"Hofbauer cells: 2488.5;Kupffer cells: 2037.4;Macrophages: 1463.1"	"Cell type enriched"	"Detected in all"	6	"central nervous system macrophage: 499.5"	"Cancer enriched"	"Detected in all"	4	"Thyroid Carcinoma (TCGA): 2281.8"	"Low region specificity"	"Detected in all"			"Group enriched"	"Detected in all"	4	"basophil: 389.7;classical monocyte: 610.5;intermediate monocyte: 467.6;myeloid DC: 287.7;non-classical monocyte: 309.1;plasmacytoid DC: 410.8"	"Group enriched"	"Detected in all"	6	"dendritic cells: 410.8;granulocytes: 389.7;monocytes: 610.5"	"Low cancer specificity"	"Detected in all"			"Adipose subcutaneous - Macrophages, Adipose visceral - Macrophages, Breast - Macrophages, Colon - Macrophages, Heart muscle - Macrophages, Kidney - Proximal tubular cells, Lung - Macrophages, Spleen - Macrophages"	"Low region specificity"	"Detected in all"			"Low region specificity"	"Detected in all"			"CAB000457, HPA018156, HPA048998"	Enhanced		Supported	Nucleoli,Vesicles	"Secreted to blood"	Enzyme	NA	NA	524000000	77000000	"Cluster 10: Non-specific - Membrane trafficking"	"Cluster 7: Adipose tissue - Mixed function"	"Cluster 20: Macrophages & Microglia - Immune response"	"Cluster 64: Connective tissue cells - ECM organization"	"Cluster 58: Macrophages - Innate immune response"	74	Vesicles	Nucleoli	"CAB000457: , HPA018156: AB_1846069, HPA048998: "	"unprognostic (4.69e-2)"	"unprognostic (3.48e-2)"	"unprognostic (1.64e-1)"	"unprognostic (1.48e-2)"	"unprognostic (1.04e-1)"	"unprognostic (1.73e-1)"	"potential prognostic unfavorable (1.14e-4)"	"unprognostic (2.58e-3)"	"unprognostic (2.18e-1)"	"potential prognostic unfavorable (1.72e-4)"	"potential prognostic favorable (1.04e-5)"	"unprognostic (1.69e-2)"	"unprognostic (7.41e-3)"	"unprognostic (1.16e-1)"	"unprognostic (1.04e-1)"	"unprognostic (2.12e-1)"	"unprognostic (2.36e-3)"	"unprognostic (5.03e-2)"	"unprognostic (2.92e-2)"	"unprognostic (1.63e-1)"	"potential prognostic unfavorable (6.03e-4)"	"unprognostic (1.18e-2)"	"unprognostic (1.89e-1)"	"unprognostic (7.61e-2)"	"unprognostic (5.33e-2)"	"unprognostic (2.65e-2)"	"unprognostic (2.62e-1)"	"unprognostic (2.65e-1)"	"unprognostic (7.41e-2)"	"unprognostic (4.70e-2)"	"unprognostic (5.08e-2)"
CYP4F12		ENSG00000186204	"Cytochrome P450 family 4 subfamily F member 12"	Q9HCS2	19	15673018-15697174	"Enzymes, Metabolic proteins, Predicted intracellular proteins, Predicted membrane proteins"	"Fatty acid metabolism, Lipid metabolism"	"Monooxygenase, Oxidoreductase"		"Evidence at protein level"	"Evidence at transcript level"	"Evidence at protein level"	"Evidence at protein level"	"Tissue enhanced"	"Detected in many"		"intestine: 40.4;liver: 39.2"	"Cell type enhanced"	"Detected in many"		"Distal enterocytes: 75.5;Gastric mucus-secreting cells: 57.8;Paneth cells: 45.3;Proximal enterocytes: 113.7;Suprabasal keratinocytes: 40.9"	"Cell type enriched"	"Detected in some"	4	"astrocyte: 28.7"	"Cancer enhanced"	"Detected in many"		"Liver Hepatocellular Carcinoma (TCGA): 16.5"	"Low region specificity"	"Detected in many"			"Group enriched"	"Detected in some"	54	"basophil: 6.2;eosinophil: 14.9"	"Lineage enriched"	"Detected in single"	88	"granulocytes: 14.9"	"Cancer enhanced"	"Detected in many"		"colorectal cancer: 5.0;Gastric cancer: 5.6"	"Kidney - Proximal tubular cells, Liver - Hepatocytes, Minor Salivary Gland - Minor salivary gland basal cells, Prostate - Urothelial cells, Thyroid gland - Fibroblasts"									HPA058960	Approved						NA	NA			"Cluster 41: Basophils - Unknown function"	"Cluster 37: Liver & Intestine - Lipid metabolism"	"Cluster 46: Brainstem - Mixed function"	"Cluster 57: Stomach & Colon cancer - Digestion"	"Cluster 22: Proximal enterocytes - Digestion"	2			"HPA058960: AB_2683862"	"unprognostic (1.06e-2)"	"unprognostic (1.01e-3)"	"potential prognostic favorable (7.40e-4)"	"potential prognostic favorable (1.50e-4)"	"unprognostic (1.62e-1)"	"unprognostic (6.21e-2)"		"unprognostic (9.02e-2)"	"unprognostic (7.32e-3)"			"unprognostic (6.31e-2)"	"unprognostic (4.64e-2)"	"unprognostic (5.77e-3)"	"unprognostic (1.40e-1)"	"unprognostic (6.04e-2)"		"unprognostic (4.17e-2)"			"unprognostic (1.56e-1)"	"unprognostic (3.84e-2)"	"unprognostic (1.68e-1)"	"unprognostic (1.74e-1)"	"unprognostic (3.20e-1)"	"unprognostic (2.11e-1)"		"unprognostic (1.40e-1)"			
CYP7B1	SPG5A	ENSG00000172817	"Cytochrome P450 family 7 subfamily B member 1"	O75881	8	64587763-64798737	"Disease related genes, Enzymes, Human disease related genes, Metabolic proteins, Potential drug targets, Predicted membrane proteins"	"Cholesterol metabolism, Lipid biosynthesis, Lipid metabolism, Steroid biosynthesis, Steroid metabolism, Sterol metabolism"	"Monooxygenase, Oxidoreductase"	"Disease variant, Hereditary spastic paraplegia, Intrahepatic cholestasis, Neurodegeneration"	"Evidence at protein level"	"Evidence at protein level"	"Evidence at protein level"	"Evidence at protein level"	"Tissue enhanced"	"Detected in many"		"liver: 20.8"	"Cell type enhanced"	"Detected in many"		"Astrocytes: 88.9;Oligodendrocyte precursor cells: 88.7;Oligodendrocytes: 111.0"	"Low cell type specificity"	"Detected in all"			"Low cancer specificity"	"Detected in many"			"Low region specificity"	"Detected in all"			"Group enriched"	"Detected in some"	12	"basophil: 2.5;eosinophil: 1.5"	"Lineage enriched"	"Detected in single"	25	"granulocytes: 2.5"	"Cancer enhanced"	"Detected in some"		"skin cancer: 2.7"	"Liver - Hepatocytes, Spleen - Fibroblast_1"	"Low region specificity"	"Detected in all"			"Low region specificity"	"Detected in all"			HPA017761	Uncertain						NA	NA			"Cluster 46: Basophils - Proteolysis"	"Cluster 1: Liver & Kidney - Metabolism"	"Cluster 28: Oligodendrocytes - Mixed function"	"Cluster 69: Skin cancer - ECM organization"	"Cluster 53: Fibroblasts - ECM organization"	1			"HPA017761: AB_1847455"	"unprognostic (8.62e-3)"	"unprognostic (7.02e-3)"	"unprognostic (5.36e-2)"	"unprognostic (5.92e-2)"	"unprognostic (1.35e-1)"	"unprognostic (3.30e-1)"	"unprognostic (3.40e-2)"	"unprognostic (3.06e-2)"	"unprognostic (2.54e-2)"	"unprognostic (3.09e-2)"	"potential prognostic favorable (6.39e-6)"	"unprognostic (1.28e-1)"	"unprognostic (1.11e-2)"	"unprognostic (5.74e-2)"	"unprognostic (1.13e-2)"	"unprognostic (1.81e-1)"	"unprognostic (1.03e-1)"	"unprognostic (3.04e-2)"	"unprognostic (1.32e-2)"	"unprognostic (9.39e-2)"		"unprognostic (4.26e-1)"	"unprognostic (2.83e-1)"	"unprognostic (5.68e-2)"	"unprognostic (1.72e-1)"	"unprognostic (1.33e-3)"	"unprognostic (1.71e-3)"	"unprognostic (4.30e-3)"	"unprognostic (1.65e-1)"	"unprognostic (1.79e-2)"	
DACH1	DACH	ENSG00000276644	"Dachshund family transcription factor 1"	Q9UI36	13	71437966-71867204	"Predicted intracellular proteins"	"Transcription, Transcription regulation"	"Activator, Developmental protein, DNA-binding, Repressor"		"Evidence at protein level"	"Evidence at protein level"	"Evidence at protein level"	"Evidence at protein level"	"Tissue enhanced"	"Detected in many"		"retina: 20.2"	"Cell type enhanced"	"Detected in many"		"Early spermatids: 86.2;Excitatory neurons: 74.1;Late spermatids: 99.2;Microglial cells: 136.9;Muller glia cells: 122.1"	"Cell type enhanced"	"Detected in all"		"endothelial cell: 827.9;medium spiny neuron: 810.4;pericyte: 1190.8"	"Cancer enhanced"	"Detected in many"		"Rectum Adenocarcinoma (TCGA): 15.5"	"Low region specificity"	"Detected in all"			"Group enriched"	"Detected in some"	13	"basophil: 6.0;eosinophil: 11.3;NK-cell: 5.7;plasmacytoid DC: 9.3"	"Group enriched"	"Detected in many"	29	"dendritic cells: 9.3;granulocytes: 11.3;NK-cells: 5.7"	"Cancer enhanced"	"Detected in many"		"colorectal cancer: 10.4"	"Adipose subcutaneous - Endothelial cells, Adipose visceral - Endothelial cells, Adrenal gland - Adrenal cortex cells, Liver - Hepatic stellate cells, Pituitary gland - Thyrotropes, Skin - Outer root sheath cells, Spleen - Endothelial cells, Testis - Early spermatids"	"Region enriched"	"Detected in all"	5	"basal ganglia: 38.8"	"Region enriched"	"Detected in all"	6	"basal ganglia: 45.2"	"HPA012672, HPA012938, HPA073222"	Approved		Supported	"Nucleoplasm,Nuclear speckles"			NA	NA			"Cluster 10: Non-specific - Membrane trafficking"	"Cluster 39: Retina & Testis - Cilium"	"Cluster 32: Cerebral cortex - Mixed function"	"Cluster 40: Non-specific - Unknown function"	"Cluster 34: Neurons - Neuronal signaling"	10	"Nucleoplasm, Nuclear speckles"		"HPA012672: AB_1847466, HPA012938: , HPA073222: "	"unprognostic (1.31e-1)"	"unprognostic (2.38e-1)"	"unprognostic (4.50e-2)"	"unprognostic (8.11e-2)"	"unprognostic (2.45e-1)"	"unprognostic (4.54e-2)"	"unprognostic (2.61e-2)"			"unprognostic (1.26e-1)"	"validated prognostic favorable (2.89e-4)"	"validated prognostic favorable (6.01e-4)"	"unprognostic (9.68e-2)"			"unprognostic (1.27e-2)"	"unprognostic (1.96e-1)"	"unprognostic (2.19e-1)"	"unprognostic (2.11e-2)"	"unprognostic (1.06e-1)"		"potential prognostic favorable (4.13e-4)"		"unprognostic (3.40e-1)"	"unprognostic (2.22e-1)"	"unprognostic (2.87e-3)"		"unprognostic (1.02e-1)"	"unprognostic (1.22e-1)"		"unprognostic (3.46e-3)"
DAPK2	"DRP-1, MGC119312"	ENSG00000035664	"Death associated protein kinase 2"	Q9UIK4	15	63907036-64072033	"Enzymes, Predicted intracellular proteins, Predicted membrane proteins"	Apoptosis	"Calmodulin-binding, Kinase, Serine/threonine-protein kinase, Transferase"		"Evidence at protein level"	"Evidence at protein level"	"Evidence at protein level"	"Evidence at protein level"	"Tissue enhanced"	"Detected in many"		"skeletal muscle: 48.4;thyroid gland: 40.7"	"Cell type enhanced"	"Detected in many"		"Alveolar cells type 1: 91.4;Late spermatids: 111.3;Oligodendrocytes: 92.9;Proximal enterocytes: 53.4"	"Cell type enhanced"	"Detected in many"		"fibroblast: 68.0;oligodendrocyte: 179.9"	"Cancer enriched"	"Detected in all"	14	"Thyroid Carcinoma (TCGA): 153.6"	"Low region specificity"	"Detected in all"			"Group enriched"	"Detected in many"	15	"basophil: 64.8;eosinophil: 138.6;neutrophil: 39.2"	"Lineage enriched"	"Detected in many"	26	"granulocytes: 138.6"	"Low cancer specificity"	"Detected in many"			"Lung - Alveolar cells type 1"	"Low region specificity"	"Detected in many"			"Low region specificity"	"Detected in all"			HPA071581			Supported	"Golgi apparatus,Vesicles"			NA	NA			"Cluster 36: Eosinophils - Protein ubiquitination"	"Cluster 19: Non-specific - Basic cellular processes"	"Cluster 11: White matter - Signal transduction"	"Cluster 57: Stomach & Colon cancer - Digestion"	"Cluster 63: Late spermatids - Spermatogenesis"	1	"Golgi apparatus, Vesicles"		"HPA071581: AB_2686421"	"unprognostic (6.78e-2)"	"unprognostic (1.55e-1)"	"unprognostic (5.16e-2)"	"unprognostic (3.07e-2)"	"unprognostic (5.00e-2)"	"unprognostic (2.83e-1)"	"unprognostic (4.20e-3)"	"unprognostic (1.76e-2)"	"unprognostic (8.97e-3)"	"unprognostic (9.46e-2)"	"unprognostic (7.74e-3)"	"unprognostic (3.39e-1)"	"unprognostic (3.70e-3)"	"unprognostic (3.87e-1)"	"unprognostic (1.50e-2)"	"potential prognostic favorable (1.03e-6)"	"unprognostic (4.16e-1)"	"unprognostic (4.02e-1)"	"unprognostic (1.80e-1)"	"unprognostic (1.65e-1)"	"unprognostic (1.52e-1)"	"unprognostic (1.21e-1)"	"unprognostic (3.26e-1)"	"unprognostic (1.51e-1)"	"unprognostic (2.69e-2)"	"unprognostic (5.16e-2)"	"unprognostic (3.72e-1)"	"unprognostic (8.45e-2)"	"unprognostic (1.74e-1)"	"unprognostic (1.43e-2)"	"unprognostic (3.64e-3)"
DEGS2	"C14orf66, DES2, FADS8"	ENSG00000168350	"Delta 4-desaturase, sphingolipid 2"	Q6QHC5	14	100143957-100159645	"Enzymes, Metabolic proteins, Predicted intracellular proteins, Predicted membrane proteins"	"Lipid biosynthesis, Lipid metabolism"	Oxidoreductase		"Evidence at protein level"	"Evidence at transcript level"	"Evidence at protein level"	"Evidence at protein level"	"Tissue enhanced"	"Detected in many"		"esophagus: 36.0;intestine: 33.8;skin 1: 52.4"	"Cell type enhanced"	"Detected in many"		"Oocytes: 95.6;Proximal enterocytes: 315.6;Squamous epithelial cells: 104.6;Suprabasal keratinocytes: 137.1"	"Cell type enhanced"	"Detected in many"		"endothelial cell: 78.0"	"Cancer enhanced"	"Detected in all"		"Breast Invasive Carcinoma (TCGA): 70.9"	"Low region specificity"	"Detected in all"			"Group enriched"	"Detected in many"	4	"basophil: 3.5;eosinophil: 6.7;memory B-cell: 10.9;naive B-cell: 6.9"	"Group enriched"	"Detected in many"	5	"B-cells: 10.9;granulocytes: 6.7"	"Cancer enhanced"	"Detected in many"		"breast cancer: 20.5;colorectal cancer: 11.3;Gastric cancer: 11.7"	"Breast - Breast glandular cells, Lung - Respiratory ciliated cells, Pituitary gland - Corticotropes, Prostate - Urothelial cells, Spleen - B-cells (Spleen)"	"Low region specificity"	"Detected in all"			"Low region specificity"	"Detected in all"			HPA046644			Approved	Nucleoplasm,Nucleoli			NA	NA			"Cluster 22: Eosinophils - Transcription"	"Cluster 45: Intestine - Digestion"	"Cluster 15: Non-specific - Transcription"	"Cluster 27: Breast cancer - Unknown function"	"Cluster 22: Proximal enterocytes - Digestion"		"Nucleoplasm, Nucleoli"		"HPA046644: AB_2797231"	"unprognostic (5.30e-2)"	"unprognostic (8.91e-2)"	"unprognostic (5.22e-2)"	"unprognostic (3.28e-3)"	"unprognostic (8.48e-2)"	"unprognostic (3.11e-2)"	"unprognostic (2.10e-1)"		"unprognostic (1.25e-1)"	"unprognostic (8.17e-2)"	"validated prognostic favorable (3.22e-6)"	"validated prognostic favorable (8.06e-4)"	"unprognostic (1.03e-1)"	"unprognostic (1.99e-1)"	"unprognostic (1.89e-2)"	"unprognostic (2.82e-2)"	"unprognostic (2.57e-3)"	"unprognostic (1.21e-1)"	"unprognostic (3.46e-1)"	"unprognostic (7.78e-2)"	"unprognostic (1.73e-2)"	"unprognostic (2.48e-1)"	"unprognostic (3.16e-3)"	"unprognostic (8.82e-2)"	"unprognostic (2.52e-1)"	"unprognostic (1.80e-3)"	"unprognostic (7.27e-2)"	"potential prognostic favorable (9.92e-4)"	"unprognostic (1.87e-1)"	"unprognostic (5.12e-2)"	"unprognostic (3.64e-1)"
DHRS9	"3alpha-HSD, RDH15, RDHL, RETSDR8, SDR9C4"	ENSG00000073737	"Dehydrogenase/reductase 9"	Q9BPW9	2	169064789-169096167	"Enzymes, Metabolic proteins, Predicted intracellular proteins, Predicted membrane proteins"	"Lipid metabolism, Steroid metabolism"	Oxidoreductase		"Evidence at protein level"	"Evidence at protein level"	"Evidence at protein level"	"Evidence at protein level"	"Tissue enhanced"	"Detected in many"		"heart muscle: 52.1;intestine: 68.1"	"Cell type enhanced"	"Detected in many"		"Club cells: 153.0;Distal enterocytes: 194.3;Early spermatids: 184.0;Ionocytes: 253.3;Syncytiotrophoblasts: 443.7"	"Cell type enriched"	"Detected in some"	49	"central nervous system macrophage: 119.0"	"Cancer enhanced"	"Detected in many"		"Pancreatic Adenocarcinoma (TCGA): 61.7"	"Low region specificity"	"Detected in many"			"Group enriched"	"Detected in many"	6	"basophil: 259.3;eosinophil: 99.5;neutrophil: 77.6"	"Lineage enriched"	"Detected in many"	10	"granulocytes: 259.3"	"Cancer enhanced"	"Detected in many"		"Gallbladder cancer: 144.7;pancreatic cancer: 82.9"	"Skin - Sebaceous gland cells, Spleen - Neutrophils, Testis - Early spermatids, Testis - Late spermatids"	"Not detected"	"Not detected"			"Low region specificity"	"Detected in many"			"HPA036491, HPA036667"	Approved						NA	NA			"Cluster 46: Basophils - Proteolysis"	"Cluster 45: Intestine - Digestion"	"Cluster 20: Macrophages & Microglia - Immune response"	"Cluster 53: Squamous epithelial cells - Keratinization"	"Cluster 35: Respiratory epithelial cells - Unknown function"				"HPA036491: AB_10673498, HPA036667: AB_10670237"	"unprognostic (8.22e-3)"	"unprognostic (1.61e-1)"	"unprognostic (3.00e-2)"	"unprognostic (1.90e-3)"	"unprognostic (2.12e-1)"	"unprognostic (3.95e-2)"	"unprognostic (6.57e-2)"	"unprognostic (4.69e-3)"	"unprognostic (3.56e-1)"		"unprognostic (5.24e-3)"	"unprognostic (4.56e-1)"	"unprognostic (8.29e-2)"	"unprognostic (1.55e-1)"	"unprognostic (1.63e-1)"	"unprognostic (1.31e-1)"	"unprognostic (2.32e-2)"	"unprognostic (4.32e-2)"	"unprognostic (2.11e-1)"	"potential prognostic unfavorable (9.63e-4)"	"unprognostic (3.06e-2)"	"potential prognostic unfavorable (1.05e-4)"	"unprognostic (1.00e-2)"	"unprognostic (1.48e-1)"	"unprognostic (8.06e-2)"	"unprognostic (6.24e-2)"	"unprognostic (2.18e-1)"	"unprognostic (3.70e-2)"	"unprognostic (1.06e-2)"	"unprognostic (5.32e-2)"	"unprognostic (8.51e-2)"
DLC1	"ARHGAP7, DLC-1, HP, p122-RhoGAP, STARD12"	ENSG00000164741	"DLC1 Rho GTPase activating protein"	Q96QB1	8	13083361-13604610	"Cancer-related genes, Plasma proteins, Predicted intracellular proteins"		"GTPase activation"	"Cancer-related genes, Tumor suppressor"	"Evidence at protein level"	"Evidence at protein level"	"Evidence at protein level"	"Evidence at protein level"	"Low tissue specificity"	"Detected in all"			"Cell type enhanced"	"Detected in many"		"Alveolar cells type 2: 194.5;Excitatory neurons: 200.9;Microglial cells: 303.3;Oligodendrocyte precursor cells: 229.2;Oligodendrocytes: 658.3"	"Group enriched"	"Detected in all"	4	"pericyte: 9442.6;vascular associated smooth muscle cell: 3776.2"	"Low cancer specificity"	"Detected in all"			"Low region specificity"	"Detected in all"			"Group enriched"	"Detected in some"	9	"basophil: 4.3;non-classical monocyte: 1.1"	"Group enriched"	"Detected in many"	19	"granulocytes: 4.3;monocytes: 1.1"	"Low cancer specificity"	"Detected in many"			"Breast - Endothelial cells, Minor Salivary Gland - Endothelial cells, Prostate - Endothelial cells, Spleen - Endothelial cells"	"Low region specificity"	"Detected in all"			"Low region specificity"	"Detected in all"			"HPA017753, HPA061655, CAB080186"	Uncertain		Supported	"Endoplasmic reticulum,Vesicles,Cytosol"			NA	NA			"Cluster 37: Monocytes & Neutrophils - Innate immune response"	"Cluster 7: Adipose tissue - Mixed function"	"Cluster 11: White matter - Signal transduction"	"Cluster 72: Neuronal - Signal transduction"	"Cluster 51: Oligodendrocytes - Unknown function"	5	Cytosol	"Endoplasmic reticulum, Vesicles"	"CAB080186: , HPA017753: AB_10600805, HPA061655: "	"unprognostic (1.13e-2)"	"unprognostic (1.59e-1)"	"unprognostic (1.14e-1)"	"unprognostic (2.78e-1)"	"unprognostic (4.39e-2)"	"unprognostic (1.71e-3)"	"unprognostic (6.17e-2)"	"potential prognostic unfavorable (1.26e-5)"	"unprognostic (1.49e-1)"	"unprognostic (2.82e-1)"	"potential prognostic favorable (9.34e-5)"	"unprognostic (4.63e-3)"	"unprognostic (2.34e-1)"	"unprognostic (2.64e-2)"	"unprognostic (3.03e-2)"	"unprognostic (4.30e-3)"	"unprognostic (9.01e-2)"	"unprognostic (3.85e-3)"	"unprognostic (2.62e-1)"	"unprognostic (2.23e-2)"	"unprognostic (6.58e-3)"	"unprognostic (7.78e-3)"	"unprognostic (6.05e-2)"	"unprognostic (9.45e-2)"	"unprognostic (2.90e-1)"	"unprognostic (2.38e-2)"	"unprognostic (7.23e-2)"	"unprognostic (1.03e-3)"	"unprognostic (1.40e-2)"	"unprognostic (1.90e-1)"	"unprognostic (6.20e-2)"
DPEP2		ENSG00000167261	"Dipeptidase 2"	Q9H4A9	16	67987394-68000586	"Enzymes, Metabolic proteins, Plasma proteins, Predicted intracellular proteins, Predicted membrane proteins"	"Lipid metabolism"	"Dipeptidase, Hydrolase, Metalloprotease, Protease"		"Evidence at protein level"	"Evidence at transcript level"	"Evidence at protein level"	"Evidence at protein level"	"Tissue enhanced"	"Detected in many"		"bone marrow: 23.0;lymphoid tissue: 27.9"	"Cell type enhanced"	"Detected in many"		"Hofbauer cells: 43.1;Kupffer cells: 44.9;Langerhans cells: 27.3;Macrophages: 27.9;monocytes: 71.8;Syncytiotrophoblasts: 67.2"	"Group enriched"	"Detected in some"	8	"central nervous system macrophage: 38.2;endothelial cell: 32.1;leukocyte: 37.5"	"Low cancer specificity"	"Detected in all"			"Low region specificity"	"Detected in all"			"Group enriched"	"Detected in all"	4	"basophil: 411.4;eosinophil: 844.3;neutrophil: 361.3"	"Lineage enriched"	"Detected in all"	7	"granulocytes: 844.3"	"Cancer enriched"	"Detected in some"	5	"Leukemia: 6.0"	"Spleen - Neutrophils"	"Not detected"	"Not detected"			"Region enhanced"	"Detected in many"		"midbrain: 16.6"	HPA035644	Approved						NA	NA		200000000	"Cluster 36: Eosinophils - Protein ubiquitination"	"Cluster 70: Lymphoid tissue - Immune response"	"Cluster 20: Macrophages & Microglia - Immune response"	"Cluster 14: Myeloid leukemia - Innate immune response"	"Cluster 58: Macrophages - Innate immune response"				"HPA035644: AB_10670164"	"unprognostic (3.12e-2)"	"unprognostic (3.05e-1)"	"unprognostic (5.79e-2)"	"potential prognostic favorable (1.51e-5)"	"unprognostic (1.10e-1)"	"unprognostic (6.23e-2)"	"unprognostic (8.54e-2)"	"unprognostic (7.18e-2)"	"unprognostic (4.59e-2)"	"unprognostic (3.11e-1)"	"unprognostic (4.26e-3)"	"unprognostic (1.69e-2)"	"potential prognostic favorable (2.51e-4)"	"unprognostic (1.87e-1)"	"unprognostic (4.33e-2)"	"potential prognostic favorable (3.35e-4)"	"unprognostic (9.35e-2)"	"unprognostic (8.10e-2)"	"unprognostic (6.43e-2)"	"unprognostic (1.66e-1)"	"unprognostic (9.04e-2)"	"unprognostic (1.88e-2)"	"unprognostic (2.18e-1)"	"unprognostic (8.41e-2)"	"unprognostic (1.01e-1)"	"unprognostic (3.52e-2)"	"unprognostic (7.97e-2)"	"unprognostic (3.30e-2)"	"unprognostic (1.97e-3)"	"unprognostic (4.51e-2)"	"unprognostic (1.32e-1)"
EFHC2	"FLJ22843, MRX74"	ENSG00000183690	"EF-hand domain containing 2"	Q5JST6	X	44147872-44343672	"Predicted intracellular proteins"				"Evidence at protein level"	"Evidence at transcript level"	"Evidence at protein level"	"Evidence at protein level"	"Tissue enhanced"	"Detected in many"		"choroid plexus: 27.1;fallopian tube: 14.2"	"Cell type enhanced"	"Detected in many"		"Astrocytes: 30.3;Ciliated cells: 64.3;Early spermatids: 92.6;Late spermatids: 23.4;Oocytes: 51.5"	"Group enriched"	"Detected in many"	5	"choroid plexus epithelial cell: 323.0;ependymal cell: 415.5"	"Low cancer specificity"	"Detected in many"			"Region enhanced"	"Detected in all"		"choroid plexus: 36.5"	"Group enriched"	"Detected in some"	7	"basophil: 16.3;NK-cell: 5.8"	"Group enriched"	"Detected in many"	7	"granulocytes: 16.3;NK-cells: 5.8"	"Cancer enhanced"	"Detected in some"		"Bile duct cancer: 1.2;Leukemia: 1.6"	"Adipose subcutaneous - Smooth muscle cells, Heart muscle - Cardiomyocytes, Lung - Respiratory ciliated cells, Testis - Early spermatids, Testis - Late spermatids"	"Low region specificity"	"Detected in all"			"Low region specificity"	"Detected in all"			HPA034492	Approved	Supported					NA	NA			"Cluster 5: Non-specific - Cell proliferation"	"Cluster 8: Ciliated cells - Cilium organization"	"Cluster 3: Choroid plexus - Cilium"	"Cluster 14: Myeloid leukemia - Innate immune response"	"Cluster 42: Ciliated cells - Cilium assembly"	85			"HPA034492: AB_10671227"		"unprognostic (7.49e-2)"	"unprognostic (1.14e-1)"	"unprognostic (2.10e-2)"			"unprognostic (6.01e-3)"	"potential prognostic unfavorable (4.40e-4)"			"unprognostic (2.03e-3)"	"potential prognostic favorable (2.64e-4)"	"potential prognostic favorable (6.77e-4)"			"unprognostic (4.78e-3)"	"unprognostic (4.02e-1)"		"unprognostic (5.52e-2)"	"unprognostic (6.38e-3)"	"unprognostic (6.17e-2)"		"unprognostic (5.56e-2)"							"unprognostic (2.85e-3)"	"unprognostic (1.26e-1)"
ELOVL7	FLJ23563	ENSG00000164181	"ELOVL fatty acid elongase 7"	A1L3X0	5	60751791-60844274	"Enzymes, Metabolic proteins, Predicted membrane proteins"	"Fatty acid biosynthesis, Fatty acid metabolism, Lipid biosynthesis, Lipid metabolism"	Transferase		"Evidence at protein level"	"Evidence at protein level"	"Evidence at protein level"	"Evidence at protein level"	"Low tissue specificity"	"Detected in many"			"Group enriched"	"Detected in many"	4	"Microglial cells: 181.6;Oligodendrocytes: 84.5"	"Cell type enriched"	"Detected in all"	5	"endothelial cell: 1911.7"	"Cancer enhanced"	"Detected in all"		"Kidney Chromophobe (TCGA): 51.4"	"Low region specificity"	"Detected in all"			"Group enriched"	"Detected in some"	5	"basophil: 1.9;neutrophil: 1.3"	"Lineage enriched"	"Detected in single"	17	"granulocytes: 1.9"	"Low cancer specificity"	"Detected in many"			"Liver - Cholangiocyte, Skeletal muscle - Endothelial cells, Skin - Keratinocyte (granular)"	"Low region specificity"	"Detected in all"			"Low region specificity"	"Detected in all"			HPA036337	Approved						NA	NA			"Cluster 35: Neutrophils - Protein binding"	"Cluster 9: Oligodendrocytes - Myelination"	"Cluster 47: Endothelial cells - Vasculature"	"Cluster 15: Kidney cancer - Membrane components"	"Cluster 51: Oligodendrocytes - Unknown function"	11			"HPA036337: AB_10670797"	"unprognostic (3.16e-2)"	"unprognostic (6.80e-2)"	"unprognostic (7.38e-2)"	"unprognostic (2.00e-1)"	"unprognostic (6.16e-2)"	"unprognostic (2.31e-2)"	"unprognostic (2.08e-1)"	"unprognostic (2.34e-2)"	"unprognostic (2.96e-1)"	"unprognostic (1.11e-2)"	"potential prognostic favorable (1.36e-9)"	"unprognostic (4.08e-3)"	"unprognostic (3.08e-2)"	"unprognostic (1.15e-2)"	"unprognostic (1.86e-2)"	"unprognostic (1.63e-2)"	"unprognostic (1.86e-2)"	"unprognostic (2.15e-1)"	"unprognostic (4.81e-2)"	"unprognostic (5.75e-2)"	"unprognostic (3.72e-1)"	"unprognostic (1.25e-1)"	"unprognostic (3.80e-2)"	"unprognostic (1.79e-1)"	"unprognostic (2.48e-2)"	"unprognostic (1.46e-2)"	"unprognostic (5.00e-1)"	"unprognostic (5.61e-2)"	"unprognostic (5.58e-2)"	"unprognostic (1.74e-1)"	"potential prognostic unfavorable (8.13e-4)"
ENSG00000282988		ENSG00000282988	"Novel protein"		6	26195595-26199293	"Predicted intracellular proteins"				"Evidence at transcript level"	"Evidence at transcript level"			"Tissue enhanced"	"Detected in some"		"esophagus: 3.3"	"Cell type enhanced"	"Detected in many"		"Distal enterocytes: 35.3;Paneth cells: 25.1;Prostatic glandular cells: 31.1;Proximal enterocytes: 29.7;Sertoli cells: 24.5"					"Low cancer specificity"	"Detected in many"			"Low region specificity"	"Detected in all"			"Group enriched"	"Detected in many"	5	"basophil: 17.0;neutrophil: 30.6"	"Lineage enriched"	"Detected in many"	6	"granulocytes: 30.6"	"Low cancer specificity"	"Detected in many"												HPA041189	Uncertain		Approved	Nucleoplasm			NA	Yes			"Cluster 35: Neutrophils - Protein binding"	"Cluster 27: Squamous epithelium - Keratinization"	"Cluster 55: Non-specific - Transcription"	"Cluster 41: Non-specific - Nucleosome assembly"	"Cluster 61: Plasma cells - Immunoglobulins & histones"		Nucleoplasm		"HPA041189: AB_2677357"	"unprognostic (5.28e-3)"	"unprognostic (3.44e-2)"		"potential prognostic favorable (5.77e-4)"		"unprognostic (1.23e-1)"			"unprognostic (1.17e-1)"					"unprognostic (3.29e-2)"		"unprognostic (1.08e-2)"		"unprognostic (2.00e-1)"		"unprognostic (1.42e-1)"				"unprognostic (5.38e-2)"		"unprognostic (7.38e-2)"	"unprognostic (2.42e-1)"	"unprognostic (6.97e-2)"	"unprognostic (4.54e-1)"		"unprognostic (8.01e-2)"
ENSG00000285133		ENSG00000285133	"Novel protein"	P0DPQ6	12	57517712-57520480	"Predicted intracellular proteins"				"Evidence at protein level"	"Evidence at transcript level"	"Evidence at protein level"	"Evidence at protein level"	"Tissue enhanced"	"Detected in some"		"intestine: 4.4;skeletal muscle: 17.7;stomach 1: 4.5"	"Not detected"	"Not detected"							"Cancer enhanced"	"Detected in some"		"Kidney Renal Papillary Cell Carcinoma (TCGA): 5.2;Stomach Adenocarcinoma (TCGA): 11.2"	"Low region specificity"	"Detected in many"			"Group enriched"	"Detected in some"	13	"basophil: 9.6;neutrophil: 21.5"	"Lineage enriched"	"Detected in many"	19	"granulocytes: 21.5"	"Cancer enhanced"	"Detected in many"		"Gastric cancer: 4.7"																	NA	NA			"Cluster 35: Neutrophils - Protein binding"		"Cluster 5: Non-specific - Mixed function"	"Cluster 61: BICR 18 - Protein kinases"											"unprognostic (1.37e-1)"																				"unprognostic (3.78e-1)"		"unprognostic (1.54e-2)"			
ENTPD5	"CD39L4, NTPDase-5, PCPH"	ENSG00000187097	"Ectonucleoside triphosphate diphosphohydrolase 5 (inactive)"	O75356	14	73958010-74019399	"Enzymes, Metabolic proteins, Plasma proteins, Predicted intracellular proteins, Predicted secreted proteins"		Hydrolase	Proto-oncogene	"Evidence at protein level"	"Evidence at protein level"	"Evidence at protein level"	"Evidence at protein level"	"Tissue enhanced"	"Detected in all"		"intestine: 103.8;kidney: 91.8;liver: 255.6"	"Cell type enhanced"	"Detected in many"		"Distal enterocytes: 190.4;Hepatocytes: 115.5;Intestinal goblet cells: 86.4;Prostatic glandular cells: 78.6;Proximal enterocytes: 79.9"	"Low cell type specificity"	"Detected in all"			"Group enriched"	"Detected in all"	4	"Liver Hepatocellular Carcinoma (TCGA): 58.9;Prostate Adenocarcinoma (TCGA): 150.0"	"Low region specificity"	"Detected in all"			"Group enriched"	"Detected in many"	5	"basophil: 18.4;eosinophil: 9.4"	"Lineage enriched"	"Detected in many"	7	"granulocytes: 18.4"	"Low cancer specificity"	"Detected in all"			"Adrenal gland - Adrenal cortex cells, Breast - Breast glandular cells, Kidney - Proximal tubular cells, Liver - Hepatocytes, Testis - Spermatocytes"	"Low region specificity"	"Detected in all"			"Low region specificity"	"Detected in all"			HPA002927	Enhanced				"Secreted to blood"	Enzyme	NA	NA		5800000	"Cluster 46: Basophils - Proteolysis"	"Cluster 37: Liver & Intestine - Lipid metabolism"	"Cluster 30: White matter - Myelination"	"Cluster 18: Liver cancer - Metabolism"	"Cluster 5: Enterocytes - Absorption"	3			"HPA002927: AB_1078744"	"unprognostic (4.41e-1)"	"unprognostic (2.69e-1)"	"unprognostic (4.49e-2)"	"unprognostic (5.05e-3)"	"unprognostic (3.55e-2)"	"unprognostic (1.02e-2)"	"unprognostic (3.28e-1)"	"unprognostic (2.12e-3)"	"unprognostic (1.25e-2)"	"unprognostic (1.21e-3)"	"potential prognostic favorable (9.70e-7)"	"unprognostic (8.50e-3)"	"unprognostic (1.19e-2)"	"unprognostic (4.67e-2)"	"unprognostic (5.55e-2)"	"unprognostic (5.43e-2)"	"unprognostic (1.18e-1)"	"unprognostic (2.05e-2)"	"unprognostic (3.19e-1)"	"unprognostic (2.17e-1)"	"unprognostic (8.97e-2)"	"unprognostic (6.59e-2)"	"unprognostic (1.07e-1)"	"unprognostic (4.61e-2)"	"unprognostic (3.58e-2)"	"unprognostic (2.11e-3)"	"unprognostic (8.32e-2)"	"unprognostic (6.42e-2)"	"unprognostic (2.10e-2)"	"unprognostic (2.38e-1)"	"unprognostic (4.47e-1)"
EPAS1	"bHLHe73, HIF2A, HLF, MOP2, PASD2"	ENSG00000116016	"Endothelial PAS domain protein 1"	Q99814	2	46293667-46386697	"Cancer-related genes, Disease related genes, FDA approved drug targets, Human disease related genes, Plasma proteins, Predicted intracellular proteins, Transcription factors"	"Angiogenesis, Differentiation, Host-virus interaction, Transcription, Transcription regulation"	"Activator, Developmental protein, DNA-binding"	"Cancer-related genes, Congenital erythrocytosis, Disease variant, FDA approved drug targets"	"Evidence at protein level"	"Evidence at protein level"	"Evidence at protein level"	"Evidence at protein level"	"Tissue enhanced"	"Detected in all"		"lung: 399.3;placenta: 430.9"	"Cell type enhanced"	"Detected in all"		"Adipocytes: 795.3;Endothelial cells: 626.4;Extravillous trophoblasts: 336.1;Syncytiotrophoblasts: 365.0"	"Group enriched"	"Detected in all"	4	"endothelial cell: 1673.4;pericyte: 727.1;vascular associated smooth muscle cell: 610.1"	"Cancer enhanced"	"Detected in all"		"Kidney Renal Clear Cell Carcinoma (TCGA): 231.0"	"Low region specificity"	"Detected in all"			"Group enriched"	"Detected in some"	18	"basophil: 20.7;eosinophil: 8.4"	"Lineage enriched"	"Detected in single"	26	"granulocytes: 20.7"	"Low cancer specificity"	"Detected in all"			"Adipose visceral - Endothelial cells, Breast - Endothelial cells, Colon - Endothelial cells, Pituitary gland - Endothelial cells, Prostate - Endothelial cells, Skeletal muscle - Endothelial cells, Skin - Endothelial cells, Stomach - Endothelial cells"	"Low region specificity"	"Detected in all"			"Low region specificity"	"Detected in all"			"HPA031200, HPA069697"			Supported	"Nucleoplasm,Actin filaments,Cytokinetic bridge,Cytosol"			Yes	NA			"Cluster 46: Basophils - Proteolysis"	"Cluster 7: Adipose tissue - Mixed function"	"Cluster 42: Choroid plexus - Mitochondria"	"Cluster 53: Squamous epithelial cells - Keratinization"	"Cluster 41: Adipocytes & Endothelial cells - Mixed function"	41	Nucleoplasm	"Actin filaments, Cytokinetic bridge, Cytosol"	"HPA031200: AB_2673785, HPA069697: AB_2732139"	"unprognostic (1.14e-1)"	"unprognostic (1.51e-1)"	"unprognostic (1.55e-2)"	"unprognostic (1.03e-2)"	"unprognostic (1.42e-1)"	"unprognostic (2.07e-2)"	"unprognostic (9.03e-2)"	"potential prognostic unfavorable (3.95e-4)"	"unprognostic (9.01e-2)"	"unprognostic (1.67e-1)"	"validated prognostic favorable (5.01e-10)"	"validated prognostic favorable (1.32e-4)"	"unprognostic (7.43e-2)"	"unprognostic (1.03e-1)"	"unprognostic (3.50e-2)"	"unprognostic (5.04e-2)"	"unprognostic (7.29e-2)"	"unprognostic (1.65e-1)"	"unprognostic (3.21e-2)"	"unprognostic (9.83e-2)"	"unprognostic (8.80e-2)"	"unprognostic (6.22e-2)"	"unprognostic (8.41e-2)"	"unprognostic (2.10e-1)"	"unprognostic (5.28e-2)"	"unprognostic (1.40e-1)"	"unprognostic (6.29e-2)"	"unprognostic (1.49e-2)"	"unprognostic (1.12e-1)"	"unprognostic (1.22e-2)"	"unprognostic (1.42e-1)"
EPHA4	"Hek8, TYRO1"	ENSG00000116106	"EPH receptor A4"	P54764	2	221418027-221574202	"Cancer-related genes, Enzymes, Plasma proteins, Predicted intracellular proteins, Predicted membrane proteins"	"Cell adhesion, Neurogenesis"	"Developmental protein, Kinase, Receptor, Transferase, Tyrosine-protein kinase"	"Cancer-related genes"	"Evidence at protein level"	"Evidence at protein level"	"Evidence at protein level"	"Evidence at protein level"	"Tissue enhanced"	"Detected in many"		"brain: 24.3"	"Cell type enriched"	"Detected in many"	4	"Excitatory neurons: 307.6"	"Cell type enhanced"	"Detected in all"		"hippocampal CA4: 1112.5"	"Cancer enhanced"	"Detected in many"		"Thyroid Carcinoma (TCGA): 20.4"	"Low region specificity"	"Detected in all"			"Group enriched"	"Detected in many"	9	"basophil: 1.6;gdT-cell: 1.7;MAIT T-cell: 1.7;memory B-cell: 1.3;memory CD4 T-cell: 2.5;memory CD8 T-cell: 1.7;naive B-cell: 1.2;naive CD4 T-cell: 1.0;NK-cell: 3.5;T-reg: 1.2"	"Low lineage specificity"	"Detected in many"			"Low cancer specificity"	"Detected in many"			"Testis - Sertoli cells"	"Low region specificity"	"Detected in all"			"Low region specificity"	"Detected in all"			CAB028368	Enhanced						NA	NA		14000000	"Cluster 24: Non-specific - Transcription"	"Cluster 74: Spermatids - Flagellum assembly"	"Cluster 23: Choroid plexus - Mixed function"	"Cluster 2: Mucus-secreting cells - Unknown function"	"Cluster 34: Neurons - Neuronal signaling"	30			"CAB028368: AB_2099353"	"unprognostic (3.95e-2)"	"unprognostic (8.84e-2)"	"unprognostic (2.18e-1)"	"unprognostic (1.14e-3)"	"unprognostic (9.93e-2)"	"unprognostic (1.92e-1)"	"unprognostic (7.89e-2)"	"unprognostic (1.09e-2)"	"unprognostic (2.98e-2)"	"unprognostic (5.62e-2)"	"potential prognostic favorable (7.56e-9)"	"unprognostic (1.89e-3)"	"unprognostic (1.28e-1)"		"unprognostic (1.30e-2)"	"unprognostic (1.02e-1)"	"unprognostic (8.94e-3)"	"unprognostic (4.93e-2)"	"unprognostic (5.97e-2)"	"unprognostic (1.01e-3)"	"unprognostic (8.83e-2)"	"unprognostic (6.35e-2)"	"unprognostic (2.22e-1)"	"unprognostic (3.10e-3)"	"unprognostic (1.02e-1)"	"unprognostic (9.04e-2)"	"unprognostic (2.22e-1)"	"unprognostic (2.85e-2)"	"unprognostic (1.76e-1)"	"unprognostic (4.13e-1)"	"unprognostic (5.47e-2)"
EPN2	"EHB21, KIAA1065"	ENSG00000072134	"Epsin 2"	O95208	17	19215615-19336715	"Predicted intracellular proteins"	Endocytosis			"Evidence at protein level"	"Evidence at protein level"	"Evidence at protein level"	"Evidence at protein level"	"Low tissue specificity"	"Detected in all"			"Group enriched"	"Detected in many"	5	"Oligodendrocyte precursor cells: 815.0;Oligodendrocytes: 240.4"	"Cell type enhanced"	"Detected in all"		"oligodendrocyte precursor cell: 1848.7"	"Low cancer specificity"	"Detected in all"			"Low region specificity"	"Detected in all"			"Group enriched"	"Detected in many"	5	"basophil: 13.4;eosinophil: 28.4;neutrophil: 8.6"	"Lineage enriched"	"Detected in many"	8	"granulocytes: 28.4"	"Cancer enhanced"	"Detected in all"		"testis cancer: 117.5"	"Skin - Keratinocyte (other), Spleen - Endothelial cells"	"Low region specificity"	"Detected in all"			"Low region specificity"	"Detected in all"			"HPA049809, HPA053360"	Approved		Supported	Vesicles			NA	NA			"Cluster 22: Eosinophils - Transcription"	"Cluster 34: Non-specific - Mixed function"	"Cluster 11: White matter - Signal transduction"	"Cluster 42: Non-specific - Unknown function"	"Cluster 76: Oligodendrocyte precursor - Unknown function"	17	Vesicles		"HPA049809: AB_2680893, HPA053360: AB_2682126"	"unprognostic (2.77e-1)"	"unprognostic (2.49e-3)"	"unprognostic (4.34e-2)"	"potential prognostic unfavorable (4.76e-4)"	"unprognostic (2.77e-1)"	"potential prognostic unfavorable (1.01e-4)"	"unprognostic (1.16e-1)"	"potential prognostic favorable (8.89e-4)"	"unprognostic (4.58e-3)"	"unprognostic (8.47e-3)"	"potential prognostic favorable (1.48e-4)"	"unprognostic (3.27e-3)"	"unprognostic (8.16e-2)"	"unprognostic (1.84e-3)"	"unprognostic (1.83e-2)"	"unprognostic (1.70e-1)"	"unprognostic (6.82e-2)"	"unprognostic (2.37e-1)"	"unprognostic (5.05e-2)"	"unprognostic (2.64e-2)"	"unprognostic (5.42e-2)"	"unprognostic (2.55e-1)"	"potential prognostic unfavorable (7.39e-4)"	"unprognostic (2.24e-1)"	"unprognostic (2.69e-1)"	"unprognostic (1.18e-1)"	"unprognostic (2.01e-1)"	"unprognostic (2.53e-1)"	"unprognostic (2.55e-1)"	"unprognostic (2.08e-1)"	"unprognostic (1.62e-2)"
EVA1C	"B18, B19, C21orf63, C21orf64, FAM176C, PRED34"	ENSG00000166979	"Eva-1 homolog C"	P58658	21	32412006-32515397	"Predicted intracellular proteins, Predicted membrane proteins"				"Evidence at protein level"	"Evidence at protein level"	"Evidence at transcript level"	"Evidence at protein level"	"Low tissue specificity"	"Detected in many"			"Cell type enhanced"	"Detected in many"		"Basal respiratory cells: 158.2;Ionocytes: 121.9;Late spermatids: 239.5"	"Cell type enhanced"	"Detected in all"		"endothelial cell: 373.4"	"Low cancer specificity"	"Detected in many"			"Low region specificity"	"Detected in all"			"Group enriched"	"Detected in many"	4	"basophil: 1.1;gdT-cell: 3.1;MAIT T-cell: 3.8;memory CD4 T-cell: 3.2;memory CD8 T-cell: 3.2;naive CD8 T-cell: 1.6;NK-cell: 3.2"	"Group enriched"	"Detected in many"	7	"granulocytes: 1.1;NK-cells: 3.2;T-cells: 3.8"	"Low cancer specificity"	"Detected in many"			"Heart muscle - Endothelial cells, Minor Salivary Gland - Minor salivary glandular cells, Testis - Late spermatids"	"Low region specificity"	"Detected in all"			"Low region specificity"	"Detected in all"			"HPA015720, HPA029944, CAB034174, HPA076996"	Enhanced		Approved	Cytosol			NA	NA			"Cluster 1: T-cells - Unknown function"	"Cluster 62: Connective tissue - ECM organization"	"Cluster 6: Non-specific - Immune response"	"Cluster 7: Liver cancer - Metabolism"	"Cluster 41: Adipocytes & Endothelial cells - Mixed function"		Cytosol		"CAB034174: AB_1564317, HPA015720: AB_1845705, HPA029944: AB_10601092, HPA076996: "	"unprognostic (7.72e-2)"	"unprognostic (1.25e-2)"		"unprognostic (2.58e-2)"	"unprognostic (8.35e-2)"	"unprognostic (1.53e-1)"	"unprognostic (2.11e-2)"	"potential prognostic unfavorable (2.02e-6)"	"potential prognostic favorable (5.17e-4)"		"potential prognostic favorable (5.60e-5)"	"unprognostic (1.75e-3)"	"unprognostic (5.17e-3)"	"unprognostic (2.03e-3)"		"unprognostic (2.65e-1)"	"unprognostic (9.33e-2)"	"unprognostic (5.21e-3)"	"unprognostic (3.74e-2)"	"unprognostic (8.35e-3)"	"unprognostic (5.70e-2)"	"unprognostic (3.46e-2)"	"unprognostic (3.31e-2)"	"unprognostic (1.49e-1)"	"unprognostic (1.37e-1)"	"unprognostic (1.24e-2)"	"unprognostic (1.82e-1)"	"unprognostic (2.06e-2)"	"unprognostic (1.79e-1)"	"unprognostic (2.73e-2)"	"unprognostic (4.52e-2)"
FAM110A	"bA371L19.3, C20orf55"	ENSG00000125898	"Family with sequence similarity 110 member A"	Q9BQ89	20	833715-857463	"Predicted intracellular proteins"				"Evidence at protein level"	"Evidence at protein level"	"Evidence at protein level"	"Evidence at protein level"	"Tissue enhanced"	"Detected in many"		"skin 1: 68.9"	"Cell type enhanced"	"Detected in many"		"Extravillous trophoblasts: 161.4;granulocytes: 63.9;Langerhans cells: 81.4;monocytes: 102.3"	"Cell type enhanced"	"Detected in many"		"central nervous system macrophage: 12.3;leukocyte: 23.7"	"Low cancer specificity"	"Detected in all"			"Low region specificity"	"Detected in all"			"Group enriched"	"Detected in all"	6	"basophil: 546.1;eosinophil: 163.7;intermediate monocyte: 160.5;non-classical monocyte: 249.3"	"Group enriched"	"Detected in all"	9	"granulocytes: 546.1;monocytes: 249.3"	"Low cancer specificity"	"Detected in all"			"Skin - Keratinocyte (granular)"	"Low region specificity"	"Detected in all"			"Low region specificity"	"Detected in many"			"CAB034110, HPA069240"	Uncertain		Uncertain	Nucleoplasm,Vesicles,Cytosol			Yes	Yes			"Cluster 25: Non-specific - Unknown function"	"Cluster 13: Skin - Cornification"	"Cluster 49: Hindbrain - Mixed function"	"Cluster 12: Bone cancer - Neuronal signaling"	"Cluster 57: Platelets - Hemostasis"	44	"Nucleoplasm, Vesicles"	Cytosol	"CAB034110: AB_1562838, HPA069240: AB_2686103"	"unprognostic (9.56e-2)"	"unprognostic (6.43e-3)"	"unprognostic (1.82e-2)"	"unprognostic (2.98e-1)"	"unprognostic (5.92e-2)"	"unprognostic (1.61e-1)"	"unprognostic (2.14e-1)"	"unprognostic (6.01e-2)"	"unprognostic (1.15e-1)"	"unprognostic (6.44e-2)"	"unprognostic (1.61e-1)"	"unprognostic (6.44e-2)"	"unprognostic (2.85e-1)"	"potential prognostic unfavorable (5.00e-4)"	"unprognostic (2.67e-2)"	"unprognostic (1.88e-1)"	"unprognostic (2.56e-2)"	"unprognostic (2.41e-3)"	"unprognostic (6.73e-3)"	"unprognostic (3.09e-2)"	"unprognostic (2.46e-1)"	"unprognostic (3.01e-2)"	"unprognostic (6.35e-2)"	"unprognostic (1.54e-1)"	"unprognostic (7.13e-2)"	"unprognostic (1.14e-2)"	"unprognostic (1.08e-1)"	"unprognostic (1.02e-2)"	"unprognostic (2.39e-2)"	"unprognostic (7.05e-2)"	"unprognostic (1.12e-1)"
FAM86B1	MGC16279	ENSG00000186523	"Family with sequence similarity 86 member B1"	Q8N7N1	8	12182096-12194133	"Predicted intracellular proteins"		"Methyltransferase, Transferase"		"Evidence at transcript level"	"Evidence at transcript level"	"Evidence at transcript level"	"Evidence at transcript level"	"Tissue enhanced"	"Detected in many"		"brain: 7.3;pituitary gland: 6.2"	"Cell type enhanced"	"Detected in some"		"Ciliated cells: 4.5;Proximal tubular cells: 4.5;Secretory cells: 3.8;Squamous epithelial cells: 3.9"	"Cell type enhanced"	"Detected in many"		"ependymal cell: 5.9"	"Low cancer specificity"	"Detected in some"			"Low region specificity"	"Detected in all"			"Group enriched"	"Detected in some"	4	"basophil: 1.1;eosinophil: 1.1;neutrophil: 1.3"	"Lineage enriched"	"Detected in single"	5	"granulocytes: 1.3"	"Low cancer specificity"	"Detected in many"												"HPA041610, HPA055718"	Uncertain		Uncertain	Vesicles			NA	NA			"Cluster 32: Basophils - Transcription"	"Cluster 66: Non-specific - Transcription"	"Cluster 32: Cerebral cortex - Mixed function"	"Cluster 27: Breast cancer - Unknown function"	"Cluster 49: Non-specific - Transcription"		Vesicles		"HPA041610: AB_2677581, HPA055718: AB_2682895"			"unprognostic (5.97e-3)"			"unprognostic (3.87e-2)"	"unprognostic (6.00e-2)"	"potential prognostic unfavorable (7.15e-4)"					"unprognostic (1.37e-1)"							"unprognostic (1.73e-1)"	"unprognostic (3.62e-2)"		"unprognostic (6.06e-2)"			"unprognostic (5.57e-2)"			"unprognostic (7.12e-2)"		"unprognostic (5.11e-1)"
FRY	"13CDNA73, bA37E23.1, C13orf14, CG003"	ENSG00000073910	"FRY microtubule binding protein"	Q5TBA9	13	31846713-32299125	"Predicted intracellular proteins"				"Evidence at protein level"	"Evidence at transcript level"	"Evidence at protein level"	"Evidence at protein level"	"Tissue enhanced"	"Detected in many"		"heart muscle: 25.2"	"Cell type enhanced"	"Detected in many"		"Excitatory neurons: 250.6;Inhibitory neurons: 260.8;Oligodendrocyte precursor cells: 215.1"	"Low cell type specificity"	"Detected in all"			"Low cancer specificity"	"Detected in many"			"Low region specificity"	"Detected in all"			"Group enriched"	"Detected in some"	8	"basophil: 7.7;eosinophil: 11.9;neutrophil: 8.4"	"Lineage enriched"	"Detected in many"	10	"granulocytes: 11.9"	"Low cancer specificity"	"Detected in many"			"Minor Salivary Gland - Endothelial cells"	"Low region specificity"	"Detected in all"			"Low region specificity"	"Detected in all"			HPA041635	Approved						NA	NA			"Cluster 22: Eosinophils - Transcription"	"Cluster 12: Heart muscle - Cardiac muscle contraction"	"Cluster 35: Non-specific - DNA binding"	"Cluster 14: Myeloid leukemia - Innate immune response"	"Cluster 65: Neurons - Synaptic function"				"HPA041635: AB_2677588"	"unprognostic (1.76e-3)"	"unprognostic (1.07e-1)"	"unprognostic (7.08e-2)"		"unprognostic (3.07e-1)"	"unprognostic (6.26e-3)"	"unprognostic (1.05e-2)"	"unprognostic (2.24e-3)"		"unprognostic (1.05e-1)"	"validated prognostic favorable (4.05e-6)"	"validated prognostic favorable (2.38e-4)"	"unprognostic (1.38e-1)"	"unprognostic (1.60e-1)"	"unprognostic (1.09e-1)"	"unprognostic (1.65e-1)"	"unprognostic (2.66e-1)"	"unprognostic (1.02e-1)"	"unprognostic (1.54e-1)"	"unprognostic (7.21e-3)"	"unprognostic (4.33e-2)"	"unprognostic (5.93e-2)"	"unprognostic (1.10e-1)"	"unprognostic (2.76e-2)"	"unprognostic (4.33e-1)"	"unprognostic (1.14e-2)"	"unprognostic (5.08e-2)"	"unprognostic (3.33e-2)"	"unprognostic (1.61e-1)"	"unprognostic (1.60e-2)"	
GNG11	GNGT11	ENSG00000127920	"G protein subunit gamma 11"	P61952	7	93921735-93928610	"Predicted intracellular proteins, RAS pathway related proteins"		Transducer		"Evidence at protein level"	"Evidence at transcript level"	"Evidence at protein level"	"Evidence at protein level"	"Low tissue specificity"	"Detected in all"			"Group enriched"	"Detected in many"	4	"Adipocytes: 1792.1;Endothelial cells: 1116.9;Lymphatic endothelial cells: 2285.9"	"Cell type enhanced"	"Detected in some"		"endothelial cell: 203.7;fibroblast: 90.9;pericyte: 271.2"	"Low cancer specificity"	"Detected in all"			"Low region specificity"	"Detected in all"			"Group enriched"	"Detected in many"	4	"basophil: 20.5;neutrophil: 9.8"	"Lineage enriched"	"Detected in many"	5	"granulocytes: 20.5"	"Cancer enhanced"	"Detected in many"		"Kidney cancer: 86.2"	"Adipose subcutaneous - Endothelial cells, Adipose visceral - Endothelial cells, Breast - Endothelial cells, Kidney - Endothelial cells, Liver - Vascular Endothelial cells, Minor Salivary Gland - Endothelial cells"	"Low region specificity"	"Detected in all"			"Low region specificity"	"Detected in all"			HPA045255	Uncertain						NA	NA		1800000	"Cluster 35: Neutrophils - Protein binding"	"Cluster 7: Adipose tissue - Mixed function"	"Cluster 47: Endothelial cells - Vasculature"	"Cluster 15: Kidney cancer - Membrane components"	"Cluster 57: Platelets - Hemostasis"	3			"HPA045255: AB_10794781"	"unprognostic (3.81e-1)"	"unprognostic (1.51e-1)"	"unprognostic (3.20e-1)"	"unprognostic (9.00e-2)"	"unprognostic (6.71e-2)"	"unprognostic (4.16e-1)"	"unprognostic (1.60e-2)"	"unprognostic (1.43e-3)"	"unprognostic (8.40e-2)"	"unprognostic (3.63e-2)"	"unprognostic (1.04e-3)"	"unprognostic (1.11e-1)"	"potential prognostic unfavorable (2.33e-4)"	"unprognostic (1.61e-2)"	"unprognostic (1.61e-2)"	"unprognostic (3.87e-2)"	"unprognostic (9.83e-2)"	"unprognostic (2.43e-3)"	"unprognostic (4.99e-2)"	"unprognostic (1.63e-1)"	"unprognostic (4.12e-2)"	"unprognostic (1.33e-1)"	"unprognostic (2.92e-1)"	"unprognostic (8.21e-2)"	"unprognostic (1.02e-1)"	"unprognostic (2.20e-1)"	"unprognostic (1.82e-2)"	"potential prognostic unfavorable (6.08e-4)"	"unprognostic (3.15e-1)"	"unprognostic (1.60e-1)"	"unprognostic (1.33e-1)"
GOLGA6L4		ENSG00000184206	"Golgin A6 family like 4"	A6NEF3	15	84235773-84245358	"Predicted intracellular proteins"				"Evidence at transcript level"	"Evidence at transcript level"	"No human protein/transcript evidence"	"Evidence at transcript level"	"Low tissue specificity"	"Detected in all"			"Group enriched"	"Detected in some"	4	"Early spermatids: 36.1;Late spermatids: 10.4"	"Low cell type specificity"	"Detected in some"			"Low cancer specificity"	"Detected in many"			"Low region specificity"	"Detected in all"			"Group enriched"	"Detected in some"	6	"basophil: 1.1;NK-cell: 2.3"	"Group enriched"	"Detected in many"	6	"granulocytes: 1.1;NK-cells: 2.3"	"Low cancer specificity"	"Detected in many"																			NA	NA				"Cluster 16: Non-specific - Transcription"	"Cluster 23: Choroid plexus - Mixed function"	"Cluster 56: Non-specific - Sensory perception"	"Cluster 13: Spermatids - Transcription"					"unprognostic (4.73e-2)"	"unprognostic (9.36e-2)"		"unprognostic (2.01e-2)"		"unprognostic (1.14e-1)"					"potential prognostic unfavorable (2.37e-7)"	"unprognostic (4.26e-2)"	"unprognostic (8.85e-2)"	"unprognostic (3.65e-2)"		"unprognostic (2.00e-2)"	"unprognostic (2.66e-1)"	"unprognostic (9.25e-2)"	"unprognostic (1.37e-2)"		"unprognostic (6.40e-2)"	"potential prognostic favorable (5.60e-4)"	"unprognostic (7.19e-3)"	"unprognostic (2.09e-1)"		"unprognostic (1.32e-1)"			"unprognostic (1.32e-1)"	"unprognostic (1.35e-1)"	"unprognostic (3.73e-3)"
GOLM1	"bA379P1.3, C9orf155, FLJ23608, GOLPH2, GP73"	ENSG00000135052	"Golgi membrane protein 1"	Q8NBJ4	9	86026146-86100173	"Plasma proteins, Predicted intracellular proteins"				"Evidence at protein level"	"Evidence at protein level"	"Evidence at protein level"	"Evidence at protein level"	"Tissue enhanced"	"Detected in all"		"stomach 1: 386.1"	"Cell type enhanced"	"Detected in many"		"Distal enterocytes: 397.1;Gastric mucus-secreting cells: 240.5;Late spermatids: 447.2;Paneth cells: 244.4"	"Low cell type specificity"	"Detected in all"			"Cancer enhanced"	"Detected in all"		"Prostate Adenocarcinoma (TCGA): 683.7"	"Low region specificity"	"Detected in all"			"Group enriched"	"Detected in many"	4	"basophil: 2.2;classical monocyte: 3.5;gdT-cell: 3.5;intermediate monocyte: 2.6;neutrophil: 4.3;non-classical monocyte: 4.2;plasmacytoid DC: 1.4"	"Low lineage specificity"	"Detected in many"			"Low cancer specificity"	"Detected in all"			"Adipose subcutaneous - Adipose progenitor cells, Minor Salivary Gland - Minor salivary glandular cells, Prostate - Prostate glandular cells, Spleen - Endothelial cells, Stomach - Gastric mucous cells"	"Low region specificity"	"Detected in all"			"Low region specificity"	"Detected in all"			"HPA010638, HPA011929, CAB015341"	Enhanced		Enhanced	"Golgi apparatus"			NA	NA		72000000	"Cluster 38: Monocytes & Neutrophils - Degranulation"	"Cluster 45: Intestine - Digestion"	"Cluster 56: Hypothalamus - Neuropeptide signaling"	"Cluster 7: Liver cancer - Metabolism"	"Cluster 45: Non-specific - Mixed function"	46	"Golgi apparatus"		"CAB015341: AB_2113334, HPA010638: AB_1849886, HPA011929: AB_1849888"	"unprognostic (4.31e-1)"	"unprognostic (7.37e-2)"	"unprognostic (4.76e-2)"	"unprognostic (3.69e-2)"	"unprognostic (3.14e-3)"	"unprognostic (1.19e-1)"	"unprognostic (1.24e-1)"	"unprognostic (9.61e-3)"	"unprognostic (2.00e-3)"	"unprognostic (1.04e-1)"	"unprognostic (2.16e-1)"	"unprognostic (3.04e-1)"	"unprognostic (4.12e-1)"	"potential prognostic unfavorable (9.53e-4)"	"unprognostic (2.07e-2)"	"potential prognostic unfavorable (2.26e-4)"	"unprognostic (8.65e-2)"	"unprognostic (1.17e-1)"	"unprognostic (7.90e-2)"	"unprognostic (3.64e-2)"	"unprognostic (2.09e-1)"	"unprognostic (1.79e-1)"	"unprognostic (7.08e-2)"	"unprognostic (1.46e-2)"	"unprognostic (3.42e-1)"	"unprognostic (4.88e-2)"	"unprognostic (6.75e-2)"	"unprognostic (1.15e-1)"	"unprognostic (1.68e-1)"	"unprognostic (1.02e-3)"	"unprognostic (1.01e-2)"
GP9	"CD42a, GPIX"	ENSG00000169704	"Glycoprotein IX platelet"	P14770	3	129060779-129062406	"CD markers, Disease related genes, Human disease related genes, Predicted membrane proteins"	"Blood coagulation, Cell adhesion, Hemostasis"		"Bernard Soulier syndrome, Disease variant"	"Evidence at protein level"	"Evidence at protein level"	"Evidence at protein level"	"Evidence at protein level"	"Tissue enhanced"	"Detected in some"		"bone marrow: 5.0;lung: 3.1;lymphoid tissue: 8.7"	"Group enriched"	"Detected in some"	8	"Early spermatids: 8.3;Late spermatids: 20.6"	"Not detected"	"Not detected"			"Not detected"	"Not detected"			"Region enhanced"	"Detected in single"		"choroid plexus: 1.3"	"Group enriched"	"Detected in some"	7	"basophil: 29.4;neutrophil: 14.0"	"Lineage enriched"	"Detected in many"	10	"granulocytes: 29.4"	"Cancer enriched"	"Detected in single"	97	"Leukemia: 9.6"	"Spleen - Platelets, Testis - Late spermatids"	"Low region specificity"	"Detected in many"			"Low region specificity"	"Detected in all"			HPA063182	Enhanced		Approved	"Nucleoplasm,Plasma membrane,Cytosol"			NA	NA		4300000	"Cluster 4: Neutrophils - Degranulation"	"Cluster 81: Lymphoid tissue & Bone marrow - Innate immune response"	"Cluster 23: Choroid plexus - Mixed function"	"Cluster 47: Leukemia - Hemostasis"	"Cluster 57: Platelets - Hemostasis"	57	"Plasma membrane, Cytosol"	Nucleoplasm	"HPA063182: AB_2684956"																															
GPR34		ENSG00000171659	"G protein-coupled receptor 34"	Q9UPC5	X	41688973-41697275	"G-protein coupled receptors, Predicted membrane proteins"		"G-protein coupled receptor, Receptor, Transducer"		"Evidence at protein level"	"Evidence at protein level"	"Evidence at transcript level"	"Evidence at protein level"	"Tissue enhanced"	"Detected in many"		"placenta: 41.3"	"Cell type enhanced"	"Detected in some"		"granulocytes: 52.3;Hofbauer cells: 220.5;Kupffer cells: 135.2;Macrophages: 126.6;Microglial cells: 51.9"	"Cell type enriched"	"Detected in all"	49	"central nervous system macrophage: 332.2"	"Group enriched"	"Detected in all"	4	"Glioblastoma Multiforme (TCGA): 41.4;Kidney Renal Clear Cell Carcinoma (TCGA): 14.0"	"Low region specificity"	"Detected in all"			"Group enriched"	"Detected in many"	16	"basophil: 326.2;eosinophil: 113.2"	"Lineage enriched"	"Detected in many"	24	"granulocytes: 326.2"	"Cancer enhanced"	"Detected in single"		"lymphoma: 1.0"	"Adipose subcutaneous - Macrophages, Adipose visceral - Macrophages, Adrenal gland - Macrophages, Colon - Macrophages, Heart muscle - Macrophages, Kidney - Macrophages, Liver - Kupffer cells, Lung - Macrophages, Minor Salivary Gland - Macrophages, Pancreas - Macrophages, Pituitary gland - Macrophages, Prostate - Macrophages, Skeletal muscle - Macrophages, Spleen - Macrophages, Stomach - Macrophages, Testis - Macrophages, Thyroid gland - Macrophages"	"Low region specificity"	"Detected in all"			"Low region specificity"	"Detected in all"			"HPA010668, CAB025490"	Uncertain		Approved	Cytosol			NA	NA			"Cluster 41: Basophils - Unknown function"	"Cluster 58: Placenta - Pregnancy"	"Cluster 20: Macrophages & Microglia - Immune response"	"Cluster 46: Lymphoma - Humoral immune response"	"Cluster 58: Macrophages - Innate immune response"	1	Cytosol		"CAB025490: , HPA010668: AB_1849294"	"unprognostic (5.57e-2)"	"unprognostic (2.70e-2)"	"unprognostic (1.94e-1)"	"unprognostic (1.15e-1)"	"unprognostic (3.02e-1)"	"unprognostic (7.16e-3)"	"unprognostic (1.75e-1)"	"unprognostic (3.42e-1)"	"unprognostic (5.88e-2)"	"unprognostic (2.03e-1)"	"potential prognostic favorable (7.07e-5)"	"unprognostic (5.82e-2)"	"unprognostic (3.91e-2)"	"unprognostic (1.78e-3)"	"unprognostic (9.60e-2)"	"unprognostic (1.04e-3)"	"unprognostic (5.48e-2)"	"unprognostic (2.99e-2)"	"unprognostic (1.39e-3)"	"unprognostic (1.34e-2)"	"potential prognostic unfavorable (9.77e-4)"	"unprognostic (6.87e-2)"	"unprognostic (2.01e-1)"	"unprognostic (2.95e-1)"	"unprognostic (5.73e-2)"	"unprognostic (7.09e-2)"	"unprognostic (7.60e-2)"	"potential prognostic unfavorable (7.05e-4)"	"unprognostic (2.96e-1)"	"unprognostic (5.63e-3)"	"unprognostic (2.06e-1)"
GPR84	EX33	ENSG00000139572	"G protein-coupled receptor 84"	Q9NQS5	12	54362445-54364487	"G-protein coupled receptors, Predicted membrane proteins"		"G-protein coupled receptor, Receptor, Transducer"		"Evidence at protein level"	"Evidence at protein level"	"Evidence at transcript level"	"Evidence at protein level"	"Tissue enhanced"	"Detected in many"		"bone marrow: 22.5;urinary bladder: 15.2"	"Group enriched"	"Detected in some"	6	"Hofbauer cells: 28.2;Langerhans cells: 21.7;Macrophages: 32.1;monocytes: 35.3"	"Cell type enriched"	"Detected in single"	12	"central nervous system macrophage: 3.7"	"Low cancer specificity"	"Detected in many"			"Low region specificity"	"Detected in many"			"Group enriched"	"Detected in some"	23	"basophil: 9.1;classical monocyte: 9.9;myeloid DC: 14.8;neutrophil: 6.0"	"Group enriched"	"Detected in many"	62	"dendritic cells: 14.8;granulocytes: 9.1;monocytes: 9.9"	"Group enriched"	"Detected in some"	6	"Leukemia: 3.9;lymphoma: 7.6"	"Adipose subcutaneous - Macrophages, Spleen - Neutrophils"					"Low region specificity"	"Detected in many"			HPA027603	Enhanced						NA	NA			"Cluster 38: Monocytes & Neutrophils - Degranulation"	"Cluster 81: Lymphoid tissue & Bone marrow - Innate immune response"	"Cluster 20: Macrophages & Microglia - Immune response"	"Cluster 71: Lymphoma - Inflammatory response"	"Cluster 29: Monocytes - Innate immune response"	1			"HPA027603: AB_10612115"	"unprognostic (1.44e-1)"	"unprognostic (5.88e-2)"	"unprognostic (8.70e-2)"	"unprognostic (3.19e-2)"	"unprognostic (3.27e-1)"	"unprognostic (2.36e-1)"	"unprognostic (5.00e-2)"	"unprognostic (6.11e-2)"	"unprognostic (1.09e-1)"		"potential prognostic unfavorable (5.24e-6)"	"unprognostic (1.29e-3)"			"unprognostic (2.48e-1)"	"unprognostic (2.24e-1)"	"unprognostic (7.33e-3)"	"unprognostic (5.13e-2)"	"unprognostic (6.26e-2)"	"unprognostic (3.11e-1)"	"unprognostic (3.17e-1)"	"unprognostic (2.79e-2)"			"unprognostic (5.94e-2)"	"unprognostic (3.50e-1)"	"unprognostic (7.93e-3)"	"unprognostic (1.80e-1)"	"unprognostic (4.79e-2)"		"unprognostic (1.37e-1)"
GRB10		ENSG00000106070	"Growth factor receptor bound protein 10"	Q13322	7	50590063-50793462	"Cancer-related genes, Predicted intracellular proteins"			"Cancer-related genes"	"Evidence at protein level"	"Evidence at protein level"	"Evidence at protein level"	"Evidence at protein level"	"Low tissue specificity"	"Detected in all"			"Cell type enhanced"	"Detected in many"		"Early spermatids: 94.0;Late spermatids: 234.3;Oligodendrocytes: 116.0;Rod photoreceptor cells: 96.0"	"Cell type enhanced"	"Detected in all"		"endothelial cell: 604.7"	"Low cancer specificity"	"Detected in all"			"Low region specificity"	"Detected in all"			"Group enriched"	"Detected in some"	13	"basophil: 10.1;eosinophil: 3.0"	"Lineage enriched"	"Detected in single"	29	"granulocytes: 10.1"	"Low cancer specificity"	"Detected in many"			"Heart muscle - Endothelial cells, Prostate - Endothelial cells, Skin - Endothelial cells, Thyroid gland - Endothelial cells"	"Low region specificity"	"Detected in all"			"Low region specificity"	"Detected in all"			"CAB019423, HPA027502, HPA031818"	Enhanced		Supported	Vesicles			NA	NA			"Cluster 46: Basophils - Proteolysis"	"Cluster 3: Non-specific - Unknown function"	"Cluster 41: Monoamines - Neurotransmitter signalling"	"Cluster 67: Non-specific - Unknown function"	"Cluster 51: Oligodendrocytes - Unknown function"	37	Vesicles		"CAB019423: AB_2112883, HPA027502: AB_10602325, HPA031818: AB_2674057"	"unprognostic (1.66e-1)"	"unprognostic (4.61e-3)"	"unprognostic (4.14e-2)"	"potential prognostic unfavorable (7.76e-4)"	"unprognostic (4.51e-2)"	"unprognostic (1.69e-2)"	"unprognostic (1.02e-1)"	"potential prognostic unfavorable (1.08e-4)"	"unprognostic (1.21e-1)"	"unprognostic (1.65e-2)"	"validated prognostic favorable (7.52e-8)"	"validated prognostic favorable (1.44e-4)"	"unprognostic (4.38e-1)"	"unprognostic (1.62e-2)"	"unprognostic (1.79e-1)"	"validated prognostic unfavorable (1.67e-4)"	"validated prognostic unfavorable (8.39e-4)"	"unprognostic (4.54e-1)"	"unprognostic (4.83e-2)"	"unprognostic (2.37e-2)"	"unprognostic (2.80e-1)"	"unprognostic (1.19e-1)"	"unprognostic (2.61e-3)"	"unprognostic (1.21e-1)"	"unprognostic (2.53e-1)"	"unprognostic (1.04e-1)"	"unprognostic (2.05e-2)"	"unprognostic (6.63e-3)"	"unprognostic (2.54e-2)"	"unprognostic (3.06e-2)"	"unprognostic (2.34e-2)"
H1-2	"H1.2, H1c, H1F2, H1s-1, HIST1H1C"	ENSG00000187837	"H1.2 linker histone, cluster member"	P16403	6	26055740-26056470	"Plasma proteins, Predicted intracellular proteins"		DNA-binding		"Evidence at protein level"	"Evidence at protein level"	"Evidence at protein level"	"Evidence at protein level"	"Low tissue specificity"	"Detected in all"			"Cell type enhanced"	"Detected in many"		"Syncytiotrophoblasts: 472.0"	"Cell type enhanced"	"Detected in many"		"central nervous system macrophage: 15.2;endothelial cell: 13.0;vascular associated smooth muscle cell: 13.7"	"Low cancer specificity"	"Detected in all"			"Low region specificity"	"Detected in all"			"Group enriched"	"Detected in all"	4	"basophil: 259.2;eosinophil: 460.0;neutrophil: 230.5"	"Lineage enriched"	"Detected in all"	6	"granulocytes: 460.0"	"Cancer enhanced"	"Detected in all"		"Myeloma: 366.4"	"Adipose subcutaneous - Adipocytes (Subcutaneous), Prostate - Prostate glandular cells"	"Low region specificity"	"Detected in all"							"CAB011507, HPA055907"	Supported		Supported	"Nucleoplasm,Nucleoli rim"			NA	NA		19000000	"Cluster 22: Eosinophils - Transcription"	"Cluster 56: Non-specific - Unknown function"	"Cluster 25: Non-specific - Transcription"	"Cluster 41: Non-specific - Nucleosome assembly"	"Cluster 3: Basal prostatic cells - Lipid metabolism"	107	"Nucleoplasm, Nucleoli rim"		"CAB011507: AB_2117984, HPA055907: AB_2682966"	"unprognostic (6.63e-2)"	"unprognostic (2.00e-1)"		"potential prognostic favorable (9.10e-4)"	"unprognostic (1.50e-1)"	"unprognostic (1.18e-1)"	"unprognostic (3.88e-1)"	"unprognostic (3.79e-1)"	"unprognostic (7.74e-2)"	"unprognostic (6.15e-2)"	"unprognostic (1.16e-2)"	"unprognostic (1.48e-1)"	"unprognostic (2.14e-2)"	"unprognostic (2.43e-1)"		"unprognostic (2.31e-2)"	"unprognostic (1.37e-2)"	"unprognostic (1.14e-1)"	"unprognostic (4.85e-2)"	"unprognostic (4.98e-2)"	"unprognostic (3.47e-1)"	"unprognostic (1.93e-3)"	"unprognostic (1.54e-1)"	"unprognostic (2.37e-1)"	"unprognostic (2.05e-3)"	"unprognostic (6.66e-2)"	"unprognostic (1.81e-1)"	"unprognostic (6.76e-2)"	"unprognostic (9.72e-2)"	"unprognostic (1.06e-1)"	"unprognostic (7.98e-2)"
H3C10	"H3/k, H3F1K, H3FK, HIST1H3H"	ENSG00000278828	"H3 clustered histone 10"	P68431	6	27810051-27811300	"Disease related genes, Predicted intracellular proteins"		DNA-binding	"Disease variant"	"Evidence at protein level"	"Evidence at protein level"	"Evidence at protein level"	"Evidence at protein level"	"Low tissue specificity"	"Detected in many"			"Cell type enhanced"	"Detected in many"		"Distal enterocytes: 10.9;Gastric mucus-secreting cells: 33.6;Plasma cells: 21.2;Squamous epithelial cells: 12.3"	"Group enriched"	"Detected in some"	4	"central nervous system macrophage: 2.0;choroid plexus epithelial cell: 2.8;leukocyte: 2.0"	"Low cancer specificity"	"Detected in all"			"Low region specificity"	"Detected in all"			"Group enriched"	"Detected in all"	6	"basophil: 115.9;neutrophil: 51.1"	"Lineage enriched"	"Detected in all"	9	"granulocytes: 115.9"	"Low cancer specificity"	"Detected in all"												"HPA042570, HPA050968, HPA064058"	Approved		Supported	"Nucleoplasm,Acrosome,Principal piece"			NA	Yes			"Cluster 21: Neutrophils - Unknown function"	"Cluster 81: Lymphoid tissue & Bone marrow - Innate immune response"	"Cluster 23: Choroid plexus - Mixed function"	"Cluster 41: Non-specific - Nucleosome assembly"	"Cluster 57: Platelets - Hemostasis"	71	Nucleoplasm	"Acrosome, Principal piece"	"HPA042570: AB_2678056, HPA050968: , HPA064058: "	"potential prognostic unfavorable (6.77e-6)"	"unprognostic (1.72e-1)"		"potential prognostic favorable (8.82e-4)"	"unprognostic (5.21e-2)"	"unprognostic (1.11e-1)"	"unprognostic (1.21e-1)"		"unprognostic (2.65e-1)"	"unprognostic (3.32e-1)"	"unprognostic (2.95e-1)"	"unprognostic (6.43e-2)"	"potential prognostic unfavorable (4.61e-7)"	"unprognostic (2.28e-1)"		"unprognostic (1.74e-2)"	"unprognostic (4.39e-2)"	"unprognostic (1.11e-2)"	"unprognostic (1.32e-3)"	"unprognostic (9.59e-2)"		"potential prognostic unfavorable (5.14e-6)"		"unprognostic (1.81e-1)"	"unprognostic (1.60e-1)"	"unprognostic (2.14e-2)"	"unprognostic (2.38e-1)"	"unprognostic (2.48e-1)"	"unprognostic (1.73e-1)"	"unprognostic (2.22e-1)"	"unprognostic (2.04e-2)"
HCAR3	"GPR109B, HCA3, HM74"	ENSG00000255398	"Hydroxycarboxylic acid receptor 3"	P49019	12	122714756-122716811	"FDA approved drug targets, G-protein coupled receptors, Predicted membrane proteins"		"G-protein coupled receptor, Receptor, Transducer"	"FDA approved drug targets"	"Evidence at protein level"	"Evidence at transcript level"	"Evidence at protein level"	"Evidence at protein level"	"Tissue enhanced"	"Detected in many"		"bone marrow: 27.1;esophagus: 16.3;lymphoid tissue: 19.2;skin 1: 16.8"	"Cell type enhanced"	"Detected in many"		"Basal keratinocytes: 78.8;Basal prostatic cells: 190.1;Basal respiratory cells: 53.3;Basal squamous epithelial cells: 138.3;Langerhans cells: 71.4;monocytes: 57.9;Squamous epithelial cells: 45.4;Suprabasal keratinocytes: 87.0"	"Not detected"	"Not detected"			"Group enriched"	"Detected in many"	4	"Bladder Urothelial Carcinoma (TCGA): 12.9;Cervical Squamous Cell Carcinoma and Endocervical Adenocarcinoma (TCGA): 13.4;Head and Neck Squamous Cell Carcinoma (TCGA): 16.0;Kidney Chromophobe (TCGA): 4.7;Lung Squamous Cell Carcinoma (TCGA): 10.0"	"Region enriched"	"Detected in some"	5	"cerebral cortex: 10.1"	"Group enriched"	"Detected in many"	6	"basophil: 58.8;neutrophil: 177.8;non-classical monocyte: 84.6"	"Group enriched"	"Detected in many"	50	"granulocytes: 177.8;monocytes: 84.6"	"Cancer enhanced"	"Detected in some"		"Bladder cancer: 7.3;Gallbladder cancer: 6.8;head and neck cancer: 10.4"	"Adipose visceral - Adipocytes (Visceral), Lung - NK-cells (Lung), Prostate - Urothelial cells, Skin - Keratinocyte (other)"									HPA028660	Approved		Approved	"Cell Junctions"			NA	NA			"Cluster 28: Neutrophils - Unknown function"	"Cluster 77: Bone marrow - Cell proliferation"	"Cluster 12: Non-specific - Vasculature"	"Cluster 53: Squamous epithelial cells - Keratinization"	"Cluster 12: Squamous epithelial cells - Keratinization"		"Cell Junctions"		"HPA028660: AB_10602139"	"unprognostic (3.12e-2)"	"unprognostic (1.91e-1)"		"unprognostic (3.74e-2)"	"unprognostic (1.68e-1)"	"unprognostic (2.19e-2)"		"unprognostic (1.55e-1)"	"unprognostic (8.99e-2)"	"unprognostic (7.01e-2)"					"unprognostic (1.11e-1)"	"unprognostic (2.22e-1)"	"unprognostic (1.53e-1)"	"unprognostic (1.85e-1)"	"unprognostic (3.28e-1)"			"unprognostic (1.67e-2)"	"unprognostic (3.26e-2)"		"unprognostic (7.27e-2)"	"unprognostic (4.07e-2)"		"unprognostic (1.12e-1)"	"unprognostic (3.47e-1)"		
HDAC4	"BDMR, HA6116, HD4, HDAC-4, HDAC-A, HDACA, KIAA0288"	ENSG00000068024	"Histone deacetylase 4"	P56524	2	239048168-239401654	"Disease related genes, Enzymes, FDA approved drug targets, Human disease related genes, Predicted intracellular proteins"	"Transcription, Transcription regulation"	"Chromatin regulator, Hydrolase, Repressor"	"Disease variant, Epilepsy, FDA approved drug targets, Intellectual disability"	"Evidence at protein level"	"Evidence at protein level"	"Evidence at protein level"	"Evidence at protein level"	"Tissue enhanced"	"Detected in many"		"skeletal muscle: 56.2"	"Cell type enhanced"	"Detected in many"		"Astrocytes: 58.8;Excitatory neurons: 114.0;Inhibitory neurons: 81.4;Late spermatids: 71.8;Oligodendrocyte precursor cells: 80.2;Oligodendrocytes: 115.4"	"Low cell type specificity"	"Detected in all"			"Low cancer specificity"	"Detected in all"			"Low region specificity"	"Detected in all"			"Group enriched"	"Detected in many"	4	"basophil: 32.0;neutrophil: 47.0"	"Lineage enriched"	"Detected in many"	5	"granulocytes: 47.0"	"Low cancer specificity"	"Detected in all"			"Breast - Fibroblasts, Minor Salivary Gland - Endothelial cells, Prostate - Smooth muscle cells, Testis - Late spermatids"	"Low region specificity"	"Detected in all"			"Low region specificity"	"Detected in all"			"HPA048723, HPA071448"	Approved		Supported	"Nucleoplasm,Nuclear speckles,Cytosol"			NA	NA			"Cluster 35: Neutrophils - Protein binding"	"Cluster 2: Skeletal muscle - Striated muscle contraction"	"Cluster 32: Cerebral cortex - Mixed function"	"Cluster 59: Leukemia - T-cell receptor"	"Cluster 34: Neurons - Neuronal signaling"	89	"Nuclear speckles"	"Nucleoplasm, Cytosol"	"HPA048723: AB_2680501, HPA071448: "	"unprognostic (5.13e-2)"	"unprognostic (2.60e-1)"	"potential prognostic favorable (5.12e-4)"	"unprognostic (6.39e-2)"	"unprognostic (1.89e-1)"	"unprognostic (5.26e-2)"	"unprognostic (8.97e-2)"	"potential prognostic favorable (2.43e-4)"	"unprognostic (1.29e-2)"	"unprognostic (5.11e-2)"	"unprognostic (6.51e-3)"	"unprognostic (1.90e-2)"	"unprognostic (2.41e-1)"	"potential prognostic unfavorable (3.36e-4)"	"unprognostic (1.23e-2)"	"unprognostic (9.01e-2)"	"unprognostic (2.83e-1)"	"unprognostic (7.20e-2)"	"unprognostic (1.88e-3)"	"potential prognostic unfavorable (1.54e-4)"	"unprognostic (4.11e-1)"	"unprognostic (1.95e-3)"	"unprognostic (6.59e-2)"	"unprognostic (3.31e-2)"	"unprognostic (8.41e-3)"	"unprognostic (1.30e-2)"	"unprognostic (9.53e-2)"	"unprognostic (4.29e-1)"	"unprognostic (5.74e-2)"	"unprognostic (1.87e-2)"	"unprognostic (6.70e-2)"
HES2	bHLHb40	ENSG00000069812	"Hes family bHLH transcription factor 2"	Q9Y543	1	6412418-6424670	"Predicted intracellular proteins, Transcription factors"	"Transcription, Transcription regulation"	"DNA-binding, Repressor"		"Evidence at transcript level"	"Evidence at transcript level"	"Evidence at transcript level"	"Evidence at transcript level"	"Tissue enhanced"	"Detected in many"		"esophagus: 32.7;skin 1: 16.3;vagina: 18.2"	"Cell type enhanced"	"Detected in many"		"Basal keratinocytes: 33.0;Intestinal goblet cells: 45.0;Late spermatids: 46.0;Paneth cells: 38.6;Squamous epithelial cells: 62.1;Suprabasal keratinocytes: 43.3;Syncytiotrophoblasts: 112.9"	"Not detected"	"Not detected"			"Cancer enhanced"	"Detected in many"		"Cervical Squamous Cell Carcinoma and Endocervical Adenocarcinoma (TCGA): 41.8;Head and Neck Squamous Cell Carcinoma (TCGA): 34.4"	"Low region specificity"	"Detected in all"			"Group enriched"	"Detected in some"	8	"basophil: 2.7;neutrophil: 1.0"	"Lineage enriched"	"Detected in single"	11	"granulocytes: 2.7"	"Cancer enhanced"	"Detected in many"		"Gallbladder cancer: 36.3;head and neck cancer: 37.3"	"Colon - Colon enterocytes"	"Not detected"	"Not detected"			"Low region specificity"	"Detected in all"			HPA039462	Uncertain						NA	NA				"Cluster 27: Squamous epithelium - Keratinization"	"Cluster 48: Non-specific - Mixed function"	"Cluster 53: Squamous epithelial cells - Keratinization"	"Cluster 12: Squamous epithelial cells - Keratinization"				"HPA039462: AB_10673533"	"unprognostic (2.34e-1)"	"unprognostic (1.02e-1)"	"unprognostic (3.14e-2)"	"unprognostic (1.61e-2)"	"unprognostic (1.11e-1)"	"unprognostic (1.16e-3)"			"unprognostic (1.92e-1)"	"unprognostic (8.05e-2)"	"unprognostic (5.84e-2)"		"potential prognostic favorable (1.04e-4)"			"unprognostic (3.93e-2)"	"unprognostic (3.61e-2)"	"unprognostic (2.90e-1)"	"unprognostic (8.28e-3)"	"unprognostic (4.38e-2)"	"unprognostic (3.55e-1)"	"unprognostic (2.29e-3)"	"unprognostic (5.81e-3)"	"unprognostic (3.67e-2)"	"unprognostic (4.93e-1)"	"unprognostic (2.36e-1)"	"unprognostic (1.13e-2)"	"unprognostic (1.01e-1)"	"unprognostic (1.12e-1)"	"unprognostic (8.05e-2)"	"unprognostic (1.70e-1)"
HHEX	"HEX, HOX11L-PEN, PRHX"	ENSG00000152804	"Hematopoietically expressed homeobox"	Q03014	10	92689955-92695647	"Human disease related genes, Predicted intracellular proteins, Transcription factors"	"Differentiation, Transcription, Transcription regulation, Wnt signaling pathway"	"Developmental protein, DNA-binding, Repressor"		"Evidence at protein level"	"Evidence at transcript level"	"Evidence at protein level"	"Evidence at protein level"	"Tissue enhanced"	"Detected in many"		"bone marrow: 83.7;liver: 89.0;thyroid gland: 99.0"	"Cell type enhanced"	"Detected in many"		"B-cells: 77.8;Cholangiocytes: 145.0;dendritic cells: 57.8;Ductal cells: 108.7;Endothelial cells: 67.4;Hepatocytes: 55.7;Hofbauer cells: 71.4;Oocytes: 82.3"	"Group enriched"	"Detected in some"	6	"central nervous system macrophage: 34.4;endothelial cell: 34.8"	"Group enriched"	"Detected in all"	5	"Liver Hepatocellular Carcinoma (TCGA): 38.9;Thyroid Carcinoma (TCGA): 130.5"	"Low region specificity"	"Detected in all"			"Group enriched"	"Detected in many"	43	"basophil: 28.0;classical monocyte: 41.5;eosinophil: 61.9;intermediate monocyte: 45.7;memory B-cell: 59.5;myeloid DC: 30.9;naive B-cell: 66.0;neutrophil: 31.6;non-classical monocyte: 50.9;plasmacytoid DC: 36.4"	"Low lineage specificity"	"Detected in many"			"Cancer enhanced"	"Detected in many"		"Leukemia: 68.9"	"Colon - Endothelial cells, Heart muscle - Endothelial cells, Kidney - Endothelial cells, Prostate - Endothelial cells, Skeletal muscle - Endothelial cells, Thyroid gland - Thyroid glandular cells"					"Low region specificity"	"Detected in many"			"HPA003257, HPA051894"	Approved		Approved	"Nucleoplasm,Nuclear bodies"			NA	NA			"Cluster 29: Non-specific - Unknown function"	"Cluster 40: Non-specific - Transcription"	"Cluster 47: Endothelial cells - Vasculature"	"Cluster 14: Myeloid leukemia - Innate immune response"	"Cluster 73: B-cells - B-cell function"	27	Nucleoplasm	"Nuclear bodies"	"HPA003257: , HPA051894: AB_2681653"	"unprognostic (6.41e-3)"	"unprognostic (5.35e-3)"	"unprognostic (4.95e-3)"	"unprognostic (1.16e-3)"	"unprognostic (2.95e-1)"	"unprognostic (8.27e-2)"	"unprognostic (2.96e-1)"	"unprognostic (8.14e-2)"	"unprognostic (6.66e-3)"	"unprognostic (4.94e-2)"	"unprognostic (8.46e-3)"	"unprognostic (1.88e-2)"	"unprognostic (2.26e-2)"	"potential prognostic unfavorable (1.75e-4)"	"unprognostic (4.38e-2)"	"unprognostic (8.85e-3)"	"unprognostic (1.61e-1)"	"unprognostic (7.35e-2)"	"unprognostic (6.39e-2)"	"unprognostic (2.50e-1)"	"unprognostic (4.33e-2)"	"unprognostic (2.83e-3)"	"unprognostic (2.25e-1)"	"unprognostic (3.05e-1)"	"unprognostic (3.27e-2)"	"unprognostic (2.23e-1)"	"unprognostic (1.24e-1)"	"unprognostic (7.47e-2)"	"unprognostic (9.94e-2)"	"unprognostic (1.51e-1)"	"unprognostic (2.15e-2)"
HIP1	ILWEQ	ENSG00000127946	"Huntingtin interacting protein 1"	O00291	7	75533298-75738962	"Cancer-related genes, Disease related genes, Potential drug targets, Predicted intracellular proteins, Transporters"	"Apoptosis, Differentiation, Endocytosis, Transcription, Transcription regulation"	"Actin-binding, Activator"	"Cancer-related genes, Neurodegeneration"	"Evidence at protein level"	"Evidence at protein level"	"Evidence at protein level"	"Evidence at protein level"	"Low tissue specificity"	"Detected in all"			"Cell type enriched"	"Detected in many"	4	"Late spermatids: 1376.4"	"Cell type enhanced"	"Detected in all"		"oligodendrocyte: 575.9;oligodendrocyte precursor cell: 682.4;vascular associated smooth muscle cell: 744.0"	"Low cancer specificity"	"Detected in all"			"Low region specificity"	"Detected in all"			"Group enriched"	"Detected in many"	4	"basophil: 9.6;eosinophil: 6.9;neutrophil: 6.8;NK-cell: 3.0;plasmacytoid DC: 3.3"	"Low lineage specificity"	"Detected in many"			"Low cancer specificity"	"Detected in all"			"Testis - Late spermatids"	"Low region specificity"	"Detected in all"			"Low region specificity"	"Detected in all"			"HPA013606, CAB015334, CAB016402, HPA017964"	Enhanced		Supported	"Vesicles,Acrosome,Mid piece,Principal piece"			NA	NA			"Cluster 22: Eosinophils - Transcription"	"Cluster 44: Testis - Spermatogenesis"	"Cluster 11: White matter - Signal transduction"	"Cluster 39: Non-specific - Transcription"	"Cluster 36: Late spermatids - Unknown function"	70	Vesicles	"Acrosome, Mid piece, Principal piece"	"CAB015334: AB_2117565, CAB016402: AB_627725, HPA013606: AB_1850717, HPA017964: AB_1850719"	"unprognostic (2.40e-3)"	"unprognostic (1.50e-2)"	"unprognostic (1.49e-2)"	"unprognostic (4.97e-2)"	"unprognostic (2.43e-2)"	"unprognostic (2.99e-2)"	"unprognostic (3.94e-1)"	"unprognostic (2.04e-1)"	"unprognostic (1.24e-1)"	"unprognostic (1.07e-1)"	"validated prognostic favorable (4.60e-4)"	"validated prognostic favorable (6.80e-4)"	"unprognostic (1.40e-1)"	"unprognostic (1.37e-2)"	"unprognostic (2.91e-1)"	"unprognostic (2.84e-2)"	"unprognostic (2.97e-1)"	"unprognostic (2.05e-1)"	"unprognostic (1.26e-1)"	"unprognostic (3.13e-3)"	"unprognostic (4.39e-1)"	"unprognostic (1.30e-2)"	"unprognostic (2.56e-1)"	"unprognostic (1.45e-1)"	"unprognostic (6.69e-2)"	"unprognostic (7.24e-2)"	"unprognostic (7.90e-2)"	"unprognostic (1.63e-1)"	"unprognostic (1.86e-1)"	"unprognostic (5.41e-2)"	"unprognostic (3.06e-2)"
HOXA10	"HOX1, HOX1H"	ENSG00000253293	"Homeobox A10"	P31260	7	27170605-27180261	"Predicted intracellular proteins, Transcription factors"	"Transcription, Transcription regulation"	"Developmental protein, DNA-binding"		"Evidence at protein level"	"Evidence at protein level"	"Evidence at protein level"	"Evidence at protein level"	"Tissue enhanced"	"Detected in many"		"endometrium 1: 58.9;skeletal muscle: 62.3;smooth muscle: 37.9"	"Cell type enhanced"	"Detected in many"		"Endometrial stromal cells: 173.2;Enteroendocrine cells: 39.7;Paneth cells: 45.9;Prostatic glandular cells: 79.2"	"Not detected"	"Not detected"			"Low cancer specificity"	"Detected in many"			"Not detected"	"Not detected"			"Group enriched"	"Detected in some"	5	"basophil: 8.4;NK-cell: 10.7"	"Group enriched"	"Detected in many"	5	"granulocytes: 8.4;NK-cells: 10.7"	"Low cancer specificity"	"Detected in all"			"Breast - Adipocytes (Breast)"	"Not detected"	"Not detected"			"Region enriched"	"Detected in single"	140	"spinal cord: 24.4"	"CAB019384, HPA071918"	Approved		Supported	"Nucleoplasm,Nuclear bodies"			NA	NA			"Cluster 15: NK-cells - Unknown function"	"Cluster 19: Non-specific - Basic cellular processes"		"Cluster 15: Kidney cancer - Membrane components"	"Cluster 9: Endometrial stromal cells - Transcription"	4	Nucleoplasm	"Nuclear bodies"	"CAB019384: , HPA071918: "	"unprognostic (7.30e-2)"	"unprognostic (4.27e-2)"	"unprognostic (3.17e-1)"	"unprognostic (1.28e-2)"	"unprognostic (4.32e-2)"	"unprognostic (6.45e-2)"	"unprognostic (7.41e-2)"	"unprognostic (3.33e-1)"	"unprognostic (1.90e-3)"	"unprognostic (8.90e-2)"	"unprognostic (2.13e-1)"	"unprognostic (1.67e-1)"	"unprognostic (9.99e-2)"	"unprognostic (3.29e-2)"	"unprognostic (5.18e-3)"	"unprognostic (3.68e-3)"	"unprognostic (1.38e-1)"	"unprognostic (1.31e-1)"	"unprognostic (2.68e-2)"	"unprognostic (8.61e-3)"	"unprognostic (2.79e-1)"	"unprognostic (1.78e-3)"	"unprognostic (2.59e-2)"	"unprognostic (3.97e-1)"	"unprognostic (4.24e-1)"	"unprognostic (4.42e-3)"	"unprognostic (1.96e-2)"	"unprognostic (1.03e-2)"	"unprognostic (1.92e-1)"		"unprognostic (7.36e-2)"
HOXA9	"HOX1, HOX1G"	ENSG00000078399	"Homeobox A9"	P31269	7	27162438-27175180	"Cancer-related genes, Disease related genes, Plasma proteins, Predicted intracellular proteins, Transcription factors"	"Transcription, Transcription regulation"	"Developmental protein, DNA-binding"	"Cancer-related genes, Proto-oncogene"	"Evidence at protein level"	"Evidence at protein level"	"Evidence at protein level"	"Evidence at protein level"	"Tissue enhanced"	"Detected in many"		"kidney: 27.6;skin 1: 24.9"	"Cell type enhanced"	"Detected in many"		"Distal tubular cells: 61.5;Endometrial stromal cells: 27.8;Enteroendocrine cells: 25.9;Intestinal goblet cells: 27.3;Proximal tubular cells: 72.0;Undifferentiated cells: 26.3"	"Not detected"	"Not detected"			"Low cancer specificity"	"Detected in many"			"Not detected"	"Not detected"			"Group enriched"	"Detected in some"	4	"basophil: 6.7;myeloid DC: 5.6;NK-cell: 11.6"	"Group enriched"	"Detected in many"	6	"dendritic cells: 5.6;granulocytes: 6.7;NK-cells: 11.6"	"Cancer enhanced"	"Detected in many"		"colorectal cancer: 56.5;Kidney cancer: 53.0"	"Skin - Keratinocyte (other)"	"Not detected"	"Not detected"			"Region enriched"	"Detected in single"	191	"spinal cord: 19.0"	"HPA061982, HPA076200"	Uncertain		Enhanced	Nucleoplasm			NA	NA			"Cluster 32: Basophils - Transcription"	"Cluster 59: Fallopian tube - Tissue development"		"Cluster 14: Myeloid leukemia - Innate immune response"	"Cluster 38: Proximal tubular cells - Transmembrane transport"	14	Nucleoplasm		"HPA061982: AB_2684651, HPA076200: "	"unprognostic (3.28e-2)"	"unprognostic (2.50e-1)"	"unprognostic (2.62e-3)"	"unprognostic (1.15e-2)"	"unprognostic (1.59e-1)"	"unprognostic (7.84e-2)"	"unprognostic (1.61e-1)"	"unprognostic (1.22e-1)"	"unprognostic (1.05e-1)"	"unprognostic (3.16e-1)"	"unprognostic (2.80e-2)"	"unprognostic (9.40e-2)"	"unprognostic (1.58e-2)"							"unprognostic (3.18e-3)"	"unprognostic (2.74e-1)"		"unprognostic (1.34e-3)"	"unprognostic (3.04e-2)"	"unprognostic (2.80e-1)"	"unprognostic (8.24e-3)"		"unprognostic (1.76e-1)"	"unprognostic (5.69e-2)"		"unprognostic (9.72e-2)"
HPGD	SDR36C1	ENSG00000164120	"15-hydroxyprostaglandin dehydrogenase"	P15428	4	174490175-174523154	"Cancer-related genes, Disease related genes, Enzymes, Human disease related genes, Metabolic proteins, Potential drug targets, Predicted intracellular proteins"	"Fatty acid metabolism, Lipid metabolism, Prostaglandin metabolism"	Oxidoreductase	"Cancer-related genes, Disease variant, Tumor suppressor"	"Evidence at protein level"	"Evidence at protein level"	"Evidence at protein level"	"Evidence at protein level"	"Tissue enhanced"	"Detected in many"		"stomach 1: 229.1;urinary bladder: 363.3"	"Cell type enhanced"	"Detected in many"		"Club cells: 296.3;Distal enterocytes: 340.0;Extravillous trophoblasts: 883.5;granulocytes: 945.1;Hepatocytes: 277.8;Proximal enterocytes: 470.9"	"Group enriched"	"Detected in many"	4	"choroid plexus epithelial cell: 85.5;endothelial cell: 47.0"	"Cancer enhanced"	"Detected in many"		"Bladder Urothelial Carcinoma (TCGA): 97.6"	"Region enhanced"	"Detected in many"		"choroid plexus: 17.4"	"Group enriched"	"Detected in many"	5	"basophil: 123.8;T-reg: 45.1"	"Group enriched"	"Detected in many"	73	"granulocytes: 123.8;T-cells: 45.1"	"Cancer enhanced"	"Detected in many"		"testis cancer: 111.7"	"Kidney - Proximal tubular cells, Liver - Hepatocytes, Skin - Keratinocyte (granular)"	"Low region specificity"	"Detected in all"			"Low region specificity"	"Detected in all"			"HPA004919, HPA005679"	Enhanced		Supported	Nucleoplasm,Cytosol			No	NA		7500	"Cluster 42: Non-specific - Vesicular transport"	"Cluster 37: Liver & Intestine - Lipid metabolism"	"Cluster 36: Choroid plexus - Mixed function"	"Cluster 47: Leukemia - Hemostasis"	"Cluster 30: Granulocytes - Unknown function"	4	Cytosol	Nucleoplasm	"HPA004919: AB_1079081, HPA005679: AB_1079080"	"unprognostic (2.13e-1)"	"unprognostic (8.70e-3)"	"unprognostic (3.55e-1)"	"unprognostic (2.22e-1)"	"unprognostic (3.68e-2)"	"unprognostic (1.01e-1)"		"unprognostic (4.47e-1)"	"unprognostic (4.01e-2)"	"unprognostic (1.59e-1)"	"potential prognostic favorable (9.77e-8)"	"unprognostic (6.86e-3)"	"unprognostic (5.76e-3)"	"unprognostic (1.19e-1)"	"unprognostic (5.71e-3)"	"unprognostic (3.76e-1)"	"unprognostic (3.10e-1)"	"unprognostic (2.63e-1)"	"unprognostic (2.77e-1)"	"unprognostic (3.74e-2)"	"unprognostic (1.07e-1)"	"unprognostic (3.95e-3)"	"unprognostic (6.02e-3)"	"unprognostic (8.05e-3)"	"unprognostic (2.18e-1)"	"unprognostic (3.50e-1)"	"unprognostic (6.74e-2)"	"unprognostic (1.26e-1)"	"unprognostic (2.01e-1)"	"potential prognostic unfavorable (1.33e-5)"	"unprognostic (4.72e-1)"
HRH4	"AXOR35, GPCR105, GPRv53, H4R, HH4R"	ENSG00000134489	"Histamine receptor H4"	Q9H3N8	18	24460637-24479961	"FDA approved drug targets, G-protein coupled receptors, Predicted membrane proteins"		"G-protein coupled receptor, Receptor, Transducer"	"FDA approved drug targets"	"Evidence at protein level"	"Evidence at transcript level"	"Evidence at protein level"	"Evidence at protein level"	"Not detected"	"Not detected"			"Cell type enhanced"	"Detected in some"		"granulocytes: 5.1;Langerhans cells: 1.1;Melanocytes: 1.7;Spermatocytes: 1.1"	"Low cell type specificity"	"Detected in some"			"Not detected"	"Not detected"			"Low region specificity"	"Detected in all"			"Group enriched"	"Detected in some"	123	"basophil: 212.9;eosinophil: 61.3"	"Lineage enriched"	"Detected in many"	191	"granulocytes: 212.9"	"Not detected"	"Not detected"			"Skin - Mast cells"	"Not detected"	"Not detected"			"Low region specificity"	"Detected in single"			HPA035009	Uncertain						NA	NA			"Cluster 46: Basophils - Proteolysis"		"Cluster 48: Non-specific - Mixed function"	"Cluster 14: Myeloid leukemia - Innate immune response"	"Cluster 30: Granulocytes - Unknown function"				"HPA035009: AB_10671507"																										"unprognostic (1.80e-2)"					
HTR2B	"5-HT(2B), 5-HT2B"	ENSG00000135914	"5-hydroxytryptamine receptor 2B"	P41595	2	231108230-231125042	"FDA approved drug targets, G-protein coupled receptors, Predicted membrane proteins, Transporters"	Behavior	"G-protein coupled receptor, Receptor, Transducer"	"FDA approved drug targets"	"Evidence at protein level"	"Evidence at protein level"	"Evidence at protein level"	"Evidence at protein level"	"Tissue enhanced"	"Detected in many"		"adrenal gland: 16.8;cervix: 20.7;endometrium 1: 18.2;smooth muscle: 16.2"	"Cell type enhanced"	"Detected in some"		"Endometrial stromal cells: 16.5;Microglial cells: 4.5;Peritubular cells: 4.8"	"Low cell type specificity"	"Detected in all"			"Cancer enhanced"	"Detected in many"		"Skin Cuteneous Melanoma (TCGA): 6.5"	"Low region specificity"	"Detected in all"			"Group enriched"	"Detected in some"	15	"basophil: 1.9;T-reg: 1.0"	"Group enriched"	"Detected in many"	15	"granulocytes: 1.9;T-cells: 1.0"	"Group enriched"	"Detected in some"	7	"Rhabdoid: 18.6;skin cancer: 13.6"	"Adrenal gland - Adrenal cortex cells, Kidney - Fibroblasts"	"Not detected"	"Not detected"			"Low region specificity"	"Detected in all"			"HPA012867, HPA063658"	Enhanced		Supported	Nucleoplasm			NA	NA				"Cluster 62: Connective tissue - ECM organization"	"Cluster 10: Cerebellum - Nucleic acid binding"	"Cluster 5: Rhabdoid - Unknown function"	"Cluster 9: Endometrial stromal cells - Transcription"	3	Nucleoplasm		"HPA012867: AB_1856710, HPA063658: AB_2685079"		"unprognostic (6.89e-2)"	"unprognostic (6.66e-2)"	"unprognostic (5.64e-2)"		"unprognostic (1.45e-1)"		"unprognostic (1.51e-3)"			"unprognostic (5.74e-3)"	"unprognostic (5.21e-2)"	"unprognostic (1.46e-2)"	"unprognostic (3.64e-2)"	"unprognostic (3.67e-3)"	"unprognostic (2.10e-2)"	"unprognostic (2.40e-1)"		"unprognostic (9.58e-2)"	"potential prognostic unfavorable (7.27e-4)"		"unprognostic (1.51e-1)"	"potential prognostic favorable (4.91e-4)"			"potential prognostic favorable (3.86e-4)"	"unprognostic (2.97e-2)"	"potential prognostic unfavorable (5.04e-5)"			"unprognostic (4.35e-2)"
HYAL3	"LUCA-3, LUCA14, Minna14"	ENSG00000186792	"Hyaluronidase 3"	O43820	3	50292831-50299405	"Enzymes, Metabolic proteins, Predicted intracellular proteins, Predicted secreted proteins"	Fertilization	"Glycosidase, Hydrolase"		"Evidence at protein level"	"Evidence at protein level"	"Evidence at protein level"	"Evidence at protein level"	"Tissue enhanced"	"Detected in many"		"bone marrow: 35.9"	"Cell type enriched"	"Detected in many"	4	"Late spermatids: 273.5"	"Low cell type specificity"	"Detected in many"			"Low cancer specificity"	"Detected in all"			"Low region specificity"	"Detected in all"			"Group enriched"	"Detected in all"	5	"basophil: 33.2;eosinophil: 54.7"	"Lineage enriched"	"Detected in all"	7	"granulocytes: 54.7"	"Low cancer specificity"	"Detected in all"			"Testis - Late spermatids"	"Low region specificity"	"Detected in some"			"Low region specificity"	"Detected in all"			HPA049402	Uncertain				"Secreted to blood"	Enzyme	NA	NA			"Cluster 36: Eosinophils - Protein ubiquitination"	"Cluster 6: Bone marrow - Innate immune response"	"Cluster 37: Neurons - Mixed function"	"Cluster 49: HMC-1 - Innate immune response"	"Cluster 63: Late spermatids - Spermatogenesis"	2			"HPA049402: AB_2680746"	"unprognostic (5.47e-2)"	"unprognostic (1.38e-2)"	"unprognostic (3.53e-1)"	"unprognostic (1.54e-3)"	"unprognostic (1.07e-1)"	"unprognostic (1.92e-1)"	"unprognostic (5.75e-2)"	"unprognostic (2.65e-2)"	"unprognostic (2.37e-2)"	"unprognostic (1.57e-1)"	"unprognostic (1.28e-1)"	"unprognostic (3.59e-3)"	"unprognostic (1.68e-1)"	"unprognostic (2.52e-3)"	"unprognostic (2.00e-3)"	"unprognostic (8.11e-3)"	"unprognostic (1.02e-1)"	"unprognostic (5.70e-2)"	"unprognostic (3.86e-3)"	"unprognostic (5.43e-2)"	"unprognostic (3.67e-1)"	"unprognostic (1.69e-1)"	"unprognostic (2.20e-1)"	"unprognostic (9.25e-2)"	"unprognostic (3.14e-2)"	"unprognostic (5.86e-2)"	"unprognostic (5.60e-2)"	"unprognostic (3.64e-2)"	"unprognostic (5.98e-3)"	"unprognostic (4.93e-2)"	"unprognostic (1.07e-2)"
IGHJ3		ENSG00000242887	"Immunoglobulin heavy joining 3"		14	105864587-105864635	"Immunoglobulin genes, Predicted intracellular proteins"				"Evidence at transcript level"	"Evidence at transcript level"			"Tissue enhanced"	"Detected in many"		"esophagus: 35.2;pancreas: 60.1"	"Cell type enriched"	"Detected in single"	135	"Plasma cells: 13.5"	"Not detected"	"Not detected"			"Low cancer specificity"	"Detected in all"			"Low region specificity"	"Detected in many"			"Group enriched"	"Detected in many"	8	"basophil: 9.0;naive B-cell: 35.9"	"Group enriched"	"Detected in many"	8	"B-cells: 35.9;granulocytes: 9.0"	"Cancer enriched"	"Detected in some"	7	"Myeloma: 88.4"	"Adipose subcutaneous - Plasma cells, Adipose visceral - Plasma cells, Adrenal gland - Plasma cells, Breast - Plasma cells, Colon - Plasma cells, Heart muscle - Plasma cells, Kidney - Plasma cells, Liver - Plasma cells, Lung - Plasma cells, Minor Salivary Gland - Plasma cells, Pancreas - Plasma cells, Pituitary gland - Plasma cells, Prostate - Plasma cells, Skeletal muscle - Plasma cells, Skin - Plasma cells, Spleen - Plasma cells, Stomach - Plasma cells, Thyroid gland - Plasma cells"																NA	NA			"Cluster 9: T-regs - Cell cycle regulation"		"Cluster 20: Macrophages & Microglia - Immune response"	"Cluster 51: Myeloma - Immunoglobulins"	"Cluster 23: Plasma cells - Humoral immune response"					"unprognostic (2.55e-1)"	"unprognostic (4.20e-1)"		"unprognostic (1.28e-1)"	"unprognostic (1.60e-1)"	"unprognostic (2.10e-1)"	"unprognostic (4.12e-1)"	"unprognostic (5.55e-1)"	"unprognostic (7.55e-3)"		"unprognostic (9.76e-2)"	"unprognostic (6.98e-1)"	"unprognostic (3.40e-1)"	"unprognostic (4.10e-1)"		"unprognostic (2.05e-1)"	"unprognostic (4.29e-1)"	"unprognostic (4.06e-1)"	"unprognostic (3.95e-1)"	"unprognostic (1.32e-1)"		"unprognostic (4.55e-1)"		"unprognostic (7.50e-2)"	"unprognostic (2.24e-1)"	"unprognostic (2.21e-1)"	"unprognostic (3.51e-1)"	"unprognostic (3.56e-1)"	"unprognostic (3.90e-2)"	"unprognostic (2.35e-1)"	
IL2RA	"CD25, IDDM10, IL2R"	ENSG00000134460	"Interleukin 2 receptor subunit alpha"	P01589	10	6010689-6062370	"Cancer-related genes, CD markers, Disease related genes, FDA approved drug targets, Human disease related genes, Plasma proteins, Predicted membrane proteins"	Immunity	Receptor	"Cancer-related genes, Diabetes mellitus, Disease variant, FDA approved drug targets"	"Evidence at protein level"	"Evidence at protein level"	"Evidence at protein level"	"Evidence at protein level"	"Tissue enhanced"	"Detected in many"		"adipose tissue: 18.1;lymphoid tissue: 17.5;urinary bladder: 10.5"	"Cell type enhanced"	"Detected in some"		"B-cells: 12.1;granulocytes: 21.6;Kupffer cells: 7.5;Macrophages: 11.7;NK-cells: 12.2;T-cells: 25.2"	"Cell type enriched"	"Detected in some"	5	"leukocyte: 13.1"	"Low cancer specificity"	"Detected in many"			"Low region specificity"	"Detected in single"			"Group enriched"	"Detected in many"	8	"basophil: 192.6;T-reg: 271.0"	"Group enriched"	"Detected in many"	15	"granulocytes: 192.6;T-cells: 271.0"	"Cancer enriched"	"Detected in some"	31	"lymphoma: 158.1"	"Heart muscle - Macrophages, Minor Salivary Gland - Macrophages, Pituitary gland - Macrophages, Stomach - Macrophages, Thyroid gland - Macrophages"	"Not detected"	"Not detected"			"Low region specificity"	"Detected in some"			"CAB002419, HPA054622"	Enhanced						NA	NA		270000	"Cluster 5: Non-specific - Cell proliferation"	"Cluster 70: Lymphoid tissue - Immune response"	"Cluster 8: Immune cells - Immune response"	"Cluster 71: Lymphoma - Inflammatory response"	"Cluster 14: Langerhans cells - Innate immune response"	1			"CAB002419: AB_563538, HPA054622: AB_2682546"	"unprognostic (1.10e-1)"	"unprognostic (1.68e-1)"	"unprognostic (8.88e-2)"	"unprognostic (2.96e-2)"	"unprognostic (7.10e-2)"	"unprognostic (1.25e-1)"	"unprognostic (4.10e-2)"	"potential prognostic unfavorable (7.60e-4)"	"unprognostic (1.11e-2)"		"potential prognostic unfavorable (8.13e-5)"	"unprognostic (4.84e-2)"	"unprognostic (7.93e-3)"		"unprognostic (4.14e-1)"	"unprognostic (1.94e-1)"	"potential prognostic unfavorable (2.71e-4)"	"unprognostic (9.68e-2)"	"unprognostic (1.29e-1)"	"unprognostic (6.15e-2)"	"unprognostic (3.65e-1)"	"unprognostic (5.21e-2)"	"potential prognostic unfavorable (8.26e-4)"		"unprognostic (1.17e-1)"	"unprognostic (1.36e-1)"	"unprognostic (7.94e-2)"	"unprognostic (1.32e-1)"	"unprognostic (7.33e-2)"	"unprognostic (7.39e-2)"	"unprognostic (4.95e-3)"
IL5RA	"CD125, CDw125, IL5R"	ENSG00000091181	"Interleukin 5 receptor subunit alpha"	Q01344	3	3066324-3126613	"CD markers, FDA approved drug targets, Plasma proteins, Predicted intracellular proteins, Predicted membrane proteins"		Receptor	"FDA approved drug targets"	"Evidence at protein level"	"Evidence at transcript level"	"Evidence at protein level"	"Evidence at protein level"	"Tissue enhanced"	"Detected in many"		"choroid plexus: 6.0;fallopian tube: 10.4"	"Group enriched"	"Detected in some"	5	"Ciliated cells: 31.3;granulocytes: 34.5;Plasma cells: 16.6"	"Cell type enriched"	"Detected in many"	4	"ependymal cell: 101.1"	"Cancer enhanced"	"Detected in some"		"Prostate Adenocarcinoma (TCGA): 3.5"	"Low region specificity"	"Detected in all"			"Group enriched"	"Detected in some"	190	"basophil: 179.4;eosinophil: 356.1"	"Lineage enriched"	"Detected in many"	253	"granulocytes: 356.1"	"Cancer enhanced"	"Detected in some"		"lymphoma: 2.7;Myeloma: 8.5"	"Adipose subcutaneous - Mast cells, Colon - Mast cells, Lung - Respiratory ciliated cells, Minor Salivary Gland - Plasma cells, Prostate - Prostate glandular cells, Skin - Mast cells, Spleen - Plasma cells, Testis - Early spermatids, Testis - Late spermatids"	"Not detected"	"Not detected"			"Low region specificity"	"Detected in many"								"Intracellular and membrane"	Receptor	NA	NA		7700000	"Cluster 22: Eosinophils - Transcription"	"Cluster 8: Ciliated cells - Cilium organization"	"Cluster 3: Choroid plexus - Cilium"	"Cluster 50: Lymphoma - Unknown function"	"Cluster 42: Ciliated cells - Cilium assembly"	9						"unprognostic (7.54e-2)"			"unprognostic (1.46e-1)"											"unprognostic (1.72e-3)"		"unprognostic (1.09e-1)"					"unprognostic (3.08e-2)"		"unprognostic (4.14e-2)"					"unprognostic (1.74e-2)"
INCENP	FLJ31633	ENSG00000149503	"Inner centromere protein"	Q9NQS7	11	62123998-62153169	"Predicted intracellular proteins"	"Cell cycle, Cell division, Chromosome partition, Mitosis"			"Evidence at protein level"	"Evidence at protein level"	"Evidence at protein level"	"Evidence at protein level"	"Tissue enhanced"	"Detected in all"		"bone marrow: 20.7"	"Cell type enhanced"	"Detected in many"		"Plasma cells: 13.9;Squamous epithelial cells: 15.2"	"Low cell type specificity"	"Detected in all"			"Low cancer specificity"	"Detected in all"			"Low region specificity"	"Detected in all"			"Group enriched"	"Detected in some"	7	"basophil: 1.2;NK-cell: 1.1"	"Group enriched"	"Detected in many"	7	"granulocytes: 1.2;NK-cells: 1.1"	"Low cancer specificity"	"Detected in all"			"Adipose visceral - Adipose progenitor cells, Spleen - Mitotic cells (Spleen), Stomach - Mitotic cells (Stomach), Testis - Spermatocytes"	"Low region specificity"	"Detected in all"			"Low region specificity"	"Detected in all"			"CAB013292, HPA051339, HPA070550"	Enhanced		Supported	"Nucleoplasm,Nuclear bodies,Kinetochore,Midbody"			Yes	Yes				"Cluster 77: Bone marrow - Cell proliferation"	"Cluster 15: Non-specific - Transcription"	"Cluster 24: Non-specific - Unknown function"	"Cluster 61: Plasma cells - Immunoglobulins & histones"	31	"Nuclear bodies, Kinetochore"	"Nucleoplasm, Midbody"	"CAB013292: AB_2533405, HPA051339: AB_2732566, HPA070550: AB_2686279"	"unprognostic (1.70e-1)"	"unprognostic (2.10e-1)"	"unprognostic (1.38e-1)"	"unprognostic (4.90e-3)"	"unprognostic (7.12e-2)"	"unprognostic (2.06e-1)"	"unprognostic (3.20e-1)"	"unprognostic (5.84e-2)"	"unprognostic (2.97e-1)"	"potential prognostic unfavorable (6.69e-5)"	"unprognostic (1.28e-3)"	"unprognostic (1.96e-1)"	"unprognostic (3.31e-2)"	"validated prognostic unfavorable (1.49e-4)"	"validated prognostic unfavorable (2.27e-4)"	"unprognostic (1.17e-3)"	"potential prognostic unfavorable (1.82e-4)"	"unprognostic (1.56e-1)"	"unprognostic (4.17e-2)"	"unprognostic (1.78e-1)"	"unprognostic (7.34e-2)"	"potential prognostic unfavorable (1.67e-5)"	"unprognostic (2.34e-2)"	"unprognostic (8.67e-2)"	"unprognostic (1.22e-2)"	"unprognostic (1.40e-1)"	"unprognostic (9.51e-2)"	"unprognostic (1.38e-2)"	"unprognostic (1.72e-1)"	"unprognostic (7.55e-2)"	"unprognostic (1.22e-1)"
INKA1	"C3orf54, FAM212A"	ENSG00000185614	"Inka box actin regulator 1"		3	49803261-49805030	"Predicted intracellular proteins"				"Evidence at transcript level"	"Evidence at transcript level"			"Tissue enhanced"	"Detected in many"		"esophagus: 19.1;skin 1: 23.4"	"Cell type enhanced"	"Detected in many"		"Basal keratinocytes: 21.6;Basal respiratory cells: 23.3;granulocytes: 30.6;Hofbauer cells: 50.6;Squamous epithelial cells: 23.8;Suprabasal keratinocytes: 28.0"	"Cell type enhanced"	"Detected in many"		"central nervous system macrophage: 25.1;pericyte: 9.6"	"Low cancer specificity"	"Detected in all"			"Low region specificity"	"Detected in all"			"Group enriched"	"Detected in many"	5	"basophil: 59.8;memory B-cell: 66.1;naive B-cell: 64.7"	"Group enriched"	"Detected in many"	7	"B-cells: 66.1;granulocytes: 59.8"	"Group enriched"	"Detected in many"	4	"Gallbladder cancer: 30.9;Leukemia: 34.5"	"Skin - Keratinocyte (other), Spleen - B-cells (Spleen)"	"Low region specificity"	"Detected in all"			"Low region specificity"	"Detected in many"			HPA041879	Uncertain		Approved	Nucleoplasm,Vesicles			NA	NA			"Cluster 32: Basophils - Transcription"	"Cluster 27: Squamous epithelium - Keratinization"	"Cluster 20: Macrophages & Microglia - Immune response"	"Cluster 35: RS4;11 - Unknown function"	"Cluster 57: Platelets - Hemostasis"	1	"Nucleoplasm, Vesicles"		"HPA041879: AB_10797269"	"unprognostic (2.83e-2)"	"unprognostic (3.28e-1)"		"unprognostic (2.33e-3)"	"unprognostic (4.54e-2)"	"unprognostic (3.01e-2)"	"unprognostic (7.64e-2)"	"unprognostic (1.89e-1)"	"potential prognostic favorable (2.80e-4)"	"unprognostic (4.31e-2)"	"unprognostic (4.18e-2)"	"unprognostic (8.05e-3)"	"unprognostic (1.67e-1)"	"unprognostic (9.09e-3)"		"unprognostic (2.60e-1)"	"unprognostic (2.63e-1)"	"unprognostic (7.41e-2)"	"unprognostic (1.82e-1)"	"unprognostic (4.05e-1)"	"unprognostic (4.86e-2)"	"unprognostic (1.48e-3)"	"unprognostic (1.81e-1)"	"unprognostic (1.09e-1)"	"unprognostic (1.58e-2)"	"unprognostic (9.74e-3)"	"unprognostic (1.75e-1)"	"unprognostic (3.82e-2)"	"unprognostic (1.87e-1)"	"unprognostic (1.48e-1)"	"unprognostic (2.47e-2)"
IRAK3	IRAK-M	ENSG00000090376	"Interleukin 1 receptor associated kinase 3"	Q9Y616	12	66189195-66254622	"Disease related genes, Enzymes, Human disease related genes, Plasma proteins, Potential drug targets, Predicted intracellular proteins"			Asthma	"Evidence at protein level"	"Evidence at transcript level"	"Evidence at protein level"	"Evidence at protein level"	"Tissue enhanced"	"Detected in many"		"bone marrow: 77.4"	"Cell type enriched"	"Detected in many"	6	"monocytes: 793.8"	"Cell type enhanced"	"Detected in many"		"central nervous system macrophage: 417.8;endothelial cell: 468.8"	"Low cancer specificity"	"Detected in many"			"Low region specificity"	"Detected in all"			"Group enriched"	"Detected in many"	5	"basophil: 12.7;classical monocyte: 23.5;intermediate monocyte: 24.2;myeloid DC: 11.5;neutrophil: 12.9;non-classical monocyte: 42.3"	"Group enriched"	"Detected in many"	12	"dendritic cells: 11.5;granulocytes: 12.9;monocytes: 42.3"	"Cancer enhanced"	"Detected in many"		"Leukemia: 15.6"	"Lung - Neutrophil_2"	"Low region specificity"	"Detected in some"			"Low region specificity"	"Detected in all"			HPA043097	Approved		Approved	Vesicles			NA	NA			"Cluster 40: Monocytes - Innate immune response"	"Cluster 81: Lymphoid tissue & Bone marrow - Innate immune response"	"Cluster 47: Endothelial cells - Vasculature"	"Cluster 14: Myeloid leukemia - Innate immune response"	"Cluster 29: Monocytes - Innate immune response"	7	Vesicles		"HPA043097: AB_10795612"	"unprognostic (1.48e-1)"	"unprognostic (2.72e-1)"	"unprognostic (1.07e-1)"	"unprognostic (2.50e-1)"	"unprognostic (3.43e-1)"	"unprognostic (4.83e-2)"	"unprognostic (4.61e-1)"	"unprognostic (2.09e-1)"	"unprognostic (3.31e-2)"		"potential prognostic favorable (4.50e-4)"	"unprognostic (7.90e-3)"	"unprognostic (1.43e-1)"		"unprognostic (4.55e-2)"	"unprognostic (1.59e-1)"	"unprognostic (1.41e-2)"	"unprognostic (6.35e-3)"	"unprognostic (1.54e-2)"	"unprognostic (8.43e-2)"		"unprognostic (2.76e-2)"	"unprognostic (2.63e-1)"	"unprognostic (1.13e-1)"	"unprognostic (7.30e-2)"	"unprognostic (1.24e-3)"	"unprognostic (1.22e-1)"	"unprognostic (4.54e-2)"	"unprognostic (1.18e-1)"	"unprognostic (2.38e-2)"	
ITGB3	"CD61, GP3A, GPIIIa"	ENSG00000259207	"Integrin subunit beta 3"	P05106	17	47253827-47313743	"Cancer-related genes, CD markers, Disease related genes, FDA approved drug targets, Human disease related genes, Plasma proteins, Predicted intracellular proteins, Predicted membrane proteins"	"Cell adhesion, Host-virus interaction"	"Host cell receptor for virus entry, Integrin, Receptor"	"Cancer-related genes, Disease variant, FDA approved drug targets"	"Evidence at protein level"	"Evidence at protein level"	"Evidence at protein level"	"Evidence at protein level"	"Tissue enhanced"	"Detected in many"		"thyroid gland: 54.6"	"Cell type enhanced"	"Detected in many"		"Collecting duct cells: 9.7;Pancreatic endocrine cells: 10.2;Proximal tubular cells: 19.4;Salivary duct cells: 14.8;Sertoli cells: 13.6"	"Not detected"	"Not detected"			"Cancer enhanced"	"Detected in all"		"Skin Cuteneous Melanoma (TCGA): 42.7;Thyroid Carcinoma (TCGA): 54.7"	"Low region specificity"	"Detected in all"			"Group enriched"	"Detected in some"	17	"basophil: 5.6;neutrophil: 3.0"	"Lineage enriched"	"Detected in single"	22	"granulocytes: 5.6"	"Cancer enhanced"	"Detected in many"		"Kidney cancer: 99.0;skin cancer: 125.1"	"Liver - Vascular Endothelial cells, Prostate - Smooth muscle cells, Spleen - Platelets, Testis - Spermatogonia"	"Low region specificity"	"Detected in many"			"Low region specificity"	"Detected in all"			HPA027852	Approved		Supported	"Nucleoplasm,Plasma membrane"	"Intracellular and membrane"	Receptor	NA	NA		54000000	"Cluster 35: Neutrophils - Protein binding"	"Cluster 51: Thyroid gland - Unknown function"	"Cluster 12: Non-specific - Vasculature"	"Cluster 69: Skin cancer - ECM organization"	"Cluster 57: Platelets - Hemostasis"	26	"Plasma membrane"	Nucleoplasm	"HPA027852: AB_10601760"	"unprognostic (3.07e-1)"	"unprognostic (5.14e-2)"	"unprognostic (1.97e-1)"	"potential prognostic unfavorable (1.29e-5)"	"unprognostic (2.03e-1)"	"unprognostic (1.00e-1)"	"unprognostic (1.08e-2)"	"unprognostic (2.19e-2)"	"unprognostic (6.47e-3)"	"potential prognostic unfavorable (6.40e-4)"	"unprognostic (1.20e-3)"	"unprognostic (2.55e-1)"	"unprognostic (1.55e-1)"	"unprognostic (4.08e-1)"	"unprognostic (8.90e-2)"	"unprognostic (1.38e-1)"	"potential prognostic unfavorable (1.51e-4)"	"unprognostic (6.12e-2)"	"potential prognostic unfavorable (8.56e-4)"	"unprognostic (3.74e-1)"	"unprognostic (2.11e-1)"	"unprognostic (4.34e-2)"	"unprognostic (1.34e-2)"	"unprognostic (2.33e-2)"	"unprognostic (8.62e-2)"	"unprognostic (8.26e-2)"	"unprognostic (5.73e-2)"	"unprognostic (6.30e-3)"	"unprognostic (3.24e-1)"	"unprognostic (2.20e-1)"	"unprognostic (3.83e-2)"
ITM2A	"BRICD2A, E25A"	ENSG00000078596	"Integral membrane protein 2A"	O43736	X	79360384-79367667	"Predicted intracellular proteins, Predicted membrane proteins, Transporters"				"Evidence at protein level"	"Evidence at transcript level"	"Evidence at protein level"	"Evidence at protein level"	"Tissue enhanced"	"Detected in all"		"lymphoid tissue: 314.6"	"Cell type enhanced"	"Detected in many"		"Adipocytes: 381.8;Endothelial cells: 325.7;Fibroblasts: 267.1;granulocytes: 211.9;Leydig cells: 341.9;Muller glia cells: 217.8;Ovarian stromal cells: 195.1;T-cells: 228.3"	"Cell type enriched"	"Detected in many"	15	"endothelial cell: 909.6"	"Cancer enhanced"	"Detected in all"		"Glioblastoma Multiforme (TCGA): 84.5"	"Low region specificity"	"Detected in all"			"Group enriched"	"Detected in many"	6	"basophil: 173.0;eosinophil: 88.6;gdT-cell: 107.2;MAIT T-cell: 79.4;memory CD4 T-cell: 205.2;memory CD8 T-cell: 170.3;naive CD4 T-cell: 217.2;naive CD8 T-cell: 101.8;NK-cell: 130.9;T-reg: 168.4"	"Group enriched"	"Detected in all"	7	"granulocytes: 173.0;NK-cells: 130.9;T-cells: 217.2"	"Group enriched"	"Detected in many"	8	"Bone cancer: 184.6;Leukemia: 155.6;Myeloma: 57.1;prostate cancer: 105.4"	"Thyroid gland - Fibroblasts"	"Low region specificity"	"Detected in all"			"Low region specificity"	"Detected in all"			HPA000296			Approved	"Golgi apparatus,Vesicles,Plasma membrane"			NA	NA			"Cluster 5: Non-specific - Cell proliferation"	"Cluster 71: Thymus - Adaptive immune response"	"Cluster 47: Endothelial cells - Vasculature"	"Cluster 59: Leukemia - T-cell receptor"	"Cluster 53: Fibroblasts - ECM organization"	9	Vesicles	"Golgi apparatus, Plasma membrane"	"HPA000296: "	"unprognostic (6.25e-2)"	"unprognostic (1.55e-2)"	"unprognostic (3.09e-1)"	"unprognostic (9.18e-3)"	"unprognostic (5.39e-2)"	"unprognostic (3.85e-2)"	"unprognostic (4.51e-2)"	"unprognostic (1.15e-2)"	"unprognostic (5.13e-3)"	"unprognostic (2.40e-3)"	"potential prognostic favorable (2.00e-5)"	"unprognostic (2.06e-2)"	"unprognostic (4.67e-3)"	"potential prognostic favorable (8.70e-5)"	"unprognostic (3.96e-2)"	"unprognostic (6.27e-2)"	"unprognostic (8.20e-2)"	"unprognostic (9.57e-2)"	"unprognostic (2.72e-2)"	"unprognostic (1.37e-1)"	"unprognostic (1.94e-1)"	"unprognostic (8.97e-3)"	"unprognostic (1.67e-1)"	"unprognostic (5.69e-2)"	"unprognostic (1.51e-1)"	"unprognostic (6.87e-2)"	"unprognostic (5.17e-1)"	"unprognostic (8.97e-2)"	"unprognostic (1.04e-1)"	"unprognostic (9.80e-2)"	"unprognostic (2.10e-1)"
KATNIP	"JBTS26, KIAA0556"	ENSG00000047578	"Katanin interacting protein"	O60303	16	27550133-27780344	"Disease related genes, Human disease related genes, Predicted intracellular proteins"			"Ciliopathy, Joubert syndrome"	"Evidence at protein level"	"Evidence at protein level"	"Evidence at protein level"	"Evidence at protein level"	"Low tissue specificity"	"Detected in all"			"Cell type enhanced"	"Detected in many"		"Bipolar cells: 35.3;Ciliated cells: 39.2;Cone photoreceptor cells: 61.2;Oligodendrocytes: 50.0;Rod photoreceptor cells: 52.8"	"Low cell type specificity"	"Detected in all"			"Low cancer specificity"	"Detected in all"			"Low region specificity"	"Detected in all"			"Group enriched"	"Detected in many"	5	"basophil: 14.3;eosinophil: 3.6;neutrophil: 10.0;NK-cell: 5.0"	"Group enriched"	"Detected in all"	5	"granulocytes: 14.3;NK-cells: 5.0"	"Low cancer specificity"	"Detected in all"			"Lung - Respiratory ciliated cells, Testis - Early spermatids"	"Low region specificity"	"Detected in all"			"Low region specificity"	"Detected in all"			"HPA035089, HPA035090"	Enhanced		Approved	"Nucleoplasm,Primary cilium,Centriolar satellite,Basal body"			NA	NA			"Cluster 38: Monocytes & Neutrophils - Degranulation"	"Cluster 39: Retina & Testis - Cilium"	"Cluster 3: Choroid plexus - Cilium"	"Cluster 1: Neuronal - Visual perception"	"Cluster 42: Ciliated cells - Cilium assembly"	8	"Nucleoplasm, Basal body"	"Primary cilium, Centriolar satellite"	"HPA035089: AB_10671509, HPA035090: AB_10601129"	"unprognostic (9.64e-2)"	"unprognostic (2.34e-1)"		"unprognostic (2.17e-3)"	"unprognostic (1.19e-1)"	"unprognostic (2.97e-1)"	"unprognostic (1.15e-1)"	"unprognostic (1.44e-1)"	"unprognostic (8.25e-3)"	"potential prognostic unfavorable (5.69e-4)"	"unprognostic (1.19e-2)"	"unprognostic (2.83e-1)"	"unprognostic (1.14e-2)"	"unprognostic (6.34e-3)"		"unprognostic (4.23e-2)"	"unprognostic (7.67e-3)"	"unprognostic (1.35e-1)"	"unprognostic (1.54e-1)"	"unprognostic (4.63e-2)"	"unprognostic (3.56e-1)"	"unprognostic (1.11e-1)"	"unprognostic (6.79e-3)"	"unprognostic (2.02e-1)"	"unprognostic (1.83e-2)"	"unprognostic (1.06e-2)"	"unprognostic (4.19e-2)"	"unprognostic (2.49e-1)"	"unprognostic (2.35e-1)"	"unprognostic (5.52e-3)"	"unprognostic (9.39e-3)"
KCNE3	"HOKPP, MiRP2"	ENSG00000175538	"Potassium voltage-gated channel subfamily E regulatory subunit 3"	Q9Y6H6	11	74454841-74467729	"Disease related genes, Human disease related genes, Potential drug targets, Predicted intracellular proteins, Predicted membrane proteins, Transporters"	"Ion transport, Potassium transport, Transport"	"Ion channel, Potassium channel, Voltage-gated channel"	"Brugada syndrome, Disease variant"	"Evidence at protein level"	"Evidence at protein level"	"Evidence at protein level"	"Evidence at protein level"	"Tissue enhanced"	"Detected in all"		"intestine: 68.4;stomach 1: 54.6"	"Cell type enhanced"	"Detected in many"		"Gastric mucus-secreting cells: 43.6;Hofbauer cells: 48.7;Kupffer cells: 110.2;Macrophages: 36.9;monocytes: 50.3;Undifferentiated cells: 32.3"	"Group enriched"	"Detected in some"	4	"central nervous system macrophage: 27.9;endothelial cell: 9.8;fibroblast: 18.0;leukocyte: 7.2;pericyte: 20.2;vascular associated smooth muscle cell: 8.2"	"Low cancer specificity"	"Detected in all"			"Low region specificity"	"Detected in all"			"Group enriched"	"Detected in many"	49	"basophil: 51.7;classical monocyte: 38.6;eosinophil: 23.5;intermediate monocyte: 41.8;myeloid DC: 18.3;neutrophil: 53.4;non-classical monocyte: 36.8"	"Group enriched"	"Detected in many"	123	"dendritic cells: 18.3;granulocytes: 53.4;monocytes: 41.8"	"Cancer enhanced"	"Detected in many"		"Bone cancer: 68.1;cervical cancer: 61.1"	"Adipose subcutaneous - Macrophages, Adrenal gland - Macrophages"	"Not detected"	"Not detected"			"Low region specificity"	"Detected in all"			HPA014849	Approved		Supported	"Plasma membrane"			NA	NA			"Cluster 38: Monocytes & Neutrophils - Degranulation"	"Cluster 45: Intestine - Digestion"	"Cluster 20: Macrophages & Microglia - Immune response"	"Cluster 32: Non-specific - Cell proliferation"	"Cluster 29: Monocytes - Innate immune response"	72	"Plasma membrane"		"HPA014849: AB_1852112"	"unprognostic (7.59e-2)"	"unprognostic (1.99e-2)"	"unprognostic (2.20e-3)"	"unprognostic (4.99e-1)"	"unprognostic (2.87e-2)"	"unprognostic (1.96e-2)"	"unprognostic (1.27e-1)"	"unprognostic (2.31e-1)"	"unprognostic (1.58e-1)"	"unprognostic (3.71e-2)"	"unprognostic (1.20e-3)"	"potential prognostic favorable (3.11e-4)"	"unprognostic (2.58e-1)"	"unprognostic (1.74e-3)"	"unprognostic (1.86e-2)"	"unprognostic (1.93e-2)"	"unprognostic (3.30e-2)"	"unprognostic (5.58e-2)"	"unprognostic (2.25e-2)"	"unprognostic (1.55e-1)"	"unprognostic (1.76e-1)"	"unprognostic (3.96e-2)"	"potential prognostic favorable (7.95e-4)"	"unprognostic (2.22e-2)"	"unprognostic (2.26e-1)"	"unprognostic (4.59e-3)"	"potential prognostic unfavorable (1.73e-4)"	"unprognostic (3.25e-2)"	"unprognostic (1.11e-1)"	"unprognostic (1.18e-1)"	"unprognostic (3.22e-1)"
KDM6B	"JMJD3, KIAA0346"	ENSG00000132510	"Lysine demethylase 6B"	O15054	17	7834217-7854796	"Disease related genes, Enzymes, Human disease related genes, Potential drug targets, Predicted intracellular proteins"	"Inflammatory response"	"Chromatin regulator, Dioxygenase, Oxidoreductase"	"Disease variant, Intellectual disability"	"Evidence at protein level"	"Evidence at protein level"	"Evidence at protein level"	"Evidence at protein level"	"Low tissue specificity"	"Detected in all"			"Cell type enhanced"	"Detected in all"		"granulocytes: 414.0;Langerhans cells: 456.9;monocytes: 550.3"	"Low cell type specificity"	"Detected in all"			"Low cancer specificity"	"Detected in all"			"Low region specificity"	"Detected in all"			"Group enriched"	"Detected in some"	6	"basophil: 3.6;neutrophil: 8.9"	"Lineage enriched"	"Detected in single"	12	"granulocytes: 8.9"	"Low cancer specificity"	"Detected in all"				"Low region specificity"	"Detected in all"			"Low region specificity"	"Detected in all"			HPA037988	Supported		Approved	"Nuclear speckles"			NA	NA			"Cluster 21: Neutrophils - Unknown function"	"Cluster 66: Non-specific - Transcription"	"Cluster 15: Non-specific - Transcription"	"Cluster 42: Non-specific - Unknown function"	"Cluster 29: Monocytes - Innate immune response"	5	"Nuclear speckles"		"HPA037988: AB_10672502"	"unprognostic (2.27e-1)"	"unprognostic (2.09e-1)"	"unprognostic (8.97e-2)"	"unprognostic (1.01e-2)"	"unprognostic (1.23e-1)"	"unprognostic (4.75e-3)"	"unprognostic (1.62e-1)"	"unprognostic (2.17e-1)"	"unprognostic (2.80e-1)"	"unprognostic (8.73e-2)"	"potential prognostic favorable (5.02e-5)"	"unprognostic (2.36e-3)"	"unprognostic (4.43e-3)"	"unprognostic (6.59e-2)"	"unprognostic (4.73e-3)"	"unprognostic (1.36e-1)"	"unprognostic (1.43e-1)"	"unprognostic (1.59e-2)"	"unprognostic (1.87e-2)"	"unprognostic (4.12e-2)"	"unprognostic (4.59e-1)"	"unprognostic (9.04e-3)"	"unprognostic (7.59e-3)"	"unprognostic (1.27e-2)"	"unprognostic (1.53e-1)"	"unprognostic (1.48e-2)"	"unprognostic (2.24e-1)"	"unprognostic (6.94e-2)"	"unprognostic (1.56e-1)"	"potential prognostic unfavorable (1.22e-4)"	"unprognostic (7.39e-2)"
KIT	"C-Kit, CD117, PBT, SCFR"	ENSG00000157404	"KIT proto-oncogene, receptor tyrosine kinase"	P10721	4	54657267-54740783	"Cancer-related genes, CD markers, Disease related genes, Enzymes, FDA approved drug targets, Human disease related genes, Plasma proteins, Predicted intracellular proteins, Predicted membrane proteins, RAS pathway related proteins"		"Kinase, Receptor, Transferase, Tyrosine-protein kinase"	"Cancer-related genes, Disease variant, FDA approved drug targets, Proto-oncogene"	"Evidence at protein level"	"Evidence at protein level"	"Evidence at protein level"	"Evidence at protein level"	"Tissue enhanced"	"Detected in many"		"breast: 82.1"	"Group enriched"	"Detected in many"	6	"granulocytes: 984.7;Melanocytes: 386.5"	"Cell type enhanced"	"Detected in many"		"cerebellar inhibitory: 699.5;CGE interneuron: 325.6;midbrain-derived inhibitory: 571.8"	"Cancer enhanced"	"Detected in many"		"Kidney Chromophobe (TCGA): 143.8"	"Low region specificity"	"Detected in all"			"Group enriched"	"Detected in many"	6	"basophil: 16.1;eosinophil: 9.6;NK-cell: 11.1"	"Group enriched"	"Detected in many"	7	"granulocytes: 16.1;NK-cells: 11.1"	"Cancer enhanced"	"Detected in many"		"Leukemia: 28.3"	"Adipose subcutaneous - Mast cells, Lung - Mast cells, Minor Salivary Gland - Minor salivary glandular cells, Testis - Spermatogonia, Thyroid gland - Thyroid glandular cells"	"Low region specificity"	"Detected in all"			"Low region specificity"	"Detected in all"			"CAB003288, HPA004471, CAB068253, CAB072867, HPA073252"	Enhanced	Supported	Supported	"Plasma membrane"			NA	NA		46000000	"Cluster 32: Basophils - Transcription"	"Cluster 73: Breast - Lactation"	"Cluster 35: Non-specific - DNA binding"	"Cluster 49: HMC-1 - Innate immune response"	"Cluster 30: Granulocytes - Unknown function"	42	"Plasma membrane"		"CAB003288: AB_2335702, CAB068253: AB_2665717, CAB072867: AB_2665718, HPA004471: AB_1078431, HPA073252: AB_2686589"	"unprognostic (7.25e-2)"	"unprognostic (1.24e-2)"	"unprognostic (1.08e-1)"	"unprognostic (3.57e-1)"	"unprognostic (2.82e-1)"	"unprognostic (4.48e-2)"	"unprognostic (1.51e-1)"	"unprognostic (1.08e-1)"	"unprognostic (4.25e-2)"	"unprognostic (1.60e-1)"	"validated prognostic favorable (7.36e-5)"	"validated prognostic favorable (6.08e-5)"	"unprognostic (2.94e-1)"		"unprognostic (7.19e-3)"	"unprognostic (2.19e-3)"	"unprognostic (1.04e-2)"	"unprognostic (3.27e-2)"	"unprognostic (1.38e-1)"			"unprognostic (2.74e-1)"	"unprognostic (1.04e-1)"	"unprognostic (9.24e-2)"	"potential prognostic favorable (3.33e-4)"	"unprognostic (1.39e-2)"	"unprognostic (8.07e-2)"	"unprognostic (2.38e-3)"	"unprognostic (7.41e-2)"	"unprognostic (1.10e-2)"	"unprognostic (3.71e-1)"
KREMEN1	"KREMEN, KRM1"	ENSG00000183762	"Kringle containing transmembrane protein 1"	Q96MU8	22	29073035-29168333	"Disease related genes, Human disease related genes, Predicted membrane proteins"	"Wnt signaling pathway"		"Disease variant, Ectodermal dysplasia"	"Evidence at protein level"	"Evidence at transcript level"	"Evidence at protein level"	"Evidence at protein level"	"Low tissue specificity"	"Detected in all"			"Cell type enhanced"	"Detected in many"		"Astrocytes: 56.0"	"Cell type enhanced"	"Detected in all"		"bergmann glia: 158.8;fibroblast: 168.8"	"Low cancer specificity"	"Detected in all"			"Low region specificity"	"Detected in all"			"Group enriched"	"Detected in some"	5	"basophil: 1.3;neutrophil: 4.5"	"Lineage enriched"	"Detected in single"	7	"granulocytes: 4.5"	"Cancer enhanced"	"Detected in all"		"cervical cancer: 55.4"	"Spleen - Fibroblast_2, Testis - Sertoli cells"	"Low region specificity"	"Detected in all"			"Low region specificity"	"Detected in all"										NA	No		640000	"Cluster 35: Neutrophils - Protein binding"	"Cluster 35: Non-specific - Mitochondria"	"Cluster 33: Neurons - Mixed function"	"Cluster 32: Non-specific - Cell proliferation"	"Cluster 75: Serous glandular cells - Salivary secretion"	1				"unprognostic (1.52e-1)"	"unprognostic (3.17e-1)"	"unprognostic (1.53e-1)"	"unprognostic (4.00e-2)"	"unprognostic (2.53e-1)"	"unprognostic (1.74e-1)"	"unprognostic (1.68e-1)"	"unprognostic (2.21e-1)"	"unprognostic (1.20e-2)"	"unprognostic (1.14e-1)"	"potential prognostic favorable (2.63e-4)"	"unprognostic (2.78e-2)"	"unprognostic (1.87e-1)"	"potential prognostic unfavorable (7.19e-4)"	"unprognostic (6.93e-2)"	"unprognostic (5.57e-3)"	"unprognostic (2.09e-2)"	"unprognostic (7.80e-2)"	"unprognostic (7.33e-3)"	"unprognostic (2.10e-1)"	"unprognostic (4.33e-2)"	"unprognostic (9.74e-2)"	"unprognostic (5.90e-2)"	"unprognostic (1.26e-1)"	"unprognostic (2.09e-2)"	"potential prognostic unfavorable (1.87e-4)"	"unprognostic (7.91e-3)"	"unprognostic (1.13e-1)"	"unprognostic (1.68e-1)"	"unprognostic (1.76e-1)"	"unprognostic (6.92e-3)"
LAT	LAT1	ENSG00000213658	"Linker for activation of T cells"	O43561	16	28984826-28990784	"Disease related genes, Human disease related genes, Plasma proteins, Predicted intracellular proteins, Predicted membrane proteins, RAS pathway related proteins"	"Adaptive immunity, Immunity, Mast cell degranulation"			"Evidence at protein level"	"Evidence at protein level"	"Evidence at protein level"	"Evidence at protein level"	"Tissue enhanced"	"Detected in all"		"lymphoid tissue: 110.5"	"Cell type enhanced"	"Detected in many"		"granulocytes: 20.7;NK-cells: 20.1;T-cells: 21.0"	"Cell type enriched"	"Detected in all"	6	"leukocyte: 75.1"	"Low cancer specificity"	"Detected in all"			"Low region specificity"	"Detected in all"			"Group enriched"	"Detected in many"	20	"basophil: 308.6;gdT-cell: 303.5;MAIT T-cell: 212.3;memory CD4 T-cell: 295.3;memory CD8 T-cell: 306.9;naive CD4 T-cell: 276.3;naive CD8 T-cell: 267.4;NK-cell: 114.7;T-reg: 411.7"	"Group enriched"	"Detected in all"	172	"granulocytes: 308.6;NK-cells: 114.7;T-cells: 411.7"	"Cancer enhanced"	"Detected in all"		"Leukemia: 87.4"	"Spleen - T-cells"	"Not detected"	"Not detected"			"Low region specificity"	"Detected in all"			"CAB002223, HPA011157, CAB012978, CAB079960"	Enhanced		Supported	"Golgi apparatus,Plasma membrane"			NA	NA		110000	"Cluster 5: Non-specific - Cell proliferation"	"Cluster 71: Thymus - Adaptive immune response"	"Cluster 15: Non-specific - Transcription"	"Cluster 59: Leukemia - T-cell receptor"	"Cluster 7: T-cells - T-cell receptor"	29	"Plasma membrane"	"Golgi apparatus"	"CAB002223: AB_563852, CAB012978: , CAB079960: , HPA011157: AB_1079237"	"unprognostic (3.79e-1)"	"unprognostic (4.51e-3)"	"unprognostic (1.38e-2)"	"potential prognostic favorable (9.44e-4)"	"unprognostic (1.67e-2)"	"unprognostic (1.77e-1)"	"unprognostic (1.48e-1)"		"potential prognostic favorable (6.26e-4)"	"unprognostic (1.89e-2)"	"potential prognostic unfavorable (1.29e-5)"	"unprognostic (8.78e-2)"	"unprognostic (6.20e-2)"	"unprognostic (9.10e-2)"	"unprognostic (3.13e-2)"	"unprognostic (1.81e-2)"	"unprognostic (5.39e-2)"	"unprognostic (1.58e-1)"	"unprognostic (1.39e-1)"	"unprognostic (6.42e-2)"	"potential prognostic favorable (4.17e-4)"	"unprognostic (2.93e-2)"	"potential prognostic unfavorable (1.30e-5)"	"unprognostic (5.81e-2)"	"unprognostic (1.66e-1)"	"unprognostic (1.94e-2)"	"unprognostic (4.66e-2)"	"unprognostic (3.76e-2)"	"unprognostic (5.16e-2)"	"unprognostic (1.64e-1)"	"unprognostic (2.47e-2)"
LCN2	"24p3, NGAL"	ENSG00000148346	"Lipocalin 2"	P80188	9	128149071-128153453	"Candidate cardiovascular disease genes, Plasma proteins, Predicted secreted proteins"	"Apoptosis, Immunity, Innate immunity, Ion transport, Iron transport, Transport"			"Evidence at protein level"	"Evidence at protein level"	"Evidence at protein level"	"Evidence at protein level"	"Tissue enhanced"	"Detected in many"		"bone marrow: 2741.6;gallbladder: 2147.7;salivary gland: 1269.8"	"Cell type enhanced"	"Detected in many"		"Basal respiratory cells: 4540.1;Club cells: 6415.0;Ductal cells: 6544.0;Exocrine glandular cells: 2381.1;Ionocytes: 7173.7;Mucus glandular cells: 2129.9"	"Not detected"	"Not detected"			"Cancer enhanced"	"Detected in many"		"Stomach Adenocarcinoma (TCGA): 2769.6"	"Region enriched"	"Detected in single"	5	"choroid plexus: 4.2"	"Group enriched"	"Detected in some"	88	"basophil: 9.7;neutrophil: 11.9;non-classical monocyte: 4.7"	"Group enriched"	"Detected in many"	84	"granulocytes: 11.9;monocytes: 4.7"	"Cancer enhanced"	"Detected in many"		"Bile duct cancer: 2754.0;pancreatic cancer: 1459.4"	"Colon - Colon enterocytes, Prostate - Urothelial cells"	"Low region specificity"	"Detected in some"			"Group enriched"	"Detected in all"	6	"cerebellum: 275.8;spinal cord: 180.6"	"HPA002695, CAB016549, CAB016550"	Enhanced		Supported	"Endoplasmic reticulum"	"Secreted in other tissues"	Transport	NA	NA		340000000	"Cluster 37: Monocytes & Neutrophils - Innate immune response"	"Cluster 77: Bone marrow - Cell proliferation"	"Cluster 42: Choroid plexus - Mitochondria"	"Cluster 53: Squamous epithelial cells - Keratinization"	"Cluster 45: Non-specific - Mixed function"	49	"Endoplasmic reticulum"		"CAB016549: , CAB016550: , HPA002695: AB_1852758"	"unprognostic (2.10e-1)"	"unprognostic (1.88e-3)"	"unprognostic (4.91e-2)"	"unprognostic (1.95e-1)"	"unprognostic (4.47e-1)"	"unprognostic (1.15e-1)"			"unprognostic (4.79e-2)"	"unprognostic (1.32e-1)"	"potential prognostic unfavorable (7.35e-5)"	"unprognostic (1.15e-1)"	"unprognostic (2.62e-3)"	"unprognostic (1.35e-1)"	"unprognostic (1.48e-2)"	"unprognostic (1.74e-1)"	"unprognostic (8.65e-2)"	"unprognostic (2.60e-1)"	"potential prognostic unfavorable (6.82e-4)"	"unprognostic (1.56e-1)"	"unprognostic (6.97e-3)"	"unprognostic (1.65e-2)"	"unprognostic (1.44e-1)"	"unprognostic (6.23e-2)"	"unprognostic (1.52e-1)"	"unprognostic (2.84e-2)"	"unprognostic (2.93e-1)"	"unprognostic (8.08e-2)"	"unprognostic (2.62e-1)"	"unprognostic (2.86e-2)"	"unprognostic (1.88e-1)"
LIN7A	"LIN-7A, MALS-1, TIP-33, VELI1"	ENSG00000111052	"Lin-7 homolog A, crumbs cell polarity complex component"	O14910	12	80792520-80937934	"Predicted intracellular proteins"	"Exocytosis, Protein transport, Transport"			"Evidence at protein level"	"Evidence at transcript level"	"Evidence at protein level"	"Evidence at protein level"	"Tissue enhanced"	"Detected in many"		"bone marrow: 27.6;retina: 25.8"	"Cell type enhanced"	"Detected in many"		"Bipolar cells: 68.1;Early spermatids: 113.6;Excitatory neurons: 131.1;Inhibitory neurons: 88.9;Late spermatids: 83.8;Spermatocytes: 49.4"	"Low cell type specificity"	"Detected in all"			"Cancer enhanced"	"Detected in many"		"Kidney Chromophobe (TCGA): 44.3"	"Low region specificity"	"Detected in all"			"Group enriched"	"Detected in some"	4	"basophil: 18.9;eosinophil: 15.8;neutrophil: 30.1"	"Lineage enriched"	"Detected in many"	6	"granulocytes: 30.1"	"Cancer enhanced"	"Detected in many"		"Bone cancer: 9.1"	"Prostate - Fibroblasts, Skeletal muscle - Endothelial cells, Skin - Endothelial cells, Testis - Early spermatids"	"Low region specificity"	"Detected in all"			"Low region specificity"	"Detected in all"			HPA071562	Approved						NA	NA			"Cluster 35: Neutrophils - Protein binding"	"Cluster 28: Neuronal - Transcription"	"Cluster 2: Neurons - Nucleosome"	"Cluster 59: Leukemia - T-cell receptor"	"Cluster 65: Neurons - Synaptic function"	31			"HPA071562: AB_2732181"	"unprognostic (4.00e-2)"	"unprognostic (4.37e-2)"	"unprognostic (2.38e-1)"		"unprognostic (3.06e-1)"	"unprognostic (2.08e-1)"	"unprognostic (2.71e-2)"	"unprognostic (2.50e-1)"		"unprognostic (7.97e-3)"	"validated prognostic favorable (5.31e-9)"	"validated prognostic favorable (2.84e-4)"	"unprognostic (6.40e-2)"	"unprognostic (6.85e-2)"	"unprognostic (8.80e-2)"	"unprognostic (2.45e-2)"	"unprognostic (1.40e-2)"	"unprognostic (1.58e-2)"	"unprognostic (2.21e-2)"			"unprognostic (1.29e-1)"	"potential prognostic unfavorable (5.46e-4)"	"unprognostic (3.92e-1)"	"unprognostic (5.71e-2)"	"unprognostic (9.34e-2)"		"potential prognostic unfavorable (7.81e-5)"		"unprognostic (2.45e-2)"	"unprognostic (1.62e-1)"
LINGO3	"LERN2, LRRN6B"	ENSG00000220008	"Leucine rich repeat and Ig domain containing 3"	P0C6S8	19	2287164-2308154	"Predicted membrane proteins"				"Evidence at protein level"	"Evidence at protein level"	"No human protein/transcript evidence"	"Evidence at protein level"	"Tissue enhanced"	"Detected in some"		"brain: 23.9;lymphoid tissue: 6.1"	"Cell type enhanced"	"Detected in some"		"Bipolar cells: 40.3;Cone photoreceptor cells: 8.5;Horizontal cells: 6.3;Oligodendrocyte precursor cells: 16.0"	"Cell type enhanced"	"Detected in many"		"medium spiny neuron: 10.3;oligodendrocyte precursor cell: 17.3"	"Cancer enhanced"	"Detected in some"		"Glioblastoma Multiforme (TCGA): 2.4"	"Low region specificity"	"Detected in all"			"Group enriched"	"Detected in some"	5	"basophil: 1.3;eosinophil: 4.0;neutrophil: 1.5"	"Lineage enriched"	"Detected in single"	9	"granulocytes: 4.0"	"Cancer enriched"	"Detected in some"	5	"Leukemia: 8.1"	"Adrenal gland - Macrophages, Minor Salivary Gland - Macrophages"	"Region enhanced"	"Detected in all"		"basal ganglia: 59.6"	"Group enriched"	"Detected in many"	8	"basal ganglia: 38.0;cerebellum: 26.2;hippocampal formation: 11.0"	"HPA043781, HPA059558"	Enhanced		Approved	Mitochondria			NA	NA			"Cluster 22: Eosinophils - Transcription"	"Cluster 34: Non-specific - Mixed function"	"Cluster 33: Neurons - Mixed function"	"Cluster 6: Leukemia - Signal transduction"	"Cluster 25: Bipolar cells - Visual perception"		Mitochondria		"HPA043781: AB_2678668, HPA059558: AB_2684062"			"unprognostic (1.93e-1)"			"unprognostic (2.45e-1)"	"unprognostic (9.74e-2)"																			"unprognostic (4.04e-3)"		"unprognostic (3.17e-1)"			
LTC4S	MGC33147	ENSG00000213316	"Leukotriene C4 synthase"	Q16873	5	179793980-179796647	"Disease related genes, Enzymes, Human disease related genes, Metabolic proteins, Potential drug targets, Predicted membrane proteins"	"Leukotriene biosynthesis, Lipid biosynthesis, Lipid metabolism"	"Lyase, Transferase"		"Evidence at protein level"	"Evidence at transcript level"	"Evidence at protein level"	"Evidence at protein level"	"Low tissue specificity"	"Detected in many"			"Cell type enriched"	"Detected in many"	4	"granulocytes: 626.4"	"Cell type enriched"	"Detected in all"	6	"central nervous system macrophage: 186.2"	"Low cancer specificity"	"Detected in many"			"Low region specificity"	"Detected in all"			"Group enriched"	"Detected in many"	5	"basophil: 20.4;eosinophil: 63.3"	"Lineage enriched"	"Detected in many"	7	"granulocytes: 63.3"	"Cancer enriched"	"Detected in single"	11	"Leukemia: 5.6"						"Low region specificity"	"Detected in all"			HPA044688			Approved	"Nucleoplasm,Endoplasmic reticulum,Cytosol"			NA	NA			"Cluster 36: Eosinophils - Protein ubiquitination"	"Cluster 7: Adipose tissue - Mixed function"	"Cluster 20: Macrophages & Microglia - Immune response"	"Cluster 49: HMC-1 - Innate immune response"	"Cluster 30: Granulocytes - Unknown function"	9	Nucleoplasm	"Endoplasmic reticulum, Cytosol"	"HPA044688: "		"unprognostic (1.67e-1)"	"unprognostic (3.28e-1)"	"unprognostic (3.31e-2)"			"unprognostic (1.31e-1)"			"unprognostic (1.00e-1)"	"unprognostic (3.25e-3)"	"unprognostic (2.67e-1)"	"unprognostic (5.59e-2)"		"unprognostic (5.87e-3)"	"unprognostic (3.13e-3)"				"unprognostic (1.72e-2)"	"unprognostic (1.37e-1)"	"validated prognostic favorable (5.27e-4)"	"validated prognostic favorable (1.90e-4)"	"unprognostic (1.42e-1)"				"unprognostic (4.67e-3)"		"unprognostic (8.30e-2)"	
MAFF	hMafF	ENSG00000185022	"MAF bZIP transcription factor F"	Q9ULX9	22	38200767-38216507	"Predicted intracellular proteins, Transcription factors"	"Stress response, Transcription, Transcription regulation"	"DNA-binding, Repressor"		"Evidence at protein level"	"Evidence at transcript level"	"Evidence at protein level"	"Evidence at protein level"	"Low tissue specificity"	"Detected in all"			"Cell type enhanced"	"Detected in many"		"Glandular and luminal cells: 691.6;Syncytiotrophoblasts: 518.2"	"Cell type enhanced"	"Detected in many"		"endothelial cell: 44.4;vascular associated smooth muscle cell: 22.9"	"Low cancer specificity"	"Detected in all"			"Low region specificity"	"Detected in all"			"Group enriched"	"Detected in many"	5	"basophil: 23.9;neutrophil: 8.6;NK-cell: 21.1"	"Group enriched"	"Detected in many"	6	"granulocytes: 23.9;NK-cells: 21.1"	"Cancer enhanced"	"Detected in all"		"skin cancer: 80.1"	"Colon - Neutrophils, Testis - Endothelial cells"	"Low region specificity"	"Detected in many"			"Low region specificity"	"Detected in many"			"CAB025341, HPA055371"	Approved		Approved	Nucleoplasm,Mitochondria			No	No			"Cluster 32: Basophils - Transcription"	"Cluster 41: Smooth muscle tissue - ECM organization"	"Cluster 18: Non-specific - Mixed function"	"Cluster 9: Skin cancer - Melanin biosynthesis"	"Cluster 37: Glandular & Luminal cells - Unknown function"	22	Nucleoplasm	Mitochondria	"CAB025341: , HPA055371: AB_2682797"	"unprognostic (1.51e-1)"	"unprognostic (3.17e-3)"	"unprognostic (3.43e-2)"	"unprognostic (4.91e-3)"	"unprognostic (2.97e-2)"	"unprognostic (2.07e-2)"	"unprognostic (2.86e-2)"	"unprognostic (3.50e-2)"	"potential prognostic unfavorable (9.05e-4)"	"unprognostic (3.03e-1)"	"unprognostic (4.02e-1)"	"unprognostic (2.14e-3)"	"unprognostic (2.48e-1)"	"unprognostic (1.28e-2)"	"unprognostic (9.48e-2)"	"unprognostic (4.12e-3)"	"unprognostic (2.70e-1)"	"unprognostic (4.28e-2)"	"unprognostic (1.25e-1)"	"unprognostic (8.93e-3)"	"unprognostic (1.66e-1)"	"potential prognostic unfavorable (6.66e-4)"	"unprognostic (1.06e-1)"	"unprognostic (3.07e-1)"	"unprognostic (3.25e-2)"	"unprognostic (1.68e-3)"	"unprognostic (3.76e-2)"	"unprognostic (1.52e-1)"	"unprognostic (2.17e-1)"	"unprognostic (8.88e-2)"	"unprognostic (1.97e-1)"
MALL	BENE	ENSG00000144063	"Mal, T cell differentiation protein like"	Q13021	2	110083870-110116022	"Predicted intracellular proteins, Predicted membrane proteins"				"Evidence at protein level"	"Evidence at transcript level"	"Evidence at protein level"	"Evidence at protein level"	"Tissue enhanced"	"Detected in many"		"esophagus: 358.1;intestine: 228.6"	"Cell type enhanced"	"Detected in many"		"Alveolar cells type 1: 185.3;Alveolar cells type 2: 238.9;Distal enterocytes: 653.1;Ductal cells: 277.7;Paneth cells: 207.2;Proximal enterocytes: 768.5"	"Cell type enriched"	"Detected in single"	18	"endothelial cell: 4.2"	"Low cancer specificity"	"Detected in all"			"Low region specificity"	"Detected in all"			"Group enriched"	"Detected in some"	4	"basophil: 8.2;neutrophil: 2.4"	"Lineage enriched"	"Detected in many"	7	"granulocytes: 8.2"	"Low cancer specificity"	"Detected in many"			"Adipose subcutaneous - Endothelial cells, Adrenal gland - Endothelial cells, Heart muscle - Endothelial cells, Kidney - Endothelial cells, Lung - Alveolar cells type 2, Skin - Keratinocyte (other), Testis - Early spermatids"	"Not detected"	"Not detected"			"Low region specificity"	"Detected in all"			HPA051410	Uncertain						NA	NA			"Cluster 20: Non-specific - DNA binding"	"Cluster 75: Epithelium - Extracellular exosomes"	"Cluster 56: Hypothalamus - Neuropeptide signaling"	"Cluster 53: Squamous epithelial cells - Keratinization"	"Cluster 45: Non-specific - Mixed function"	51			"HPA051410: AB_2681474"	"unprognostic (1.63e-2)"	"unprognostic (3.72e-1)"	"unprognostic (1.45e-2)"	"unprognostic (6.48e-3)"	"unprognostic (1.62e-1)"	"unprognostic (1.65e-1)"	"unprognostic (9.26e-3)"		"unprognostic (1.17e-1)"	"unprognostic (1.20e-1)"	"unprognostic (2.06e-3)"	"unprognostic (1.24e-1)"	"unprognostic (3.11e-1)"	"unprognostic (9.63e-2)"	"unprognostic (5.89e-2)"	"unprognostic (2.03e-2)"	"unprognostic (1.02e-1)"	"unprognostic (9.14e-2)"	"unprognostic (4.01e-2)"	"unprognostic (4.60e-2)"	"unprognostic (1.13e-1)"	"potential prognostic unfavorable (1.09e-4)"	"unprognostic (8.38e-2)"	"unprognostic (2.62e-1)"	"unprognostic (1.36e-1)"	"unprognostic (1.06e-1)"	"unprognostic (1.48e-1)"	"unprognostic (6.79e-2)"	"unprognostic (1.29e-1)"	"unprognostic (2.28e-1)"	"unprognostic (8.81e-3)"
MAP4K5	"GCKR, KHS, KHS1"	ENSG00000012983	"Mitogen-activated protein kinase kinase kinase kinase 5"	Q9Y4K4	14	50418501-50561126	"Enzymes, Predicted intracellular proteins"		"Kinase, Serine/threonine-protein kinase, Transferase"		"Evidence at protein level"	"Evidence at protein level"	"Evidence at protein level"	"Evidence at protein level"	"Low tissue specificity"	"Detected in all"			"Cell type enhanced"	"Detected in all"		"Oligodendrocyte precursor cells: 312.2;Oligodendrocytes: 658.2"	"Cell type enhanced"	"Detected in all"		"oligodendrocyte: 1145.1"	"Low cancer specificity"	"Detected in all"			"Low region specificity"	"Detected in all"			"Group enriched"	"Detected in many"	6	"basophil: 18.9;eosinophil: 5.5"	"Lineage enriched"	"Detected in many"	9	"granulocytes: 18.9"	"Low cancer specificity"	"Detected in all"			"Spleen - Endothelial cells"	"Low region specificity"	"Detected in all"			"Low region specificity"	"Detected in all"			"HPA036696, HPA078030"	Uncertain		Supported	"Plasma membrane,Primary cilium,Cytosol"			NA	NA			"Cluster 42: Non-specific - Vesicular transport"	"Cluster 62: Connective tissue - ECM organization"	"Cluster 28: Oligodendrocytes - Mixed function"	"Cluster 30: Non-specific - Gene expression regulation"	"Cluster 51: Oligodendrocytes - Unknown function"	15	Cytosol	"Plasma membrane, Primary cilium"	"HPA036696: AB_10672362, HPA078030: "	"unprognostic (1.76e-1)"	"unprognostic (3.85e-1)"	"unprognostic (3.94e-1)"	"unprognostic (4.29e-2)"	"unprognostic (3.36e-1)"	"unprognostic (3.43e-2)"	"unprognostic (1.53e-1)"	"potential prognostic favorable (1.35e-4)"	"unprognostic (1.79e-1)"	"unprognostic (5.68e-2)"	"potential prognostic favorable (3.86e-4)"	"unprognostic (4.78e-3)"	"unprognostic (5.79e-2)"	"unprognostic (1.61e-2)"	"unprognostic (1.62e-1)"	"unprognostic (1.54e-1)"	"unprognostic (3.82e-3)"	"unprognostic (3.45e-2)"	"unprognostic (7.48e-2)"	"potential prognostic unfavorable (6.38e-4)"	"unprognostic (1.45e-2)"	"unprognostic (1.88e-3)"	"unprognostic (3.70e-3)"	"unprognostic (4.90e-2)"	"unprognostic (3.22e-1)"	"unprognostic (2.53e-1)"	"unprognostic (1.15e-1)"	"unprognostic (5.45e-2)"	"unprognostic (1.16e-1)"	"unprognostic (4.35e-3)"	"unprognostic (1.09e-1)"
MAPK14	"CSBP1, CSBP2, CSPB1, Mxi2, p38, PRKM14, PRKM15"	ENSG00000112062	"Mitogen-activated protein kinase 14"	Q16539	6	36027782-36111236	"Cancer-related genes, Enzymes, Predicted intracellular proteins"	"Apoptosis, Stress response, Transcription, Transcription regulation"	"Kinase, Serine/threonine-protein kinase, Transferase"	"Cancer-related genes"	"Evidence at protein level"	"Evidence at protein level"	"Evidence at protein level"	"Evidence at protein level"	"Low tissue specificity"	"Detected in all"			"Cell type enhanced"	"Detected in many"		"Excitatory neurons: 101.4"	"Low cell type specificity"	"Detected in all"			"Low cancer specificity"	"Detected in all"			"Low region specificity"	"Detected in all"			"Group enriched"	"Detected in all"	5	"basophil: 78.0;neutrophil: 25.8"	"Lineage enriched"	"Detected in all"	7	"granulocytes: 78.0"	"Low cancer specificity"	"Detected in all"			"Lung - Neutrophil_2, Spleen - Neutrophils"	"Low region specificity"	"Detected in all"			"Low region specificity"	"Detected in all"			"CAB010285, CAB040578, HPA051825"	Approved		Supported	"Nuclear speckles,Cytosol"			NA	NA		1300000	"Cluster 41: Basophils - Unknown function"	"Cluster 77: Bone marrow - Cell proliferation"	"Cluster 31: Non-specific - Transcription"	"Cluster 71: Lymphoma - Inflammatory response"	"Cluster 74: Neutrophils - Degranulation"	119	"Nuclear speckles"	Cytosol	"CAB010285: AB_632140, CAB040578: , HPA051825: "	"unprognostic (2.70e-2)"	"unprognostic (1.33e-1)"	"unprognostic (6.38e-2)"	"unprognostic (8.86e-3)"	"unprognostic (6.92e-2)"	"unprognostic (2.51e-3)"	"unprognostic (3.78e-1)"	"unprognostic (1.62e-1)"	"unprognostic (9.50e-2)"	"potential prognostic unfavorable (2.90e-4)"	"potential prognostic favorable (7.79e-5)"	"unprognostic (1.21e-2)"	"unprognostic (1.35e-1)"	"unprognostic (6.59e-2)"	"unprognostic (5.56e-2)"	"unprognostic (1.35e-1)"	"unprognostic (6.04e-2)"	"unprognostic (9.57e-2)"	"unprognostic (6.94e-2)"	"unprognostic (5.39e-2)"	"unprognostic (2.40e-3)"	"unprognostic (1.72e-2)"	"unprognostic (3.96e-3)"	"unprognostic (6.07e-2)"	"unprognostic (1.97e-3)"	"unprognostic (2.20e-1)"	"unprognostic (5.49e-3)"	"unprognostic (6.84e-3)"	"unprognostic (2.00e-1)"	"unprognostic (1.33e-1)"	"unprognostic (4.02e-1)"
MBOAT2	"FLJ14415, FLJ90298, LPLAT13, OACT2"	ENSG00000143797	"Membrane bound O-acyltransferase domain containing 2"	Q6ZWT7	2	8852690-9003709	"Enzymes, Metabolic proteins, Predicted membrane proteins"	"Lipid biosynthesis, Lipid metabolism, Phospholipid biosynthesis, Phospholipid metabolism"	"Acyltransferase, Transferase"		"Evidence at protein level"	"Evidence at protein level"	"Evidence at protein level"	"Evidence at protein level"	"Low tissue specificity"	"Detected in many"			"Cell type enhanced"	"Detected in many"		"Astrocytes: 162.2;Erythroid cells: 117.7;Excitatory neurons: 129.9;Oligodendrocyte precursor cells: 166.5;Oligodendrocytes: 214.5"	"Low cell type specificity"	"Detected in all"			"Low cancer specificity"	"Detected in many"			"Low region specificity"	"Detected in all"			"Group enriched"	"Detected in some"	7	"basophil: 4.7;eosinophil: 1.7;neutrophil: 4.0"	"Lineage enriched"	"Detected in single"	10	"granulocytes: 4.7"	"Low cancer specificity"	"Detected in all"			"Liver - Hepatic stellate cells, Spleen - Neutrophils"	"Low region specificity"	"Detected in all"			"Low region specificity"	"Detected in all"			HPA014836	Uncertain		Approved	Vesicles			NA	NA			"Cluster 35: Neutrophils - Protein binding"	"Cluster 61: Brain - Neuronal signaling"	"Cluster 21: Non-specific - Metabolism"	"Cluster 53: Squamous epithelial cells - Keratinization"	"Cluster 76: Oligodendrocyte precursor - Unknown function"		Vesicles		"HPA014836: AB_1854745"	"unprognostic (3.08e-3)"	"unprognostic (4.37e-1)"	"unprognostic (9.44e-2)"	"potential prognostic unfavorable (2.05e-4)"	"unprognostic (2.10e-1)"	"potential prognostic unfavorable (3.77e-4)"	"unprognostic (2.39e-1)"	"unprognostic (4.22e-2)"	"unprognostic (5.41e-2)"	"unprognostic (9.81e-2)"	"unprognostic (4.96e-3)"	"unprognostic (1.66e-2)"	"unprognostic (3.60e-1)"		"unprognostic (2.82e-3)"	"unprognostic (2.17e-3)"	"potential prognostic unfavorable (2.29e-5)"	"unprognostic (4.73e-2)"	"unprognostic (1.17e-1)"	"unprognostic (3.40e-1)"	"unprognostic (4.77e-3)"	"unprognostic (7.52e-3)"	"unprognostic (1.78e-2)"	"unprognostic (3.88e-1)"	"unprognostic (1.28e-1)"	"unprognostic (4.76e-2)"	"unprognostic (2.57e-1)"	"unprognostic (1.68e-1)"	"unprognostic (1.64e-1)"	"unprognostic (1.51e-1)"	"unprognostic (5.49e-3)"
MBOAT7	"BB1, hMBOA-7, LENG4, LPIAT1, LPLAT, LPLAT11"	ENSG00000125505	"Membrane bound O-acyltransferase domain containing 7"	Q96N66	19	54173412-54189882	"Disease related genes, Human disease related genes, Metabolic proteins, Potential drug targets, Predicted membrane proteins, Transporters"	"Lipid biosynthesis, Lipid metabolism, Phospholipid biosynthesis, Phospholipid metabolism"	"Acyltransferase, Transferase"	"Disease variant, Intellectual disability"	"Evidence at protein level"	"Evidence at transcript level"	"Evidence at protein level"	"Evidence at protein level"	"Tissue enhanced"	"Detected in all"		"adrenal gland: 105.0"	"Low cell type specificity"	"Detected in many"			"Low cell type specificity"	"Detected in all"			"Low cancer specificity"	"Detected in all"			"Low region specificity"	"Detected in all"			"Group enriched"	"Detected in all"	9	"basophil: 157.4;eosinophil: 265.9;neutrophil: 239.0"	"Lineage enriched"	"Detected in all"	11	"granulocytes: 265.9"	"Low cancer specificity"	"Detected in all"			"Spleen - Neutrophils, Testis - Sertoli cells"	"Low region specificity"	"Detected in all"			"Low region specificity"	"Detected in all"			HPA055967	Approved		Approved	Cytosol			NA	NA			"Cluster 21: Neutrophils - Unknown function"	"Cluster 43: Non-specific - Mitochondrial translation"	"Cluster 1: Neurons - Mixed function"	"Cluster 53: Squamous epithelial cells - Keratinization"	"Cluster 74: Neutrophils - Degranulation"	10	Cytosol		"HPA055967: AB_2682990"	"unprognostic (1.19e-1)"	"unprognostic (1.16e-2)"	"unprognostic (2.03e-1)"	"unprognostic (3.23e-3)"	"unprognostic (6.85e-2)"	"unprognostic (5.51e-2)"	"unprognostic (3.34e-1)"	"unprognostic (5.93e-3)"	"unprognostic (1.17e-1)"	"unprognostic (4.81e-3)"	"potential prognostic unfavorable (3.15e-6)"	"unprognostic (8.89e-3)"	"unprognostic (1.06e-1)"	"potential prognostic unfavorable (4.59e-4)"	"unprognostic (6.06e-3)"	"unprognostic (1.30e-2)"	"unprognostic (5.33e-2)"	"unprognostic (4.61e-2)"	"unprognostic (3.46e-1)"	"unprognostic (1.59e-2)"	"unprognostic (7.41e-2)"	"unprognostic (5.64e-2)"	"unprognostic (9.83e-3)"	"unprognostic (1.58e-1)"	"unprognostic (1.76e-1)"	"unprognostic (2.32e-2)"	"unprognostic (2.24e-1)"	"unprognostic (1.09e-1)"	"unprognostic (1.32e-1)"	"unprognostic (8.65e-3)"	"unprognostic (2.26e-1)"
MCOLN1	"ML4, MLIV, MST080, MSTP080, TRPM-L1, TRPML1"	ENSG00000090674	"Mucolipin TRP cation channel 1"	Q9GZU1	19	7522624-7534009	"Disease related genes, Human disease related genes, Potential drug targets, Predicted membrane proteins, Transporters, Voltage-gated ion channels"	"Adaptive immunity, Calcium transport, Immunity, Ion transport, Transport"	"Ion channel"	"Disease variant, Mucolipidosis"	"Evidence at protein level"	"Evidence at protein level"	"Evidence at protein level"	"Evidence at protein level"	"Low tissue specificity"	"Detected in all"			"Cell type enhanced"	"Detected in many"		"Hofbauer cells: 101.6;Kupffer cells: 88.5;Macrophages: 74.1;monocytes: 78.7"	"Low cell type specificity"	"Detected in all"			"Low cancer specificity"	"Detected in all"			"Low region specificity"	"Detected in all"			"Group enriched"	"Detected in all"	4	"basophil: 118.2;classical monocyte: 45.3;eosinophil: 106.1;intermediate monocyte: 95.7;neutrophil: 41.4;non-classical monocyte: 105.7"	"Group enriched"	"Detected in all"	5	"granulocytes: 118.2;monocytes: 105.7"	"Low cancer specificity"	"Detected in all"			"Adipose subcutaneous - Macrophages, Adrenal gland - Adrenal cortex cells, Lung - Macrophages, Prostate - Macrophages, Spleen - Macrophages"	"Low region specificity"	"Detected in all"			"Low region specificity"	"Detected in all"			"HPA031763, CAB032637, HPA069495"	Uncertain		Supported	"Nucleoplasm,Golgi apparatus,Vesicles"			NA	NA			"Cluster 42: Non-specific - Vesicular transport"	"Cluster 47: Spleen - Immune response"	"Cluster 27: Non-specific - Mixed function"	"Cluster 9: Skin cancer - Melanin biosynthesis"	"Cluster 58: Macrophages - Innate immune response"	7	"Golgi apparatus, Vesicles"	Nucleoplasm	"CAB032637: AB_2142964, HPA031763: AB_10600822, HPA069495: "	"unprognostic (8.33e-2)"	"unprognostic (3.06e-2)"	"unprognostic (1.47e-1)"	"unprognostic (2.74e-3)"	"unprognostic (1.18e-1)"	"unprognostic (6.11e-2)"	"unprognostic (1.65e-1)"	"unprognostic (6.66e-2)"	"unprognostic (1.17e-1)"	"potential prognostic unfavorable (4.86e-4)"	"potential prognostic favorable (1.04e-6)"	"unprognostic (1.65e-1)"	"unprognostic (6.02e-2)"	"unprognostic (1.85e-2)"	"unprognostic (2.23e-2)"	"unprognostic (1.84e-1)"	"unprognostic (8.75e-2)"	"unprognostic (1.59e-1)"	"unprognostic (1.46e-1)"	"unprognostic (3.87e-1)"	"unprognostic (1.43e-1)"	"potential prognostic favorable (4.11e-4)"	"unprognostic (1.02e-1)"	"unprognostic (3.06e-1)"	"unprognostic (2.86e-3)"	"unprognostic (1.07e-2)"	"unprognostic (2.77e-1)"	"unprognostic (2.78e-1)"	"unprognostic (2.68e-2)"	"unprognostic (1.44e-1)"	"unprognostic (1.24e-1)"
MCTP1	FLJ22344	ENSG00000175471	"Multiple C2 and transmembrane domain containing 1"	Q6DN14	5	94703690-95285094	"Predicted intracellular proteins, Predicted membrane proteins"				"Evidence at protein level"	"Evidence at protein level"	"Evidence at transcript level"	"Evidence at protein level"	"Tissue enhanced"	"Detected in all"		"bone marrow: 44.8"	"Cell type enhanced"	"Detected in many"		"Adipocytes: 111.4;Excitatory neurons: 493.2;Inhibitory neurons: 394.8;monocytes: 119.7;Oligodendrocyte precursor cells: 247.1"	"Low cell type specificity"	"Detected in all"			"Low cancer specificity"	"Detected in all"			"Low region specificity"	"Detected in all"			"Group enriched"	"Detected in many"	45	"basophil: 37.1;classical monocyte: 28.7;eosinophil: 13.3;intermediate monocyte: 41.4;myeloid DC: 22.3;neutrophil: 40.7;non-classical monocyte: 40.8;plasmacytoid DC: 11.5"	"Group enriched"	"Detected in many"	54	"dendritic cells: 22.3;granulocytes: 40.7;monocytes: 41.4"	"Low cancer specificity"	"Detected in all"			"Adipose subcutaneous - Endothelial cells, Adipose visceral - Endothelial cells, Adrenal gland - Macrophages, Breast - Endothelial cells, Colon - Endothelial cells, Heart muscle - Endothelial cells, Minor Salivary Gland - Endothelial cells, Prostate - Endothelial cells, Skeletal muscle - Endothelial cells, Skin - Endothelial cells"	"Low region specificity"	"Detected in all"			"Low region specificity"	"Detected in all"			HPA075887			Approved	"Golgi apparatus"			NA	NA			"Cluster 37: Monocytes & Neutrophils - Innate immune response"	"Cluster 77: Bone marrow - Cell proliferation"	"Cluster 31: Non-specific - Transcription"	"Cluster 14: Myeloid leukemia - Innate immune response"	"Cluster 65: Neurons - Synaptic function"		"Golgi apparatus"		"HPA075887: "	"unprognostic (1.28e-1)"	"unprognostic (2.15e-1)"	"unprognostic (1.20e-1)"	"potential prognostic unfavorable (4.88e-4)"	"unprognostic (2.50e-2)"	"unprognostic (1.66e-1)"	"unprognostic (5.07e-3)"	"unprognostic (1.45e-1)"	"unprognostic (1.95e-1)"	"unprognostic (1.11e-1)"	"unprognostic (3.14e-3)"	"unprognostic (1.85e-1)"	"unprognostic (1.25e-3)"	"unprognostic (3.54e-2)"	"unprognostic (9.38e-2)"	"unprognostic (9.09e-2)"	"unprognostic (9.58e-2)"	"unprognostic (2.00e-3)"	"unprognostic (1.56e-1)"	"unprognostic (9.76e-3)"	"unprognostic (3.52e-2)"	"unprognostic (1.91e-1)"	"unprognostic (4.28e-2)"	"unprognostic (1.53e-1)"	"unprognostic (1.08e-1)"	"unprognostic (4.16e-2)"	"unprognostic (1.06e-1)"	"unprognostic (2.50e-2)"	"unprognostic (2.26e-1)"	"unprognostic (1.10e-3)"	"unprognostic (8.34e-3)"
METTL7A	DKFZP586A0522	ENSG00000185432	"Methyltransferase like 7A"	Q9H8H3	12	50923472-50932510	"Predicted membrane proteins"	"Host-virus interaction"	"Methyltransferase, Transferase"		"Evidence at protein level"	"Evidence at protein level"	"Evidence at protein level"	"Evidence at protein level"	"Tissue enhanced"	"Detected in all"		"liver: 410.2"	"Cell type enhanced"	"Detected in all"		"Hepatocytes: 802.8;Kupffer cells: 327.6"	"Cell type enhanced"	"Detected in all"		"ependymal cell: 157.0"	"Low cancer specificity"	"Detected in all"			"Low region specificity"	"Detected in all"			"Group enriched"	"Detected in many"	5	"basophil: 94.8;classical monocyte: 34.9;eosinophil: 69.9;intermediate monocyte: 37.4;memory B-cell: 31.8;myeloid DC: 30.4;naive B-cell: 34.1;non-classical monocyte: 59.0;plasmacytoid DC: 25.0"	"Low lineage specificity"	"Detected in all"			"Cancer enhanced"	"Detected in many"		"Myeloma: 88.0"	"Adrenal gland - Adrenal cortex cells, Liver - Hepatocytes, Spleen - Fibroblast_2, Thyroid gland - Thyroid glandular cells"	"Not detected"	"Not detected"			"Low region specificity"	"Detected in many"			HPA017434			Supported	"Lipid droplets"			NA	NA		27000	"Cluster 10: Non-specific - Membrane trafficking"	"Cluster 1: Liver & Kidney - Metabolism"	"Cluster 44: Non-specific - Mixed function"	"Cluster 44: Connective tissue cells - ECM organization"	"Cluster 53: Fibroblasts - ECM organization"	16	"Lipid droplets"		"HPA017434: AB_1853835"	"unprognostic (1.40e-3)"	"unprognostic (3.36e-2)"	"unprognostic (3.75e-1)"	"unprognostic (2.20e-1)"	"unprognostic (4.84e-2)"	"unprognostic (4.29e-2)"	"unprognostic (9.04e-2)"	"unprognostic (6.02e-2)"	"unprognostic (1.91e-2)"	"unprognostic (4.03e-2)"	"validated prognostic favorable (1.16e-11)"	"validated prognostic favorable (2.85e-5)"	"potential prognostic favorable (5.67e-5)"	"unprognostic (3.52e-3)"	"unprognostic (2.37e-1)"	"potential prognostic favorable (1.90e-4)"	"unprognostic (4.32e-3)"	"unprognostic (9.94e-2)"	"unprognostic (1.70e-1)"	"unprognostic (1.28e-1)"	"unprognostic (2.66e-1)"	"unprognostic (4.96e-2)"	"unprognostic (1.38e-2)"	"unprognostic (1.24e-1)"	"unprognostic (6.08e-2)"	"unprognostic (1.87e-1)"	"unprognostic (2.49e-2)"	"unprognostic (1.47e-1)"	"unprognostic (1.76e-1)"	"unprognostic (7.80e-2)"	"unprognostic (8.17e-2)"
MFAP3L	"KIAA0626, NYD-sp9"	ENSG00000198948	"Microfibril associated protein 3 like"	O75121	4	169986597-170033031	"Predicted intracellular proteins, Predicted membrane proteins"				"Evidence at protein level"	"Evidence at protein level"	"Evidence at protein level"	"Evidence at protein level"	"Tissue enhanced"	"Detected in many"		"testis: 45.0"	"Cell type enriched"	"Detected in many"	6	"Late spermatids: 1849.8"	"Cell type enhanced"	"Detected in all"		"choroid plexus epithelial cell: 219.7"	"Low cancer specificity"	"Detected in all"			"Low region specificity"	"Detected in all"			"Group enriched"	"Detected in some"	5	"basophil: 5.7;eosinophil: 1.8;neutrophil: 3.5"	"Lineage enriched"	"Detected in single"	8	"granulocytes: 5.7"	"Low cancer specificity"	"Detected in many"			"Colon - Enteric glia cells, Liver - Hepatocytes, Testis - Early spermatids, Testis - Late spermatids"	"Low region specificity"	"Detected in all"			"Low region specificity"	"Detected in all"			"HPA017986, HPA062306, HPA077490"	Enhanced		Supported	"Nucleoplasm,Cell Junctions"	"Intracellular and membrane"	"No annotated function"	NA	NA			"Cluster 41: Basophils - Unknown function"	"Cluster 63: Testis - Spermatid development"	"Cluster 3: Choroid plexus - Cilium"	"Cluster 27: Breast cancer - Unknown function"	"Cluster 63: Late spermatids - Spermatogenesis"		Nucleoplasm	"Cell Junctions"	"HPA017986: AB_1853842, HPA062306: , HPA077490: AB_2686842"	"unprognostic (6.06e-3)"	"unprognostic (5.83e-3)"	"unprognostic (1.83e-1)"	"unprognostic (8.59e-3)"	"unprognostic (1.99e-2)"	"unprognostic (1.38e-2)"	"unprognostic (1.52e-1)"	"unprognostic (1.15e-1)"	"unprognostic (4.79e-2)"	"unprognostic (2.13e-1)"	"validated prognostic favorable (1.02e-8)"	"validated prognostic favorable (1.37e-4)"	"potential prognostic favorable (1.23e-4)"	"unprognostic (4.51e-2)"	"unprognostic (4.81e-2)"	"unprognostic (7.19e-3)"	"unprognostic (4.85e-2)"	"unprognostic (8.22e-2)"	"unprognostic (3.48e-2)"	"unprognostic (2.72e-1)"	"unprognostic (8.98e-2)"	"unprognostic (2.55e-1)"	"unprognostic (1.80e-1)"	"unprognostic (1.32e-1)"	"unprognostic (4.67e-1)"	"unprognostic (1.15e-1)"	"unprognostic (3.53e-1)"	"potential prognostic unfavorable (4.66e-4)"	"unprognostic (2.91e-1)"	"potential prognostic unfavorable (2.39e-5)"	"unprognostic (1.50e-1)"
MINDY1	"FAM63A, FLJ11280, MINDY-1"	ENSG00000143409	"MINDY lysine 48 deubiquitinase 1"	Q8N5J2	1	150996549-151008376	"Enzymes, Predicted intracellular proteins"	"Ubl conjugation pathway"	"Hydrolase, Protease, Thiol protease"		"Evidence at protein level"	"Evidence at protein level"	"Evidence at protein level"	"Evidence at protein level"	"Low tissue specificity"	"Detected in all"			"Cell type enhanced"	"Detected in many"		"Cardiomyocytes: 41.6;Distal tubular cells: 36.9;Late spermatids: 36.5"	"Cell type enhanced"	"Detected in many"		"endothelial cell: 35.0;oligodendrocyte: 28.0"	"Low cancer specificity"	"Detected in all"			"Low region specificity"	"Detected in all"			"Group enriched"	"Detected in many"	7	"basophil: 99.8;eosinophil: 56.7;neutrophil: 93.9"	"Lineage enriched"	"Detected in all"	8	"granulocytes: 99.8"	"Low cancer specificity"	"Detected in all"			"Adrenal gland - Adrenal cortex cells, Liver - Hepatocytes, Thyroid gland - Thyroid glandular cells"	"Low region specificity"	"Detected in all"			"Low region specificity"	"Detected in all"			"HPA028358, HPA061086"			Enhanced	Nucleoplasm			NA	NA		61000	"Cluster 21: Neutrophils - Unknown function"	"Cluster 52: Kidney - Transmembrane transport"	"Cluster 6: Non-specific - Immune response"	"Cluster 7: Liver cancer - Metabolism"	"Cluster 57: Platelets - Hemostasis"	2	Nucleoplasm		"HPA028358: AB_10601102, HPA061086: AB_2684425"	"unprognostic (3.65e-3)"	"unprognostic (2.67e-1)"		"unprognostic (3.51e-2)"	"unprognostic (7.52e-2)"	"unprognostic (1.44e-1)"	"unprognostic (9.13e-2)"	"unprognostic (4.63e-2)"	"unprognostic (3.20e-2)"	"unprognostic (7.81e-2)"	"validated prognostic favorable (7.56e-8)"	"validated prognostic favorable (4.97e-8)"	"unprognostic (4.82e-2)"	"unprognostic (3.55e-2)"		"unprognostic (2.36e-1)"	"unprognostic (2.08e-1)"	"unprognostic (1.98e-3)"	"unprognostic (3.41e-2)"	"unprognostic (6.67e-2)"	"unprognostic (2.13e-1)"	"unprognostic (4.58e-2)"	"unprognostic (1.22e-1)"	"unprognostic (2.01e-1)"	"unprognostic (1.37e-2)"	"unprognostic (1.09e-1)"	"unprognostic (5.75e-2)"	"unprognostic (7.11e-2)"	"unprognostic (4.66e-2)"	"unprognostic (2.36e-2)"	"unprognostic (1.06e-1)"
MITF	"bHLHe32, MI, WS2, WS2A"	ENSG00000187098	"Melanocyte inducing transcription factor"	O75030	3	69739456-69968336	"Cancer-related genes, Disease related genes, Human disease related genes, Predicted intracellular proteins, Transcription factors"	"Transcription, Transcription regulation"	"Activator, Developmental protein, DNA-binding"	"Albinism, Cancer-related genes, Deafness, Disease variant, Microphthalmia, Osteopetrosis, Waardenburg syndrome"	"Evidence at protein level"	"Evidence at protein level"	"Evidence at protein level"	"Evidence at protein level"	"Low tissue specificity"	"Detected in all"			"Cell type enhanced"	"Detected in many"		"Cardiomyocytes: 135.8;Melanocytes: 826.3;Oligodendrocyte precursor cells: 156.6;Oligodendrocytes: 223.7"	"Cell type enhanced"	"Detected in all"		"choroid plexus epithelial cell: 511.7;oligodendrocyte: 408.6"	"Cancer enhanced"	"Detected in all"		"Skin Cuteneous Melanoma (TCGA): 98.6"	"Low region specificity"	"Detected in all"			"Group enriched"	"Detected in many"	5	"basophil: 5.9;classical monocyte: 10.3;intermediate monocyte: 3.6;myeloid DC: 6.5;non-classical monocyte: 6.0"	"Group enriched"	"Detected in many"	6	"dendritic cells: 6.5;granulocytes: 5.9;monocytes: 10.3"	"Cancer enriched"	"Detected in all"	7	"skin cancer: 152.5"	"Adrenal gland - Adrenal cortex cells, Breast - Fibroblasts"	"Low region specificity"	"Detected in all"			"Low region specificity"	"Detected in all"			"CAB002578, HPA003259"	Enhanced						NA	NA			"Cluster 38: Monocytes & Neutrophils - Degranulation"	"Cluster 41: Smooth muscle tissue - ECM organization"	"Cluster 11: White matter - Signal transduction"	"Cluster 9: Skin cancer - Melanin biosynthesis"	"Cluster 8: Neurons - Neuronal signaling"	16			"CAB002578: AB_564111, HPA003259: AB_1079381"	"unprognostic (5.27e-3)"	"unprognostic (1.15e-1)"	"unprognostic (5.19e-2)"	"unprognostic (5.35e-1)"	"unprognostic (1.12e-1)"	"unprognostic (9.34e-2)"	"unprognostic (1.10e-1)"	"unprognostic (1.94e-2)"	"unprognostic (1.31e-1)"	"unprognostic (8.96e-2)"	"potential prognostic favorable (3.17e-6)"	"unprognostic (3.22e-3)"	"unprognostic (3.41e-2)"	"unprognostic (6.23e-3)"	"unprognostic (1.17e-1)"	"unprognostic (2.92e-1)"	"unprognostic (4.93e-3)"	"unprognostic (1.05e-1)"	"unprognostic (2.27e-1)"	"unprognostic (2.50e-3)"	"unprognostic (6.78e-2)"	"unprognostic (1.11e-2)"	"unprognostic (3.80e-2)"	"unprognostic (4.76e-1)"	"unprognostic (2.93e-2)"	"unprognostic (6.81e-3)"	"unprognostic (4.78e-2)"	"unprognostic (3.33e-2)"	"unprognostic (2.18e-1)"	"unprognostic (1.05e-1)"	"unprognostic (1.02e-1)"
MPZL3		ENSG00000160588	"Myelin protein zero like 3"	Q6UWV2	11	118226690-118252365	"Predicted intracellular proteins, Predicted membrane proteins"	"Cell adhesion"			"Evidence at protein level"	"Evidence at transcript level"	"Evidence at protein level"	"Evidence at protein level"	"Tissue enhanced"	"Detected in many"		"esophagus: 32.4;skin 1: 29.4"	"Cell type enhanced"	"Detected in many"		"Ciliated cells: 32.6;Glandular and luminal cells: 34.4;Suprabasal keratinocytes: 41.2;T-cells: 44.9"	"Cell type enriched"	"Detected in many"	4	"leukocyte: 81.8"	"Low cancer specificity"	"Detected in many"			"Low region specificity"	"Detected in all"			"Group enriched"	"Detected in all"	6	"basophil: 44.4;eosinophil: 99.4;MAIT T-cell: 28.9;neutrophil: 87.8"	"Group enriched"	"Detected in all"	8	"granulocytes: 99.4;T-cells: 28.9"	"Low cancer specificity"	"Detected in many"			"Adipose visceral - T-cells, Minor Salivary Gland - Minor salivary gland basal cells, Skin - Keratinocyte (granular)"	"Low region specificity"	"Detected in all"			"Low region specificity"	"Detected in all"			HPA029116			Approved	"Golgi apparatus"			NA	NA			"Cluster 21: Neutrophils - Unknown function"	"Cluster 27: Squamous epithelium - Keratinization"	"Cluster 15: Non-specific - Transcription"	"Cluster 53: Squamous epithelial cells - Keratinization"	"Cluster 78: NK-cells & T-cells - Immune system & Transcription"	3	"Golgi apparatus"		"HPA029116: AB_10610142"	"unprognostic (3.48e-2)"	"unprognostic (1.94e-2)"	"unprognostic (1.25e-1)"	"unprognostic (4.02e-2)"	"unprognostic (2.03e-1)"	"unprognostic (1.52e-1)"		"unprognostic (5.38e-3)"	"unprognostic (2.01e-1)"	"unprognostic (3.42e-1)"	"unprognostic (9.42e-3)"	"potential prognostic favorable (6.09e-4)"	"unprognostic (2.31e-2)"	"unprognostic (2.40e-3)"	"unprognostic (9.27e-2)"	"unprognostic (1.32e-1)"	"unprognostic (1.01e-2)"	"potential prognostic unfavorable (2.05e-5)"	"unprognostic (3.71e-1)"	"unprognostic (5.59e-2)"	"unprognostic (3.53e-2)"	"unprognostic (2.58e-3)"	"potential prognostic unfavorable (5.15e-5)"	"unprognostic (4.44e-2)"	"unprognostic (3.85e-1)"	"unprognostic (1.25e-2)"	"unprognostic (1.01e-2)"	"unprognostic (2.40e-1)"	"unprognostic (2.73e-1)"	"unprognostic (1.45e-2)"	"unprognostic (3.06e-1)"
MS4A6A	"CD20L3, MS4A6"	ENSG00000110077	"Membrane spanning 4-domains A6A"	Q9H2W1	11	60172015-60184666	"Predicted intracellular proteins, Predicted membrane proteins"		Receptor		"Evidence at protein level"	"Evidence at transcript level"	"Evidence at protein level"	"Evidence at protein level"	"Low tissue specificity"	"Detected in all"			"Group enriched"	"Detected in many"	7	"dendritic cells: 421.7;Hofbauer cells: 524.2;Kupffer cells: 1337.8;Langerhans cells: 548.3;Macrophages: 650.9"	"Cell type enriched"	"Detected in some"	5	"central nervous system macrophage: 223.6"	"Low cancer specificity"	"Detected in all"			"Low region specificity"	"Detected in all"			"Group enriched"	"Detected in all"	8	"basophil: 524.7;classical monocyte: 1399.3;intermediate monocyte: 459.3;myeloid DC: 813.7;plasmacytoid DC: 558.7"	"Group enriched"	"Detected in all"	70	"dendritic cells: 813.7;granulocytes: 524.7;monocytes: 1399.3"	"Cancer enriched"	"Detected in some"	8	"Leukemia: 21.0"	"Adipose subcutaneous - Macrophages, Adipose visceral - Macrophages, Adrenal gland - Macrophages, Breast - Macrophages, Colon - Macrophages, Heart muscle - Macrophages, Kidney - Macrophages, Minor Salivary Gland - Macrophages, Pancreas - Macrophages, Pituitary gland - Macrophages, Prostate - Macrophages, Skeletal muscle - Macrophages, Stomach - Macrophages, Testis - Macrophages, Thyroid gland - Macrophages"									"HPA011391, HPA076623"	Approved		Approved	Vesicles			NA	NA			"Cluster 10: Non-specific - Membrane trafficking"	"Cluster 11: Liver - Plasma proteins"	"Cluster 20: Macrophages & Microglia - Immune response"	"Cluster 14: Myeloid leukemia - Innate immune response"	"Cluster 58: Macrophages - Innate immune response"	1	Vesicles		"HPA011391: AB_10603876, HPA076623: AB_2686809"	"unprognostic (8.61e-2)"	"unprognostic (2.66e-1)"	"unprognostic (2.20e-1)"	"unprognostic (1.52e-2)"	"unprognostic (5.99e-2)"	"unprognostic (2.24e-2)"	"unprognostic (6.01e-2)"	"unprognostic (1.92e-1)"	"unprognostic (6.00e-2)"	"unprognostic (1.16e-1)"	"unprognostic (3.43e-2)"	"unprognostic (3.17e-2)"	"unprognostic (5.62e-2)"	"unprognostic (2.10e-1)"	"unprognostic (5.05e-3)"	"unprognostic (9.83e-3)"	"unprognostic (9.39e-3)"	"unprognostic (8.61e-2)"	"unprognostic (4.47e-1)"	"unprognostic (6.14e-2)"	"unprognostic (2.44e-1)"	"unprognostic (2.56e-1)"	"unprognostic (2.20e-1)"	"unprognostic (2.45e-1)"	"unprognostic (5.82e-2)"	"unprognostic (1.61e-2)"	"unprognostic (3.98e-1)"	"unprognostic (8.62e-2)"	"unprognostic (1.07e-2)"	"unprognostic (9.48e-2)"	"unprognostic (3.02e-1)"
MT1F	MT1	ENSG00000198417	"Metallothionein 1F"	P04733	16	56657731-56660698	"Predicted intracellular proteins"				"Evidence at protein level"	"Evidence at transcript level"	"Evidence at protein level"	"Evidence at protein level"	"Tissue enhanced"	"Detected in all"		"kidney: 548.8;liver: 548.2;thyroid gland: 1147.1"	"Cell type enriched"	"Detected in many"	4	"Proximal tubular cells: 11326.9"	"Group enriched"	"Detected in many"	5	"astrocyte: 39.9;endothelial cell: 66.4;ependymal cell: 76.1"	"Cancer enhanced"	"Detected in all"		"Thyroid Carcinoma (TCGA): 702.5"	"Low region specificity"	"Detected in all"			"Group enriched"	"Detected in all"	5	"basophil: 56.0;classical monocyte: 30.3;gdT-cell: 47.1;MAIT T-cell: 41.9;memory B-cell: 25.8;memory CD4 T-cell: 49.1;memory CD8 T-cell: 80.3;naive CD4 T-cell: 49.6;naive CD8 T-cell: 85.8;T-reg: 89.5"	"Low lineage specificity"	"Detected in all"			"Cancer enhanced"	"Detected in all"		"Uterine cancer: 93.0"	"Adrenal gland - Adrenal cortex cells, Stomach - Chief cells, Thyroid gland - Thyroid glandular cells"																NA	NA		520000	"Cluster 11: T-cells - Unknown function"	"Cluster 1: Liver & Kidney - Metabolism"	"Cluster 19: Astrocytes - Mixed function"	"Cluster 15: Kidney cancer - Membrane components"	"Cluster 56: Proximal tubular cells - Amino acid metabolism"	1				"unprognostic (4.88e-2)"	"unprognostic (2.70e-1)"	"unprognostic (1.67e-3)"	"unprognostic (2.30e-1)"	"unprognostic (2.81e-1)"	"unprognostic (8.68e-2)"	"validated prognostic unfavorable (5.69e-4)"	"validated prognostic unfavorable (1.01e-4)"	"potential prognostic unfavorable (4.86e-4)"	"unprognostic (2.28e-1)"	"potential prognostic unfavorable (3.49e-4)"	"unprognostic (1.50e-1)"	"unprognostic (1.80e-2)"	"unprognostic (1.82e-1)"	"unprognostic (1.69e-1)"	"unprognostic (1.97e-1)"	"unprognostic (3.81e-2)"	"unprognostic (6.43e-3)"	"unprognostic (3.02e-1)"	"unprognostic (7.72e-2)"	"unprognostic (1.60e-1)"	"unprognostic (1.45e-1)"	"unprognostic (7.74e-3)"	"unprognostic (4.01e-1)"	"unprognostic (6.00e-2)"	"unprognostic (1.18e-2)"	"unprognostic (1.27e-1)"	"unprognostic (6.40e-2)"	"unprognostic (1.00e-1)"	"unprognostic (7.90e-3)"	"unprognostic (4.59e-3)"
MTARC1	"FLJ22390, MARC1, MOSC1"	ENSG00000186205	"Mitochondrial amidoxime reducing component 1"	Q5VT66	1	220786352-220819659	"Predicted intracellular proteins"		Oxidoreductase		"Evidence at protein level"	"Evidence at protein level"	"Evidence at protein level"	"Evidence at protein level"	"Tissue enhanced"	"Detected in all"		"adipose tissue: 165.0;breast: 83.5;liver: 82.5"	"Cell type enhanced"	"Detected in many"		"Cytotrophoblasts: 111.2;Extravillous trophoblasts: 43.8;Prostatic glandular cells: 40.0;Syncytiotrophoblasts: 73.3"	"Not detected"	"Not detected"			"Cancer enhanced"	"Detected in all"		"Prostate Adenocarcinoma (TCGA): 100.9"	"Low region specificity"	"Detected in all"			"Group enriched"	"Detected in many"	11	"basophil: 31.2;classical monocyte: 36.5;eosinophil: 13.7;neutrophil: 46.9"	"Group enriched"	"Detected in many"	32	"granulocytes: 46.9;monocytes: 36.5"	"Cancer enhanced"	"Detected in many"		"prostate cancer: 72.4"	"Adipose subcutaneous - Adipocytes (Subcutaneous), Adipose visceral - Adipocytes (Visceral), Breast - Adipocytes (Breast), Liver - Hepatocytes, Prostate - Prostate glandular cells, Skin - Adipocytes (Skin), Spleen - Neutrophils, Thyroid gland - Thyroid glandular cells"	"Low region specificity"	"Detected in some"			"Low region specificity"	"Detected in all"			HPA028702	Approved		Supported	Mitochondria			NA	NA			"Cluster 21: Neutrophils - Unknown function"	"Cluster 11: Liver - Plasma proteins"	"Cluster 56: Hypothalamus - Neuropeptide signaling"	"Cluster 60: Prostate cancer - Unknown function"	"Cluster 24: Cytotrophoblasts - Mitochondria"	2	Mitochondria		"HPA028702: AB_10601135"	"unprognostic (2.17e-1)"	"unprognostic (9.00e-2)"		"unprognostic (6.48e-2)"	"unprognostic (2.55e-1)"	"unprognostic (8.09e-3)"	"unprognostic (3.51e-2)"	"unprognostic (7.23e-2)"	"unprognostic (1.74e-1)"	"unprognostic (2.15e-1)"	"unprognostic (5.30e-3)"	"unprognostic (2.01e-2)"	"unprognostic (2.07e-2)"	"unprognostic (8.03e-3)"		"unprognostic (2.57e-1)"	"unprognostic (6.45e-2)"	"unprognostic (2.17e-1)"	"unprognostic (3.48e-2)"	"unprognostic (8.49e-3)"	"unprognostic (2.06e-1)"	"unprognostic (2.05e-1)"	"unprognostic (4.28e-2)"	"unprognostic (3.89e-1)"	"unprognostic (6.79e-2)"	"potential prognostic unfavorable (9.82e-4)"	"unprognostic (1.21e-1)"	"unprognostic (4.11e-1)"	"unprognostic (3.37e-2)"	"unprognostic (2.21e-1)"	"unprognostic (3.55e-1)"
NAV1	"DKFZp781D0314, FLJ12560, FLJ14203, KIAA1151, MGC14961, POMFIL3, steerin-1"	ENSG00000134369	"Neuron navigator 1"	Q8NEY1	1	201539127-201826969	"Predicted intracellular proteins"	"Differentiation, Neurogenesis"	"Developmental protein"		"Evidence at protein level"	"Evidence at protein level"	"Evidence at protein level"	"Evidence at protein level"	"Low tissue specificity"	"Detected in all"			"Cell type enhanced"	"Detected in many"		"Astrocytes: 160.4;Inhibitory neurons: 155.2;Oligodendrocyte precursor cells: 669.8;Oligodendrocytes: 209.0"	"Cell type enhanced"	"Detected in all"		"oligodendrocyte precursor cell: 1015.4"	"Low cancer specificity"	"Detected in all"			"Low region specificity"	"Detected in all"			"Group enriched"	"Detected in some"	5	"basophil: 3.4;myeloid DC: 2.1"	"Group enriched"	"Detected in many"	8	"dendritic cells: 2.1;granulocytes: 3.4"	"Low cancer specificity"	"Detected in all"			"Breast - Endothelial cells, Kidney - Endothelial cells, Liver - Vascular Endothelial cells, Prostate - Fibroblasts, Testis - Sertoli cells"	"Low region specificity"	"Detected in all"			"Low region specificity"	"Detected in all"			"CAB012302, HPA018127, HPA027887"	Enhanced		Approved	Microtubules			NA	NA			"Cluster 46: Basophils - Proteolysis"	"Cluster 30: Heart muscle - Heart development"	"Cluster 13: Oligodendrocytes - Mixed function"	"Cluster 48: Adipocytes & Endothelial cells - Angiogenesis"	"Cluster 76: Oligodendrocyte precursor - Unknown function"	15	Microtubules		"CAB012302: AB_776716, HPA018127: AB_1854317, HPA027887: AB_10601040"	"unprognostic (2.35e-1)"	"unprognostic (3.36e-1)"	"unprognostic (5.87e-2)"	"unprognostic (1.31e-1)"	"unprognostic (1.28e-1)"	"unprognostic (2.12e-1)"	"unprognostic (8.98e-2)"	"unprognostic (2.76e-2)"	"unprognostic (5.73e-1)"	"potential prognostic unfavorable (7.71e-4)"	"unprognostic (7.35e-2)"	"unprognostic (1.22e-1)"	"potential prognostic unfavorable (4.22e-4)"	"unprognostic (9.38e-2)"	"unprognostic (7.74e-3)"	"unprognostic (1.38e-2)"	"unprognostic (1.16e-3)"	"unprognostic (2.48e-1)"	"unprognostic (1.05e-1)"	"unprognostic (2.01e-2)"	"unprognostic (1.65e-2)"	"unprognostic (9.39e-2)"	"unprognostic (1.99e-3)"	"unprognostic (1.80e-2)"	"unprognostic (1.00e-1)"	"unprognostic (2.57e-3)"	"unprognostic (4.73e-2)"	"unprognostic (4.38e-2)"	"unprognostic (1.57e-1)"	"unprognostic (2.14e-2)"	"unprognostic (4.36e-2)"
NCF1	"NCF1A, NOXO2, p47phox, SH3PXD1A"	ENSG00000158517	"Neutrophil cytosolic factor 1"	P14598	7	74774011-74789315	"Disease related genes, Human disease related genes, Predicted intracellular proteins"			"Chronic granulomatous disease, Disease variant"	"Evidence at protein level"	"Evidence at protein level"	"Evidence at protein level"	"Evidence at protein level"	"Tissue enhanced"	"Detected in many"		"bone marrow: 88.3;lymphoid tissue: 95.1"	"Cell type enhanced"	"Detected in some"		"B-cells: 60.2;dendritic cells: 17.5;Macrophages: 29.5;Plasma cells: 76.0;T-cells: 13.4"	"Group enriched"	"Detected in some"	25	"central nervous system macrophage: 26.3;leukocyte: 17.8"	"Low cancer specificity"	"Detected in all"			"Low region specificity"	"Detected in all"			"Group enriched"	"Detected in all"	5	"basophil: 1230.4;classical monocyte: 721.2;eosinophil: 1565.9;neutrophil: 2260.8"	"Group enriched"	"Detected in all"	5	"granulocytes: 2260.8;monocytes: 721.2"	"Group enriched"	"Detected in some"	4	"Leukemia: 38.4;lymphoma: 101.8"	"Adrenal gland - Macrophages, Kidney - T-cells"	"Low region specificity"	"Detected in all"			"Low region specificity"	"Detected in all"			"CAB004524, HPA047836, HPA052095"	Enhanced						NA	NA			"Cluster 20: Non-specific - DNA binding"	"Cluster 81: Lymphoid tissue & Bone marrow - Innate immune response"	"Cluster 25: Non-specific - Transcription"	"Cluster 55: Lymphoma - Immune response"	"Cluster 73: B-cells - B-cell function"	37			"CAB004524: AB_627987, HPA047836: AB_2680173, HPA052095: AB_2681721"	"unprognostic (1.21e-2)"	"unprognostic (8.37e-2)"	"unprognostic (5.31e-2)"	"unprognostic (1.01e-2)"	"unprognostic (8.05e-2)"	"unprognostic (2.49e-1)"	"unprognostic (2.67e-2)"	"unprognostic (1.02e-1)"	"unprognostic (8.07e-3)"	"unprognostic (3.24e-1)"	"unprognostic (1.07e-1)"	"unprognostic (3.96e-1)"	"unprognostic (2.34e-2)"	"unprognostic (2.73e-2)"	"unprognostic (1.16e-1)"	"unprognostic (5.14e-2)"	"unprognostic (2.50e-1)"	"unprognostic (1.97e-1)"	"unprognostic (6.82e-2)"	"unprognostic (8.42e-2)"	"unprognostic (3.87e-2)"	"unprognostic (1.98e-2)"	"unprognostic (8.63e-3)"	"unprognostic (1.72e-1)"	"unprognostic (4.03e-2)"	"unprognostic (9.70e-2)"	"unprognostic (3.50e-3)"	"unprognostic (3.01e-1)"	"unprognostic (5.67e-2)"	"unprognostic (3.16e-2)"	"unprognostic (6.90e-2)"
NCF4	"p40phox, SH3PXD4"	ENSG00000100365	"Neutrophil cytosolic factor 4"	Q15080	22	36860988-36878017	"Disease related genes, Human disease related genes, Plasma proteins, Predicted intracellular proteins"			"Chronic granulomatous disease, Disease variant"	"Evidence at protein level"	"Evidence at protein level"	"Evidence at protein level"	"Evidence at protein level"	"Tissue enhanced"	"Detected in many"		"bone marrow: 178.2;lymphoid tissue: 158.5"	"Cell type enhanced"	"Detected in many"		"B-cells: 71.8;granulocytes: 75.1;Hofbauer cells: 202.1;Kupffer cells: 69.2;Langerhans cells: 55.5;Macrophages: 101.4;Plasma cells: 71.9"	"Group enriched"	"Detected in some"	17	"central nervous system macrophage: 34.0;leukocyte: 8.7"	"Low cancer specificity"	"Detected in all"			"Low region specificity"	"Detected in all"			"Group enriched"	"Detected in all"	5	"basophil: 658.7;eosinophil: 751.6;neutrophil: 1240.1"	"Lineage enriched"	"Detected in all"	7	"granulocytes: 1240.1"	"Group enriched"	"Detected in some"	7	"Leukemia: 121.1;lymphoma: 53.0"	"Breast - Macrophages, Lung - Neutrophil_2, Skeletal muscle - Macrophages, Spleen - Neutrophils, Stomach - Macrophages, Testis - Macrophages"	"Low region specificity"	"Detected in many"			"Low region specificity"	"Detected in all"			"CAB010146, HPA036156, HPA057975"	Enhanced		Enhanced	Cytosol			NA	NA		9000	"Cluster 21: Neutrophils - Unknown function"	"Cluster 81: Lymphoid tissue & Bone marrow - Innate immune response"	"Cluster 12: Non-specific - Vasculature"	"Cluster 49: HMC-1 - Innate immune response"	"Cluster 74: Neutrophils - Degranulation"	8	Cytosol		"CAB010146: AB_627989, HPA036156: AB_2674974, HPA057975: AB_2683568"	"unprognostic (3.90e-2)"	"unprognostic (2.76e-2)"	"unprognostic (7.36e-3)"	"unprognostic (1.26e-1)"	"unprognostic (5.89e-2)"	"unprognostic (1.31e-1)"	"unprognostic (6.21e-2)"	"unprognostic (1.28e-1)"	"unprognostic (9.13e-3)"	"unprognostic (2.08e-1)"	"potential prognostic unfavorable (4.90e-5)"	"unprognostic (3.96e-2)"	"unprognostic (6.56e-2)"	"unprognostic (2.28e-2)"	"unprognostic (4.98e-2)"	"unprognostic (1.02e-2)"	"unprognostic (7.86e-2)"	"unprognostic (1.28e-1)"	"unprognostic (2.20e-1)"	"unprognostic (1.74e-1)"	"unprognostic (8.54e-2)"	"unprognostic (1.12e-2)"	"unprognostic (8.52e-2)"	"unprognostic (9.00e-2)"	"unprognostic (1.26e-1)"	"unprognostic (5.04e-2)"	"unprognostic (3.50e-3)"	"unprognostic (3.66e-1)"	"unprognostic (2.07e-3)"	"unprognostic (1.50e-1)"	"unprognostic (4.17e-1)"
NDST1	"HSST, NST1"	ENSG00000070614	"N-deacetylase and N-sulfotransferase 1"	P52848	5	150485818-150558211	"Disease related genes, Enzymes, Human disease related genes, Metabolic proteins, Potential drug targets, Predicted intracellular proteins, Predicted membrane proteins"	"Inflammatory response"	"Hydrolase, Multifunctional enzyme, Transferase"	"Disease variant, Intellectual disability"	"Evidence at protein level"	"Evidence at transcript level"	"Evidence at protein level"	"Evidence at protein level"	"Low tissue specificity"	"Detected in all"			"Cell type enhanced"	"Detected in many"		"Alveolar cells type 1: 58.1"	"Low cell type specificity"	"Detected in all"			"Low cancer specificity"	"Detected in all"			"Low region specificity"	"Detected in all"			"Group enriched"	"Detected in many"	8	"basophil: 1.4;classical monocyte: 5.5;eosinophil: 3.6;intermediate monocyte: 1.7;myeloid DC: 4.2;neutrophil: 5.4;non-classical monocyte: 4.7"	"Group enriched"	"Detected in many"	10	"dendritic cells: 4.2;granulocytes: 5.4;monocytes: 5.5"	"Low cancer specificity"	"Detected in all"			"Adrenal gland - Adrenal cortex cells, Spleen - Endothelial cells"	"Low region specificity"	"Detected in all"			"Low region specificity"	"Detected in all"			HPA060532	Approved						NA	NA		1000000	"Cluster 38: Monocytes & Neutrophils - Degranulation"	"Cluster 43: Non-specific - Mitochondrial translation"	"Cluster 27: Non-specific - Mixed function"	"Cluster 15: Kidney cancer - Membrane components"	"Cluster 17: Breast glandular cells - Lactation"	1			"HPA060532: AB_2684310"	"unprognostic (2.62e-1)"	"unprognostic (1.69e-1)"	"unprognostic (2.95e-1)"	"unprognostic (4.10e-3)"	"unprognostic (3.91e-1)"	"unprognostic (7.47e-2)"	"unprognostic (2.49e-1)"	"unprognostic (1.71e-1)"	"unprognostic (9.16e-2)"	"unprognostic (5.41e-3)"	"potential prognostic favorable (1.85e-5)"	"unprognostic (8.10e-3)"	"unprognostic (4.04e-2)"	"unprognostic (1.73e-1)"	"unprognostic (7.12e-2)"	"unprognostic (2.05e-1)"	"unprognostic (1.21e-1)"	"unprognostic (7.03e-3)"	"unprognostic (2.36e-1)"	"unprognostic (6.53e-3)"	"unprognostic (1.66e-3)"	"unprognostic (2.19e-3)"	"unprognostic (6.40e-3)"	"unprognostic (7.80e-2)"	"unprognostic (1.67e-1)"	"unprognostic (1.79e-1)"	"unprognostic (9.74e-2)"	"unprognostic (9.51e-2)"	"unprognostic (2.43e-1)"	"unprognostic (3.08e-2)"	"unprognostic (1.28e-1)"
NFIL3	"E4BP4, IL3BP1, NF-IL3A, NFIL3A"	ENSG00000165030	"Nuclear factor, interleukin 3 regulated"	Q16649	9	91409045-91423832	"Predicted intracellular proteins, Transcription factors"	"Biological rhythms, Transcription, Transcription regulation"	"Activator, DNA-binding, Repressor"		"Evidence at protein level"	"Evidence at transcript level"	"Evidence at protein level"	"Evidence at protein level"	"Low tissue specificity"	"Detected in all"			"Cell type enhanced"	"Detected in many"		"Glandular and luminal cells: 145.2;monocytes: 244.8"	"Cell type enhanced"	"Detected in many"		"vascular associated smooth muscle cell: 68.6"	"Low cancer specificity"	"Detected in all"			"Low region specificity"	"Detected in all"			"Group enriched"	"Detected in many"	4	"basophil: 58.0;neutrophil: 27.0"	"Lineage enriched"	"Detected in many"	35	"granulocytes: 58.0"	"Low cancer specificity"	"Detected in all"			"Colon - Neutrophils"	"Low region specificity"	"Detected in all"			"Low region specificity"	"Detected in all"			HPA003261	Approved		Approved	"Nuclear bodies"			NA	NA			"Cluster 41: Basophils - Unknown function"	"Cluster 56: Non-specific - Unknown function"	"Cluster 25: Non-specific - Transcription"	"Cluster 71: Lymphoma - Inflammatory response"	"Cluster 29: Monocytes - Innate immune response"	13	"Nuclear bodies"		"HPA003261: AB_1079477"	"unprognostic (3.08e-1)"	"unprognostic (8.46e-2)"	"unprognostic (5.35e-2)"	"unprognostic (9.84e-2)"	"unprognostic (2.87e-1)"	"unprognostic (4.68e-2)"	"unprognostic (1.68e-1)"	"unprognostic (1.53e-1)"	"unprognostic (1.18e-2)"	"unprognostic (1.70e-1)"	"unprognostic (1.73e-2)"	"unprognostic (1.68e-1)"	"unprognostic (4.16e-2)"	"unprognostic (1.07e-1)"	"unprognostic (1.75e-2)"	"unprognostic (2.47e-2)"	"unprognostic (2.11e-2)"	"unprognostic (1.88e-1)"	"unprognostic (2.88e-1)"	"unprognostic (2.17e-3)"	"unprognostic (2.54e-1)"	"unprognostic (1.28e-1)"	"unprognostic (2.23e-3)"	"unprognostic (2.11e-1)"	"unprognostic (7.04e-2)"	"unprognostic (2.08e-3)"	"unprognostic (9.95e-2)"	"unprognostic (1.27e-2)"	"unprognostic (1.63e-1)"	"unprognostic (8.95e-3)"	"unprognostic (2.29e-1)"
NMT2		ENSG00000152465	"N-myristoyltransferase 2"	O60551	10	15102584-15168693	"Enzymes, Metabolic proteins, Predicted intracellular proteins"		"Acyltransferase, Transferase"		"Evidence at protein level"	"Evidence at protein level"	"Evidence at protein level"	"Evidence at protein level"	"Low tissue specificity"	"Detected in all"			"Cell type enhanced"	"Detected in all"		"Hepatocytes: 149.7;Proximal tubular cells: 84.6"	"Low cell type specificity"	"Detected in all"			"Low cancer specificity"	"Detected in all"			"Low region specificity"	"Detected in all"			"Group enriched"	"Detected in many"	7	"basophil: 14.5;eosinophil: 13.6;gdT-cell: 11.0;MAIT T-cell: 19.8;memory CD4 T-cell: 17.5;memory CD8 T-cell: 12.8;naive CD4 T-cell: 21.8;naive CD8 T-cell: 14.5;NK-cell: 20.9;T-reg: 29.5"	"Group enriched"	"Detected in many"	9	"granulocytes: 14.5;NK-cells: 20.9;T-cells: 29.5"	"Low cancer specificity"	"Detected in all"			"Adipose subcutaneous - Adipocytes (Subcutaneous), Prostate - Fibroblasts, Testis - Sertoli cells, Thyroid gland - Fibroblasts"	"Low region specificity"	"Detected in all"			"Low region specificity"	"Detected in all"			HPA001303	Approved		Supported	"Golgi apparatus,Plasma membrane,Cytosol"			NA	NA			"Cluster 3: Non-specific - Nuclear processes"	"Cluster 16: Non-specific - Transcription"	"Cluster 15: Non-specific - Transcription"	"Cluster 72: Neuronal - Signal transduction"	"Cluster 30: Granulocytes - Unknown function"	29	"Golgi apparatus, Plasma membrane, Cytosol"		"HPA001303: AB_1079494"	"unprognostic (4.36e-1)"	"unprognostic (1.36e-1)"	"unprognostic (1.23e-1)"	"unprognostic (1.27e-1)"	"unprognostic (5.93e-2)"	"unprognostic (3.99e-1)"	"unprognostic (3.98e-2)"	"potential prognostic favorable (3.13e-5)"	"unprognostic (3.53e-1)"	"unprognostic (1.87e-1)"	"potential prognostic favorable (1.12e-7)"	"unprognostic (8.11e-2)"	"unprognostic (1.70e-2)"	"unprognostic (2.97e-2)"	"unprognostic (1.29e-1)"	"unprognostic (5.63e-2)"	"unprognostic (2.90e-1)"	"unprognostic (4.87e-2)"	"potential prognostic unfavorable (8.50e-4)"	"unprognostic (6.01e-2)"	"unprognostic (3.07e-2)"	"unprognostic (9.06e-2)"	"unprognostic (1.48e-1)"	"unprognostic (3.07e-1)"	"unprognostic (3.05e-2)"	"unprognostic (1.44e-3)"	"unprognostic (2.02e-1)"	"unprognostic (7.02e-3)"	"unprognostic (2.88e-1)"	"unprognostic (2.60e-2)"	"unprognostic (7.73e-2)"
NOTCH2NLA	"N2N, NOTCH2NL"	ENSG00000264343	"Notch 2 N-terminal like A"	Q7Z3S9	1	146146203-146229041	"Disease related genes, Predicted intracellular proteins, Predicted secreted proteins"	"Differentiation, Notch signaling pathway"	"Developmental protein"		"Evidence at protein level"	"Evidence at transcript level"	"Evidence at protein level"	"Evidence at protein level"	"Low tissue specificity"	"Detected in all"			"Cell type enhanced"	"Detected in many"		"Basal squamous epithelial cells: 33.9;monocytes: 28.4;Paneth cells: 23.4;Squamous epithelial cells: 47.5"	"Not detected"	"Not detected"			"Low cancer specificity"	"Detected in all"			"Low region specificity"	"Detected in all"			"Group enriched"	"Detected in all"	4	"basophil: 40.4;classical monocyte: 46.9;eosinophil: 90.4;intermediate monocyte: 40.9;memory B-cell: 76.3;myeloid DC: 61.1;naive B-cell: 44.2;neutrophil: 42.9;non-classical monocyte: 42.1;plasmacytoid DC: 49.0"	"Low lineage specificity"	"Detected in all"			"Low cancer specificity"	"Detected in all"												CAB004669	Uncertain				"Secreted to blood"	"Developmental protein"	NA	NA			"Cluster 29: Non-specific - Unknown function"	"Cluster 21: Testis - Unknown function"	"Cluster 12: Non-specific - Vasculature"	"Cluster 45: Non-specific - Nuclear processes"	"Cluster 49: Non-specific - Transcription"	203			"CAB004669: AB_426149"	"unprognostic (9.89e-3)"	"unprognostic (2.16e-1)"		"unprognostic (1.12e-2)"	"unprognostic (3.75e-1)"	"unprognostic (1.06e-2)"	"unprognostic (2.43e-1)"		"unprognostic (2.62e-1)"	"unprognostic (3.25e-2)"	"unprognostic (6.27e-3)"	"unprognostic (1.65e-1)"	"unprognostic (2.52e-1)"	"unprognostic (6.93e-2)"		"unprognostic (1.33e-1)"	"unprognostic (2.14e-2)"	"unprognostic (1.98e-1)"	"unprognostic (2.82e-1)"	"unprognostic (2.19e-3)"		"unprognostic (7.16e-3)"		"unprognostic (7.29e-2)"	"unprognostic (5.80e-1)"	"unprognostic (1.08e-1)"	"unprognostic (1.42e-1)"	"unprognostic (5.14e-2)"	"unprognostic (2.58e-1)"	"unprognostic (1.21e-1)"	"unprognostic (9.91e-2)"
NPEPL1	"bA261P9.2, FLJ11583"	ENSG00000215440	"Aminopeptidase like 1"	Q8NDH3	20	58689131-58719238	"Enzymes, Predicted intracellular proteins"		"Aminopeptidase, Hydrolase, Protease"		"Evidence at protein level"	"Evidence at transcript level"	"Evidence at protein level"	"Evidence at protein level"	"Low tissue specificity"	"Detected in all"			"Low cell type specificity"	"Detected in many"			"Low cell type specificity"	"Detected in all"			"Low cancer specificity"	"Detected in all"			"Low region specificity"	"Detected in all"			"Group enriched"	"Detected in many"	4	"basophil: 23.9;classical monocyte: 18.5;eosinophil: 7.2;intermediate monocyte: 13.0;myeloid DC: 11.4;neutrophil: 13.7;non-classical monocyte: 18.9"	"Group enriched"	"Detected in all"	5	"dendritic cells: 11.4;granulocytes: 23.9;monocytes: 18.9"	"Low cancer specificity"	"Detected in all"				"Low region specificity"	"Detected in all"			"Low region specificity"	"Detected in all"			"CAB004986, CAB017025, HPA036356"	Approved		Approved	Nucleoplasm,Cytosol			NA	NA		12000	"Cluster 38: Monocytes & Neutrophils - Degranulation"	"Cluster 79: Non-specific - Transcription"	"Cluster 54: Immune cells - T cell receptor"	"Cluster 15: Kidney cancer - Membrane components"	"Cluster 12: Squamous epithelial cells - Keratinization"		Nucleoplasm	Cytosol	"CAB004986: AB_426073, CAB017025: , HPA036356: AB_2675082"	"unprognostic (4.64e-2)"	"unprognostic (1.30e-1)"	"unprognostic (1.88e-1)"	"unprognostic (1.70e-1)"	"unprognostic (1.20e-1)"	"unprognostic (1.46e-1)"	"unprognostic (8.14e-3)"	"unprognostic (1.93e-1)"	"unprognostic (4.90e-2)"	"unprognostic (4.83e-1)"	"potential prognostic unfavorable (8.45e-8)"	"unprognostic (4.85e-3)"	"potential prognostic favorable (2.11e-4)"	"unprognostic (8.93e-3)"	"unprognostic (3.66e-1)"	"unprognostic (8.28e-3)"	"unprognostic (4.06e-1)"	"unprognostic (2.05e-1)"	"unprognostic (1.65e-1)"	"unprognostic (2.54e-2)"	"unprognostic (1.78e-2)"	"unprognostic (4.19e-2)"	"unprognostic (3.50e-3)"	"unprognostic (4.77e-2)"	"unprognostic (1.20e-2)"	"potential prognostic favorable (3.80e-5)"	"unprognostic (1.42e-2)"	"unprognostic (4.73e-2)"	"unprognostic (2.65e-1)"	"unprognostic (1.13e-1)"	"unprognostic (5.35e-1)"
NUDT17	FLJ34433	ENSG00000186364	"Nudix hydrolase 17"	P0C025	1	145845630-145848954	"Predicted intracellular proteins"		Hydrolase		"Evidence at protein level"	"Evidence at transcript level"	"Evidence at protein level"	"Evidence at protein level"	"Low tissue specificity"	"Detected in many"			"Cell type enhanced"	"Detected in many"		"dendritic cells: 28.1;Spermatogonia: 13.0"	"Low cell type specificity"	"Detected in all"			"Cancer enhanced"	"Detected in all"		"Uterine Corpus Endometrial Carcinoma (TCGA): 22.7"	"Low region specificity"	"Detected in all"			"Group enriched"	"Detected in many"	7	"basophil: 8.4;eosinophil: 17.5;plasmacytoid DC: 26.6"	"Group enriched"	"Detected in many"	9	"dendritic cells: 26.6;granulocytes: 17.5"	"Low cancer specificity"	"Detected in all"				"Low region specificity"	"Detected in all"			"Low region specificity"	"Detected in all"			"HPA030145, HPA049649"	Approved		Approved	Nucleoplasm			NA	NA			"Cluster 29: Non-specific - Unknown function"	"Cluster 34: Non-specific - Mixed function"	"Cluster 15: Non-specific - Transcription"	"Cluster 45: Non-specific - Nuclear processes"	"Cluster 28: Dendritic cells - Antigen presentation"		Nucleoplasm		"HPA030145: AB_10603883, HPA049649: "	"unprognostic (1.29e-2)"	"unprognostic (1.71e-2)"	"unprognostic (2.39e-1)"	"unprognostic (3.17e-2)"	"unprognostic (1.44e-2)"	"unprognostic (3.08e-2)"	"unprognostic (1.00e-1)"	"unprognostic (1.42e-1)"	"unprognostic (2.09e-2)"	"unprognostic (4.03e-2)"	"potential prognostic unfavorable (4.58e-9)"	"unprognostic (2.56e-3)"	"unprognostic (6.42e-2)"	"potential prognostic unfavorable (4.42e-4)"	"unprognostic (7.65e-2)"	"unprognostic (1.83e-1)"	"unprognostic (2.08e-1)"	"unprognostic (2.20e-3)"	"unprognostic (1.22e-1)"	"unprognostic (3.89e-2)"	"unprognostic (2.48e-1)"	"unprognostic (1.10e-1)"	"unprognostic (2.57e-1)"	"unprognostic (3.85e-2)"	"unprognostic (1.71e-1)"	"unprognostic (3.61e-1)"	"unprognostic (2.82e-2)"	"unprognostic (2.01e-2)"	"unprognostic (1.37e-1)"	"unprognostic (2.08e-1)"	"unprognostic (2.86e-1)"
OBSL1	KIAA0657	ENSG00000124006	"Obscurin like cytoskeletal adaptor 1"	O75147	2	219550728-219571859	"Disease related genes, Human disease related genes, Predicted intracellular proteins"			Dwarfism	"Evidence at protein level"	"Evidence at protein level"	"Evidence at protein level"	"Evidence at protein level"	"Tissue enhanced"	"Detected in all"		"ovary: 326.7"	"Cell type enhanced"	"Detected in many"		"Early spermatids: 1254.3;Late spermatids: 1969.0;Spermatocytes: 471.1"	"Low cell type specificity"	"Detected in all"			"Low cancer specificity"	"Detected in all"			"Low region specificity"	"Detected in all"			"Group enriched"	"Detected in some"	8	"basophil: 4.4;plasmacytoid DC: 1.3"	"Group enriched"	"Detected in many"	11	"dendritic cells: 1.3;granulocytes: 4.4"	"Low cancer specificity"	"Detected in many"			"Heart muscle - Cardiomyocytes, Pituitary gland - Undifferentiated cells (Pituitary gland), Skeletal muscle - Fibroblasts"	"Low region specificity"	"Detected in all"			"Low region specificity"	"Detected in all"			"HPA036404, HPA036405"	Approved		Approved	Centrosome			NA	NA				"Cluster 18: Non-specific - Ribosome"	"Cluster 40: Astrocytes - Astrocyte-neuron interactions"	"Cluster 53: Squamous epithelial cells - Keratinization"	"Cluster 63: Late spermatids - Spermatogenesis"	78	Centrosome		"HPA036404: AB_10670437, HPA036405: AB_2675104"	"unprognostic (1.45e-2)"	"unprognostic (1.09e-2)"	"unprognostic (6.91e-2)"	"unprognostic (1.89e-2)"	"unprognostic (6.89e-2)"	"unprognostic (7.98e-2)"	"unprognostic (2.10e-3)"	"unprognostic (1.58e-2)"	"unprognostic (3.23e-3)"	"unprognostic (1.12e-1)"	"unprognostic (2.86e-2)"	"potential prognostic favorable (1.15e-4)"	"unprognostic (1.03e-1)"	"unprognostic (2.44e-2)"	"unprognostic (8.80e-2)"	"unprognostic (2.10e-2)"	"unprognostic (1.74e-1)"	"unprognostic (3.11e-1)"	"unprognostic (9.60e-2)"	"unprognostic (1.68e-1)"	"unprognostic (1.56e-1)"	"unprognostic (2.13e-2)"	"unprognostic (6.34e-2)"	"unprognostic (1.21e-1)"	"unprognostic (2.63e-1)"	"unprognostic (1.20e-2)"	"unprognostic (3.25e-3)"	"unprognostic (5.60e-3)"	"unprognostic (5.06e-2)"	"unprognostic (2.26e-1)"	"unprognostic (7.50e-2)"
ORAI2	"C7orf19, CBCIP2, FLJ12474, FLJ14733, H_NH0514P08.8, TMEM142B"	ENSG00000160991	"ORAI calcium release-activated calcium modulator 2"	Q96SN7	7	102433106-102456825	"Predicted intracellular proteins, Predicted membrane proteins"	"Calcium transport, Ion transport, Transport"	"Calcium channel, Ion channel"		"Evidence at protein level"	"Evidence at protein level"	"Evidence at protein level"	"Evidence at protein level"	"Tissue enhanced"	"Detected in many"		"pituitary gland: 37.9"	"Cell type enhanced"	"Detected in many"		"B-cells: 114.7;Glandular and luminal cells: 68.2;Plasma cells: 76.6"	"Low cell type specificity"	"Detected in all"			"Low cancer specificity"	"Detected in all"			"Low region specificity"	"Detected in all"			"Group enriched"	"Detected in many"	4	"basophil: 7.0;eosinophil: 24.9;memory B-cell: 10.2;naive B-cell: 11.4;neutrophil: 27.7;NK-cell: 8.3"	"Group enriched"	"Detected in all"	5	"B-cells: 11.4;granulocytes: 27.7;NK-cells: 8.3"	"Low cancer specificity"	"Detected in all"			"Heart muscle - Endothelial cells, Spleen - B-cells (Spleen)"	"Low region specificity"	"Detected in all"			"Low region specificity"	"Detected in all"			"HPA065937, HPA074525"	Uncertain		Supported	Nucleoplasm,Mitochondria,Cytosol			NA	NA			"Cluster 21: Neutrophils - Unknown function"	"Cluster 34: Non-specific - Mixed function"	"Cluster 29: Forebrain - Mixed function"	"Cluster 39: Non-specific - Transcription"	"Cluster 73: B-cells - B-cell function"		"Nucleoplasm, Mitochondria"	Cytosol	"HPA065937: AB_2685581, HPA074525: "	"potential prognostic favorable (7.25e-4)"	"unprognostic (9.22e-3)"	"unprognostic (3.16e-3)"	"unprognostic (4.00e-3)"	"unprognostic (8.60e-2)"	"unprognostic (3.02e-1)"	"unprognostic (2.80e-2)"	"unprognostic (7.12e-2)"	"unprognostic (6.09e-2)"	"unprognostic (2.96e-2)"	"unprognostic (5.29e-2)"	"unprognostic (4.04e-2)"	"unprognostic (1.54e-1)"	"unprognostic (3.68e-2)"	"unprognostic (1.76e-2)"	"unprognostic (3.08e-1)"	"unprognostic (4.93e-2)"	"unprognostic (1.41e-2)"	"unprognostic (2.87e-1)"	"unprognostic (2.40e-2)"	"unprognostic (2.04e-3)"	"unprognostic (4.62e-3)"	"unprognostic (3.58e-2)"	"unprognostic (2.42e-1)"	"unprognostic (1.50e-1)"	"unprognostic (2.65e-2)"	"unprognostic (1.81e-1)"	"unprognostic (6.71e-2)"	"unprognostic (1.75e-1)"	"unprognostic (2.69e-2)"	"unprognostic (1.59e-1)"
OSGIN2	"C8orf1, hT41"	ENSG00000164823	"Oxidative stress induced growth inhibitor family member 2"	Q9Y236	8	89901849-89927888	"Predicted intracellular proteins"	Meiosis			"Evidence at protein level"	"Evidence at transcript level"	"Evidence at transcript level"	"Evidence at protein level"	"Low tissue specificity"	"Detected in all"			"Cell type enhanced"	"Detected in many"		"Alveolar cells type 1: 98.1;Early spermatids: 255.0;Late spermatids: 240.0"	"Cell type enhanced"	"Detected in all"		"astrocyte: 101.5"	"Low cancer specificity"	"Detected in all"			"Low region specificity"	"Detected in all"			"Group enriched"	"Detected in all"	4	"basophil: 21.8;eosinophil: 7.0;neutrophil: 12.1"	"Lineage enriched"	"Detected in all"	6	"granulocytes: 21.8"	"Low cancer specificity"	"Detected in all"			"Adrenal gland - Adrenal cortex cells, Testis - Early spermatids"	"Low region specificity"	"Detected in all"			"Low region specificity"	"Detected in all"			"HPA028515, HPA050595"	Approved		Approved	Nucleoli			NA	NA			"Cluster 46: Basophils - Proteolysis"	"Cluster 40: Non-specific - Transcription"	"Cluster 39: Astrocytes - Mixed function"	"Cluster 40: Non-specific - Unknown function"	"Cluster 13: Spermatids - Transcription"		Nucleoli		"HPA028515: AB_10602014, HPA050595: AB_2681186"	"unprognostic (1.53e-2)"	"unprognostic (2.26e-3)"	"unprognostic (1.69e-1)"	"unprognostic (7.19e-2)"	"unprognostic (5.22e-2)"	"unprognostic (3.49e-2)"	"unprognostic (4.12e-2)"	"potential prognostic favorable (4.10e-4)"	"unprognostic (3.62e-2)"	"unprognostic (5.02e-2)"	"potential prognostic favorable (5.60e-5)"	"unprognostic (1.81e-1)"	"unprognostic (1.51e-3)"	"potential prognostic unfavorable (1.80e-5)"	"unprognostic (1.24e-2)"	"potential prognostic unfavorable (4.10e-4)"	"unprognostic (5.39e-2)"	"unprognostic (5.46e-2)"	"unprognostic (2.36e-1)"	"unprognostic (2.05e-3)"	"unprognostic (5.24e-3)"	"potential prognostic unfavorable (3.76e-4)"	"unprognostic (1.74e-2)"	"unprognostic (2.08e-1)"	"unprognostic (2.27e-1)"	"unprognostic (6.14e-2)"	"unprognostic (3.70e-1)"	"unprognostic (1.91e-1)"	"unprognostic (4.15e-1)"	"unprognostic (8.02e-2)"	"unprognostic (1.38e-2)"
P2RY1	"P2Y1, SARCC"	ENSG00000169860	"Purinergic receptor P2Y1"	P47900	3	152835131-152841439	"G-protein coupled receptors, Predicted membrane proteins, Transporters"	"Blood coagulation, Hemostasis"	"G-protein coupled receptor, Receptor, Transducer"		"Evidence at protein level"	"Evidence at protein level"	"Evidence at protein level"	"Evidence at protein level"	"Tissue enhanced"	"Detected in many"		"placenta: 24.6"	"Cell type enhanced"	"Detected in many"		"monocytes: 91.9;Prostatic glandular cells: 61.5;Squamous epithelial cells: 45.6"	"Group enriched"	"Detected in many"	5	"astrocyte: 47.6;bergmann glia: 21.9;ependymal cell: 26.3;fibroblast: 26.3;medium spiny neuron: 25.6"	"Low cancer specificity"	"Detected in many"			"Low region specificity"	"Detected in all"			"Group enriched"	"Detected in some"	6	"basophil: 6.0;non-classical monocyte: 2.7"	"Group enriched"	"Detected in many"	9	"granulocytes: 6.0;monocytes: 2.7"	"Cancer enhanced"	"Detected in many"		"cervical cancer: 9.6;Gallbladder cancer: 11.3"	"Adipose subcutaneous - Macrophages, Adrenal gland - Macrophages, Skeletal muscle - Skeletal myocytes, Skin - Keratinocyte (other), Spleen - Macrophages"	"Low region specificity"	"Detected in all"			"Low region specificity"	"Detected in all"			HPA015577	Enhanced						NA	NA			"Cluster 10: Non-specific - Membrane trafficking"	"Cluster 75: Epithelium - Extracellular exosomes"	"Cluster 33: Neurons - Mixed function"	"Cluster 47: Leukemia - Hemostasis"	"Cluster 57: Platelets - Hemostasis"	26			"HPA015577: AB_1854882"	"unprognostic (3.05e-1)"		"unprognostic (1.79e-1)"	"unprognostic (9.81e-2)"	"unprognostic (4.03e-2)"	"unprognostic (2.24e-2)"	"unprognostic (1.63e-1)"	"potential prognostic unfavorable (7.76e-6)"	"unprognostic (2.96e-3)"		"potential prognostic favorable (2.89e-4)"	"unprognostic (1.78e-2)"				"unprognostic (1.81e-1)"	"unprognostic (9.05e-3)"	"unprognostic (1.14e-2)"	"unprognostic (2.21e-2)"			"unprognostic (4.39e-2)"	"unprognostic (9.40e-2)"	"unprognostic (2.60e-1)"	"unprognostic (2.11e-1)"	"unprognostic (8.00e-2)"	"unprognostic (1.65e-1)"	"unprognostic (9.45e-2)"	"unprognostic (1.38e-1)"		
PAEP	"GD, GdA, GdF, GdS, MGC138509, MGC142288, PAEG, PEP, PP14"	ENSG00000122133	"Progestagen associated endometrial protein"	P09466	9	135561756-135566955	"Predicted intracellular proteins, Predicted secreted proteins"				"Evidence at protein level"	"Evidence at protein level"	"Evidence at protein level"	"Evidence at protein level"	"Tissue enhanced"	"Detected in some"		"cervix: 91.3;endometrium 1: 247.4"	"Cell type enriched"	"Detected in some"	14	"Glandular and luminal cells: 15450.1"	"Not detected"	"Not detected"			"Cancer enriched"	"Detected in many"	4	"Skin Cuteneous Melanoma (TCGA): 804.5"	"Low region specificity"	"Detected in all"			"Group enriched"	"Detected in some"	5	"basophil: 3.1;neutrophil: 1.4"	"Lineage enriched"	"Detected in single"	6	"granulocytes: 3.1"	"Group enriched"	"Detected in many"	6	"skin cancer: 32.2;thyroid cancer: 74.6"	"Skin - Eccrine sweat gland cells"	"Not detected"	"Not detected"			"Low region specificity"	"Detected in all"			"CAB016762, HPA020108, HPA029473"	Enhanced				"Secreted in female reproductive system"	"No annotated function"	NA	NA		110000	"Cluster 20: Non-specific - DNA binding"	"Cluster 62: Connective tissue - ECM organization"	"Cluster 48: Non-specific - Mixed function"	"Cluster 9: Skin cancer - Melanin biosynthesis"	"Cluster 37: Glandular & Luminal cells - Unknown function"	13			"CAB016762: , HPA020108: AB_1855595, HPA029473: AB_10610147"	"potential prognostic unfavorable (7.56e-5)"	"unprognostic (1.44e-1)"	"unprognostic (2.19e-1)"	"unprognostic (1.92e-1)"	"unprognostic (1.73e-1)"	"unprognostic (1.70e-1)"			"unprognostic (4.17e-2)"	"unprognostic (1.58e-3)"	"validated prognostic unfavorable (5.78e-13)"	"validated prognostic unfavorable (5.12e-7)"	"potential prognostic unfavorable (5.28e-4)"	"potential prognostic unfavorable (1.95e-6)"	"unprognostic (8.04e-2)"	"unprognostic (1.57e-1)"	"unprognostic (9.44e-2)"	"unprognostic (1.65e-3)"	"unprognostic (4.23e-2)"	"unprognostic (6.78e-3)"	"unprognostic (3.09e-2)"	"unprognostic (8.58e-3)"	"potential prognostic unfavorable (8.37e-4)"		"unprognostic (4.48e-1)"	"unprognostic (1.09e-1)"	"unprognostic (3.43e-2)"	"unprognostic (5.79e-3)"	"unprognostic (8.15e-2)"		"unprognostic (3.21e-1)"
PAPSS1	"ATPSK1, PAPSS"	ENSG00000138801	"3'-phosphoadenosine 5'-phosphosulfate synthase 1"	O43252	4	107590276-107720234	"Enzymes, Metabolic proteins, Predicted intracellular proteins"		"Kinase, Multifunctional enzyme, Nucleotidyltransferase, Transferase"		"Evidence at protein level"	"Evidence at protein level"	"Evidence at protein level"	"Evidence at protein level"	"Low tissue specificity"	"Detected in all"			"Cell type enhanced"	"Detected in all"		"Glandular and luminal cells: 452.4"	"Low cell type specificity"	"Detected in all"			"Low cancer specificity"	"Detected in all"			"Low region specificity"	"Detected in all"			"Group enriched"	"Detected in all"	6	"basophil: 322.6;eosinophil: 360.6"	"Lineage enriched"	"Detected in all"	6	"granulocytes: 360.6"	"Low cancer specificity"	"Detected in all"				"Low region specificity"	"Detected in all"			"Low region specificity"	"Detected in all"			HPA049781	Approved		Approved	"Nucleoplasm,Nucleoli rim,Mitotic chromosome"			Yes	No		12000	"Cluster 41: Basophils - Unknown function"	"Cluster 9: Oligodendrocytes - Myelination"	"Cluster 30: White matter - Myelination"	"Cluster 5: Rhabdoid - Unknown function"	"Cluster 37: Glandular & Luminal cells - Unknown function"	1	"Nucleoli rim, Mitotic chromosome"	Nucleoplasm	"HPA049781: AB_2680879"	"unprognostic (1.97e-2)"	"unprognostic (9.44e-2)"	"unprognostic (1.27e-2)"	"unprognostic (1.85e-1)"	"unprognostic (1.10e-2)"	"unprognostic (3.60e-2)"	"unprognostic (5.48e-2)"	"unprognostic (9.90e-2)"	"unprognostic (1.75e-1)"	"unprognostic (7.19e-3)"	"potential prognostic favorable (8.10e-5)"	"unprognostic (6.87e-3)"	"unprognostic (2.18e-2)"	"potential prognostic unfavorable (2.45e-7)"	"unprognostic (4.02e-2)"	"unprognostic (1.79e-1)"	"unprognostic (1.51e-2)"	"unprognostic (3.02e-1)"	"unprognostic (2.30e-1)"	"unprognostic (6.73e-2)"	"unprognostic (1.19e-2)"	"unprognostic (1.57e-1)"	"unprognostic (2.23e-1)"	"unprognostic (2.93e-1)"	"unprognostic (1.70e-1)"	"unprognostic (2.61e-2)"	"unprognostic (2.23e-1)"	"unprognostic (1.31e-1)"	"unprognostic (9.25e-2)"	"unprognostic (2.25e-2)"	"unprognostic (6.58e-2)"
PDLIM7	ENIGMA	ENSG00000196923	"PDZ and LIM domain 7"	Q9NR12	5	177483394-177497606	"Predicted intracellular proteins"	"Differentiation, Osteogenesis"	"Developmental protein"		"Evidence at protein level"	"Evidence at protein level"	"Evidence at protein level"	"Evidence at protein level"	"Tissue enhanced"	"Detected in all"		"intestine: 551.2;skeletal muscle: 638.7"	"Cell type enhanced"	"Detected in many"		"Ductal cells: 130.0;Exocrine glandular cells: 162.3;Pancreatic endocrine cells: 198.7;Peritubular cells: 219.0;Skeletal myocytes: 173.7;Smooth muscle cells: 164.9"	"Cell type enhanced"	"Detected in all"		"vascular associated smooth muscle cell: 131.5"	"Low cancer specificity"	"Detected in all"			"Low region specificity"	"Detected in all"			"Group enriched"	"Detected in all"	5	"basophil: 178.3;eosinophil: 121.5;neutrophil: 440.6"	"Lineage enriched"	"Detected in all"	9	"granulocytes: 440.6"	"Low cancer specificity"	"Detected in all"			"Lung - Smooth muscle cells, Prostate - Smooth muscle cells, Spleen - Fibroblast_1"	"Low region specificity"	"Detected in all"			"Low region specificity"	"Detected in all"			"HPA018794, HPA048815"	Approved		Enhanced	"Actin filaments,Focal adhesion sites"			NA	NA		1500000	"Cluster 21: Neutrophils - Unknown function"	"Cluster 19: Non-specific - Basic cellular processes"	"Cluster 23: Choroid plexus - Mixed function"	"Cluster 15: Kidney cancer - Membrane components"	"Cluster 32: Smooth muscle cells - Muscle contraction"	66	"Actin filaments, Focal adhesion sites"		"HPA018794: AB_1855155, HPA048815: AB_2680530"	"unprognostic (6.82e-2)"	"unprognostic (1.68e-2)"	"unprognostic (1.85e-1)"	"unprognostic (1.54e-2)"	"unprognostic (9.18e-3)"	"unprognostic (2.83e-2)"	"unprognostic (5.30e-2)"	"unprognostic (2.53e-1)"	"unprognostic (1.54e-2)"	"unprognostic (7.50e-3)"	"unprognostic (1.10e-3)"	"unprognostic (8.94e-3)"	"unprognostic (9.63e-3)"	"unprognostic (5.13e-3)"	"unprognostic (2.51e-1)"	"validated prognostic unfavorable (2.42e-4)"	"validated prognostic unfavorable (5.27e-4)"	"unprognostic (2.07e-3)"	"unprognostic (4.89e-2)"	"unprognostic (1.29e-1)"	"unprognostic (4.76e-1)"	"unprognostic (5.03e-2)"	"unprognostic (1.68e-2)"	"unprognostic (8.80e-2)"	"unprognostic (7.65e-2)"	"unprognostic (1.39e-2)"	"unprognostic (3.86e-3)"	"unprognostic (8.39e-3)"	"unprognostic (3.62e-1)"	"unprognostic (3.97e-2)"	"unprognostic (5.39e-2)"
PF4V1	"CXCL4L1, CXCL4V1, SCYB4V1"	ENSG00000109272	"Platelet factor 4 variant 1"	P10720	4	73853296-73854483	"Plasma proteins, Predicted secreted proteins"		"Cytokine, Heparin-binding"		"Evidence at protein level"	"Evidence at protein level"	"Evidence at protein level"	"Evidence at protein level"	"Tissue enhanced"	"Detected in some"		"intestine: 1.6;lymphoid tissue: 2.3"	"Cell type enhanced"	"Detected in some"		"Cholangiocytes: 17.2;Club cells: 10.7;Enteroendocrine cells: 16.0;Hepatocytes: 4.0"	"Cell type enhanced"	"Detected in single"		"fibroblast: 1.8"	"Group enriched"	"Detected in some"	4	"Kidney Renal Clear Cell Carcinoma (TCGA): 4.1;Kidney Renal Papillary Cell Carcinoma (TCGA): 6.1"	"Not detected"	"Not detected"			"Group enriched"	"Detected in some"	42	"basophil: 12.5;neutrophil: 9.2"	"Lineage enriched"	"Detected in single"	48	"granulocytes: 12.5"	"Cancer enhanced"	"Detected in single"		"thyroid cancer: 1.2"										HPA052485	Supported				"Secreted to blood"	Cytokine	NA	NA			"Cluster 4: Neutrophils - Degranulation"	"Cluster 25: Small intestine - Absorption"		"Cluster 64: Connective tissue cells - ECM organization"	"Cluster 57: Platelets - Hemostasis"	1			"HPA052485: AB_2681847"											"unprognostic (8.28e-3)"	"unprognostic (4.80e-3)"	"unprognostic (1.80e-3)"	"unprognostic (1.35e-2)"				"unprognostic (9.26e-3)"	"unprognostic (3.97e-1)"												"unprognostic (1.03e-2)"
PGD		ENSG00000142657	"Phosphogluconate dehydrogenase"	P52209	1	10398592-10420511	"Enzymes, Metabolic proteins, Plasma proteins, Predicted intracellular proteins"	"Gluconate utilization, Pentose shunt"	Oxidoreductase		"Evidence at protein level"	"Evidence at protein level"	"Evidence at protein level"	"Evidence at protein level"	"Tissue enhanced"	"Detected in all"		"bone marrow: 395.7;esophagus: 556.4"	"Cell type enhanced"	"Detected in all"		"Squamous epithelial cells: 575.0;Suprabasal keratinocytes: 337.1"	"Low cell type specificity"	"Detected in all"			"Low cancer specificity"	"Detected in all"			"Low region specificity"	"Detected in all"			"Group enriched"	"Detected in all"	5	"basophil: 1064.8;classical monocyte: 321.6;eosinophil: 1077.6;neutrophil: 334.4"	"Group enriched"	"Detected in all"	5	"granulocytes: 1077.6;monocytes: 321.6"	"Low cancer specificity"	"Detected in all"			"Adipose subcutaneous - Adipocytes (Subcutaneous), Adipose visceral - Adipocytes (Visceral), Breast - Adipocytes (Breast), Colon - Macrophages, Heart muscle - Macrophages, Skin - Sebaceous gland cells, Spleen - Neutrophils, Thyroid gland - Thyroid glandular cells"	"Low region specificity"	"Detected in all"			"Low region specificity"	"Detected in all"			"HPA031314, HPA031315"	Enhanced	Supported	Approved	"Intermediate filaments,Cytosol"			No	No		43000000	"Cluster 42: Non-specific - Vesicular transport"	"Cluster 77: Bone marrow - Cell proliferation"	"Cluster 19: Astrocytes - Mixed function"	"Cluster 7: Liver cancer - Metabolism"	"Cluster 12: Squamous epithelial cells - Keratinization"	6	"Intermediate filaments, Cytosol"		"HPA031314: AB_10610278, HPA031315: AB_2673825"	"unprognostic (1.69e-1)"	"unprognostic (2.59e-1)"	"unprognostic (1.53e-1)"	"unprognostic (2.79e-1)"	"unprognostic (8.75e-3)"	"unprognostic (3.00e-1)"	"unprognostic (9.46e-2)"	"unprognostic (1.74e-1)"	"unprognostic (2.09e-1)"	"unprognostic (1.53e-2)"	"potential prognostic favorable (7.54e-4)"	"unprognostic (9.94e-3)"	"unprognostic (1.28e-1)"	"validated prognostic unfavorable (7.01e-5)"	"validated prognostic unfavorable (6.71e-5)"	"unprognostic (2.88e-3)"	"unprognostic (1.40e-1)"	"unprognostic (9.53e-2)"	"unprognostic (2.35e-2)"	"unprognostic (2.41e-1)"	"unprognostic (2.18e-1)"	"unprognostic (2.05e-1)"	"unprognostic (3.09e-1)"	"unprognostic (1.11e-1)"	"unprognostic (8.80e-2)"	"unprognostic (1.74e-1)"	"unprognostic (9.32e-2)"	"unprognostic (6.39e-2)"	"unprognostic (2.25e-1)"	"unprognostic (8.43e-3)"	"unprognostic (3.99e-2)"
PGLYRP3	"PGLYRPIalpha, PGRP-Ialpha, PGRPIA"	ENSG00000159527	"Peptidoglycan recognition protein 3"	Q96LB9	1	153297116-153312952	"Metabolic proteins, Predicted secreted proteins"	"Immunity, Innate immunity"	"Antibiotic, Antimicrobial"		"Evidence at protein level"	"Evidence at protein level"	"Evidence at protein level"	"Evidence at protein level"	"Tissue enhanced"	"Detected in some"		"esophagus: 30.4;skin 1: 50.7;vagina: 20.7"	"Group enriched"	"Detected in some"	4	"granulocytes: 1.6;Squamous epithelial cells: 5.9;Suprabasal keratinocytes: 2.4"	"Not detected"	"Not detected"			"Cancer enhanced"	"Detected in many"		"Cervical Squamous Cell Carcinoma and Endocervical Adenocarcinoma (TCGA): 12.5;Head and Neck Squamous Cell Carcinoma (TCGA): 23.7"	"Low region specificity"	"Detected in all"			"Group enriched"	"Detected in some"	12	"basophil: 8.4;eosinophil: 3.7"	"Lineage enriched"	"Detected in single"	55	"granulocytes: 8.4"	"Cancer enhanced"	"Detected in some"		"head and neck cancer: 4.9"	"Skin - Keratinocyte (other)"	"Not detected"	"Not detected"			"Not detected"	"Not detected"			HPA030369	Uncertain				"Secreted in other tissues"	Immunity	NA	NA			"Cluster 22: Eosinophils - Transcription"	"Cluster 27: Squamous epithelium - Keratinization"	"Cluster 4: Non-specific - mRNA splicing & Cell cycle"	"Cluster 53: Squamous epithelial cells - Keratinization"	"Cluster 12: Squamous epithelial cells - Keratinization"	15			"HPA030369: AB_10603984"	"unprognostic (4.91e-3)"			"unprognostic (3.57e-2)"					"unprognostic (1.02e-1)"							"unprognostic (4.45e-2)"		"unprognostic (2.18e-1)"	"unprognostic (1.89e-1)"								"unprognostic (2.08e-1)"	"unprognostic (2.19e-1)"			
PIK3R6	"C17orf38, FLJ34500, HsT41028, p87PIKAP"	ENSG00000276231	"Phosphoinositide-3-kinase regulatory subunit 6"	Q5UE93	17	8802722-8867677	"Predicted intracellular proteins"	Angiogenesis			"Evidence at protein level"	"Evidence at transcript level"	"Evidence at protein level"	"Evidence at protein level"	"Tissue enhanced"	"Detected in some"		"lymphoid tissue: 2.8"	"Cell type enhanced"	"Detected in some"		"Early spermatids: 8.5;granulocytes: 37.9;Hofbauer cells: 7.1;Late spermatids: 22.1;Microglial cells: 7.2"	"Group enriched"	"Detected in some"	5	"central nervous system macrophage: 51.3;pericyte: 66.5"	"Low cancer specificity"	"Detected in many"			"Low region specificity"	"Detected in many"			"Group enriched"	"Detected in many"	5	"basophil: 22.0;eosinophil: 75.9"	"Lineage enriched"	"Detected in many"	7	"granulocytes: 75.9"	"Group enriched"	"Detected in some"	6	"Leukemia: 7.3;lymphoma: 5.9"	"Adrenal gland - Macrophages, Colon - Mast cells, Testis - Late spermatids, Thyroid gland - T-cells"	"Low region specificity"	"Detected in many"			"Low region specificity"	"Detected in many"			HPA023077	Approved		Approved	"Nucleoplasm,Golgi apparatus,Plasma membrane,Cytosol"			NA	NA			"Cluster 19: Eosinophils - Unknown function"	"Cluster 70: Lymphoid tissue - Immune response"	"Cluster 20: Macrophages & Microglia - Immune response"	"Cluster 49: HMC-1 - Innate immune response"	"Cluster 30: Granulocytes - Unknown function"	2	"Nucleoplasm, Golgi apparatus"	"Plasma membrane, Cytosol"	"HPA023077: AB_1854909"			"unprognostic (7.54e-3)"	"unprognostic (6.27e-3)"		"unprognostic (1.26e-1)"	"unprognostic (1.10e-1)"				"unprognostic (9.01e-3)"	"unprognostic (1.83e-1)"	"unprognostic (6.39e-2)"		"unprognostic (2.02e-1)"	"unprognostic (7.88e-3)"	"potential prognostic unfavorable (6.60e-4)"		"unprognostic (1.26e-1)"			"unprognostic (5.48e-2)"				"unprognostic (1.29e-1)"		"unprognostic (4.15e-1)"	"unprognostic (1.91e-2)"		
PKP2		ENSG00000057294	"Plakophilin 2"	Q99959	12	32790745-32896777	"Disease related genes, Human disease related genes, Plasma proteins, Predicted intracellular proteins"	"Cell adhesion"		"Cardiomyopathy, Disease variant"	"Evidence at protein level"	"Evidence at protein level"	"Evidence at protein level"	"Evidence at protein level"	"Tissue enhanced"	"Detected in many"		"heart muscle: 191.1"	"Cell type enhanced"	"Detected in many"		"Cardiomyocytes: 542.9;Extravillous trophoblasts: 202.5;monocytes: 319.4;Salivary duct cells: 178.6"	"Group enriched"	"Detected in many"	4	"CGE interneuron: 136.5;fibroblast: 159.9;hippocampal CA1-3: 52.8;hippocampal CA4: 66.0;LAMP5-LHX6 and Chandelier: 179.7"	"Low cancer specificity"	"Detected in many"			"Low region specificity"	"Detected in all"			"Group enriched"	"Detected in some"	4	"basophil: 5.6;eosinophil: 6.9;myeloid DC: 2.7"	"Low lineage specificity"	"Detected in many"			"Cancer enhanced"	"Detected in many"		"testis cancer: 164.7"	"Adipose subcutaneous - Adipocytes (Subcutaneous)"	"Region enriched"	"Detected in many"	4	"hippocampal formation: 20.2"	"Low region specificity"	"Detected in all"			"HPA014314, CAB037336, HPA056908"	Enhanced		Enhanced	"Nucleoplasm,Cell Junctions"			NA	NA			"Cluster 45: Eosinophils - Unknown function"	"Cluster 30: Heart muscle - Heart development"	"Cluster 29: Forebrain - Mixed function"	"Cluster 53: Squamous epithelial cells - Keratinization"	"Cluster 68: Cardiomyocytes - Muscle contraction"	39	"Cell Junctions"	Nucleoplasm	"CAB037336: , HPA014314: AB_1855451, HPA056908: AB_2683272"	"unprognostic (9.77e-2)"	"unprognostic (4.13e-1)"	"unprognostic (2.45e-1)"	"unprognostic (1.51e-2)"	"unprognostic (1.45e-2)"	"unprognostic (7.36e-2)"		"unprognostic (5.39e-3)"	"unprognostic (5.62e-2)"	"potential prognostic unfavorable (7.45e-4)"	"potential prognostic favorable (1.56e-7)"	"unprognostic (1.13e-1)"	"unprognostic (1.28e-2)"	"unprognostic (7.17e-2)"	"unprognostic (2.39e-1)"	"potential prognostic unfavorable (1.01e-6)"	"unprognostic (2.81e-2)"	"unprognostic (2.03e-1)"	"unprognostic (2.06e-1)"	"unprognostic (2.02e-1)"	"unprognostic (1.89e-1)"	"unprognostic (7.85e-3)"	"unprognostic (1.51e-1)"	"unprognostic (1.41e-1)"	"unprognostic (1.32e-2)"	"unprognostic (3.13e-2)"		"unprognostic (8.97e-2)"	"unprognostic (2.70e-2)"	"unprognostic (9.39e-2)"	"unprognostic (1.26e-1)"
PLCB4		ENSG00000101333	"Phospholipase C beta 4"	Q15147	20	9067825-9504593	"Disease related genes, Enzymes, Human disease related genes, Metabolic proteins, Potential drug targets, Predicted intracellular proteins"	"Lipid degradation, Lipid metabolism"	"Hydrolase, Transducer"	"Disease variant"	"Evidence at protein level"	"Evidence at transcript level"	"Evidence at protein level"	"Evidence at protein level"	"Tissue enhanced"	"Detected in many"		"brain: 37.1;salivary gland: 49.2"	"Cell type enhanced"	"Detected in many"		"Cardiomyocytes: 83.1;Excitatory neurons: 102.2;Horizontal cells: 76.2;Inhibitory neurons: 108.9;Microglial cells: 175.3;Oligodendrocyte precursor cells: 158.5;Serous glandular cells: 85.4"	"Cell type enhanced"	"Detected in all"		"pericyte: 1570.4"	"Cancer enhanced"	"Detected in many"		"Colon Adenocarcinoma (TCGA): 38.5;Rectum Adenocarcinoma (TCGA): 46.7"	"Low region specificity"	"Detected in all"			"Group enriched"	"Detected in some"	4	"basophil: 1.8;plasmacytoid DC: 2.0"	"Group enriched"	"Detected in many"	4	"dendritic cells: 2.0;granulocytes: 1.8"	"Cancer enhanced"	"Detected in many"		"Kidney cancer: 60.0"	"Adipose subcutaneous - Smooth muscle cells, Liver - Hepatic stellate cells"	"Low region specificity"	"Detected in all"			"Low region specificity"	"Detected in all"			HPA007951	Approved						NA	NA			"Cluster 2: Dendritic cells - Unknown function"	"Cluster 65: Cerebellum - Nervous system development"	"Cluster 25: Non-specific - Transcription"	"Cluster 15: Kidney cancer - Membrane components"	"Cluster 75: Serous glandular cells - Salivary secretion"	1			"HPA007951: AB_2667944"	"unprognostic (6.71e-2)"	"unprognostic (6.96e-2)"	"unprognostic (9.74e-3)"	"unprognostic (3.02e-1)"	"unprognostic (1.08e-2)"	"unprognostic (1.19e-1)"	"unprognostic (1.49e-1)"	"potential prognostic favorable (6.41e-4)"	"unprognostic (1.65e-2)"	"unprognostic (1.37e-2)"	"unprognostic (7.69e-2)"	"unprognostic (3.02e-2)"	"unprognostic (3.16e-3)"		"unprognostic (1.00e-1)"	"unprognostic (3.55e-1)"	"unprognostic (3.13e-2)"	"unprognostic (8.98e-2)"	"potential prognostic favorable (9.82e-4)"	"unprognostic (2.83e-1)"	"unprognostic (2.43e-2)"	"unprognostic (3.54e-2)"	"unprognostic (2.28e-3)"	"unprognostic (2.21e-1)"	"unprognostic (2.01e-3)"	"unprognostic (1.76e-1)"	"unprognostic (2.95e-1)"	"unprognostic (6.28e-2)"	"unprognostic (3.73e-2)"	"unprognostic (9.80e-2)"	"unprognostic (1.65e-1)"
PLIN2	"ADFP, ADRP"	ENSG00000147872	"Perilipin 2"	Q99541	9	19108375-19149290	"Metabolic proteins, Plasma proteins, Predicted intracellular proteins"				"Evidence at protein level"	"Evidence at protein level"	"Evidence at protein level"	"Evidence at protein level"	"Tissue enhanced"	"Detected in all"		"adipose tissue: 601.5;liver: 877.8"	"Cell type enhanced"	"Detected in many"		"Extravillous trophoblasts: 855.7;granulocytes: 1054.7;Hepatocytes: 596.7;Syncytiotrophoblasts: 2433.6"	"Cell type enhanced"	"Detected in all"		"endothelial cell: 30.0"	"Cancer enhanced"	"Detected in all"		"Kidney Renal Clear Cell Carcinoma (TCGA): 855.0"	"Low region specificity"	"Detected in all"			"Group enriched"	"Detected in all"	4	"basophil: 777.5;eosinophil: 583.3"	"Lineage enriched"	"Detected in all"	5	"granulocytes: 777.5"	"Cancer enhanced"	"Detected in all"		"Kidney cancer: 271.9"		"Low region specificity"	"Detected in all"			"Low region specificity"	"Detected in all"			"HPA016607, CAB037331, CAB080243, CAB080244, CAB080245"	Supported		Supported	"Lipid droplets"			NA	NA			"Cluster 42: Non-specific - Vesicular transport"	"Cluster 83: Liver - Metabolism"	"Cluster 12: Non-specific - Vasculature"	"Cluster 44: Connective tissue cells - ECM organization"	"Cluster 58: Macrophages - Innate immune response"	11	"Lipid droplets"		"CAB037331: , CAB080243: , CAB080244: , CAB080245: , HPA016607: AB_2669403"	"unprognostic (3.65e-3)"	"unprognostic (2.65e-1)"	"unprognostic (2.24e-1)"	"unprognostic (1.97e-2)"	"unprognostic (5.94e-2)"	"unprognostic (5.71e-2)"	"unprognostic (2.81e-2)"	"unprognostic (1.21e-1)"	"unprognostic (4.97e-2)"	"unprognostic (7.45e-2)"	"potential prognostic favorable (3.60e-7)"	"unprognostic (3.42e-2)"	"unprognostic (1.54e-1)"	"unprognostic (5.71e-3)"	"unprognostic (6.25e-2)"	"unprognostic (9.24e-3)"	"potential prognostic unfavorable (4.03e-5)"	"unprognostic (9.01e-3)"	"unprognostic (5.34e-2)"	"unprognostic (6.22e-2)"	"unprognostic (1.88e-1)"	"unprognostic (6.69e-2)"	"unprognostic (4.08e-2)"	"unprognostic (9.80e-2)"	"unprognostic (2.80e-1)"	"unprognostic (2.89e-2)"	"unprognostic (7.90e-2)"	"potential prognostic unfavorable (3.43e-4)"	"unprognostic (2.76e-1)"	"unprognostic (1.85e-1)"	"unprognostic (1.91e-3)"
PLPP5	"DPPL1, HTPAP, PPAPDC1B"	ENSG00000147535	"Phospholipid phosphatase 5"	Q8NEB5	8	38263130-38269243	"Enzymes, Metabolic proteins, Predicted membrane proteins"	"Lipid metabolism"	Hydrolase	"Tumor suppressor"	"Evidence at protein level"	"Evidence at transcript level"	"Evidence at protein level"	"Evidence at protein level"	"Low tissue specificity"	"Detected in all"			"Cell type enhanced"	"Detected in all"		"Plasma cells: 288.3;Prostatic glandular cells: 182.3;Serous glandular cells: 193.7"	"Cell type enhanced"	"Detected in all"		"choroid plexus epithelial cell: 82.8"	"Low cancer specificity"	"Detected in all"			"Low region specificity"	"Detected in all"			"Group enriched"	"Detected in all"	8	"basophil: 80.7;memory B-cell: 212.7;naive B-cell: 307.0"	"Group enriched"	"Detected in all"	7	"B-cells: 307.0;granulocytes: 80.7"	"Low cancer specificity"	"Detected in all"			"Minor Salivary Gland - Minor salivary glandular cells, Prostate - Prostate glandular cells, Stomach - Chief cells"	"Low region specificity"	"Detected in all"			"Low region specificity"	"Detected in all"			HPA055777			Approved	Vesicles			NA	NA			"Cluster 32: Basophils - Transcription"	"Cluster 68: Non-specific - Protein processing"	"Cluster 23: Choroid plexus - Mixed function"	"Cluster 63: Non-specific - Protein processing"	"Cluster 77: Plasma cells - Protein processing"	1	Vesicles		"HPA055777: AB_2682915"	"unprognostic (2.57e-2)"	"unprognostic (2.06e-3)"		"unprognostic (1.56e-1)"	"unprognostic (4.84e-1)"	"unprognostic (2.77e-2)"	"potential prognostic unfavorable (1.83e-4)"	"unprognostic (8.44e-2)"	"unprognostic (2.84e-2)"	"unprognostic (1.45e-1)"	"unprognostic (2.13e-2)"	"unprognostic (1.24e-2)"	"potential prognostic unfavorable (3.26e-4)"	"unprognostic (1.98e-2)"		"unprognostic (1.85e-1)"	"unprognostic (6.70e-2)"	"unprognostic (1.29e-2)"	"unprognostic (5.59e-3)"	"unprognostic (1.29e-2)"	"unprognostic (1.93e-1)"	"unprognostic (7.05e-2)"	"unprognostic (2.72e-2)"	"unprognostic (4.19e-2)"	"unprognostic (1.43e-1)"	"unprognostic (1.85e-1)"	"unprognostic (1.04e-1)"	"unprognostic (2.50e-1)"	"unprognostic (1.47e-1)"	"unprognostic (2.19e-2)"	"unprognostic (2.46e-1)"
PMP22	"CMT1A, GAS3, HMSNIA, HNPP, Sp110"	ENSG00000109099	"Peripheral myelin protein 22"	Q01453	17	15229773-15272292	"Cancer-related genes, Disease related genes, Human disease related genes, Potential drug targets, Predicted intracellular proteins, Predicted membrane proteins, Transporters"			"Cancer-related genes, Charcot-Marie-Tooth disease, Deafness, Dejerine-Sottas syndrome, Disease variant, Neurodegeneration, Neuropathy"	"Evidence at protein level"	"Evidence at transcript level"	"Evidence at protein level"	"Evidence at protein level"	"Low tissue specificity"	"Detected in all"			"Cell type enhanced"	"Detected in many"		"Fibroblasts: 347.6;Hofbauer cells: 498.1;Leydig cells: 336.5;Melanocytes: 566.9;Proximal enterocytes: 708.2;Schwann cells: 1057.6"	"Cell type enhanced"	"Detected in many"		"fibroblast: 260.3;oligodendrocyte: 324.0"	"Low cancer specificity"	"Detected in all"			"Low region specificity"	"Detected in all"			"Group enriched"	"Detected in some"	4	"basophil: 32.3;eosinophil: 43.1;plasmacytoid DC: 23.9"	"Group enriched"	"Detected in many"	22	"dendritic cells: 23.9;granulocytes: 43.1"	"Group enriched"	"Detected in many"	5	"Adrenocortical cancer: 276.5;Brain cancer: 135.3;Rhabdoid: 121.6;skin cancer: 209.0;testis cancer: 307.6"	"Lung - Fibroblast_1"	"Low region specificity"	"Detected in all"			"Region enriched"	"Detected in all"	5	"spinal cord: 1023.1"								NA	NA			"Cluster 29: Non-specific - Unknown function"	"Cluster 34: Non-specific - Mixed function"	"Cluster 30: White matter - Myelination"	"Cluster 69: Skin cancer - ECM organization"	"Cluster 53: Fibroblasts - ECM organization"	53				"unprognostic (1.11e-1)"	"unprognostic (7.96e-2)"	"unprognostic (4.50e-1)"	"unprognostic (4.98e-3)"	"unprognostic (1.21e-1)"	"potential prognostic unfavorable (1.57e-6)"	"unprognostic (2.13e-2)"	"potential prognostic unfavorable (1.55e-6)"	"unprognostic (7.35e-3)"	"unprognostic (2.22e-2)"	"unprognostic (9.55e-3)"	"unprognostic (1.72e-2)"	"unprognostic (1.31e-1)"	"unprognostic (8.38e-2)"	"unprognostic (1.63e-1)"	"unprognostic (1.23e-1)"	"unprognostic (3.48e-2)"	"unprognostic (1.08e-2)"	"unprognostic (3.72e-1)"	"unprognostic (2.38e-2)"	"unprognostic (2.30e-3)"	"unprognostic (4.50e-2)"	"unprognostic (2.72e-1)"	"unprognostic (1.14e-1)"	"unprognostic (6.09e-2)"	"unprognostic (5.58e-2)"	"unprognostic (3.59e-1)"	"unprognostic (2.56e-2)"	"unprognostic (6.85e-2)"	"unprognostic (1.40e-1)"	"unprognostic (2.32e-1)"
PPBP	"b-TG1, Beta-TG, CTAP3, CTAPIII, CXCL7, LA-PF4, LDGF, MDGF, NAP-2, NAP-2-L1, PBP, SCYB7, TGB, TGB1, THBGB1"	ENSG00000163736	"Pro-platelet basic protein"	P02775	4	73986439-73988190	"Plasma proteins, Predicted secreted proteins"	Chemotaxis	"Antibiotic, Antimicrobial, Cytokine, Growth factor, Mitogen"		"Evidence at protein level"	"Evidence at protein level"	"Evidence at protein level"	"Evidence at protein level"	"Tissue enhanced"	"Detected in some"		"bone marrow: 82.3;lymphoid tissue: 52.4"	"Cell type enhanced"	"Detected in some"		"B-cells: 9.1;dendritic cells: 12.6;Kupffer cells: 10.5;Macrophages: 25.2;NK-cells: 39.3;T-cells: 7.3"	"Not detected"	"Not detected"			"Group enriched"	"Detected in many"	7	"Colon Adenocarcinoma (TCGA): 102.9;Rectum Adenocarcinoma (TCGA): 27.6"	"Low region specificity"	"Detected in some"			"Group enriched"	"Detected in many"	15	"basophil: 287.2;neutrophil: 86.7"	"Lineage enriched"	"Detected in all"	23	"granulocytes: 287.2"	"Group enriched"	"Detected in some"	6	"colorectal cancer: 8.4;lung cancer: 3.5"	"Spleen - Platelets"	"Not detected"	"Not detected"			"Low region specificity"	"Detected in all"			"HPA008354, CAB017624"	Supported				"Secreted to blood"	Cytokine	NA	NA	24500000	4600000000	"Cluster 21: Neutrophils - Unknown function"	"Cluster 81: Lymphoid tissue & Bone marrow - Innate immune response"	"Cluster 12: Non-specific - Vasculature"	"Cluster 57: Stomach & Colon cancer - Digestion"	"Cluster 57: Platelets - Hemostasis"	6			"CAB017624: AB_1127132, HPA008354: AB_1847353"	"potential prognostic unfavorable (6.51e-4)"			"unprognostic (7.99e-2)"	"unprognostic (3.85e-2)"	"unprognostic (9.94e-2)"	"unprognostic (1.23e-2)"	"unprognostic (3.27e-1)"	"unprognostic (2.66e-1)"							"unprognostic (2.15e-2)"	"unprognostic (2.67e-1)"		"unprognostic (1.22e-1)"			"unprognostic (1.76e-1)"	"unprognostic (2.01e-2)"		"unprognostic (2.32e-2)"	"unprognostic (1.91e-1)"		"unprognostic (8.34e-2)"	"unprognostic (1.45e-1)"		
PPP1R3B	"FLJ14005, GL, PPP1R4"	ENSG00000173281	"Protein phosphatase 1 regulatory subunit 3B"	Q86XI6	8	9136255-9151574	"Metabolic proteins, Predicted intracellular proteins"	"Carbohydrate metabolism, Glycogen metabolism"			"Evidence at protein level"	"Evidence at protein level"	"Evidence at protein level"	"Evidence at protein level"	"Tissue enhanced"	"Detected in all"		"liver: 140.3;skeletal muscle: 91.8"	"Cell type enhanced"	"Detected in many"		"Cardiomyocytes: 74.0;Hepatocytes: 155.0"	"Cell type enhanced"	"Detected in many"		"endothelial cell: 15.5"	"Low cancer specificity"	"Detected in all"			"Low region specificity"	"Detected in all"			"Group enriched"	"Detected in many"	15	"basophil: 53.3;eosinophil: 15.7;neutrophil: 50.2"	"Lineage enriched"	"Detected in all"	19	"granulocytes: 53.3"	"Low cancer specificity"	"Detected in all"			"Adrenal gland - Adrenal cortex cells, Skeletal muscle - Skeletal myocytes, Spleen - Neutrophils"	"Low region specificity"	"Detected in many"			"Low region specificity"	"Detected in many"			HPA028731	Enhanced		Approved	Cytosol			NA	NA			"Cluster 35: Neutrophils - Protein binding"	"Cluster 83: Liver - Metabolism"	"Cluster 12: Non-specific - Vasculature"	"Cluster 15: Kidney cancer - Membrane components"	"Cluster 62: Hepatocytes - Metabolism"	14	Cytosol		"HPA028731: AB_10602120"	"unprognostic (1.13e-1)"	"unprognostic (3.09e-2)"	"unprognostic (1.81e-2)"	"unprognostic (2.68e-3)"	"unprognostic (3.29e-1)"	"unprognostic (3.53e-2)"	"unprognostic (3.40e-1)"	"potential prognostic unfavorable (5.61e-4)"	"unprognostic (5.27e-2)"	"unprognostic (2.89e-2)"	"unprognostic (9.49e-3)"	"unprognostic (4.61e-2)"	"unprognostic (2.91e-3)"	"unprognostic (3.49e-2)"	"unprognostic (2.31e-3)"	"unprognostic (2.49e-1)"	"unprognostic (2.04e-1)"	"unprognostic (2.53e-1)"	"unprognostic (1.72e-2)"	"validated prognostic unfavorable (1.50e-5)"	"validated prognostic unfavorable (5.26e-4)"	"unprognostic (1.55e-3)"	"unprognostic (1.30e-1)"	"unprognostic (8.45e-2)"	"unprognostic (1.77e-2)"	"unprognostic (4.13e-2)"	"unprognostic (1.25e-2)"	"potential prognostic unfavorable (4.93e-4)"	"unprognostic (3.46e-1)"	"unprognostic (4.47e-2)"	"unprognostic (9.48e-2)"
PPP1R9A	"FLJ20068, KIAA1222, Neurabin-I"	ENSG00000158528	"Protein phosphatase 1 regulatory subunit 9A"	Q9ULJ8	7	94907202-95296415	"Plasma proteins, Predicted intracellular proteins"	"Differentiation, Neurogenesis"	"Actin-binding, Developmental protein"		"Evidence at protein level"	"Evidence at protein level"	"Evidence at protein level"	"Evidence at protein level"	"Low tissue specificity"	"Detected in many"			"Cell type enhanced"	"Detected in many"		"Astrocytes: 279.0;Cardiomyocytes: 184.0;Excitatory neurons: 253.9;Inhibitory neurons: 193.0;Oligodendrocyte precursor cells: 556.6;Oligodendrocytes: 287.1"	"Low cell type specificity"	"Detected in all"			"Low cancer specificity"	"Detected in many"			"Low region specificity"	"Detected in all"			"Group enriched"	"Detected in some"	9	"basophil: 6.9;NK-cell: 10.3"	"Group enriched"	"Detected in many"	9	"granulocytes: 6.9;NK-cells: 10.3"	"Low cancer specificity"	"Detected in many"			"Heart muscle - Cardiomyocytes, Skin - Eccrine sweat gland cells, Spleen - Endothelial cells, Testis - Sertoli cells"	"Low region specificity"	"Detected in all"			"Low region specificity"	"Detected in all"			"HPA027726, HPA075591"	Approved		Approved	"Plasma membrane"			NA	NA			"Cluster 14: Non-specific - Unknown function"	"Cluster 39: Retina & Testis - Cilium"	"Cluster 33: Neurons - Mixed function"	"Cluster 15: Kidney cancer - Membrane components"	"Cluster 76: Oligodendrocyte precursor - Unknown function"	12	"Plasma membrane"		"HPA027726: AB_1855653, HPA075591: AB_2732296"	"unprognostic (3.93e-2)"	"unprognostic (3.25e-1)"	"unprognostic (1.74e-1)"	"unprognostic (1.00e-1)"	"unprognostic (5.29e-2)"	"unprognostic (1.73e-1)"	"unprognostic (1.58e-1)"	"unprognostic (2.08e-2)"		"unprognostic (5.37e-2)"	"potential prognostic favorable (5.93e-4)"	"unprognostic (1.83e-1)"	"unprognostic (1.83e-1)"		"unprognostic (6.46e-2)"	"unprognostic (1.62e-2)"	"unprognostic (7.58e-2)"	"unprognostic (7.15e-2)"	"unprognostic (1.36e-1)"	"unprognostic (8.58e-2)"	"unprognostic (2.49e-2)"	"unprognostic (3.03e-2)"	"unprognostic (3.23e-2)"	"unprognostic (1.70e-1)"	"unprognostic (3.13e-2)"	"unprognostic (1.36e-1)"	"unprognostic (3.46e-1)"	"unprognostic (9.68e-2)"	"unprognostic (2.90e-2)"	"unprognostic (4.19e-2)"	"unprognostic (2.53e-1)"
PTGDR2	"CD294, CRTH2, DP2, GPR44"	ENSG00000183134	"Prostaglandin D2 receptor 2"	Q9Y5Y4	11	60850933-60855950	"CD markers, G-protein coupled receptors, Predicted membrane proteins"		"G-protein coupled receptor, Receptor, Transducer"		"Evidence at protein level"	"Evidence at transcript level"	"Evidence at protein level"	"Evidence at protein level"	"Tissue enhanced"	"Detected in some"		"intestine: 8.0;skeletal muscle: 7.1;stomach 1: 9.0"	"Cell type enhanced"	"Detected in some"		"Fibroblasts: 2.7;granulocytes: 3.3;Intestinal goblet cells: 2.3;Langerhans cells: 2.7;Microglial cells: 1.8;monocytes: 7.6;Muller glia cells: 2.3;Smooth muscle cells: 3.5"	"Cell type enriched"	"Detected in some"	6	"pericyte: 135.3"	"Low cancer specificity"	"Detected in some"			"Low region specificity"	"Detected in many"			"Group enriched"	"Detected in many"	6	"basophil: 178.8;eosinophil: 234.5"	"Lineage enriched"	"Detected in many"	7	"granulocytes: 234.5"	"Cancer enriched"	"Detected in single"	6	"Leukemia: 3.4"	"Liver - Hepatocytes, Pancreas - Alpha cells, Pancreas - Beta cells"	"Not detected"	"Not detected"			"Low region specificity"	"Detected in all"			HPA014259	Uncertain						NA	NA			"Cluster 36: Eosinophils - Protein ubiquitination"	"Cluster 23: Non-specific - Cellular respiration"	"Cluster 47: Endothelial cells - Vasculature"	"Cluster 59: Leukemia - T-cell receptor"	"Cluster 48: Smooth muscle cells - Signal transduction"				"HPA014259: AB_1849304"						"unprognostic (6.76e-2)"		"unprognostic (5.34e-3)"						"unprognostic (1.05e-1)"								"unprognostic (6.57e-3)"				"unprognostic (4.03e-2)"					
PYCARD	"ASC, CARD5, TMS-1"	ENSG00000103490	"PYD and CARD domain containing"	Q9ULZ3	16	31201486-31203450	"Predicted intracellular proteins"	"Apoptosis, Immunity, Inflammatory response, Innate immunity"		"Tumor suppressor"	"Evidence at protein level"	"Evidence at protein level"	"Evidence at protein level"	"Evidence at protein level"	"Tissue enhanced"	"Detected in many"		"lymphoid tissue: 82.7;skin 1: 87.7"	"Cell type enhanced"	"Detected in many"		"Hofbauer cells: 534.9;Kupffer cells: 424.6;Macrophages: 349.1;Paneth cells: 407.9;Proximal enterocytes: 528.4"	"Group enriched"	"Detected in some"	5	"central nervous system macrophage: 49.0;leukocyte: 32.9"	"Low cancer specificity"	"Detected in all"			"Low region specificity"	"Detected in all"			"Group enriched"	"Detected in all"	5	"basophil: 588.9;classical monocyte: 1101.6;eosinophil: 950.8;intermediate monocyte: 1140.1;myeloid DC: 830.8;neutrophil: 1647.4;non-classical monocyte: 1158.7;plasmacytoid DC: 771.2"	"Group enriched"	"Detected in all"	6	"dendritic cells: 830.8;granulocytes: 1647.4;monocytes: 1158.7"	"Low cancer specificity"	"Detected in many"			"Adrenal gland - Macrophages, Lung - Macrophages, Minor Salivary Gland - Mitotic cells (Minor salivary gland), Skin - Keratinocyte (other)"	"Low region specificity"	"Detected in all"			"Low region specificity"	"Detected in all"			"CAB006853, CAB015948, HPA049074, HPA054496"	Enhanced		Supported	Nucleoplasm,Nucleoli,Cytosol			NA	NA		400000	"Cluster 7: Non-specific - Innate immune response"	"Cluster 45: Intestine - Digestion"	"Cluster 20: Macrophages & Microglia - Immune response"	"Cluster 14: Myeloid leukemia - Innate immune response"	"Cluster 29: Monocytes - Innate immune response"	25	Nucleoplasm	"Nucleoli, Cytosol"	"CAB006853: , CAB015948: , HPA049074: AB_2680621, HPA054496: AB_2682506"	"unprognostic (1.37e-1)"	"unprognostic (1.66e-2)"	"unprognostic (4.59e-2)"	"unprognostic (3.83e-2)"	"unprognostic (7.79e-2)"	"unprognostic (2.33e-1)"	"unprognostic (6.84e-2)"	"unprognostic (2.47e-1)"	"unprognostic (2.10e-1)"	"unprognostic (5.14e-2)"	"potential prognostic unfavorable (2.18e-5)"	"unprognostic (7.92e-2)"	"unprognostic (4.22e-3)"	"unprognostic (7.13e-3)"	"unprognostic (1.28e-1)"	"unprognostic (1.06e-2)"	"unprognostic (2.19e-1)"	"unprognostic (1.22e-1)"	"unprognostic (1.13e-1)"	"unprognostic (9.80e-2)"	"unprognostic (3.86e-1)"	"unprognostic (2.41e-2)"	"unprognostic (4.84e-2)"	"unprognostic (1.02e-1)"	"unprognostic (3.71e-2)"	"unprognostic (1.98e-2)"	"unprognostic (3.19e-1)"	"unprognostic (9.02e-3)"	"unprognostic (1.84e-1)"	"unprognostic (1.92e-1)"	"unprognostic (5.89e-2)"
RASGRP3	"CalDAG-GEFIII, GRP3, KIAA0846"	ENSG00000152689	"RAS guanyl releasing protein 3"	Q8IV61	2	33436324-33564750	"Predicted intracellular proteins, RAS pathway related proteins"		"Guanine-nucleotide releasing factor"		"Evidence at protein level"	"Evidence at transcript level"	"Evidence at protein level"	"Evidence at protein level"	"Tissue enhanced"	"Detected in many"		"brain: 45.6;skeletal muscle: 40.4"	"Cell type enhanced"	"Detected in many"		"Cardiomyocytes: 56.4;Exocrine glandular cells: 72.2;Lymphatic endothelial cells: 103.4;Oligodendrocytes: 173.6;Plasma cells: 66.8"	"Cell type enhanced"	"Detected in all"		"endothelial cell: 236.8;oligodendrocyte: 343.0"	"Low cancer specificity"	"Detected in all"			"Low region specificity"	"Detected in all"			"Group enriched"	"Detected in some"	17	"basophil: 13.4;memory B-cell: 12.3;naive B-cell: 15.1"	"Group enriched"	"Detected in many"	18	"B-cells: 15.1;granulocytes: 13.4"	"Group enriched"	"Detected in many"	6	"lymphoma: 53.5;Myeloma: 43.2"	"Adipose visceral - Endothelial cells, Adrenal gland - Endothelial cells, Kidney - Endothelial cells, Skeletal muscle - Skeletal myocytes"	"Low region specificity"	"Detected in all"			"Low region specificity"	"Detected in all"			HPA039136			Approved	"Golgi apparatus,Cytosol"			NA	NA			"Cluster 32: Basophils - Transcription"	"Cluster 54: Non-specific - Basic cellular processes"	"Cluster 11: White matter - Signal transduction"	"Cluster 46: Lymphoma - Humoral immune response"	"Cluster 54: Lymphatic endothelial cells - Lymph vessel development"	5	Cytosol	"Golgi apparatus"	"HPA039136: "	"unprognostic (2.00e-2)"	"unprognostic (3.67e-1)"	"unprognostic (5.21e-3)"	"unprognostic (3.05e-1)"	"unprognostic (2.43e-2)"	"unprognostic (2.77e-1)"	"unprognostic (7.00e-2)"	"unprognostic (2.41e-1)"	"potential prognostic favorable (6.07e-4)"	"unprognostic (1.63e-1)"	"validated prognostic favorable (4.91e-9)"	"validated prognostic favorable (2.37e-6)"	"unprognostic (6.53e-2)"	"unprognostic (9.51e-2)"	"unprognostic (2.24e-3)"	"unprognostic (4.09e-2)"	"unprognostic (2.96e-1)"	"unprognostic (4.92e-2)"	"unprognostic (6.20e-3)"	"unprognostic (2.91e-2)"	"unprognostic (2.11e-1)"	"unprognostic (3.27e-1)"	"unprognostic (3.69e-3)"	"unprognostic (1.75e-1)"	"unprognostic (6.37e-2)"	"unprognostic (4.27e-2)"	"unprognostic (4.12e-2)"	"unprognostic (5.60e-3)"	"unprognostic (9.76e-2)"	"unprognostic (1.13e-1)"	"unprognostic (1.54e-2)"
REPS2	POB1	ENSG00000169891	"RALBP1 associated Eps domain containing 2"	Q8NFH8	X	16946658-17153272	"Predicted intracellular proteins"				"Evidence at protein level"	"Evidence at protein level"	"Evidence at protein level"	"Evidence at protein level"	"Low tissue specificity"	"Detected in many"			"Cell type enhanced"	"Detected in many"		"Excitatory neurons: 114.0;Inhibitory neurons: 136.5;Oligodendrocyte precursor cells: 79.7;Oligodendrocytes: 189.9"	"Low cell type specificity"	"Detected in all"			"Cancer enhanced"	"Detected in many"		"Prostate Adenocarcinoma (TCGA): 25.6"	"Low region specificity"	"Detected in all"			"Group enriched"	"Detected in some"	16	"basophil: 5.8;eosinophil: 4.5;neutrophil: 14.3"	"Lineage enriched"	"Detected in single"	28	"granulocytes: 14.3"	"Low cancer specificity"	"Detected in many"			"Adrenal gland - Adrenal cortex cells, Kidney - Proximal tubular cells, Liver - Hepatocytes, Lung - Alveolar cells type 1, Spleen - Neutrophils, Thyroid gland - Thyroid glandular cells"	"Low region specificity"	"Detected in all"			"Low region specificity"	"Detected in all"			"HPA000565, HPA026073"	Uncertain						NA	NA			"Cluster 21: Neutrophils - Unknown function"	"Cluster 32: Endocrine & Neural - Unknown function"	"Cluster 14: Neurons - Synaptic function"	"Cluster 21: Lymphoma - Adaptive immune response"	"Cluster 3: Basal prostatic cells - Lipid metabolism"	14			"HPA000565: AB_1079800, HPA026073: AB_1856176"	"unprognostic (1.02e-1)"	"unprognostic (1.86e-1)"	"unprognostic (8.64e-2)"	"unprognostic (5.98e-2)"	"unprognostic (4.62e-2)"	"unprognostic (1.15e-2)"	"unprognostic (2.12e-1)"	"potential prognostic favorable (8.98e-5)"	"unprognostic (1.77e-2)"		"potential prognostic favorable (1.60e-5)"	"unprognostic (1.04e-1)"	"unprognostic (8.47e-3)"	"unprognostic (1.74e-3)"	"potential prognostic favorable (3.79e-4)"	"unprognostic (2.44e-2)"	"unprognostic (7.10e-2)"	"unprognostic (3.01e-1)"	"unprognostic (1.50e-1)"	"unprognostic (5.47e-3)"	"unprognostic (1.88e-2)"	"potential prognostic unfavorable (2.91e-4)"	"unprognostic (4.41e-3)"	"unprognostic (2.64e-1)"	"potential prognostic favorable (9.29e-4)"	"unprognostic (1.25e-1)"	"unprognostic (4.76e-2)"	"unprognostic (7.13e-2)"	"unprognostic (1.07e-1)"	"unprognostic (2.11e-2)"	"unprognostic (4.54e-1)"
RGS2	G0S8	ENSG00000116741	"Regulator of G protein signaling 2"	P41220	1	192809039-192812275	"Plasma proteins, Predicted intracellular proteins"	"Cell cycle, Translation regulation"	"GTPase activation, Signal transduction inhibitor"		"Evidence at protein level"	"Evidence at protein level"	"Evidence at protein level"	"Evidence at protein level"	"Low tissue specificity"	"Detected in all"			"Cell type enhanced"	"Detected in many"		"dendritic cells: 677.4;granulocytes: 1230.1;Hofbauer cells: 543.2;Langerhans cells: 769.5;Macrophages: 577.6;monocytes: 1612.9"	"Cell type enhanced"	"Detected in many"		"endothelial cell: 55.6;leukocyte: 58.2"	"Low cancer specificity"	"Detected in all"			"Low region specificity"	"Detected in all"			"Group enriched"	"Detected in all"	5	"basophil: 3275.4;neutrophil: 4390.8"	"Lineage enriched"	"Detected in all"	8	"granulocytes: 4390.8"	"Cancer enhanced"	"Detected in all"		"prostate cancer: 96.6"	"Prostate - Smooth muscle cells, Spleen - Neutrophils"	"Low region specificity"	"Detected in all"			"Low region specificity"	"Detected in all"			HPA013385			Supported	Cytosol			NA	NA			"Cluster 35: Neutrophils - Protein binding"	"Cluster 77: Bone marrow - Cell proliferation"	"Cluster 21: Non-specific - Metabolism"	"Cluster 5: Rhabdoid - Unknown function"	"Cluster 29: Monocytes - Innate immune response"	43	Cytosol		"HPA013385: AB_2668827"	"unprognostic (1.33e-1)"	"unprognostic (5.20e-3)"	"unprognostic (1.21e-1)"	"unprognostic (4.73e-2)"	"unprognostic (3.07e-1)"	"unprognostic (1.16e-1)"	"unprognostic (1.71e-1)"	"potential prognostic unfavorable (3.74e-5)"	"unprognostic (1.68e-1)"	"unprognostic (7.86e-2)"	"potential prognostic unfavorable (3.73e-4)"	"unprognostic (9.17e-2)"	"unprognostic (1.68e-1)"	"potential prognostic unfavorable (8.80e-4)"	"unprognostic (3.61e-1)"	"unprognostic (1.10e-2)"	"unprognostic (1.85e-1)"	"unprognostic (3.35e-1)"	"unprognostic (9.69e-2)"	"unprognostic (8.86e-3)"	"unprognostic (3.93e-1)"	"unprognostic (7.28e-2)"	"unprognostic (2.07e-2)"	"unprognostic (9.72e-2)"	"unprognostic (5.91e-3)"	"unprognostic (4.47e-2)"	"unprognostic (1.23e-1)"	"potential prognostic unfavorable (3.66e-5)"	"unprognostic (1.24e-1)"	"unprognostic (1.42e-3)"	"unprognostic (3.25e-2)"
RHOB	"ARH6, ARHB, MST081, RHOH6"	ENSG00000143878	"Ras homolog family member B"	P62745	2	20447074-20449440	"Cancer-related genes, Predicted intracellular proteins"	"Angiogenesis, Apoptosis, Cell adhesion, Differentiation, Protein transport, Transport"	"Developmental protein"	"Cancer-related genes, Tumor suppressor"	"Evidence at protein level"	"Evidence at transcript level"	"Evidence at protein level"	"Evidence at protein level"	"Low tissue specificity"	"Detected in all"			"Cell type enhanced"	"Detected in all"		"Adipocytes: 1108.7;Hepatocytes: 1225.2"	"Cell type enhanced"	"Detected in all"		"astrocyte: 390.1;bergmann glia: 383.2;vascular associated smooth muscle cell: 525.6"	"Low cancer specificity"	"Detected in all"			"Low region specificity"	"Detected in all"			"Group enriched"	"Detected in many"	6	"basophil: 5.6;eosinophil: 18.0;intermediate monocyte: 11.4;neutrophil: 21.6;non-classical monocyte: 13.4"	"Group enriched"	"Detected in many"	13	"granulocytes: 21.6;monocytes: 13.4"	"Low cancer specificity"	"Detected in all"			"Spleen - Fibroblast_2"	"Low region specificity"	"Detected in all"			"Low region specificity"	"Detected in all"										NA	NA			"Cluster 7: Non-specific - Innate immune response"	"Cluster 41: Smooth muscle tissue - ECM organization"	"Cluster 19: Astrocytes - Mixed function"	"Cluster 27: Breast cancer - Unknown function"	"Cluster 53: Fibroblasts - ECM organization"	315				"unprognostic (6.28e-2)"	"unprognostic (7.77e-2)"	"unprognostic (4.83e-1)"	"unprognostic (3.21e-3)"	"unprognostic (3.09e-2)"	"unprognostic (9.08e-2)"	"unprognostic (3.23e-1)"	"unprognostic (1.12e-1)"	"unprognostic (1.81e-2)"	"unprognostic (6.72e-2)"	"validated prognostic favorable (1.95e-10)"	"validated prognostic favorable (3.53e-6)"	"unprognostic (3.26e-3)"	"unprognostic (7.74e-3)"	"potential prognostic favorable (1.60e-4)"	"unprognostic (1.31e-1)"	"unprognostic (9.33e-2)"	"unprognostic (1.13e-1)"	"unprognostic (7.61e-2)"	"unprognostic (6.46e-2)"	"unprognostic (2.24e-1)"	"unprognostic (2.29e-1)"	"unprognostic (3.21e-1)"	"unprognostic (7.95e-2)"	"unprognostic (3.44e-1)"	"unprognostic (4.08e-3)"	"unprognostic (1.39e-1)"	"unprognostic (9.15e-2)"	"unprognostic (2.00e-1)"	"unprognostic (1.30e-2)"	"unprognostic (8.84e-2)"
RHOQ	"ARHQ, RASL7A, TC10"	ENSG00000119729	"Ras homolog family member Q"	P17081	2	46541806-46584688	"Predicted intracellular proteins"				"Evidence at protein level"	"Evidence at transcript level"	"Evidence at protein level"	"Evidence at protein level"	"Low tissue specificity"	"Detected in all"			"Cell type enhanced"	"Detected in many"		"Cardiomyocytes: 275.2;monocytes: 275.6"	"Cell type enhanced"	"Detected in all"		"central nervous system macrophage: 244.9"	"Low cancer specificity"	"Detected in all"			"Low region specificity"	"Detected in all"			"Group enriched"	"Detected in many"	4	"basophil: 1.5;classical monocyte: 2.5;eosinophil: 4.2;intermediate monocyte: 2.7;memory B-cell: 1.8;myeloid DC: 1.6;naive B-cell: 2.4;neutrophil: 4.9;non-classical monocyte: 2.0"	"Low lineage specificity"	"Detected in many"			"Low cancer specificity"	"Detected in all"			"Adipose subcutaneous - Adipocytes (Subcutaneous), Skin - Endothelial cells"	"Low region specificity"	"Detected in all"			"Low region specificity"	"Detected in all"			HPA044938			Approved	Vesicles,Cytosol			No	No			"Cluster 2: Dendritic cells - Unknown function"	"Cluster 12: Heart muscle - Cardiac muscle contraction"	"Cluster 19: Astrocytes - Mixed function"	"Cluster 9: Skin cancer - Melanin biosynthesis"	"Cluster 29: Monocytes - Innate immune response"	13	"Vesicles, Cytosol"		"HPA044938: AB_2679149"	"unprognostic (1.89e-1)"	"unprognostic (1.64e-1)"	"unprognostic (1.51e-2)"	"unprognostic (9.79e-2)"	"unprognostic (5.59e-2)"	"unprognostic (1.76e-1)"	"unprognostic (2.19e-2)"	"unprognostic (6.42e-3)"	"unprognostic (1.98e-2)"	"unprognostic (1.72e-2)"	"potential prognostic unfavorable (5.53e-4)"	"unprognostic (1.29e-2)"	"unprognostic (5.03e-1)"	"potential prognostic unfavorable (1.55e-4)"	"unprognostic (4.29e-2)"	"unprognostic (8.98e-2)"	"unprognostic (2.35e-1)"	"unprognostic (7.87e-2)"	"unprognostic (2.33e-1)"	"unprognostic (1.29e-1)"	"unprognostic (4.57e-1)"	"unprognostic (2.09e-1)"	"unprognostic (6.28e-2)"	"unprognostic (3.07e-1)"	"unprognostic (1.09e-1)"	"unprognostic (1.85e-2)"	"unprognostic (1.18e-1)"	"unprognostic (2.32e-3)"	"unprognostic (1.52e-1)"	"unprognostic (9.19e-3)"	"unprognostic (1.03e-2)"
RIN3	FLJ22439	ENSG00000100599	"Ras and Rab interactor 3"	Q8TB24	14	92513781-92688994	"Predicted intracellular proteins"		"GTPase activation"		"Evidence at protein level"	"Evidence at transcript level"	"Evidence at protein level"	"Evidence at protein level"	"Tissue enhanced"	"Detected in many"		"bone marrow: 45.8"	"Cell type enhanced"	"Detected in many"		"granulocytes: 65.0;Kupffer cells: 104.8;Langerhans cells: 63.7;Macrophages: 79.8;Microglial cells: 95.7;monocytes: 244.3;NK-cells: 88.3"	"Group enriched"	"Detected in many"	9	"central nervous system macrophage: 588.4;leukocyte: 336.1"	"Low cancer specificity"	"Detected in all"			"Low region specificity"	"Detected in all"			"Group enriched"	"Detected in all"	4	"basophil: 35.9;classical monocyte: 43.5;eosinophil: 54.2;intermediate monocyte: 40.4;myeloid DC: 41.6;neutrophil: 40.4;NK-cell: 21.5;non-classical monocyte: 51.0"	"Low lineage specificity"	"Detected in all"			"Low cancer specificity"	"Detected in many"			"Minor Salivary Gland - Macrophages, Skin - Fibroblast_2, Spleen - Neutrophils"	"Low region specificity"	"Detected in many"			"Low region specificity"	"Detected in all"			HPA079218	Approved						NA	NA		3300	"Cluster 25: Non-specific - Unknown function"	"Cluster 77: Bone marrow - Cell proliferation"	"Cluster 20: Macrophages & Microglia - Immune response"	"Cluster 49: HMC-1 - Innate immune response"	"Cluster 29: Monocytes - Innate immune response"	16			"HPA079218: "	"unprognostic (2.58e-2)"	"unprognostic (2.20e-1)"	"unprognostic (3.34e-2)"	"unprognostic (1.87e-3)"	"unprognostic (3.11e-1)"	"unprognostic (2.62e-2)"	"unprognostic (2.85e-2)"	"unprognostic (3.08e-2)"	"unprognostic (1.21e-1)"	"unprognostic (1.91e-1)"	"unprognostic (7.72e-3)"	"unprognostic (1.79e-1)"	"unprognostic (8.41e-2)"	"unprognostic (7.39e-2)"	"unprognostic (3.99e-2)"	"unprognostic (9.61e-2)"	"unprognostic (4.16e-2)"	"unprognostic (4.56e-2)"	"unprognostic (1.76e-1)"	"unprognostic (8.81e-3)"	"unprognostic (3.77e-2)"	"unprognostic (9.18e-2)"	"unprognostic (3.06e-2)"	"unprognostic (5.35e-2)"	"unprognostic (8.51e-2)"	"unprognostic (5.89e-2)"	"unprognostic (5.96e-2)"	"unprognostic (1.23e-1)"	"unprognostic (1.14e-1)"	"unprognostic (8.31e-2)"	"unprognostic (3.47e-2)"
RNF130	"G1RZFP, GOLIATH, GP"	ENSG00000113269	"Ring finger protein 130"	Q86XS8	5	179911651-180072113	"Enzymes, Metabolic proteins, Predicted membrane proteins"	"Apoptosis, Ubl conjugation pathway"	Transferase		"Evidence at protein level"	"Evidence at protein level"	"Evidence at protein level"	"Evidence at protein level"	"Low tissue specificity"	"Detected in all"			"Cell type enhanced"	"Detected in all"		"dendritic cells: 297.9;Hofbauer cells: 335.2;Kupffer cells: 316.9;Oligodendrocytes: 478.6"	"Low cell type specificity"	"Detected in all"			"Low cancer specificity"	"Detected in all"			"Low region specificity"	"Detected in all"			"Group enriched"	"Detected in all"	8	"basophil: 262.7;classical monocyte: 513.7;eosinophil: 331.9;intermediate monocyte: 355.0;myeloid DC: 407.7;neutrophil: 893.5;non-classical monocyte: 330.1;plasmacytoid DC: 317.6"	"Group enriched"	"Detected in all"	11	"dendritic cells: 407.7;granulocytes: 893.5;monocytes: 513.7"	"Low cancer specificity"	"Detected in all"			"Liver - Hepatocytes, Spleen - Macrophages"	"Low region specificity"	"Detected in all"			"Low region specificity"	"Detected in all"			HPA014499	Approved						NA	NA			"Cluster 38: Monocytes & Neutrophils - Degranulation"	"Cluster 11: Liver - Plasma proteins"	"Cluster 30: White matter - Myelination"	"Cluster 49: HMC-1 - Innate immune response"	"Cluster 29: Monocytes - Innate immune response"	9			"HPA014499: AB_1856328"	"unprognostic (8.82e-2)"	"unprognostic (1.45e-1)"	"unprognostic (1.09e-1)"	"unprognostic (8.03e-3)"	"unprognostic (3.24e-1)"	"unprognostic (8.17e-3)"	"unprognostic (2.33e-2)"	"unprognostic (1.21e-1)"	"unprognostic (6.23e-2)"	"unprognostic (4.98e-2)"	"potential prognostic favorable (1.01e-7)"	"unprognostic (1.84e-2)"	"unprognostic (4.82e-2)"	"unprognostic (6.29e-2)"	"unprognostic (2.41e-2)"	"unprognostic (5.37e-3)"	"unprognostic (1.93e-2)"	"unprognostic (3.55e-1)"	"unprognostic (1.79e-1)"	"unprognostic (2.92e-2)"	"potential prognostic unfavorable (4.18e-4)"	"unprognostic (1.50e-1)"	"unprognostic (9.44e-2)"	"unprognostic (2.47e-1)"	"unprognostic (6.07e-2)"	"unprognostic (1.13e-1)"	"unprognostic (4.05e-2)"	"unprognostic (6.71e-3)"	"unprognostic (2.02e-1)"	"unprognostic (1.26e-1)"	"unprognostic (3.26e-3)"
RSAD2	"cig5, vig1, Viperin"	ENSG00000134321	"Radical S-adenosyl methionine domain containing 2"	Q8WXG1	2	6865557-6898239	"Predicted intracellular proteins"	"Antiviral defense, Host-virus interaction, Immunity, Innate immunity"	Lyase	Atherosclerosis	"Evidence at protein level"	"Evidence at transcript level"	"Evidence at protein level"	"Evidence at protein level"	"Tissue enhanced"	"Detected in many"		"salivary gland: 20.4"	"Cell type enhanced"	"Detected in many"		"Adipocytes: 32.2;Distal enterocytes: 56.0;Erythroid cells: 31.8;Gastric mucus-secreting cells: 36.6"	"Low cell type specificity"	"Detected in many"			"Low cancer specificity"	"Detected in all"			"Low region specificity"	"Detected in all"			"Group enriched"	"Detected in many"	4	"basophil: 30.6;eosinophil: 43.3;neutrophil: 25.2"	"Lineage enriched"	"Detected in many"	6	"granulocytes: 43.3"	"Low cancer specificity"	"Detected in many"				"Low region specificity"	"Detected in some"			"Low region specificity"	"Detected in all"			"HPA041160, HPA049409"	Approved		Approved	"Nucleoli fibrillar center,Endoplasmic reticulum"			NA	NA			"Cluster 42: Non-specific - Vesicular transport"	"Cluster 81: Lymphoid tissue & Bone marrow - Innate immune response"	"Cluster 43: Hindbrain - Mixed function"	"Cluster 31: Non-specific - Antiviral immune response"	"Cluster 5: Enterocytes - Absorption"	9	"Nucleoli fibrillar center, Endoplasmic reticulum"		"HPA041160: AB_10795489, HPA049409: AB_2680751"	"unprognostic (1.59e-1)"	"unprognostic (1.07e-1)"	"unprognostic (6.08e-2)"	"unprognostic (2.67e-2)"	"unprognostic (6.08e-2)"	"unprognostic (7.66e-2)"	"unprognostic (3.05e-1)"	"unprognostic (1.73e-1)"	"unprognostic (2.97e-1)"	"unprognostic (9.96e-2)"	"unprognostic (2.92e-2)"	"unprognostic (2.01e-1)"	"unprognostic (1.38e-1)"	"unprognostic (1.34e-1)"	"unprognostic (1.37e-2)"	"unprognostic (1.95e-1)"	"unprognostic (9.97e-3)"	"unprognostic (2.28e-1)"	"unprognostic (4.47e-2)"	"unprognostic (1.08e-1)"	"unprognostic (2.74e-1)"	"unprognostic (1.16e-2)"	"unprognostic (2.72e-2)"	"unprognostic (3.08e-1)"	"unprognostic (1.27e-1)"	"potential prognostic favorable (5.04e-4)"	"unprognostic (5.84e-2)"	"unprognostic (5.61e-2)"	"unprognostic (9.68e-3)"	"unprognostic (9.92e-2)"	"unprognostic (9.40e-3)"
S100P		ENSG00000163993	"S100 calcium binding protein P"	P25815	4	6693878-6697170	"Plasma proteins, Predicted intracellular proteins"				"Evidence at protein level"	"Evidence at protein level"	"Evidence at protein level"	"Evidence at protein level"	"Tissue enhanced"	"Detected in many"		"bone marrow: 1393.2;stomach 1: 1692.9;urinary bladder: 1708.0"	"Cell type enhanced"	"Detected in many"		"Club cells: 1859.7;Extravillous trophoblasts: 862.6;Gastric mucus-secreting cells: 1979.7;Ionocytes: 998.1;Syncytiotrophoblasts: 2925.3"	"Not detected"	"Not detected"			"Cancer enhanced"	"Detected in many"		"Bladder Urothelial Carcinoma (TCGA): 2315.6"	"Low region specificity"	"Detected in all"			"Group enriched"	"Detected in many"	46	"basophil: 1796.7;eosinophil: 839.7;neutrophil: 2984.9"	"Lineage enriched"	"Detected in many"	73	"granulocytes: 2984.9"	"Low cancer specificity"	"Detected in all"			"Adipose visceral - Neutrophils, Heart muscle - Neutrophils, Liver - Neutrophils, Pituitary gland - Neutrophils, Prostate - Urothelial cells, Skeletal muscle - Neutrophils, Spleen - Neutrophils, Stomach - Gastric mucous cells, Testis - Late spermatids, Thyroid gland - Neutrophils"									"HPA019502, HPA075251"	Enhanced		Supported	Nucleoplasm			NA	NA		1800000	"Cluster 35: Neutrophils - Protein binding"	"Cluster 77: Bone marrow - Cell proliferation"	"Cluster 12: Non-specific - Vasculature"	"Cluster 7: Liver cancer - Metabolism"	"Cluster 45: Non-specific - Mixed function"	32	Nucleoplasm		"HPA019502: AB_1856530, HPA075251: "	"unprognostic (1.24e-2)"	"unprognostic (1.31e-1)"	"unprognostic (2.24e-1)"	"unprognostic (1.23e-1)"	"unprognostic (3.65e-2)"	"unprognostic (2.01e-1)"	"unprognostic (2.43e-1)"		"unprognostic (6.96e-2)"		"unprognostic (2.58e-1)"	"unprognostic (1.66e-1)"	"unprognostic (1.44e-1)"	"unprognostic (1.16e-3)"	"unprognostic (3.78e-2)"	"potential prognostic unfavorable (5.76e-4)"	"unprognostic (1.55e-1)"	"unprognostic (1.97e-1)"	"unprognostic (7.75e-2)"	"unprognostic (1.24e-1)"	"unprognostic (1.54e-1)"	"potential prognostic unfavorable (3.46e-4)"	"unprognostic (1.78e-1)"	"unprognostic (2.47e-2)"	"unprognostic (8.13e-2)"	"unprognostic (1.11e-1)"	"unprognostic (5.01e-2)"	"unprognostic (6.25e-2)"	"unprognostic (1.77e-1)"		"unprognostic (1.65e-1)"
SCARB2	"CD36L2, HLGP85, LIMP-2, LIMPII, SR-BII"	ENSG00000138760	"Scavenger receptor class B member 2"	Q14108	4	76158737-76234536	"Disease related genes, Human disease related genes, Potential drug targets, Predicted membrane proteins, Transporters"	"Host-virus interaction"	"Host cell receptor for virus entry, Receptor"	"Disease variant, Epilepsy, Neurodegeneration"	"Evidence at protein level"	"Evidence at protein level"	"Evidence at protein level"	"Evidence at protein level"	"Low tissue specificity"	"Detected in all"			"Low cell type specificity"	"Detected in many"			"Low cell type specificity"	"Detected in all"			"Low cancer specificity"	"Detected in all"			"Low region specificity"	"Detected in all"			"Group enriched"	"Detected in all"	4	"basophil: 11.7;classical monocyte: 14.1;intermediate monocyte: 26.0;myeloid DC: 8.1;non-classical monocyte: 25.0;plasmacytoid DC: 28.8"	"Group enriched"	"Detected in all"	5	"dendritic cells: 28.8;granulocytes: 11.7;monocytes: 26.0"	"Low cancer specificity"	"Detected in all"			"Adipose visceral - Adipose progenitor cells, Liver - Hepatocytes, Lung - Fibroblast_1, Thyroid gland - Thyroid glandular cells"	"Low region specificity"	"Detected in all"			"Low region specificity"	"Detected in all"			"CAB015415, HPA018014"	Supported		Approved	Cytosol			NA	NA			"Cluster 10: Non-specific - Membrane trafficking"	"Cluster 11: Liver - Plasma proteins"	"Cluster 30: White matter - Myelination"	"Cluster 44: Connective tissue cells - ECM organization"	"Cluster 58: Macrophages - Innate immune response"	13	Cytosol		"CAB015415: AB_831511, HPA018014: AB_1852881"	"unprognostic (8.32e-3)"	"unprognostic (3.71e-3)"	"unprognostic (2.50e-1)"	"potential prognostic unfavorable (8.25e-4)"	"unprognostic (1.76e-2)"	"unprognostic (3.54e-1)"	"unprognostic (3.64e-1)"	"unprognostic (3.23e-2)"	"unprognostic (4.43e-2)"	"unprognostic (1.73e-3)"	"potential prognostic favorable (5.86e-7)"	"unprognostic (1.69e-2)"	"unprognostic (1.59e-1)"	"unprognostic (1.17e-1)"	"unprognostic (2.10e-2)"	"unprognostic (1.28e-2)"	"potential prognostic unfavorable (6.24e-4)"	"unprognostic (1.85e-2)"	"unprognostic (3.72e-1)"	"unprognostic (1.39e-3)"	"unprognostic (1.68e-1)"	"unprognostic (1.72e-2)"	"unprognostic (1.81e-1)"	"unprognostic (2.44e-1)"	"unprognostic (3.07e-2)"	"unprognostic (4.37e-2)"	"unprognostic (6.18e-2)"	"unprognostic (1.89e-1)"	"unprognostic (1.31e-1)"	"unprognostic (3.90e-2)"	"unprognostic (1.56e-1)"
SCGB1C1	RYD5	ENSG00000188076	"Secretoglobin family 1C member 1"	Q8TD33	11	193078-194575	"Predicted secreted proteins"				"Evidence at transcript level"	"Evidence at transcript level"	"No human protein/transcript evidence"	"Evidence at transcript level"	"Tissue enhanced"	"Detected in some"		"pancreas: 1.4;retina: 3.3;salivary gland: 1.0"	"Not detected"	"Not detected"			"Not detected"	"Not detected"			"Cancer enhanced"	"Detected in single"		"Ovary Serous Cystadenocarcinoma (TCGA): 1.5"	"Low region specificity"	"Detected in many"			"Group enriched"	"Detected in some"	32	"basophil: 4.9;neutrophil: 1.3"	"Lineage enriched"	"Detected in single"	50	"granulocytes: 4.9"	"Not detected"	"Not detected"																	"Secreted - unknown location"	"No annotated function"	NA	NA			"Cluster 4: Neutrophils - Degranulation"	"Cluster 76: Retina - Visual perception"	"Cluster 15: Non-specific - Transcription"	"Cluster 16: Thyroid cancer - Neuronal signaling"	"Cluster 57: Platelets - Hemostasis"																								"unprognostic (4.75e-2)"											
SEMA7A	"CD108, H-Sema-L, SEMAL"	ENSG00000138623	"Semaphorin 7A (John Milton Hagen blood group)"	O75326	15	74409289-74433958	"Blood group antigen proteins, CD markers, Disease related genes, Human disease related genes, Plasma proteins, Predicted membrane proteins"	"Differentiation, Inflammatory response, Neurogenesis"	"Developmental protein"	"Disease variant, Intrahepatic cholestasis"	"Evidence at protein level"	"Evidence at transcript level"	"Evidence at protein level"	"Evidence at protein level"	"Tissue enhanced"	"Detected in many"		"brain: 63.7;lymphoid tissue: 58.7"	"Cell type enhanced"	"Detected in many"		"Cone photoreceptor cells: 47.6;dendritic cells: 120.4;Extravillous trophoblasts: 64.0;Rod photoreceptor cells: 51.5;Syncytiotrophoblasts: 173.9"	"Low cell type specificity"	"Detected in many"			"Low cancer specificity"	"Detected in many"			"Low region specificity"	"Detected in all"			"Group enriched"	"Detected in some"	4	"basophil: 1.8;eosinophil: 3.1"	"Lineage enriched"	"Detected in single"	5	"granulocytes: 3.1"	"Low cancer specificity"	"Detected in all"			"Pituitary gland - Gonadotropes, Prostate - Endothelial cells, Skin - Keratinocyte (granular), Testis - Sertoli cells"	"Low region specificity"	"Detected in all"			"Low region specificity"	"Detected in all"			"HPA008210, HPA042273"	Uncertain		Uncertain	Vesicles			NA	NA		24000000	"Cluster 22: Eosinophils - Transcription"	"Cluster 9: Oligodendrocytes - Myelination"	"Cluster 30: White matter - Myelination"	"Cluster 55: Lymphoma - Immune response"	"Cluster 27: Syncytiotrophoblasts - Pregnancy"	3	Vesicles		"HPA008210: , HPA042273: AB_10806234"	"unprognostic (2.98e-1)"	"unprognostic (2.95e-2)"	"unprognostic (1.42e-1)"	"unprognostic (5.84e-2)"	"unprognostic (3.33e-2)"	"unprognostic (2.68e-2)"	"unprognostic (4.06e-2)"	"unprognostic (1.28e-1)"	"unprognostic (2.81e-2)"	"unprognostic (3.00e-2)"	"unprognostic (1.56e-3)"	"unprognostic (1.69e-1)"		"unprognostic (3.61e-2)"	"unprognostic (2.03e-3)"	"unprognostic (1.11e-2)"	"potential prognostic unfavorable (3.67e-4)"	"unprognostic (2.80e-3)"	"unprognostic (2.24e-2)"	"unprognostic (1.46e-1)"	"unprognostic (7.59e-2)"	"unprognostic (3.62e-3)"	"unprognostic (4.70e-3)"		"unprognostic (3.00e-1)"	"unprognostic (1.06e-2)"	"unprognostic (2.48e-1)"	"unprognostic (6.24e-2)"	"unprognostic (1.81e-2)"	"unprognostic (5.82e-2)"	"unprognostic (5.34e-2)"
SGO1	"NY-BR-85, SGOL1"	ENSG00000129810	"Shugoshin 1"	Q5FBB7	3	20160593-20186206	"Disease related genes, Human disease related genes, Predicted intracellular proteins"	"Cell cycle, Cell division, Chromosome partition, Mitosis"		"Disease variant"	"Evidence at protein level"	"Evidence at protein level"	"Evidence at protein level"	"Evidence at protein level"	"Tissue enhanced"	"Detected in some"		"bone marrow: 8.6;lymphoid tissue: 12.6;testis: 6.5"	"Cell type enhanced"	"Detected in many"		"Erythroid cells: 33.5;Extravillous trophoblasts: 47.8;Oocytes: 148.5;Spermatocytes: 69.5;Spermatogonia: 43.3"	"Cell type enhanced"	"Detected in some"		"leukocyte: 2.4;oligodendrocyte: 2.3;oligodendrocyte precursor cell: 3.9"	"Low cancer specificity"	"Detected in many"			"Low region specificity"	"Detected in all"			"Group enriched"	"Detected in many"	5	"basophil: 10.2;memory B-cell: 8.9;naive B-cell: 9.0;plasmacytoid DC: 4.2;T-reg: 2.6"	"Low lineage specificity"	"Detected in many"			"Low cancer specificity"	"Detected in all"			"Adrenal gland - Mitotic cells (Adrenal gland), Colon - Mitotic cells (Colon), Lung - Mitotic cells (Lung), Minor Salivary Gland - Mitotic cells (Minor salivary gland), Skin - Mitotic cells (Skin), Spleen - Mitotic cells (Spleen), Stomach - Mitotic cells (Stomach), Testis - Spermatocytes, Thyroid gland - Mitotic cells (Thyroid)"	"Not detected"	"Not detected"			"Not detected"	"Not detected"			"HPA035501, HPA069302, HPA069857"	Enhanced		Approved	Nucleoplasm,Kinetochore,Cytosol			Yes	Yes			"Cluster 17: B-cells - Immunoglobulins"	"Cluster 67: Lymphoid tissue & Bone marrow - Cell proliferation"	"Cluster 6: Non-specific - Immune response"	"Cluster 8: Non-specific - Basic cellular processes"	"Cluster 52: Non-specific - Cell proliferation"	24	Nucleoplasm	"Kinetochore, Cytosol"	"HPA035501: AB_2732469, HPA069302: , HPA069857: AB_2686214"	"unprognostic (3.88e-2)"	"unprognostic (5.99e-2)"		"unprognostic (2.08e-1)"	"unprognostic (1.31e-1)"	"unprognostic (2.18e-1)"	"unprognostic (3.82e-2)"	"unprognostic (4.53e-3)"	"unprognostic (1.19e-1)"					"potential prognostic unfavorable (3.79e-6)"		"potential prognostic unfavorable (1.42e-5)"	"unprognostic (3.58e-3)"	"unprognostic (3.27e-2)"	"unprognostic (7.30e-2)"	"unprognostic (7.24e-2)"	"unprognostic (3.62e-1)"	"potential prognostic unfavorable (6.26e-5)"	"unprognostic (1.48e-2)"		"unprognostic (2.22e-2)"	"unprognostic (2.64e-2)"	"unprognostic (2.36e-2)"	"unprognostic (1.90e-2)"	"unprognostic (4.82e-2)"		"unprognostic (2.27e-2)"
SH3BP4		ENSG00000130147	"SH3 domain binding protein 4"	Q9P0V3	2	234952017-235055714	"Predicted intracellular proteins"	Endocytosis			"Evidence at protein level"	"Evidence at transcript level"	"Evidence at protein level"	"Evidence at protein level"	"Tissue enhanced"	"Detected in all"		"salivary gland: 81.1"	"Cell type enhanced"	"Detected in many"		"Mucus glandular cells: 124.4;Salivary duct cells: 63.8;Serous glandular cells: 73.9"	"Cell type enhanced"	"Detected in many"		"committed oligodendrocyte precursor: 159.4;endothelial cell: 180.5;oligodendrocyte: 103.7"	"Low cancer specificity"	"Detected in all"			"Low region specificity"	"Detected in all"			"Group enriched"	"Detected in some"	14	"basophil: 1.0;myeloid DC: 2.0;plasmacytoid DC: 3.1"	"Group enriched"	"Detected in many"	14	"dendritic cells: 3.1;granulocytes: 1.0"	"Low cancer specificity"	"Detected in many"			"Adipose visceral - Mesothelial cells, Skin - Eccrine sweat gland cells, Testis - Sertoli cells"	"Low region specificity"	"Detected in all"			"Low region specificity"	"Detected in all"			"HPA037533, HPA037534"	Uncertain						NA	NA			"Cluster 2: Dendritic cells - Unknown function"	"Cluster 15: Pancreas - Proteolysis"	"Cluster 6: Non-specific - Immune response"	"Cluster 72: Neuronal - Signal transduction"	"Cluster 75: Serous glandular cells - Salivary secretion"	46			"HPA037533: AB_10672903, HPA037534: AB_2675528"	"unprognostic (2.40e-2)"	"unprognostic (2.85e-3)"	"unprognostic (1.57e-1)"	"unprognostic (2.82e-1)"	"unprognostic (3.58e-1)"	"unprognostic (1.67e-1)"	"unprognostic (1.15e-1)"	"unprognostic (7.44e-2)"	"unprognostic (2.36e-1)"	"unprognostic (8.51e-3)"	"validated prognostic favorable (3.18e-7)"	"validated prognostic favorable (2.05e-4)"	"unprognostic (1.54e-2)"	"unprognostic (1.12e-1)"	"unprognostic (3.41e-1)"	"unprognostic (7.11e-2)"	"unprognostic (2.69e-1)"	"unprognostic (1.96e-1)"	"unprognostic (2.44e-2)"	"unprognostic (9.98e-3)"	"unprognostic (7.03e-2)"	"unprognostic (1.23e-1)"	"unprognostic (1.40e-1)"	"unprognostic (2.61e-1)"	"unprognostic (1.62e-1)"	"unprognostic (1.50e-1)"	"unprognostic (2.68e-2)"	"unprognostic (3.49e-2)"	"unprognostic (7.37e-2)"	"unprognostic (1.45e-2)"	"unprognostic (4.90e-1)"
SH3BP5L	KIAA1720	ENSG00000175137	"SH3 binding domain protein 5 like"	Q7L8J4	1	248810446-248825915	"Predicted intracellular proteins"		"Guanine-nucleotide releasing factor"		"Evidence at protein level"	"Evidence at transcript level"	"Evidence at protein level"	"Evidence at protein level"	"Low tissue specificity"	"Detected in all"			"Low cell type specificity"	"Detected in many"			"Low cell type specificity"	"Detected in all"			"Low cancer specificity"	"Detected in all"			"Low region specificity"	"Detected in all"			"Group enriched"	"Detected in many"	4	"basophil: 7.7;eosinophil: 4.1;neutrophil: 4.7"	"Lineage enriched"	"Detected in many"	6	"granulocytes: 7.7"	"Low cancer specificity"	"Detected in all"				"Low region specificity"	"Detected in all"			"Low region specificity"	"Detected in all"			"HPA038067, HPA038068"	Approved		Approved	"Nucleoplasm,Golgi apparatus,Vesicles"			NA	NA			"Cluster 19: Eosinophils - Unknown function"	"Cluster 79: Non-specific - Transcription"	"Cluster 34: Non-specific - Mixed function"	"Cluster 15: Kidney cancer - Membrane components"	"Cluster 45: Non-specific - Mixed function"	21	"Nucleoplasm, Golgi apparatus, Vesicles"		"HPA038067: AB_2675814, HPA038068: AB_10670651"	"unprognostic (2.42e-1)"	"unprognostic (1.15e-1)"	"unprognostic (8.13e-2)"	"unprognostic (3.29e-3)"	"unprognostic (3.23e-1)"	"unprognostic (2.55e-3)"	"unprognostic (2.37e-1)"	"unprognostic (1.94e-3)"	"unprognostic (2.40e-3)"	"unprognostic (2.38e-1)"	"potential prognostic favorable (5.69e-4)"	"unprognostic (2.29e-1)"	"unprognostic (1.55e-3)"	"potential prognostic unfavorable (8.93e-4)"	"unprognostic (3.50e-1)"	"unprognostic (8.35e-2)"	"potential prognostic unfavorable (6.38e-4)"	"unprognostic (8.58e-2)"	"unprognostic (2.63e-1)"	"unprognostic (3.36e-1)"	"unprognostic (1.72e-1)"	"unprognostic (3.98e-2)"	"unprognostic (1.86e-1)"	"unprognostic (2.79e-3)"	"unprognostic (1.53e-1)"	"unprognostic (8.98e-2)"	"unprognostic (3.32e-1)"	"unprognostic (7.13e-2)"	"unprognostic (4.34e-2)"	"unprognostic (7.74e-2)"	"unprognostic (2.59e-1)"
SLC12A6	"ACCPN, KCC3, KCC3A, KCC3B"	ENSG00000140199	"Solute carrier family 12 member 6"	Q9UHW9	15	34229784-34338060	"Disease related genes, Human disease related genes, Metabolic proteins, Potential drug targets, Predicted intracellular proteins, Predicted membrane proteins, Transporters"	"Ion transport, Potassium transport, Symport, Transport"		"Charcot-Marie-Tooth disease, Disease variant, Neurodegeneration, Neuropathy"	"Evidence at protein level"	"Evidence at transcript level"	"Evidence at protein level"	"Evidence at protein level"	"Low tissue specificity"	"Detected in all"			"Cell type enhanced"	"Detected in many"		"Cone photoreceptor cells: 73.1"	"Low cell type specificity"	"Detected in all"			"Low cancer specificity"	"Detected in all"			"Low region specificity"	"Detected in all"			"Group enriched"	"Detected in many"	6	"basophil: 15.2;neutrophil: 23.5"	"Lineage enriched"	"Detected in many"	7	"granulocytes: 23.5"	"Low cancer specificity"	"Detected in all"			"Adrenal gland - Adrenal cortex cells, Spleen - Neutrophils, Testis - Early spermatids, Testis - Spermatocytes"	"Low region specificity"	"Detected in all"			"Low region specificity"	"Detected in all"			HPA034563	Uncertain		Approved	Vesicles,Cytosol			NA	NA			"Cluster 35: Neutrophils - Protein binding"	"Cluster 40: Non-specific - Transcription"	"Cluster 26: Oligodendrocytes - Mixed function"	"Cluster 47: Leukemia - Hemostasis"	"Cluster 74: Neutrophils - Degranulation"	8	"Vesicles, Cytosol"		"HPA034563: AB_10603887"	"unprognostic (1.14e-1)"	"unprognostic (1.73e-1)"	"unprognostic (6.78e-2)"	"potential prognostic unfavorable (9.32e-4)"	"unprognostic (3.26e-2)"	"unprognostic (1.29e-2)"	"unprognostic (1.52e-1)"	"unprognostic (8.72e-3)"	"unprognostic (8.58e-2)"	"unprognostic (3.32e-3)"	"potential prognostic favorable (1.45e-7)"	"unprognostic (9.54e-3)"	"unprognostic (2.59e-3)"	"unprognostic (8.40e-2)"	"unprognostic (1.02e-2)"	"unprognostic (1.47e-1)"	"unprognostic (1.09e-1)"	"unprognostic (1.46e-1)"	"unprognostic (1.64e-1)"	"unprognostic (1.16e-1)"	"unprognostic (5.69e-2)"	"unprognostic (6.41e-2)"	"unprognostic (1.31e-3)"	"unprognostic (7.55e-2)"	"unprognostic (1.30e-1)"	"unprognostic (1.62e-2)"	"unprognostic (2.25e-1)"	"unprognostic (1.29e-1)"	"unprognostic (1.70e-1)"	"unprognostic (4.93e-3)"	"unprognostic (1.04e-1)"
SLC24A3		ENSG00000185052	"Solute carrier family 24 member 3"	Q9HC58	20	19212642-19722926	"Metabolic proteins, Predicted membrane proteins, Transporters"	"Antiport, Calcium transport, Ion transport, Potassium transport, Sodium transport, Symport, Transport"			"Evidence at protein level"	"Evidence at protein level"	"Evidence at transcript level"	"Evidence at protein level"	"Low tissue specificity"	"Detected in many"			"Group enriched"	"Detected in many"	5	"Astrocytes: 127.6;Inhibitory neurons: 310.7;Oligodendrocyte precursor cells: 352.3"	"Cell type enhanced"	"Detected in all"		"hippocampal CA4: 1388.7"	"Low cancer specificity"	"Detected in many"			"Low region specificity"	"Detected in all"			"Group enriched"	"Detected in some"	38	"basophil: 5.7;eosinophil: 1.9"	"Lineage enriched"	"Detected in single"	58	"granulocytes: 5.7"	"Group enriched"	"Detected in some"	4	"Bile duct cancer: 6.2;Bone cancer: 13.7;breast cancer: 11.4"	"Liver - Hepatic stellate cells, Pancreas - Fibroblasts, Pituitary gland - Fibroblasts, Prostate - Smooth muscle cells, Skin - Keratinocyte (other), Spleen - Fibroblast_1"	"Low region specificity"	"Detected in all"			"Low region specificity"	"Detected in all"			"HPA043400, HPA045497"	Uncertain		Uncertain	"Golgi apparatus,Cytosol"			NA	NA			"Cluster 22: Eosinophils - Transcription"	"Cluster 14: Skeletal muscle - Muscle contraction"	"Cluster 29: Forebrain - Mixed function"	"Cluster 70: DU4475 - Unknown function"	"Cluster 69: Neurons - Neuronal signaling"		"Golgi apparatus"	Cytosol	"HPA043400: AB_2678462, HPA045497: AB_2679349"	"potential prognostic favorable (3.74e-4)"	"unprognostic (9.44e-2)"	"unprognostic (6.29e-2)"	"unprognostic (1.85e-2)"	"unprognostic (4.01e-2)"	"unprognostic (5.57e-2)"	"unprognostic (1.24e-1)"	"unprognostic (1.95e-3)"	"unprognostic (3.39e-1)"		"unprognostic (2.56e-1)"	"unprognostic (1.63e-2)"	"unprognostic (3.49e-2)"			"unprognostic (2.70e-2)"	"unprognostic (1.95e-1)"	"validated prognostic unfavorable (8.78e-4)"	"validated prognostic unfavorable (1.97e-4)"	"unprognostic (3.82e-2)"	"unprognostic (9.27e-2)"	"unprognostic (8.56e-2)"	"unprognostic (4.48e-3)"	"unprognostic (1.08e-1)"	"unprognostic (5.72e-2)"	"unprognostic (1.04e-2)"	"unprognostic (9.56e-2)"	"unprognostic (3.39e-2)"	"unprognostic (1.57e-1)"	"potential prognostic unfavorable (5.08e-4)"	"unprognostic (2.92e-1)"
SLC2A3	GLUT3	ENSG00000059804	"Solute carrier family 2 member 3"	P11169	12	7919230-7936187	"Metabolic proteins, Predicted membrane proteins, Transporters"	"Sugar transport, Transport"			"Evidence at protein level"	"Evidence at protein level"	"Evidence at protein level"	"Evidence at protein level"	"Tissue enhanced"	"Detected in all"		"bone marrow: 423.6"	"Cell type enhanced"	"Detected in many"		"Adipocytes: 355.7;B-cells: 326.6;Endothelial cells: 368.2;Extravillous trophoblasts: 416.7;granulocytes: 423.8;Langerhans cells: 744.0;Macrophages: 332.2;Schwann cells: 322.6;T-cells: 353.6"	"Cell type enhanced"	"Detected in all"		"endothelial cell: 423.8;leukocyte: 381.3"	"Cancer enriched"	"Detected in all"	5	"Testicular Germ Cell Tumor (TCGA): 269.8"	"Low region specificity"	"Detected in all"			"Group enriched"	"Detected in many"	7	"basophil: 166.9;neutrophil: 225.3"	"Lineage enriched"	"Detected in all"	9	"granulocytes: 225.3"	"Cancer enriched"	"Detected in many"	7	"testis cancer: 1031.5"										"CAB002763, HPA006539"	Approved		Supported	"Plasma membrane"			NA	NA		4900000	"Cluster 35: Neutrophils - Protein binding"	"Cluster 81: Lymphoid tissue & Bone marrow - Innate immune response"	"Cluster 1: Neurons - Mixed function"	"Cluster 34: Testis cancer - Unknown function"	"Cluster 29: Monocytes - Innate immune response"	3	"Plasma membrane"		"CAB002763: , HPA006539: AB_1078984"	"unprognostic (3.56e-2)"	"unprognostic (1.71e-1)"	"unprognostic (7.30e-2)"	"unprognostic (7.41e-2)"	"unprognostic (2.48e-2)"	"unprognostic (3.61e-1)"	"potential prognostic unfavorable (4.47e-4)"	"unprognostic (2.60e-2)"	"unprognostic (1.11e-3)"	"unprognostic (3.42e-1)"	"unprognostic (7.00e-2)"	"unprognostic (1.81e-2)"	"unprognostic (1.81e-1)"	"unprognostic (6.61e-2)"	"unprognostic (1.95e-1)"	"unprognostic (2.34e-1)"	"unprognostic (2.28e-3)"	"unprognostic (1.01e-1)"	"unprognostic (4.53e-1)"	"unprognostic (3.32e-3)"	"unprognostic (3.78e-1)"	"unprognostic (2.08e-2)"	"unprognostic (2.13e-3)"	"unprognostic (8.10e-2)"	"unprognostic (1.25e-1)"	"unprognostic (8.13e-3)"	"unprognostic (3.01e-1)"	"potential prognostic unfavorable (1.31e-4)"	"unprognostic (2.37e-1)"	"unprognostic (4.75e-3)"	"unprognostic (8.18e-2)"
SLC36A1	"LYAAT-1, PAT1, TRAMD3"	ENSG00000123643	"Solute carrier family 36 member 1"	Q7Z2H8	5	151437046-151492379	"Metabolic proteins, Predicted intracellular proteins, Predicted membrane proteins, Transporters"	"Amino-acid transport, Symport, Transport"			"Evidence at protein level"	"Evidence at protein level"	"Evidence at protein level"	"Evidence at protein level"	"Tissue enhanced"	"Detected in all"		"parathyroid gland: 99.7"	"Cell type enhanced"	"Detected in many"		"Distal enterocytes: 38.1;Early spermatids: 79.9;Excitatory neurons: 89.6;Inhibitory neurons: 59.7;Oligodendrocyte precursor cells: 45.8;Proximal enterocytes: 39.1"	"Cell type enhanced"	"Detected in all"		"upper rhombic lip: 150.8"	"Low cancer specificity"	"Detected in all"			"Region enhanced"	"Detected in all"		"cerebellum: 199.7"	"Group enriched"	"Detected in many"	4	"basophil: 21.8;classical monocyte: 8.7;neutrophil: 19.7"	"Group enriched"	"Detected in many"	5	"granulocytes: 21.8;monocytes: 8.7"	"Low cancer specificity"	"Detected in all"			"Adipose subcutaneous - Macrophages, Adipose visceral - Macrophages"	"Low region specificity"	"Detected in all"			"Low region specificity"	"Detected in all"			HPA035937	Approved						NA	NA			"Cluster 41: Basophils - Unknown function"	"Cluster 16: Non-specific - Transcription"	"Cluster 2: Neurons - Nucleosome"	"Cluster 47: Leukemia - Hemostasis"	"Cluster 34: Neurons - Neuronal signaling"	1			"HPA035937: AB_10672995"	"unprognostic (8.78e-2)"	"unprognostic (1.94e-1)"	"unprognostic (7.68e-2)"	"unprognostic (1.76e-1)"	"unprognostic (1.96e-1)"	"unprognostic (1.25e-1)"	"unprognostic (2.01e-1)"	"unprognostic (1.85e-1)"	"unprognostic (1.76e-1)"	"unprognostic (3.03e-3)"	"unprognostic (2.59e-3)"	"unprognostic (1.56e-1)"	"unprognostic (9.26e-2)"	"potential prognostic unfavorable (4.06e-6)"	"unprognostic (1.07e-1)"	"unprognostic (1.14e-2)"	"unprognostic (3.09e-3)"	"unprognostic (2.42e-2)"	"unprognostic (1.66e-1)"	"unprognostic (2.54e-3)"	"unprognostic (2.18e-1)"	"unprognostic (3.59e-2)"	"unprognostic (1.37e-1)"	"unprognostic (2.00e-1)"	"unprognostic (2.27e-2)"	"unprognostic (1.27e-2)"	"unprognostic (1.85e-1)"	"unprognostic (1.04e-1)"	"unprognostic (6.82e-2)"	"unprognostic (2.54e-1)"	"unprognostic (1.96e-1)"
SNX21	"C20orf161, dJ337O18.4, SNX-L"	ENSG00000124104	"Sorting nexin family member 21"	Q969T3	20	45833799-45843276	"Predicted intracellular proteins"	"Protein transport, Transport"			"Evidence at protein level"	"Evidence at transcript level"	"Evidence at protein level"	"Evidence at protein level"	"Low tissue specificity"	"Detected in many"			"Cell type enhanced"	"Detected in many"		"Oocytes: 48.5"	"Low cell type specificity"	"Detected in all"			"Low cancer specificity"	"Detected in all"			"Low region specificity"	"Detected in all"			"Group enriched"	"Detected in some"	6	"basophil: 2.8;classical monocyte: 1.6;eosinophil: 4.9;intermediate monocyte: 2.6;non-classical monocyte: 2.0"	"Group enriched"	"Detected in many"	8	"granulocytes: 4.9;monocytes: 2.6"	"Low cancer specificity"	"Detected in many"			"Breast - Fibroblasts"	"Low region specificity"	"Detected in all"			"Low region specificity"	"Detected in all"			HPA046359	Approved		Approved	"Vesicles,Centriolar satellite"			NA	NA			"Cluster 25: Non-specific - Unknown function"	"Cluster 66: Non-specific - Transcription"	"Cluster 52: Neurons & Synapses - Synaptic function"	"Cluster 72: Neuronal - Signal transduction"	"Cluster 53: Fibroblasts - ECM organization"		Vesicles	"Centriolar satellite"	"HPA046359: AB_10963216"	"unprognostic (3.80e-1)"	"unprognostic (6.03e-2)"	"unprognostic (1.89e-2)"	"unprognostic (1.23e-1)"	"unprognostic (1.79e-1)"	"unprognostic (2.07e-2)"	"unprognostic (5.48e-2)"	"potential prognostic unfavorable (9.34e-4)"	"unprognostic (4.81e-1)"	"unprognostic (1.31e-1)"	"potential prognostic favorable (5.07e-4)"	"unprognostic (1.13e-1)"	"unprognostic (8.15e-2)"	"unprognostic (1.74e-2)"	"unprognostic (1.27e-2)"	"unprognostic (3.01e-2)"	"unprognostic (1.72e-2)"	"unprognostic (5.42e-2)"	"unprognostic (6.64e-2)"	"unprognostic (1.33e-2)"	"unprognostic (9.00e-3)"	"unprognostic (1.91e-1)"	"unprognostic (1.93e-1)"	"unprognostic (1.48e-1)"	"unprognostic (3.03e-2)"	"unprognostic (2.18e-2)"	"unprognostic (1.10e-1)"	"unprognostic (3.99e-1)"	"unprognostic (1.54e-1)"	"unprognostic (1.61e-2)"	"unprognostic (7.31e-2)"
SNX27	"KIAA0488, MGC20471, MY014"	ENSG00000143376	"Sorting nexin 27"	Q96L92	1	151612006-151699091	"Plasma proteins, Predicted intracellular proteins, Transporters"	"Protein transport, Transport"			"Evidence at protein level"	"Evidence at protein level"	"Evidence at protein level"	"Evidence at protein level"	"Low tissue specificity"	"Detected in all"			"Cell type enhanced"	"Detected in all"		"Cardiomyocytes: 173.2"	"Low cell type specificity"	"Detected in all"			"Low cancer specificity"	"Detected in all"			"Low region specificity"	"Detected in all"			"Group enriched"	"Detected in all"	5	"basophil: 21.6;classical monocyte: 35.8;intermediate monocyte: 30.8;myeloid DC: 16.2;neutrophil: 40.5;non-classical monocyte: 35.4"	"Group enriched"	"Detected in all"	5	"dendritic cells: 16.2;granulocytes: 40.5;monocytes: 35.8"	"Low cancer specificity"	"Detected in all"				"Low region specificity"	"Detected in all"			"Low region specificity"	"Detected in all"			HPA028551			Supported	Vesicles			NA	NA			"Cluster 40: Monocytes - Innate immune response"	"Cluster 3: Non-specific - Unknown function"	"Cluster 26: Oligodendrocytes - Mixed function"	"Cluster 45: Non-specific - Nuclear processes"	"Cluster 68: Cardiomyocytes - Muscle contraction"	56	Vesicles		"HPA028551: "	"unprognostic (3.37e-2)"	"unprognostic (5.20e-2)"	"unprognostic (4.15e-2)"	"unprognostic (8.17e-2)"	"unprognostic (2.04e-1)"	"unprognostic (1.35e-1)"	"unprognostic (7.54e-2)"	"unprognostic (3.51e-2)"	"unprognostic (1.96e-1)"	"unprognostic (4.11e-3)"	"potential prognostic favorable (9.90e-5)"	"unprognostic (4.07e-2)"	"unprognostic (4.27e-1)"	"unprognostic (1.16e-2)"	"unprognostic (5.34e-3)"	"unprognostic (2.89e-1)"	"unprognostic (2.02e-2)"	"unprognostic (2.28e-2)"	"unprognostic (7.58e-2)"	"unprognostic (9.76e-2)"	"unprognostic (8.30e-2)"	"unprognostic (1.62e-1)"	"unprognostic (2.95e-2)"	"unprognostic (1.60e-2)"	"unprognostic (2.75e-1)"	"unprognostic (4.14e-1)"	"unprognostic (8.52e-2)"	"unprognostic (7.18e-2)"	"unprognostic (3.01e-1)"	"unprognostic (8.65e-2)"	"unprognostic (2.61e-2)"
SORD		ENSG00000140263	"Sorbitol dehydrogenase"	Q00796	15	45023147-45077185	"Disease related genes, Enzymes, Human disease related genes, Metabolic proteins, Plasma proteins, Potential drug targets, Predicted intracellular proteins"		Oxidoreductase	"Disease variant, Neuropathy"	"Evidence at protein level"	"Evidence at protein level"	"Evidence at protein level"	"Evidence at protein level"	"Tissue enhanced"	"Detected in all"		"cervix: 164.8;liver: 262.8"	"Group enriched"	"Detected in many"	4	"Hepatocytes: 268.0;Prostatic glandular cells: 161.1;Proximal tubular cells: 148.1"	"Low cell type specificity"	"Detected in all"			"Group enriched"	"Detected in all"	4	"Liver Hepatocellular Carcinoma (TCGA): 60.8;Prostate Adenocarcinoma (TCGA): 157.6;Thyroid Carcinoma (TCGA): 73.1"	"Low region specificity"	"Detected in all"			"Group enriched"	"Detected in all"	11	"basophil: 87.7;eosinophil: 62.8"	"Lineage enriched"	"Detected in all"	12	"granulocytes: 87.7"	"Low cancer specificity"	"Detected in all"			"Breast - Breast glandular cells, Kidney - Proximal tubular cells, Liver - Hepatocytes, Pituitary gland - Thyrotropes, Prostate - Prostate glandular cells, Testis - Sertoli cells, Thyroid gland - Thyroid glandular cells"	"Low region specificity"	"Detected in all"			"Low region specificity"	"Detected in all"			"HPA040260, HPA040621"	Enhanced		Approved	"Cytosol,Acrosome,Equatorial segment"			NA	NA		2600000	"Cluster 22: Eosinophils - Transcription"	"Cluster 1: Liver & Kidney - Metabolism"	"Cluster 15: Non-specific - Transcription"	"Cluster 60: Prostate cancer - Unknown function"	"Cluster 56: Proximal tubular cells - Amino acid metabolism"	5	Cytosol	"Acrosome, Equatorial segment"	"HPA040260: AB_10794872, HPA040621: AB_10795384"	"unprognostic (4.10e-2)"	"unprognostic (1.82e-1)"	"unprognostic (4.18e-2)"	"unprognostic (1.66e-3)"	"unprognostic (1.22e-1)"	"unprognostic (5.03e-2)"	"unprognostic (3.74e-1)"	"unprognostic (1.65e-2)"	"unprognostic (8.73e-3)"	"unprognostic (3.61e-2)"	"unprognostic (9.16e-2)"	"unprognostic (4.27e-1)"	"unprognostic (7.49e-3)"	"unprognostic (2.24e-3)"	"unprognostic (2.72e-2)"	"unprognostic (4.02e-3)"	"unprognostic (1.09e-2)"	"potential prognostic favorable (4.76e-5)"	"unprognostic (4.22e-2)"	"unprognostic (8.92e-2)"	"unprognostic (3.12e-1)"	"unprognostic (2.51e-2)"	"unprognostic (1.20e-2)"	"unprognostic (2.90e-1)"	"unprognostic (9.87e-2)"	"unprognostic (1.57e-1)"	"unprognostic (6.07e-2)"	"unprognostic (5.35e-2)"	"unprognostic (2.46e-2)"	"unprognostic (2.83e-2)"	"unprognostic (2.50e-1)"
SPAG5	"DEEPEST, hMAP126, MAP126"	ENSG00000076382	"Sperm associated antigen 5"	Q96R06	17	28577565-28599025	"Predicted intracellular proteins"	"Cell cycle, Cell division, Mitosis"			"Evidence at protein level"	"Evidence at protein level"	"Evidence at protein level"	"Evidence at protein level"	"Tissue enhanced"	"Detected in many"		"bone marrow: 37.4;kidney: 36.7;testis: 71.9"	"Cell type enhanced"	"Detected in many"		"Early spermatids: 119.7;Erythroid cells: 31.1;Late spermatids: 34.2;Spermatocytes: 61.2"	"Low cell type specificity"	"Detected in many"			"Low cancer specificity"	"Detected in all"			"Low region specificity"	"Detected in all"			"Group enriched"	"Detected in many"	6	"basophil: 11.7;T-reg: 5.0"	"Group enriched"	"Detected in many"	6	"granulocytes: 11.7;T-cells: 5.0"	"Low cancer specificity"	"Detected in all"			"Kidney - Proximal tubular cells, Kidney - Proximal tubular cells, Lung - Mitotic cells (Lung), Minor Salivary Gland - Mitotic cells (Minor salivary gland), Skin - Mitotic cells (Skin), Spleen - Mitotic cells (Spleen), Stomach - Mitotic cells (Stomach), Testis - Early spermatids"	"Low region specificity"	"Detected in all"			"Low region specificity"	"Detected in some"			"HPA022008, HPA022479, HPA024418"	Approved		Supported	"Nuclear bodies,Mitotic spindle,Cytosol"			Yes	Yes			"Cluster 16: Non-specific - Cell proliferation"	"Cluster 4: Testis - Basic cellular processes"	"Cluster 32: Cerebral cortex - Mixed function"	"Cluster 27: Breast cancer - Unknown function"	"Cluster 52: Non-specific - Cell proliferation"	60	"Nuclear bodies, Mitotic spindle"	Cytosol	"HPA022008: AB_1853519, HPA022479: AB_1853521, HPA024418: "	"unprognostic (1.54e-2)"	"unprognostic (1.18e-2)"	"unprognostic (2.73e-1)"	"unprognostic (2.03e-2)"	"unprognostic (1.41e-2)"	"unprognostic (1.41e-1)"	"unprognostic (2.14e-1)"	"unprognostic (7.67e-3)"	"unprognostic (1.29e-1)"	"potential prognostic unfavorable (3.19e-5)"	"unprognostic (9.81e-3)"	"unprognostic (1.10e-1)"	"potential prognostic unfavorable (1.76e-4)"	"validated prognostic unfavorable (2.12e-5)"	"validated prognostic unfavorable (8.67e-7)"	"potential prognostic unfavorable (1.34e-5)"	"unprognostic (2.54e-2)"	"unprognostic (6.48e-2)"	"unprognostic (1.68e-3)"	"unprognostic (1.32e-1)"	"unprognostic (1.14e-1)"	"potential prognostic unfavorable (7.56e-4)"	"unprognostic (1.12e-2)"	"unprognostic (3.71e-2)"	"unprognostic (5.91e-2)"	"unprognostic (2.52e-2)"	"unprognostic (4.05e-2)"	"unprognostic (2.88e-1)"	"unprognostic (1.89e-1)"	"unprognostic (1.54e-2)"	"unprognostic (4.43e-2)"
SPAG9	"CT89, FLJ13450, FLJ14006, FLJ26141, FLJ34602, HLC4, HSS, JIP-4, JIP4, JLP, KIAA0516, MGC117291, MGC14967, MGC74461, PHET, PIG6, SYD1"	ENSG00000008294	"Sperm associated antigen 9"	O60271	17	50962174-51120868	"Plasma proteins, Predicted intracellular proteins, Predicted membrane proteins"				"Evidence at protein level"	"Evidence at protein level"	"Evidence at protein level"	"Evidence at protein level"	"Low tissue specificity"	"Detected in all"			"Low cell type specificity"	"Detected in all"			"Low cell type specificity"	"Detected in all"			"Low cancer specificity"	"Detected in all"			"Low region specificity"	"Detected in all"			"Group enriched"	"Detected in many"	6	"basophil: 9.2;neutrophil: 12.3"	"Lineage enriched"	"Detected in many"	7	"granulocytes: 12.3"	"Low cancer specificity"	"Detected in all"			"Spleen - Endothelial cells, Testis - Early spermatids, Testis - Spermatocytes"	"Low region specificity"	"Detected in all"			"Low region specificity"	"Detected in all"			"HPA040446, HPA061458"	Enhanced		Enhanced	"Centriolar satellite,Cytosol"			NA	NA			"Cluster 21: Neutrophils - Unknown function"	"Cluster 44: Testis - Spermatogenesis"	"Cluster 28: Oligodendrocytes - Mixed function"	"Cluster 27: Breast cancer - Unknown function"	"Cluster 29: Monocytes - Innate immune response"	23	"Centriolar satellite, Cytosol"		"HPA040446: AB_10671691, HPA061458: AB_2684528"	"unprognostic (3.38e-1)"	"unprognostic (3.57e-2)"	"unprognostic (3.06e-2)"	"unprognostic (1.06e-2)"	"unprognostic (1.29e-1)"	"potential prognostic unfavorable (7.43e-4)"	"unprognostic (1.91e-1)"	"unprognostic (8.96e-3)"	"unprognostic (1.10e-1)"	"unprognostic (3.41e-3)"	"validated prognostic favorable (2.44e-7)"	"validated prognostic favorable (1.46e-4)"	"unprognostic (1.22e-2)"	"unprognostic (1.10e-1)"	"unprognostic (1.28e-2)"	"unprognostic (3.00e-1)"	"unprognostic (7.03e-2)"	"unprognostic (1.86e-2)"	"unprognostic (2.30e-1)"	"unprognostic (1.23e-1)"	"unprognostic (1.08e-2)"	"unprognostic (9.22e-3)"	"potential prognostic unfavorable (4.25e-5)"	"unprognostic (8.38e-2)"	"unprognostic (1.13e-1)"	"potential prognostic favorable (1.32e-6)"	"unprognostic (3.16e-1)"	"unprognostic (2.03e-2)"	"unprognostic (4.88e-1)"	"unprognostic (3.39e-2)"	"unprognostic (1.55e-1)"
SPARC	"BM-40, ON, ONT"	ENSG00000113140	"Secreted protein acidic and cysteine rich"	P09486	5	151661096-151686975	"Cancer-related genes, Disease related genes, Human disease related genes, Plasma proteins, Predicted intracellular proteins, Predicted secreted proteins"			"Cancer-related genes, Disease variant, Osteogenesis imperfecta"	"Evidence at protein level"	"Evidence at protein level"	"Evidence at protein level"	"Evidence at protein level"	"Tissue enhanced"	"Detected in all"		"placenta: 2105.6"	"Cell type enhanced"	"Detected in many"		"Adipocytes: 681.1;Endometrial stromal cells: 1191.5;Endothelial cells: 596.8;Fibroblasts: 1099.9;Peritubular cells: 1088.4;Schwann cells: 907.7;Sertoli cells: 1387.1;Smooth muscle cells: 815.7"	"Cell type enhanced"	"Detected in many"		"pericyte: 516.5;vascular associated smooth muscle cell: 321.7"	"Low cancer specificity"	"Detected in all"			"Low region specificity"	"Detected in all"			"Group enriched"	"Detected in many"	5	"basophil: 10.4;classical monocyte: 8.7;neutrophil: 24.5"	"Group enriched"	"Detected in many"	7	"granulocytes: 24.5;monocytes: 8.7"	"Cancer enhanced"	"Detected in all"		"Brain cancer: 2731.8"	"Colon - Enteric glia cells, Pituitary gland - Fibroblasts, Prostate - Fibroblasts, Skin - Fibroblast_1, Spleen - Fibroblast_1"	"Low region specificity"	"Detected in all"			"Low region specificity"	"Detected in all"			"CAB002306, HPA002989, HPA003020"	Supported		Approved	Vesicles	"Secreted to blood"	"No annotated function"	NA	NA	8300000	250000000	"Cluster 21: Neutrophils - Unknown function"	"Cluster 62: Connective tissue - ECM organization"	"Cluster 44: Non-specific - Mixed function"	"Cluster 64: Connective tissue cells - ECM organization"	"Cluster 50: Connective tissue cells - ECM organization"	3	Vesicles		"CAB002306: AB_563919, HPA002989: AB_1079532, HPA003020: AB_1079531"	"unprognostic (1.43e-2)"	"unprognostic (9.00e-2)"	"unprognostic (2.40e-1)"	"unprognostic (1.53e-2)"	"unprognostic (1.78e-2)"	"unprognostic (8.99e-2)"	"unprognostic (1.83e-1)"	"potential prognostic unfavorable (9.49e-4)"	"unprognostic (2.46e-1)"	"unprognostic (3.99e-3)"	"potential prognostic favorable (7.66e-6)"	"unprognostic (1.77e-2)"	"unprognostic (2.49e-2)"	"unprognostic (4.38e-2)"	"unprognostic (4.32e-1)"	"unprognostic (8.02e-2)"	"unprognostic (1.34e-2)"	"unprognostic (1.35e-2)"	"unprognostic (2.50e-1)"	"unprognostic (2.92e-3)"	"potential prognostic unfavorable (9.49e-5)"	"unprognostic (5.90e-2)"	"unprognostic (1.02e-1)"	"unprognostic (2.07e-1)"	"unprognostic (7.62e-2)"	"unprognostic (2.28e-3)"	"unprognostic (7.16e-2)"	"potential prognostic unfavorable (7.51e-4)"	"unprognostic (1.85e-1)"	"unprognostic (8.01e-2)"	"unprognostic (2.05e-1)"
ST3GAL4	"CGS23, FLJ11867, NANTA3, SAT3, SIAT4, SIAT4C, STZ"	ENSG00000110080	"ST3 beta-galactoside alpha-2,3-sialyltransferase 4"	Q11206	11	126355640-126440344	"Enzymes, Metabolic proteins, Predicted intracellular proteins, Predicted membrane proteins"	"Lipid metabolism"	"Glycosyltransferase, Transferase"		"Evidence at protein level"	"Evidence at transcript level"	"Evidence at protein level"	"Evidence at protein level"	"Low tissue specificity"	"Detected in all"			"Cell type enriched"	"Detected in many"	6	"Syncytiotrophoblasts: 1032.1"	"Cell type enhanced"	"Detected in all"		"oligodendrocyte: 137.1"	"Cancer enhanced"	"Detected in all"		"Skin Cuteneous Melanoma (TCGA): 214.1"	"Low region specificity"	"Detected in all"			"Group enriched"	"Detected in many"	4	"basophil: 112.4;neutrophil: 72.1;plasmacytoid DC: 93.9"	"Group enriched"	"Detected in many"	12	"dendritic cells: 93.9;granulocytes: 112.4"	"Cancer enriched"	"Detected in all"	4	"skin cancer: 242.2"	"Adrenal gland - Adrenal cortex cells, Pituitary gland - Gonadotropes, Thyroid gland - Fibroblasts"	"Low region specificity"	"Detected in all"			"Low region specificity"	"Detected in all"			HPA049827	Approved				"Intracellular and membrane"	Enzyme	NA	NA		5600	"Cluster 41: Basophils - Unknown function"	"Cluster 53: Non-specific - Glycosylation"	"Cluster 30: White matter - Myelination"	"Cluster 69: Skin cancer - ECM organization"	"Cluster 27: Syncytiotrophoblasts - Pregnancy"				"HPA049827: AB_2680900"	"unprognostic (7.24e-2)"	"unprognostic (1.63e-2)"	"unprognostic (5.20e-2)"	"unprognostic (5.81e-2)"	"unprognostic (1.68e-1)"	"unprognostic (4.85e-2)"	"unprognostic (3.76e-2)"	"unprognostic (1.63e-1)"	"unprognostic (4.55e-2)"	"unprognostic (2.49e-1)"	"unprognostic (6.75e-3)"	"unprognostic (1.93e-1)"	"unprognostic (3.42e-2)"	"unprognostic (5.90e-3)"	"unprognostic (2.01e-3)"	"potential prognostic unfavorable (1.76e-4)"	"unprognostic (1.41e-2)"	"unprognostic (2.81e-2)"	"unprognostic (4.38e-2)"	"unprognostic (3.87e-3)"	"unprognostic (3.50e-1)"	"unprognostic (1.75e-2)"	"unprognostic (7.22e-3)"	"unprognostic (1.52e-1)"	"unprognostic (1.44e-1)"	"unprognostic (1.27e-3)"	"unprognostic (2.11e-1)"	"unprognostic (1.31e-2)"	"unprognostic (1.76e-1)"	"unprognostic (5.40e-3)"	"unprognostic (1.28e-2)"
STMP1	"C7orf73, Mm47, PL-5283"	ENSG00000243317	"Short transmembrane mitochondrial protein 1"	E0CX11	7	135662496-135693418	"Predicted intracellular proteins"	"Immunity, Innate immunity"			"Evidence at protein level"	"Evidence at transcript level"	"Evidence at protein level"	"Evidence at protein level"	"Low tissue specificity"	"Detected in all"			"Cell type enhanced"	"Detected in all"		"Late spermatids: 1131.7"	"Cell type enriched"	"Detected in all"	4	"choroid plexus epithelial cell: 393.3"	"Low cancer specificity"	"Detected in all"			"Low region specificity"	"Detected in all"			"Group enriched"	"Detected in all"	4	"basophil: 433.1;eosinophil: 127.9"	"Lineage enriched"	"Detected in all"	6	"granulocytes: 433.1"	"Low cancer specificity"	"Detected in all"			"Thyroid gland - Thyroid glandular cells"	"Low region specificity"	"Detected in all"			"Low region specificity"	"Detected in all"			HPA065565			Approved	Mitochondria	"Intracellular and membrane"	Immunity	NA	NA			"Cluster 41: Basophils - Unknown function"	"Cluster 19: Non-specific - Basic cellular processes"	"Cluster 21: Non-specific - Metabolism"	"Cluster 39: Non-specific - Transcription"	"Cluster 36: Late spermatids - Unknown function"	1	Mitochondria		"HPA065565: AB_2685512"	"unprognostic (3.84e-1)"	"unprognostic (4.30e-2)"		"unprognostic (5.38e-2)"	"unprognostic (1.47e-2)"	"unprognostic (1.62e-1)"	"unprognostic (6.80e-2)"	"unprognostic (7.74e-3)"	"unprognostic (2.20e-1)"	"unprognostic (1.46e-2)"	"unprognostic (3.03e-2)"	"unprognostic (8.39e-3)"	"unprognostic (9.70e-2)"	"potential prognostic unfavorable (1.18e-4)"		"unprognostic (1.29e-3)"	"unprognostic (1.41e-1)"	"unprognostic (3.35e-2)"	"unprognostic (1.77e-1)"	"unprognostic (1.11e-2)"	"unprognostic (3.34e-2)"	"unprognostic (1.19e-1)"	"unprognostic (2.38e-2)"	"unprognostic (2.13e-1)"	"unprognostic (1.66e-1)"	"unprognostic (3.66e-1)"	"unprognostic (2.34e-1)"	"unprognostic (1.95e-2)"	"unprognostic (1.75e-1)"	"unprognostic (1.03e-2)"	"unprognostic (5.68e-2)"
STON1	"SBLF, stoned-b1"	ENSG00000243244	"Stonin 1"	Q9Y6Q2	2	48529383-48598513	"Predicted intracellular proteins"	Endocytosis			"Evidence at protein level"	"Evidence at protein level"	"Evidence at protein level"	"Evidence at protein level"	"Low tissue specificity"	"Detected in many"			"Cell type enhanced"	"Detected in many"		"Endometrial stromal cells: 40.3;Muller glia cells: 29.9;Ovarian stromal cells: 23.1;Prostatic glandular cells: 28.6;Smooth muscle cells: 19.8"	"Cell type enriched"	"Detected in all"	4	"bergmann glia: 386.3"	"Low cancer specificity"	"Detected in many"			"Low region specificity"	"Detected in all"			"Group enriched"	"Detected in some"	15	"basophil: 1.9;neutrophil: 1.0"	"Lineage enriched"	"Detected in single"	19	"granulocytes: 1.9"	"Cancer enhanced"	"Detected in many"		"testis cancer: 18.0"	"Liver - Hepatic stellate cells, Skeletal muscle - Endothelial cells, Skin - Endothelial cells"	"Low region specificity"	"Detected in all"			"Low region specificity"	"Detected in all"			HPA005715	Uncertain						NA	NA			"Cluster 35: Neutrophils - Protein binding"	"Cluster 41: Smooth muscle tissue - ECM organization"	"Cluster 44: Non-specific - Mixed function"	"Cluster 44: Connective tissue cells - ECM organization"	"Cluster 9: Endometrial stromal cells - Transcription"	1			"HPA005715: AB_1080113"	"unprognostic (6.42e-2)"	"unprognostic (7.96e-2)"	"unprognostic (7.54e-2)"	"unprognostic (3.61e-1)"	"unprognostic (7.12e-2)"	"unprognostic (8.65e-2)"	"unprognostic (3.53e-2)"	"unprognostic (8.04e-2)"	"unprognostic (1.30e-1)"	"unprognostic (1.75e-2)"	"validated prognostic favorable (4.13e-10)"	"validated prognostic favorable (2.79e-4)"	"unprognostic (8.63e-2)"		"unprognostic (2.36e-1)"	"unprognostic (1.63e-1)"	"unprognostic (2.19e-1)"	"unprognostic (5.88e-2)"	"unprognostic (9.39e-2)"	"unprognostic (8.05e-2)"	"unprognostic (1.85e-1)"	"unprognostic (2.18e-1)"	"unprognostic (1.83e-1)"	"unprognostic (1.02e-1)"	"unprognostic (3.15e-2)"	"unprognostic (4.49e-2)"	"unprognostic (3.72e-2)"	"unprognostic (7.79e-3)"	"unprognostic (1.43e-1)"	"unprognostic (7.38e-3)"	"unprognostic (1.27e-2)"
STX7		ENSG00000079950	"Syntaxin 7"	O15400	6	132445867-132513198	"Plasma proteins, Predicted intracellular proteins, Predicted membrane proteins"				"Evidence at protein level"	"Evidence at protein level"	"Evidence at protein level"	"Evidence at protein level"	"Low tissue specificity"	"Detected in all"			"Low cell type specificity"	"Detected in many"			"Cell type enhanced"	"Detected in all"		"central nervous system macrophage: 569.5"	"Low cancer specificity"	"Detected in all"			"Low region specificity"	"Detected in all"			"Group enriched"	"Detected in all"	5	"basophil: 53.6;classical monocyte: 51.6;eosinophil: 49.2;intermediate monocyte: 58.1;memory B-cell: 86.2;myeloid DC: 61.6;naive B-cell: 107.2;neutrophil: 83.5;non-classical monocyte: 61.9;plasmacytoid DC: 74.0"	"Low lineage specificity"	"Detected in all"			"Low cancer specificity"	"Detected in all"				"Low region specificity"	"Detected in all"			"Low region specificity"	"Detected in all"			"HPA001467, CAB062564"	Enhanced		Supported	Lysosomes			NA	NA		500000	"Cluster 2: Dendritic cells - Unknown function"	"Cluster 70: Lymphoid tissue - Immune response"	"Cluster 28: Oligodendrocytes - Mixed function"	"Cluster 9: Skin cancer - Melanin biosynthesis"	"Cluster 73: B-cells - B-cell function"	148	Lysosomes		"CAB062564: AB_2665605, HPA001467: AB_1857623"	"unprognostic (4.36e-2)"	"unprognostic (1.94e-2)"	"unprognostic (5.61e-2)"	"potential prognostic unfavorable (6.87e-6)"	"unprognostic (2.00e-1)"	"unprognostic (2.48e-1)"	"unprognostic (2.70e-1)"	"unprognostic (2.24e-1)"	"unprognostic (4.09e-1)"	"unprognostic (4.07e-3)"	"potential prognostic favorable (1.82e-10)"	"unprognostic (2.99e-3)"	"unprognostic (3.30e-2)"	"potential prognostic unfavorable (6.53e-5)"	"unprognostic (3.51e-2)"	"unprognostic (2.01e-1)"	"unprognostic (3.75e-1)"	"potential prognostic unfavorable (1.12e-4)"	"unprognostic (7.30e-3)"	"unprognostic (5.58e-3)"	"unprognostic (1.47e-3)"	"unprognostic (2.46e-2)"	"unprognostic (5.33e-2)"	"unprognostic (3.90e-1)"	"unprognostic (1.53e-2)"	"unprognostic (1.21e-1)"	"unprognostic (9.52e-2)"	"unprognostic (1.61e-1)"	"unprognostic (3.52e-1)"	"unprognostic (2.75e-1)"	"unprognostic (1.02e-1)"
SULF2	"HSULF-2, KIAA1247, SULF-2"	ENSG00000196562	"Sulfatase 2"	Q8IWU5	20	47656197-47786616	"Plasma proteins, Predicted intracellular proteins, Predicted secreted proteins"		Hydrolase		"Evidence at protein level"	"Evidence at transcript level"	"Evidence at protein level"	"Evidence at protein level"	"Low tissue specificity"	"Detected in all"			"Cell type enhanced"	"Detected in many"		"dendritic cells: 135.0;Endometrial stromal cells: 207.4;Granulosa cells: 208.0;Oligodendrocyte precursor cells: 232.5"	"Cell type enhanced"	"Detected in all"		"oligodendrocyte precursor cell: 399.3"	"Low cancer specificity"	"Detected in all"			"Low region specificity"	"Detected in all"			"Group enriched"	"Detected in many"	8	"basophil: 22.2;classical monocyte: 17.3;intermediate monocyte: 15.7;myeloid DC: 19.5;neutrophil: 26.4;non-classical monocyte: 8.7;plasmacytoid DC: 25.6"	"Group enriched"	"Detected in many"	78	"dendritic cells: 25.6;granulocytes: 26.4;monocytes: 17.3"	"Low cancer specificity"	"Detected in all"			"Adipose visceral - Adipose progenitor cells, Heart muscle - Endothelial cells, Skeletal muscle - Endothelial cells"	"Low region specificity"	"Detected in all"			"Low region specificity"	"Detected in all"			HPA002325	Approved				"Secreted in other tissues"	Enzyme	NA	NA		2100000	"Cluster 10: Non-specific - Membrane trafficking"	"Cluster 62: Connective tissue - ECM organization"	"Cluster 49: Hindbrain - Mixed function"	"Cluster 53: Squamous epithelial cells - Keratinization"	"Cluster 9: Endometrial stromal cells - Transcription"	1			"HPA002325: AB_1080126"	"unprognostic (2.74e-1)"	"unprognostic (7.45e-2)"	"unprognostic (3.61e-2)"	"potential prognostic unfavorable (4.86e-4)"	"unprognostic (2.12e-1)"	"unprognostic (5.71e-2)"	"unprognostic (4.69e-1)"	"unprognostic (1.24e-2)"	"unprognostic (1.56e-1)"	"unprognostic (1.52e-1)"	"potential prognostic unfavorable (8.44e-5)"	"unprognostic (6.54e-3)"	"unprognostic (1.68e-1)"	"unprognostic (2.69e-1)"	"unprognostic (1.24e-2)"	"unprognostic (6.02e-2)"	"unprognostic (1.50e-2)"	"unprognostic (5.71e-2)"	"unprognostic (1.37e-1)"	"unprognostic (3.57e-2)"	"unprognostic (4.12e-2)"	"unprognostic (1.52e-3)"	"unprognostic (1.19e-2)"	"unprognostic (8.22e-2)"	"unprognostic (1.32e-2)"	"potential prognostic favorable (3.70e-4)"	"unprognostic (1.45e-2)"	"unprognostic (3.63e-2)"	"unprognostic (4.82e-2)"	"unprognostic (9.00e-2)"	"unprognostic (7.32e-2)"
SULT1B1	ST1B2	ENSG00000173597	"Sulfotransferase family 1B member 1"	O43704	4	69721167-69787961	"Enzymes, Metabolic proteins, Plasma proteins, Predicted intracellular proteins"		Transferase		"Evidence at protein level"	"Evidence at protein level"	"Evidence at protein level"	"Evidence at protein level"	"Tissue enhanced"	"Detected in many"		"intestine: 96.3;stomach 1: 43.4"	"Cell type enhanced"	"Detected in some"		"Distal enterocytes: 295.5;Enteroendocrine cells: 53.8;Gastric mucus-secreting cells: 56.0;Paneth cells: 112.2;Proximal enterocytes: 223.7"	"Cell type enriched"	"Detected in some"	5	"endothelial cell: 48.7"	"Group enriched"	"Detected in many"	5	"Colon Adenocarcinoma (TCGA): 16.4;Liver Hepatocellular Carcinoma (TCGA): 5.0;Pancreatic Adenocarcinoma (TCGA): 11.7;Rectum Adenocarcinoma (TCGA): 14.7;Stomach Adenocarcinoma (TCGA): 12.5"	"Low region specificity"	"Detected in all"			"Group enriched"	"Detected in many"	4	"basophil: 10.6;neutrophil: 32.2"	"Lineage enriched"	"Detected in many"	6	"granulocytes: 32.2"	"Low cancer specificity"	"Detected in many"			"Adipose visceral - Neutrophils, Colon - Colon enterocytes, Prostate - Macrophages, Spleen - Neutrophils, Stomach - Gastric mucous cells"	"Not detected"	"Not detected"			"Low region specificity"	"Detected in all"			HPA002107	Enhanced		Approved	"Nucleoplasm,Golgi apparatus"			NA	NA		11000	"Cluster 21: Neutrophils - Unknown function"	"Cluster 25: Small intestine - Absorption"	"Cluster 9: Non-specific - Receptor signaling"	"Cluster 48: Adipocytes & Endothelial cells - Angiogenesis"	"Cluster 5: Enterocytes - Absorption"	7	"Golgi apparatus"	Nucleoplasm	"HPA002107: AB_2666542"	"unprognostic (1.17e-3)"	"unprognostic (8.75e-3)"		"unprognostic (1.82e-1)"	"potential prognostic favorable (3.72e-4)"	"unprognostic (3.27e-2)"	"unprognostic (2.50e-1)"	"unprognostic (3.72e-2)"	"unprognostic (9.94e-3)"		"unprognostic (4.31e-2)"	"unprognostic (2.67e-3)"	"unprognostic (3.44e-1)"	"unprognostic (5.10e-2)"	"potential prognostic favorable (9.70e-4)"	"unprognostic (1.22e-2)"	"unprognostic (1.31e-1)"	"unprognostic (1.44e-1)"	"unprognostic (6.30e-3)"	"unprognostic (9.92e-2)"		"unprognostic (2.76e-2)"	"potential prognostic favorable (7.91e-4)"	"unprognostic (8.25e-2)"	"unprognostic (1.24e-1)"	"potential prognostic unfavorable (1.38e-4)"		"unprognostic (4.02e-1)"	"unprognostic (1.28e-1)"	"unprognostic (9.22e-3)"	"unprognostic (2.39e-2)"
TAFA2	"FAM19A2, TAFA-2"	ENSG00000198673	"TAFA chemokine like family member 2"	Q8N3H0	12	61708273-62279150	"Predicted intracellular proteins"				"Evidence at protein level"	"Evidence at transcript level"	"Evidence at transcript level"	"Evidence at protein level"	"Tissue enhanced"	"Detected in many"		"brain: 19.7"	"Group enriched"	"Detected in many"	4	"Early spermatids: 182.3;Excitatory neurons: 638.4;Inhibitory neurons: 668.1;Oligodendrocyte precursor cells: 599.5"	"Low cell type specificity"	"Detected in all"			"Cancer enhanced"	"Detected in some"		"Thyroid Carcinoma (TCGA): 4.3"	"Low region specificity"	"Detected in all"			"Group enriched"	"Detected in many"	4	"basophil: 31.7;neutrophil: 12.1"	"Lineage enriched"	"Detected in many"	8	"granulocytes: 31.7"	"Cancer enhanced"	"Detected in some"		"Bone cancer: 3.7;Leukemia: 5.2"	"Testis - Early spermatids, Testis - Late spermatids"	"Low region specificity"	"Detected in many"			"Low region specificity"	"Detected in all"								"Intracellular and membrane"	"No annotated function"	NA	NA			"Cluster 35: Neutrophils - Protein binding"	"Cluster 33: Brain - Neuronal signaling"	"Cluster 53: Neurons - Mixed function"	"Cluster 47: Leukemia - Hemostasis"	"Cluster 8: Neurons - Neuronal signaling"										"unprognostic (4.26e-1)"	"unprognostic (1.66e-1)"	"potential prognostic favorable (1.25e-4)"													"unprognostic (5.64e-2)"		"unprognostic (5.11e-2)"			"unprognostic (7.89e-2)"			"unprognostic (7.71e-2)"	"unprognostic (3.21e-2)"	"unprognostic (2.50e-1)"
TBXAS1	"CYP5, CYP5A1, THAS, TS, TXAS, TXS"	ENSG00000059377	"Thromboxane A synthase 1"	P24557	7	139777051-140020325	"Disease related genes, Enzymes, Human disease related genes, Metabolic proteins, Plasma proteins, Predicted intracellular proteins, Predicted membrane proteins"	"Fatty acid biosynthesis, Fatty acid metabolism, Lipid biosynthesis, Lipid metabolism, Prostaglandin biosynthesis, Prostaglandin metabolism"	"Isomerase, Lyase, Monooxygenase, Oxidoreductase"	"Disease variant"	"Evidence at protein level"	"Evidence at protein level"	"Evidence at protein level"	"Evidence at protein level"	"Tissue enhanced"	"Detected in many"		"lymphoid tissue: 56.2"	"Group enriched"	"Detected in many"	5	"granulocytes: 69.0;Hofbauer cells: 108.6;Kupffer cells: 199.3;Macrophages: 132.4;Microglial cells: 182.5;monocytes: 175.4"	"Cell type enriched"	"Detected in all"	6	"central nervous system macrophage: 1339.0"	"Low cancer specificity"	"Detected in all"			"Low region specificity"	"Detected in all"			"Group enriched"	"Detected in all"	14	"basophil: 291.7;classical monocyte: 291.1;eosinophil: 315.0;intermediate monocyte: 436.4;myeloid DC: 113.8;neutrophil: 258.5;non-classical monocyte: 404.5"	"Group enriched"	"Detected in all"	23	"dendritic cells: 113.8;granulocytes: 315.0;monocytes: 436.4"	"Cancer enhanced"	"Detected in many"		"Kidney cancer: 14.7;Leukemia: 15.2"	"Adipose subcutaneous - Macrophages, Adipose visceral - Macrophages, Adrenal gland - Macrophages, Breast - Macrophages, Colon - Macrophages, Heart muscle - Macrophages, Lung - Macrophages, Pancreas - Macrophages, Pituitary gland - Macrophages, Skeletal muscle - Macrophages, Spleen - Macrophages, Testis - Macrophages, Thyroid gland - Macrophages"	"Low region specificity"	"Detected in all"			"Low region specificity"	"Detected in some"			"HPA031257, HPA031258, HPA031259"	Enhanced		Approved	"Endoplasmic reticulum,Cytosol"			NA	NA		970000	"Cluster 25: Non-specific - Unknown function"	"Cluster 70: Lymphoid tissue - Immune response"	"Cluster 20: Macrophages & Microglia - Immune response"	"Cluster 14: Myeloid leukemia - Innate immune response"	"Cluster 58: Macrophages - Innate immune response"	1	"Endoplasmic reticulum, Cytosol"		"HPA031257: AB_2673812, HPA031258: AB_2673813, HPA031259: AB_2673814"	"unprognostic (1.52e-2)"	"unprognostic (1.85e-1)"	"unprognostic (3.25e-1)"	"unprognostic (1.22e-1)"	"unprognostic (1.42e-1)"	"unprognostic (2.25e-1)"	"unprognostic (7.62e-2)"	"unprognostic (8.14e-2)"	"unprognostic (1.82e-1)"	"unprognostic (8.38e-3)"	"unprognostic (5.11e-3)"	"unprognostic (3.69e-1)"	"unprognostic (7.55e-2)"	"unprognostic (8.92e-2)"	"unprognostic (4.46e-1)"	"unprognostic (3.26e-2)"	"unprognostic (2.81e-1)"	"unprognostic (5.39e-3)"	"unprognostic (5.43e-2)"	"unprognostic (9.39e-3)"	"unprognostic (2.61e-1)"	"unprognostic (2.26e-2)"	"unprognostic (1.60e-1)"	"unprognostic (1.04e-1)"	"unprognostic (1.55e-1)"	"unprognostic (2.95e-1)"	"unprognostic (1.31e-1)"	"unprognostic (2.29e-1)"	"potential prognostic unfavorable (8.03e-4)"	"unprognostic (2.21e-1)"	"unprognostic (6.66e-2)"
TDP2	TTRAP	ENSG00000111802	"Tyrosyl-DNA phosphodiesterase 2"	O95551	6	24649979-24666930	"Disease related genes, Human disease related genes, Predicted intracellular proteins"	"DNA damage, DNA repair, Host-virus interaction"	"Hydrolase, Nuclease"	"Intellectual disability, Neurodegeneration, Spinocerebellar ataxia"	"Evidence at protein level"	"Evidence at protein level"	"Evidence at protein level"	"Evidence at protein level"	"Tissue enhanced"	"Detected in all"		"intestine: 178.2"	"Cell type enhanced"	"Detected in all"		"Distal enterocytes: 604.3;Paneth cells: 462.3;Proximal enterocytes: 607.8"	"Low cell type specificity"	"Detected in all"			"Low cancer specificity"	"Detected in all"			"Low region specificity"	"Detected in all"			"Group enriched"	"Detected in all"	5	"basophil: 75.8;neutrophil: 229.6"	"Lineage enriched"	"Detected in all"	7	"granulocytes: 229.6"	"Low cancer specificity"	"Detected in all"			"Adrenal gland - Adrenal cortex cells, Testis - Spermatogonia"	"Low region specificity"	"Detected in all"			"Low region specificity"	"Detected in all"			"CAB073398, HPA074011"	Enhanced		Supported	"Nucleoplasm,Nuclear bodies"	"Intracellular and membrane"	Enzyme	No	No			"Cluster 35: Neutrophils - Protein binding"	"Cluster 45: Intestine - Digestion"	"Cluster 23: Choroid plexus - Mixed function"	"Cluster 7: Liver cancer - Metabolism"	"Cluster 5: Enterocytes - Absorption"	13	"Nucleoplasm, Nuclear bodies"		"CAB073398: , HPA074011: AB_2686651"	"unprognostic (6.71e-2)"	"unprognostic (1.59e-2)"	"unprognostic (8.05e-2)"	"unprognostic (2.89e-2)"	"unprognostic (1.88e-1)"	"potential prognostic favorable (5.31e-5)"	"unprognostic (9.58e-2)"	"unprognostic (1.19e-1)"	"unprognostic (4.53e-2)"	"unprognostic (7.37e-3)"	"potential prognostic favorable (6.13e-8)"	"unprognostic (1.01e-3)"	"unprognostic (3.26e-2)"	"unprognostic (2.12e-3)"	"unprognostic (1.04e-1)"	"unprognostic (7.72e-2)"	"unprognostic (1.59e-1)"	"unprognostic (1.45e-1)"	"unprognostic (1.16e-1)"	"potential prognostic favorable (3.00e-4)"	"unprognostic (8.30e-3)"	"unprognostic (7.87e-2)"	"unprognostic (2.99e-2)"	"potential prognostic unfavorable (5.04e-4)"	"unprognostic (8.56e-2)"	"potential prognostic unfavorable (7.97e-5)"	"potential prognostic unfavorable (3.28e-4)"	"unprognostic (1.21e-1)"	"unprognostic (1.09e-1)"	"unprognostic (1.97e-1)"	"unprognostic (1.21e-1)"
TEC	PSCTK4	ENSG00000135605	"Tec protein tyrosine kinase"	P42680	4	48135783-48269838	"Enzymes, Plasma proteins, Predicted intracellular proteins"	"Adaptive immunity, Immunity"	"Kinase, Transferase, Tyrosine-protein kinase"		"Evidence at protein level"	"Evidence at protein level"	"Evidence at protein level"	"Evidence at protein level"	"Low tissue specificity"	"Detected in many"			"Cell type enhanced"	"Detected in many"		"Glandular and luminal cells: 17.5;granulocytes: 29.5"	"Cell type enhanced"	"Detected in many"		"endothelial cell: 50.6"	"Low cancer specificity"	"Detected in many"			"Low region specificity"	"Detected in many"			"Group enriched"	"Detected in some"	5	"basophil: 20.8;eosinophil: 13.4"	"Lineage enriched"	"Detected in many"	6	"granulocytes: 20.8"	"Cancer enhanced"	"Detected in many"		"Myeloma: 12.4"	"Adipose subcutaneous - Macrophages, Testis - Sertoli cells"	"Low region specificity"	"Detected in all"			"Low region specificity"	"Detected in many"			"HPA005733, HPA024657"	Approved		Supported	"Plasma membrane"			NA	NA			"Cluster 32: Basophils - Transcription"	"Cluster 77: Bone marrow - Cell proliferation"	"Cluster 49: Hindbrain - Mixed function"	"Cluster 6: Leukemia - Signal transduction"	"Cluster 30: Granulocytes - Unknown function"	7	"Plasma membrane"		"HPA005733: AB_1857878, HPA024657: AB_2671637"			"unprognostic (2.81e-2)"		"unprognostic (6.87e-2)"	"unprognostic (1.06e-1)"		"unprognostic (7.79e-2)"		"unprognostic (9.69e-3)"	"potential prognostic favorable (6.15e-5)"	"unprognostic (1.88e-1)"	"unprognostic (8.38e-2)"		"unprognostic (1.06e-1)"	"unprognostic (8.04e-2)"	"unprognostic (3.29e-1)"		"unprognostic (2.54e-3)"	"unprognostic (7.59e-3)"	"unprognostic (4.69e-2)"		"unprognostic (1.15e-3)"		"unprognostic (7.22e-3)"	"unprognostic (5.01e-2)"		"unprognostic (1.40e-1)"	"unprognostic (2.33e-1)"	"unprognostic (1.40e-1)"	"unprognostic (1.61e-1)"
TGFA		ENSG00000163235	"Transforming growth factor alpha"	P01135	2	70447284-70554193	"Cancer-related genes, Human disease related genes, Plasma proteins, Predicted membrane proteins, Predicted secreted proteins, RAS pathway related proteins"		"Growth factor, Mitogen"	"Cancer-related genes"	"Evidence at protein level"	"Evidence at transcript level"	"Evidence at protein level"	"Evidence at protein level"	"Tissue enhanced"	"Detected in many"		"esophagus: 24.7"	"Cell type enhanced"	"Detected in many"		"Ductal cells: 31.3;Early spermatids: 30.9;Oligodendrocyte precursor cells: 55.7;Oligodendrocytes: 33.6"	"Cell type enhanced"	"Detected in many"		"oligodendrocyte: 56.1;oligodendrocyte precursor cell: 137.0"	"Cancer enhanced"	"Detected in all"		"Kidney Renal Clear Cell Carcinoma (TCGA): 62.6"	"Low region specificity"	"Detected in all"			"Group enriched"	"Detected in many"	4	"basophil: 11.4;eosinophil: 23.9;neutrophil: 24.0"	"Lineage enriched"	"Detected in many"	5	"granulocytes: 24.0"	"Cancer enhanced"	"Detected in many"		"Kidney cancer: 179.0"	"Spleen - Macrophages, Stomach - Gastric mucous cells, Testis - Early spermatids"	"Low region specificity"	"Detected in all"			"Low region specificity"	"Detected in all"			HPA042297	Approved		Approved	Vesicles	"Secreted to blood"	"Growth factor"	No	No	57900		"Cluster 21: Neutrophils - Unknown function"	"Cluster 34: Non-specific - Mixed function"	"Cluster 30: White matter - Myelination"	"Cluster 15: Kidney cancer - Membrane components"	"Cluster 45: Non-specific - Mixed function"	10	Vesicles		"HPA042297: AB_10793878"	"unprognostic (7.92e-2)"	"unprognostic (1.04e-1)"	"unprognostic (1.63e-1)"	"unprognostic (1.77e-3)"	"unprognostic (5.90e-2)"	"unprognostic (3.55e-2)"	"unprognostic (1.69e-1)"	"unprognostic (1.11e-1)"	"unprognostic (1.05e-2)"	"unprognostic (9.47e-2)"	"validated prognostic favorable (5.79e-10)"	"validated prognostic favorable (6.64e-5)"	"unprognostic (1.54e-1)"	"unprognostic (1.31e-1)"	"unprognostic (1.79e-1)"	"unprognostic (8.19e-3)"	"unprognostic (1.58e-2)"	"unprognostic (1.48e-2)"	"unprognostic (1.15e-2)"	"unprognostic (6.84e-2)"	"unprognostic (5.11e-2)"	"potential prognostic unfavorable (2.31e-5)"	"unprognostic (1.11e-2)"	"unprognostic (1.90e-1)"	"unprognostic (9.22e-2)"	"unprognostic (7.00e-2)"	"unprognostic (2.36e-2)"	"unprognostic (7.47e-2)"	"unprognostic (1.91e-1)"	"unprognostic (1.00e-3)"	"unprognostic (3.05e-1)"
THRB	"ERBA-BETA, ERBA2, GRTH, NR1A2, PRTH, THR1, THRB1, THRB2, TRbeta"	ENSG00000151090	"Thyroid hormone receptor beta"	P10828	3	24117153-24495756	"Cancer-related genes, Disease related genes, FDA approved drug targets, Human disease related genes, Nuclear receptors, Predicted intracellular proteins, Transcription factors"	"Transcription, Transcription regulation"	"DNA-binding, Receptor"	"Cancer-related genes, Deafness, Disease variant, FDA approved drug targets"	"Evidence at protein level"	"Evidence at protein level"	"Evidence at protein level"	"Evidence at protein level"	"Low tissue specificity"	"Detected in many"			"Cell type enhanced"	"Detected in many"		"Astrocytes: 188.9;Excitatory neurons: 665.2;Inhibitory neurons: 603.8;Oligodendrocyte precursor cells: 308.9"	"Low cell type specificity"	"Detected in all"			"Low cancer specificity"	"Detected in all"			"Low region specificity"	"Detected in all"			"Group enriched"	"Detected in some"	5	"basophil: 7.2;naive B-cell: 2.3"	"Group enriched"	"Detected in many"	15	"B-cells: 2.3;granulocytes: 7.2"	"Cancer enhanced"	"Detected in many"		"Gallbladder cancer: 36.0"	"Liver - Hepatocytes, Pituitary gland - Lactotropes, Thyroid gland - Fibroblasts"	"Low region specificity"	"Detected in all"			"Low region specificity"	"Detected in all"			"CAB002008, CAB002009, HPA061035"	Approved		Supported	"Nuclear bodies"			NA	NA			"Cluster 20: Non-specific - DNA binding"	"Cluster 3: Non-specific - Unknown function"	"Cluster 53: Neurons - Mixed function"	"Cluster 10: Ciliated cells - Ion channel activity"	"Cluster 69: Neurons - Neuronal signaling"	18	"Nuclear bodies"		"CAB002008: , CAB002009: , HPA061035: AB_2684422"	"unprognostic (4.40e-3)"	"unprognostic (1.87e-1)"	"unprognostic (1.16e-1)"	"unprognostic (9.05e-2)"	"unprognostic (4.98e-2)"	"unprognostic (1.24e-2)"	"unprognostic (2.97e-1)"	"unprognostic (6.13e-2)"	"unprognostic (3.55e-2)"	"unprognostic (8.18e-2)"	"validated prognostic favorable (1.53e-10)"	"validated prognostic favorable (5.86e-4)"	"unprognostic (1.74e-2)"	"unprognostic (1.92e-1)"	"unprognostic (1.44e-2)"	"unprognostic (1.92e-2)"	"unprognostic (2.23e-1)"	"unprognostic (2.58e-2)"	"unprognostic (2.63e-2)"	"unprognostic (7.72e-2)"	"unprognostic (8.92e-3)"	"unprognostic (1.94e-1)"	"unprognostic (9.52e-2)"	"unprognostic (6.19e-2)"	"unprognostic (1.87e-1)"	"unprognostic (5.30e-2)"	"unprognostic (1.17e-1)"	"potential prognostic unfavorable (7.53e-4)"	"unprognostic (1.98e-1)"	"unprognostic (2.79e-3)"	"unprognostic (1.37e-3)"
TIE1	"JTK14, TIE"	ENSG00000066056	"Tyrosine kinase with immunoglobulin like and EGF like domains 1"	P35590	1	43300982-43323108	"Cancer-related genes, Disease related genes, Enzymes, Human disease related genes, Plasma proteins, Potential drug targets, Predicted intracellular proteins, Predicted membrane proteins"	Angiogenesis	"Kinase, Receptor, Transferase, Tyrosine-protein kinase"	"Cancer-related genes"	"Evidence at protein level"	"Evidence at transcript level"	"Evidence at protein level"	"Evidence at protein level"	"Low tissue specificity"	"Detected in many"			"Group enriched"	"Detected in some"	5	"Adipocytes: 124.3;Endothelial cells: 103.9;Lymphatic endothelial cells: 205.8"	"Cell type enriched"	"Detected in some"	22	"endothelial cell: 263.3"	"Low cancer specificity"	"Detected in all"			"Low region specificity"	"Detected in all"			"Group enriched"	"Detected in some"	24	"basophil: 2.2;NK-cell: 2.5"	"Group enriched"	"Detected in many"	24	"granulocytes: 2.2;NK-cells: 2.5"	"Group enriched"	"Detected in some"	5	"Leukemia: 14.3;ovarian cancer: 18.9;Sarcoma: 23.2;thyroid cancer: 28.7"	"Adipose subcutaneous - Endothelial cells, Adipose visceral - Endothelial cells, Adrenal gland - Endothelial cells, Breast - Endothelial cells, Colon - Endothelial cells, Heart muscle - Endothelial cells, Kidney - Endothelial cells, Liver - Vascular Endothelial cells, Minor Salivary Gland - Endothelial cells, Pancreas - Endothelial cells, Prostate - Endothelial cells, Skin - Endothelial cells, Spleen - Endothelial cells, Testis - Endothelial cells, Thyroid gland - Endothelial cells"	"Low region specificity"	"Detected in all"			"Low region specificity"	"Detected in all"								"Intracellular and membrane"	Receptor	NA	NA		59000000	"Cluster 15: NK-cells - Unknown function"	"Cluster 7: Adipose tissue - Mixed function"	"Cluster 47: Endothelial cells - Vasculature"	"Cluster 48: Adipocytes & Endothelial cells - Angiogenesis"	"Cluster 54: Lymphatic endothelial cells - Lymph vessel development"	7				"unprognostic (2.93e-1)"	"unprognostic (1.77e-1)"	"unprognostic (4.58e-3)"	"unprognostic (1.94e-1)"	"unprognostic (1.69e-2)"	"unprognostic (4.25e-2)"	"unprognostic (8.04e-2)"	"unprognostic (1.97e-1)"	"unprognostic (2.04e-3)"	"unprognostic (9.31e-2)"	"validated prognostic favorable (2.32e-5)"	"validated prognostic favorable (3.50e-5)"	"potential prognostic unfavorable (2.02e-4)"	"unprognostic (2.01e-2)"	"potential prognostic favorable (1.31e-4)"	"unprognostic (2.36e-1)"	"unprognostic (7.94e-2)"	"unprognostic (1.15e-3)"	"unprognostic (6.49e-2)"	"unprognostic (3.45e-2)"	"unprognostic (2.53e-1)"	"unprognostic (4.29e-2)"	"unprognostic (3.20e-1)"	"unprognostic (2.04e-1)"	"unprognostic (1.06e-2)"	"unprognostic (3.91e-2)"	"unprognostic (1.86e-1)"	"unprognostic (5.48e-3)"	"unprognostic (2.41e-1)"	"unprognostic (4.53e-3)"	"unprognostic (1.30e-1)"
TIGD3		ENSG00000173825	"Tigger transposable element derived 3"	Q6B0B8	11	65354751-65357613	"Predicted intracellular proteins"		DNA-binding		"Evidence at protein level"	"Evidence at transcript level"	"Evidence at protein level"	"Evidence at protein level"	"Tissue enhanced"	"Detected in some"		"brain: 5.1;testis: 4.9"	"Cell type enhanced"	"Detected in many"		"dendritic cells: 20.2;Granulosa cells: 10.1;Proximal enterocytes: 10.2;Spermatocytes: 38.6"	"Low cell type specificity"	"Detected in many"			"Low cancer specificity"	"Detected in some"			"Low region specificity"	"Detected in many"			"Group enriched"	"Detected in many"	8	"basophil: 7.8;eosinophil: 10.9;neutrophil: 17.5"	"Lineage enriched"	"Detected in many"	11	"granulocytes: 17.5"	"Low cancer specificity"	"Detected in many"			"Heart muscle - Cardiomyocytes"	"Low region specificity"	"Detected in all"			"Low region specificity"	"Detected in single"			HPA040016			Approved	"Nucleoplasm,Nuclear membrane"			NA	NA			"Cluster 45: Eosinophils - Unknown function"	"Cluster 65: Cerebellum - Nervous system development"	"Cluster 2: Neurons - Nucleosome"	"Cluster 10: Ciliated cells - Ion channel activity"	"Cluster 79: Spermatocytes & Spermatogonia - Spermatogenesis"	3	"Nucleoplasm, Nuclear membrane"		"HPA040016: AB_10805600"	"unprognostic (8.91e-3)"		"unprognostic (4.78e-2)"	"potential prognostic favorable (3.49e-4)"			"unprognostic (1.51e-2)"	"unprognostic (1.09e-3)"																							"unprognostic (5.42e-3)"
TLCD2		ENSG00000185561	"TLC domain containing 2"	A6NGC4	17	1702816-1710377	"Predicted membrane proteins"				"Evidence at protein level"	"Evidence at transcript level"	"No human protein/transcript evidence"	"Evidence at protein level"	"Low tissue specificity"	"Detected in many"			"Cell type enhanced"	"Detected in many"		"Cone photoreceptor cells: 76.5;Distal enterocytes: 85.6;Proximal enterocytes: 64.8;Skeletal myocytes: 74.2"	"Cell type enhanced"	"Detected in many"		"endothelial cell: 6.6"	"Low cancer specificity"	"Detected in all"			"Low region specificity"	"Detected in all"			"Group enriched"	"Detected in some"	5	"basophil: 3.3;neutrophil: 1.5"	"Lineage enriched"	"Detected in single"	8	"granulocytes: 3.3"	"Low cancer specificity"	"Detected in many"			"Adipose subcutaneous - Adipocytes (Subcutaneous), Adipose visceral - Adipocytes (Visceral), Breast - Adipocytes (Breast), Skin - Sebaceous gland cells"	"Not detected"	"Not detected"			"Region enhanced"	"Detected in all"		"spinal cord: 18.7"	HPA046063	Uncertain		Approved	Vesicles			NA	NA			"Cluster 20: Non-specific - DNA binding"	"Cluster 37: Liver & Intestine - Lipid metabolism"	"Cluster 6: Non-specific - Immune response"	"Cluster 72: Neuronal - Signal transduction"	"Cluster 5: Enterocytes - Absorption"		Vesicles		"HPA046063: AB_2679520"	"unprognostic (3.12e-3)"	"unprognostic (1.35e-1)"		"unprognostic (8.72e-3)"	"unprognostic (9.01e-2)"	"unprognostic (4.01e-1)"	"unprognostic (4.60e-3)"	"unprognostic (1.03e-1)"	"unprognostic (1.34e-1)"	"unprognostic (1.14e-2)"	"potential prognostic unfavorable (3.94e-4)"	"unprognostic (5.57e-2)"	"unprognostic (1.16e-1)"	"unprognostic (2.92e-1)"	"unprognostic (3.80e-2)"	"unprognostic (4.04e-2)"	"unprognostic (6.20e-2)"	"unprognostic (1.31e-1)"	"unprognostic (1.21e-2)"	"unprognostic (8.34e-2)"		"unprognostic (9.58e-3)"	"unprognostic (1.47e-1)"	"unprognostic (2.67e-1)"	"unprognostic (5.95e-2)"	"unprognostic (8.99e-3)"	"unprognostic (1.37e-2)"	"unprognostic (3.18e-2)"	"unprognostic (9.81e-2)"	"unprognostic (1.70e-1)"	"unprognostic (2.38e-1)"
TM6SF1		ENSG00000136404	"Transmembrane 6 superfamily member 1"	Q9BZW5	15	83107572-83144854	"Predicted intracellular proteins, Predicted membrane proteins, Transporters"				"Evidence at protein level"	"Evidence at transcript level"	"Evidence at protein level"	"Evidence at protein level"	"Tissue enhanced"	"Detected in many"		"skeletal muscle: 45.6"	"Cell type enhanced"	"Detected in many"		"Adipocytes: 25.8;granulocytes: 28.6;Hofbauer cells: 53.3;Kupffer cells: 27.3;Langerhans cells: 60.9;Macrophages: 43.8;Microglial cells: 44.7"	"Cell type enhanced"	"Detected in all"		"central nervous system macrophage: 277.5"	"Low cancer specificity"	"Detected in many"			"Low region specificity"	"Detected in all"			"Group enriched"	"Detected in many"	4	"basophil: 77.1;eosinophil: 196.3;neutrophil: 118.7"	"Lineage enriched"	"Detected in many"	6	"granulocytes: 196.3"	"Group enriched"	"Detected in many"	5	"Leukemia: 10.5;lymphoma: 9.0;Myeloma: 3.5"	"Adrenal gland - Macrophages, Breast - Endothelial cells, Colon - Endothelial cells, Pancreas - Macrophages, Skeletal muscle - Skeletal myocytes, Testis - Early spermatids"	"Low region specificity"	"Detected in all"			"Low region specificity"	"Detected in all"			"HPA016051, HPA056857"	Uncertain						NA	NA			"Cluster 21: Neutrophils - Unknown function"	"Cluster 2: Skeletal muscle - Striated muscle contraction"	"Cluster 50: Non-specific - Nucleic acid binding"	"Cluster 71: Lymphoma - Inflammatory response"	"Cluster 58: Macrophages - Innate immune response"				"HPA016051: AB_2203924, HPA056857: AB_2683259"	"unprognostic (3.92e-3)"	"unprognostic (1.23e-2)"	"unprognostic (1.54e-2)"	"unprognostic (3.01e-3)"	"unprognostic (6.60e-2)"	"unprognostic (3.89e-1)"	"unprognostic (2.65e-1)"	"unprognostic (1.68e-1)"	"unprognostic (2.68e-1)"	"unprognostic (2.42e-2)"	"potential prognostic favorable (2.20e-4)"	"unprognostic (1.20e-1)"	"unprognostic (1.21e-1)"		"unprognostic (1.63e-1)"	"potential prognostic favorable (1.22e-4)"	"unprognostic (2.28e-2)"	"unprognostic (1.53e-1)"	"unprognostic (5.15e-1)"	"unprognostic (1.22e-2)"	"unprognostic (1.76e-2)"	"unprognostic (1.01e-1)"	"unprognostic (4.02e-2)"	"unprognostic (2.98e-1)"	"unprognostic (9.40e-3)"	"unprognostic (9.28e-3)"	"unprognostic (1.52e-1)"	"unprognostic (3.27e-3)"	"unprognostic (3.53e-3)"	"unprognostic (1.85e-2)"	"unprognostic (5.08e-2)"
TMEM140	FLJ11000	ENSG00000146859	"Transmembrane protein 140"	Q9NV12	7	135148072-135166215	"Predicted membrane proteins"				"Evidence at protein level"	"Evidence at transcript level"	"Evidence at protein level"	"Evidence at protein level"	"Tissue enhanced"	"Detected in all"		"skeletal muscle: 84.5"	"Cell type enhanced"	"Detected in many"		"Plasma cells: 40.2;Schwann cells: 38.8;Syncytiotrophoblasts: 59.7"	"Cell type enhanced"	"Detected in all"		"endothelial cell: 81.2;leukocyte: 34.8"	"Low cancer specificity"	"Detected in all"			"Low region specificity"	"Detected in all"			"Group enriched"	"Detected in all"	6	"basophil: 360.4;eosinophil: 109.4;neutrophil: 430.5"	"Lineage enriched"	"Detected in all"	8	"granulocytes: 430.5"	"Low cancer specificity"	"Detected in all"			"Adrenal gland - Adrenal cortex cells"	"Low region specificity"	"Detected in all"			"Low region specificity"	"Detected in all"										NA	NA			"Cluster 35: Neutrophils - Protein binding"	"Cluster 19: Non-specific - Basic cellular processes"	"Cluster 30: White matter - Myelination"	"Cluster 47: Leukemia - Hemostasis"	"Cluster 57: Platelets - Hemostasis"	44				"unprognostic (1.03e-3)"	"unprognostic (2.37e-1)"	"unprognostic (1.24e-1)"	"unprognostic (1.03e-1)"	"unprognostic (4.42e-1)"	"unprognostic (2.82e-2)"	"unprognostic (9.75e-2)"	"unprognostic (1.30e-3)"	"unprognostic (2.18e-2)"	"unprognostic (5.77e-3)"	"potential prognostic favorable (6.73e-6)"	"unprognostic (1.89e-2)"	"unprognostic (7.50e-3)"	"unprognostic (2.26e-1)"	"unprognostic (1.81e-2)"	"unprognostic (4.44e-2)"	"unprognostic (3.73e-2)"	"unprognostic (1.54e-3)"	"unprognostic (1.36e-1)"	"unprognostic (1.18e-1)"	"unprognostic (3.16e-2)"	"unprognostic (4.08e-2)"	"unprognostic (4.33e-1)"	"unprognostic (3.17e-1)"	"unprognostic (7.35e-2)"	"unprognostic (3.64e-2)"	"unprognostic (3.52e-1)"	"unprognostic (4.33e-2)"	"unprognostic (1.10e-1)"	"unprognostic (1.29e-1)"	"unprognostic (1.03e-1)"
TMEM154	FLJ32028	ENSG00000170006	"Transmembrane protein 154"	Q6P9G4	4	152618628-152680012	"Predicted intracellular proteins, Predicted membrane proteins"				"Evidence at protein level"	"Evidence at transcript level"	"Evidence at protein level"	"Evidence at protein level"	"Tissue enhanced"	"Detected in many"		"esophagus: 19.1;skin 1: 47.1"	"Cell type enhanced"	"Detected in many"		"B-cells: 106.2;Basal keratinocytes: 82.2;Glandular and luminal cells: 75.0;granulocytes: 134.3;monocytes: 75.9;Squamous epithelial cells: 108.1;Suprabasal keratinocytes: 306.1"	"Group enriched"	"Detected in some"	8	"central nervous system macrophage: 72.7;endothelial cell: 34.7;leukocyte: 52.9"	"Cancer enhanced"	"Detected in many"		"Head and Neck Squamous Cell Carcinoma (TCGA): 20.4"	"Low region specificity"	"Detected in all"			"Group enriched"	"Detected in many"	5	"basophil: 36.8;eosinophil: 20.8;neutrophil: 35.9"	"Lineage enriched"	"Detected in many"	6	"granulocytes: 36.8"	"Low cancer specificity"	"Detected in many"			"Skin - Keratinocyte (other)"	"Not detected"	"Not detected"			"Low region specificity"	"Detected in all"			"HPA019184, HPA055411"	Uncertain		Approved	"Nucleoplasm,Nuclear membrane"			NA	NA			"Cluster 20: Non-specific - DNA binding"	"Cluster 13: Skin - Cornification"	"Cluster 6: Non-specific - Immune response"	"Cluster 30: Non-specific - Gene expression regulation"	"Cluster 59: Suprabasal keratinocytes - Cornification"	17	"Nuclear membrane"	Nucleoplasm	"HPA019184: AB_2670088, HPA055411: "	"unprognostic (1.34e-1)"	"unprognostic (8.36e-2)"	"unprognostic (7.00e-2)"	"unprognostic (3.45e-2)"	"unprognostic (3.71e-2)"	"unprognostic (7.32e-2)"	"unprognostic (1.95e-1)"	"unprognostic (3.12e-3)"	"unprognostic (2.67e-1)"		"unprognostic (9.19e-2)"	"unprognostic (1.26e-1)"	"unprognostic (3.60e-2)"		"potential prognostic favorable (2.06e-4)"	"unprognostic (1.88e-1)"	"unprognostic (1.07e-1)"	"unprognostic (2.46e-1)"	"unprognostic (1.53e-1)"			"potential prognostic unfavorable (9.70e-4)"	"unprognostic (5.03e-2)"		"unprognostic (2.87e-1)"	"unprognostic (1.24e-1)"	"unprognostic (4.56e-2)"	"unprognostic (2.21e-1)"	"unprognostic (4.16e-2)"	"unprognostic (2.03e-2)"	"unprognostic (3.99e-2)"
TMEM38A	"MGC3169, TRIC-A"	ENSG00000072954	"Transmembrane protein 38A"	Q9H6F2	19	16661139-16690023	"Predicted membrane proteins"	"Ion transport, Potassium transport, Transport"	"Ion channel, Potassium channel"		"Evidence at protein level"	"Evidence at protein level"	"Evidence at protein level"	"Evidence at protein level"	"Tissue enhanced"	"Detected in many"		"skeletal muscle: 559.8;tongue: 249.5"	"Group enriched"	"Detected in many"	6	"Cone photoreceptor cells: 132.5;Skeletal myocytes: 259.6"	"Low cell type specificity"	"Detected in all"			"Cancer enriched"	"Detected in all"	7	"Kidney Chromophobe (TCGA): 102.0"	"Low region specificity"	"Detected in all"			"Group enriched"	"Detected in many"	4	"basophil: 36.7;eosinophil: 12.3"	"Lineage enriched"	"Detected in many"	6	"granulocytes: 36.7"	"Low cancer specificity"	"Detected in many"			"Adrenal gland - Adrenal cortex cells, Heart muscle - Cardiomyocytes, Skeletal muscle - Skeletal myocytes, Stomach - Gastric mucous cells, Testis - Sertoli cells"	"Low region specificity"	"Detected in all"			"Low region specificity"	"Detected in all"			"HPA048100, HPA050463"	Enhanced		Approved	Nucleoplasm			NA	NA			"Cluster 32: Basophils - Transcription"	"Cluster 14: Skeletal muscle - Muscle contraction"	"Cluster 23: Choroid plexus - Mixed function"	"Cluster 12: Bone cancer - Neuronal signaling"	"Cluster 2: Skeletal myocytes - Muscle contraction"		Nucleoplasm		"HPA048100: , HPA050463: AB_2681137"	"unprognostic (2.69e-1)"	"unprognostic (1.36e-1)"	"unprognostic (2.09e-2)"	"unprognostic (1.20e-1)"	"unprognostic (1.85e-1)"	"unprognostic (2.22e-1)"	"unprognostic (1.26e-1)"	"unprognostic (2.80e-2)"	"unprognostic (1.66e-1)"	"unprognostic (1.80e-2)"	"validated prognostic favorable (1.51e-7)"	"validated prognostic favorable (2.14e-4)"	"unprognostic (4.09e-2)"	"unprognostic (1.12e-1)"	"unprognostic (1.20e-2)"	"unprognostic (1.68e-2)"	"unprognostic (9.96e-2)"	"unprognostic (2.50e-3)"	"unprognostic (5.91e-2)"	"unprognostic (1.70e-3)"	"unprognostic (1.30e-2)"	"unprognostic (2.52e-1)"	"unprognostic (4.10e-3)"	"unprognostic (2.26e-1)"	"unprognostic (1.20e-1)"	"unprognostic (1.44e-1)"	"unprognostic (2.15e-2)"	"unprognostic (1.08e-1)"	"unprognostic (1.58e-1)"	"unprognostic (2.63e-3)"	"unprognostic (7.26e-2)"
TMEM44	DKFZp686O18124	ENSG00000145014	"Transmembrane protein 44"	Q2T9K0	3	194587673-194633689	"Predicted intracellular proteins, Predicted membrane proteins"				"Evidence at protein level"	"Evidence at protein level"	"Evidence at protein level"	"Evidence at protein level"	"Low tissue specificity"	"Detected in many"			"Cell type enhanced"	"Detected in many"		"Distal enterocytes: 28.2;Endothelial cells: 24.2;granulocytes: 74.2;Intestinal goblet cells: 26.9"	"Cell type enhanced"	"Detected in all"		"endothelial cell: 97.9"	"Low cancer specificity"	"Detected in all"			"Low region specificity"	"Detected in all"			"Group enriched"	"Detected in some"	9	"basophil: 3.6;NK-cell: 8.3"	"Group enriched"	"Detected in many"	9	"granulocytes: 3.6;NK-cells: 8.3"	"Low cancer specificity"	"Detected in all"			"Adrenal gland - Endothelial cells, Liver - Vascular Endothelial cells, Skin - Endothelial cells"	"Low region specificity"	"Detected in many"			"Low region specificity"	"Detected in many"			HPA043718	Uncertain		Approved	Cytosol			NA	NA			"Cluster 41: Basophils - Unknown function"	"Cluster 43: Non-specific - Mitochondrial translation"	"Cluster 32: Cerebral cortex - Mixed function"	"Cluster 15: Kidney cancer - Membrane components"	"Cluster 30: Granulocytes - Unknown function"		Cytosol		"HPA043718: AB_10794662"	"unprognostic (2.23e-1)"	"unprognostic (1.39e-1)"	"unprognostic (9.30e-2)"	"unprognostic (5.69e-2)"	"unprognostic (3.22e-1)"	"unprognostic (3.39e-2)"	"unprognostic (5.10e-3)"	"unprognostic (1.46e-1)"	"unprognostic (5.59e-2)"	"unprognostic (9.36e-3)"	"validated prognostic unfavorable (7.57e-6)"	"validated prognostic unfavorable (8.61e-4)"	"unprognostic (2.07e-1)"	"unprognostic (6.99e-3)"	"unprognostic (1.61e-2)"	"potential prognostic unfavorable (5.96e-4)"	"unprognostic (4.27e-3)"	"unprognostic (1.20e-1)"	"unprognostic (1.95e-1)"	"unprognostic (2.84e-2)"	"unprognostic (6.46e-2)"	"validated prognostic unfavorable (3.05e-4)"	"validated prognostic unfavorable (2.56e-4)"	"unprognostic (7.03e-2)"	"unprognostic (4.30e-2)"	"unprognostic (8.12e-3)"	"unprognostic (5.73e-3)"	"unprognostic (7.47e-2)"	"unprognostic (2.26e-1)"	"unprognostic (1.25e-1)"	"unprognostic (1.09e-2)"
TNFSF10	"Apo-2L, CD253, TL2, TRAIL"	ENSG00000121858	"TNF superfamily member 10"	P50591	3	172505508-172523475	"Cancer-related genes, CD markers, Predicted intracellular proteins, Predicted membrane proteins, Predicted secreted proteins, Transporters"	Apoptosis	Cytokine	"Cancer-related genes"	"Evidence at protein level"	"Evidence at transcript level"	"Evidence at protein level"	"Evidence at protein level"	"Low tissue specificity"	"Detected in all"			"Cell type enhanced"	"Detected in many"		"Basal respiratory cells: 385.4;Ductal cells: 709.4;Proximal tubular cells: 567.3"	"Cell type enriched"	"Detected in some"	5	"endothelial cell: 285.4"	"Low cancer specificity"	"Detected in all"			"Low region specificity"	"Detected in all"			"Group enriched"	"Detected in all"	4	"basophil: 266.3;classical monocyte: 133.5;intermediate monocyte: 203.5;neutrophil: 257.9;non-classical monocyte: 214.1"	"Group enriched"	"Detected in all"	5	"granulocytes: 266.3;monocytes: 214.1"	"Group enriched"	"Detected in many"	4	"head and neck cancer: 121.7;Kidney cancer: 166.1"	"Adrenal gland - Adrenal cortex cells, Liver - Hepatocytes, Minor Salivary Gland - Minor salivary glandular cells"	"Low region specificity"	"Detected in all"							HPA054938	Uncertain				"Secreted to blood"	Cytokine	NA	NA	67400	12000	"Cluster 28: Neutrophils - Unknown function"	"Cluster 11: Liver - Plasma proteins"	"Cluster 8: Immune cells - Immune response"	"Cluster 15: Kidney cancer - Membrane components"	"Cluster 38: Proximal tubular cells - Transmembrane transport"	8			"HPA054938: AB_2682643"	"unprognostic (8.83e-2)"	"unprognostic (4.02e-2)"	"unprognostic (3.71e-1)"	"unprognostic (1.56e-1)"	"unprognostic (2.15e-1)"	"unprognostic (1.03e-1)"	"unprognostic (2.43e-1)"	"unprognostic (1.09e-1)"	"unprognostic (2.32e-1)"	"unprognostic (4.68e-3)"	"unprognostic (1.31e-3)"	"unprognostic (6.75e-2)"	"unprognostic (1.93e-2)"	"unprognostic (1.61e-1)"	"unprognostic (5.34e-2)"	"unprognostic (1.04e-1)"	"unprognostic (4.36e-2)"	"unprognostic (3.29e-2)"	"unprognostic (2.58e-1)"	"unprognostic (5.74e-2)"	"unprognostic (1.29e-2)"	"potential prognostic unfavorable (1.02e-4)"	"unprognostic (2.45e-1)"	"unprognostic (5.51e-2)"	"unprognostic (2.06e-1)"	"unprognostic (2.70e-2)"	"unprognostic (9.49e-2)"	"unprognostic (1.23e-1)"	"unprognostic (4.01e-2)"	"unprognostic (2.35e-2)"	"unprognostic (1.95e-2)"
TREX2		ENSG00000183479	"Three prime repair exonuclease 2"	Q9BQ50	X	153444473-153470587	"Enzymes, Metabolic proteins, Predicted intracellular proteins"	"DNA damage, DNA repair"	"Exonuclease, Hydrolase, Nuclease"		"Evidence at protein level"	"Evidence at transcript level"	"Evidence at protein level"	"Evidence at protein level"	"Tissue enhanced"	"Detected in many"		"skin 1: 19.7"	"Not detected"	"Not detected"			"Not detected"	"Not detected"			"Low cancer specificity"	"Detected in many"			"Region enriched"	"Detected in many"	6	"choroid plexus: 11.9"	"Group enriched"	"Detected in some"	7	"basophil: 2.1;eosinophil: 2.6"	"Lineage enriched"	"Detected in single"	7	"granulocytes: 2.6"	"Low cancer specificity"	"Detected in many"			"Skin - Keratinocyte (granular)"	"Not detected"	"Not detected"							HPA054060	Uncertain						NA	NA		4700	"Cluster 45: Eosinophils - Unknown function"	"Cluster 13: Skin - Cornification"	"Cluster 23: Choroid plexus - Mixed function"	"Cluster 35: RS4;11 - Unknown function"	"Cluster 59: Suprabasal keratinocytes - Cornification"	1			"HPA054060: AB_2682362"	"unprognostic (2.20e-3)"		"unprognostic (6.14e-2)"	"potential prognostic favorable (3.91e-4)"		"unprognostic (4.67e-1)"			"unprognostic (2.20e-2)"		"unprognostic (3.32e-1)"	"unprognostic (2.91e-1)"	"unprognostic (1.32e-1)"			"unprognostic (2.90e-1)"		"unprognostic (2.70e-1)"	"unprognostic (1.39e-1)"	"unprognostic (2.77e-1)"	"unprognostic (1.74e-1)"					"unprognostic (6.03e-2)"	"unprognostic (3.96e-2)"	"unprognostic (8.63e-2)"			"unprognostic (6.80e-2)"
TSEN34	"LENG5, SEN34, SEN34L"	ENSG00000170892	"TRNA splicing endonuclease subunit 34"	Q9BSV6	19	54189938-54194536	"Disease related genes, Enzymes, Human disease related genes, Potential drug targets, Predicted intracellular proteins"	"mRNA processing, tRNA processing"	Lyase	"Disease variant, Neurodegeneration, Pontocerebellar hypoplasia"	"Evidence at protein level"	"Evidence at protein level"	"Evidence at protein level"	"Evidence at protein level"	"Low tissue specificity"	"Detected in all"			"Low cell type specificity"	"Detected in many"			"Low cell type specificity"	"Detected in all"			"Low cancer specificity"	"Detected in many"			"Low region specificity"	"Detected in all"			"Group enriched"	"Detected in some"	7	"basophil: 5.0;eosinophil: 1.9;neutrophil: 4.9"	"Lineage enriched"	"Detected in single"	8	"granulocytes: 5.0"	"Low cancer specificity"	"Detected in many"			"Skin - Keratinocyte (other), Spleen - Neutrophils, Thyroid gland - Thyroid glandular cells"	"Low region specificity"	"Detected in all"			"Low region specificity"	"Detected in all"			"HPA041111, HPA048208"	Approved		Supported	Nucleoplasm			NA	NA			"Cluster 21: Neutrophils - Unknown function"	"Cluster 66: Non-specific - Transcription"	"Cluster 48: Non-specific - Mixed function"	"Cluster 4: Non-specific - Transcription"	"Cluster 6: Ovarian stromal cells - Transcription"	5	Nucleoplasm		"HPA041111: AB_10794263, HPA048208: AB_2680313"	"unprognostic (6.33e-2)"	"unprognostic (8.95e-2)"	"unprognostic (3.73e-2)"	"unprognostic (6.41e-2)"	"unprognostic (6.84e-2)"	"unprognostic (7.79e-3)"	"unprognostic (2.10e-2)"	"unprognostic (5.96e-2)"	"unprognostic (9.22e-2)"	"unprognostic (1.47e-1)"	"unprognostic (1.32e-1)"	"unprognostic (3.71e-1)"	"unprognostic (2.06e-1)"		"unprognostic (2.55e-3)"	"unprognostic (6.56e-2)"	"unprognostic (1.91e-1)"	"potential prognostic unfavorable (2.61e-4)"	"unprognostic (2.92e-2)"	"unprognostic (1.19e-1)"	"unprognostic (4.38e-2)"	"unprognostic (2.59e-2)"	"unprognostic (2.52e-2)"	"unprognostic (4.59e-2)"	"unprognostic (2.43e-1)"	"unprognostic (6.21e-2)"	"unprognostic (2.32e-1)"	"unprognostic (8.60e-2)"	"unprognostic (1.42e-1)"	"unprognostic (2.88e-2)"	"unprognostic (3.24e-1)"
TSPAN2	"FLJ12082, TSN2, TSPAN-2"	ENSG00000134198	"Tetraspanin 2"	O60636	1	115048011-115089503	"Predicted membrane proteins"				"Evidence at protein level"	"Evidence at protein level"	"Evidence at protein level"	"Evidence at protein level"	"Tissue enhanced"	"Detected in many"		"endometrium 1: 45.8;intestine: 53.5"	"Cell type enhanced"	"Detected in many"		"NK-cells: 29.8;Pancreatic endocrine cells: 73.0;Smooth muscle cells: 22.5"	"Low cell type specificity"	"Detected in many"			"Low cancer specificity"	"Detected in many"			"Low region specificity"	"Detected in all"			"Group enriched"	"Detected in many"	4	"basophil: 109.9;eosinophil: 56.0;neutrophil: 110.4;NK-cell: 86.6"	"Group enriched"	"Detected in many"	4	"granulocytes: 110.4;NK-cells: 86.6"	"Cancer enhanced"	"Detected in many"		"Kidney cancer: 38.9"	"Adipose subcutaneous - Smooth muscle cells, Adrenal gland - Smooth muscle cells, Colon - Smooth muscle cells, Pituitary gland - Thyrotropes, Prostate - Smooth muscle cells"	"Region enhanced"	"Detected in all"		"white matter: 842.8"	"Low region specificity"	"Detected in all"			"HPA015640, HPA073306"	Uncertain		Enhanced	Nucleoplasm			NA	NA			"Cluster 35: Neutrophils - Protein binding"	"Cluster 41: Smooth muscle tissue - ECM organization"	"Cluster 49: Hindbrain - Mixed function"	"Cluster 15: Kidney cancer - Membrane components"	"Cluster 32: Smooth muscle cells - Muscle contraction"	60	Nucleoplasm		"HPA015640: AB_1858405, HPA073306: "	"unprognostic (1.19e-1)"	"unprognostic (1.98e-2)"	"unprognostic (2.50e-1)"	"unprognostic (2.45e-2)"	"unprognostic (3.26e-1)"	"unprognostic (3.43e-3)"	"potential prognostic unfavorable (8.97e-4)"	"unprognostic (2.54e-2)"	"unprognostic (2.67e-1)"		"unprognostic (5.71e-3)"	"unprognostic (1.10e-1)"	"unprognostic (1.20e-2)"			"unprognostic (1.37e-1)"	"unprognostic (1.04e-1)"	"unprognostic (2.69e-2)"	"unprognostic (4.54e-3)"	"unprognostic (1.87e-1)"	"unprognostic (2.21e-2)"	"unprognostic (1.26e-1)"	"unprognostic (1.45e-1)"	"unprognostic (2.83e-1)"	"unprognostic (1.89e-1)"	"unprognostic (1.30e-1)"		"unprognostic (5.30e-2)"	"unprognostic (1.64e-1)"	"unprognostic (2.42e-3)"	"unprognostic (2.54e-2)"
TTC7B	TTC7L1	ENSG00000165914	"Tetratricopeptide repeat domain 7B"	Q86TV6	14	90524564-90816479	"Predicted intracellular proteins"				"Evidence at protein level"	"Evidence at protein level"	"Evidence at protein level"	"Evidence at protein level"	"Tissue enhanced"	"Detected in all"		"brain: 110.1"	"Cell type enhanced"	"Detected in many"		"Astrocytes: 84.2;Excitatory neurons: 112.8;Inhibitory neurons: 127.3;Oligodendrocyte precursor cells: 65.6;Oligodendrocytes: 65.8"	"Low cell type specificity"	"Detected in all"			"Low cancer specificity"	"Detected in all"			"Low region specificity"	"Detected in all"			"Group enriched"	"Detected in some"	7	"basophil: 5.6;eosinophil: 8.1"	"Lineage enriched"	"Detected in single"	9	"granulocytes: 8.1"	"Low cancer specificity"	"Detected in all"			"Adrenal gland - Fibroblasts, Prostate - Smooth muscle cells, Spleen - Endothelial cells"	"Low region specificity"	"Detected in all"			"Low region specificity"	"Detected in all"			"HPA058363, HPA059577"	Enhanced		Supported	"Plasma membrane"			NA	NA			"Cluster 22: Eosinophils - Transcription"	"Cluster 22: Brain - Synaptic signal transduction"	"Cluster 32: Cerebral cortex - Mixed function"	"Cluster 47: Leukemia - Hemostasis"	"Cluster 8: Neurons - Neuronal signaling"	10	"Plasma membrane"		"HPA058363: AB_2683692, HPA059577: AB_2684069"	"unprognostic (2.11e-1)"	"unprognostic (3.64e-1)"	"unprognostic (1.09e-2)"	"unprognostic (7.62e-3)"	"unprognostic (3.22e-2)"	"unprognostic (9.26e-2)"	"unprognostic (1.93e-1)"	"unprognostic (2.01e-2)"	"unprognostic (1.08e-3)"	"unprognostic (1.34e-2)"	"potential prognostic favorable (1.59e-7)"	"unprognostic (1.05e-3)"	"unprognostic (5.43e-2)"	"unprognostic (1.31e-1)"	"unprognostic (8.35e-2)"	"unprognostic (2.87e-1)"	"unprognostic (1.28e-3)"	"unprognostic (1.09e-1)"	"unprognostic (1.21e-1)"	"unprognostic (1.75e-1)"	"unprognostic (2.90e-3)"	"unprognostic (3.72e-2)"	"unprognostic (3.12e-2)"	"unprognostic (1.58e-1)"	"unprognostic (5.16e-2)"	"unprognostic (3.64e-2)"	"unprognostic (1.35e-1)"	"unprognostic (2.79e-2)"	"unprognostic (2.34e-1)"	"unprognostic (1.11e-2)"	"unprognostic (5.17e-2)"
TUBA8	TUBAL2	ENSG00000183785	"Tubulin alpha 8"	Q9NY65	22	18110100-18146683	"Disease related genes, Human disease related genes, Predicted intracellular proteins, Predicted membrane proteins"		Hydrolase		"Evidence at protein level"	"Evidence at protein level"	"Evidence at protein level"	"Evidence at protein level"	"Tissue enhanced"	"Detected in many"		"heart muscle: 124.3;skeletal muscle: 320.5;tongue: 148.7"	"Cell type enhanced"	"Detected in some"		"Cholangiocytes: 1.9;Excitatory neurons: 7.8;Horizontal cells: 1.9;Inhibitory neurons: 5.4;Oligodendrocyte precursor cells: 3.3"	"Low cell type specificity"	"Detected in all"			"Cancer enhanced"	"Detected in all"		"Skin Cuteneous Melanoma (TCGA): 16.4"	"Low region specificity"	"Detected in all"			"Group enriched"	"Detected in some"	5	"basophil: 2.8;eosinophil: 2.7;neutrophil: 5.0;NK-cell: 10.4"	"Group enriched"	"Detected in many"	7	"granulocytes: 5.0;NK-cells: 10.4"	"Cancer enhanced"	"Detected in many"		"Leukemia: 10.1;skin cancer: 10.2"	"Heart muscle - Cardiomyocytes, Testis - Late spermatids"	"Group enriched"	"Detected in all"	4	"cerebellum: 54.7;olfactory bulb: 54.0"	"Low region specificity"	"Detected in all"			"HPA043684, CAB046031, HPA063394"	Approved		Supported	Microtubules			NA	NA		100000000	"Cluster 21: Neutrophils - Unknown function"	"Cluster 14: Skeletal muscle - Muscle contraction"	"Cluster 15: Non-specific - Transcription"	"Cluster 35: RS4;11 - Unknown function"	"Cluster 34: Neurons - Neuronal signaling"	11	Microtubules		"CAB046031: AB_11124541, HPA043684: AB_2678617, HPA063394: AB_2685003"	"unprognostic (2.15e-1)"	"unprognostic (1.18e-1)"	"unprognostic (2.40e-1)"	"unprognostic (2.66e-2)"	"potential prognostic unfavorable (6.19e-4)"	"unprognostic (7.62e-2)"	"unprognostic (9.36e-2)"		"unprognostic (4.35e-2)"	"unprognostic (1.90e-2)"	"unprognostic (3.59e-2)"	"unprognostic (1.22e-1)"	"unprognostic (1.03e-1)"	"unprognostic (9.44e-2)"	"unprognostic (1.53e-2)"	"unprognostic (3.16e-1)"	"unprognostic (2.32e-1)"	"unprognostic (7.01e-3)"	"unprognostic (5.52e-2)"	"unprognostic (7.34e-2)"	"unprognostic (1.89e-2)"	"potential prognostic favorable (2.12e-4)"		"unprognostic (3.00e-2)"	"unprognostic (2.72e-2)"	"unprognostic (3.57e-2)"	"unprognostic (1.62e-1)"	"unprognostic (1.06e-2)"	"unprognostic (8.63e-2)"	"unprognostic (1.95e-2)"	"unprognostic (1.02e-3)"
TUBB1	dJ543J19.4	ENSG00000101162	"Tubulin beta 1 class VI"	Q9H4B7	20	59019429-59026654	"Disease related genes, FDA approved drug targets, Human disease related genes, Plasma proteins, Predicted intracellular proteins, Transporters"			"Disease variant, FDA approved drug targets"	"Evidence at protein level"	"Evidence at protein level"	"Evidence at protein level"	"Evidence at protein level"	"Tissue enhanced"	"Detected in some"		"bone marrow: 8.3;lymphoid tissue: 4.2"	"Cell type enhanced"	"Detected in some"		"Early spermatids: 16.2;Erythroid cells: 13.5;Late spermatids: 8.7;NK-cells: 5.2;Rod photoreceptor cells: 4.0;Schwann cells: 4.0"	"Not detected"	"Not detected"			"Not detected"	"Not detected"			"Low region specificity"	"Detected in all"			"Group enriched"	"Detected in many"	17	"basophil: 63.2;neutrophil: 26.0"	"Lineage enriched"	"Detected in many"	24	"granulocytes: 63.2"	"Cancer enhanced"	"Detected in some"		"Leukemia: 2.6"	"Spleen - Platelets, Testis - Late spermatids"	"Not detected"	"Not detected"			"Low region specificity"	"Detected in single"			"CAB004286, HPA043640, HPA046280"	Approved		Supported	"Microtubules,Cytokinetic bridge,Mitotic spindle,Primary cilium,Basal body,Flagellar centriole,Principal piece,End piece"			Yes	NA		90000000	"Cluster 21: Neutrophils - Unknown function"	"Cluster 81: Lymphoid tissue & Bone marrow - Innate immune response"	"Cluster 6: Non-specific - Immune response"	"Cluster 47: Leukemia - Hemostasis"	"Cluster 57: Platelets - Hemostasis"	19	Microtubules	"Cytokinetic bridge, Mitotic spindle, Primary cilium, Basal body, Flagellar centriole, Principal piece, End piece"	"CAB004286: AB_2288090, HPA043640: AB_2678594, HPA046280: AB_2679612"			"unprognostic (8.33e-2)"			"unprognostic (8.05e-2)"		"unprognostic (5.68e-2)"																		"unprognostic (3.40e-2)"					
UBALD2	"FAM100B, MGC29814"	ENSG00000185262	"UBA like domain containing 2"	Q8IYN6	17	76265348-76271298	"Predicted intracellular proteins"				"Evidence at protein level"	"Evidence at protein level"	"Evidence at protein level"	"Evidence at protein level"	"Tissue enhanced"	"Detected in all"		"bone marrow: 225.3"	"Cell type enhanced"	"Detected in all"		"monocytes: 305.1"	"Cell type enhanced"	"Detected in all"		"leukocyte: 66.4"	"Low cancer specificity"	"Detected in all"			"Low region specificity"	"Detected in all"			"Group enriched"	"Detected in many"	4	"basophil: 7.8;neutrophil: 29.3"	"Lineage enriched"	"Detected in all"	6	"granulocytes: 29.3"	"Low cancer specificity"	"Detected in all"				"Low region specificity"	"Detected in all"			"Low region specificity"	"Detected in all"			HPA023046	Uncertain						NA	Yes			"Cluster 21: Neutrophils - Unknown function"	"Cluster 19: Non-specific - Basic cellular processes"	"Cluster 6: Non-specific - Immune response"	"Cluster 55: Lymphoma - Immune response"	"Cluster 78: NK-cells & T-cells - Immune system & Transcription"				"HPA023046: AB_1848359"	"unprognostic (1.60e-1)"	"unprognostic (2.79e-1)"		"unprognostic (2.70e-1)"	"unprognostic (1.37e-1)"	"unprognostic (1.22e-3)"	"unprognostic (4.40e-2)"	"unprognostic (1.84e-2)"	"unprognostic (3.06e-2)"	"unprognostic (1.19e-3)"	"unprognostic (2.56e-2)"	"unprognostic (2.59e-1)"	"unprognostic (1.55e-1)"	"potential prognostic unfavorable (3.48e-6)"		"unprognostic (3.97e-3)"	"unprognostic (1.89e-3)"	"unprognostic (2.24e-1)"	"unprognostic (2.92e-1)"	"unprognostic (1.38e-1)"	"unprognostic (1.43e-1)"	"unprognostic (4.31e-2)"	"unprognostic (8.56e-2)"	"unprognostic (1.05e-2)"	"unprognostic (6.33e-2)"	"unprognostic (1.41e-1)"	"unprognostic (5.40e-2)"	"unprognostic (5.53e-2)"	"unprognostic (1.71e-1)"	"unprognostic (8.12e-2)"	"unprognostic (5.73e-2)"
WIPI1	"ATG18, ATG18A, FLJ10055, WIPI49"	ENSG00000070540	"WD repeat domain, phosphoinositide interacting 1"	Q5MNZ9	17	68420948-68457513	"Predicted intracellular proteins"	Autophagy			"Evidence at protein level"	"Evidence at protein level"	"Evidence at protein level"	"Evidence at protein level"	"Tissue enhanced"	"Detected in all"		"skeletal muscle: 122.7"	"Cell type enhanced"	"Detected in all"		"Extravillous trophoblasts: 190.1;Syncytiotrophoblasts: 167.7"	"Low cell type specificity"	"Detected in all"			"Low cancer specificity"	"Detected in all"			"Low region specificity"	"Detected in all"			"Group enriched"	"Detected in many"	4	"basophil: 114.9;eosinophil: 224.2"	"Lineage enriched"	"Detected in all"	9	"granulocytes: 224.2"	"Low cancer specificity"	"Detected in all"				"Low region specificity"	"Detected in all"			"Low region specificity"	"Detected in all"			"HPA007493, CAB037230"	Enhanced		Supported	"Nucleoplasm,Golgi apparatus,Cytosol"			NA	NA			"Cluster 22: Eosinophils - Transcription"	"Cluster 35: Non-specific - Mitochondria"	"Cluster 42: Choroid plexus - Mitochondria"	"Cluster 9: Skin cancer - Melanin biosynthesis"	"Cluster 77: Plasma cells - Protein processing"		"Golgi apparatus"	"Nucleoplasm, Cytosol"	"CAB037230: AB_1841265, HPA007493: AB_1848642"	"unprognostic (2.71e-1)"	"unprognostic (1.18e-1)"	"unprognostic (6.95e-2)"	"unprognostic (2.26e-1)"	"unprognostic (2.47e-2)"	"unprognostic (1.00e-1)"	"unprognostic (2.19e-2)"	"potential prognostic unfavorable (4.90e-4)"	"unprognostic (7.98e-2)"	"unprognostic (2.16e-3)"	"unprognostic (8.40e-2)"	"unprognostic (4.50e-2)"	"potential prognostic favorable (3.69e-4)"	"unprognostic (3.10e-3)"	"unprognostic (5.60e-3)"	"unprognostic (3.41e-1)"	"unprognostic (3.27e-2)"	"unprognostic (9.55e-2)"	"unprognostic (1.38e-1)"	"unprognostic (2.65e-1)"	"unprognostic (7.09e-2)"	"unprognostic (1.05e-1)"	"unprognostic (2.53e-1)"	"unprognostic (3.73e-1)"	"unprognostic (1.37e-1)"	"unprognostic (1.15e-1)"	"unprognostic (3.64e-2)"	"unprognostic (3.51e-3)"	"unprognostic (1.23e-1)"	"unprognostic (4.90e-2)"	"unprognostic (1.43e-1)"
XK	"Kx, NA, NAC, X1k, XKR1"	ENSG00000047597	"X-linked Kx blood group antigen, Kell and VPS13A binding protein"	P51811	X	37685791-37732130	"Blood group antigen proteins, Disease related genes, Human disease related genes, Potential drug targets, Predicted membrane proteins, Transporters"	"Amino-acid transport, Transport"	"Blood group antigen"	"Disease variant"	"Evidence at protein level"	"Evidence at transcript level"	"Evidence at protein level"	"Evidence at protein level"	"Tissue enhanced"	"Detected in many"		"bone marrow: 14.0;intestine: 11.8;stomach 1: 11.2"	"Cell type enhanced"	"Detected in many"		"Distal enterocytes: 25.9;Enteroendocrine cells: 13.7;Erythroid cells: 33.8;Gastric mucus-secreting cells: 17.7;Proximal enterocytes: 19.9"	"Low cell type specificity"	"Detected in many"			"Cancer enhanced"	"Detected in many"		"Rectum Adenocarcinoma (TCGA): 8.7"	"Low region specificity"	"Detected in all"			"Group enriched"	"Detected in some"	53	"basophil: 10.2;eosinophil: 5.8"	"Lineage enriched"	"Detected in single"	103	"granulocytes: 10.2"	"Cancer enhanced"	"Detected in many"		"Myeloma: 12.3"	"Adipose subcutaneous - Smooth muscle cells, Adipose visceral - Smooth muscle cells, Testis - Spermatocytes, Testis - Spermatogonia"	"Low region specificity"	"Detected in all"			"Low region specificity"	"Detected in all"			HPA019036	Approved		Approved	Nucleoplasm,Vesicles,Mitochondria			No	No			"Cluster 22: Eosinophils - Transcription"	"Cluster 25: Small intestine - Absorption"	"Cluster 1: Neurons - Mixed function"	"Cluster 47: Leukemia - Hemostasis"	"Cluster 1: Erythroid cells - Oxygen transport"		Mitochondria	"Nucleoplasm, Vesicles"	"HPA019036: AB_1846286"	"unprognostic (7.94e-3)"		"unprognostic (1.06e-1)"	"unprognostic (3.11e-1)"	"unprognostic (1.97e-3)"	"unprognostic (2.13e-1)"		"unprognostic (1.19e-3)"	"unprognostic (3.59e-1)"	"unprognostic (2.15e-3)"					"potential prognostic unfavorable (2.05e-4)"	"unprognostic (1.72e-1)"	"unprognostic (9.08e-3)"	"unprognostic (5.40e-3)"	"unprognostic (4.66e-2)"	"unprognostic (5.34e-2)"	"unprognostic (1.74e-1)"	"unprognostic (1.25e-2)"	"unprognostic (5.43e-3)"	"unprognostic (1.23e-1)"	"unprognostic (2.21e-1)"	"unprognostic (2.11e-1)"		"unprognostic (9.85e-2)"			"unprognostic (6.72e-2)"
YPEL3	MGC10500	ENSG00000090238	"Yippee like 3"	P61236	16	30092314-30096915	"Predicted intracellular proteins"				"Evidence at protein level"	"Evidence at transcript level"	"Evidence at transcript level"	"Evidence at protein level"	"Low tissue specificity"	"Detected in all"			"Low cell type specificity"	"Detected in all"			"Low cell type specificity"	"Detected in all"			"Low cancer specificity"	"Detected in all"			"Low region specificity"	"Detected in all"			"Group enriched"	"Detected in all"	6	"basophil: 23.2;eosinophil: 31.1;neutrophil: 47.6"	"Lineage enriched"	"Detected in all"	8	"granulocytes: 47.6"	"Low cancer specificity"	"Detected in all"				"Low region specificity"	"Detected in all"			"Low region specificity"	"Detected in all"			"HPA030501, HPA045621"	Uncertain						NA	NA			"Cluster 21: Neutrophils - Unknown function"	"Cluster 22: Brain - Synaptic signal transduction"	"Cluster 37: Neurons - Mixed function"	"Cluster 47: Leukemia - Hemostasis"	"Cluster 74: Neutrophils - Degranulation"				"HPA030501: AB_10602683, HPA045621: "	"unprognostic (8.95e-3)"	"unprognostic (3.29e-1)"	"unprognostic (1.92e-1)"	"unprognostic (3.55e-2)"	"unprognostic (9.65e-3)"	"unprognostic (1.71e-1)"	"unprognostic (2.62e-2)"	"unprognostic (1.08e-2)"	"unprognostic (2.03e-3)"	"unprognostic (4.22e-2)"	"unprognostic (1.98e-1)"	"unprognostic (1.30e-1)"	"unprognostic (7.72e-2)"	"unprognostic (1.03e-1)"	"unprognostic (2.38e-1)"	"unprognostic (2.85e-2)"	"unprognostic (2.75e-1)"	"unprognostic (1.37e-2)"	"unprognostic (6.51e-2)"	"unprognostic (1.75e-1)"	"unprognostic (3.88e-1)"	"unprognostic (4.11e-3)"	"unprognostic (1.04e-1)"	"unprognostic (3.57e-1)"	"unprognostic (4.93e-2)"	"unprognostic (5.02e-2)"	"unprognostic (5.11e-3)"	"unprognostic (9.57e-2)"	"unprognostic (1.00e-1)"	"unprognostic (1.39e-1)"	"unprognostic (2.68e-1)"
ZNF521	"EHZF, Evi3"	ENSG00000198795	"Zinc finger protein 521"	Q96K83	18	25061924-25352190	"Cancer-related genes, Disease related genes, Predicted intracellular proteins, Transcription factors"	"Differentiation, Transcription, Transcription regulation"	"Activator, Developmental protein, DNA-binding, Repressor"	"Cancer-related genes, Proto-oncogene"	"Evidence at protein level"	"Evidence at protein level"	"Evidence at protein level"	"Evidence at protein level"	"Tissue enhanced"	"Detected in all"		"brain: 62.7"	"Cell type enhanced"	"Detected in many"		"Astrocytes: 161.3;Lymphatic endothelial cells: 73.1;Microglial cells: 51.0;Oligodendrocyte precursor cells: 208.0;Oligodendrocytes: 97.3"	"Cell type enhanced"	"Detected in all"		"cerebellar inhibitory: 963.0;choroid plexus epithelial cell: 765.2;upper rhombic lip: 967.5"	"Cancer enhanced"	"Detected in many"		"Glioblastoma Multiforme (TCGA): 23.9"	"Region enhanced"	"Detected in all"		"cerebellum: 203.9"	"Group enriched"	"Detected in some"	6	"basophil: 11.4;plasmacytoid DC: 8.8"	"Group enriched"	"Detected in many"	6	"dendritic cells: 8.8;granulocytes: 11.4"	"Cancer enhanced"	"Detected in many"		"Leukemia: 17.1;Rhabdoid: 27.7"	"Lung - Fibroblast_2, Pituitary gland - Undifferentiated cells (Pituitary gland), Prostate - Endothelial cells, Spleen - Endothelial cells"	"Low region specificity"	"Detected in all"			"Region enriched"	"Detected in all"	6	"cerebellum: 66.7"	"HPA023056, HPA023849"	Enhanced		Enhanced	Nucleoplasm			NA	NA			"Cluster 8: Plasmacytoid DCs - Unknown function"	"Cluster 65: Cerebellum - Nervous system development"	"Cluster 25: Non-specific - Transcription"	"Cluster 14: Myeloid leukemia - Innate immune response"	"Cluster 76: Oligodendrocyte precursor - Unknown function"	5	Nucleoplasm		"HPA023056: AB_1859315, HPA023849: AB_1859316"	"unprognostic (7.77e-3)"	"unprognostic (6.42e-3)"	"unprognostic (1.64e-1)"	"unprognostic (1.08e-1)"	"unprognostic (4.35e-2)"	"unprognostic (4.22e-1)"	"unprognostic (1.07e-1)"	"unprognostic (6.58e-2)"	"unprognostic (8.98e-3)"	"unprognostic (5.20e-2)"	"potential prognostic favorable (1.84e-6)"	"unprognostic (4.43e-2)"				"unprognostic (1.31e-1)"	"unprognostic (1.11e-1)"	"unprognostic (2.72e-2)"	"unprognostic (9.04e-2)"	"unprognostic (5.15e-2)"	"unprognostic (1.18e-2)"	"unprognostic (1.30e-1)"	"unprognostic (1.41e-1)"	"unprognostic (1.28e-1)"	"unprognostic (1.82e-1)"	"unprognostic (3.50e-3)"	"unprognostic (6.33e-2)"	"potential prognostic unfavorable (6.91e-4)"	"unprognostic (1.95e-1)"	"unprognostic (2.88e-3)"	"unprognostic (3.14e-2)"
ZNF726	ZNF92P3	ENSG00000213967	"Zinc finger protein 726"	A6NNF4	19	23914876-23945159	"Predicted intracellular proteins, Transcription factors"	"Transcription, Transcription regulation"	DNA-binding		"Evidence at protein level"	"Evidence at transcript level"	"Evidence at protein level"	"Evidence at protein level"	"Low tissue specificity"	"Detected in many"			"Low cell type specificity"	"Detected in many"			"Low cell type specificity"	"Detected in many"			"Low cancer specificity"	"Detected in all"			"Low region specificity"	"Detected in all"			"Group enriched"	"Detected in many"	5	"basophil: 7.8;NK-cell: 3.3"	"Group enriched"	"Detected in many"	5	"granulocytes: 7.8;NK-cells: 3.3"	"Low cancer specificity"	"Detected in many"			"Pituitary gland - Undifferentiated cells (Pituitary gland), Skin - Sebaceous gland cells"																NA	NA			"Cluster 43: Non-specific - Transcription & Translation"	"Cluster 77: Bone marrow - Cell proliferation"	"Cluster 10: Cerebellum - Nucleic acid binding"	"Cluster 4: Non-specific - Transcription"	"Cluster 52: Non-specific - Cell proliferation"	1				"potential prognostic favorable (5.30e-5)"	"unprognostic (2.08e-1)"		"unprognostic (1.25e-1)"	"unprognostic (2.46e-2)"	"unprognostic (3.91e-3)"	"unprognostic (8.91e-2)"	"unprognostic (1.75e-2)"	"unprognostic (7.43e-2)"	"unprognostic (6.42e-2)"	"unprognostic (1.14e-1)"	"unprognostic (1.37e-1)"	"unprognostic (3.15e-2)"	"unprognostic (3.25e-3)"	"unprognostic (8.69e-3)"	"unprognostic (4.99e-2)"	"unprognostic (8.28e-2)"	"unprognostic (6.95e-2)"	"unprognostic (6.22e-2)"	"unprognostic (2.20e-2)"	"unprognostic (9.34e-2)"	"unprognostic (2.17e-1)"	"unprognostic (7.60e-2)"	"unprognostic (1.10e-2)"	"unprognostic (1.46e-1)"	"unprognostic (1.26e-1)"	"potential prognostic unfavorable (8.36e-4)"	"unprognostic (2.18e-1)"	"unprognostic (4.86e-1)"	"unprognostic (5.05e-1)"	"unprognostic (5.81e-2)"
