Gene	"Gene synonym"	Ensembl	"Gene description"	Uniprot	Chromosome	Position	"Protein class"	"Biological process"	"Molecular function"	"Disease involvement"	Evidence	"HPA evidence"	"UniProt evidence"	"NeXtProt evidence"	"RNA tissue specificity"	"RNA tissue distribution"	"RNA tissue specificity score"	"RNA tissue specific nTPM"	"RNA single cell type specificity"	"RNA single cell type distribution"	"RNA single cell type specificity score"	"RNA single cell type specific nTPM"	"RNA single nuclei brain specificity"	"RNA single nuclei brain distribution"	"RNA single nuclei brain specificity score"	"RNA single nuclei brain specific nTPM"	"RNA cancer specificity"	"RNA cancer distribution"	"RNA cancer specificity score"	"RNA cancer specific FPKM"	"RNA brain regional specificity"	"RNA brain regional distribution"	"RNA brain regional specificity score"	"RNA brain regional specific nTPM"	"RNA blood cell specificity"	"RNA blood cell distribution"	"RNA blood cell specificity score"	"RNA blood cell specific nTPM"	"RNA blood lineage specificity"	"RNA blood lineage distribution"	"RNA blood lineage specificity score"	"RNA blood lineage specific nTPM"	"RNA cell line specificity"	"RNA cell line distribution"	"RNA cell line specificity score"	"RNA cell line specific nTPM"	"RNA tissue cell type enrichment"	"RNA mouse brain regional specificity"	"RNA mouse brain regional distribution"	"RNA mouse brain regional specificity score"	"RNA mouse brain regional specific nTPM"	"RNA pig brain regional specificity"	"RNA pig brain regional distribution"	"RNA pig brain regional specificity score"	"RNA pig brain regional specific nTPM"	Antibody	"Reliability (IH)"	"Reliability (Mouse Brain)"	"Reliability (IF)"	"Subcellular location"	"Secretome location"	"Secretome function"	"CCD Protein"	"CCD Transcript"	"Blood concentration - Conc. blood IM [pg/L]"	"Blood concentration - Conc. blood MS [pg/L]"	"Blood expression cluster"	"Tissue expression cluster"	"Brain expression cluster"	"Cell line expression cluster"	"Single cell expression cluster"	Interactions	"Subcellular main location"	"Subcellular additional location"	"Antibody RRID"	"Cancer prognostics - Bladder Urothelial Carcinoma (TCGA)"	"Cancer prognostics - Breast Invasive Carcinoma (TCGA)"	"Cancer prognostics - Breast Invasive Carcinoma (validation)"	"Cancer prognostics - Cervical Squamous Cell Carcinoma and Endocervical Adenocarcinoma (TCGA)"	"Cancer prognostics - Colon Adenocarcinoma (TCGA)"	"Cancer prognostics - Colon Adenocarcinoma (validation)"	"Cancer prognostics - Glioblastoma Multiforme (TCGA)"	"Cancer prognostics - Glioblastoma Multiforme (validation)"	"Cancer prognostics - Head and Neck Squamous Cell Carcinoma (TCGA)"	"Cancer prognostics - Kidney Chromophobe (TCGA)"	"Cancer prognostics - Kidney Renal Clear Cell Carcinoma (TCGA)"	"Cancer prognostics - Kidney Renal Clear Cell Carcinoma (validation)"	"Cancer prognostics - Kidney Renal Papillary Cell Carcinoma (TCGA)"	"Cancer prognostics - Liver Hepatocellular Carcinoma (TCGA)"	"Cancer prognostics - Liver Hepatocellular Carcinoma (validation)"	"Cancer prognostics - Lung Adenocarcinoma (TCGA)"	"Cancer prognostics - Lung Adenocarcinoma (validation)"	"Cancer prognostics - Lung Squamous Cell Carcinoma (TCGA)"	"Cancer prognostics - Lung Squamous Cell Carcinoma (validation)"	"Cancer prognostics - Ovary Serous Cystadenocarcinoma (TCGA)"	"Cancer prognostics - Ovary Serous Cystadenocarcinoma (validation)"	"Cancer prognostics - Pancreatic Adenocarcinoma (TCGA)"	"Cancer prognostics - Pancreatic Adenocarcinoma (validation)"	"Cancer prognostics - Prostate Adenocarcinoma (TCGA)"	"Cancer prognostics - Rectum Adenocarcinoma (TCGA)"	"Cancer prognostics - Rectum Adenocarcinoma (validation)"	"Cancer prognostics - Skin Cuteneous Melanoma (TCGA)"	"Cancer prognostics - Stomach Adenocarcinoma (TCGA)"	"Cancer prognostics - Testicular Germ Cell Tumor (TCGA)"	"Cancer prognostics - Thyroid Carcinoma (TCGA)"	"Cancer prognostics - Uterine Corpus Endometrial Carcinoma (TCGA)"
MPO		ENSG00000005381	Myeloperoxidase	P05164	17	58269855-58280935	"Cancer-related genes, Candidate cardiovascular disease genes, Disease related genes, Enzymes, Human disease related genes, Metabolic proteins, Plasma proteins, Potential drug targets, Predicted intracellular proteins"	"Hydrogen peroxide"	"Oxidoreductase, Peroxidase"	"Cancer-related genes, Disease variant"	"Evidence at protein level"	"Evidence at protein level"	"Evidence at protein level"	"Evidence at protein level"	"Tissue enriched"	"Detected in some"	160	"bone marrow: 3400.6"	"Cell type enriched"	"Detected in some"	17	"Erythroid cells: 69.6"	"Cell type enhanced"	"Detected in some"		"leukocyte: 2.5"	"Cancer enhanced"	"Detected in single"		"Stomach Adenocarcinoma (TCGA): 2.0"	"Not detected"	"Not detected"			"Immune cell enhanced"	"Detected in single"		"classical monocyte: 1.2"	"Low lineage specificity"	"Detected in single"			"Cancer enriched"	"Detected in some"	776	"Leukemia: 854.7"	"Lung - Neutrophil_1, Minor Salivary Gland - Minor salivary glandular cells, Spleen - Hematopoietic stem cells"	"Not detected"	"Not detected"			"Not detected"	"Not detected"			"CAB000059, HPA021147, HPA061464, CAB080352, CAB080353, CAB080354"	Enhanced		Supported	Nucleoplasm,Vesicles	"Intracellular and membrane"	Enzyme	No	NA		84000000	"Cluster 38: Monocytes & Neutrophils - Degranulation"	"Cluster 6: Bone marrow - Innate immune response"		"Cluster 14: Myeloid leukemia - Innate immune response"	"Cluster 74: Neutrophils - Degranulation"	2	Vesicles	Nucleoplasm	"CAB000059: AB_2335676, CAB080352: , CAB080353: , CAB080354: , HPA021147: AB_1854083, HPA061464: AB_2684531"																												"potential prognostic unfavorable (7.87e-4)"			
AMY2B	AMY2	ENSG00000240038	"Amylase alpha 2B"	P19961	1	103553815-103579534	"Enzymes, Metabolic proteins, Plasma proteins, Predicted secreted proteins"	"Carbohydrate metabolism"	"Glycosidase, Hydrolase"		"Evidence at protein level"	"Evidence at protein level"	"Evidence at protein level"	"Evidence at protein level"	"Tissue enriched"	"Detected in all"	128	"pancreas: 33913.0"	"Cell type enriched"	"Detected in many"	7	"Serous glandular cells: 471.9"	"Low cell type specificity"	"Detected in all"			"Cancer enriched"	"Detected in all"	16	"Pancreatic Adenocarcinoma (TCGA): 228.2"	"Low region specificity"	"Detected in all"			"Immune cell enhanced"	"Detected in many"		"classical monocyte: 5.3"	"Low lineage specificity"	"Detected in many"			"Low cancer specificity"	"Detected in many"			"Pancreas - Exocrine glandular cells"									"HPA045394, HPA045399, HPA046980"	Supported		Approved	"Golgi apparatus,Cytosol"	"Secreted to digestive system"	Enzyme	NA	NA			"Cluster 40: Monocytes - Innate immune response"	"Cluster 15: Pancreas - Proteolysis"	"Cluster 15: Non-specific - Transcription"	"Cluster 56: Non-specific - Sensory perception"	"Cluster 60: Pancreatic exocrine cells - Proteolysis"	2	"Golgi apparatus, Cytosol"		"HPA045394: AB_2679311, HPA045399: AB_2679313, HPA046980: AB_2679889"	"unprognostic (7.59e-3)"	"unprognostic (1.20e-2)"	"unprognostic (1.49e-1)"	"unprognostic (1.56e-2)"	"unprognostic (8.00e-2)"	"unprognostic (2.27e-2)"	"unprognostic (1.13e-1)"	"potential prognostic favorable (4.78e-4)"	"potential prognostic favorable (4.55e-4)"	"unprognostic (4.15e-2)"	"unprognostic (2.37e-3)"	"unprognostic (3.85e-3)"	"unprognostic (3.75e-2)"	"unprognostic (1.94e-3)"	"potential prognostic favorable (7.45e-5)"	"unprognostic (3.47e-2)"	"unprognostic (9.56e-2)"	"unprognostic (1.02e-1)"	"unprognostic (1.07e-1)"	"unprognostic (4.19e-1)"	"unprognostic (1.39e-1)"	"unprognostic (5.71e-2)"	"unprognostic (3.03e-2)"	"unprognostic (2.74e-1)"	"unprognostic (4.38e-2)"	"potential prognostic favorable (6.43e-4)"	"unprognostic (5.76e-2)"	"unprognostic (4.38e-2)"	"unprognostic (8.65e-3)"	"unprognostic (3.44e-1)"	"unprognostic (2.61e-1)"
ANG	"RAA1, RNASE5"	ENSG00000214274	Angiogenin	P03950	14	20684177-20698971	"Cancer-related genes, Disease related genes, Human disease related genes, Plasma proteins, Predicted secreted proteins"	"Angiogenesis, Differentiation, Stress response"	"Developmental protein, DNA-binding, Endonuclease, Hydrolase, Nuclease, Protein synthesis inhibitor"	"Amyotrophic lateral sclerosis, Cancer-related genes, Disease variant, Neurodegeneration"	"Evidence at protein level"	"Evidence at transcript level"	"Evidence at protein level"	"Evidence at protein level"	"Tissue enriched"	"Detected in all"	52	"liver: 2920.4"	"Cell type enriched"	"Detected in many"	25	"Hepatocytes: 5169.3"	"Not detected"	"Not detected"			"Cancer enriched"	"Detected in all"	16	"Liver Hepatocellular Carcinoma (TCGA): 832.0"	"Low region specificity"	"Detected in all"			"Immune cell enhanced"	"Detected in many"		"classical monocyte: 24.6;myeloid DC: 14.6"	"Low lineage specificity"	"Detected in many"			"Low cancer specificity"	"Detected in all"			"Heart muscle - Fibroblasts, Liver - Hepatocytes, Liver - Hepatocytes, Minor Salivary Gland - Minor salivary glandular cells, Stomach - Gastric mucous cells, Testis - Sertoli cells"	"Low region specificity"	"Detected in all"			"Low region specificity"	"Detected in all"			HPA055896			Approved	"Nucleoli,Nucleoli rim,Mitotic chromosome,Actin filaments"	"Secreted to blood"	"Developmental protein"	Yes	No	308000000	260000000	"Cluster 2: Dendritic cells - Unknown function"	"Cluster 31: Liver - Plasma proteins"	"Cluster 39: Astrocytes - Mixed function"	"Cluster 2: Mucus-secreting cells - Unknown function"	"Cluster 43: Hepatocytes - Metabolism"	8	"Nucleoli, Nucleoli rim, Mitotic chromosome"	"Actin filaments"	"HPA055896: "	"unprognostic (1.19e-1)"	"unprognostic (3.18e-1)"	"unprognostic (3.94e-2)"	"unprognostic (2.67e-2)"	"unprognostic (1.24e-1)"	"unprognostic (2.28e-1)"	"potential prognostic unfavorable (6.12e-4)"	"unprognostic (1.03e-2)"	"unprognostic (6.63e-2)"	"unprognostic (3.33e-2)"	"validated prognostic favorable (3.36e-5)"	"validated prognostic favorable (1.49e-5)"	"unprognostic (3.77e-2)"	"validated prognostic favorable (6.44e-5)"	"validated prognostic favorable (5.12e-4)"	"unprognostic (7.07e-2)"	"unprognostic (2.40e-1)"	"unprognostic (4.10e-2)"	"unprognostic (1.98e-1)"	"unprognostic (9.17e-2)"	"unprognostic (1.14e-1)"	"unprognostic (2.95e-1)"	"unprognostic (1.50e-2)"	"unprognostic (3.32e-1)"	"unprognostic (2.61e-1)"	"potential prognostic unfavorable (5.52e-7)"	"unprognostic (4.00e-2)"	"unprognostic (1.25e-2)"	"unprognostic (1.09e-1)"	"unprognostic (8.43e-2)"	"unprognostic (5.96e-2)"
IL27	"IL-27, IL-27A, IL27A, IL27p28, IL30, MGC71873, p28"	ENSG00000197272	"Interleukin 27"	Q8NEV9	16	28499362-28512051	"Predicted intracellular proteins, Predicted secreted proteins"	"Immunity, Inflammatory response, Innate immunity"	"Antiviral protein, Cytokine"		"Evidence at protein level"	"Evidence at transcript level"	"Evidence at protein level"	"Evidence at protein level"	"Tissue enriched"	"Detected in some"	15	"liver: 26.1"	"Group enriched"	"Detected in some"	6	"Hepatocytes: 16.5;Syncytiotrophoblasts: 31.1"	"Cell type enhanced"	"Detected in some"		"central nervous system macrophage: 1.5;deep-layer near-projecting: 1.3"	"Cancer enriched"	"Detected in some"	8	"Liver Hepatocellular Carcinoma (TCGA): 8.4"	"Low region specificity"	"Detected in many"			"Immune cell enhanced"	"Detected in some"		"classical monocyte: 3.6;intermediate monocyte: 3.8"	"Low lineage specificity"	"Detected in many"			"Not detected"	"Not detected"			"Liver - Hepatocytes"	"Not detected"	"Not detected"			"Not detected"	"Not detected"			CAB024722	Approved				"Secreted to blood"	Interleukin	NA	NA	521000		"Cluster 38: Monocytes & Neutrophils - Degranulation"	"Cluster 83: Liver - Metabolism"	"Cluster 10: Cerebellum - Nucleic acid binding"	"Cluster 34: Testis cancer - Unknown function"	"Cluster 27: Syncytiotrophoblasts - Pregnancy"	1			"CAB024722: "			"unprognostic (1.23e-1)"											"unprognostic (1.18e-3)"	"potential prognostic favorable (5.18e-4)"														"potential prognostic unfavorable (5.85e-4)"		
OLFM1	"AMY, NOE1, NOELIN, OlfA"	ENSG00000130558	"Olfactomedin 1"	Q99784	9	135075422-135121180	"Plasma proteins, Predicted intracellular proteins, Predicted secreted proteins, Transporters"		"Developmental protein"		"Evidence at protein level"	"Evidence at transcript level"	"Evidence at protein level"	"Evidence at protein level"	"Tissue enriched"	"Detected in many"	12	"brain: 943.6"	"Cell type enhanced"	"Detected in many"		"Cone photoreceptor cells: 93.5;Endothelial cells: 104.4;Excitatory neurons: 186.8;Inhibitory neurons: 67.0;Schwann cells: 73.3"	"Cell type enhanced"	"Detected in all"		"hippocampal dentate gyrus: 388.1"	"Cancer enhanced"	"Detected in all"		"Glioblastoma Multiforme (TCGA): 110.1"	"Low region specificity"	"Detected in all"			"Immune cell enhanced"	"Detected in some"		"classical monocyte: 1.8;intermediate monocyte: 2.8;myeloid DC: 2.6"	"Group enriched"	"Detected in many"	27	"dendritic cells: 2.6;monocytes: 2.8"	"Cancer enhanced"	"Detected in many"		"Bone cancer: 111.1;Neuroblastoma: 78.3"	"Kidney - Fibroblasts, Lung - Fibroblast_2, Pituitary gland - Lactotropes"	"Low region specificity"	"Detected in all"			"Low region specificity"	"Detected in all"			HPA057444			Approved	Nucleoplasm,Nucleoli,Cytosol	"Secreted in brain"	"Developmental protein"	NA	NA		170000000	"Cluster 38: Monocytes & Neutrophils - Degranulation"	"Cluster 61: Brain - Neuronal signaling"	"Cluster 53: Neurons - Mixed function"	"Cluster 12: Bone cancer - Neuronal signaling"	"Cluster 34: Neurons - Neuronal signaling"	1	Nucleoli	"Nucleoplasm, Cytosol"	"HPA057444: AB_2683443"	"unprognostic (8.23e-2)"	"unprognostic (2.43e-1)"	"unprognostic (7.64e-3)"	"unprognostic (9.27e-3)"	"unprognostic (4.79e-1)"	"unprognostic (9.40e-2)"	"unprognostic (1.03e-3)"	"unprognostic (1.61e-1)"	"unprognostic (2.08e-1)"	"unprognostic (7.75e-3)"	"unprognostic (3.81e-1)"	"unprognostic (1.19e-2)"	"unprognostic (3.08e-1)"	"unprognostic (3.17e-1)"	"potential prognostic favorable (1.16e-4)"	"unprognostic (1.11e-3)"	"unprognostic (8.47e-2)"	"unprognostic (5.46e-2)"	"unprognostic (4.35e-2)"	"unprognostic (2.47e-2)"	"unprognostic (8.02e-3)"	"unprognostic (2.05e-3)"	"unprognostic (3.85e-2)"	"unprognostic (2.43e-1)"	"unprognostic (2.10e-1)"	"unprognostic (5.28e-2)"	"unprognostic (2.10e-1)"	"unprognostic (1.85e-1)"	"unprognostic (9.67e-2)"	"unprognostic (6.99e-2)"	"unprognostic (1.47e-1)"
RNASE1	"RAC1, RNS1"	ENSG00000129538	"Ribonuclease A family member 1, pancreatic"	P07998	14	20801228-20802855	"Enzymes, Plasma proteins, Predicted intracellular proteins, Predicted secreted proteins"		"Endonuclease, Hydrolase, Lyase, Nuclease"		"Evidence at protein level"	"Evidence at protein level"	"Evidence at protein level"	"Evidence at protein level"	"Tissue enriched"	"Detected in all"	9	"pancreas: 8831.6"	"Cell type enhanced"	"Detected in many"		"Adipocytes: 775.0;Alveolar cells type 1: 1360.4;Alveolar cells type 2: 1066.1;Gastric mucus-secreting cells: 767.6;Hofbauer cells: 1650.7;Macrophages: 1284.0"	"Cell type enhanced"	"Detected in many"		"endothelial cell: 294.3;oligodendrocyte: 446.3"	"Low cancer specificity"	"Detected in all"			"Low region specificity"	"Detected in all"			"Immune cell enhanced"	"Detected in some"		"classical monocyte: 9.7;myeloid DC: 20.3"	"Group enriched"	"Detected in many"	9	"dendritic cells: 20.3;monocytes: 9.7"	"Cancer enhanced"	"Detected in many"		"Bile duct cancer: 78.8;pancreatic cancer: 57.9;skin cancer: 60.1"	"Adipose subcutaneous - Macrophages, Adipose visceral - Macrophages, Adrenal gland - Macrophages, Breast - Macrophages, Colon - Macrophages, Minor Salivary Gland - Macrophages, Pancreas - Exocrine glandular cells, Skeletal muscle - Macrophages, Testis - Sertoli cells, Thyroid gland - Macrophages"	"Low region specificity"	"Detected in many"			"Low region specificity"	"Detected in all"			HPA001140	Enhanced		Approved	Nucleoplasm,Vesicles	"Secreted to digestive system"	Enzyme	NA	NA		640000000	"Cluster 2: Dendritic cells - Unknown function"	"Cluster 15: Pancreas - Proteolysis"	"Cluster 11: White matter - Signal transduction"	"Cluster 69: Skin cancer - ECM organization"	"Cluster 58: Macrophages - Innate immune response"	5	Vesicles	Nucleoplasm	"HPA001140: AB_1079816"	"unprognostic (2.07e-1)"	"unprognostic (6.52e-3)"	"unprognostic (5.11e-1)"	"unprognostic (1.12e-1)"	"unprognostic (1.01e-1)"	"unprognostic (6.47e-2)"	"unprognostic (2.56e-3)"	"unprognostic (5.30e-2)"	"unprognostic (1.05e-1)"	"unprognostic (1.87e-2)"	"validated prognostic favorable (2.80e-4)"	"validated prognostic favorable (1.02e-4)"	"unprognostic (3.23e-1)"	"unprognostic (1.22e-3)"	"unprognostic (1.70e-1)"	"potential prognostic favorable (3.07e-4)"	"unprognostic (1.89e-1)"	"unprognostic (1.66e-2)"	"unprognostic (6.28e-2)"	"unprognostic (5.67e-2)"	"unprognostic (1.65e-1)"	"unprognostic (1.38e-1)"	"unprognostic (1.15e-2)"	"unprognostic (3.46e-2)"	"unprognostic (2.48e-3)"	"unprognostic (1.68e-1)"	"unprognostic (2.78e-2)"	"unprognostic (1.14e-3)"	"unprognostic (1.64e-1)"	"unprognostic (6.00e-2)"	"unprognostic (7.50e-2)"
C9orf153	bA507D14.1	ENSG00000187753	"Chromosome 9 open reading frame 153"	Q5TBE3	9	86220265-86259657	"Predicted intracellular proteins"				"Evidence at protein level"	"Evidence at transcript level"	"Evidence at protein level"	"Evidence at protein level"	"Tissue enriched"	"Detected in some"	8	"testis: 20.0"	"Group enriched"	"Detected in some"	36	"Early spermatids: 388.9;Late spermatids: 290.1"	"Cell type enhanced"	"Detected in all"		"pericyte: 40.5"	"Low cancer specificity"	"Detected in single"			"Low region specificity"	"Detected in all"			"Immune cell enhanced"	"Detected in some"		"classical monocyte: 1.6"	"Low lineage specificity"	"Detected in many"			"Not detected"	"Not detected"			"Testis - Early spermatids, Testis - Late spermatids"									HPA079466			Approved	"Nucleoplasm,Nuclear bodies,Vesicles,Plasma membrane"			NA	NA			"Cluster 38: Monocytes & Neutrophils - Degranulation"	"Cluster 42: Testis - Spermatogenesis"	"Cluster 9: Non-specific - Receptor signaling"	"Cluster 56: Non-specific - Sensory perception"	"Cluster 13: Spermatids - Transcription"		"Nuclear bodies, Plasma membrane"	"Nucleoplasm, Vesicles"	"HPA079466: "						"unprognostic (4.28e-2)"		"unprognostic (3.79e-2)"																		"unprognostic (4.01e-2)"					"unprognostic (5.98e-2)"
CDHR4	"CDH29, VLLR9392"	ENSG00000187492	"Cadherin related family member 4"	A6H8M9	3	49790732-49799873	"Predicted intracellular proteins, Predicted membrane proteins"	"Cell adhesion"			"Evidence at protein level"	"Evidence at protein level"	"Evidence at transcript level"	"Evidence at protein level"	"Tissue enriched"	"Detected in some"	8	"fallopian tube: 57.4"	"Cell type enriched"	"Detected in some"	16	"Ciliated cells: 107.6"	"Cell type enriched"	"Detected in single"	101	"ependymal cell: 40.1"	"Cancer enriched"	"Detected in many"	5	"Uterine Corpus Endometrial Carcinoma (TCGA): 17.6"	"Low region specificity"	"Detected in all"			"Immune cell enhanced"	"Detected in some"		"classical monocyte: 2.0"	"Low lineage specificity"	"Detected in many"			"Not detected"	"Not detected"			"Adipose subcutaneous - Adipose progenitor cells, Lung - Respiratory ciliated cells, Testis - Early spermatids, Thyroid gland - Fibroblasts"	"Low region specificity"	"Detected in many"			"Low region specificity"	"Detected in some"			HPA076277	Enhanced				"Intracellular and membrane"	"Cell adhesion"	NA	NA			"Cluster 38: Monocytes & Neutrophils - Degranulation"	"Cluster 59: Fallopian tube - Tissue development"	"Cluster 46: Brainstem - Mixed function"	"Cluster 3: Rhabdoid - Membrane components"	"Cluster 42: Ciliated cells - Cilium assembly"				"HPA076277: AB_2732306"		"unprognostic (2.68e-3)"	"unprognostic (2.58e-1)"	"unprognostic (1.23e-2)"									"unprognostic (2.40e-1)"			"unprognostic (1.84e-1)"	"unprognostic (1.64e-1)"	"unprognostic (2.95e-1)"	"unprognostic (1.91e-1)"	"unprognostic (5.33e-2)"	"unprognostic (5.92e-2)"		"unprognostic (1.22e-1)"	"unprognostic (1.94e-2)"							"unprognostic (3.01e-2)"
MYO7B		ENSG00000169994	"Myosin VIIB"	Q6PIF6	2	127535683-127637729	"Predicted intracellular proteins"	Differentiation	"Actin-binding, Motor protein, Myosin"		"Evidence at protein level"	"Evidence at protein level"	"Evidence at protein level"	"Evidence at protein level"	"Tissue enriched"	"Detected in some"	8	"intestine: 76.3"	"Cell type enhanced"	"Detected in some"		"Distal enterocytes: 94.5;Enteroendocrine cells: 33.7;Intestinal goblet cells: 59.2;Paneth cells: 51.7;Proximal enterocytes: 138.3"	"Cell type enhanced"	"Detected in some"		"committed oligodendrocyte precursor: 11.2;oligodendrocyte precursor cell: 8.1"	"Group enriched"	"Detected in many"	4	"Colon Adenocarcinoma (TCGA): 49.3;Kidney Renal Papillary Cell Carcinoma (TCGA): 15.8;Pancreatic Adenocarcinoma (TCGA): 13.7;Rectum Adenocarcinoma (TCGA): 42.5;Stomach Adenocarcinoma (TCGA): 27.4"	"Low region specificity"	"Detected in some"			"Immune cell enhanced"	"Detected in some"		"classical monocyte: 5.7;naive B-cell: 5.9"	"Group enriched"	"Detected in many"	22	"B-cells: 5.9;dendritic cells: 2.6;monocytes: 5.7"	"Cancer enhanced"	"Detected in many"		"colorectal cancer: 10.1;Leukemia: 24.4"	"Kidney - Proximal tubular cells, Liver - Vascular Endothelial cells, Pancreas - Ductal cells, Skin - Keratinocyte (granular)"	"Not detected"	"Not detected"			"Not detected"	"Not detected"			HPA039131	Enhanced						NA	NA			"Cluster 2: Dendritic cells - Unknown function"	"Cluster 25: Small intestine - Absorption"	"Cluster 41: Monoamines - Neurotransmitter signalling"	"Cluster 59: Leukemia - T-cell receptor"	"Cluster 22: Proximal enterocytes - Digestion"	1			"HPA039131: AB_10672771"			"unprognostic (7.76e-3)"	"unprognostic (5.52e-2)"	"unprognostic (1.46e-3)"	"unprognostic (4.33e-2)"	"unprognostic (8.20e-2)"	"unprognostic (1.22e-1)"	"unprognostic (2.37e-2)"	"unprognostic (5.77e-2)"	"validated prognostic favorable (7.99e-6)"	"validated prognostic favorable (1.01e-4)"	"unprognostic (4.18e-2)"	"unprognostic (6.13e-2)"	"unprognostic (1.28e-3)"							"unprognostic (9.47e-2)"	"unprognostic (1.10e-1)"		"unprognostic (6.27e-2)"	"unprognostic (3.30e-2)"		"unprognostic (4.19e-3)"	"unprognostic (2.16e-1)"		
ENSG00000269711		ENSG00000269711	"Novel protein"		19	7678501-7682854	"Predicted intracellular proteins"				"Evidence at transcript level"	"Evidence at transcript level"			"Group enriched"	"Detected in many"	7	"bone marrow: 21.8;intestine: 7.5;lung: 17.8;lymphoid tissue: 11.9"	"Not detected"	"Not detected"							"Cancer enhanced"	"Detected in many"		"Lung Adenocarcinoma (TCGA): 9.6"	"Low region specificity"	"Detected in some"			"Immune cell enhanced"	"Detected in many"		"classical monocyte: 192.8;neutrophil: 82.3"	"Low lineage specificity"	"Detected in many"			"Cancer enriched"	"Detected in single"	5	"Leukemia: 4.8"																	NA	NA			"Cluster 38: Monocytes & Neutrophils - Degranulation"	"Cluster 81: Lymphoid tissue & Bone marrow - Innate immune response"	"Cluster 32: Cerebral cortex - Mixed function"	"Cluster 14: Myeloid leukemia - Innate immune response"	"Cluster 29: Monocytes - Innate immune response"						"unprognostic (9.03e-2)"			"unprognostic (5.08e-2)"	"unprognostic (9.33e-2)"	"potential prognostic unfavorable (7.34e-4)"		"unprognostic (1.15e-3)"		"unprognostic (9.19e-2)"	"unprognostic (1.24e-1)"	"unprognostic (1.11e-1)"			"unprognostic (4.27e-3)"		"unprognostic (2.84e-3)"				"unprognostic (9.24e-3)"			"unprognostic (4.87e-2)"	"unprognostic (8.25e-2)"		"unprognostic (3.28e-2)"		"unprognostic (1.31e-2)"	
FCN1	FCNM	ENSG00000085265	"Ficolin 1"	O00602	9	134903232-134917912	"Plasma proteins, Predicted secreted proteins"	"Immunity, Innate immunity"			"Evidence at protein level"	"Evidence at protein level"	"Evidence at protein level"	"Evidence at protein level"	"Group enriched"	"Detected in many"	7	"bone marrow: 157.1;lung: 41.8;lymphoid tissue: 86.0"	"Group enriched"	"Detected in many"	6	"Hofbauer cells: 754.4;Kupffer cells: 531.0;Macrophages: 490.5;monocytes: 1059.1"	"Cell type enriched"	"Detected in single"	606	"leukocyte: 101.1"	"Low cancer specificity"	"Detected in many"			"Low region specificity"	"Detected in all"			"Immune cell enhanced"	"Detected in all"		"classical monocyte: 1694.0;intermediate monocyte: 1189.2"	"Lineage enhanced"	"Detected in all"		"monocytes: 1694.0"	"Cancer enriched"	"Detected in single"	7	"Leukemia: 1.1"	"Adipose visceral - Neutrophils, Lung - Neutrophil_2"	"Not detected"	"Not detected"			"Not detected"	"Not detected"			"HPA000685, HPA001295, CAB016760"	Enhanced				"Secreted to blood"	Immunity	NA	NA	1060000000	27000000	"Cluster 38: Monocytes & Neutrophils - Degranulation"	"Cluster 81: Lymphoid tissue & Bone marrow - Innate immune response"	"Cluster 48: Non-specific - Mixed function"	"Cluster 14: Myeloid leukemia - Innate immune response"	"Cluster 29: Monocytes - Innate immune response"	13			"CAB016760: , HPA000685: AB_1078840, HPA001295: AB_1078842"	"unprognostic (5.76e-2)"		"unprognostic (1.62e-2)"			"unprognostic (2.27e-1)"		"unprognostic (9.34e-2)"			"unprognostic (1.42e-1)"	"unprognostic (7.87e-2)"	"unprognostic (6.55e-2)"		"unprognostic (9.51e-2)"	"potential prognostic favorable (8.48e-4)"	"unprognostic (5.71e-2)"	"unprognostic (3.04e-2)"	"unprognostic (1.66e-1)"	"unprognostic (7.54e-3)"	"unprognostic (1.38e-2)"	"unprognostic (2.24e-2)"	"unprognostic (1.82e-1)"			"unprognostic (2.11e-1)"	"unprognostic (3.04e-1)"	"unprognostic (2.17e-3)"	"unprognostic (1.72e-2)"		"unprognostic (2.46e-2)"
VNN1	Tiff66	ENSG00000112299	"Vanin 1"	O95497	6	132680849-132714055	"Enzymes, Metabolic proteins, Plasma proteins, Predicted intracellular proteins"		Hydrolase		"Evidence at protein level"	"Evidence at transcript level"	"Evidence at protein level"	"Evidence at protein level"	"Group enriched"	"Detected in many"	7	"gallbladder: 86.2;intestine: 132.5;liver: 212.1"	"Cell type enhanced"	"Detected in many"		"Cholangiocytes: 55.3;Ductal cells: 259.1;Exocrine glandular cells: 71.0;Hepatocytes: 67.5;monocytes: 181.9;Proximal enterocytes: 52.0"	"Group enriched"	"Detected in some"	10	"central nervous system macrophage: 5.0;leukocyte: 16.8"	"Cancer enhanced"	"Detected in many"		"Liver Hepatocellular Carcinoma (TCGA): 40.5"	"Low region specificity"	"Detected in all"			"Immune cell enhanced"	"Detected in many"		"classical monocyte: 13.7;non-classical monocyte: 12.0"	"Group enriched"	"Detected in many"	80	"dendritic cells: 5.0;granulocytes: 8.5;monocytes: 13.7"	"Cancer enhanced"	"Detected in many"		"liver cancer: 13.2;thyroid cancer: 9.6"	"Adipose subcutaneous - Macrophages, Adrenal gland - Macrophages, Colon - Macrophages, Kidney - Proximal tubular cells, Lung - Neutrophil_2, Minor Salivary Gland - Minor salivary glandular cells, Spleen - Neutrophils"	"Region enhanced"	"Detected in single"		"white matter: 2.4"	"Not detected"	"Not detected"			"HPA046103, HPA064145"	Approved		Approved	Vesicles	"Intracellular and membrane"	Enzyme	NA	NA		550000000	"Cluster 38: Monocytes & Neutrophils - Degranulation"	"Cluster 37: Liver & Intestine - Lipid metabolism"	"Cluster 6: Non-specific - Immune response"	"Cluster 7: Liver cancer - Metabolism"	"Cluster 45: Non-specific - Mixed function"		Vesicles		"HPA046103: , HPA064145: AB_2685197"	"unprognostic (2.67e-2)"		"unprognostic (1.44e-1)"	"unprognostic (8.17e-3)"	"unprognostic (1.02e-2)"	"unprognostic (1.65e-2)"		"unprognostic (1.49e-2)"	"unprognostic (6.86e-3)"		"unprognostic (5.59e-2)"	"unprognostic (1.72e-2)"	"unprognostic (2.30e-2)"	"unprognostic (1.56e-1)"	"unprognostic (1.35e-1)"	"potential prognostic unfavorable (7.45e-4)"	"unprognostic (1.37e-1)"	"unprognostic (5.43e-2)"	"unprognostic (1.04e-1)"	"unprognostic (2.60e-3)"	"unprognostic (5.83e-2)"	"unprognostic (1.14e-2)"	"unprognostic (1.71e-2)"		"unprognostic (2.98e-1)"	"unprognostic (3.42e-1)"		"unprognostic (3.48e-2)"	"unprognostic (5.36e-2)"		"potential prognostic unfavorable (5.64e-4)"
ARHGAP22	RhoGAP2	ENSG00000128805	"Rho GTPase activating protein 22"	Q7Z5H3	10	48446036-48656265	"Predicted intracellular proteins"	"Angiogenesis, Differentiation, Transcription, Transcription regulation"	"Developmental protein, GTPase activation"		"Evidence at protein level"	"Evidence at protein level"	"Evidence at protein level"	"Evidence at protein level"	"Tissue enriched"	"Detected in many"	6	"brain: 35.9"	"Cell type enhanced"	"Detected in many"		"Excitatory neurons: 49.9;Late spermatids: 133.0;Microglial cells: 217.4;Oligodendrocyte precursor cells: 133.0;Oligodendrocytes: 186.8"	"Cell type enriched"	"Detected in all"	4	"central nervous system macrophage: 1542.0"	"Low cancer specificity"	"Detected in many"			"Low region specificity"	"Detected in all"			"Immune cell enhanced"	"Detected in single"		"classical monocyte: 1.1"	"Low lineage specificity"	"Detected in single"			"Low cancer specificity"	"Detected in many"			"Heart muscle - Fibroblasts, Liver - Vascular Endothelial cells, Skeletal muscle - Fibroblasts, Stomach - Fibroblasts, Testis - Late spermatids"	"Low region specificity"	"Detected in all"			"Low region specificity"	"Detected in all"			"CAB020696, HPA040391, HPA064439"	Uncertain		Supported	"Nucleoplasm,Plasma membrane,Cytosol"			NA	NA			"Cluster 2: Dendritic cells - Unknown function"	"Cluster 9: Oligodendrocytes - Myelination"	"Cluster 30: White matter - Myelination"	"Cluster 14: Myeloid leukemia - Innate immune response"	"Cluster 76: Oligodendrocyte precursor - Unknown function"	8	"Nucleoplasm, Cytosol"	"Plasma membrane"	"CAB020696: , HPA040391: AB_2676957, HPA064439: AB_2685266"	"unprognostic (9.02e-2)"	"unprognostic (1.42e-1)"	"unprognostic (4.32e-2)"	"unprognostic (4.50e-3)"	"unprognostic (3.75e-2)"	"unprognostic (2.30e-3)"	"unprognostic (9.55e-2)"	"potential prognostic favorable (6.69e-4)"	"unprognostic (3.10e-2)"	"unprognostic (2.35e-1)"	"potential prognostic unfavorable (1.84e-4)"	"unprognostic (3.00e-3)"	"unprognostic (1.39e-1)"		"unprognostic (2.55e-1)"	"unprognostic (2.53e-1)"	"unprognostic (1.24e-2)"	"unprognostic (8.10e-2)"	"unprognostic (9.17e-3)"	"unprognostic (2.18e-1)"	"unprognostic (2.12e-1)"	"unprognostic (1.53e-1)"	"unprognostic (1.02e-2)"	"unprognostic (2.68e-1)"	"unprognostic (3.16e-1)"	"unprognostic (6.07e-3)"	"unprognostic (4.01e-2)"	"unprognostic (9.75e-2)"	"unprognostic (3.21e-2)"	"unprognostic (1.20e-1)"	"unprognostic (4.16e-2)"
SLC22A16	"CT2, FLIPT2, OAT6, OKB1"	ENSG00000004809	"Solute carrier family 22 member 16"	Q86VW1	6	110424687-110476641	"Metabolic proteins, Predicted membrane proteins, Transporters"	"Differentiation, Ion transport, Spermatogenesis, Transport"	"Developmental protein"		"Evidence at protein level"	"Evidence at transcript level"	"Evidence at protein level"	"Evidence at protein level"	"Group enriched"	"Detected in some"	6	"bone marrow: 20.2;testis: 20.8"	"Group enriched"	"Detected in some"	20	"Early spermatids: 39.6;Erythroid cells: 49.8;Late spermatids: 30.6;Spermatocytes: 34.1"	"Not detected"	"Not detected"			"Cancer enriched"	"Detected in single"	7	"Uterine Corpus Endometrial Carcinoma (TCGA): 3.6"	"Not detected"	"Not detected"			"Immune cell enhanced"	"Detected in some"		"basophil: 5.8;classical monocyte: 7.0"	"Group enriched"	"Detected in many"	56	"dendritic cells: 4.0;granulocytes: 5.8;monocytes: 7.0"	"Cancer enriched"	"Detected in single"	11	"Leukemia: 10.5"	"Adipose subcutaneous - Macrophages, Adipose visceral - Macrophages, Liver - Erythroid cells, Testis - Early spermatids"	"Not detected"	"Not detected"			"Low region specificity"	"Detected in many"			HPA036902	Uncertain		Approved	"Plasma membrane,Cytosol"			NA	NA			"Cluster 26: Monocytes - Plasma membrane proteins"	"Cluster 4: Testis - Basic cellular processes"		"Cluster 14: Myeloid leukemia - Innate immune response"	"Cluster 31: Spermatocytes - Spermatogenesis"		"Plasma membrane, Cytosol"		"HPA036902: AB_10672274"																															"unprognostic (2.89e-2)"
ANXA8L1	"ANXA8L2, bA145E20.2, bA301J7.3"	ENSG00000264230	"Annexin A8 like 1"	Q5VT79	10	46375627-46391784	"Predicted intracellular proteins"				"Evidence at protein level"	"Evidence at transcript level"	"Evidence at transcript level"	"Evidence at protein level"	"Group enriched"	"Detected in many"	5	"esophagus: 189.8;skin 1: 316.9;vagina: 97.5"	"Cell type enhanced"	"Detected in some"		"Basal keratinocytes: 24.2;Basal respiratory cells: 40.4;Basal squamous epithelial cells: 36.8;Mesothelial cells: 54.2;Squamous epithelial cells: 131.9;Suprabasal keratinocytes: 40.8"	"Not detected"	"Not detected"			"Group enriched"	"Detected in many"	4	"Bladder Urothelial Carcinoma (TCGA): 76.6;Cervical Squamous Cell Carcinoma and Endocervical Adenocarcinoma (TCGA): 93.7;Head and Neck Squamous Cell Carcinoma (TCGA): 157.2;Lung Squamous Cell Carcinoma (TCGA): 65.6"	"Not detected"	"Not detected"			"Immune cell enhanced"	"Detected in some"		"classical monocyte: 1.2;myeloid DC: 2.1"	"Low lineage specificity"	"Detected in many"			"Cancer enhanced"	"Detected in many"		"cervical cancer: 189.5;head and neck cancer: 224.9"	"Adipose visceral - Mesothelial cells, Lung - Alveolar cells type 1, Skin - Keratinocyte (other)"									HPA046702			Approved	Vesicles			NA	NA				"Cluster 13: Skin - Cornification"		"Cluster 53: Squamous epithelial cells - Keratinization"	"Cluster 12: Squamous epithelial cells - Keratinization"	3	Vesicles		"HPA046702: "	"unprognostic (1.16e-1)"	"unprognostic (3.49e-3)"		"unprognostic (7.75e-2)"					"potential prognostic unfavorable (5.58e-4)"			"unprognostic (3.68e-3)"	"unprognostic (1.66e-1)"	"unprognostic (3.01e-2)"		"unprognostic (1.53e-1)"	"unprognostic (2.84e-2)"	"unprognostic (4.02e-2)"	"potential prognostic unfavorable (2.15e-5)"	"unprognostic (9.50e-3)"		"potential prognostic unfavorable (3.03e-5)"		"unprognostic (3.23e-2)"			"unprognostic (1.48e-1)"	"unprognostic (3.41e-2)"		"unprognostic (2.98e-1)"	
BST1	"BST-1, cADPR2, CD157"	ENSG00000109743	"Bone marrow stromal cell antigen 1"	Q10588	4	15703065-15738313	"CD markers, Enzymes, FDA approved drug targets, Metabolic proteins, Plasma proteins, Predicted intracellular proteins"		"Hydrolase, Transferase"	"FDA approved drug targets"	"Evidence at protein level"	"Evidence at transcript level"	"Evidence at protein level"	"Evidence at protein level"	"Group enriched"	"Detected in all"	5	"bone marrow: 138.1;intestine: 47.2"	"Cell type enhanced"	"Detected in many"		"Hofbauer cells: 61.4;Kupffer cells: 31.0;Proximal enterocytes: 79.1"	"Cell type enhanced"	"Detected in some"		"fibroblast: 14.5;pericyte: 19.8"	"Low cancer specificity"	"Detected in all"			"Low region specificity"	"Detected in all"			"Immune cell enhanced"	"Detected in many"		"classical monocyte: 258.3;neutrophil: 294.2"	"Group enriched"	"Detected in many"	94	"dendritic cells: 79.0;granulocytes: 294.2;monocytes: 258.3"	"Low cancer specificity"	"Detected in many"			"Prostate - Fibroblasts, Skin - Fibroblast_2, Spleen - Neutrophils, Stomach - Fibroblasts, Thyroid gland - Fibroblasts"	"Not detected"	"Not detected"			"Low region specificity"	"Detected in all"			HPA050121	Uncertain				"Intracellular and membrane"	Enzyme	NA	NA		130000000	"Cluster 38: Monocytes & Neutrophils - Degranulation"	"Cluster 77: Bone marrow - Cell proliferation"	"Cluster 48: Non-specific - Mixed function"	"Cluster 64: Connective tissue cells - ECM organization"	"Cluster 29: Monocytes - Innate immune response"				"HPA050121: AB_2681025"	"unprognostic (7.12e-2)"	"unprognostic (2.33e-1)"	"unprognostic (2.13e-1)"	"unprognostic (1.19e-2)"	"unprognostic (1.10e-1)"	"unprognostic (8.33e-2)"	"unprognostic (2.95e-2)"	"unprognostic (1.43e-1)"	"unprognostic (2.82e-1)"	"unprognostic (3.55e-2)"	"potential prognostic favorable (1.66e-5)"	"unprognostic (4.49e-3)"	"unprognostic (1.55e-1)"	"unprognostic (3.83e-1)"	"unprognostic (6.64e-2)"	"unprognostic (3.46e-2)"	"unprognostic (1.24e-1)"	"unprognostic (5.35e-2)"	"unprognostic (4.75e-1)"	"unprognostic (2.09e-1)"	"unprognostic (4.43e-1)"	"unprognostic (6.22e-2)"	"unprognostic (2.92e-1)"	"unprognostic (7.84e-3)"	"unprognostic (3.98e-2)"	"unprognostic (2.54e-1)"	"unprognostic (1.67e-2)"	"potential prognostic unfavorable (2.62e-4)"	"unprognostic (2.83e-1)"	"unprognostic (4.08e-2)"	"unprognostic (1.84e-2)"
C15orf48	"COXFA4L3, MIR147BHG, MISTRAV, MOCCI, NMES1"	ENSG00000166920	"Chromosome 15 open reading frame 48"	Q9C002	15	45430579-45448761	"Predicted intracellular proteins"				"Evidence at protein level"	"Evidence at protein level"	"Evidence at protein level"	"Evidence at protein level"	"Tissue enriched"	"Detected in many"	5	"intestine: 893.3"	"Cell type enhanced"	"Detected in many"		"Distal enterocytes: 4361.0;Enteroendocrine cells: 1468.6;Exocrine glandular cells: 2025.4;Intestinal goblet cells: 1372.4;Langerhans cells: 2561.4;Paneth cells: 2158.2;Proximal enterocytes: 3050.5;Undifferentiated cells: 1467.5"	"Low cell type specificity"	"Detected in some"			"Low cancer specificity"	"Detected in all"			"Region enhanced"	"Detected in some"		"cerebral cortex: 6.3"	"Immune cell enhanced"	"Detected in some"		"classical monocyte: 1.3;intermediate monocyte: 1.6;myeloid DC: 1.3"	"Low lineage specificity"	"Detected in many"			"Cancer enhanced"	"Detected in many"		"Adrenocortical cancer: 606.0"	"Colon - Colon enterocytes, Stomach - Gastric mucous cells, Testis - Early spermatids"	"Low region specificity"	"Detected in some"			"Low region specificity"	"Detected in all"			HPA012943	Enhanced						NA	NA			"Cluster 38: Monocytes & Neutrophils - Degranulation"	"Cluster 45: Intestine - Digestion"	"Cluster 12: Non-specific - Vasculature"	"Cluster 53: Squamous epithelial cells - Keratinization"	"Cluster 45: Non-specific - Mixed function"	4			"HPA012943: AB_2668774"	"unprognostic (1.86e-1)"	"unprognostic (7.97e-3)"	"unprognostic (4.28e-2)"	"unprognostic (1.11e-1)"	"unprognostic (2.29e-1)"	"unprognostic (1.11e-2)"	"unprognostic (8.26e-3)"	"unprognostic (1.32e-1)"	"unprognostic (2.37e-2)"	"unprognostic (2.00e-1)"	"unprognostic (5.20e-2)"	"unprognostic (6.91e-3)"	"unprognostic (2.02e-1)"	"unprognostic (2.05e-3)"	"unprognostic (5.89e-3)"	"unprognostic (1.81e-3)"	"unprognostic (2.40e-3)"	"unprognostic (4.93e-2)"	"unprognostic (3.13e-2)"	"unprognostic (1.14e-1)"	"unprognostic (1.87e-1)"	"unprognostic (2.67e-3)"	"unprognostic (7.08e-2)"	"unprognostic (1.08e-2)"	"unprognostic (1.57e-1)"	"unprognostic (7.14e-3)"	"unprognostic (9.66e-2)"	"unprognostic (1.03e-1)"	"unprognostic (5.02e-2)"	"unprognostic (1.47e-1)"	"unprognostic (1.95e-1)"
PSRC1	DDA3	ENSG00000134222	"Proline and serine rich coiled-coil 1"	Q6PGN9	1	109279556-109283186	"Predicted intracellular proteins"	"Cell cycle, Cell division, Mitosis"			"Evidence at protein level"	"Evidence at protein level"	"Evidence at protein level"	"Evidence at protein level"	"Group enriched"	"Detected in many"	5	"brain: 88.4;retina: 40.5"	"Cell type enhanced"	"Detected in many"		"Extravillous trophoblasts: 30.6;Oligodendrocytes: 88.6;Peritubular cells: 42.6;Rod photoreceptor cells: 69.4"	"Cell type enhanced"	"Detected in many"		"oligodendrocyte: 97.2"	"Cancer enriched"	"Detected in all"	4	"Glioblastoma Multiforme (TCGA): 136.3"	"Low region specificity"	"Detected in all"			"Immune cell enhanced"	"Detected in many"		"classical monocyte: 12.1"	"Group enriched"	"Detected in many"	11	"dendritic cells: 5.4;granulocytes: 7.2;monocytes: 12.1"	"Low cancer specificity"	"Detected in all"			"Adrenal gland - Mitotic cells (Adrenal gland), Minor Salivary Gland - Mitotic cells (Minor salivary gland), Skin - Mitotic cells (Skin)"	"Group enriched"	"Detected in many"	5	"amygdala: 3.5;cerebral cortex: 7.7;hippocampal formation: 5.7;white matter: 3.4"	"Low region specificity"	"Detected in all"			HPA056561			Supported	Nucleoplasm,Cytosol			NA	Yes			"Cluster 7: Non-specific - Innate immune response"	"Cluster 9: Oligodendrocytes - Myelination"	"Cluster 11: White matter - Signal transduction"	"Cluster 37: Non-specific - mRNA processing"	"Cluster 66: Photoreceptor cells - Visual perception"	8	Cytosol	Nucleoplasm	"HPA056561: AB_2683175"	"unprognostic (2.81e-1)"	"unprognostic (4.53e-1)"	"unprognostic (1.76e-1)"	"unprognostic (1.23e-1)"	"unprognostic (3.46e-2)"	"unprognostic (2.04e-1)"	"unprognostic (2.46e-1)"	"unprognostic (8.99e-3)"	"unprognostic (5.57e-2)"	"unprognostic (2.67e-3)"	"potential prognostic unfavorable (2.42e-8)"	"unprognostic (7.55e-3)"	"unprognostic (1.43e-2)"	"validated prognostic unfavorable (2.57e-11)"	"validated prognostic unfavorable (2.43e-4)"	"potential prognostic unfavorable (6.37e-4)"	"unprognostic (1.61e-3)"	"potential prognostic favorable (3.85e-4)"	"unprognostic (1.83e-2)"	"unprognostic (5.84e-2)"	"unprognostic (5.31e-2)"	"unprognostic (1.03e-2)"	"unprognostic (8.92e-2)"	"unprognostic (1.85e-1)"	"unprognostic (6.02e-2)"	"unprognostic (2.28e-1)"	"unprognostic (6.41e-2)"	"unprognostic (8.74e-2)"	"unprognostic (3.54e-1)"	"unprognostic (1.46e-1)"	"unprognostic (1.06e-1)"
TMEM150B	"DRAM3, TMEM224, TTN2"	ENSG00000180061	"Transmembrane protein 150B"	A6NC51	19	55312801-55334048	"Predicted membrane proteins, Transporters"	Autophagy			"Evidence at transcript level"	"Evidence at transcript level"	"Evidence at transcript level"	"Evidence at transcript level"	"Tissue enriched"	"Detected in many"	5	"intestine: 62.2"	"Cell type enriched"	"Detected in some"	6	"Proximal enterocytes: 59.1"	"Cell type enhanced"	"Detected in some"		"central nervous system macrophage: 2.0"	"Cancer enhanced"	"Detected in many"		"Colon Adenocarcinoma (TCGA): 24.7;Rectum Adenocarcinoma (TCGA): 23.4"	"Low region specificity"	"Detected in many"			"Immune cell enhanced"	"Detected in some"		"classical monocyte: 5.7"	"Group enriched"	"Detected in many"	7	"granulocytes: 1.9;monocytes: 5.7"	"Cancer enhanced"	"Detected in some"		"colorectal cancer: 9.3;Gastric cancer: 4.3"	"Adipose subcutaneous - Macrophages, Adipose visceral - Macrophages, Adrenal gland - Macrophages, Breast - Macrophages, Colon - Macrophages, Heart muscle - Macrophages, Kidney - Proximal tubular cells, Lung - Macrophages, Minor Salivary Gland - Macrophages, Pituitary gland - Macrophages, Prostate - Macrophages, Skeletal muscle - Macrophages, Stomach - Macrophages, Thyroid gland - Macrophages"	"Not detected"	"Not detected"			"Low region specificity"	"Detected in many"										NA	NA			"Cluster 38: Monocytes & Neutrophils - Degranulation"	"Cluster 25: Small intestine - Absorption"	"Cluster 12: Non-specific - Vasculature"	"Cluster 57: Stomach & Colon cancer - Digestion"	"Cluster 22: Proximal enterocytes - Digestion"					"unprognostic (3.03e-2)"	"unprognostic (2.56e-1)"	"unprognostic (3.05e-1)"	"unprognostic (9.89e-2)"	"unprognostic (1.50e-1)"	"unprognostic (7.51e-2)"	"unprognostic (8.28e-2)"	"unprognostic (1.52e-2)"	"unprognostic (1.28e-1)"		"unprognostic (1.56e-2)"	"unprognostic (3.01e-1)"	"unprognostic (3.40e-1)"	"unprognostic (3.85e-2)"	"unprognostic (1.76e-1)"	"unprognostic (1.53e-1)"	"unprognostic (1.88e-1)"	"unprognostic (2.99e-1)"	"unprognostic (7.19e-2)"	"unprognostic (3.40e-1)"		"unprognostic (1.12e-2)"	"unprognostic (2.41e-1)"		"unprognostic (3.52e-2)"	"unprognostic (3.60e-1)"	"unprognostic (6.93e-2)"	"unprognostic (5.98e-2)"	"potential prognostic unfavorable (6.55e-4)"		
TMEM176B	"LR8, MS4B2"	ENSG00000106565	"Transmembrane protein 176B"	Q3YBM2	7	150791285-150801360	"Predicted membrane proteins, Transporters"	Differentiation			"Evidence at protein level"	"Evidence at protein level"	"Evidence at protein level"	"Evidence at protein level"	"Tissue enriched"	"Detected in all"	5	"liver: 1609.3"	"Cell type enhanced"	"Detected in many"		"Hepatocytes: 1117.7;Paneth cells: 750.0;Proximal enterocytes: 925.4;Proximal tubular cells: 740.7;Schwann cells: 424.7"	"Cell type enhanced"	"Detected in many"		"central nervous system macrophage: 50.2;oligodendrocyte precursor cell: 35.9"	"Cancer enhanced"	"Detected in all"		"Liver Hepatocellular Carcinoma (TCGA): 1272.9"	"Low region specificity"	"Detected in all"			"Immune cell enhanced"	"Detected in many"		"classical monocyte: 866.3;intermediate monocyte: 586.7"	"Lineage enriched"	"Detected in many"	5	"monocytes: 866.3"	"Cancer enhanced"	"Detected in many"		"colorectal cancer: 45.7"	"Liver - Hepatocytes, Pituitary gland - Macrophages, Skeletal muscle - Fibroblasts"	"Low region specificity"	"Detected in all"			"Low region specificity"	"Detected in all"			HPA047509	Approved		Approved	"Nucleoplasm,Golgi apparatus,Plasma membrane"			NA	NA			"Cluster 26: Monocytes - Plasma membrane proteins"	"Cluster 1: Liver & Kidney - Metabolism"	"Cluster 22: Non-specific - Mixed function"	"Cluster 64: Connective tissue cells - ECM organization"	"Cluster 53: Fibroblasts - ECM organization"	4	"Golgi apparatus"	"Nucleoplasm, Plasma membrane"	"HPA047509: AB_2680072"	"unprognostic (4.49e-3)"	"unprognostic (3.63e-2)"	"unprognostic (3.52e-2)"	"unprognostic (1.86e-1)"	"unprognostic (9.28e-2)"	"unprognostic (2.00e-1)"	"unprognostic (6.68e-3)"	"unprognostic (1.25e-1)"	"unprognostic (8.69e-2)"	"unprognostic (2.76e-1)"	"potential prognostic favorable (4.95e-6)"	"unprognostic (1.82e-2)"	"unprognostic (4.12e-3)"	"unprognostic (1.33e-2)"	"unprognostic (1.43e-2)"	"unprognostic (7.78e-3)"	"unprognostic (1.81e-1)"	"unprognostic (1.25e-1)"	"unprognostic (1.26e-1)"	"unprognostic (2.11e-1)"	"unprognostic (1.50e-1)"	"unprognostic (1.70e-3)"	"unprognostic (1.74e-1)"	"unprognostic (1.59e-1)"	"unprognostic (1.76e-1)"	"unprognostic (2.50e-3)"	"unprognostic (7.38e-2)"	"unprognostic (2.79e-2)"	"unprognostic (8.78e-3)"	"unprognostic (4.33e-2)"	"unprognostic (3.27e-2)"
FCN2	"EBP-37, FCNL, ficolin-2, P35"	ENSG00000160339	"Ficolin 2"	Q15485	9	134880810-134887523	"Plasma proteins, Predicted secreted proteins"	"Complement activation lectin pathway, Immunity, Innate immunity"			"Evidence at protein level"	"Evidence at transcript level"	"Evidence at protein level"	"Evidence at protein level"	"Tissue enriched"	"Detected in some"	4	"liver: 96.6"	"Group enriched"	"Detected in some"	9	"Endothelial cells: 71.9;Fibroblasts: 194.2;Kupffer cells: 75.4"	"Not detected"	"Not detected"			"Cancer enhanced"	"Detected in some"		"Liver Hepatocellular Carcinoma (TCGA): 2.8"	"Not detected"	"Not detected"			"Immune cell enhanced"	"Detected in some"		"classical monocyte: 5.5;intermediate monocyte: 4.6"	"Low lineage specificity"	"Detected in many"			"Not detected"	"Not detected"			"Adipose subcutaneous - Adipocytes (Subcutaneous), Adipose visceral - Adipocytes (Visceral), Prostate - Prostate glandular cells"					"Region enriched"	"Detected in some"	24	"spinal cord: 51.0"						"Secreted to blood"	Immunity	NA	NA	8100000000	910000000	"Cluster 38: Monocytes & Neutrophils - Degranulation"	"Cluster 83: Liver - Metabolism"		"Cluster 10: Ciliated cells - Ion channel activity"	"Cluster 41: Adipocytes & Endothelial cells - Mixed function"	4					"unprognostic (2.45e-1)"	"unprognostic (3.78e-2)"								"potential prognostic favorable (1.88e-4)"	"unprognostic (1.68e-2)"		"unprognostic (3.69e-2)"	"unprognostic (8.70e-3)"									"unprognostic (8.94e-2)"							
GAS7	"KIAA0394, MGC1348"	ENSG00000007237	"Growth arrest specific 7"	O60861	17	9910606-10198606	"Cancer-related genes, Disease related genes, Predicted intracellular proteins"	"Differentiation, Neurogenesis"	"Developmental protein"	"Cancer-related genes, Proto-oncogene"	"Evidence at protein level"	"Evidence at protein level"	"Evidence at protein level"	"Evidence at protein level"	"Tissue enriched"	"Detected in all"	4	"brain: 191.6"	"Cell type enhanced"	"Detected in many"		"Excitatory neurons: 129.0;Fibroblasts: 89.7;Oligodendrocytes: 152.0;Schwann cells: 258.9"	"Low cell type specificity"	"Detected in all"			"Cancer enriched"	"Detected in all"	4	"Skin Cuteneous Melanoma (TCGA): 132.9"	"Low region specificity"	"Detected in all"			"Immune cell enhanced"	"Detected in many"		"classical monocyte: 26.3"	"Group enriched"	"Detected in many"	4	"granulocytes: 17.1;monocytes: 26.3"	"Cancer enhanced"	"Detected in many"		"skin cancer: 129.9"	"Breast - Fibroblasts, Colon - Enteric glia cells, Lung - Fibroblast_2, Pituitary gland - Undifferentiated cells (Pituitary gland), Skeletal muscle - Fibroblasts, Skin - Keratinocyte (granular), Testis - Sertoli cells"	"Low region specificity"	"Detected in all"			"Low region specificity"	"Detected in all"			"HPA004838, HPA064678"	Enhanced		Approved	"Plasma membrane,Actin filaments,Focal adhesion sites"			NA	NA			"Cluster 7: Non-specific - Innate immune response"	"Cluster 65: Cerebellum - Nervous system development"	"Cluster 53: Neurons - Mixed function"	"Cluster 69: Skin cancer - ECM organization"	"Cluster 53: Fibroblasts - ECM organization"	6	"Plasma membrane"	"Actin filaments, Focal adhesion sites"	"HPA004838: AB_2667263, HPA064678: AB_2685319"	"unprognostic (6.01e-2)"	"unprognostic (3.30e-2)"	"unprognostic (3.85e-2)"	"unprognostic (1.95e-1)"	"unprognostic (7.01e-2)"	"unprognostic (4.06e-2)"	"unprognostic (2.60e-1)"	"unprognostic (1.54e-3)"	"unprognostic (3.78e-2)"	"unprognostic (2.69e-1)"	"unprognostic (1.32e-1)"	"unprognostic (2.72e-1)"	"unprognostic (9.87e-2)"	"unprognostic (1.01e-2)"	"unprognostic (1.10e-1)"	"unprognostic (9.01e-3)"	"unprognostic (1.24e-1)"	"unprognostic (2.00e-2)"	"unprognostic (8.10e-2)"	"unprognostic (4.22e-3)"	"potential prognostic unfavorable (4.67e-5)"	"unprognostic (1.90e-1)"	"unprognostic (1.18e-1)"	"unprognostic (7.22e-2)"	"unprognostic (4.64e-2)"	"unprognostic (2.42e-3)"	"unprognostic (4.29e-2)"	"unprognostic (1.09e-1)"	"unprognostic (2.89e-1)"	"unprognostic (1.21e-2)"	"unprognostic (2.60e-1)"
RNASE4	RAB1	ENSG00000258818	"Ribonuclease A family member 4"	P34096	14	20684560-20701216	"Plasma proteins, Predicted secreted proteins"		"Antibiotic, Antimicrobial, Endonuclease, Hydrolase, Nuclease"		"Evidence at protein level"	"Evidence at transcript level"	"Evidence at protein level"	"Evidence at protein level"	"Tissue enriched"	"Detected in all"	4	"liver: 463.8"	"Cell type enhanced"	"Detected in many"		"Enteroendocrine cells: 56.1;Gastric mucus-secreting cells: 48.9;Hepatocytes: 47.7;Intestinal goblet cells: 97.9;Proximal enterocytes: 38.9"	"Cell type enhanced"	"Detected in some"		"fibroblast: 14.6;pericyte: 19.5;vascular associated smooth muscle cell: 26.1"	"Cancer enhanced"	"Detected in all"		"Liver Hepatocellular Carcinoma (TCGA): 108.4"	"Low region specificity"	"Detected in all"			"Immune cell enhanced"	"Detected in many"		"classical monocyte: 24.1"	"Low lineage specificity"	"Detected in many"			"Low cancer specificity"	"Detected in many"			"Adrenal gland - Fibroblasts, Heart muscle - Fibroblasts, Liver - Hepatocytes, Minor Salivary Gland - Minor salivary glandular cells, Spleen - Fibroblast_2, Thyroid gland - Fibroblasts"	"Low region specificity"	"Detected in all"			"Low region specificity"	"Detected in all"								"Secreted to blood"	Enzyme	NA	NA		59000000	"Cluster 2: Dendritic cells - Unknown function"	"Cluster 83: Liver - Metabolism"	"Cluster 39: Astrocytes - Mixed function"	"Cluster 2: Mucus-secreting cells - Unknown function"	"Cluster 16: Intestinal goblet cells - Mucin production"	1				"unprognostic (2.07e-1)"	"unprognostic (9.64e-2)"	"unprognostic (3.84e-2)"	"unprognostic (4.07e-2)"	"unprognostic (1.72e-2)"	"unprognostic (5.16e-1)"	"unprognostic (1.06e-2)"	"potential prognostic unfavorable (1.35e-4)"	"unprognostic (9.38e-2)"	"unprognostic (1.15e-1)"	"validated prognostic favorable (1.02e-5)"	"validated prognostic favorable (1.59e-4)"	"unprognostic (9.82e-3)"	"validated prognostic favorable (5.72e-5)"	"validated prognostic favorable (6.12e-4)"	"unprognostic (8.68e-2)"	"unprognostic (1.28e-1)"	"unprognostic (3.67e-2)"	"unprognostic (3.46e-2)"	"unprognostic (1.05e-1)"	"unprognostic (2.57e-1)"	"unprognostic (6.95e-2)"	"unprognostic (4.11e-2)"	"unprognostic (1.51e-1)"	"unprognostic (1.19e-1)"	"potential prognostic unfavorable (5.02e-4)"	"unprognostic (3.53e-1)"	"unprognostic (4.91e-3)"	"unprognostic (2.50e-1)"	"unprognostic (6.54e-2)"	"unprognostic (5.67e-2)"
TMEM121B	CECR6	ENSG00000183307	"Transmembrane protein 121B"	Q9BXQ6	22	17116297-17121367	"Predicted membrane proteins"				"Evidence at protein level"	"Evidence at transcript level"	"Evidence at transcript level"	"Evidence at protein level"	"Group enriched"	"Detected in some"	4	"brain: 8.7;prostate: 6.4"	"Cell type enhanced"	"Detected in some"		"Early spermatids: 7.0;Excitatory neurons: 6.6;Hofbauer cells: 3.1;Late spermatids: 11.4;Oligodendrocyte precursor cells: 3.3;Prostatic glandular cells: 7.6"	"Low cell type specificity"	"Detected in many"			"Cancer enhanced"	"Detected in some"		"Prostate Adenocarcinoma (TCGA): 10.6"	"Low region specificity"	"Detected in all"			"Immune cell enhanced"	"Detected in some"		"classical monocyte: 1.1;neutrophil: 1.7"	"Group enriched"	"Detected in many"	7	"granulocytes: 1.7;monocytes: 1.1"	"Cancer enhanced"	"Detected in some"		"Leukemia: 3.8;Neuroblastoma: 4.4"	"Adipose subcutaneous - Macrophages, Adipose visceral - Macrophages, Adrenal gland - Macrophages, Colon - Macrophages, Heart muscle - Cardiomyocytes, Kidney - Macrophages, Pituitary gland - Corticotropes, Prostate - Prostate glandular cells, Spleen - Neutrophils, Testis - Late spermatids, Thyroid gland - Macrophages"	"Low region specificity"	"Detected in all"							HPA068790	Approved		Approved	"Nucleoplasm,Vesicles,Plasma membrane"			NA	NA			"Cluster 21: Neutrophils - Unknown function"	"Cluster 22: Brain - Synaptic signal transduction"	"Cluster 51: Neurons - Mixed function"	"Cluster 14: Myeloid leukemia - Innate immune response"	"Cluster 13: Spermatids - Transcription"		Vesicles	"Nucleoplasm, Plasma membrane"	"HPA068790: AB_2686036"							"unprognostic (1.86e-1)"	"potential prognostic favorable (9.32e-4)"																"unprognostic (3.13e-2)"					"unprognostic (1.95e-1)"		
TRPS1	"GC79, LGCR"	ENSG00000104447	"Transcriptional repressor GATA binding 1"	Q9UHF7	8	115408496-115809673	"Disease related genes, Human disease related genes, Predicted intracellular proteins, Transcription factors"	"Transcription, Transcription regulation"	"DNA-binding, Repressor"	"Disease variant"	"Evidence at protein level"	"Evidence at protein level"	"Evidence at protein level"	"Evidence at protein level"	"Tissue enriched"	"Detected in all"	4	"breast: 58.9"	"Cell type enhanced"	"Detected in many"		"Astrocytes: 719.6;Breast glandular cells: 225.1;Oligodendrocyte precursor cells: 263.2;Oligodendrocytes: 273.7"	"Low cell type specificity"	"Detected in all"			"Cancer enriched"	"Detected in many"	7	"Breast Invasive Carcinoma (TCGA): 108.8"	"Low region specificity"	"Detected in all"			"Immune cell enhanced"	"Detected in many"		"classical monocyte: 4.5"	"Low lineage specificity"	"Detected in many"			"Cancer enriched"	"Detected in many"	4	"breast cancer: 67.7"	"Heart muscle - Fibroblasts, Skin - Outer root sheath cells, Testis - Early spermatids"	"Low region specificity"	"Detected in all"			"Low region specificity"	"Detected in all"			"HPA060380, HPA071767"	Enhanced		Supported	Nucleoplasm			NA	NA			"Cluster 38: Monocytes & Neutrophils - Degranulation"	"Cluster 75: Epithelium - Extracellular exosomes"	"Cluster 39: Astrocytes - Mixed function"	"Cluster 27: Breast cancer - Unknown function"	"Cluster 47: Astrocytes - Unknown function"	26	Nucleoplasm		"HPA060380: AB_2684270, HPA071767: AB_2732185"	"unprognostic (1.23e-1)"	"unprognostic (4.40e-2)"	"unprognostic (1.41e-1)"	"unprognostic (6.79e-3)"	"unprognostic (4.03e-2)"	"unprognostic (3.24e-2)"	"unprognostic (2.63e-1)"	"unprognostic (5.24e-1)"	"unprognostic (1.48e-3)"	"unprognostic (3.54e-3)"	"unprognostic (5.06e-2)"	"unprognostic (2.37e-1)"	"unprognostic (4.20e-2)"		"unprognostic (4.03e-1)"	"unprognostic (6.88e-2)"	"unprognostic (5.89e-2)"	"unprognostic (1.47e-1)"	"unprognostic (1.45e-1)"	"unprognostic (7.01e-2)"	"unprognostic (2.68e-3)"	"validated prognostic unfavorable (2.72e-5)"	"validated prognostic unfavorable (1.79e-4)"	"unprognostic (5.55e-2)"	"unprognostic (1.14e-1)"	"unprognostic (1.93e-2)"	"unprognostic (1.99e-1)"	"unprognostic (8.74e-2)"	"unprognostic (1.12e-1)"	"unprognostic (4.66e-3)"	"unprognostic (2.49e-1)"
ADAM9	"CORD9, KIAA0021, MCMP, MDC9, Mltng"	ENSG00000168615	"ADAM metallopeptidase domain 9"	Q13443	8	38996754-39105445	"Cancer-related genes, Disease related genes, Human disease related genes, Plasma proteins, Predicted membrane proteins, Predicted secreted proteins"		"Hydrolase, Metalloprotease, Protease"	"Cancer-related genes, Cone-rod dystrophy"	"Evidence at protein level"	"Evidence at protein level"	"Evidence at protein level"	"Evidence at protein level"	"Low tissue specificity"	"Detected in all"			"Cell type enhanced"	"Detected in many"		"Mucus glandular cells: 172.3"	"Low cell type specificity"	"Detected in all"			"Low cancer specificity"	"Detected in all"			"Low region specificity"	"Detected in all"			"Immune cell enhanced"	"Detected in some"		"classical monocyte: 4.0"	"Low lineage specificity"	"Detected in many"			"Low cancer specificity"	"Detected in all"			"Adrenal gland - Adrenal cortex cells, Minor Salivary Gland - Minor salivary glandular cells, Thyroid gland - Thyroid glandular cells"	"Low region specificity"	"Detected in all"			"Low region specificity"	"Detected in all"			HPA004000			Approved	"Endoplasmic reticulum,Vesicles"	"Secreted - unknown location"	Enzyme	NA	NA		470000	"Cluster 38: Monocytes & Neutrophils - Degranulation"	"Cluster 62: Connective tissue - ECM organization"	"Cluster 50: Non-specific - Nucleic acid binding"	"Cluster 15: Kidney cancer - Membrane components"	"Cluster 45: Non-specific - Mixed function"	36	Vesicles	"Endoplasmic reticulum"	"HPA004000: AB_1844584"	"unprognostic (1.30e-1)"	"unprognostic (3.07e-3)"	"unprognostic (5.09e-1)"	"unprognostic (2.09e-1)"	"potential prognostic favorable (5.47e-4)"	"unprognostic (8.09e-2)"	"unprognostic (3.71e-1)"	"unprognostic (9.79e-2)"	"unprognostic (2.72e-1)"	"unprognostic (8.59e-2)"	"potential prognostic favorable (3.96e-4)"	"unprognostic (2.15e-1)"	"unprognostic (3.82e-2)"	"potential prognostic unfavorable (8.27e-4)"	"unprognostic (1.82e-2)"	"unprognostic (9.55e-3)"	"unprognostic (9.08e-3)"	"unprognostic (1.12e-1)"	"unprognostic (1.17e-1)"	"unprognostic (2.34e-2)"	"unprognostic (3.15e-3)"	"potential prognostic unfavorable (2.33e-5)"	"unprognostic (4.76e-1)"	"unprognostic (1.39e-1)"	"unprognostic (1.10e-1)"	"unprognostic (5.75e-2)"	"unprognostic (1.19e-1)"	"unprognostic (2.02e-1)"	"unprognostic (2.48e-1)"	"unprognostic (1.70e-1)"	"unprognostic (4.45e-2)"
ALDH2		ENSG00000111275	"Aldehyde dehydrogenase 2 family member"	P05091	12	111766887-111817532	"Disease related genes, Enzymes, FDA approved drug targets, Human disease related genes, Metabolic proteins, Plasma proteins, Predicted intracellular proteins"		Oxidoreductase	"Disease variant, Dwarfism, FDA approved drug targets, Intellectual disability"	"Evidence at protein level"	"Evidence at protein level"	"Evidence at protein level"	"Evidence at protein level"	"Tissue enhanced"	"Detected in all"		"liver: 831.4"	"Cell type enhanced"	"Detected in all"		"Hepatocytes: 982.7;Proximal tubular cells: 647.5"	"Low cell type specificity"	"Detected in all"			"Low cancer specificity"	"Detected in all"			"Low region specificity"	"Detected in all"			"Immune cell enhanced"	"Detected in many"		"classical monocyte: 212.7;myeloid DC: 213.7"	"Group enriched"	"Detected in many"	4	"dendritic cells: 213.7;monocytes: 212.7"	"Low cancer specificity"	"Detected in many"			"Adipose subcutaneous - Adipocytes (Subcutaneous), Adipose visceral - Adipocytes (Visceral), Adrenal gland - Adrenal cortex cells, Breast - Adipocytes (Breast), Heart muscle - Cardiomyocytes, Kidney - Proximal tubular cells, Liver - Hepatocytes, Spleen - Fibroblast_2, Thyroid gland - Fibroblasts"	"Low region specificity"	"Detected in all"			"Low region specificity"	"Detected in all"			HPA051065	Approved						NA	NA		1700000	"Cluster 10: Non-specific - Membrane trafficking"	"Cluster 83: Liver - Metabolism"	"Cluster 19: Astrocytes - Mixed function"	"Cluster 57: Stomach & Colon cancer - Digestion"	"Cluster 58: Macrophages - Innate immune response"	12			"HPA051065: AB_2681332"	"unprognostic (4.33e-2)"	"unprognostic (1.97e-2)"	"unprognostic (2.80e-1)"	"unprognostic (8.86e-3)"	"potential prognostic favorable (8.20e-4)"	"unprognostic (1.16e-2)"	"unprognostic (8.93e-2)"	"unprognostic (1.21e-1)"	"unprognostic (5.24e-3)"	"unprognostic (2.57e-2)"	"unprognostic (1.15e-3)"	"unprognostic (7.74e-3)"	"potential prognostic favorable (1.56e-4)"	"validated prognostic favorable (4.95e-7)"	"validated prognostic favorable (3.12e-4)"	"unprognostic (1.39e-3)"	"unprognostic (3.69e-2)"	"unprognostic (2.62e-2)"	"unprognostic (2.36e-1)"	"unprognostic (1.04e-1)"	"unprognostic (1.45e-1)"	"unprognostic (1.60e-2)"	"potential prognostic favorable (1.61e-4)"	"unprognostic (9.65e-2)"	"unprognostic (1.28e-1)"	"unprognostic (9.83e-2)"	"unprognostic (2.39e-1)"	"unprognostic (1.38e-1)"	"unprognostic (1.54e-1)"	"unprognostic (1.26e-2)"	"unprognostic (2.86e-2)"
ANKRD35	FLJ25124	ENSG00000198483	"Ankyrin repeat domain 35"	Q8N283	1	145866560-145885866	"Predicted intracellular proteins"				"Evidence at protein level"	"Evidence at protein level"	"Evidence at transcript level"	"Evidence at protein level"	"Tissue enhanced"	"Detected in many"		"skin 1: 58.8"	"Cell type enhanced"	"Detected in many"		"Fibroblasts: 34.9;Leydig cells: 36.8;Muller glia cells: 49.5;Peritubular cells: 53.0;Serous glandular cells: 39.0"	"Low cell type specificity"	"Detected in many"			"Low cancer specificity"	"Detected in many"			"Low region specificity"	"Detected in all"			"Immune cell enhanced"	"Detected in some"		"classical monocyte: 2.1"	"Low lineage specificity"	"Detected in many"			"Cancer enhanced"	"Detected in some"		"Leukemia: 1.3"	"Adrenal gland - Fibroblasts, Heart muscle - Fibroblasts, Kidney - Fibroblasts, Liver - Hepatocytes, Pancreas - Fibroblasts, Skin - Keratinocyte (other), Spleen - Fibroblast_1"	"Low region specificity"	"Detected in many"			"Low region specificity"	"Detected in all"			HPA035453	Enhanced		Approved	"Nucleoplasm,Vesicles,Plasma membrane,Primary cilium,Primary cilium transition zone,Basal body"			NA	NA			"Cluster 33: Non-specific - ATP binding"	"Cluster 13: Skin - Cornification"	"Cluster 41: Monoamines - Neurotransmitter signalling"	"Cluster 14: Myeloid leukemia - Innate immune response"	"Cluster 53: Fibroblasts - ECM organization"	3	"Plasma membrane"	"Nucleoplasm, Vesicles, Primary cilium, Primary cilium transition zone, Basal body"	"HPA035453: AB_10672864"	"unprognostic (1.72e-2)"	"unprognostic (2.03e-2)"	"potential prognostic favorable (5.60e-4)"	"unprognostic (1.10e-2)"			"unprognostic (3.11e-2)"	"unprognostic (5.06e-2)"	"unprognostic (6.53e-3)"					"unprognostic (1.31e-1)"	"unprognostic (3.46e-2)"	"unprognostic (3.79e-1)"	"unprognostic (2.81e-1)"	"unprognostic (4.20e-2)"	"unprognostic (1.12e-2)"			"unprognostic (1.81e-1)"	"unprognostic (1.15e-1)"	"unprognostic (1.50e-1)"			"unprognostic (1.01e-1)"	"unprognostic (1.35e-2)"	"unprognostic (2.37e-1)"		"unprognostic (7.56e-2)"
AOAH		ENSG00000136250	"Acyloxyacyl hydrolase"	P28039	7	36512941-36724549	"Enzymes, Metabolic proteins, Predicted secreted proteins"	"Lipid metabolism"	Hydrolase		"Evidence at protein level"	"Evidence at protein level"	"Evidence at protein level"	"Evidence at protein level"	"Tissue enhanced"	"Detected in many"		"bone marrow: 42.8;lymphoid tissue: 63.2"	"Cell type enhanced"	"Detected in many"		"Hofbauer cells: 59.6;Kupffer cells: 109.7;Macrophages: 73.5;Microglial cells: 222.8;monocytes: 91.5;NK-cells: 99.3;T-cells: 50.2"	"Group enriched"	"Detected in all"	18	"central nervous system macrophage: 1165.5;leukocyte: 1282.1"	"Low cancer specificity"	"Detected in all"			"Low region specificity"	"Detected in all"			"Immune cell enhanced"	"Detected in many"		"classical monocyte: 298.8"	"Low lineage specificity"	"Detected in all"			"Group enriched"	"Detected in some"	9	"colorectal cancer: 4.5;Leukemia: 5.7;lymphoma: 5.7"	"Adrenal gland - Macrophages, Breast - T-cells, Lung - NK-cells (Lung), Prostate - T-cells, Spleen - Macrophages, Stomach - Macrophages, Thyroid gland - T-cells"	"Not detected"	"Not detected"			"Low region specificity"	"Detected in all"			"HPA021666, HPA026716"	Approved		Approved	"Endoplasmic reticulum,Vesicles"	"Secreted to blood"	Enzyme	NA	NA			"Cluster 38: Monocytes & Neutrophils - Degranulation"	"Cluster 70: Lymphoid tissue - Immune response"	"Cluster 20: Macrophages & Microglia - Immune response"	"Cluster 71: Lymphoma - Inflammatory response"	"Cluster 19: NK-cells - Adaptive immune response"	1	Vesicles	"Endoplasmic reticulum"	"HPA021666: AB_2670799, HPA026716: AB_2671960"	"unprognostic (1.45e-1)"	"unprognostic (1.05e-1)"	"unprognostic (4.19e-2)"	"unprognostic (9.50e-3)"	"unprognostic (2.77e-1)"	"unprognostic (7.73e-2)"	"unprognostic (3.90e-1)"	"unprognostic (1.22e-2)"	"unprognostic (7.04e-2)"	"unprognostic (3.22e-1)"	"potential prognostic favorable (4.23e-4)"	"unprognostic (9.45e-2)"	"unprognostic (1.11e-1)"	"unprognostic (1.59e-1)"	"unprognostic (1.95e-3)"	"unprognostic (5.69e-2)"	"unprognostic (1.02e-1)"	"unprognostic (3.77e-3)"	"unprognostic (1.10e-1)"	"unprognostic (1.92e-1)"	"unprognostic (4.07e-1)"	"unprognostic (1.84e-1)"	"unprognostic (1.06e-1)"	"unprognostic (1.17e-1)"	"unprognostic (4.96e-3)"	"potential prognostic favorable (1.88e-7)"	"unprognostic (1.27e-1)"	"unprognostic (6.69e-2)"	"unprognostic (2.34e-3)"	"unprognostic (3.73e-1)"	"unprognostic (8.12e-2)"
APLP2	"APPH, APPL2"	ENSG00000084234	"Amyloid beta precursor like protein 2"	Q06481	11	130068147-130144811	"Plasma proteins, Predicted intracellular proteins, Predicted membrane proteins"		"DNA-binding, Protease inhibitor, Serine protease inhibitor"		"Evidence at protein level"	"Evidence at transcript level"	"Evidence at protein level"	"Evidence at protein level"	"Low tissue specificity"	"Detected in all"			"Low cell type specificity"	"Detected in all"			"Low cell type specificity"	"Detected in all"			"Low cancer specificity"	"Detected in all"			"Low region specificity"	"Detected in all"			"Immune cell enhanced"	"Detected in all"		"classical monocyte: 249.2"	"Low lineage specificity"	"Detected in all"			"Low cancer specificity"	"Detected in all"			"Lung - Alveolar cells type 1, Spleen - Fibroblast_2, Thyroid gland - Thyroid glandular cells"	"Low region specificity"	"Detected in all"			"Low region specificity"	"Detected in all"			HPA039319	Approved		Approved	"Golgi apparatus,Vesicles"			NA	NA		4300000	"Cluster 38: Monocytes & Neutrophils - Degranulation"	"Cluster 51: Thyroid gland - Unknown function"	"Cluster 23: Choroid plexus - Mixed function"	"Cluster 53: Squamous epithelial cells - Keratinization"	"Cluster 25: Bipolar cells - Visual perception"	19	"Golgi apparatus, Vesicles"		"HPA039319: AB_10673141"	"unprognostic (4.54e-1)"	"unprognostic (4.61e-3)"	"unprognostic (3.01e-1)"	"unprognostic (3.95e-3)"	"unprognostic (9.95e-3)"	"unprognostic (1.33e-2)"	"unprognostic (5.12e-2)"	"potential prognostic unfavorable (3.38e-4)"	"unprognostic (1.03e-2)"	"unprognostic (9.68e-3)"	"potential prognostic favorable (9.06e-6)"	"unprognostic (3.34e-2)"	"potential prognostic favorable (8.17e-4)"	"potential prognostic unfavorable (3.66e-4)"	"unprognostic (3.66e-3)"	"unprognostic (1.48e-1)"	"unprognostic (5.02e-3)"	"unprognostic (4.54e-3)"	"unprognostic (2.34e-1)"	"unprognostic (4.01e-1)"	"unprognostic (1.50e-1)"	"unprognostic (4.28e-3)"	"unprognostic (2.39e-2)"	"unprognostic (9.60e-2)"	"unprognostic (3.86e-2)"	"unprognostic (1.08e-1)"	"unprognostic (2.04e-1)"	"unprognostic (1.17e-2)"	"unprognostic (6.51e-2)"	"unprognostic (4.11e-3)"	"unprognostic (6.80e-2)"
BCL2L2-PABPN1		ENSG00000258643	"BCL2L2-PABPN1 readthrough"	Q92843	14	23306833-23326175	"Cancer-related genes, Predicted intracellular proteins, Transporters"	Apoptosis		"Cancer-related genes"	"Evidence at protein level"	"Evidence at protein level"	"Evidence at protein level"	"Evidence at protein level"	"Low tissue specificity"	"Detected in many"			"Group enriched"	"Detected in some"	4	"Astrocytes: 9.6;Excitatory neurons: 10.5;Inhibitory neurons: 13.8;Oligodendrocyte precursor cells: 15.6;Oligodendrocytes: 12.7"					"Low cancer specificity"	"Detected in all"			"Low region specificity"	"Detected in all"			"Immune cell enhanced"	"Detected in some"		"classical monocyte: 1.9"	"Low lineage specificity"	"Detected in single"			"Low cancer specificity"	"Detected in all"												"HPA000637, HPA048740"	Approved		Uncertain	"Nucleoplasm,Nuclear speckles"			NA	NA			"Cluster 23: B-cells - Immunoglobulins"	"Cluster 34: Non-specific - Mixed function"	"Cluster 14: Neurons - Synaptic function"	"Cluster 30: Non-specific - Gene expression regulation"	"Cluster 69: Neurons - Neuronal signaling"	47	Nucleoplasm	"Nuclear speckles"	"HPA000637: AB_1079553, HPA048740: "	"unprognostic (5.52e-3)"	"unprognostic (2.02e-2)"		"unprognostic (4.56e-2)"	"unprognostic (1.37e-1)"	"unprognostic (2.13e-1)"	"unprognostic (3.06e-2)"	"unprognostic (2.38e-2)"	"unprognostic (1.74e-3)"	"unprognostic (4.92e-2)"	"unprognostic (5.26e-2)"	"unprognostic (7.51e-2)"	"unprognostic (2.11e-1)"	"unprognostic (2.00e-3)"		"unprognostic (8.23e-2)"	"unprognostic (3.29e-1)"	"unprognostic (1.22e-1)"	"unprognostic (1.42e-1)"	"unprognostic (1.33e-3)"	"unprognostic (4.63e-2)"	"unprognostic (3.46e-1)"	"unprognostic (3.54e-2)"	"unprognostic (1.32e-1)"	"unprognostic (1.77e-2)"	"unprognostic (1.35e-1)"	"unprognostic (7.84e-2)"	"unprognostic (3.27e-2)"	"unprognostic (9.71e-2)"	"unprognostic (9.84e-3)"	"unprognostic (9.94e-2)"
BLVRB	"FLR, SDR43U1"	ENSG00000090013	"Biliverdin reductase B"	P30043	19	40447765-40465764	"Enzymes, FDA approved drug targets, Metabolic proteins, Plasma proteins, Predicted intracellular proteins"		"Oxidoreductase, Transferase"	"FDA approved drug targets"	"Evidence at protein level"	"Evidence at protein level"	"Evidence at protein level"	"Evidence at protein level"	"Tissue enhanced"	"Detected in all"		"bone marrow: 615.8"	"Cell type enhanced"	"Detected in many"		"Erythroid cells: 2110.5;Hepatocytes: 827.2;Hofbauer cells: 1099.8;Proximal enterocytes: 929.9"	"Low cell type specificity"	"Detected in all"			"Low cancer specificity"	"Detected in all"			"Low region specificity"	"Detected in all"			"Immune cell enhanced"	"Detected in all"		"classical monocyte: 466.2"	"Group enriched"	"Detected in all"	7	"dendritic cells: 343.8;monocytes: 466.2"	"Low cancer specificity"	"Detected in all"			"Adipose subcutaneous - Macrophages, Spleen - Macrophages"	"Low region specificity"	"Detected in all"			"Low region specificity"	"Detected in all"			"HPA041698, HPA041937"	Enhanced		Supported	"Nucleoplasm,Vesicles,Plasma membrane,Cytosol"			No	No		310000000	"Cluster 26: Monocytes - Plasma membrane proteins"	"Cluster 40: Non-specific - Transcription"	"Cluster 49: Hindbrain - Mixed function"	"Cluster 47: Leukemia - Hemostasis"	"Cluster 1: Erythroid cells - Oxygen transport"	9	Cytosol	"Nucleoplasm, Vesicles, Plasma membrane"	"HPA041698: AB_10796781, HPA041937: AB_10794308"	"unprognostic (2.10e-2)"	"unprognostic (6.71e-2)"	"unprognostic (1.95e-1)"	"potential prognostic favorable (3.06e-4)"	"unprognostic (1.66e-1)"	"unprognostic (2.95e-3)"	"unprognostic (3.66e-3)"	"unprognostic (1.81e-1)"	"unprognostic (1.33e-1)"	"unprognostic (2.59e-2)"	"unprognostic (1.06e-3)"	"unprognostic (5.50e-2)"	"unprognostic (2.61e-2)"	"unprognostic (2.36e-1)"	"unprognostic (2.09e-2)"	"potential prognostic unfavorable (2.26e-4)"	"unprognostic (1.27e-1)"	"unprognostic (3.31e-2)"	"unprognostic (1.05e-1)"	"unprognostic (5.15e-2)"	"unprognostic (2.38e-1)"	"potential prognostic unfavorable (7.61e-5)"	"unprognostic (8.66e-2)"	"unprognostic (2.79e-1)"	"unprognostic (5.16e-1)"	"unprognostic (2.11e-1)"	"unprognostic (2.99e-1)"	"unprognostic (1.67e-1)"	"unprognostic (8.85e-3)"	"unprognostic (9.67e-3)"	"unprognostic (5.01e-2)"
CCDC149	DKFZp761B107	ENSG00000181982	"Coiled-coil domain containing 149"	Q6ZUS6	4	24803514-24980204	"Predicted intracellular proteins"				"Evidence at protein level"	"Evidence at protein level"	"Evidence at transcript level"	"Evidence at protein level"	"Low tissue specificity"	"Detected in all"			"Cell type enhanced"	"Detected in many"		"Inhibitory neurons: 38.1"	"Low cell type specificity"	"Detected in all"			"Low cancer specificity"	"Detected in all"			"Low region specificity"	"Detected in all"			"Immune cell enhanced"	"Detected in single"		"classical monocyte: 1.5"	"Lineage enriched"	"Detected in single"	5	"monocytes: 1.5"	"Low cancer specificity"	"Detected in many"			"Spleen - Endothelial cells"	"Low region specificity"	"Detected in all"			"Low region specificity"	"Detected in all"			"HPA044158, HPA047913"	Uncertain		Approved	Nucleoli			NA	NA			"Cluster 38: Monocytes & Neutrophils - Degranulation"	"Cluster 32: Endocrine & Neural - Unknown function"	"Cluster 53: Neurons - Mixed function"	"Cluster 27: Breast cancer - Unknown function"	"Cluster 75: Serous glandular cells - Salivary secretion"		Nucleoli		"HPA044158: AB_2678840, HPA047913: AB_2680207"	"unprognostic (1.53e-2)"	"unprognostic (1.07e-1)"	"unprognostic (2.89e-2)"	"unprognostic (1.13e-1)"	"potential prognostic favorable (6.69e-4)"	"unprognostic (1.55e-1)"	"unprognostic (1.31e-1)"	"unprognostic (2.69e-2)"	"unprognostic (8.38e-3)"	"unprognostic (1.01e-1)"	"validated prognostic favorable (3.59e-7)"	"validated prognostic favorable (4.44e-4)"	"unprognostic (2.26e-2)"	"potential prognostic unfavorable (1.45e-6)"	"unprognostic (5.87e-2)"	"unprognostic (5.10e-2)"	"unprognostic (2.91e-2)"	"unprognostic (4.17e-2)"	"unprognostic (7.96e-2)"	"unprognostic (1.40e-1)"	"unprognostic (1.87e-1)"	"unprognostic (7.28e-2)"	"unprognostic (4.46e-1)"	"unprognostic (1.39e-1)"	"unprognostic (2.07e-1)"	"unprognostic (2.39e-2)"	"unprognostic (5.84e-2)"	"unprognostic (1.23e-1)"	"unprognostic (1.40e-1)"	"unprognostic (1.07e-2)"	"unprognostic (5.70e-3)"
CD14		ENSG00000170458	"CD14 molecule"	P08571	5	140631728-140633700	"Cancer-related genes, CD markers, Human disease related genes, Plasma proteins, Predicted secreted proteins, Transporters"	"Immunity, Inflammatory response, Innate immunity"		"Cancer-related genes"	"Evidence at protein level"	"Evidence at protein level"	"Evidence at protein level"	"Evidence at protein level"	"Tissue enhanced"	"Detected in all"		"liver: 347.3"	"Cell type enriched"	"Detected in many"	4	"Hofbauer cells: 2936.8"	"Cell type enriched"	"Detected in many"	12	"central nervous system macrophage: 162.3"	"Low cancer specificity"	"Detected in all"			"Low region specificity"	"Detected in all"			"Immune cell enhanced"	"Detected in all"		"classical monocyte: 3500.8"	"Group enriched"	"Detected in all"	6	"granulocytes: 935.1;monocytes: 3500.8"	"Cancer enhanced"	"Detected in many"		"breast cancer: 11.9;head and neck cancer: 9.9"	"Adipose subcutaneous - Macrophages, Adipose visceral - Macrophages, Colon - Macrophages, Heart muscle - Macrophages, Kidney - Macrophages, Liver - Hepatocytes, Pancreas - Macrophages, Pituitary gland - Macrophages, Prostate - Macrophages, Skeletal muscle - Macrophages, Spleen - Macrophages, Stomach - Macrophages, Thyroid gland - Macrophages"	"Low region specificity"	"Detected in all"			"Low region specificity"	"Detected in all"			"HPA001887, HPA002127, CAB033631, CAB072865, CAB072866"	Enhanced		Approved	Vesicles	"Secreted to blood"	Immunity	NA	NA	2750000000	5800000000	"Cluster 38: Monocytes & Neutrophils - Degranulation"	"Cluster 11: Liver - Plasma proteins"	"Cluster 20: Macrophages & Microglia - Immune response"	"Cluster 27: Breast cancer - Unknown function"	"Cluster 58: Macrophages - Innate immune response"	7	Vesicles		"CAB033631: AB_781932, CAB072865: AB_2665714, CAB072866: AB_2665715, HPA001887: AB_1078442, HPA002127: AB_1078440"	"unprognostic (1.54e-1)"	"unprognostic (2.46e-1)"	"unprognostic (4.70e-1)"	"unprognostic (2.39e-1)"	"unprognostic (6.55e-2)"	"unprognostic (3.82e-2)"	"unprognostic (1.46e-2)"	"unprognostic (5.41e-2)"	"unprognostic (2.31e-1)"	"unprognostic (1.17e-1)"	"unprognostic (3.04e-3)"	"unprognostic (4.92e-1)"	"unprognostic (1.09e-2)"	"unprognostic (2.78e-3)"	"potential prognostic favorable (5.22e-5)"	"unprognostic (1.08e-1)"	"unprognostic (3.00e-2)"	"potential prognostic unfavorable (5.06e-4)"	"unprognostic (6.18e-2)"	"unprognostic (4.14e-3)"	"unprognostic (2.80e-1)"	"unprognostic (4.39e-2)"	"unprognostic (5.05e-2)"	"unprognostic (1.14e-1)"	"unprognostic (4.35e-2)"	"unprognostic (4.57e-2)"	"unprognostic (1.54e-1)"	"unprognostic (2.37e-2)"	"unprognostic (2.77e-3)"	"unprognostic (7.17e-2)"	"unprognostic (8.64e-2)"
CD68	"DKFZp686M18236, GP110, LAMP4, SCARD1"	ENSG00000129226	"CD68 molecule"	P34810	17	7579491-7582111	"CD markers, Plasma proteins, Predicted intracellular proteins, Predicted membrane proteins"				"Evidence at protein level"	"Evidence at protein level"	"Evidence at protein level"	"Evidence at protein level"	"Tissue enhanced"	"Detected in all"		"lung: 346.5;lymphoid tissue: 360.8"	"Cell type enhanced"	"Detected in many"		"Hofbauer cells: 223.6;Kupffer cells: 258.2;Langerhans cells: 80.9;Macrophages: 190.0;Proximal enterocytes: 193.1"	"Cell type enriched"	"Detected in some"	5	"central nervous system macrophage: 88.4"	"Low cancer specificity"	"Detected in all"			"Low region specificity"	"Detected in all"			"Immune cell enhanced"	"Detected in all"		"classical monocyte: 3264.9;intermediate monocyte: 3664.2;non-classical monocyte: 3764.8"	"Group enriched"	"Detected in all"	11	"dendritic cells: 1382.0;monocytes: 3764.8"	"Low cancer specificity"	"Detected in all"			"Adipose subcutaneous - Macrophages, Adipose visceral - Macrophages, Breast - Macrophages, Colon - Macrophages, Heart muscle - Macrophages, Lung - Macrophages, Pituitary gland - Macrophages, Prostate - Macrophages, Skeletal muscle - Macrophages, Skin - Macrophages, Spleen - Macrophages, Stomach - Macrophages, Testis - Macrophages, Thyroid gland - Macrophages"					"Low region specificity"	"Detected in all"			"CAB000051, CAB000066, HPA048982, CAB072861, CAB072862"	Enhanced		Supported	"Golgi apparatus,Vesicles"			NA	NA		11000000	"Cluster 38: Monocytes & Neutrophils - Degranulation"	"Cluster 70: Lymphoid tissue - Immune response"	"Cluster 20: Macrophages & Microglia - Immune response"	"Cluster 14: Myeloid leukemia - Innate immune response"	"Cluster 58: Macrophages - Innate immune response"	11	"Golgi apparatus, Vesicles"		"CAB000051: AB_2314148, CAB000066: AB_2074844, CAB072861: AB_2665705, CAB072862: AB_2665706, HPA048982: AB_2680587"	"unprognostic (9.25e-2)"	"unprognostic (1.97e-1)"	"unprognostic (5.80e-2)"	"unprognostic (3.41e-2)"	"unprognostic (1.47e-1)"	"unprognostic (3.15e-1)"	"unprognostic (1.53e-2)"	"unprognostic (1.00e-2)"	"unprognostic (8.87e-2)"	"unprognostic (6.68e-2)"	"unprognostic (2.00e-2)"	"unprognostic (1.48e-1)"	"unprognostic (2.48e-1)"	"unprognostic (1.53e-3)"	"unprognostic (2.68e-1)"	"unprognostic (5.75e-2)"	"unprognostic (9.00e-3)"	"unprognostic (1.58e-2)"	"unprognostic (3.51e-2)"	"unprognostic (1.26e-2)"	"unprognostic (2.58e-1)"	"unprognostic (2.69e-3)"	"unprognostic (1.10e-1)"	"unprognostic (1.82e-1)"	"unprognostic (1.24e-1)"	"unprognostic (2.09e-1)"	"unprognostic (8.14e-2)"	"unprognostic (1.82e-1)"	"unprognostic (9.50e-3)"	"unprognostic (2.51e-1)"	"unprognostic (2.14e-1)"
CLEC11A	"CLECSF3, LSLCL, P47, SCGF"	ENSG00000105472	"C-type lectin domain containing 11A"	Q9Y240	19	50723364-50725708	"Plasma proteins, Predicted secreted proteins"	Osteogenesis	"Growth factor"		"Evidence at protein level"	"Evidence at transcript level"	"Evidence at protein level"	"Evidence at protein level"	"Tissue enhanced"	"Detected in many"		"bone marrow: 114.3"	"Cell type enhanced"	"Detected in many"		"Distal tubular cells: 129.1;Fibroblasts: 97.6;Melanocytes: 113.4;Ovarian stromal cells: 107.2"	"Low cell type specificity"	"Detected in all"			"Low cancer specificity"	"Detected in all"			"Low region specificity"	"Detected in all"			"Immune cell enhanced"	"Detected in many"		"classical monocyte: 24.1"	"Low lineage specificity"	"Detected in many"			"Cancer enhanced"	"Detected in many"		"Leukemia: 306.3"	"Adipose subcutaneous - Adipose progenitor cells, Adipose visceral - Adipose progenitor cells, Heart muscle - Fibroblasts, Kidney - Fibroblasts, Liver - Hepatic stellate cells, Lung - Fibroblast_2, Skeletal muscle - Fibroblasts, Skin - Fibroblast_1, Spleen - Fibroblast_1, Stomach - Fibroblasts, Thyroid gland - Fibroblasts"	"Low region specificity"	"Detected in many"			"Low region specificity"	"Detected in all"			HPA042690	Approved		Approved	Centrosome	"Secreted in other tissues"	"Growth factor"	NA	NA		980000	"Cluster 2: Dendritic cells - Unknown function"	"Cluster 40: Non-specific - Transcription"	"Cluster 52: Neurons & Synapses - Synaptic function"	"Cluster 35: RS4;11 - Unknown function"	"Cluster 50: Connective tissue cells - ECM organization"	58	Centrosome		"HPA042690: AB_10795511"	"unprognostic (1.39e-3)"	"unprognostic (7.09e-2)"	"unprognostic (7.95e-2)"	"unprognostic (1.82e-1)"	"unprognostic (2.97e-3)"	"unprognostic (2.60e-2)"	"unprognostic (1.04e-1)"	"unprognostic (8.16e-2)"	"unprognostic (2.04e-2)"	"unprognostic (6.43e-2)"	"unprognostic (4.73e-2)"	"unprognostic (7.42e-2)"	"unprognostic (3.15e-2)"	"unprognostic (2.89e-2)"	"unprognostic (2.70e-2)"	"unprognostic (3.50e-1)"	"unprognostic (1.54e-1)"	"unprognostic (1.13e-2)"	"unprognostic (1.68e-1)"	"unprognostic (2.83e-2)"	"unprognostic (1.78e-2)"	"unprognostic (1.12e-1)"	"unprognostic (1.49e-1)"	"unprognostic (6.24e-2)"	"unprognostic (4.34e-2)"	"unprognostic (4.72e-2)"	"unprognostic (6.11e-2)"	"unprognostic (5.11e-2)"	"unprognostic (1.07e-2)"	"unprognostic (2.30e-2)"	"unprognostic (8.22e-3)"
CLEC4G	"LSECTIN, UNQ431"	ENSG00000182566	"C-type lectin domain family 4 member G"	Q6UXB4	19	7728957-7733906	"Predicted intracellular proteins, Predicted membrane proteins"	"Host-virus interaction"	"Host cell receptor for virus entry, Receptor"		"Evidence at protein level"	"Evidence at protein level"	"Evidence at protein level"	"Evidence at protein level"	"Tissue enhanced"	"Detected in many"		"brain: 23.0;liver: 52.9"	"Group enriched"	"Detected in some"	4	"Excitatory neurons: 1.9;Inhibitory neurons: 1.1"	"Cell type enhanced"	"Detected in many"		"upper rhombic lip: 16.2"	"Low cancer specificity"	"Detected in some"			"Low region specificity"	"Detected in many"			"Immune cell enhanced"	"Detected in some"		"classical monocyte: 18.8;myeloid DC: 15.2"	"Group enriched"	"Detected in many"	4	"dendritic cells: 15.2;monocytes: 18.8"	"Not detected"	"Not detected"			"Adipose subcutaneous - Macrophages, Breast - Macrophages, Colon - Macrophages, Kidney - Macrophages, Liver - Sinusoid Endothelial cells, Skeletal muscle - Macrophages, Thyroid gland - Macrophages"	"Not detected"	"Not detected"			"Not detected"	"Not detected"			"CAB003789, HPA014044"	Enhanced						NA	NA			"Cluster 2: Dendritic cells - Unknown function"	"Cluster 83: Liver - Metabolism"	"Cluster 10: Cerebellum - Nucleic acid binding"	"Cluster 14: Myeloid leukemia - Innate immune response"	"Cluster 8: Neurons - Neuronal signaling"	14			"CAB003789: , HPA014044: AB_1846916"	"unprognostic (9.38e-2)"		"unprognostic (1.82e-3)"											"unprognostic (1.10e-1)"	"unprognostic (4.79e-2)"														"unprognostic (1.13e-1)"		
CPVL		ENSG00000106066	"Carboxypeptidase vitellogenic like"	Q9H3G5	7	28995235-29195451	"Enzymes, Predicted intracellular proteins"		"Carboxypeptidase, Hydrolase, Protease"		"Evidence at protein level"	"Evidence at protein level"	"Evidence at protein level"	"Evidence at protein level"	"Tissue enhanced"	"Detected in many"		"choroid plexus: 197.7;lymphoid tissue: 213.4"	"Cell type enhanced"	"Detected in many"		"Hofbauer cells: 344.8;Kupffer cells: 267.2;Langerhans cells: 527.4;Macrophages: 250.9;Schwann cells: 1193.7"	"Cell type enhanced"	"Detected in all"		"central nervous system macrophage: 267.7;choroid plexus epithelial cell: 126.1"	"Low cancer specificity"	"Detected in all"			"Low region specificity"	"Detected in all"			"Immune cell enhanced"	"Detected in all"		"classical monocyte: 1139.6;intermediate monocyte: 955.1;myeloid DC: 1321.5"	"Group enriched"	"Detected in all"	52	"dendritic cells: 1321.5;monocytes: 1139.6"	"Cancer enhanced"	"Detected in many"		"testis cancer: 89.4"	"Adipose subcutaneous - Macrophages, Adrenal gland - Macrophages, Colon - Fibroblasts, Liver - Kupffer cells, Lung - Macrophages, Minor Salivary Gland - Macrophages, Prostate - Fibroblasts, Skin - Langerhans cells, Spleen - Macrophages, Testis - Spermatogonia, Thyroid gland - Thyroid glandular cells"	"Not detected"	"Not detected"			"Low region specificity"	"Detected in all"			"CAB003697, HPA045715, HPA056466"	Enhanced		Approved	"Endoplasmic reticulum"	"Intracellular and membrane"	Enzyme	NA	NA		770000	"Cluster 26: Monocytes - Plasma membrane proteins"	"Cluster 81: Lymphoid tissue & Bone marrow - Innate immune response"	"Cluster 25: Non-specific - Transcription"	"Cluster 15: Kidney cancer - Membrane components"	"Cluster 28: Dendritic cells - Antigen presentation"	32	"Endoplasmic reticulum"		"CAB003697: AB_425990, HPA045715: AB_2679429, HPA056466: AB_2683140"	"unprognostic (2.14e-1)"	"unprognostic (5.92e-2)"	"unprognostic (1.26e-1)"	"unprognostic (2.31e-1)"	"unprognostic (2.08e-2)"	"unprognostic (1.58e-1)"	"unprognostic (1.15e-1)"	"unprognostic (1.44e-2)"	"unprognostic (2.58e-3)"	"unprognostic (2.49e-1)"	"unprognostic (9.72e-3)"	"unprognostic (2.05e-1)"	"unprognostic (3.41e-3)"	"unprognostic (7.51e-3)"	"unprognostic (7.99e-2)"	"unprognostic (3.50e-2)"	"unprognostic (4.66e-2)"	"unprognostic (1.35e-1)"	"unprognostic (4.06e-3)"	"unprognostic (4.05e-2)"	"unprognostic (3.24e-2)"	"unprognostic (2.90e-1)"	"unprognostic (1.65e-2)"	"unprognostic (5.16e-2)"	"unprognostic (2.14e-1)"	"unprognostic (6.03e-2)"	"unprognostic (1.93e-1)"	"unprognostic (2.07e-3)"	"unprognostic (2.30e-1)"	"unprognostic (5.03e-2)"	"unprognostic (7.69e-2)"
CRTAP	"CASP, LEPREL3, P3H5"	ENSG00000170275	"Cartilage associated protein"	O75718	3	33114014-33147773	"Disease related genes, Human disease related genes, Predicted secreted proteins"			"Disease variant, Dwarfism, Osteogenesis imperfecta"	"Evidence at protein level"	"Evidence at transcript level"	"Evidence at protein level"	"Evidence at protein level"	"Low tissue specificity"	"Detected in all"			"Low cell type specificity"	"Detected in many"			"Low cell type specificity"	"Detected in all"			"Low cancer specificity"	"Detected in all"			"Low region specificity"	"Detected in all"			"Immune cell enhanced"	"Detected in all"		"classical monocyte: 377.9"	"Group enriched"	"Detected in all"	5	"dendritic cells: 307.2;monocytes: 377.9"	"Low cancer specificity"	"Detected in all"			"Breast - Fibroblasts, Lung - Fibroblast_1"	"Low region specificity"	"Detected in all"			"Low region specificity"	"Detected in all"			"HPA043598, HPA044150"	Approved		Approved	"Intermediate filaments,Actin filaments,Cytosol"	"Secreted to blood"	"No annotated function"	NA	NA			"Cluster 26: Monocytes - Plasma membrane proteins"	"Cluster 62: Connective tissue - ECM organization"	"Cluster 19: Astrocytes - Mixed function"	"Cluster 44: Connective tissue cells - ECM organization"	"Cluster 49: Non-specific - Transcription"	24	"Intermediate filaments, Actin filaments, Cytosol"		"HPA043598: AB_10960991, HPA044150: AB_10959594"	"unprognostic (2.66e-2)"	"unprognostic (1.65e-1)"	"unprognostic (2.41e-2)"	"unprognostic (4.82e-2)"	"unprognostic (7.99e-2)"	"unprognostic (1.50e-1)"	"unprognostic (1.65e-2)"	"unprognostic (1.21e-3)"	"unprognostic (2.55e-3)"	"unprognostic (7.63e-3)"	"unprognostic (2.40e-3)"	"unprognostic (3.85e-2)"	"unprognostic (3.03e-2)"	"unprognostic (1.09e-2)"	"unprognostic (1.01e-3)"	"unprognostic (2.61e-1)"	"unprognostic (1.20e-2)"	"unprognostic (3.39e-1)"	"unprognostic (2.66e-1)"	"unprognostic (3.76e-2)"	"unprognostic (7.03e-3)"	"unprognostic (3.09e-1)"	"unprognostic (2.93e-3)"	"unprognostic (7.08e-2)"	"unprognostic (1.52e-1)"	"unprognostic (7.80e-3)"	"unprognostic (1.10e-2)"	"unprognostic (7.07e-2)"	"unprognostic (5.69e-2)"	"unprognostic (5.74e-2)"	"potential prognostic favorable (9.23e-4)"
CTSK	"CTSO, CTSO2, PKND, PYCD"	ENSG00000143387	"Cathepsin K"	P43235	1	150794880-150809577	"Disease related genes, Enzymes, Human disease related genes, Metabolic proteins, Plasma proteins, Potential drug targets, Predicted intracellular proteins, Predicted membrane proteins"		"Hydrolase, Protease, Thiol protease"	"Disease variant"	"Evidence at protein level"	"Evidence at protein level"	"Evidence at protein level"	"Evidence at protein level"	"Tissue enhanced"	"Detected in all"		"cervix: 407.1"	"Cell type enhanced"	"Detected in many"		"Fibroblasts: 319.3;Langerhans cells: 84.8;Leydig cells: 121.2;Peritubular cells: 148.9"	"Cell type enhanced"	"Detected in all"		"fibroblast: 46.2"	"Low cancer specificity"	"Detected in all"			"Region enriched"	"Detected in all"	16	"choroid plexus: 31.1"	"Immune cell enhanced"	"Detected in some"		"classical monocyte: 1.9"	"Lineage enriched"	"Detected in single"	5	"monocytes: 1.9"	"Cancer enriched"	"Detected in many"	5	"skin cancer: 65.3"	"Adrenal gland - Fibroblasts, Breast - Fibroblasts, Heart muscle - Fibroblasts, Liver - Hepatic stellate cells, Lung - Fibroblast_2, Minor Salivary Gland - Macrophages, Prostate - Fibroblasts, Skin - Fibroblast_2, Spleen - Fibroblast_1, Stomach - Fibroblasts, Thyroid gland - Fibroblasts"	"Low region specificity"	"Detected in all"			"Low region specificity"	"Detected in all"			HPA050346			Supported	Vesicles	"Intracellular and membrane"	Enzyme	NA	NA		300000	"Cluster 38: Monocytes & Neutrophils - Degranulation"	"Cluster 62: Connective tissue - ECM organization"	"Cluster 36: Choroid plexus - Mixed function"	"Cluster 44: Connective tissue cells - ECM organization"	"Cluster 53: Fibroblasts - ECM organization"	4	Vesicles		"HPA050346: AB_2681101"	"unprognostic (5.10e-3)"	"unprognostic (1.62e-1)"	"unprognostic (9.90e-2)"	"unprognostic (3.28e-2)"	"unprognostic (1.93e-1)"	"unprognostic (1.20e-1)"	"potential prognostic unfavorable (6.99e-4)"	"unprognostic (2.91e-1)"	"unprognostic (8.55e-2)"	"unprognostic (1.33e-1)"	"unprognostic (6.33e-2)"	"unprognostic (9.52e-2)"	"unprognostic (1.12e-1)"	"unprognostic (1.68e-2)"	"unprognostic (1.01e-2)"	"unprognostic (2.12e-1)"	"unprognostic (1.49e-1)"	"unprognostic (1.25e-1)"	"unprognostic (1.63e-1)"	"unprognostic (1.21e-2)"	"potential prognostic unfavorable (2.18e-4)"	"unprognostic (9.64e-2)"	"unprognostic (3.82e-2)"	"unprognostic (3.60e-2)"	"unprognostic (4.60e-2)"	"unprognostic (1.14e-2)"	"unprognostic (3.16e-1)"	"unprognostic (8.30e-3)"	"unprognostic (2.05e-2)"	"unprognostic (2.79e-3)"	"unprognostic (1.06e-1)"
CTSS		ENSG00000163131	"Cathepsin S"	P25774	1	150730079-150765957	"Enzymes, Metabolic proteins, Plasma proteins, Predicted intracellular proteins"		"Hydrolase, Protease, Thiol protease"		"Evidence at protein level"	"Evidence at protein level"	"Evidence at protein level"	"Evidence at protein level"	"Tissue enhanced"	"Detected in all"		"bone marrow: 127.8;lymphoid tissue: 160.8"	"Group enriched"	"Detected in many"	4	"Hofbauer cells: 1232.7;Kupffer cells: 2021.4;Macrophages: 1270.0;monocytes: 3727.9"	"Group enriched"	"Detected in all"	8	"central nervous system macrophage: 216.3;leukocyte: 207.2"	"Low cancer specificity"	"Detected in all"			"Low region specificity"	"Detected in all"			"Immune cell enhanced"	"Detected in all"		"classical monocyte: 2462.4"	"Low lineage specificity"	"Detected in all"			"Cancer enhanced"	"Detected in many"		"lymphoma: 35.9;Myeloma: 33.2"	"Adipose subcutaneous - Macrophages, Adipose visceral - Macrophages, Adrenal gland - Macrophages, Breast - Macrophages, Liver - Kupffer cells, Lung - Macrophages, Minor Salivary Gland - Macrophages, Spleen - Macrophages, Testis - Macrophages"	"Low region specificity"	"Detected in all"			"Low region specificity"	"Detected in all"			"CAB000460, HPA002988"	Supported		Approved	Vesicles	"Intracellular and membrane"	Enzyme	NA	NA		19000000	"Cluster 38: Monocytes & Neutrophils - Degranulation"	"Cluster 81: Lymphoid tissue & Bone marrow - Innate immune response"	"Cluster 20: Macrophages & Microglia - Immune response"	"Cluster 49: HMC-1 - Innate immune response"	"Cluster 29: Monocytes - Innate immune response"	75	Vesicles		"CAB000460: , HPA002988: AB_1078409"	"potential prognostic favorable (6.46e-4)"	"unprognostic (8.77e-2)"	"unprognostic (1.29e-1)"	"unprognostic (2.69e-1)"	"unprognostic (1.88e-2)"	"potential prognostic favorable (8.56e-4)"	"unprognostic (2.02e-1)"	"unprognostic (2.09e-1)"	"unprognostic (1.21e-2)"	"unprognostic (6.03e-2)"	"unprognostic (4.07e-3)"	"unprognostic (7.60e-2)"	"unprognostic (1.76e-1)"	"unprognostic (9.41e-2)"	"unprognostic (2.93e-2)"	"unprognostic (5.98e-3)"	"unprognostic (4.09e-2)"	"potential prognostic unfavorable (5.83e-4)"	"unprognostic (1.89e-1)"	"unprognostic (4.18e-2)"	"unprognostic (2.19e-1)"	"unprognostic (6.76e-2)"	"potential prognostic favorable (8.02e-4)"	"unprognostic (1.01e-1)"	"unprognostic (5.05e-2)"	"unprognostic (9.37e-2)"	"unprognostic (1.28e-1)"	"unprognostic (8.13e-2)"	"unprognostic (5.36e-2)"	"unprognostic (2.36e-1)"	"unprognostic (3.18e-1)"
CYBB	"CGD, GP91-PHOX, NOX2"	ENSG00000165168	"Cytochrome b-245 beta chain"	P04839	X	37780018-37813461	"Disease related genes, Human disease related genes, Potential drug targets, Predicted membrane proteins, Transporters"	"Electron transport, Ion transport, Transport"	"Ion channel, Oxidoreductase, Voltage-gated channel"	"Chronic granulomatous disease, Disease variant"	"Evidence at protein level"	"Evidence at protein level"	"Evidence at protein level"	"Evidence at protein level"	"Tissue enhanced"	"Detected in all"		"bone marrow: 157.3;lymphoid tissue: 145.7"	"Cell type enhanced"	"Detected in many"		"dendritic cells: 329.2;Hofbauer cells: 223.4;Kupffer cells: 356.9;Macrophages: 445.8;monocytes: 644.2"	"Cell type enriched"	"Detected in many"	5	"central nervous system macrophage: 486.8"	"Low cancer specificity"	"Detected in all"			"Low region specificity"	"Detected in all"			"Immune cell enhanced"	"Detected in many"		"classical monocyte: 318.5"	"Group enriched"	"Detected in many"	5	"dendritic cells: 80.2;granulocytes: 106.4;monocytes: 318.5"	"Group enriched"	"Detected in some"	4	"Leukemia: 15.8;lymphoma: 29.8"	"Adipose subcutaneous - Macrophages, Adipose visceral - Macrophages, Adrenal gland - Macrophages, Breast - Macrophages, Colon - Macrophages, Heart muscle - Macrophages, Kidney - Macrophages, Liver - Kupffer cells, Minor Salivary Gland - Macrophages, Pancreas - Macrophages, Pituitary gland - Macrophages, Prostate - Macrophages, Skeletal muscle - Macrophages, Stomach - Macrophages, Testis - Macrophages, Thyroid gland - Macrophages"	"Not detected"	"Not detected"			"Low region specificity"	"Detected in all"			HPA051227	Enhanced						NA	NA		7400	"Cluster 26: Monocytes - Plasma membrane proteins"	"Cluster 81: Lymphoid tissue & Bone marrow - Innate immune response"	"Cluster 20: Macrophages & Microglia - Immune response"	"Cluster 46: Lymphoma - Humoral immune response"	"Cluster 29: Monocytes - Innate immune response"	4			"HPA051227: AB_2681395"	"unprognostic (6.71e-3)"	"unprognostic (8.30e-2)"	"unprognostic (1.93e-1)"	"unprognostic (8.94e-2)"	"unprognostic (1.17e-1)"	"unprognostic (2.43e-1)"	"unprognostic (2.22e-1)"	"unprognostic (1.41e-1)"	"unprognostic (1.02e-1)"	"unprognostic (1.70e-1)"	"unprognostic (1.08e-2)"	"unprognostic (3.95e-1)"	"unprognostic (1.94e-1)"	"unprognostic (1.59e-2)"	"unprognostic (1.34e-1)"	"unprognostic (2.92e-2)"	"unprognostic (3.01e-2)"	"unprognostic (8.52e-2)"	"unprognostic (5.52e-2)"	"unprognostic (1.05e-2)"	"unprognostic (2.54e-1)"	"unprognostic (1.51e-1)"	"unprognostic (7.39e-2)"	"unprognostic (5.77e-2)"	"unprognostic (2.90e-2)"	"unprognostic (1.07e-2)"	"unprognostic (4.88e-2)"	"unprognostic (2.16e-1)"	"unprognostic (3.98e-2)"	"unprognostic (1.71e-1)"	"unprognostic (2.59e-1)"
ENSG00000257767		ENSG00000257767	"Novel protein"		12	111753890-111791418	"Predicted intracellular proteins"				"Evidence at transcript level"	"Evidence at transcript level"			"Tissue enhanced"	"Detected in many"		"adipose tissue: 61.7;skeletal muscle: 36.6"	"Not detected"	"Not detected"							"Cancer enhanced"	"Detected in many"		"Stomach Adenocarcinoma (TCGA): 42.7"	"Low region specificity"	"Detected in all"			"Immune cell enhanced"	"Detected in many"		"classical monocyte: 90.0;myeloid DC: 88.9"	"Group enriched"	"Detected in many"	5	"dendritic cells: 88.9;monocytes: 90.0"	"Low cancer specificity"	"Detected in many"																			NA	NA			"Cluster 26: Monocytes - Plasma membrane proteins"	"Cluster 69: Liver - Oxidoreductase activity"	"Cluster 19: Astrocytes - Mixed function"	"Cluster 57: Stomach & Colon cancer - Digestion"						"unprognostic (4.72e-1)"	"unprognostic (2.73e-1)"		"unprognostic (1.87e-1)"	"unprognostic (1.61e-1)"	"unprognostic (1.29e-2)"	"unprognostic (4.36e-2)"			"unprognostic (3.76e-1)"	"potential prognostic favorable (1.13e-5)"	"unprognostic (3.58e-3)"	"unprognostic (2.23e-1)"	"unprognostic (3.09e-1)"		"unprognostic (8.40e-2)"				"unprognostic (1.67e-1)"					"unprognostic (1.94e-1)"	"unprognostic (1.56e-1)"	"unprognostic (1.16e-1)"	"unprognostic (4.65e-2)"	"unprognostic (2.26e-1)"		"unprognostic (4.64e-1)"
EPHB4	"HTK, Tyro11"	ENSG00000196411	"EPH receptor B4"	P54760	7	100802565-100827523	"Cancer-related genes, Disease related genes, Enzymes, Human disease related genes, Plasma proteins, Potential drug targets, Predicted intracellular proteins, Predicted membrane proteins, Transporters"	Angiogenesis	"Developmental protein, Kinase, Receptor, Transferase, Tyrosine-protein kinase"	"Cancer-related genes, Disease variant"	"Evidence at protein level"	"Evidence at transcript level"	"Evidence at protein level"	"Evidence at protein level"	"Low tissue specificity"	"Detected in many"			"Cell type enhanced"	"Detected in many"		"Cytotrophoblasts: 64.2;Endothelial cells: 58.3;Lymphatic endothelial cells: 69.6;Syncytiotrophoblasts: 198.5"	"Cell type enriched"	"Detected in some"	4	"endothelial cell: 26.8"	"Low cancer specificity"	"Detected in all"			"Low region specificity"	"Detected in all"			"Immune cell enhanced"	"Detected in some"		"classical monocyte: 2.0;neutrophil: 4.3"	"Low lineage specificity"	"Detected in many"			"Low cancer specificity"	"Detected in all"			"Adrenal gland - Adrenal cortex cells, Heart muscle - Endothelial cells, Pituitary gland - Endothelial cells, Testis - Spermatogonia"	"Low region specificity"	"Detected in all"			"Low region specificity"	"Detected in all"			CAB013537	Uncertain						NA	NA		1500000	"Cluster 38: Monocytes & Neutrophils - Degranulation"	"Cluster 7: Adipose tissue - Mixed function"	"Cluster 42: Choroid plexus - Mitochondria"	"Cluster 57: Stomach & Colon cancer - Digestion"	"Cluster 27: Syncytiotrophoblasts - Pregnancy"	24			"CAB013537: "	"unprognostic (2.33e-1)"	"unprognostic (6.93e-3)"	"unprognostic (1.77e-1)"	"potential prognostic unfavorable (4.44e-4)"	"unprognostic (1.28e-3)"	"unprognostic (7.61e-2)"	"unprognostic (2.45e-2)"	"unprognostic (1.20e-2)"	"unprognostic (2.20e-2)"	"unprognostic (1.47e-1)"	"potential prognostic favorable (2.20e-4)"	"unprognostic (4.99e-3)"	"unprognostic (3.85e-2)"	"unprognostic (1.64e-1)"	"unprognostic (6.68e-3)"	"unprognostic (6.19e-2)"	"unprognostic (4.15e-3)"	"unprognostic (5.98e-2)"	"unprognostic (5.42e-2)"	"unprognostic (5.19e-2)"	"unprognostic (2.79e-1)"	"unprognostic (1.03e-3)"	"unprognostic (7.20e-2)"	"unprognostic (1.74e-1)"	"unprognostic (7.34e-2)"	"unprognostic (3.67e-1)"	"unprognostic (2.20e-1)"	"unprognostic (2.15e-1)"	"unprognostic (8.75e-2)"	"unprognostic (8.71e-3)"	"unprognostic (2.87e-2)"
EPHX1	EPHX	ENSG00000143819	"Epoxide hydrolase 1"	P07099	1	225810124-225845563	"Cancer-related genes, Disease related genes, Enzymes, Human disease related genes, Metabolic proteins, Potential drug targets, Predicted intracellular proteins"	"Aromatic hydrocarbons catabolism, Detoxification, Lipid metabolism"	Hydrolase	"Cancer-related genes"	"Evidence at protein level"	"Evidence at protein level"	"Evidence at protein level"	"Evidence at protein level"	"Tissue enhanced"	"Detected in all"		"adrenal gland: 1141.8;liver: 1652.5"	"Cell type enhanced"	"Detected in many"		"Hepatocytes: 650.1;Ionocytes: 351.2;Oocytes: 536.0;Ovarian stromal cells: 349.9"	"Cell type enhanced"	"Detected in all"		"fibroblast: 139.5;pericyte: 153.9"	"Cancer enriched"	"Detected in all"	5	"Liver Hepatocellular Carcinoma (TCGA): 2047.5"	"Low region specificity"	"Detected in all"			"Immune cell enhanced"	"Detected in single"		"classical monocyte: 2.6"	"Low lineage specificity"	"Detected in single"			"Low cancer specificity"	"Detected in all"			"Adrenal gland - Adrenal cortex cells, Liver - Hepatocytes"	"Low region specificity"	"Detected in all"			"Low region specificity"	"Detected in all"			"HPA020593, HPA048847"	Enhanced						NA	NA		200000	"Cluster 10: Non-specific - Membrane trafficking"	"Cluster 83: Liver - Metabolism"	"Cluster 42: Choroid plexus - Mitochondria"	"Cluster 7: Liver cancer - Metabolism"	"Cluster 53: Fibroblasts - ECM organization"	19			"HPA020593: AB_10601373, HPA048847: AB_2680538"	"unprognostic (2.66e-1)"	"potential prognostic unfavorable (8.17e-4)"	"unprognostic (1.04e-1)"	"unprognostic (3.21e-1)"	"unprognostic (1.30e-1)"	"unprognostic (1.45e-1)"	"unprognostic (3.88e-1)"	"unprognostic (1.19e-2)"	"unprognostic (6.27e-2)"	"unprognostic (4.71e-3)"	"validated prognostic favorable (2.35e-4)"	"validated prognostic favorable (6.57e-4)"	"unprognostic (4.90e-3)"	"unprognostic (4.65e-2)"	"potential prognostic favorable (2.65e-4)"	"potential prognostic favorable (5.52e-6)"	"unprognostic (1.19e-1)"	"unprognostic (1.23e-1)"	"unprognostic (2.35e-1)"	"unprognostic (1.78e-2)"	"unprognostic (4.07e-1)"	"unprognostic (2.61e-1)"	"unprognostic (7.06e-2)"	"unprognostic (1.16e-2)"	"unprognostic (6.22e-3)"	"unprognostic (1.24e-1)"	"unprognostic (5.46e-2)"	"unprognostic (3.87e-1)"	"unprognostic (1.59e-1)"	"unprognostic (4.44e-2)"	"unprognostic (1.17e-1)"
F13A1	F13A	ENSG00000124491	"Coagulation factor XIII A chain"	P00488	6	6144084-6321013	"Cancer-related genes, Candidate cardiovascular disease genes, Disease related genes, Enzymes, FDA approved drug targets, Human disease related genes, Metabolic proteins, Plasma proteins, Predicted intracellular proteins, Predicted secreted proteins"	"Blood coagulation, Hemostasis"	"Acyltransferase, Transferase"	"Cancer-related genes, Disease variant, FDA approved drug targets"	"Evidence at protein level"	"Evidence at protein level"	"Evidence at protein level"	"Evidence at protein level"	"Tissue enhanced"	"Detected in all"		"adipose tissue: 224.8;placenta: 473.0"	"Group enriched"	"Detected in many"	4	"Hofbauer cells: 791.5;Langerhans cells: 206.4;Macrophages: 321.2"	"Cell type enhanced"	"Detected in many"		"central nervous system macrophage: 99.1;fibroblast: 174.2"	"Low cancer specificity"	"Detected in all"			"Low region specificity"	"Detected in all"			"Immune cell enhanced"	"Detected in many"		"classical monocyte: 141.3;myeloid DC: 179.8"	"Group enriched"	"Detected in many"	184	"dendritic cells: 179.8;granulocytes: 50.0;monocytes: 141.3"	"Cancer enhanced"	"Detected in some"		"cervical cancer: 13.1;Leukemia: 20.7"	"Adipose subcutaneous - Macrophages, Adipose visceral - Macrophages, Adrenal gland - Macrophages, Breast - Macrophages, Colon - Macrophages, Heart muscle - Macrophages, Minor Salivary Gland - Macrophages, Pituitary gland - Macrophages, Prostate - Macrophages, Skeletal muscle - Macrophages, Spleen - Platelets, Stomach - Macrophages, Testis - Macrophages, Thyroid gland - Macrophages"	"Low region specificity"	"Detected in all"			"Low region specificity"	"Detected in some"			"HPA001804, CAB002155"	Enhanced				"Secreted to blood"	"Blood coagulation"	NA	NA		2200000000	"Cluster 38: Monocytes & Neutrophils - Degranulation"	"Cluster 58: Placenta - Pregnancy"	"Cluster 8: Immune cells - Immune response"	"Cluster 14: Myeloid leukemia - Innate immune response"	"Cluster 58: Macrophages - Innate immune response"	15			"CAB002155: AB_564077, HPA001804: AB_1078792"	"unprognostic (1.58e-1)"	"unprognostic (1.71e-1)"	"unprognostic (3.05e-1)"	"unprognostic (1.49e-2)"	"unprognostic (1.69e-1)"	"unprognostic (6.99e-3)"	"unprognostic (6.41e-3)"	"unprognostic (3.38e-3)"	"unprognostic (4.55e-2)"	"unprognostic (1.18e-1)"	"unprognostic (2.02e-2)"	"unprognostic (1.01e-1)"	"unprognostic (3.27e-2)"	"unprognostic (3.94e-2)"	"unprognostic (3.04e-2)"	"unprognostic (1.05e-2)"	"unprognostic (8.60e-3)"	"potential prognostic unfavorable (3.86e-4)"	"unprognostic (1.59e-1)"	"unprognostic (2.11e-2)"	"unprognostic (1.15e-2)"	"unprognostic (2.40e-2)"	"unprognostic (1.31e-1)"	"unprognostic (4.81e-1)"	"unprognostic (1.46e-1)"	"unprognostic (3.87e-2)"	"unprognostic (1.90e-2)"	"unprognostic (5.49e-3)"	"unprognostic (1.76e-1)"	"unprognostic (1.52e-1)"	"unprognostic (1.30e-1)"
FOLR2	FRbeta	ENSG00000165457	"Folate receptor beta"	P14207	11	72216601-72221950	"Metabolic proteins, Predicted intracellular proteins, Predicted membrane proteins, Predicted secreted proteins"	Transport	Receptor		"Evidence at protein level"	"Evidence at transcript level"	"Evidence at protein level"	"Evidence at protein level"	"Tissue enhanced"	"Detected in many"		"placenta: 162.7"	"Cell type enriched"	"Detected in many"	5	"Hofbauer cells: 987.4"	"Cell type enriched"	"Detected in some"	23	"central nervous system macrophage: 38.2"	"Low cancer specificity"	"Detected in all"			"Low region specificity"	"Detected in all"			"Immune cell enhanced"	"Detected in many"		"classical monocyte: 64.4;intermediate monocyte: 50.8"	"Group enriched"	"Detected in many"	4	"dendritic cells: 18.8;monocytes: 64.4"	"Group enriched"	"Detected in some"	18	"Leukemia: 1.8;lymphoma: 4.2"	"Adipose subcutaneous - Macrophages, Adipose visceral - Macrophages, Adrenal gland - Macrophages, Breast - Macrophages, Colon - Macrophages, Heart muscle - Macrophages, Kidney - Macrophages, Liver - Kupffer cells, Lung - Macrophages, Minor Salivary Gland - Macrophages, Pancreas - Macrophages, Pituitary gland - Macrophages, Skeletal muscle - Macrophages, Spleen - Macrophages, Testis - Macrophages, Thyroid gland - Macrophages"	"Low region specificity"	"Detected in all"			"Low region specificity"	"Detected in all"								"Secreted to blood"	Receptor	NA	NA	4000000	8000000	"Cluster 26: Monocytes - Plasma membrane proteins"	"Cluster 58: Placenta - Pregnancy"	"Cluster 23: Choroid plexus - Mixed function"	"Cluster 46: Lymphoma - Humoral immune response"	"Cluster 58: Macrophages - Innate immune response"					"unprognostic (2.38e-1)"	"unprognostic (2.13e-1)"	"unprognostic (1.29e-1)"	"unprognostic (1.18e-1)"	"unprognostic (5.02e-2)"	"unprognostic (5.95e-2)"	"unprognostic (1.89e-1)"	"unprognostic (6.93e-2)"	"unprognostic (2.17e-1)"	"unprognostic (1.67e-1)"	"unprognostic (2.24e-2)"	"unprognostic (5.90e-2)"	"unprognostic (2.59e-3)"	"unprognostic (8.88e-2)"	"unprognostic (4.35e-2)"	"potential prognostic favorable (6.27e-4)"	"unprognostic (3.82e-2)"	"potential prognostic unfavorable (8.05e-4)"	"unprognostic (3.23e-1)"	"unprognostic (6.99e-2)"	"unprognostic (3.87e-2)"	"unprognostic (1.48e-1)"	"unprognostic (3.24e-1)"	"unprognostic (2.30e-1)"	"unprognostic (2.51e-2)"	"unprognostic (9.65e-2)"	"unprognostic (9.34e-2)"	"unprognostic (1.73e-3)"	"unprognostic (3.38e-2)"	"unprognostic (5.49e-3)"	"unprognostic (3.12e-2)"
FZD2		ENSG00000180340	"Frizzled class receptor 2"	Q14332	17	44557484-44561262	"Cancer-related genes, Disease related genes, G-protein coupled receptors, Human disease related genes, Potential drug targets, Predicted membrane proteins"	"Wnt signaling pathway"	"Developmental protein, G-protein coupled receptor, Receptor, Transducer"	"Cancer-related genes, Disease variant"	"Evidence at protein level"	"Evidence at transcript level"	"Evidence at protein level"	"Evidence at protein level"	"Tissue enhanced"	"Detected in many"		"choroid plexus: 9.2"	"Cell type enhanced"	"Detected in many"		"Alveolar cells type 1: 20.0;Leydig cells: 40.8;Peritubular cells: 35.4"	"Cell type enhanced"	"Detected in some"		"central nervous system macrophage: 16.0;choroid plexus epithelial cell: 14.4;fibroblast: 24.3"	"Low cancer specificity"	"Detected in many"			"Region enriched"	"Detected in all"	6	"choroid plexus: 21.1"	"Immune cell enhanced"	"Detected in some"		"classical monocyte: 1.1;myeloid DC: 1.8"	"Group enriched"	"Detected in many"	7	"dendritic cells: 1.8;monocytes: 1.1"	"Low cancer specificity"	"Detected in all"			"Thyroid gland - Fibroblasts"	"Low region specificity"	"Detected in many"			"Low region specificity"	"Detected in many"			HPA057667	Uncertain		Approved	"Nucleoplasm,Nuclear bodies,Cell Junctions,Actin filaments,Basal body"			NA	NA			"Cluster 2: Dendritic cells - Unknown function"	"Cluster 8: Ciliated cells - Cilium organization"	"Cluster 36: Choroid plexus - Mixed function"	"Cluster 72: Neuronal - Signal transduction"	"Cluster 50: Connective tissue cells - ECM organization"		"Nucleoplasm, Nuclear bodies, Cell Junctions"	"Actin filaments, Basal body"	"HPA057667: AB_2683497"	"unprognostic (4.96e-2)"	"unprognostic (3.28e-2)"	"unprognostic (4.14e-1)"	"unprognostic (3.76e-2)"	"unprognostic (3.51e-2)"	"unprognostic (3.07e-1)"	"unprognostic (6.49e-2)"	"unprognostic (1.20e-3)"	"unprognostic (8.27e-3)"	"unprognostic (3.20e-1)"	"validated prognostic unfavorable (6.80e-5)"	"validated prognostic unfavorable (9.98e-4)"	"unprognostic (1.09e-1)"			"unprognostic (1.36e-1)"	"unprognostic (9.37e-2)"	"unprognostic (1.82e-1)"	"unprognostic (7.84e-3)"	"unprognostic (9.78e-2)"	"unprognostic (3.92e-1)"	"unprognostic (6.39e-3)"	"unprognostic (7.95e-2)"	"unprognostic (1.56e-1)"	"unprognostic (3.68e-1)"	"unprognostic (4.58e-2)"	"unprognostic (1.00e-1)"	"unprognostic (5.16e-3)"	"unprognostic (5.35e-2)"	"unprognostic (7.95e-3)"	"unprognostic (2.66e-2)"
HOMER3	HOMER-3	ENSG00000051128	"Homer scaffold protein 3"	Q9NSC5	19	18929201-18941261	"Predicted intracellular proteins"				"Evidence at protein level"	"Evidence at protein level"	"Evidence at protein level"	"Evidence at protein level"	"Low tissue specificity"	"Detected in all"			"Cell type enhanced"	"Detected in many"		"Hofbauer cells: 76.3;Lymphatic endothelial cells: 107.0;Muller glia cells: 74.0;Proximal tubular cells: 79.7"	"Cell type enhanced"	"Detected in some"		"bergmann glia: 6.2;cerebellar inhibitory: 19.8"	"Low cancer specificity"	"Detected in all"			"Low region specificity"	"Detected in all"			"Immune cell enhanced"	"Detected in many"		"classical monocyte: 15.1"	"Low lineage specificity"	"Detected in many"			"Low cancer specificity"	"Detected in all"			"Adipose subcutaneous - Adipose progenitor cells, Adipose visceral - Adipose progenitor cells, Liver - Vascular Endothelial cells"	"Region enriched"	"Detected in all"	6	"cerebellum: 189.2"	"Low region specificity"	"Detected in all"			"CAB032656, HPA040999, CAB079015"	Enhanced	Supported	Supported	"Plasma membrane,Cytosol,Cytoplasmic bodies"			NA	NA			"Cluster 38: Monocytes & Neutrophils - Degranulation"	"Cluster 79: Non-specific - Transcription"	"Cluster 25: Non-specific - Transcription"	"Cluster 51: Myeloma - Immunoglobulins"	"Cluster 54: Lymphatic endothelial cells - Lymph vessel development"	85	Cytosol	"Plasma membrane, Cytoplasmic bodies"	"CAB032656: AB_2120801, CAB079015: , HPA040999: AB_2677242"	"unprognostic (5.02e-2)"	"unprognostic (1.89e-1)"	"unprognostic (5.91e-3)"	"unprognostic (3.14e-1)"	"unprognostic (4.00e-3)"	"unprognostic (4.85e-2)"	"unprognostic (3.42e-1)"	"unprognostic (2.15e-2)"	"unprognostic (3.93e-2)"	"unprognostic (1.28e-1)"	"unprognostic (2.38e-3)"	"unprognostic (8.86e-2)"	"unprognostic (2.88e-2)"	"potential prognostic unfavorable (2.20e-5)"	"unprognostic (1.05e-1)"	"unprognostic (8.22e-2)"	"unprognostic (2.61e-3)"	"unprognostic (1.67e-3)"	"unprognostic (1.70e-1)"	"unprognostic (2.13e-1)"	"unprognostic (4.66e-2)"	"unprognostic (5.38e-2)"	"unprognostic (1.50e-3)"	"unprognostic (1.49e-2)"	"unprognostic (5.79e-2)"	"unprognostic (1.36e-2)"	"unprognostic (8.11e-3)"	"unprognostic (1.84e-2)"	"unprognostic (8.23e-2)"	"unprognostic (2.19e-2)"	"unprognostic (3.57e-2)"
HPSE	"HPA, HPSE1, HSE1"	ENSG00000173083	Heparanase	Q9Y251	4	83292461-83335153	"Enzymes, Metabolic proteins, Predicted secreted proteins"	"Cell adhesion"	Hydrolase		"Evidence at protein level"	"Evidence at protein level"	"Evidence at protein level"	"Evidence at protein level"	"Low tissue specificity"	"Detected in many"			"Cell type enhanced"	"Detected in many"		"Hofbauer cells: 32.7;Kupffer cells: 37.4;Macrophages: 21.1;Suprabasal keratinocytes: 23.5"	"Cell type enriched"	"Detected in some"	7	"central nervous system macrophage: 59.3"	"Low cancer specificity"	"Detected in many"			"Low region specificity"	"Detected in all"			"Immune cell enhanced"	"Detected in many"		"classical monocyte: 27.2;neutrophil: 18.6"	"Group enriched"	"Detected in many"	4	"granulocytes: 18.6;monocytes: 27.2"	"Low cancer specificity"	"Detected in all"			"Breast - Macrophages"	"Region enhanced"	"Detected in some"		"olfactory bulb: 3.7"	"Low region specificity"	"Detected in all"			"CAB009813, HPA055344"			Supported	Nucleoplasm,Vesicles	"Secreted to extracellular matrix"	"Cell adhesion"	No	No		11000000	"Cluster 38: Monocytes & Neutrophils - Degranulation"	"Cluster 29: Squamous epithelium - Innate immune response"	"Cluster 30: White matter - Myelination"	"Cluster 53: Squamous epithelial cells - Keratinization"	"Cluster 29: Monocytes - Innate immune response"	5	Nucleoplasm	Vesicles	"CAB009813: AB_2120854, HPA055344: "	"unprognostic (1.21e-3)"	"unprognostic (1.49e-2)"	"unprognostic (7.80e-2)"	"unprognostic (1.68e-3)"	"unprognostic (1.37e-1)"	"unprognostic (2.95e-2)"	"unprognostic (3.00e-1)"	"unprognostic (4.48e-2)"	"unprognostic (2.83e-1)"	"unprognostic (4.26e-2)"	"unprognostic (1.85e-2)"	"unprognostic (2.77e-1)"	"unprognostic (3.37e-1)"		"unprognostic (9.39e-2)"	"unprognostic (5.24e-3)"	"unprognostic (1.06e-2)"	"unprognostic (7.15e-2)"	"unprognostic (8.66e-2)"	"unprognostic (2.45e-1)"	"unprognostic (2.85e-1)"	"unprognostic (1.55e-2)"	"unprognostic (2.84e-1)"		"unprognostic (2.65e-1)"	"unprognostic (1.30e-1)"	"unprognostic (4.67e-2)"	"unprognostic (8.85e-2)"	"unprognostic (3.85e-2)"	"unprognostic (1.18e-1)"	"potential prognostic unfavorable (6.82e-4)"
IL10	"CSIF, IL-10, IL10A, TGIF"	ENSG00000136634	"Interleukin 10"	P22301	1	206767602-206774541	"Cancer-related genes, Candidate cardiovascular disease genes, Human disease related genes, Plasma proteins, Predicted intracellular proteins, Predicted secreted proteins"		Cytokine	"Cancer-related genes, Disease variant"	"Evidence at protein level"	"Evidence at transcript level"	"Evidence at protein level"	"Evidence at protein level"	"Tissue enhanced"	"Detected in many"		"adipose tissue: 5.4;lymphoid tissue: 6.7"	"Group enriched"	"Detected in some"	6	"Hofbauer cells: 32.4;Kupffer cells: 56.2;Langerhans cells: 44.9;Macrophages: 114.5;monocytes: 118.4"	"Cell type enriched"	"Detected in single"	7	"central nervous system macrophage: 6.4"	"Low cancer specificity"	"Detected in many"			"Region enhanced"	"Detected in many"		"thalamus: 5.7"	"Immune cell enhanced"	"Detected in some"		"classical monocyte: 1.6;intermediate monocyte: 1.3"	"Lineage enriched"	"Detected in single"	5	"monocytes: 1.6"	"Cancer enriched"	"Detected in some"	8	"lymphoma: 15.9"	"Adipose subcutaneous - Macrophages, Adrenal gland - Macrophages, Testis - Late spermatids, Thyroid gland - Macrophages"	"Not detected"	"Not detected"			"Low region specificity"	"Detected in many"			"CAB013120, HPA071391"	Approved				"Secreted to blood"	Interleukin	NA	NA	5670		"Cluster 40: Monocytes - Innate immune response"	"Cluster 70: Lymphoid tissue - Immune response"	"Cluster 12: Non-specific - Vasculature"	"Cluster 71: Lymphoma - Inflammatory response"	"Cluster 29: Monocytes - Innate immune response"	13			"CAB013120: , HPA071391: "	"unprognostic (2.14e-1)"	"unprognostic (1.93e-2)"	"unprognostic (2.10e-1)"			"unprognostic (2.27e-1)"	"unprognostic (9.10e-2)"	"unprognostic (4.93e-1)"			"unprognostic (1.43e-1)"	"unprognostic (9.51e-2)"				"unprognostic (1.94e-3)"	"unprognostic (1.43e-2)"	"unprognostic (1.04e-1)"	"unprognostic (2.78e-1)"	"unprognostic (1.16e-1)"	"unprognostic (1.88e-1)"		"unprognostic (1.62e-2)"			"unprognostic (2.75e-2)"		"unprognostic (9.09e-2)"	"unprognostic (2.31e-3)"		"unprognostic (4.72e-3)"
IQSEC2	"BRAG1, IQ-ArfGEF, KIAA0522, MRX1, MRX18, MRX78"	ENSG00000124313	"IQ motif and Sec7 domain ArfGEF 2"	Q5JU85	X	53225828-53321350	"Disease related genes, Human disease related genes, Predicted intracellular proteins"			"Disease variant, Intellectual disability"	"Evidence at protein level"	"Evidence at transcript level"	"Evidence at protein level"	"Evidence at protein level"	"Tissue enhanced"	"Detected in all"		"skeletal muscle: 56.6"	"Cell type enhanced"	"Detected in many"		"Excitatory neurons: 52.2;Late spermatids: 66.2;Proximal enterocytes: 43.7;Proximal tubular cells: 48.5"	"Low cell type specificity"	"Detected in all"			"Low cancer specificity"	"Detected in all"			"Low region specificity"	"Detected in all"			"Immune cell enhanced"	"Detected in some"		"classical monocyte: 10.4;plasmacytoid DC: 10.6"	"Group enriched"	"Detected in many"	17	"dendritic cells: 10.6;monocytes: 10.4"	"Low cancer specificity"	"Detected in many"			"Testis - Late spermatids"	"Low region specificity"	"Detected in all"			"Low region specificity"	"Detected in all"			"HPA003973, HPA076533"			Approved	"Vesicles,Lipid droplets"			NA	NA			"Cluster 2: Dendritic cells - Unknown function"	"Cluster 79: Non-specific - Transcription"	"Cluster 51: Neurons - Mixed function"	"Cluster 36: Non-specific - mRNA processing"	"Cluster 34: Neurons - Neuronal signaling"	5	"Vesicles, Lipid droplets"		"HPA003973: AB_2280343, HPA076533: "	"unprognostic (1.91e-1)"	"unprognostic (3.49e-2)"	"unprognostic (4.34e-1)"	"unprognostic (1.79e-1)"	"unprognostic (3.23e-1)"	"unprognostic (3.81e-2)"	"unprognostic (2.89e-3)"	"unprognostic (1.63e-1)"	"unprognostic (2.25e-1)"	"unprognostic (5.08e-2)"	"potential prognostic favorable (4.83e-4)"	"unprognostic (7.36e-2)"	"unprognostic (1.59e-1)"	"unprognostic (2.83e-2)"	"unprognostic (5.32e-2)"	"unprognostic (6.71e-3)"	"potential prognostic unfavorable (4.75e-4)"	"unprognostic (2.77e-1)"	"unprognostic (4.12e-2)"	"unprognostic (8.73e-2)"	"unprognostic (2.56e-1)"	"unprognostic (1.57e-2)"	"unprognostic (7.01e-2)"	"unprognostic (4.10e-2)"	"unprognostic (3.13e-1)"	"unprognostic (9.00e-2)"	"unprognostic (1.95e-1)"	"unprognostic (5.39e-3)"	"unprognostic (1.75e-1)"	"unprognostic (1.25e-1)"	"unprognostic (2.64e-1)"
KCTD12	"C13orf2, KIAA1778, PFET1"	ENSG00000178695	"Potassium channel tetramerization domain containing 12"	Q96CX2	13	76880175-76886405	"Plasma proteins, Predicted intracellular proteins"				"Evidence at protein level"	"Evidence at transcript level"	"Evidence at protein level"	"Evidence at protein level"	"Low tissue specificity"	"Detected in all"			"Cell type enhanced"	"Detected in many"		"Adipocytes: 286.9;Endothelial cells: 270.2;Enteroendocrine cells: 383.0;Hofbauer cells: 225.0;Kupffer cells: 393.1;Macrophages: 290.1"	"Cell type enhanced"	"Detected in many"		"central nervous system macrophage: 178.8;endothelial cell: 143.2"	"Low cancer specificity"	"Detected in all"			"Low region specificity"	"Detected in all"			"Immune cell enhanced"	"Detected in many"		"classical monocyte: 3.9;myeloid DC: 3.7"	"Group enriched"	"Detected in many"	17	"dendritic cells: 3.7;granulocytes: 1.0;monocytes: 3.9"	"Cancer enhanced"	"Detected in all"		"Neuroblastoma: 43.5"	"Adipose subcutaneous - Endothelial cells, Breast - Endothelial cells, Skeletal muscle - Endothelial cells, Thyroid gland - Fibroblasts"	"Low region specificity"	"Detected in all"			"Low region specificity"	"Detected in all"			"HPA056987, HPA077376"		Supported	Uncertain	Mitochondria			NA	NA		14000000	"Cluster 2: Dendritic cells - Unknown function"	"Cluster 62: Connective tissue - ECM organization"	"Cluster 44: Non-specific - Mixed function"	"Cluster 48: Adipocytes & Endothelial cells - Angiogenesis"	"Cluster 58: Macrophages - Innate immune response"	5	Mitochondria		"HPA056987: , HPA077376: "	"unprognostic (1.32e-2)"	"unprognostic (7.19e-2)"	"unprognostic (2.06e-1)"	"unprognostic (5.96e-3)"	"unprognostic (2.52e-1)"	"unprognostic (1.28e-1)"	"unprognostic (1.85e-1)"	"unprognostic (1.88e-2)"	"unprognostic (5.25e-2)"	"unprognostic (2.96e-1)"	"potential prognostic favorable (5.53e-6)"	"unprognostic (1.78e-1)"	"unprognostic (1.24e-1)"	"unprognostic (7.50e-2)"	"unprognostic (8.34e-2)"	"unprognostic (1.62e-3)"	"unprognostic (1.60e-2)"	"unprognostic (3.15e-1)"	"unprognostic (1.38e-1)"	"unprognostic (3.67e-2)"	"unprognostic (3.34e-2)"	"unprognostic (1.31e-2)"	"unprognostic (7.64e-2)"	"unprognostic (8.51e-2)"	"unprognostic (1.55e-1)"	"unprognostic (1.33e-1)"	"unprognostic (1.75e-2)"	"unprognostic (2.70e-3)"	"unprognostic (6.13e-2)"	"unprognostic (1.27e-1)"	"unprognostic (4.23e-2)"
LDLRAD3	LRAD3	ENSG00000179241	"Low density lipoprotein receptor class A domain containing 3"	Q86YD5	11	35943981-36232136	"Predicted membrane proteins"	"Host-virus interaction"	Receptor		"Evidence at protein level"	"Evidence at transcript level"	"Evidence at protein level"	"Evidence at protein level"	"Tissue enhanced"	"Detected in all"		"brain: 28.4"	"Cell type enhanced"	"Detected in many"		"Astrocytes: 87.6;Excitatory neurons: 66.5;Microglial cells: 100.2;Oligodendrocyte precursor cells: 289.6;Oligodendrocytes: 200.6"	"Cell type enhanced"	"Detected in many"		"endothelial cell: 563.6;fibroblast: 579.3"	"Low cancer specificity"	"Detected in all"			"Low region specificity"	"Detected in all"			"Immune cell enhanced"	"Detected in some"		"classical monocyte: 4.8;non-classical monocyte: 6.5"	"Low lineage specificity"	"Detected in many"			"Low cancer specificity"	"Detected in all"				"Low region specificity"	"Detected in all"			"Low region specificity"	"Detected in all"			HPA038251	Approved		Approved	"Cell Junctions"			NA	NA			"Cluster 38: Monocytes & Neutrophils - Degranulation"	"Cluster 34: Non-specific - Mixed function"	"Cluster 30: White matter - Myelination"	"Cluster 69: Skin cancer - ECM organization"	"Cluster 76: Oligodendrocyte precursor - Unknown function"		"Cell Junctions"		"HPA038251: AB_10675790"	"unprognostic (5.55e-2)"	"unprognostic (6.45e-3)"	"unprognostic (1.14e-1)"	"unprognostic (2.03e-3)"	"unprognostic (4.16e-3)"	"unprognostic (2.48e-1)"	"unprognostic (9.63e-2)"	"unprognostic (2.90e-1)"	"unprognostic (2.20e-1)"	"unprognostic (8.37e-3)"	"unprognostic (1.12e-1)"	"unprognostic (1.39e-2)"	"unprognostic (7.10e-3)"	"unprognostic (1.88e-2)"	"unprognostic (7.96e-3)"	"potential prognostic unfavorable (1.61e-9)"	"unprognostic (1.19e-1)"	"unprognostic (2.17e-1)"	"unprognostic (1.86e-1)"	"unprognostic (5.73e-2)"	"unprognostic (1.26e-1)"	"unprognostic (6.00e-2)"	"unprognostic (6.53e-3)"	"unprognostic (6.56e-2)"	"unprognostic (7.71e-2)"	"unprognostic (2.29e-2)"	"unprognostic (1.03e-1)"	"unprognostic (4.99e-2)"	"unprognostic (1.62e-1)"	"unprognostic (3.87e-2)"	"unprognostic (4.01e-2)"
LRAT	LCA14	ENSG00000121207	"Lecithin retinol acyltransferase"	O95237	4	154626945-154753120	"Disease related genes, Enzymes, Human disease related genes, Metabolic proteins, Potential drug targets, Predicted intracellular proteins, Predicted membrane proteins"	"Lipid metabolism, Sensory transduction, Vision"	"Acyltransferase, Transferase"	"Disease variant, Leber congenital amaurosis"	"Evidence at protein level"	"Evidence at transcript level"	"Evidence at protein level"	"Evidence at protein level"	"Tissue enhanced"	"Detected in some"		"liver: 2.1"	"Cell type enhanced"	"Detected in many"		"Early spermatids: 22.5;Granulosa cells: 31.5;Schwann cells: 48.8"	"Group enriched"	"Detected in many"	5	"astrocyte: 62.5;choroid plexus epithelial cell: 85.1"	"Low cancer specificity"	"Detected in some"			"Low region specificity"	"Detected in many"			"Immune cell enhanced"	"Detected in some"		"classical monocyte: 1.9"	"Low lineage specificity"	"Detected in many"			"Not detected"	"Not detected"			"Colon - Enteric glia cells, Lung - Alveolar cells type 2, Skin - Outer root sheath cells, Thyroid gland - Thyroid glandular cells"	"Not detected"	"Not detected"			"Low region specificity"	"Detected in all"			HPA070726			Approved	"Endoplasmic reticulum,Golgi apparatus,Plasma membrane,Basal body"			NA	NA			"Cluster 38: Monocytes & Neutrophils - Degranulation"	"Cluster 9: Oligodendrocytes - Myelination"	"Cluster 39: Astrocytes - Mixed function"	"Cluster 69: Skin cancer - ECM organization"	"Cluster 26: Schwann cells & Melanocytes - Mixed function"	3	"Endoplasmic reticulum, Golgi apparatus"	"Plasma membrane, Basal body"	"HPA070726: "			"unprognostic (2.23e-1)"	"unprognostic (1.87e-1)"				"unprognostic (4.95e-2)"		"unprognostic (2.04e-1)"		"unprognostic (2.46e-1)"											"unprognostic (3.32e-2)"						"unprognostic (2.60e-2)"		"unprognostic (6.11e-2)"
LY86	"dJ80N2.1, MD-1"	ENSG00000112799	"Lymphocyte antigen 86"	O95711	6	6588108-6654983	"Predicted secreted proteins"	"Immunity, Inflammatory response, Innate immunity"			"Evidence at protein level"	"Evidence at transcript level"	"Evidence at protein level"	"Evidence at protein level"	"Tissue enhanced"	"Detected in many"		"lymphoid tissue: 76.2"	"Cell type enhanced"	"Detected in many"		"B-cells: 152.4;Hofbauer cells: 255.0;Kupffer cells: 155.6;Langerhans cells: 122.7;Macrophages: 132.9;Microglial cells: 101.1;Schwann cells: 65.3"	"Cell type enriched"	"Detected in many"	26	"central nervous system macrophage: 762.5"	"Cancer enhanced"	"Detected in all"		"Glioblastoma Multiforme (TCGA): 57.0"	"Low region specificity"	"Detected in all"			"Immune cell enhanced"	"Detected in many"		"classical monocyte: 427.5;myeloid DC: 427.0"	"Group enriched"	"Detected in all"	43	"B-cells: 336.4;dendritic cells: 427.0;monocytes: 427.5"	"Group enriched"	"Detected in some"	4	"Leukemia: 42.0;lymphoma: 44.4"	"Adipose subcutaneous - Macrophages, Adipose visceral - Macrophages, Adrenal gland - Macrophages, Colon - Macrophages, Kidney - Macrophages, Liver - Kupffer cells, Lung - Macrophages, Minor Salivary Gland - Macrophages, Pancreas - Macrophages, Prostate - Macrophages, Skeletal muscle - Macrophages, Stomach - Macrophages, Thyroid gland - Macrophages"	"Low region specificity"	"Detected in all"			"Low region specificity"	"Detected in many"			"CAB025000, HPA044895"	Approved				"Secreted to blood"	Immunity	NA	NA		46000	"Cluster 2: Dendritic cells - Unknown function"	"Cluster 70: Lymphoid tissue - Immune response"	"Cluster 20: Macrophages & Microglia - Immune response"	"Cluster 14: Myeloid leukemia - Innate immune response"	"Cluster 73: B-cells - B-cell function"	119			"CAB025000: , HPA044895: AB_2679138"	"unprognostic (1.78e-1)"	"unprognostic (2.82e-2)"	"unprognostic (6.58e-2)"	"unprognostic (1.30e-3)"	"unprognostic (2.02e-2)"	"unprognostic (6.14e-2)"	"unprognostic (1.10e-1)"	"unprognostic (5.54e-2)"	"unprognostic (4.19e-1)"	"unprognostic (1.45e-1)"	"unprognostic (3.23e-2)"	"unprognostic (2.26e-1)"	"unprognostic (3.76e-3)"	"unprognostic (2.72e-1)"	"unprognostic (1.74e-2)"	"potential prognostic favorable (2.02e-4)"	"unprognostic (5.36e-2)"	"unprognostic (2.50e-1)"	"unprognostic (1.92e-1)"	"unprognostic (1.59e-1)"	"unprognostic (4.12e-2)"	"unprognostic (1.31e-1)"	"unprognostic (8.00e-2)"	"unprognostic (1.01e-1)"	"unprognostic (1.69e-1)"	"unprognostic (3.84e-2)"	"unprognostic (3.98e-2)"	"unprognostic (4.79e-2)"	"unprognostic (1.12e-3)"	"unprognostic (9.55e-2)"	"unprognostic (1.87e-1)"
MARVELD1	"bA548K23.8, FLJ22343, FLJ23440, GB14, MGC4415, MRVLDC1"	ENSG00000155254	"MARVEL domain containing 1"	Q9BSK0	10	97713173-97718150	"Predicted membrane proteins"	"Cell cycle"			"Evidence at protein level"	"Evidence at transcript level"	"Evidence at protein level"	"Evidence at protein level"	"Low tissue specificity"	"Detected in all"			"Cell type enhanced"	"Detected in many"		"Schwann cells: 45.9"	"Cell type enhanced"	"Detected in many"		"bergmann glia: 52.4;vascular associated smooth muscle cell: 52.5"	"Low cancer specificity"	"Detected in all"			"Region enhanced"	"Detected in all"		"choroid plexus: 51.1"	"Immune cell enhanced"	"Detected in some"		"classical monocyte: 3.2;intermediate monocyte: 2.7;myeloid DC: 3.1"	"Group enriched"	"Detected in many"	18	"dendritic cells: 3.1;monocytes: 3.2"	"Low cancer specificity"	"Detected in all"			"Adipose subcutaneous - Adipose progenitor cells, Adipose visceral - Adipose progenitor cells, Adrenal gland - Fibroblasts, Heart muscle - Fibroblasts, Kidney - Fibroblasts"	"Low region specificity"	"Detected in all"			"Low region specificity"	"Detected in all"										NA	NA			"Cluster 26: Monocytes - Plasma membrane proteins"	"Cluster 41: Smooth muscle tissue - ECM organization"	"Cluster 36: Choroid plexus - Mixed function"	"Cluster 52: Non-specific - Mitochondria"	"Cluster 32: Smooth muscle cells - Muscle contraction"					"unprognostic (4.12e-1)"	"unprognostic (3.30e-2)"	"unprognostic (1.76e-1)"	"unprognostic (6.75e-3)"	"potential prognostic unfavorable (8.00e-5)"	"unprognostic (3.66e-2)"	"unprognostic (6.87e-3)"	"potential prognostic unfavorable (6.49e-4)"	"unprognostic (8.94e-2)"	"unprognostic (2.16e-3)"	"unprognostic (1.98e-1)"	"unprognostic (4.97e-2)"	"unprognostic (2.19e-2)"	"unprognostic (6.98e-3)"	"unprognostic (4.21e-1)"	"potential prognostic unfavorable (6.75e-6)"	"unprognostic (1.35e-3)"	"unprognostic (1.24e-2)"	"unprognostic (3.62e-1)"	"unprognostic (2.19e-3)"	"unprognostic (3.73e-3)"	"unprognostic (1.05e-2)"	"unprognostic (6.38e-2)"	"unprognostic (1.25e-2)"	"unprognostic (7.40e-2)"	"unprognostic (5.79e-2)"	"unprognostic (1.37e-1)"	"unprognostic (1.78e-3)"	"unprognostic (6.76e-2)"	"unprognostic (2.10e-1)"	"unprognostic (2.26e-1)"
MYO7A	"DFNA11, DFNB2, NSRD2, USH1B"	ENSG00000137474	"Myosin VIIA"	Q13402	11	77128246-77215241	"Disease related genes, Human disease related genes, Predicted intracellular proteins"	Hearing	"Actin-binding, Calmodulin-binding, Motor protein, Myosin"	"Deafness, Disease variant, Leber congenital amaurosis, Non-syndromic deafness, Retinitis pigmentosa, Usher syndrome"	"Evidence at protein level"	"Evidence at transcript level"	"Evidence at protein level"	"Evidence at protein level"	"Tissue enhanced"	"Detected in many"		"adrenal gland: 40.6"	"Cell type enhanced"	"Detected in many"		"Bipolar cells: 17.4;Cone photoreceptor cells: 22.1;Cytotrophoblasts: 43.2;Hofbauer cells: 25.6;Kupffer cells: 17.1;Muller glia cells: 15.3;Rod photoreceptor cells: 33.0"	"Group enriched"	"Detected in many"	4	"central nervous system macrophage: 20.5;choroid plexus epithelial cell: 59.9;ependymal cell: 20.6;fibroblast: 18.0"	"Low cancer specificity"	"Detected in all"			"Region enriched"	"Detected in all"	6	"choroid plexus: 108.5"	"Immune cell enhanced"	"Detected in some"		"classical monocyte: 2.6;intermediate monocyte: 1.7"	"Lineage enriched"	"Detected in single"	4	"monocytes: 2.6"	"Low cancer specificity"	"Detected in many"			"Adipose subcutaneous - Macrophages, Adipose visceral - Macrophages, Kidney - Proximal tubular cells, Minor Salivary Gland - Macrophages, Pituitary gland - Gonadotropes, Skeletal muscle - Macrophages, Testis - Sertoli cells"	"Low region specificity"	"Detected in all"			"Low region specificity"	"Detected in many"			CAB034059	Uncertain						NA	NA			"Cluster 38: Monocytes & Neutrophils - Degranulation"	"Cluster 8: Ciliated cells - Cilium organization"	"Cluster 36: Choroid plexus - Mixed function"	"Cluster 11: Neuronal - Sensory perception"	"Cluster 24: Cytotrophoblasts - Mitochondria"	4			"CAB034059: AB_2148626"	"unprognostic (1.24e-1)"	"unprognostic (1.61e-3)"	"unprognostic (1.37e-1)"	"unprognostic (3.29e-1)"	"unprognostic (2.82e-2)"	"unprognostic (1.69e-1)"	"unprognostic (9.00e-2)"	"unprognostic (1.89e-2)"	"unprognostic (3.86e-2)"	"unprognostic (3.31e-2)"	"unprognostic (4.17e-3)"	"unprognostic (5.52e-2)"	"unprognostic (5.38e-2)"	"unprognostic (1.63e-1)"	"unprognostic (7.11e-2)"	"unprognostic (1.86e-1)"	"unprognostic (1.57e-2)"	"unprognostic (9.85e-2)"	"unprognostic (2.66e-1)"	"unprognostic (1.39e-1)"	"potential prognostic favorable (1.26e-5)"	"unprognostic (2.23e-1)"	"unprognostic (1.20e-2)"	"unprognostic (1.57e-1)"	"unprognostic (7.65e-2)"	"unprognostic (5.16e-3)"	"unprognostic (2.22e-2)"	"unprognostic (1.32e-1)"	"unprognostic (3.02e-1)"	"unprognostic (3.20e-2)"	"unprognostic (9.58e-3)"
NAIP	"BIRC1, NLRB1"	ENSG00000249437	"NLR family apoptosis inhibitory protein"	Q13075	5	70968166-71025339	"Cancer-related genes, Predicted intracellular proteins"	"Apoptosis, Immunity, Inflammatory response, Innate immunity"	"Protease inhibitor, Thiol protease inhibitor"	"Cancer-related genes"	"Evidence at protein level"	"Evidence at transcript level"	"Evidence at protein level"	"Evidence at protein level"	"Tissue enhanced"	"Detected in many"		"lymphoid tissue: 30.8"	"Cell type enhanced"	"Detected in many"		"Kupffer cells: 98.0;Microglial cells: 108.3;Oligodendrocytes: 165.2;Rod photoreceptor cells: 143.4"	"Cell type enriched"	"Detected in all"	5	"central nervous system macrophage: 35.5"	"Low cancer specificity"	"Detected in some"			"Low region specificity"	"Detected in all"			"Immune cell enhanced"	"Detected in some"		"classical monocyte: 8.3;myeloid DC: 5.2"	"Group enriched"	"Detected in many"	16	"dendritic cells: 5.2;granulocytes: 4.5;monocytes: 8.3"	"Low cancer specificity"	"Detected in some"			"Adipose subcutaneous - Macrophages, Adrenal gland - Macrophages, Lung - Neutrophil_2, Spleen - Neutrophils"					"Low region specificity"	"Detected in all"			HPA042438	Approved						NA	NA			"Cluster 38: Monocytes & Neutrophils - Degranulation"	"Cluster 47: Spleen - Immune response"	"Cluster 48: Non-specific - Mixed function"	"Cluster 14: Myeloid leukemia - Innate immune response"	"Cluster 58: Macrophages - Innate immune response"	1			"HPA042438: AB_10796578"		"unprognostic (2.92e-1)"	"unprognostic (6.55e-2)"			"unprognostic (8.12e-2)"	"unprognostic (9.83e-3)"	"unprognostic (2.76e-2)"			"unprognostic (1.88e-2)"	"unprognostic (2.20e-1)"					"unprognostic (1.17e-2)"		"unprognostic (7.84e-2)"		"unprognostic (1.42e-1)"		"unprognostic (3.88e-3)"			"unprognostic (2.15e-2)"			"unprognostic (1.80e-2)"		
NIBAN2	"bA356B19.6, C9orf88, DKFZP434H0820, FAM129B, FLJ13518, FLJ22151, FLJ22298, MINERVA"	ENSG00000136830	"Niban apoptosis regulator 2"	Q96TA1	9	127505339-127578989	"Plasma proteins, Predicted intracellular proteins"				"Evidence at protein level"	"Evidence at protein level"	"Evidence at protein level"	"Evidence at protein level"	"Tissue enhanced"	"Detected in all"		"esophagus: 589.6"	"Cell type enhanced"	"Detected in many"		"Alveolar cells type 1: 227.9;Alveolar cells type 2: 137.3;Suprabasal keratinocytes: 152.9"	"Cell type enhanced"	"Detected in many"		"endothelial cell: 56.2;pericyte: 55.5"	"Low cancer specificity"	"Detected in all"			"Low region specificity"	"Detected in all"			"Immune cell enhanced"	"Detected in single"		"classical monocyte: 1.1"	"Low lineage specificity"	"Detected in single"			"Low cancer specificity"	"Detected in all"			"Liver - Vascular Endothelial cells, Thyroid gland - Thyroid glandular cells"	"Low region specificity"	"Detected in all"			"Low region specificity"	"Detected in all"			"HPA021284, HPA021417, HPA023261, HPA024312"	Uncertain		Enhanced	"Nucleoplasm,Plasma membrane,Cytosol"			NA	NA		1200000	"Cluster 26: Monocytes - Plasma membrane proteins"	"Cluster 27: Squamous epithelium - Keratinization"	"Cluster 44: Non-specific - Mixed function"	"Cluster 43: Non-specific - Basic cellular processes"	"Cluster 59: Suprabasal keratinocytes - Cornification"	19	"Plasma membrane, Cytosol"	Nucleoplasm	"HPA021284: AB_1848373, HPA021417: AB_1848374, HPA023261: AB_1848375, HPA024312: AB_1848376"	"unprognostic (1.37e-1)"	"unprognostic (1.34e-3)"		"unprognostic (1.91e-2)"	"unprognostic (1.05e-1)"	"unprognostic (1.20e-3)"	"unprognostic (2.69e-2)"	"unprognostic (1.51e-1)"	"unprognostic (1.52e-1)"	"unprognostic (1.98e-1)"	"unprognostic (4.89e-3)"	"unprognostic (9.03e-2)"	"unprognostic (1.41e-1)"	"unprognostic (5.37e-2)"		"unprognostic (4.14e-3)"	"potential prognostic unfavorable (8.43e-4)"	"unprognostic (5.40e-3)"	"unprognostic (6.67e-2)"	"unprognostic (8.11e-3)"	"unprognostic (1.28e-1)"	"unprognostic (2.55e-3)"	"unprognostic (2.11e-2)"	"unprognostic (8.13e-2)"	"unprognostic (5.21e-2)"	"unprognostic (2.87e-1)"	"unprognostic (2.97e-1)"	"unprognostic (1.58e-2)"	"unprognostic (2.38e-1)"	"unprognostic (2.06e-1)"	"unprognostic (8.50e-2)"
NOL3	"ARC, CARD2, MYP, NOP30"	ENSG00000140939	"Nucleolar protein 3"	O60936	16	67170154-67175737	"Disease related genes, Predicted intracellular proteins"	"Apoptosis, mRNA processing, mRNA splicing"		"Disease variant"	"Evidence at protein level"	"Evidence at protein level"	"Evidence at protein level"	"Evidence at protein level"	"Low tissue specificity"	"Detected in many"			"Low cell type specificity"	"Detected in many"			"Low cell type specificity"	"Detected in all"			"Low cancer specificity"	"Detected in all"			"Low region specificity"	"Detected in all"			"Immune cell enhanced"	"Detected in some"		"classical monocyte: 3.4"	"Low lineage specificity"	"Detected in many"			"Low cancer specificity"	"Detected in all"			"Heart muscle - Cardiomyocytes"	"Low region specificity"	"Detected in all"							CAB009208	Enhanced		Supported	Nucleoplasm,Cytosol			NA	NA		17000	"Cluster 38: Monocytes & Neutrophils - Degranulation"	"Cluster 21: Testis - Unknown function"	"Cluster 45: Non-specific - Mixed function"	"Cluster 15: Kidney cancer - Membrane components"	"Cluster 48: Smooth muscle cells - Signal transduction"	9	"Nucleoplasm, Cytosol"		"CAB009208: AB_634091"	"unprognostic (2.66e-1)"	"potential prognostic unfavorable (9.43e-4)"	"unprognostic (7.96e-2)"	"unprognostic (8.56e-3)"	"unprognostic (1.26e-2)"	"unprognostic (1.09e-1)"	"validated prognostic unfavorable (8.58e-5)"	"validated prognostic unfavorable (5.09e-4)"	"unprognostic (6.14e-2)"	"unprognostic (5.44e-2)"	"unprognostic (5.71e-2)"	"unprognostic (4.48e-1)"	"unprognostic (2.07e-1)"	"potential prognostic unfavorable (5.00e-4)"	"unprognostic (8.86e-2)"	"unprognostic (1.88e-1)"	"unprognostic (2.47e-1)"	"unprognostic (2.04e-2)"	"unprognostic (2.09e-1)"	"unprognostic (1.22e-1)"	"unprognostic (4.52e-2)"	"unprognostic (2.01e-1)"	"potential prognostic unfavorable (3.87e-4)"	"unprognostic (1.27e-2)"	"unprognostic (8.52e-2)"	"unprognostic (6.15e-2)"	"unprognostic (1.03e-2)"	"unprognostic (6.14e-3)"	"unprognostic (3.80e-1)"	"unprognostic (9.57e-2)"	"unprognostic (1.42e-2)"
NPLOC4	"FLJ20657, KIAA1499, NPL4"	ENSG00000182446	"NPL4 homolog, ubiquitin recognition factor"	Q8TAT6	17	81556887-81648465	"Predicted intracellular proteins, Transporters"	"Ubl conjugation pathway"	Chaperone		"Evidence at protein level"	"Evidence at protein level"	"Evidence at protein level"	"Evidence at protein level"	"Tissue enhanced"	"Detected in all"		"skeletal muscle: 158.5"	"Low cell type specificity"	"Detected in many"			"Low cell type specificity"	"Detected in all"			"Low cancer specificity"	"Detected in all"			"Low region specificity"	"Detected in all"			"Immune cell enhanced"	"Detected in all"		"classical monocyte: 20.0"	"Low lineage specificity"	"Detected in all"			"Low cancer specificity"	"Detected in all"			"Adipose subcutaneous - Adipocytes (Subcutaneous)"	"Low region specificity"	"Detected in all"			"Low region specificity"	"Detected in all"			"HPA021560, HPA023295"	Enhanced		Supported	Nucleoplasm,Cytosol			NA	NA		34000	"Cluster 26: Monocytes - Plasma membrane proteins"	"Cluster 19: Non-specific - Basic cellular processes"	"Cluster 18: Non-specific - Mixed function"	"Cluster 27: Breast cancer - Unknown function"	"Cluster 13: Spermatids - Transcription"	45	"Nucleoplasm, Cytosol"		"HPA021560: AB_1854586, HPA023295: AB_1854587"	"unprognostic (3.61e-1)"	"unprognostic (8.63e-2)"	"unprognostic (8.67e-3)"	"unprognostic (3.65e-3)"	"unprognostic (1.27e-1)"	"unprognostic (7.73e-2)"	"unprognostic (5.31e-2)"	"unprognostic (1.41e-1)"	"unprognostic (1.59e-1)"	"unprognostic (1.77e-3)"	"unprognostic (2.10e-2)"	"unprognostic (5.62e-2)"	"unprognostic (2.33e-2)"	"potential prognostic unfavorable (2.92e-8)"	"unprognostic (1.32e-2)"	"unprognostic (2.15e-2)"	"unprognostic (2.16e-2)"	"unprognostic (1.17e-2)"	"unprognostic (1.71e-2)"	"unprognostic (1.93e-1)"	"unprognostic (1.71e-2)"	"unprognostic (3.50e-2)"	"unprognostic (4.33e-3)"	"unprognostic (2.26e-1)"	"unprognostic (8.46e-2)"	"unprognostic (1.59e-3)"	"unprognostic (3.33e-1)"	"unprognostic (2.79e-1)"	"unprognostic (2.73e-1)"	"unprognostic (6.70e-2)"	"unprognostic (1.45e-2)"
OPLAH	"5-Opase, OPLA"	ENSG00000178814	"5-oxoprolinase, ATP-hydrolysing"	O14841	8	144051266-144063965	"Disease related genes, Enzymes, Human disease related genes, Metabolic proteins, Potential drug targets, Predicted intracellular proteins"		Hydrolase		"Evidence at protein level"	"Evidence at protein level"	"Evidence at protein level"	"Evidence at protein level"	"Tissue enhanced"	"Detected in many"		"testis: 64.7"	"Group enriched"	"Detected in many"	4	"Early spermatids: 89.7;Late spermatids: 216.6"	"Cell type enhanced"	"Detected in many"		"astrocyte: 30.9;bergmann glia: 14.0"	"Low cancer specificity"	"Detected in all"			"Low region specificity"	"Detected in all"			"Immune cell enhanced"	"Detected in some"		"classical monocyte: 1.1;neutrophil: 1.1"	"Group enriched"	"Detected in many"	9	"granulocytes: 1.1;monocytes: 1.1"	"Low cancer specificity"	"Detected in many"			"Adipose subcutaneous - Adipocytes (Subcutaneous), Adipose visceral - Adipocytes (Visceral), Heart muscle - Cardiomyocytes, Spleen - Neutrophils, Testis - Late spermatids"	"Low region specificity"	"Detected in all"			"Low region specificity"	"Detected in all"			"HPA026562, HPA028260, HPA052429"	Uncertain		Approved	"Nucleoli fibrillar center"			NA	NA		16000	"Cluster 38: Monocytes & Neutrophils - Degranulation"	"Cluster 44: Testis - Spermatogenesis"	"Cluster 49: Hindbrain - Mixed function"	"Cluster 3: Rhabdoid - Membrane components"	"Cluster 63: Late spermatids - Spermatogenesis"	3	"Nucleoli fibrillar center"		"HPA026562: AB_1854804, HPA028260: AB_10601383, HPA052429: AB_2681830"	"unprognostic (2.56e-1)"	"unprognostic (1.38e-1)"	"unprognostic (1.44e-1)"	"unprognostic (8.13e-3)"	"unprognostic (1.42e-1)"	"unprognostic (1.53e-1)"	"unprognostic (4.20e-2)"	"potential prognostic unfavorable (2.15e-4)"	"unprognostic (4.32e-2)"	"unprognostic (1.89e-2)"	"potential prognostic favorable (9.34e-4)"	"unprognostic (3.26e-1)"	"potential prognostic favorable (4.21e-5)"	"unprognostic (2.46e-1)"	"unprognostic (4.84e-2)"	"unprognostic (1.60e-1)"	"unprognostic (7.86e-3)"	"unprognostic (6.33e-2)"	"unprognostic (9.02e-2)"	"unprognostic (1.56e-1)"	"potential prognostic favorable (3.25e-4)"	"unprognostic (7.39e-2)"	"unprognostic (2.90e-2)"	"unprognostic (1.41e-1)"	"unprognostic (8.47e-2)"	"unprognostic (5.54e-2)"	"unprognostic (1.50e-1)"	"unprognostic (9.02e-3)"	"unprognostic (5.16e-1)"	"unprognostic (5.06e-2)"	"unprognostic (5.31e-2)"
PLA2G7	"LDL-PLA2, PAFAH"	ENSG00000146070	"Phospholipase A2 group VII"	Q13093	6	46704201-46735693	"Candidate cardiovascular disease genes, Disease related genes, Enzymes, Human disease related genes, Metabolic proteins, Plasma proteins, Potential drug targets, Predicted secreted proteins"	"Lipid degradation, Lipid metabolism, Phospholipid degradation, Phospholipid metabolism"	Hydrolase	"Asthma, Disease variant"	"Evidence at protein level"	"Evidence at transcript level"	"Evidence at protein level"	"Evidence at protein level"	"Tissue enhanced"	"Detected in many"		"lymphoid tissue: 26.5;placenta: 22.5"	"Cell type enriched"	"Detected in many"	4	"Hofbauer cells: 328.4"	"Cell type enhanced"	"Detected in many"		"central nervous system macrophage: 43.1"	"Cancer enhanced"	"Detected in all"		"Prostate Adenocarcinoma (TCGA): 63.6"	"Low region specificity"	"Detected in all"			"Immune cell enhanced"	"Detected in some"		"classical monocyte: 43.4"	"Group enriched"	"Detected in many"	53	"dendritic cells: 14.1;monocytes: 43.4"	"Cancer enriched"	"Detected in some"	8	"prostate cancer: 15.1"	"Minor Salivary Gland - Macrophages, Pituitary gland - Thyrotropes, Prostate - Prostate glandular cells, Skin - Sebaceous gland cells, Spleen - Macrophages, Thyroid gland - Thyroid glandular cells"	"Low region specificity"	"Detected in all"			"Low region specificity"	"Detected in all"								"Secreted to blood"	Enzyme	NA	NA	7380000	180000000	"Cluster 38: Monocytes & Neutrophils - Degranulation"	"Cluster 70: Lymphoid tissue - Immune response"	"Cluster 30: White matter - Myelination"	"Cluster 60: Prostate cancer - Unknown function"	"Cluster 58: Macrophages - Innate immune response"	1				"unprognostic (2.09e-2)"	"unprognostic (1.91e-2)"	"unprognostic (2.39e-1)"	"unprognostic (2.83e-1)"	"unprognostic (2.47e-1)"	"unprognostic (1.17e-1)"	"unprognostic (8.56e-2)"	"unprognostic (1.26e-1)"	"unprognostic (1.30e-1)"	"unprognostic (4.39e-2)"	"potential prognostic favorable (6.02e-4)"	"unprognostic (1.27e-1)"	"unprognostic (2.17e-2)"	"unprognostic (2.73e-2)"	"unprognostic (2.35e-1)"	"unprognostic (2.34e-1)"	"unprognostic (2.02e-1)"	"unprognostic (2.97e-1)"	"unprognostic (1.28e-1)"	"unprognostic (1.51e-1)"	"unprognostic (3.98e-2)"	"unprognostic (1.08e-2)"	"unprognostic (4.92e-2)"	"unprognostic (1.16e-1)"	"unprognostic (4.99e-2)"	"unprognostic (3.49e-2)"	"unprognostic (4.11e-1)"	"unprognostic (6.09e-2)"	"unprognostic (1.56e-1)"	"unprognostic (6.39e-2)"	"unprognostic (3.58e-1)"
PLXND1	KIAA0620	ENSG00000004399	"Plexin D1"	Q9Y4D7	3	129555214-129606676	"Plasma proteins, Predicted intracellular proteins, Predicted membrane proteins"	Angiogenesis	"Developmental protein, Receptor"	"Disease variant"	"Evidence at protein level"	"Evidence at transcript level"	"Evidence at protein level"	"Evidence at protein level"	"Low tissue specificity"	"Detected in all"			"Cell type enhanced"	"Detected in many"		"Adipocytes: 98.0;Endothelial cells: 94.1;Hofbauer cells: 78.0;Kupffer cells: 117.0;Lymphatic endothelial cells: 78.2"	"Cell type enhanced"	"Detected in many"		"endothelial cell: 90.1;pericyte: 70.6"	"Low cancer specificity"	"Detected in all"			"Low region specificity"	"Detected in all"			"Immune cell enhanced"	"Detected in many"		"classical monocyte: 10.8"	"Low lineage specificity"	"Detected in many"			"Low cancer specificity"	"Detected in all"			"Liver - Vascular Endothelial cells"	"Group enriched"	"Detected in all"	4	"amygdala: 36.6;basal ganglia: 33.1;cerebral cortex: 27.4;hippocampal formation: 26.3"	"Low region specificity"	"Detected in all"			CAB020819	Approved						NA	NA		77000000	"Cluster 30: Non-specific - DNA binding"	"Cluster 7: Adipose tissue - Mixed function"	"Cluster 20: Macrophages & Microglia - Immune response"	"Cluster 48: Adipocytes & Endothelial cells - Angiogenesis"	"Cluster 41: Adipocytes & Endothelial cells - Mixed function"	7			"CAB020819: "	"unprognostic (9.56e-2)"	"potential prognostic unfavorable (7.57e-5)"	"unprognostic (1.65e-2)"	"unprognostic (2.24e-1)"	"unprognostic (1.30e-1)"	"unprognostic (3.09e-2)"	"unprognostic (3.09e-2)"	"unprognostic (2.55e-2)"	"unprognostic (9.09e-3)"	"unprognostic (3.41e-1)"	"unprognostic (2.82e-3)"	"unprognostic (2.03e-2)"	"unprognostic (1.48e-2)"	"unprognostic (4.42e-2)"	"unprognostic (6.39e-2)"	"unprognostic (3.81e-2)"	"unprognostic (3.69e-3)"	"unprognostic (1.05e-3)"	"unprognostic (2.21e-1)"	"unprognostic (1.29e-2)"	"unprognostic (1.70e-1)"	"unprognostic (2.51e-1)"	"unprognostic (1.41e-2)"	"unprognostic (8.94e-3)"	"unprognostic (6.11e-2)"	"unprognostic (3.90e-2)"	"unprognostic (2.04e-1)"	"unprognostic (2.97e-1)"	"unprognostic (1.02e-1)"	"unprognostic (3.61e-1)"	"unprognostic (1.45e-2)"
RBMS2	SCR3	ENSG00000076067	"RNA binding motif single stranded interacting protein 2"	Q15434	12	56521820-56596193	"Plasma proteins, Predicted intracellular proteins"		RNA-binding		"Evidence at protein level"	"Evidence at transcript level"	"Evidence at protein level"	"Evidence at protein level"	"Low tissue specificity"	"Detected in all"			"Cell type enhanced"	"Detected in many"		"Adipocytes: 68.9"	"Cell type enhanced"	"Detected in all"		"endothelial cell: 368.2"	"Low cancer specificity"	"Detected in all"			"Low region specificity"	"Detected in all"			"Immune cell enhanced"	"Detected in many"		"classical monocyte: 4.7"	"Low lineage specificity"	"Detected in many"			"Low cancer specificity"	"Detected in all"			"Heart muscle - Endothelial cells, Kidney - Endothelial cells, Lung - Endothelial cells, Pituitary gland - Endothelial cells, Skeletal muscle - Endothelial cells, Spleen - Endothelial cells"	"Low region specificity"	"Detected in all"			"Low region specificity"	"Detected in all"			"HPA039225, HPA058784"	Approved		Approved	"Nucleoplasm,Nucleoli fibrillar center,Cytosol"			NA	NA			"Cluster 29: Non-specific - Unknown function"	"Cluster 7: Adipose tissue - Mixed function"	"Cluster 47: Endothelial cells - Vasculature"	"Cluster 53: Squamous epithelial cells - Keratinization"	"Cluster 41: Adipocytes & Endothelial cells - Mixed function"	97	"Nucleoli fibrillar center"	"Nucleoplasm, Cytosol"	"HPA039225: AB_10963056, HPA058784: AB_2683819"	"unprognostic (1.49e-1)"	"unprognostic (1.34e-1)"	"unprognostic (1.27e-2)"	"unprognostic (1.47e-3)"	"unprognostic (9.52e-2)"	"unprognostic (4.25e-2)"	"unprognostic (3.23e-2)"	"unprognostic (2.15e-1)"	"unprognostic (3.70e-2)"	"unprognostic (8.41e-3)"	"validated prognostic favorable (5.32e-7)"	"validated prognostic favorable (1.15e-5)"	"unprognostic (1.98e-2)"	"unprognostic (4.38e-2)"	"unprognostic (3.63e-2)"	"unprognostic (5.37e-2)"	"unprognostic (5.57e-3)"	"unprognostic (3.38e-2)"	"unprognostic (3.87e-2)"	"unprognostic (9.30e-2)"	"unprognostic (3.58e-3)"	"potential prognostic unfavorable (9.86e-4)"	"unprognostic (1.82e-2)"	"unprognostic (4.14e-1)"	"unprognostic (6.59e-2)"	"unprognostic (1.38e-2)"	"unprognostic (7.39e-2)"	"unprognostic (6.67e-2)"	"unprognostic (1.81e-1)"	"unprognostic (2.99e-1)"	"unprognostic (6.82e-2)"
RBP7	CRBPIV	ENSG00000162444	"Retinol binding protein 7"	Q96R05	1	9997206-10016021	"Predicted intracellular proteins"	Transport			"Evidence at protein level"	"Evidence at protein level"	"Evidence at protein level"	"Evidence at protein level"	"Tissue enhanced"	"Detected in all"		"adipose tissue: 388.2;breast: 381.7"	"Cell type enriched"	"Detected in many"	7	"Adipocytes: 3296.7"	"Cell type enhanced"	"Detected in many"		"oligodendrocyte: 37.6"	"Cancer enhanced"	"Detected in all"		"Kidney Renal Clear Cell Carcinoma (TCGA): 92.6"	"Low region specificity"	"Detected in all"			"Immune cell enhanced"	"Detected in many"		"classical monocyte: 312.6;neutrophil: 347.3"	"Group enriched"	"Detected in many"	31	"granulocytes: 347.3;monocytes: 312.6"	"Cancer enriched"	"Detected in many"	5	"Adrenocortical cancer: 99.4"	"Adipose visceral - Endothelial cells, Breast - Endothelial cells, Colon - Endothelial cells"	"Low region specificity"	"Detected in some"			"Not detected"	"Not detected"			HPA034749	Enhanced		Uncertain	"Nuclear speckles,Cytosol"			NA	NA			"Cluster 38: Monocytes & Neutrophils - Degranulation"	"Cluster 7: Adipose tissue - Mixed function"	"Cluster 11: White matter - Signal transduction"	"Cluster 1: Neuronal - Visual perception"	"Cluster 41: Adipocytes & Endothelial cells - Mixed function"	8	"Nuclear speckles, Cytosol"		"HPA034749: AB_10602084"	"unprognostic (9.47e-2)"	"unprognostic (1.07e-2)"	"unprognostic (4.59e-2)"	"unprognostic (1.61e-2)"	"unprognostic (4.70e-2)"	"unprognostic (9.73e-2)"	"unprognostic (3.83e-1)"	"unprognostic (4.90e-2)"	"unprognostic (7.50e-2)"	"unprognostic (7.20e-2)"	"validated prognostic favorable (1.48e-9)"	"validated prognostic favorable (3.71e-4)"	"unprognostic (1.43e-1)"	"unprognostic (4.90e-2)"	"unprognostic (1.65e-2)"	"unprognostic (6.39e-3)"	"unprognostic (6.13e-2)"	"unprognostic (7.84e-2)"	"unprognostic (6.11e-2)"	"unprognostic (2.72e-1)"	"unprognostic (2.67e-2)"	"unprognostic (4.45e-2)"	"unprognostic (1.36e-1)"	"unprognostic (1.44e-1)"	"unprognostic (7.11e-2)"	"unprognostic (5.07e-2)"	"potential prognostic unfavorable (2.42e-4)"	"unprognostic (2.85e-3)"	"unprognostic (3.07e-1)"	"unprognostic (2.01e-2)"	"unprognostic (2.38e-3)"
RFPL4A	"RFPL4, RNF210"	ENSG00000223638	"Ret finger protein like 4A"	A6NLU0	19	55759097-55763421	"Predicted intracellular proteins"				"Evidence at protein level"	"Evidence at transcript level"	"Evidence at protein level"	"Evidence at protein level"	"Tissue enhanced"	"Detected in some"		"epididymis: 1.5;liver: 3.3;testis: 1.6"	"Cell type enhanced"	"Detected in some"		"Langerhans cells: 1.0;Schwann cells: 1.2"	"Not detected"	"Not detected"			"Cancer enriched"	"Detected in single"	6	"Testicular Germ Cell Tumor (TCGA): 3.2"	"Not detected"	"Not detected"			"Immune cell enhanced"	"Detected in some"		"classical monocyte: 10.4"	"Lineage enhanced"	"Detected in many"		"monocytes: 10.4"	"Cancer enhanced"	"Detected in some"		"Bone cancer: 7.3"	"Liver - Hepatocytes"									HPA046368	Uncertain		Approved	Centrosome,Cytosol			NA	NA				"Cluster 78: Testis - Transcription"		"Cluster 51: Myeloma - Immunoglobulins"	"Cluster 28: Dendritic cells - Antigen presentation"	2	"Centrosome, Cytosol"		"HPA046368: AB_2679640"															"potential prognostic favorable (2.14e-4)"														"unprognostic (1.36e-1)"		
RFPL4AL1	RNF210B	ENSG00000229292	"Ret finger protein like 4A like 1"	F8VTS6	19	55769118-55773420	"Predicted intracellular proteins"				"Evidence at transcript level"	"Evidence at transcript level"	"Evidence at transcript level"	"Evidence at transcript level"	"Not detected"	"Not detected"			"Cell type enhanced"	"Detected in some"		"Early spermatids: 1.7;Exocrine glandular cells: 1.2;Hofbauer cells: 1.9;Langerhans cells: 1.6;Schwann cells: 5.3;Sertoli cells: 2.7;Spermatogonia: 1.7"					"Cancer enhanced"	"Detected in single"		"Testicular Germ Cell Tumor (TCGA): 1.4"	"Not detected"	"Not detected"			"Immune cell enhanced"	"Detected in single"		"classical monocyte: 1.9"	"Low lineage specificity"	"Detected in single"			"Cancer enhanced"	"Detected in some"		"Bladder cancer: 1.5;Bone cancer: 2.7"						"Not detected"	"Not detected"			HPA046368	Uncertain		Approved	Centrosome,Cytosol			NA	NA						"Cluster 12: Bone cancer - Neuronal signaling"	"Cluster 28: Dendritic cells - Antigen presentation"		"Centrosome, Cytosol"		"HPA046368: AB_2679640"																													"unprognostic (2.64e-1)"		
RIN2	RASSF4	ENSG00000132669	"Ras and Rab interactor 2"	Q8WYP3	20	19757606-20002457	"Disease related genes, Human disease related genes, Predicted intracellular proteins"	Endocytosis	"GTPase activation"		"Evidence at protein level"	"Evidence at protein level"	"Evidence at protein level"	"Evidence at protein level"	"Low tissue specificity"	"Detected in all"			"Cell type enhanced"	"Detected in many"		"Astrocytes: 188.3;Microglial cells: 182.5;Oligodendrocyte precursor cells: 278.3;Oligodendrocytes: 188.4"	"Low cell type specificity"	"Detected in all"			"Low cancer specificity"	"Detected in all"			"Low region specificity"	"Detected in all"			"Immune cell enhanced"	"Detected in some"		"classical monocyte: 1.6"	"Low lineage specificity"	"Detected in single"			"Low cancer specificity"	"Detected in many"			"Liver - Vascular Endothelial cells, Spleen - Endothelial cells"	"Low region specificity"	"Detected in all"			"Low region specificity"	"Detected in all"			HPA034641	Approved		Approved	"Nucleoli,Golgi apparatus,Cytosol"			NA	NA			"Cluster 38: Monocytes & Neutrophils - Degranulation"	"Cluster 7: Adipose tissue - Mixed function"	"Cluster 47: Endothelial cells - Vasculature"	"Cluster 53: Squamous epithelial cells - Keratinization"	"Cluster 76: Oligodendrocyte precursor - Unknown function"	1	Cytosol	"Nucleoli, Golgi apparatus"	"HPA034641: AB_10671230"	"unprognostic (3.41e-2)"	"unprognostic (7.38e-2)"	"unprognostic (5.60e-3)"	"unprognostic (1.38e-2)"	"unprognostic (1.23e-1)"	"unprognostic (1.56e-1)"	"unprognostic (1.98e-1)"	"unprognostic (3.44e-3)"	"unprognostic (5.88e-2)"	"unprognostic (5.92e-2)"	"validated prognostic favorable (3.13e-8)"	"validated prognostic favorable (1.51e-4)"	"unprognostic (8.20e-2)"	"unprognostic (2.23e-1)"	"unprognostic (1.12e-1)"	"unprognostic (4.06e-2)"	"unprognostic (2.05e-2)"	"unprognostic (3.51e-3)"	"unprognostic (5.33e-2)"	"unprognostic (1.04e-2)"	"unprognostic (2.73e-3)"	"unprognostic (6.27e-2)"	"unprognostic (4.63e-2)"	"unprognostic (3.43e-1)"	"unprognostic (3.59e-2)"	"unprognostic (1.27e-1)"	"unprognostic (3.68e-2)"	"unprognostic (4.73e-1)"	"unprognostic (1.72e-1)"	"unprognostic (6.42e-3)"	"unprognostic (1.64e-1)"
SIGLEC1	"CD169, dJ1009E24.1, FLJ00051, FLJ00055, FLJ00073, FLJ32150, sialoadhesin, SIGLEC-1, SN"	ENSG00000088827	"Sialic acid binding Ig like lectin 1"	Q9BZZ2	20	3686970-3712600	"CD markers, Predicted intracellular proteins, Predicted membrane proteins"	"Cell adhesion, Endocytosis"			"Evidence at protein level"	"Evidence at protein level"	"Evidence at protein level"	"Evidence at protein level"	"Low tissue specificity"	"Detected in many"			"Group enriched"	"Detected in some"	10	"Hofbauer cells: 76.4;Kupffer cells: 63.6;Macrophages: 44.5"	"Cell type enhanced"	"Detected in some"		"central nervous system macrophage: 22.1"	"Low cancer specificity"	"Detected in many"			"Low region specificity"	"Detected in all"			"Immune cell enhanced"	"Detected in single"		"classical monocyte: 1.5"	"Low lineage specificity"	"Detected in single"			"Not detected"	"Not detected"			"Adipose subcutaneous - Macrophages, Adipose visceral - Macrophages, Adrenal gland - Macrophages, Breast - Macrophages, Colon - Macrophages, Heart muscle - Macrophages, Kidney - Macrophages, Liver - Kupffer cells, Lung - Macrophages, Minor Salivary Gland - Macrophages, Pancreas - Macrophages, Prostate - Macrophages, Skeletal muscle - Macrophages, Testis - Macrophages, Thyroid gland - Macrophages"	"Not detected"	"Not detected"			"Low region specificity"	"Detected in many"			HPA053457	Supported				"Intracellular and membrane"	"Cell adhesion"	NA	NA		150000	"Cluster 26: Monocytes - Plasma membrane proteins"	"Cluster 70: Lymphoid tissue - Immune response"	"Cluster 20: Macrophages & Microglia - Immune response"	"Cluster 14: Myeloid leukemia - Innate immune response"	"Cluster 58: Macrophages - Innate immune response"				"HPA053457: AB_2682158"	"unprognostic (2.60e-2)"	"unprognostic (8.60e-2)"	"unprognostic (5.67e-2)"	"unprognostic (3.13e-2)"	"unprognostic (6.83e-3)"	"unprognostic (9.62e-2)"	"unprognostic (2.80e-2)"	"unprognostic (2.83e-1)"	"unprognostic (2.28e-1)"	"unprognostic (1.66e-1)"	"unprognostic (9.36e-3)"	"unprognostic (2.09e-1)"	"unprognostic (1.40e-1)"	"unprognostic (8.82e-2)"	"unprognostic (7.82e-2)"	"unprognostic (3.62e-2)"	"unprognostic (9.58e-3)"	"unprognostic (1.12e-1)"	"unprognostic (1.64e-1)"	"unprognostic (1.38e-1)"	"unprognostic (2.66e-2)"	"unprognostic (1.02e-1)"	"unprognostic (6.14e-3)"		"unprognostic (1.11e-1)"	"unprognostic (9.14e-2)"	"unprognostic (8.84e-2)"	"unprognostic (1.22e-1)"	"potential prognostic unfavorable (1.24e-4)"	"unprognostic (1.27e-1)"	"unprognostic (4.74e-3)"
SLC2A9	"Glut9, GLUTX, URATv1"	ENSG00000109667	"Solute carrier family 2 member 9"	Q9NRM0	4	9771153-10054936	"Disease related genes, Human disease related genes, Metabolic proteins, Potential drug targets, Predicted membrane proteins, Transporters"			"Disease variant"	"Evidence at protein level"	"Evidence at protein level"	"Evidence at protein level"	"Evidence at protein level"	"Tissue enhanced"	"Detected in many"		"kidney: 28.2;liver: 20.7"	"Cell type enhanced"	"Detected in many"		"Basal prostatic cells: 48.9;Basal respiratory cells: 24.9;Proximal tubular cells: 73.0"	"Cell type enhanced"	"Detected in all"		"central nervous system macrophage: 129.3"	"Cancer enhanced"	"Detected in all"		"Kidney Renal Papillary Cell Carcinoma (TCGA): 33.8"	"Low region specificity"	"Detected in all"			"Immune cell enhanced"	"Detected in some"		"classical monocyte: 36.9;myeloid DC: 30.5"	"Group enriched"	"Detected in many"	30	"dendritic cells: 30.5;monocytes: 36.9"	"Cancer enhanced"	"Detected in many"		"Gallbladder cancer: 14.0;head and neck cancer: 11.5"	"Adipose subcutaneous - Macrophages, Adipose visceral - Macrophages, Kidney - Proximal tubular cells, Skin - Outer root sheath cells, Thyroid gland - Thyroid glandular cells"	"Low region specificity"	"Detected in single"			"Low region specificity"	"Detected in all"			"HPA066229, HPA075669"	Enhanced						NA	NA			"Cluster 2: Dendritic cells - Unknown function"	"Cluster 1: Liver & Kidney - Metabolism"	"Cluster 20: Macrophages & Microglia - Immune response"	"Cluster 53: Squamous epithelial cells - Keratinization"	"Cluster 3: Basal prostatic cells - Lipid metabolism"				"HPA066229: AB_2685639, HPA075669: "	"unprognostic (1.77e-1)"	"unprognostic (1.80e-1)"	"unprognostic (9.02e-2)"	"unprognostic (6.68e-2)"	"unprognostic (1.56e-2)"	"unprognostic (4.89e-1)"	"unprognostic (4.80e-3)"	"unprognostic (1.40e-1)"	"unprognostic (1.09e-2)"	"unprognostic (4.23e-1)"	"potential prognostic favorable (2.15e-11)"	"unprognostic (1.75e-3)"	"unprognostic (2.31e-3)"	"unprognostic (1.09e-1)"	"unprognostic (1.42e-2)"	"unprognostic (3.08e-2)"	"unprognostic (1.47e-1)"	"unprognostic (1.57e-1)"	"unprognostic (3.38e-2)"	"potential prognostic unfavorable (4.29e-4)"	"unprognostic (1.29e-1)"	"unprognostic (2.52e-1)"	"unprognostic (1.96e-1)"	"unprognostic (3.52e-1)"	"unprognostic (1.28e-2)"	"unprognostic (1.51e-3)"	"unprognostic (1.89e-1)"	"unprognostic (6.72e-2)"	"unprognostic (1.83e-2)"	"potential prognostic unfavorable (2.60e-4)"	"unprognostic (1.73e-1)"
SLC46A2	"Ly110, TSCOT"	ENSG00000119457	"Solute carrier family 46 member 2"	Q9BY10	9	112878920-112890876	"Predicted membrane proteins, Transporters"	"Immunity, Innate immunity, Transport"			"Evidence at protein level"	"Evidence at transcript level"	"Evidence at transcript level"	"Evidence at protein level"	"Tissue enhanced"	"Detected in some"		"cervix: 15.9;lung: 10.1;lymphoid tissue: 15.6;skin 1: 23.3"	"Cell type enhanced"	"Detected in some"		"Alveolar cells type 2: 25.2;Ciliated cells: 4.1;Club cells: 4.5;Glandular and luminal cells: 6.4;Hofbauer cells: 5.1;Kupffer cells: 8.4;Late spermatids: 5.2;Macrophages: 4.4"	"Cell type enhanced"	"Detected in some"		"upper rhombic lip: 3.6"	"Cancer enriched"	"Detected in single"	5	"Lung Adenocarcinoma (TCGA): 4.5"	"Low region specificity"	"Detected in some"			"Immune cell enhanced"	"Detected in some"		"classical monocyte: 24.7;intermediate monocyte: 12.1"	"Lineage enriched"	"Detected in many"	5	"monocytes: 24.7"	"Not detected"	"Not detected"			"Lung - Alveolar cells type 2, Skin - Keratinocyte (granular), Testis - Sertoli cells"	"Not detected"	"Not detected"			"Low region specificity"	"Detected in all"			HPA020098	Approved						NA	NA			"Cluster 38: Monocytes & Neutrophils - Degranulation"	"Cluster 13: Skin - Cornification"	"Cluster 15: Non-specific - Transcription"	"Cluster 56: Non-specific - Sensory perception"	"Cluster 72: Alveolar cells - Lung function"				"HPA020098: AB_2670363"			"unprognostic (2.61e-3)"													"unprognostic (1.89e-2)"	"unprognostic (3.53e-2)"		"unprognostic (9.26e-2)"												
SMARCD3	"BAF60C, CRACD3, Rsc6p"	ENSG00000082014	"SWI/SNF related, matrix associated, actin dependent regulator of chromatin, subfamily d, member 3"	Q6STE5	7	151238764-151277896	"Predicted intracellular proteins"	"Neurogenesis, Transcription, Transcription regulation"	"Chromatin regulator"		"Evidence at protein level"	"Evidence at protein level"	"Evidence at protein level"	"Evidence at protein level"	"Tissue enhanced"	"Detected in all"		"brain: 148.4;skeletal muscle: 124.0"	"Cell type enhanced"	"Detected in many"		"Cardiomyocytes: 60.9;Peritubular cells: 75.7;Skeletal myocytes: 73.2"	"Low cell type specificity"	"Detected in all"			"Cancer enhanced"	"Detected in all"		"Glioblastoma Multiforme (TCGA): 109.9"	"Low region specificity"	"Detected in all"			"Immune cell enhanced"	"Detected in some"		"classical monocyte: 5.5"	"Group enriched"	"Detected in many"	5	"dendritic cells: 1.6;granulocytes: 1.9;monocytes: 5.5"	"Low cancer specificity"	"Detected in many"			"Adipose subcutaneous - Smooth muscle cells"	"Low region specificity"	"Detected in all"			"Low region specificity"	"Detected in all"			"HPA063955, HPA065517"	Uncertain		Enhanced	Nucleoplasm			NA	NA			"Cluster 38: Monocytes & Neutrophils - Degranulation"	"Cluster 54: Non-specific - Basic cellular processes"	"Cluster 51: Neurons - Mixed function"	"Cluster 65: Non-specific - Unknown function"	"Cluster 32: Smooth muscle cells - Muscle contraction"	22	Nucleoplasm		"HPA063955: AB_2685159, HPA065517: AB_2685500"	"unprognostic (2.11e-2)"	"unprognostic (2.46e-2)"	"unprognostic (1.44e-1)"	"unprognostic (2.42e-2)"	"unprognostic (1.30e-1)"	"unprognostic (3.65e-3)"	"unprognostic (2.87e-2)"	"unprognostic (4.71e-2)"	"unprognostic (2.31e-3)"	"unprognostic (5.24e-2)"	"unprognostic (5.11e-2)"	"unprognostic (1.15e-1)"	"unprognostic (1.20e-2)"	"unprognostic (2.84e-2)"	"unprognostic (7.05e-2)"	"potential prognostic favorable (5.62e-6)"	"unprognostic (2.00e-1)"	"unprognostic (2.91e-2)"	"unprognostic (1.05e-1)"	"unprognostic (3.86e-2)"	"unprognostic (5.37e-3)"	"potential prognostic favorable (8.70e-4)"	"unprognostic (1.54e-1)"	"unprognostic (1.11e-1)"	"unprognostic (1.80e-1)"	"unprognostic (3.77e-2)"	"unprognostic (4.69e-2)"	"unprognostic (3.48e-3)"	"unprognostic (1.20e-1)"	"unprognostic (1.26e-1)"	"unprognostic (2.41e-1)"
SOCS6	"CIS4, Cish4, HSPC060, SOCS4, SSI4, STAI4, STATI4"	ENSG00000170677	"Suppressor of cytokine signaling 6"	O14544	18	70289045-70330199	"Predicted intracellular proteins"	"Growth regulation, Ubl conjugation pathway"	"Signal transduction inhibitor"		"Evidence at protein level"	"Evidence at protein level"	"Evidence at protein level"	"Evidence at protein level"	"Low tissue specificity"	"Detected in all"			"Cell type enhanced"	"Detected in many"		"Microglial cells: 82.3"	"Cell type enriched"	"Detected in all"	11	"central nervous system macrophage: 633.7"	"Low cancer specificity"	"Detected in all"			"Low region specificity"	"Detected in all"			"Immune cell enhanced"	"Detected in some"		"classical monocyte: 3.6;myeloid DC: 3.9"	"Low lineage specificity"	"Detected in many"			"Low cancer specificity"	"Detected in all"			"Spleen - Endothelial cells"	"Low region specificity"	"Detected in all"			"Low region specificity"	"Detected in all"			CAB010189	Approved		Approved	"Nuclear speckles,Cytosol"			NA	NA			"Cluster 29: Non-specific - Unknown function"	"Cluster 37: Liver & Intestine - Lipid metabolism"	"Cluster 20: Macrophages & Microglia - Immune response"	"Cluster 7: Liver cancer - Metabolism"	"Cluster 58: Macrophages - Innate immune response"	98	"Nuclear speckles"	Cytosol	"CAB010189: AB_661195"	"unprognostic (7.17e-2)"	"unprognostic (3.26e-3)"	"unprognostic (2.75e-1)"	"unprognostic (3.78e-3)"	"unprognostic (5.82e-3)"	"unprognostic (2.06e-1)"	"unprognostic (1.61e-1)"	"unprognostic (7.38e-2)"	"unprognostic (2.93e-1)"	"unprognostic (8.24e-2)"	"validated prognostic favorable (2.53e-9)"	"validated prognostic favorable (1.68e-4)"	"unprognostic (3.62e-2)"	"unprognostic (4.85e-2)"	"unprognostic (8.20e-2)"	"unprognostic (1.56e-2)"	"unprognostic (1.12e-1)"	"unprognostic (7.66e-2)"	"unprognostic (2.88e-2)"	"unprognostic (2.27e-1)"	"unprognostic (5.50e-2)"	"unprognostic (2.97e-3)"	"unprognostic (1.76e-1)"	"unprognostic (1.28e-1)"	"unprognostic (5.90e-3)"	"unprognostic (1.80e-2)"	"unprognostic (9.98e-3)"	"unprognostic (2.29e-1)"	"unprognostic (4.17e-1)"	"unprognostic (5.57e-3)"	"unprognostic (1.02e-1)"
SPOCK3	testican-3	ENSG00000196104	"SPARC (osteonectin), cwcv and kazal like domains proteoglycan 3"	Q9BQ16	4	166733384-167234796	"Predicted intracellular proteins, Predicted secreted proteins"		"Metalloenzyme inhibitor, Metalloprotease inhibitor, Protease inhibitor"		"Evidence at protein level"	"Evidence at transcript level"	"Evidence at protein level"	"Evidence at protein level"	"Tissue enhanced"	"Detected in many"		"brain: 132.3;parathyroid gland: 169.6;prostate: 71.4"	"Cell type enhanced"	"Detected in many"		"Inhibitory neurons: 968.4;Oligodendrocyte precursor cells: 374.5;Oligodendrocytes: 1723.2"	"Cell type enhanced"	"Detected in all"		"MGE interneuron: 2247.9;oligodendrocyte: 2418.0"	"Group enriched"	"Detected in many"	4	"Bladder Urothelial Carcinoma (TCGA): 5.1;Glioblastoma Multiforme (TCGA): 9.6;Lung Squamous Cell Carcinoma (TCGA): 4.3;Prostate Adenocarcinoma (TCGA): 17.5"	"Low region specificity"	"Detected in all"			"Immune cell enhanced"	"Detected in some"		"classical monocyte: 1.2;myeloid DC: 1.8"	"Group enriched"	"Detected in many"	12	"dendritic cells: 1.8;monocytes: 1.2"	"Cancer enhanced"	"Detected in many"		"Gallbladder cancer: 17.9;Rhabdoid: 26.3"	"Adrenal gland - Adrenal medulla cells, Colon - Colon enteroendocrine cells, Pancreas - Alpha cells, Testis - Early spermatids, Testis - Late spermatids"	"Low region specificity"	"Detected in all"			"Low region specificity"	"Detected in all"								"Secreted to extracellular matrix"	"Enzyme inhibitor"	NA	NA			"Cluster 2: Dendritic cells - Unknown function"	"Cluster 9: Oligodendrocytes - Myelination"	"Cluster 28: Oligodendrocytes - Mixed function"	"Cluster 3: Rhabdoid - Membrane components"	"Cluster 69: Neurons - Neuronal signaling"					"unprognostic (3.38e-2)"		"unprognostic (2.36e-2)"	"unprognostic (1.20e-1)"			"unprognostic (1.51e-1)"	"unprognostic (4.38e-2)"	"unprognostic (2.06e-2)"					"unprognostic (1.27e-1)"		"unprognostic (2.21e-2)"	"unprognostic (3.09e-2)"	"unprognostic (1.02e-1)"	"unprognostic (3.09e-1)"	"unprognostic (1.81e-1)"	"unprognostic (2.12e-1)"	"unprognostic (3.09e-3)"	"unprognostic (4.30e-2)"	"unprognostic (9.15e-2)"					"unprognostic (2.62e-1)"		"unprognostic (2.53e-2)"
TBC1D2	"Armus, PARIS1, TBC1D2A"	ENSG00000095383	"TBC1 domain family member 2"	Q9BYX2	9	98199011-98255649	"Predicted intracellular proteins"		"GTPase activation"		"Evidence at protein level"	"Evidence at transcript level"	"Evidence at protein level"	"Evidence at protein level"	"Low tissue specificity"	"Detected in all"			"Cell type enhanced"	"Detected in many"		"Alveolar cells type 1: 114.4;Oligodendrocytes: 60.4"	"Cell type enhanced"	"Detected in all"		"oligodendrocyte: 71.1"	"Low cancer specificity"	"Detected in all"			"Low region specificity"	"Detected in all"			"Immune cell enhanced"	"Detected in many"		"classical monocyte: 27.5"	"Low lineage specificity"	"Detected in all"			"Low cancer specificity"	"Detected in many"			"Adipose visceral - Macrophages, Colon - Macrophages, Skin - Keratinocyte (other)"	"Low region specificity"	"Detected in many"			"Low region specificity"	"Detected in all"			"HPA030871, HPA076521"	Approved		Approved	"Nucleoplasm,Plasma membrane,Cytosol"			NA	Yes			"Cluster 38: Monocytes & Neutrophils - Degranulation"	"Cluster 75: Epithelium - Extracellular exosomes"	"Cluster 11: White matter - Signal transduction"	"Cluster 53: Squamous epithelial cells - Keratinization"	"Cluster 58: Macrophages - Innate immune response"	2	"Nucleoplasm, Plasma membrane, Cytosol"		"HPA030871: AB_10670046, HPA076521: "	"unprognostic (3.28e-1)"	"unprognostic (1.81e-1)"	"unprognostic (5.01e-2)"	"unprognostic (1.16e-1)"	"unprognostic (2.43e-1)"	"unprognostic (7.14e-2)"	"unprognostic (1.10e-3)"	"unprognostic (1.61e-1)"	"potential prognostic unfavorable (6.09e-4)"	"unprognostic (1.06e-1)"	"potential prognostic unfavorable (8.60e-4)"	"unprognostic (4.03e-2)"	"unprognostic (1.04e-1)"	"unprognostic (1.21e-1)"	"unprognostic (3.71e-1)"	"unprognostic (1.74e-1)"	"unprognostic (7.93e-2)"	"unprognostic (3.10e-1)"	"unprognostic (1.84e-1)"	"unprognostic (9.16e-3)"	"unprognostic (2.40e-3)"	"unprognostic (1.96e-2)"	"unprognostic (1.82e-2)"	"unprognostic (2.79e-1)"	"unprognostic (1.34e-1)"	"unprognostic (2.13e-1)"	"unprognostic (1.16e-1)"	"unprognostic (3.44e-1)"	"potential prognostic unfavorable (6.19e-4)"	"unprognostic (1.23e-2)"	"unprognostic (3.30e-2)"
TMEM176A	"HCA112, MS4B1"	ENSG00000002933	"Transmembrane protein 176A"	Q96HP8	7	150800403-150805118	"Predicted membrane proteins, Transporters"				"Evidence at protein level"	"Evidence at transcript level"	"Evidence at protein level"	"Evidence at protein level"	"Tissue enhanced"	"Detected in all"		"kidney: 363.1;liver: 1133.6"	"Cell type enhanced"	"Detected in many"		"Hepatocytes: 1025.8;Paneth cells: 727.3;Proximal enterocytes: 1314.4;Proximal tubular cells: 874.9"	"Cell type enhanced"	"Detected in many"		"astrocyte: 13.9;oligodendrocyte precursor cell: 10.8"	"Cancer enhanced"	"Detected in all"		"Liver Hepatocellular Carcinoma (TCGA): 932.6"	"Low region specificity"	"Detected in all"			"Immune cell enhanced"	"Detected in many"		"classical monocyte: 146.6;intermediate monocyte: 98.5"	"Lineage enriched"	"Detected in many"	5	"monocytes: 146.6"	"Cancer enhanced"	"Detected in many"		"colorectal cancer: 42.1;Gastric cancer: 31.7"	"Kidney - Proximal tubular cells, Liver - Hepatocytes, Stomach - Fibroblasts"	"Low region specificity"	"Detected in all"			"Low region specificity"	"Detected in all"			HPA008770	Approved		Approved	Mitochondria			NA	NA			"Cluster 26: Monocytes - Plasma membrane proteins"	"Cluster 1: Liver & Kidney - Metabolism"	"Cluster 22: Non-specific - Mixed function"	"Cluster 64: Connective tissue cells - ECM organization"	"Cluster 22: Proximal enterocytes - Digestion"	12	Mitochondria		"HPA008770: AB_2256120"	"unprognostic (5.90e-2)"	"unprognostic (2.89e-2)"	"unprognostic (6.32e-3)"	"unprognostic (1.43e-1)"	"unprognostic (1.63e-1)"	"unprognostic (5.08e-2)"	"unprognostic (1.48e-3)"	"unprognostic (3.25e-2)"	"unprognostic (2.05e-2)"	"unprognostic (3.38e-1)"	"potential prognostic favorable (2.03e-4)"	"unprognostic (2.56e-2)"	"unprognostic (1.85e-2)"	"unprognostic (2.68e-1)"	"unprognostic (3.47e-2)"	"unprognostic (6.19e-2)"	"unprognostic (1.22e-1)"	"unprognostic (4.48e-2)"	"unprognostic (3.74e-2)"	"unprognostic (2.93e-1)"	"unprognostic (1.52e-1)"	"unprognostic (1.97e-2)"	"unprognostic (2.48e-1)"	"unprognostic (2.44e-2)"	"unprognostic (3.41e-2)"	"potential prognostic unfavorable (9.44e-4)"	"unprognostic (2.78e-1)"	"unprognostic (6.26e-3)"	"unprognostic (1.08e-2)"	"unprognostic (8.44e-2)"	"unprognostic (4.12e-2)"
TNFSF13	"APRIL, CD256"	ENSG00000161955	"TNF superfamily member 13"	O75888	17	7558292-7561608	"Cancer-related genes, CD markers, Plasma proteins, Predicted intracellular proteins, Predicted secreted proteins"	Immunity	Cytokine	"Cancer-related genes"	"Evidence at protein level"	"Evidence at transcript level"	"Evidence at protein level"	"Evidence at protein level"	"Tissue enhanced"	"Detected in all"		"choroid plexus: 174.6;salivary gland: 143.4"	"Cell type enhanced"	"Detected in some"		"Basal squamous epithelial cells: 4.7;Erythroid cells: 4.5;Gastric mucus-secreting cells: 10.6;Macrophages: 11.2;Mesothelial cells: 13.2;Schwann cells: 8.2"	"Cell type enhanced"	"Detected in some"		"astrocyte: 25.8;central nervous system macrophage: 18.8"	"Low cancer specificity"	"Detected in all"			"Low region specificity"	"Detected in all"			"Immune cell enhanced"	"Detected in many"		"classical monocyte: 384.4"	"Group enriched"	"Detected in all"	11	"dendritic cells: 249.2;granulocytes: 139.3;monocytes: 384.4"	"Low cancer specificity"	"Detected in all"			"Adipose subcutaneous - Macrophages, Colon - Macrophages, Lung - Macrophages, Minor Salivary Gland - Minor salivary glandular cells, Skeletal muscle - Macrophages"	"Low region specificity"	"Detected in all"			"Low region specificity"	"Detected in all"			HPA004863	Uncertain				"Secreted to blood"	Cytokine	NA	NA	6770000	450000	"Cluster 26: Monocytes - Plasma membrane proteins"	"Cluster 60: Choroid plexus - Transmembrane transport"	"Cluster 42: Choroid plexus - Mitochondria"	"Cluster 53: Squamous epithelial cells - Keratinization"	"Cluster 49: Non-specific - Transcription"	1			"HPA004863: AB_1078187"	"unprognostic (9.30e-3)"	"unprognostic (5.99e-2)"	"unprognostic (9.89e-2)"	"unprognostic (7.55e-2)"	"unprognostic (1.57e-1)"	"unprognostic (1.83e-2)"	"potential prognostic unfavorable (1.31e-4)"	"unprognostic (8.44e-3)"	"unprognostic (2.70e-1)"	"unprognostic (3.32e-1)"	"potential prognostic favorable (7.92e-6)"	"unprognostic (2.09e-3)"	"potential prognostic favorable (2.28e-7)"	"unprognostic (4.80e-3)"	"unprognostic (8.92e-2)"	"unprognostic (5.74e-2)"	"unprognostic (1.25e-1)"	"unprognostic (1.53e-1)"	"unprognostic (6.48e-2)"	"unprognostic (7.39e-2)"	"unprognostic (2.81e-1)"	"unprognostic (6.23e-2)"	"unprognostic (7.41e-2)"	"unprognostic (4.52e-1)"	"unprognostic (4.22e-1)"	"unprognostic (2.03e-2)"	"unprognostic (1.07e-1)"	"unprognostic (1.81e-1)"	"unprognostic (5.25e-2)"	"unprognostic (3.40e-1)"	"unprognostic (3.12e-2)"
WNT5B		ENSG00000111186	"Wnt family member 5B"	Q9H1J7	12	1529891-1647212	"Predicted secreted proteins"	"Wnt signaling pathway"	"Developmental protein"		"Evidence at protein level"	"Evidence at transcript level"	"Evidence at transcript level"	"Evidence at protein level"	"Tissue enhanced"	"Detected in many"		"prostate: 31.4"	"Cell type enhanced"	"Detected in many"		"Basal squamous epithelial cells: 19.3;Club cells: 20.2;Microglial cells: 18.8;Muller glia cells: 33.9;Prostatic glandular cells: 18.0;Salivary duct cells: 23.2"	"Cell type enhanced"	"Detected in all"		"fibroblast: 107.2"	"Cancer enhanced"	"Detected in all"		"Testicular Germ Cell Tumor (TCGA): 46.2"	"Low region specificity"	"Detected in all"			"Immune cell enhanced"	"Detected in some"		"classical monocyte: 1.8;eosinophil: 1.5"	"Low lineage specificity"	"Detected in many"			"Cancer enhanced"	"Detected in many"		"Adrenocortical cancer: 90.7"	"Kidney - Fibroblasts, Liver - Hepatocytes, Thyroid gland - Fibroblasts"	"Low region specificity"	"Detected in all"			"Low region specificity"	"Detected in all"			HPA061991			Approved	Vesicles	"Secreted to extracellular matrix"	"Developmental protein"	NA	NA				"Cluster 75: Epithelium - Extracellular exosomes"	"Cluster 19: Astrocytes - Mixed function"	"Cluster 64: Connective tissue cells - ECM organization"	"Cluster 50: Connective tissue cells - ECM organization"		Vesicles		"HPA061991: "	"unprognostic (4.97e-2)"	"unprognostic (5.49e-2)"	"unprognostic (3.65e-1)"	"unprognostic (9.46e-2)"	"unprognostic (2.38e-2)"	"unprognostic (8.71e-2)"	"unprognostic (7.83e-2)"	"unprognostic (4.84e-2)"	"unprognostic (2.96e-1)"	"unprognostic (1.57e-1)"	"unprognostic (2.51e-2)"	"unprognostic (6.88e-3)"	"unprognostic (3.47e-2)"	"unprognostic (4.07e-3)"	"potential prognostic favorable (2.56e-5)"	"unprognostic (1.30e-1)"	"unprognostic (1.02e-1)"	"unprognostic (3.19e-2)"	"unprognostic (1.24e-1)"	"unprognostic (2.63e-2)"	"unprognostic (1.21e-2)"	"unprognostic (2.83e-2)"	"unprognostic (1.01e-1)"	"unprognostic (1.63e-2)"	"unprognostic (1.39e-1)"	"unprognostic (3.53e-1)"	"unprognostic (1.64e-1)"	"unprognostic (2.13e-2)"	"unprognostic (1.62e-1)"	"unprognostic (2.79e-1)"	"unprognostic (2.19e-1)"
