Gene	"Gene synonym"	Ensembl	"Gene description"	Uniprot	Chromosome	Position	"Protein class"	"Biological process"	"Molecular function"	"Disease involvement"	Evidence	"HPA evidence"	"UniProt evidence"	"NeXtProt evidence"	"RNA tissue specificity"	"RNA tissue distribution"	"RNA tissue specificity score"	"RNA tissue specific nTPM"	"RNA single cell type specificity"	"RNA single cell type distribution"	"RNA single cell type specificity score"	"RNA single cell type specific nTPM"	"RNA single nuclei brain specificity"	"RNA single nuclei brain distribution"	"RNA single nuclei brain specificity score"	"RNA single nuclei brain specific nTPM"	"RNA cancer specificity"	"RNA cancer distribution"	"RNA cancer specificity score"	"RNA cancer specific FPKM"	"RNA brain regional specificity"	"RNA brain regional distribution"	"RNA brain regional specificity score"	"RNA brain regional specific nTPM"	"RNA blood cell specificity"	"RNA blood cell distribution"	"RNA blood cell specificity score"	"RNA blood cell specific nTPM"	"RNA blood lineage specificity"	"RNA blood lineage distribution"	"RNA blood lineage specificity score"	"RNA blood lineage specific nTPM"	"RNA cell line specificity"	"RNA cell line distribution"	"RNA cell line specificity score"	"RNA cell line specific nTPM"	"RNA tissue cell type enrichment"	"RNA mouse brain regional specificity"	"RNA mouse brain regional distribution"	"RNA mouse brain regional specificity score"	"RNA mouse brain regional specific nTPM"	"RNA pig brain regional specificity"	"RNA pig brain regional distribution"	"RNA pig brain regional specificity score"	"RNA pig brain regional specific nTPM"	Antibody	"Reliability (IH)"	"Reliability (Mouse Brain)"	"Reliability (IF)"	"Subcellular location"	"Secretome location"	"Secretome function"	"CCD Protein"	"CCD Transcript"	"Blood concentration - Conc. blood IM [pg/L]"	"Blood concentration - Conc. blood MS [pg/L]"	"Blood expression cluster"	"Tissue expression cluster"	"Brain expression cluster"	"Cell line expression cluster"	"Single cell expression cluster"	Interactions	"Subcellular main location"	"Subcellular additional location"	"Antibody RRID"	"Cancer prognostics - Bladder Urothelial Carcinoma (TCGA)"	"Cancer prognostics - Breast Invasive Carcinoma (TCGA)"	"Cancer prognostics - Breast Invasive Carcinoma (validation)"	"Cancer prognostics - Cervical Squamous Cell Carcinoma and Endocervical Adenocarcinoma (TCGA)"	"Cancer prognostics - Colon Adenocarcinoma (TCGA)"	"Cancer prognostics - Colon Adenocarcinoma (validation)"	"Cancer prognostics - Glioblastoma Multiforme (TCGA)"	"Cancer prognostics - Glioblastoma Multiforme (validation)"	"Cancer prognostics - Head and Neck Squamous Cell Carcinoma (TCGA)"	"Cancer prognostics - Kidney Chromophobe (TCGA)"	"Cancer prognostics - Kidney Renal Clear Cell Carcinoma (TCGA)"	"Cancer prognostics - Kidney Renal Clear Cell Carcinoma (validation)"	"Cancer prognostics - Kidney Renal Papillary Cell Carcinoma (TCGA)"	"Cancer prognostics - Liver Hepatocellular Carcinoma (TCGA)"	"Cancer prognostics - Liver Hepatocellular Carcinoma (validation)"	"Cancer prognostics - Lung Adenocarcinoma (TCGA)"	"Cancer prognostics - Lung Adenocarcinoma (validation)"	"Cancer prognostics - Lung Squamous Cell Carcinoma (TCGA)"	"Cancer prognostics - Lung Squamous Cell Carcinoma (validation)"	"Cancer prognostics - Ovary Serous Cystadenocarcinoma (TCGA)"	"Cancer prognostics - Ovary Serous Cystadenocarcinoma (validation)"	"Cancer prognostics - Pancreatic Adenocarcinoma (TCGA)"	"Cancer prognostics - Pancreatic Adenocarcinoma (validation)"	"Cancer prognostics - Prostate Adenocarcinoma (TCGA)"	"Cancer prognostics - Rectum Adenocarcinoma (TCGA)"	"Cancer prognostics - Rectum Adenocarcinoma (validation)"	"Cancer prognostics - Skin Cuteneous Melanoma (TCGA)"	"Cancer prognostics - Stomach Adenocarcinoma (TCGA)"	"Cancer prognostics - Testicular Germ Cell Tumor (TCGA)"	"Cancer prognostics - Thyroid Carcinoma (TCGA)"	"Cancer prognostics - Uterine Corpus Endometrial Carcinoma (TCGA)"
PRSS16	TSSP	ENSG00000112812	"Serine protease 16"	Q9NQE7	6	27247701-27256624	"Enzymes, Predicted intracellular proteins, Predicted secreted proteins"		"Hydrolase, Protease, Serine protease"		"Evidence at protein level"	"Evidence at transcript level"	"Evidence at transcript level"	"Evidence at protein level"	"Tissue enriched"	"Detected in many"	59	"lymphoid tissue: 804.8"	"Cell type enhanced"	"Detected in many"		"Cytotrophoblasts: 42.6;Extravillous trophoblasts: 26.7;Syncytiotrophoblasts: 32.9"	"Cell type enhanced"	"Detected in single"		"choroid plexus epithelial cell: 3.2"	"Low cancer specificity"	"Detected in many"			"Not detected"	"Not detected"			"Immune cell enhanced"	"Detected in single"		"memory B-cell: 2.1"	"Lineage enhanced"	"Detected in single"		"B-cells: 2.1"	"Low cancer specificity"	"Detected in many"			"Adipose visceral - Mesothelial cells, Colon - Colon enterocytes, Skin - Keratinocyte (other), Thyroid gland - Thyroid glandular cells"	"Not detected"	"Not detected"			"Low region specificity"	"Detected in all"								"Secreted in other tissues"	Enzyme	NA	NA			"Cluster 24: Non-specific - Transcription"	"Cluster 71: Thymus - Adaptive immune response"		"Cluster 53: Squamous epithelial cells - Keratinization"	"Cluster 24: Cytotrophoblasts - Mitochondria"					"unprognostic (1.54e-2)"	"unprognostic (7.30e-2)"	"unprognostic (2.32e-1)"	"unprognostic (1.79e-2)"	"unprognostic (2.28e-2)"	"unprognostic (6.63e-3)"			"unprognostic (5.77e-2)"	"unprognostic (1.81e-1)"	"unprognostic (2.38e-2)"	"unprognostic (5.04e-2)"	"unprognostic (2.69e-2)"		"unprognostic (1.47e-1)"	"unprognostic (5.90e-2)"	"unprognostic (3.56e-2)"	"unprognostic (2.18e-2)"	"unprognostic (1.11e-1)"	"potential prognostic favorable (3.24e-4)"	"unprognostic (1.13e-1)"	"unprognostic (3.34e-3)"	"unprognostic (2.18e-1)"	"unprognostic (1.13e-1)"	"unprognostic (8.19e-2)"	"unprognostic (1.20e-1)"		"unprognostic (1.73e-1)"	"unprognostic (1.68e-1)"	"unprognostic (1.58e-1)"	"unprognostic (1.68e-2)"
BTN1A1	"BT, BTN, BTN1"	ENSG00000124557	"Butyrophilin subfamily 1 member A1"	Q13410	6	26500303-26510425	"Predicted membrane proteins"				"Evidence at protein level"	"Evidence at protein level"	"Evidence at protein level"	"Evidence at protein level"	"Tissue enriched"	"Detected in single"	39	"breast: 31.0"	"Cell type enriched"	"Detected in some"	52	"Breast glandular cells: 108.0"	"Cell type enhanced"	"Detected in single"		"midbrain-derived inhibitory: 3.1"	"Not detected"	"Not detected"			"Not detected"	"Not detected"			"Immune cell enhanced"	"Detected in some"		"memory B-cell: 2.2;naive B-cell: 1.9"	"Low lineage specificity"	"Detected in single"			"Not detected"	"Not detected"				"Not detected"	"Not detected"			"Not detected"	"Not detected"			"HPA011126, CAB037340"	Supported				"Intracellular and membrane"	"No annotated function"	NA	NA			"Cluster 17: B-cells - Immunoglobulins"	"Cluster 73: Breast - Lactation"		"Cluster 10: Ciliated cells - Ion channel activity"	"Cluster 17: Breast glandular cells - Lactation"	1			"CAB037340: , HPA011126: AB_1845491"																															
SIGLEC6	"CD327, CD33L, CD33L1, OB-BP1, SIGLEC-6"	ENSG00000105492	"Sialic acid binding Ig like lectin 6"	O43699	19	51517819-51531856	"CD markers, Predicted membrane proteins, Predicted secreted proteins"	"Cell adhesion"			"Evidence at protein level"	"Evidence at protein level"	"Evidence at protein level"	"Evidence at protein level"	"Tissue enriched"	"Detected in many"	24	"placenta: 103.1"	"Group enriched"	"Detected in some"	12	"Cytotrophoblasts: 172.9;granulocytes: 226.4;Syncytiotrophoblasts: 322.5"	"Not detected"	"Not detected"			"Group enriched"	"Detected in some"	4	"Bladder Urothelial Carcinoma (TCGA): 2.8;Thyroid Carcinoma (TCGA): 7.2"	"Low region specificity"	"Detected in all"			"Immune cell enhanced"	"Detected in some"		"memory B-cell: 7.2;plasmacytoid DC: 11.0"	"Group enriched"	"Detected in many"	9	"B-cells: 7.2;dendritic cells: 11.0;granulocytes: 4.9"	"Group enriched"	"Detected in some"	5	"Bladder cancer: 7.8;colorectal cancer: 11.8;Leukemia: 25.0"	"Adipose subcutaneous - Mast cells, Adipose visceral - Mast cells, Colon - Mast cells, Lung - Mast cells, Minor Salivary Gland - Mast cells, Skin - Mast cells"					"Low region specificity"	"Detected in some"			"HPA008945, HPA009084, HPA018198"	Enhanced		Approved	"Plasma membrane,Cytosol"	"Secreted to blood"	"Cell adhesion"	NA	NA		100000	"Cluster 23: B-cells - Immunoglobulins"	"Cluster 58: Placenta - Pregnancy"	"Cluster 48: Non-specific - Mixed function"	"Cluster 49: HMC-1 - Innate immune response"	"Cluster 24: Cytotrophoblasts - Mitochondria"	2	"Plasma membrane, Cytosol"		"HPA008945: , HPA009084: AB_1079967, HPA018198: AB_1856868"	"unprognostic (6.51e-2)"		"unprognostic (5.75e-2)"			"unprognostic (1.42e-1)"										"potential prognostic favorable (1.21e-4)"	"unprognostic (4.50e-2)"		"unprognostic (1.16e-1)"			"unprognostic (1.54e-1)"	"unprognostic (1.51e-1)"			"unprognostic (1.69e-2)"		"unprognostic (1.32e-2)"		"unprognostic (4.26e-2)"	
TXLNB	"C6orf198, dJ522B19.2, DKFZp451A175, MDP77"	ENSG00000164440	"Taxilin beta"	Q8N3L3	6	139240061-139291998	"Predicted intracellular proteins"				"Evidence at protein level"	"Evidence at protein level"	"Evidence at protein level"	"Evidence at protein level"	"Group enriched"	"Detected in many"	22	"heart muscle: 79.1;skeletal muscle: 289.4;tongue: 181.8"	"Group enriched"	"Detected in many"	7	"Cardiomyocytes: 350.2;Skeletal myocytes: 241.0"	"Cell type enhanced"	"Detected in many"		"fibroblast: 9.8"	"Cancer enhanced"	"Detected in some"		"Glioblastoma Multiforme (TCGA): 3.9"	"Low region specificity"	"Detected in all"			"Immune cell enhanced"	"Detected in single"		"memory B-cell: 1.9"	"Low lineage specificity"	"Detected in single"			"Cancer enhanced"	"Detected in some"		"lymphoma: 4.4"	"Heart muscle - Cardiomyocytes, Skeletal muscle - Skeletal myocytes, Testis - Early spermatids, Testis - Late spermatids"	"Low region specificity"	"Detected in single"			"Low region specificity"	"Detected in many"			"HPA030401, HPA030402, HPA030403"	Enhanced						NA	NA			"Cluster 23: B-cells - Immunoglobulins"	"Cluster 14: Skeletal muscle - Muscle contraction"	"Cluster 39: Astrocytes - Mixed function"	"Cluster 46: Lymphoma - Humoral immune response"	"Cluster 68: Cardiomyocytes - Muscle contraction"	80			"HPA030401: AB_2673459, HPA030402: AB_10602486, HPA030403: AB_2673461"		"unprognostic (1.57e-1)"	"unprognostic (5.52e-2)"				"unprognostic (1.95e-2)"	"potential prognostic unfavorable (7.21e-5)"	"unprognostic (1.21e-1)"			"unprognostic (8.01e-3)"					"unprognostic (1.22e-1)"		"unprognostic (1.11e-1)"					"unprognostic (5.96e-2)"		"unprognostic (7.18e-3)"					
ACSM1	"BUCS1, MACS1"	ENSG00000166743	"Acyl-CoA synthetase medium chain family member 1"	Q08AH1	16	20623235-20698890	"Enzymes, Metabolic proteins, Predicted intracellular proteins, Predicted membrane proteins"	"Fatty acid metabolism, Lipid metabolism"	Ligase		"Evidence at protein level"	"Evidence at transcript level"	"Evidence at protein level"	"Evidence at protein level"	"Tissue enriched"	"Detected in many"	21	"breast: 209.4"	"Cell type enhanced"	"Detected in many"		"Early spermatids: 11.6;Late spermatids: 22.9;Peritubular cells: 7.6"	"Low cell type specificity"	"Detected in some"			"Group enriched"	"Detected in many"	7	"Liver Hepatocellular Carcinoma (TCGA): 34.3;Prostate Adenocarcinoma (TCGA): 85.9"	"Not detected"	"Not detected"			"Immune cell enhanced"	"Detected in some"		"eosinophil: 1.3;memory B-cell: 1.7"	"Low lineage specificity"	"Detected in many"			"Cancer enhanced"	"Detected in some"		"prostate cancer: 3.0"	"Prostate - Prostate glandular cells"	"Not detected"	"Not detected"							HPA046291	Uncertain						NA	NA			"Cluster 34: B-cells - Unknown function"	"Cluster 73: Breast - Lactation"		"Cluster 47: Leukemia - Hemostasis"	"Cluster 6: Ovarian stromal cells - Transcription"	4			"HPA046291: AB_10960704"		"unprognostic (1.98e-1)"	"unprognostic (1.40e-1)"								"unprognostic (6.19e-2)"	"unprognostic (6.09e-2)"	"unprognostic (1.93e-3)"	"unprognostic (2.39e-2)"	"potential prognostic favorable (2.91e-5)"							"unprognostic (3.67e-2)"	"unprognostic (6.47e-3)"	"unprognostic (3.47e-1)"						"unprognostic (2.26e-3)"	"unprognostic (4.50e-1)"
GUCY2C	"GUC2C, STAR"	ENSG00000070019	"Guanylate cyclase 2C"	P25092	12	14612632-14696599	"Disease related genes, Enzymes, FDA approved drug targets, Human disease related genes, Metabolic proteins, Predicted membrane proteins, Transporters"	"cGMP biosynthesis"	"Lyase, Receptor"	"Disease variant, FDA approved drug targets"	"Evidence at protein level"	"Evidence at transcript level"	"Evidence at protein level"	"Evidence at protein level"	"Tissue enriched"	"Detected in some"	20	"intestine: 66.3"	"Group enriched"	"Detected in some"	10	"Distal enterocytes: 35.4;Enteroendocrine cells: 127.7;Intestinal goblet cells: 59.7;Paneth cells: 99.7;Proximal enterocytes: 70.4;Undifferentiated cells: 41.1"	"Cell type enriched"	"Detected in many"	7	"choroid plexus epithelial cell: 50.8"	"Group enriched"	"Detected in many"	6	"Colon Adenocarcinoma (TCGA): 34.1;Rectum Adenocarcinoma (TCGA): 37.9;Stomach Adenocarcinoma (TCGA): 13.3"	"Region enriched"	"Detected in many"	4	"choroid plexus: 6.8"	"Immune cell enhanced"	"Detected in some"		"memory B-cell: 1.5"	"Low lineage specificity"	"Detected in many"			"Group enriched"	"Detected in some"	7	"Bile duct cancer: 10.5;colorectal cancer: 17.5;Gastric cancer: 7.2"	"Colon - Colon enterocytes, Minor Salivary Gland - Minor salivary gland basal cells"	"Region enhanced"	"Detected in some"		"midbrain: 1.8"	"Low region specificity"	"Detected in many"			"HPA037655, HPA073759"	Uncertain		Uncertain	Vesicles			NA	NA			"Cluster 2: Dendritic cells - Unknown function"	"Cluster 45: Intestine - Digestion"	"Cluster 8: Immune cells - Immune response"	"Cluster 57: Stomach & Colon cancer - Digestion"	"Cluster 20: Enteroendocrine cells - Hormone signaling"	1	Vesicles		"HPA037655: AB_10672388, HPA073759: "					"unprognostic (6.14e-2)"	"unprognostic (1.25e-2)"				"unprognostic (4.01e-3)"				"validated prognostic unfavorable (1.31e-5)"	"validated prognostic unfavorable (9.46e-6)"	"unprognostic (3.77e-2)"	"unprognostic (5.29e-2)"		"unprognostic (8.45e-2)"			"unprognostic (8.33e-2)"	"unprognostic (1.99e-1)"		"unprognostic (2.03e-3)"	"unprognostic (1.83e-2)"		"unprognostic (1.10e-1)"	"unprognostic (3.57e-1)"		
ZBTB32	"FAXF, FAZF, Rog, TZFP, ZNF538"	ENSG00000011590	"Zinc finger and BTB domain containing 32"	Q9Y2Y4	19	35704558-35717038	"Predicted intracellular proteins, Transcription factors"	"Transcription, Transcription regulation"	"DNA-binding, Repressor"		"Evidence at protein level"	"Evidence at protein level"	"Evidence at protein level"	"Evidence at protein level"	"Tissue enriched"	"Detected in some"	14	"testis: 47.7"	"Cell type enhanced"	"Detected in some"		"B-cells: 19.1;Early spermatids: 40.5;granulocytes: 17.9;Late spermatids: 68.6;Plasma cells: 22.6;Spermatocytes: 90.8"	"Low cell type specificity"	"Detected in many"			"Not detected"	"Not detected"			"Low region specificity"	"Detected in all"			"Immune cell enhanced"	"Detected in some"		"memory B-cell: 10.5"	"Lineage enriched"	"Detected in many"	5	"B-cells: 10.5"	"Group enriched"	"Detected in some"	4	"lymphoma: 10.1;Myeloma: 3.8"	"Breast - T-cells, Spleen - Mitotic cells (Spleen), Testis - Early spermatids"	"Not detected"	"Not detected"			"Not detected"	"Not detected"			HPA076730	Enhanced						NA	NA			"Cluster 14: Non-specific - Unknown function"	"Cluster 44: Testis - Spermatogenesis"	"Cluster 15: Non-specific - Transcription"	"Cluster 55: Lymphoma - Immune response"	"Cluster 70: Spermatocytes & Spermatids - Spermatid development"	10			"HPA076730: AB_2732320"			"unprognostic (2.12e-2)"			"unprognostic (3.83e-1)"																				"unprognostic (4.30e-2)"					
C12orf42	FLJ25323	ENSG00000179088	"Chromosome 12 open reading frame 42"	Q96LP6	12	103237591-103495978	"Predicted intracellular proteins"				"Evidence at transcript level"	"Evidence at transcript level"	"Evidence at transcript level"	"Evidence at transcript level"	"Tissue enriched"	"Detected in some"	13	"testis: 16.7"	"Group enriched"	"Detected in some"	14	"Early spermatids: 354.8;Late spermatids: 397.0"	"Cell type enhanced"	"Detected in many"		"central nervous system macrophage: 85.1"	"Not detected"	"Not detected"			"Low region specificity"	"Detected in single"			"Immune cell enhanced"	"Detected in many"		"memory B-cell: 5.2;naive B-cell: 5.3"	"Low lineage specificity"	"Detected in many"			"Not detected"	"Not detected"			"Lung - B-cells (Lung), Pituitary gland - Corticotropes, Spleen - B-cells (Spleen), Testis - Early spermatids, Testis - Late spermatids, Thyroid gland - T-cells"	"Not detected"	"Not detected"														NA	NA			"Cluster 18: Non-specific - Translation"	"Cluster 44: Testis - Spermatogenesis"	"Cluster 51: Neurons - Mixed function"	"Cluster 10: Ciliated cells - Ion channel activity"	"Cluster 11: Late spermatids - Unknown function"																																			
SYT1	"P65, SVP65, SYT"	ENSG00000067715	"Synaptotagmin 1"	P21579	12	78863993-79452008	"Disease related genes, Human disease related genes, Potential drug targets, Predicted intracellular proteins, Predicted membrane proteins, Transporters"	Differentiation		"Disease variant"	"Evidence at protein level"	"Evidence at protein level"	"Evidence at protein level"	"Evidence at protein level"	"Group enriched"	"Detected in many"	10	"brain: 289.8;retina: 196.0"	"Cell type enhanced"	"Detected in many"		"Bipolar cells: 1057.9;Cone photoreceptor cells: 1116.3;Excitatory neurons: 3625.4;Horizontal cells: 791.9;Inhibitory neurons: 2790.0;Rod photoreceptor cells: 852.1"	"Low cell type specificity"	"Detected in all"			"Cancer enhanced"	"Detected in many"		"Breast Invasive Carcinoma (TCGA): 14.0;Glioblastoma Multiforme (TCGA): 14.4"	"Low region specificity"	"Detected in all"			"Immune cell enhanced"	"Detected in some"		"memory B-cell: 1.9;naive B-cell: 2.8"	"Lineage enriched"	"Detected in single"	4	"B-cells: 2.8"	"Cancer enhanced"	"Detected in many"		"Neuroblastoma: 53.5"	"Colon - Colon enteroendocrine cells, Liver - Hepatic stellate cells"	"Low region specificity"	"Detected in all"			"Low region specificity"	"Detected in all"			"HPA008394, HPA064788"	Enhanced	Supported					NA	NA				"Cluster 17: Neuronal - Synaptic function"	"Cluster 14: Neurons - Synaptic function"	"Cluster 16: Thyroid cancer - Neuronal signaling"	"Cluster 65: Neurons - Synaptic function"	34			"HPA008394: AB_1857696, HPA064788: AB_2685351"	"unprognostic (2.83e-1)"	"unprognostic (2.76e-3)"	"unprognostic (7.41e-2)"	"unprognostic (3.01e-1)"	"unprognostic (1.57e-2)"	"unprognostic (1.22e-1)"	"unprognostic (3.38e-2)"	"unprognostic (1.43e-1)"	"potential prognostic unfavorable (1.16e-4)"					"unprognostic (1.14e-2)"	"potential prognostic unfavorable (7.64e-4)"	"unprognostic (5.97e-3)"	"unprognostic (1.38e-1)"	"unprognostic (1.63e-1)"	"unprognostic (3.63e-1)"	"unprognostic (1.75e-1)"		"unprognostic (1.09e-1)"	"unprognostic (1.58e-2)"	"unprognostic (3.05e-3)"	"unprognostic (4.26e-2)"	"unprognostic (5.24e-2)"		"unprognostic (2.17e-2)"	"unprognostic (1.19e-1)"	"unprognostic (1.06e-1)"	"unprognostic (3.43e-3)"
FCGR2B	"CD32, CD32B, FCG2, FcgammaRIIb, FCGR2, FcGRIIB"	ENSG00000072694	"Fc gamma receptor IIb"	P31994	1	161663143-161678654	"Cancer-related genes, CD markers, Disease related genes, FDA approved drug targets, Human disease related genes, Predicted membrane proteins"	"Host-virus interaction"	"IgG-binding protein, Receptor"	"Cancer-related genes, FDA approved drug targets, Proto-oncogene, Systemic lupus erythematosus"	"Evidence at protein level"	"Evidence at protein level"	"Evidence at protein level"	"Evidence at protein level"	"Tissue enriched"	"Detected in all"	9	"placenta: 389.2"	"Cell type enhanced"	"Detected in many"		"B-cells: 63.1;Endothelial cells: 81.2;Fibroblasts: 53.7;Kupffer cells: 52.9;Langerhans cells: 332.8;Macrophages: 125.2;Plasma cells: 61.7"	"Cell type enhanced"	"Detected in some"		"central nervous system macrophage: 8.4;leukocyte: 3.7;vascular associated smooth muscle cell: 1.9"	"Low cancer specificity"	"Detected in all"			"Low region specificity"	"Detected in all"			"Immune cell enhanced"	"Detected in many"		"basophil: 328.6;memory B-cell: 203.6"	"Low lineage specificity"	"Detected in many"			"Cancer enhanced"	"Detected in some"		"Leukemia: 10.4;lymphoma: 25.1"	"Adipose subcutaneous - Macrophages, Adipose visceral - Macrophages, Adrenal gland - Macrophages, Breast - Macrophages, Liver - Sinusoid Endothelial cells, Minor Salivary Gland - Macrophages, Skeletal muscle - Macrophages, Spleen - B-cells (Spleen), Testis - Macrophages, Thyroid gland - Macrophages"									"CAB007796, HPA014730"	Enhanced						NA	NA			"Cluster 32: Basophils - Transcription"	"Cluster 58: Placenta - Pregnancy"	"Cluster 8: Immune cells - Immune response"	"Cluster 46: Lymphoma - Humoral immune response"	"Cluster 41: Adipocytes & Endothelial cells - Mixed function"	8			"CAB007796: AB_562288, HPA014730: AB_2669074"	"unprognostic (4.29e-1)"	"unprognostic (8.73e-2)"	"unprognostic (2.89e-1)"	"unprognostic (3.90e-2)"	"unprognostic (1.46e-1)"	"unprognostic (9.19e-2)"	"unprognostic (1.84e-3)"	"unprognostic (2.43e-3)"	"unprognostic (9.25e-3)"	"unprognostic (1.72e-1)"	"unprognostic (2.71e-2)"	"unprognostic (2.52e-2)"	"unprognostic (9.35e-3)"	"unprognostic (1.47e-1)"	"unprognostic (6.11e-2)"	"unprognostic (7.35e-3)"	"unprognostic (9.11e-3)"	"unprognostic (1.22e-1)"	"unprognostic (5.90e-2)"	"unprognostic (3.96e-3)"	"unprognostic (2.74e-1)"	"unprognostic (6.03e-2)"	"unprognostic (2.48e-2)"	"unprognostic (4.38e-1)"	"unprognostic (3.28e-2)"	"unprognostic (9.93e-2)"	"unprognostic (2.19e-1)"	"unprognostic (5.77e-2)"	"unprognostic (4.86e-2)"	"unprognostic (2.59e-1)"	"unprognostic (1.55e-1)"
ANK1	"ANK, SPH1"	ENSG00000029534	"Ankyrin 1"	P16157	8	41653220-41896741	"Disease related genes, Human disease related genes, Plasma proteins, Potential drug targets, Predicted intracellular proteins, Transporters"			"Disease variant, Elliptocytosis, Hereditary hemolytic anemia"	"Evidence at protein level"	"Evidence at protein level"	"Evidence at protein level"	"Evidence at protein level"	"Group enriched"	"Detected in many"	8	"skeletal muscle: 950.3;tongue: 609.5"	"Cell type enhanced"	"Detected in many"		"Cardiomyocytes: 193.0;Cone photoreceptor cells: 54.4;Erythroid cells: 167.2;Horizontal cells: 84.3;Inhibitory neurons: 170.0;Skeletal myocytes: 220.5"	"Cell type enhanced"	"Detected in many"		"lower rhombic lip: 286.0;mammillary body: 298.3;upper rhombic lip: 286.0"	"Low cancer specificity"	"Detected in many"			"Low region specificity"	"Detected in all"			"Immune cell enhanced"	"Detected in some"		"memory B-cell: 9.5;naive B-cell: 7.8"	"Low lineage specificity"	"Detected in many"			"Cancer enhanced"	"Detected in many"		"Leukemia: 44.6"	"Breast - Endothelial cells, Heart muscle - Cardiomyocytes, Liver - Erythroid cells, Pancreas - Beta cells, Skeletal muscle - Skeletal myocytes, Spleen - Erythrocytes"	"Low region specificity"	"Detected in all"			"Low region specificity"	"Detected in all"			"HPA004842, HPA056953"	Supported	Supported					NA	NA		25000000	"Cluster 23: B-cells - Immunoglobulins"	"Cluster 14: Skeletal muscle - Muscle contraction"	"Cluster 26: Oligodendrocytes - Mixed function"	"Cluster 47: Leukemia - Hemostasis"	"Cluster 68: Cardiomyocytes - Muscle contraction"	7			"HPA004842: AB_1844827, HPA056953: AB_2683284"	"unprognostic (7.57e-2)"	"unprognostic (1.53e-1)"	"unprognostic (2.68e-1)"	"unprognostic (5.07e-2)"		"unprognostic (4.07e-3)"	"potential prognostic unfavorable (3.35e-4)"	"unprognostic (2.33e-1)"	"unprognostic (3.05e-1)"		"unprognostic (5.31e-3)"	"unprognostic (2.77e-1)"	"unprognostic (5.31e-3)"			"unprognostic (1.17e-1)"	"unprognostic (5.59e-3)"	"unprognostic (2.71e-2)"	"unprognostic (4.30e-1)"	"unprognostic (1.37e-1)"		"unprognostic (2.65e-2)"	"unprognostic (1.21e-1)"	"unprognostic (2.60e-1)"		"unprognostic (2.39e-2)"		"unprognostic (2.54e-1)"	"unprognostic (2.63e-2)"		"unprognostic (2.73e-1)"
BAIAP3	"BAP3, KIAA0734"	ENSG00000007516	"BAI1 associated protein 3"	O94812	16	1333638-1349441	"Predicted intracellular proteins"	"Exocytosis, Transport"			"Evidence at protein level"	"Evidence at protein level"	"Evidence at protein level"	"Evidence at protein level"	"Group enriched"	"Detected in many"	8	"brain: 135.0;pituitary gland: 358.1"	"Cell type enhanced"	"Detected in many"		"Astrocytes: 20.4;Ciliated cells: 49.5;Enteroendocrine cells: 35.8;Excitatory neurons: 18.6"	"Cell type enhanced"	"Detected in all"		"ependymal cell: 326.2"	"Low cancer specificity"	"Detected in all"			"Low region specificity"	"Detected in all"			"Immune cell enhanced"	"Detected in single"		"memory B-cell: 1.6"	"Low lineage specificity"	"Detected in single"			"Low cancer specificity"	"Detected in many"			"Liver - Hepatocytes, Lung - Respiratory ciliated cells, Pancreas - Alpha cells, Pancreas - Beta cells, Stomach - Gastric enteroendocrine cells"	"Region enhanced"	"Detected in many"		"hypothalamus: 123.4"	"Region enhanced"	"Detected in all"		"hypothalamus: 90.3"	"HPA015627, HPA015979"	Uncertain	Supported					NA	NA			"Cluster 14: Non-specific - Unknown function"	"Cluster 49: Pituitary gland - Hormone signaling"	"Cluster 56: Hypothalamus - Neuropeptide signaling"	"Cluster 70: DU4475 - Unknown function"	"Cluster 42: Ciliated cells - Cilium assembly"	3			"HPA015627: AB_10603678, HPA015979: "	"unprognostic (1.66e-1)"	"unprognostic (7.63e-2)"	"unprognostic (1.42e-1)"	"unprognostic (4.68e-2)"	"unprognostic (3.88e-2)"	"unprognostic (5.77e-3)"	"unprognostic (7.54e-2)"	"unprognostic (1.73e-1)"	"unprognostic (7.35e-2)"	"unprognostic (2.83e-1)"	"potential prognostic favorable (1.67e-5)"	"unprognostic (3.13e-2)"	"unprognostic (1.30e-1)"	"unprognostic (1.66e-1)"	"unprognostic (2.32e-1)"	"unprognostic (1.52e-1)"	"unprognostic (9.25e-2)"	"unprognostic (1.83e-1)"		"unprognostic (7.33e-3)"	"unprognostic (2.58e-1)"	"unprognostic (1.12e-1)"	"unprognostic (1.12e-2)"	"unprognostic (1.65e-1)"	"unprognostic (2.43e-1)"	"unprognostic (7.28e-2)"	"unprognostic (6.00e-3)"	"unprognostic (4.18e-1)"	"unprognostic (3.71e-1)"	"unprognostic (3.42e-3)"	"unprognostic (2.53e-2)"
DLL3	SCDO1	ENSG00000090932	"Delta like canonical Notch ligand 3"	Q9NYJ7	19	39498895-39508481	"Disease related genes, Human disease related genes, Plasma proteins, Predicted intracellular proteins, Predicted membrane proteins"	"Differentiation, Notch signaling pathway"	"Developmental protein"	"Disease variant, Dwarfism"	"Evidence at protein level"	"Evidence at transcript level"	"Evidence at protein level"	"Evidence at protein level"	"Tissue enriched"	"Detected in some"	8	"brain: 28.1"	"Cell type enhanced"	"Detected in some"		"Oligodendrocyte precursor cells: 23.1;Oocytes: 105.9;Spermatogonia: 42.1"	"Cell type enhanced"	"Detected in many"		"oligodendrocyte precursor cell: 67.7"	"Cancer enhanced"	"Detected in many"		"Glioblastoma Multiforme (TCGA): 60.2;Skin Cuteneous Melanoma (TCGA): 26.8"	"Low region specificity"	"Detected in many"			"Immune cell enhanced"	"Detected in some"		"memory B-cell: 2.6;naive CD8 T-cell: 1.4"	"Group enriched"	"Detected in many"	13	"B-cells: 2.6;T-cells: 1.4"	"Cancer enhanced"	"Detected in many"		"Neuroblastoma: 17.9;skin cancer: 27.5"		"Low region specificity"	"Detected in some"			"Low region specificity"	"Detected in many"			"HPA024559, HPA056533"			Approved	"Nucleoplasm,Golgi apparatus,Plasma membrane"			NA	NA			"Cluster 24: Non-specific - Transcription"	"Cluster 61: Brain - Neuronal signaling"	"Cluster 51: Neurons - Mixed function"	"Cluster 16: Thyroid cancer - Neuronal signaling"	"Cluster 67: Spermatogonia - Spermatogenesis"		Nucleoplasm	"Golgi apparatus, Plasma membrane"	"HPA024559: , HPA056533: "	"unprognostic (8.13e-2)"		"unprognostic (1.43e-1)"	"unprognostic (4.14e-2)"			"unprognostic (7.22e-2)"	"potential prognostic favorable (6.19e-4)"								"unprognostic (2.92e-2)"		"unprognostic (1.49e-1)"		"unprognostic (4.00e-2)"	"unprognostic (4.37e-2)"						"unprognostic (1.73e-1)"		"unprognostic (3.53e-1)"		"potential prognostic unfavorable (4.99e-5)"
DNAJC5B	"CSP-beta, MGC26226"	ENSG00000147570	"DnaJ heat shock protein family (Hsp40) member C5 beta"	Q9UF47	8	66021553-66101245	"Predicted intracellular proteins, Predicted membrane proteins"		Chaperone		"Evidence at protein level"	"Evidence at transcript level"	"Evidence at protein level"	"Evidence at protein level"	"Tissue enriched"	"Detected in some"	8	"testis: 63.6"	"Group enriched"	"Detected in some"	131	"Early spermatids: 768.2;Late spermatids: 2857.7"	"Group enriched"	"Detected in some"	6	"CGE interneuron: 3.3;lower rhombic lip: 1.3"	"Low cancer specificity"	"Detected in many"			"Region enhanced"	"Detected in single"		"white matter: 1.2"	"Immune cell enhanced"	"Detected in some"		"memory B-cell: 5.8"	"Lineage enriched"	"Detected in many"	5	"B-cells: 5.8"	"Cancer enhanced"	"Detected in some"		"lymphoma: 15.5;Rhabdoid: 5.2"	"Lung - Macrophages, Testis - Early spermatids, Testis - Late spermatids"	"Not detected"	"Not detected"			"Low region specificity"	"Detected in many"										NA	NA			"Cluster 17: B-cells - Immunoglobulins"	"Cluster 44: Testis - Spermatogenesis"	"Cluster 30: White matter - Myelination"	"Cluster 55: Lymphoma - Immune response"	"Cluster 63: Late spermatids - Spermatogenesis"	14					"unprognostic (2.18e-1)"	"unprognostic (8.93e-2)"		"unprognostic (3.90e-2)"	"unprognostic (2.19e-2)"					"unprognostic (5.02e-2)"	"unprognostic (6.10e-1)"	"unprognostic (1.70e-1)"		"unprognostic (1.85e-1)"	"unprognostic (3.27e-3)"	"unprognostic (1.04e-2)"	"unprognostic (1.31e-1)"	"unprognostic (2.52e-1)"			"unprognostic (8.42e-2)"	"unprognostic (8.30e-3)"		"unprognostic (5.64e-3)"	"unprognostic (1.27e-2)"		"unprognostic (1.85e-1)"	"unprognostic (8.78e-3)"		"unprognostic (3.15e-1)"
IGHV4-39		ENSG00000211959	"Immunoglobulin heavy variable 4-39"	P01824	14	106421711-106422218	"Immunoglobulin genes, Predicted secreted proteins"	"Adaptive immunity, Immunity"			"Evidence at protein level"	"Evidence at transcript level"	"Evidence at protein level"	"Evidence at protein level"	"Group enriched"	"Detected in many"	8	"lymphoid tissue: 365.9;urinary bladder: 522.6"	"Cell type enriched"	"Detected in some"	359	"Plasma cells: 28207.0"	"Not detected"	"Not detected"			"Low cancer specificity"	"Detected in many"			"Low region specificity"	"Detected in many"			"Immune cell enhanced"	"Detected in some"		"memory B-cell: 1.6;naive B-cell: 1.7"	"Low lineage specificity"	"Detected in many"			"Group enriched"	"Detected in some"	40	"lymphoma: 89.4;Myeloma: 52.8"	"Adipose subcutaneous - Plasma cells, Adipose visceral - Plasma cells, Adrenal gland - Plasma cells, Breast - Plasma cells, Colon - Plasma cells, Heart muscle - Plasma cells, Liver - Plasma cells, Lung - Plasma cells, Minor Salivary Gland - Plasma cells, Pancreas - Plasma cells, Pituitary gland - Plasma cells, Prostate - Plasma cells, Skeletal muscle - Plasma cells, Skin - Plasma cells, Spleen - Plasma cells, Stomach - Plasma cells, Thyroid gland - Plasma cells"														"Immunoglobulin genes"	Immunity	NA	NA		9200000000	"Cluster 38: Monocytes & Neutrophils - Degranulation"		"Cluster 8: Immune cells - Immune response"	"Cluster 13: Non-specific - Mixed function"	"Cluster 23: Plasma cells - Humoral immune response"					"unprognostic (1.62e-1)"	"unprognostic (3.37e-1)"		"unprognostic (9.13e-2)"	"unprognostic (9.30e-2)"	"unprognostic (2.46e-1)"		"unprognostic (2.56e-2)"	"unprognostic (6.42e-2)"	"unprognostic (1.23e-1)"	"unprognostic (3.43e-2)"	"unprognostic (6.89e-2)"	"unprognostic (7.71e-2)"	"unprognostic (3.08e-1)"		"unprognostic (4.46e-2)"	"unprognostic (5.35e-2)"	"unprognostic (1.98e-1)"	"unprognostic (2.34e-2)"	"unprognostic (1.52e-1)"	"unprognostic (1.19e-1)"	"unprognostic (1.65e-2)"	"unprognostic (1.37e-2)"	"unprognostic (2.76e-2)"	"unprognostic (3.76e-2)"	"unprognostic (2.19e-2)"	"unprognostic (2.10e-1)"	"unprognostic (2.90e-1)"	"unprognostic (4.24e-2)"	"unprognostic (6.55e-2)"	"unprognostic (6.21e-2)"
MAJIN	C11orf85	ENSG00000168070	"Membrane anchored junction protein"	Q3KP22	11	64937517-64972108	"Predicted intracellular proteins"	Meiosis	DNA-binding		"Evidence at protein level"	"Evidence at transcript level"	"Evidence at protein level"	"Evidence at protein level"	"Tissue enriched"	"Detected in some"	8	"testis: 21.8"	"Cell type enriched"	"Detected in some"	7	"Spermatocytes: 179.7"	"Low cell type specificity"	"Detected in some"			"Cancer enhanced"	"Detected in some"		"Cervical Squamous Cell Carcinoma and Endocervical Adenocarcinoma (TCGA): 3.4"	"Low region specificity"	"Detected in many"			"Immune cell enhanced"	"Detected in single"		"memory B-cell: 1.3"	"Lineage enriched"	"Detected in single"	5	"B-cells: 1.3"	"Cancer enriched"	"Detected in some"	12	"Gallbladder cancer: 12.3"	"Kidney - Proximal tubular cells, Kidney - Proximal tubular cells, Liver - Hepatocytes, Testis - Spermatocytes"	"Not detected"	"Not detected"			"Low region specificity"	"Detected in all"										NA	NA			"Cluster 14: Non-specific - Unknown function"	"Cluster 63: Testis - Spermatid development"	"Cluster 15: Non-specific - Transcription"	"Cluster 46: Lymphoma - Humoral immune response"	"Cluster 79: Spermatocytes & Spermatogonia - Spermatogenesis"	1							"potential prognostic favorable (4.27e-4)"								"unprognostic (9.24e-2)"	"unprognostic (1.45e-2)"			"unprognostic (1.68e-1)"	"unprognostic (1.00e-2)"			"unprognostic (4.71e-2)"	"unprognostic (2.13e-1)"								"unprognostic (1.40e-1)"		
ADAM28	"ADAM23, eMDCII, MDC-Lm, MDC-Ls"	ENSG00000042980	"ADAM metallopeptidase domain 28"	Q9UKQ2	8	24294069-24359014	"Plasma proteins, Predicted membrane proteins, Predicted secreted proteins, Transporters"		"Hydrolase, Metalloprotease, Protease"		"Evidence at protein level"	"Evidence at protein level"	"Evidence at protein level"	"Evidence at protein level"	"Group enriched"	"Detected in many"	6	"epididymis: 347.9;stomach 1: 107.1"	"Cell type enhanced"	"Detected in many"		"B-cells: 223.9;Gastric mucus-secreting cells: 131.5;Ionocytes: 76.2;Microglial cells: 222.8"	"Cell type enriched"	"Detected in many"	40	"central nervous system macrophage: 1395.1"	"Cancer enhanced"	"Detected in all"		"Pancreatic Adenocarcinoma (TCGA): 34.9"	"Low region specificity"	"Detected in all"			"Immune cell enhanced"	"Detected in many"		"memory B-cell: 72.0;naive B-cell: 87.4"	"Low lineage specificity"	"Detected in many"			"Cancer enhanced"	"Detected in many"		"pancreatic cancer: 9.9"	"Adrenal gland - Macrophages, Spleen - B-cells (Spleen), Thyroid gland - T-cells"	"Not detected"	"Not detected"			"Low region specificity"	"Detected in all"			HPA074034	Enhanced		Approved	"Plasma membrane,Mitochondria"	"Secreted to blood"	Enzyme	NA	NA	3720000		"Cluster 32: Basophils - Transcription"	"Cluster 50: Epididymis - Male reproductive secretion"	"Cluster 20: Macrophages & Microglia - Immune response"	"Cluster 2: Mucus-secreting cells - Unknown function"	"Cluster 73: B-cells - B-cell function"	1	"Plasma membrane"	Mitochondria	"HPA074034: AB_2686654"	"unprognostic (2.46e-1)"	"unprognostic (5.80e-2)"	"unprognostic (7.96e-2)"	"unprognostic (8.55e-2)"	"unprognostic (1.91e-2)"	"unprognostic (2.81e-2)"	"unprognostic (1.77e-1)"	"unprognostic (4.38e-2)"	"unprognostic (2.88e-2)"	"unprognostic (3.49e-1)"	"unprognostic (9.03e-2)"	"unprognostic (2.28e-2)"	"unprognostic (2.14e-2)"	"unprognostic (7.99e-2)"	"unprognostic (6.11e-2)"	"unprognostic (2.10e-1)"	"unprognostic (1.42e-1)"	"unprognostic (2.45e-1)"	"unprognostic (1.11e-1)"	"unprognostic (1.12e-1)"	"unprognostic (6.00e-2)"	"unprognostic (1.19e-2)"	"unprognostic (4.70e-2)"	"unprognostic (6.13e-2)"	"unprognostic (6.88e-2)"	"unprognostic (9.57e-2)"	"unprognostic (2.45e-1)"	"unprognostic (9.09e-2)"	"unprognostic (7.20e-2)"	"unprognostic (1.21e-1)"	"unprognostic (8.78e-3)"
MEIG1	"bA2K17.3, SPATA39"	ENSG00000197889	"Meiosis/spermiogenesis associated 1"	Q5JSS6	10	14959388-14988050	"Predicted intracellular proteins"	"Differentiation, Spermatogenesis"			"Evidence at protein level"	"Evidence at transcript level"	"Evidence at protein level"	"Evidence at protein level"	"Group enriched"	"Detected in some"	6	"fallopian tube: 3.5;testis: 9.9"	"Cell type enhanced"	"Detected in some"		"Ciliated cells: 31.8;Early spermatids: 153.6;Late spermatids: 25.6;Spermatocytes: 44.9"	"Cell type enriched"	"Detected in many"	4	"ependymal cell: 28.2"	"Low cancer specificity"	"Detected in some"			"Low region specificity"	"Detected in many"			"Immune cell enhanced"	"Detected in single"		"memory B-cell: 1.4"	"Low lineage specificity"	"Detected in single"			"Low cancer specificity"	"Detected in single"			"Lung - Respiratory ciliated cells, Testis - Early spermatids, Testis - Late spermatids"	"Low region specificity"	"Detected in all"			"Low region specificity"	"Detected in all"										NA	NA			"Cluster 14: Non-specific - Unknown function"	"Cluster 8: Ciliated cells - Cilium organization"	"Cluster 46: Brainstem - Mixed function"	"Cluster 21: Lymphoma - Adaptive immune response"	"Cluster 42: Ciliated cells - Cilium assembly"							"unprognostic (1.00e-1)"				"unprognostic (4.23e-1)"	"unprognostic (1.83e-2)"												"unprognostic (1.26e-1)"	"unprognostic (2.95e-1)"										"unprognostic (2.41e-1)"
STAP1	"BRDG1, STAP-1"	ENSG00000035720	"Signal transducing adaptor family member 1"	Q9ULZ2	4	67558727-67607337	"Predicted intracellular proteins"				"Evidence at protein level"	"Evidence at protein level"	"Evidence at protein level"	"Evidence at protein level"	"Tissue enriched"	"Detected in many"	6	"lymphoid tissue: 49.5"	"Cell type enhanced"	"Detected in some"		"B-cells: 67.3;dendritic cells: 22.3;Distal tubular cells: 27.7;granulocytes: 72.5;Plasma cells: 123.2"	"Cell type enriched"	"Detected in some"	5	"leukocyte: 11.3"	"Cancer enriched"	"Detected in many"	30	"Kidney Chromophobe (TCGA): 188.8"	"Region enhanced"	"Detected in single"		"hippocampal formation: 1.2"	"Immune cell enhanced"	"Detected in many"		"memory B-cell: 88.5;naive B-cell: 108.3"	"Low lineage specificity"	"Detected in many"			"Cancer enriched"	"Detected in some"	5	"lymphoma: 71.2"	"Colon - Mast cells, Kidney - Intercalated cells, Minor Salivary Gland - Plasma cells, Spleen - B-cells (Spleen), Testis - Early spermatids"	"Region enriched"	"Detected in single"	5	"cerebellum: 2.3"	"Low region specificity"	"Detected in all"			"HPA038094, HPA038529"	Enhanced		Supported	"Nuclear bodies,Cytosol"			NA	NA			"Cluster 14: Non-specific - Unknown function"	"Cluster 36: Lymphoid tissue - Cytokine signaling"	"Cluster 29: Forebrain - Mixed function"	"Cluster 46: Lymphoma - Humoral immune response"	"Cluster 73: B-cells - B-cell function"	8	"Nuclear bodies, Cytosol"		"HPA038094: , HPA038529: AB_10673011"		"unprognostic (6.93e-3)"	"unprognostic (1.70e-1)"			"unprognostic (1.00e-1)"		"unprognostic (2.94e-1)"		"unprognostic (2.40e-1)"	"unprognostic (5.72e-2)"		"unprognostic (3.27e-3)"			"potential prognostic favorable (8.76e-5)"	"unprognostic (3.17e-2)"	"unprognostic (4.63e-3)"	"unprognostic (1.53e-1)"			"unprognostic (4.28e-1)"		"unprognostic (1.15e-2)"		"unprognostic (1.95e-2)"		"unprognostic (5.22e-3)"	"unprognostic (1.14e-2)"		
AMZ1	KIAA1950	ENSG00000174945	"Archaelysin family metallopeptidase 1"	Q400G9	7	2679522-2775500	"Enzymes, Predicted intracellular proteins"		"Hydrolase, Metalloprotease, Protease"		"Evidence at protein level"	"Evidence at transcript level"	"Evidence at transcript level"	"Evidence at protein level"	"Tissue enriched"	"Detected in single"	5	"brain: 5.0"	"Group enriched"	"Detected in some"	4	"Oligodendrocyte precursor cells: 98.1;Oocytes: 84.6"	"Group enriched"	"Detected in all"	4	"committed oligodendrocyte precursor: 104.8;oligodendrocyte precursor cell: 300.8"	"Low cancer specificity"	"Detected in some"			"Low region specificity"	"Detected in all"			"Immune cell enhanced"	"Detected in single"		"memory B-cell: 1.3"	"Low lineage specificity"	"Detected in single"			"Cancer enhanced"	"Detected in some"		"Kidney cancer: 4.8;thyroid cancer: 4.7"	"Pituitary gland - Gonadotropes, Testis - Late spermatids"	"Low region specificity"	"Detected in all"			"Low region specificity"	"Detected in all"			HPA020233	Uncertain						NA	NA			"Cluster 17: B-cells - Immunoglobulins"	"Cluster 33: Brain - Neuronal signaling"	"Cluster 38: Sub-cortical - Mixed function"	"Cluster 27: Breast cancer - Unknown function"	"Cluster 76: Oligodendrocyte precursor - Unknown function"	17			"HPA020233: AB_1844818"		"unprognostic (7.04e-2)"	"unprognostic (7.27e-2)"			"unprognostic (2.38e-2)"	"unprognostic (9.22e-3)"	"unprognostic (1.02e-1)"				"unprognostic (8.13e-3)"											"unprognostic (9.53e-2)"			"unprognostic (8.71e-2)"					
CDHR3	"CDH28, FLJ23834, FLJ44366"	ENSG00000128536	"Cadherin related family member 3"	Q6ZTQ4	7	105876796-106036432	"Disease related genes, Predicted intracellular proteins, Predicted membrane proteins"	"Cell adhesion, Host-virus interaction"	"Host cell receptor for virus entry, Receptor"	Asthma	"Evidence at protein level"	"Evidence at protein level"	"Evidence at protein level"	"Evidence at protein level"	"Group enriched"	"Detected in many"	5	"choroid plexus: 35.2;fallopian tube: 105.2"	"Cell type enhanced"	"Detected in many"		"Astrocytes: 161.9;Ciliated cells: 249.2;Enteroendocrine cells: 90.7;Excitatory neurons: 67.8;Inhibitory neurons: 61.2"	"Low cell type specificity"	"Detected in all"			"Cancer enhanced"	"Detected in many"		"Uterine Corpus Endometrial Carcinoma (TCGA): 8.9"	"Region enhanced"	"Detected in all"		"choroid plexus: 100.8"	"Immune cell enhanced"	"Detected in some"		"memory B-cell: 2.0;naive B-cell: 2.9"	"Low lineage specificity"	"Detected in single"			"Cancer enhanced"	"Detected in some"		"lymphoma: 4.9"	"Kidney - Proximal tubular cells, Kidney - Proximal tubular cells, Liver - Hepatocytes, Lung - Respiratory ciliated cells, Skeletal muscle - Fibroblasts, Testis - Late spermatids"	"Low region specificity"	"Detected in many"			"Region enhanced"	"Detected in many"		"midbrain: 16.1"	HPA011218	Supported						NA	NA			"Cluster 34: B-cells - Unknown function"	"Cluster 8: Ciliated cells - Cilium organization"	"Cluster 17: Choroid plexus - Cilium"	"Cluster 46: Lymphoma - Humoral immune response"	"Cluster 42: Ciliated cells - Cilium assembly"	6			"HPA011218: AB_1078886"		"unprognostic (1.05e-3)"	"unprognostic (8.94e-2)"			"unprognostic (6.04e-2)"	"unprognostic (5.35e-1)"	"unprognostic (2.29e-1)"			"unprognostic (1.50e-1)"	"unprognostic (2.52e-2)"	"unprognostic (5.99e-3)"		"unprognostic (1.12e-1)"	"unprognostic (1.32e-3)"	"unprognostic (2.94e-2)"	"unprognostic (7.92e-2)"	"unprognostic (1.70e-1)"	"unprognostic (9.46e-2)"	"unprognostic (8.82e-2)"	"unprognostic (2.98e-2)"	"unprognostic (5.97e-2)"	"unprognostic (6.09e-2)"		"unprognostic (4.20e-2)"		"unprognostic (2.28e-1)"	"unprognostic (9.02e-2)"		"unprognostic (8.50e-2)"
ENSG00000281179		ENSG00000281179	"Novel gene identicle to IGHV1OR15-1"		15	21717808-21718245	"Immunoglobulin genes, Predicted intracellular proteins"				"Evidence at transcript level"	"Evidence at transcript level"			"Tissue enriched"	"Detected in many"	5	"lymphoid tissue: 76.3"	"Not detected"	"Not detected"			"Not detected"	"Not detected"			"Low cancer specificity"	"Detected in many"			"Not detected"	"Not detected"			"Immune cell enhanced"	"Detected in many"		"memory B-cell: 94.7;naive B-cell: 112.0"	"Group enriched"	"Detected in many"	18	"B-cells: 112.0;T-cells: 61.1"	"Group enriched"	"Detected in some"	23	"Leukemia: 7.2;lymphoma: 3.2;Myeloma: 3.5"	"Breast - Plasma cells, Minor Salivary Gland - Plasma cells, Spleen - Plasma cells, Stomach - Plasma cells"																NA	NA			"Cluster 43: Non-specific - Transcription & Translation"			"Cluster 59: Leukemia - T-cell receptor"	"Cluster 23: Plasma cells - Humoral immune response"						"potential prognostic favorable (7.49e-4)"		"unprognostic (5.65e-2)"	"unprognostic (1.89e-1)"	"unprognostic (2.57e-2)"			"potential prognostic favorable (1.15e-4)"		"unprognostic (1.77e-2)"	"unprognostic (8.41e-2)"				"unprognostic (1.20e-2)"	"unprognostic (3.47e-1)"	"unprognostic (2.03e-2)"	"unprognostic (1.16e-1)"			"unprognostic (1.09e-1)"		"unprognostic (2.03e-1)"	"unprognostic (7.18e-2)"	"unprognostic (1.96e-1)"		"unprognostic (7.79e-2)"	"unprognostic (3.66e-1)"	"unprognostic (9.38e-2)"	
IGHV1OR15-1	IGHV1/OR15-1	ENSG00000270505	"Immunoglobulin heavy variable 1/OR15-1 (non-functional)"		15	22160431-22160868	"Immunoglobulin genes, Predicted intracellular proteins"				"Evidence at transcript level"	"Evidence at transcript level"			"Tissue enriched"	"Detected in many"	5	"lymphoid tissue: 76.3"	"Not detected"	"Not detected"			"Not detected"	"Not detected"			"Low cancer specificity"	"Detected in many"			"Not detected"	"Not detected"			"Immune cell enhanced"	"Detected in many"		"memory B-cell: 94.7;naive B-cell: 112.0"	"Group enriched"	"Detected in many"	18	"B-cells: 112.0;T-cells: 61.1"	"Group enriched"	"Detected in some"	23	"Leukemia: 7.2;lymphoma: 3.2;Myeloma: 3.5"	"Breast - Plasma cells, Lung - Plasma cells, Minor Salivary Gland - Plasma cells, Spleen - Plasma cells, Stomach - Plasma cells, Thyroid gland - Plasma cells"																NA	NA			"Cluster 43: Non-specific - Transcription & Translation"			"Cluster 59: Leukemia - T-cell receptor"							"potential prognostic favorable (7.49e-4)"		"unprognostic (5.65e-2)"	"unprognostic (1.89e-1)"	"unprognostic (2.57e-2)"		"unprognostic (3.73e-2)"	"potential prognostic favorable (1.15e-4)"		"unprognostic (1.77e-2)"	"unprognostic (8.41e-2)"				"unprognostic (1.20e-2)"	"unprognostic (3.47e-1)"	"unprognostic (2.03e-2)"	"unprognostic (1.16e-1)"			"unprognostic (1.09e-1)"		"unprognostic (2.03e-1)"	"unprognostic (7.18e-2)"	"unprognostic (1.96e-1)"		"unprognostic (7.79e-2)"	"unprognostic (3.66e-1)"	"unprognostic (9.38e-2)"	
SP140	"LYSP100-A, LYSP100-B"	ENSG00000079263	"SP140 nuclear body protein"	Q13342	2	230203110-230313215	"Predicted intracellular proteins, Transcription factors"		DNA-binding		"Evidence at protein level"	"Evidence at protein level"	"Evidence at protein level"	"Evidence at protein level"	"Group enriched"	"Detected in many"	5	"intestine: 15.1;lymphoid tissue: 54.3"	"Cell type enhanced"	"Detected in many"		"B-cells: 146.0;monocytes: 50.3;NK-cells: 60.8;Plasma cells: 74.9;T-cells: 58.3"	"Group enriched"	"Detected in all"	7	"central nervous system macrophage: 141.9;leukocyte: 140.6"	"Low cancer specificity"	"Detected in many"			"Low region specificity"	"Detected in all"			"Immune cell enhanced"	"Detected in many"		"memory B-cell: 97.8"	"Low lineage specificity"	"Detected in all"			"Group enriched"	"Detected in some"	5	"lymphoma: 43.5;Myeloma: 18.6"	"Adipose subcutaneous - T-cells, Adipose visceral - T-cells, Breast - T-cells, Colon - T-cells, Heart muscle - T-cells, Liver - T-cells, Prostate - T-cells, Spleen - B-cells (Spleen), Testis - Early spermatids, Thyroid gland - T-cells"	"Low region specificity"	"Detected in all"			"Low region specificity"	"Detected in all"			"HPA006162, HPA067493"	Enhanced		Approved	"Nucleoli fibrillar center,Mitochondria"			NA	NA			"Cluster 24: Non-specific - Transcription"	"Cluster 36: Lymphoid tissue - Cytokine signaling"	"Cluster 20: Macrophages & Microglia - Immune response"	"Cluster 55: Lymphoma - Immune response"	"Cluster 73: B-cells - B-cell function"	4	"Nucleoli fibrillar center"	Mitochondria	"HPA006162: AB_1857403, HPA067493: AB_2685851"	"potential prognostic favorable (9.14e-4)"	"unprognostic (5.31e-3)"	"unprognostic (4.95e-2)"	"potential prognostic favorable (7.66e-6)"	"unprognostic (6.93e-2)"	"unprognostic (1.32e-1)"	"unprognostic (5.17e-3)"	"unprognostic (3.27e-1)"	"unprognostic (1.92e-3)"		"unprognostic (1.89e-3)"	"unprognostic (3.59e-1)"	"unprognostic (3.18e-3)"	"unprognostic (2.51e-1)"	"unprognostic (3.22e-2)"	"unprognostic (3.03e-3)"	"unprognostic (3.25e-1)"	"unprognostic (8.62e-2)"	"unprognostic (3.26e-1)"	"unprognostic (2.66e-2)"	"unprognostic (5.62e-2)"	"unprognostic (2.78e-2)"	"unprognostic (6.96e-3)"	"unprognostic (2.14e-1)"	"unprognostic (1.03e-2)"	"unprognostic (1.37e-1)"	"unprognostic (4.42e-2)"	"unprognostic (8.00e-2)"	"unprognostic (4.25e-2)"	"unprognostic (3.98e-1)"	"unprognostic (4.28e-1)"
TMEM156	FLJ23235	ENSG00000121895	"Transmembrane protein 156"	Q8N614	4	38966744-39032922	"Predicted intracellular proteins, Predicted membrane proteins"				"Evidence at protein level"	"Evidence at transcript level"	"Evidence at transcript level"	"Evidence at protein level"	"Tissue enriched"	"Detected in some"	5	"lymphoid tissue: 26.1"	"Cell type enhanced"	"Detected in many"		"B-cells: 81.3;Microglial cells: 65.3;NK-cells: 28.2;Plasma cells: 91.8;Schwann cells: 23.0;T-cells: 26.2"	"Cell type enriched"	"Detected in many"	5	"central nervous system macrophage: 475.3"	"Low cancer specificity"	"Detected in many"			"Low region specificity"	"Detected in all"			"Immune cell enhanced"	"Detected in many"		"memory B-cell: 75.0"	"Low lineage specificity"	"Detected in many"			"Low cancer specificity"	"Detected in many"			"Heart muscle - T-cells, Minor Salivary Gland - Plasma cells, Prostate - T-cells, Spleen - B-cells (Spleen)"	"Not detected"	"Not detected"			"Low region specificity"	"Detected in many"										NA	NA			"Cluster 3: Non-specific - Nuclear processes"	"Cluster 36: Lymphoid tissue - Cytokine signaling"	"Cluster 25: Non-specific - Transcription"	"Cluster 53: Squamous epithelial cells - Keratinization"	"Cluster 73: B-cells - B-cell function"					"unprognostic (4.61e-2)"	"unprognostic (1.87e-2)"	"unprognostic (1.68e-1)"	"unprognostic (7.03e-2)"	"unprognostic (2.14e-1)"	"unprognostic (2.80e-1)"	"unprognostic (3.11e-1)"	"unprognostic (1.30e-2)"	"potential prognostic favorable (7.31e-4)"	"unprognostic (2.68e-1)"	"unprognostic (7.82e-2)"	"unprognostic (1.29e-1)"	"unprognostic (1.67e-1)"	"unprognostic (1.45e-1)"	"unprognostic (5.07e-2)"	"unprognostic (2.53e-3)"	"unprognostic (1.05e-1)"	"unprognostic (2.14e-1)"	"unprognostic (5.75e-2)"			"unprognostic (2.07e-2)"	"potential prognostic unfavorable (1.10e-4)"			"unprognostic (5.38e-2)"		"unprognostic (3.17e-1)"	"unprognostic (1.67e-1)"	"potential prognostic favorable (8.65e-4)"	"unprognostic (4.28e-2)"
GYPE	"GPE, MNS"	ENSG00000197465	"Glycophorin E (MNS blood group)"	P15421	4	143870864-143905563	"Predicted membrane proteins"				"Evidence at transcript level"	"Evidence at transcript level"	"Evidence at transcript level"	"Evidence at transcript level"	"Tissue enriched"	"Detected in some"	4	"bone marrow: 13.1"	"Cell type enriched"	"Detected in some"	22	"Erythroid cells: 126.8"	"Low cell type specificity"	"Detected in many"			"Not detected"	"Not detected"			"Low region specificity"	"Detected in many"			"Immune cell enhanced"	"Detected in single"		"memory B-cell: 1.2"	"Low lineage specificity"	"Detected in single"			"Cancer enriched"	"Detected in some"	4	"Leukemia: 9.2"	"Heart muscle - Fibroblasts, Spleen - B-cells (Spleen)"																NA	NA				"Cluster 77: Bone marrow - Cell proliferation"	"Cluster 53: Neurons - Mixed function"	"Cluster 47: Leukemia - Hemostasis"	"Cluster 1: Erythroid cells - Oxygen transport"							"potential prognostic favorable (1.69e-5)"																												
IGHV1-69	IGHV1-E	ENSG00000211973	"Immunoglobulin heavy variable 1-69"	P01742	14	106714684-106715181	"Immunoglobulin genes, Predicted secreted proteins"	"Adaptive immunity, Immunity"			"Evidence at protein level"	"Evidence at transcript level"	"Evidence at protein level"	"Evidence at protein level"	"Group enriched"	"Detected in many"	4	"gallbladder: 73.2;intestine: 133.8;urinary bladder: 160.6"	"Cell type enriched"	"Detected in some"	134	"Plasma cells: 198.5"	"Not detected"	"Not detected"			"Low cancer specificity"	"Detected in many"			"Group enriched"	"Detected in some"	18	"medulla oblongata: 4.9;pons: 5.9"	"Immune cell enhanced"	"Detected in some"		"memory B-cell: 1.5;plasmacytoid DC: 1.4"	"Low lineage specificity"	"Detected in many"			"Cancer enriched"	"Detected in single"	9	"lymphoma: 2.7"	"Adipose subcutaneous - Plasma cells, Adipose visceral - Plasma cells, Adrenal gland - Plasma cells, Breast - Plasma cells, Kidney - Plasma cells, Liver - Plasma cells, Lung - Plasma cells, Minor Salivary Gland - Plasma cells, Pancreas - Plasma cells, Pituitary gland - Plasma cells, Prostate - Plasma cells, Spleen - Plasma cells, Stomach - Plasma cells, Thyroid gland - Plasma cells"														"Immunoglobulin genes"	Immunity	NA	NA		5200000000	"Cluster 23: B-cells - Immunoglobulins"		"Cluster 43: Hindbrain - Mixed function"	"Cluster 55: Lymphoma - Immune response"	"Cluster 61: Plasma cells - Immunoglobulins & histones"					"unprognostic (1.41e-1)"	"unprognostic (2.87e-1)"		"unprognostic (5.06e-2)"	"unprognostic (2.33e-2)"	"unprognostic (9.69e-2)"		"unprognostic (3.94e-1)"	"unprognostic (2.83e-2)"		"unprognostic (1.09e-1)"	"unprognostic (6.01e-2)"	"unprognostic (2.35e-3)"	"unprognostic (1.26e-1)"		"unprognostic (1.85e-1)"	"unprognostic (2.24e-2)"	"unprognostic (2.71e-1)"	"unprognostic (1.59e-1)"	"unprognostic (4.65e-2)"	"unprognostic (2.61e-1)"	"unprognostic (1.83e-1)"	"unprognostic (5.39e-2)"	"unprognostic (3.20e-1)"	"unprognostic (2.42e-2)"	"unprognostic (1.98e-1)"	"unprognostic (4.30e-1)"	"unprognostic (1.82e-1)"	"unprognostic (3.05e-1)"	"unprognostic (2.96e-1)"	"unprognostic (1.10e-1)"
ACE	"ACE1, CD143, DCP1"	ENSG00000159640	"Angiotensin I converting enzyme"	P12821	17	63477061-63498380	"Candidate cardiovascular disease genes, CD markers, Disease related genes, Enzymes, FDA approved drug targets, Human disease related genes, Metabolic proteins, Plasma proteins, Predicted intracellular proteins, Predicted membrane proteins, Predicted secreted proteins"		"Calmodulin-binding, Carboxypeptidase, Hydrolase, Metalloprotease, Protease"	"FDA approved drug targets"	"Evidence at protein level"	"Evidence at protein level"	"Evidence at protein level"	"Evidence at protein level"	"Tissue enhanced"	"Detected in many"		"intestine: 257.7;testis: 99.0"	"Group enriched"	"Detected in many"	20	"Early spermatids: 373.5;Late spermatids: 1317.0;Proximal enterocytes: 1039.2"	"Cell type enhanced"	"Detected in many"		"endothelial cell: 5.9;medium spiny neuron: 7.4"	"Low cancer specificity"	"Detected in all"			"Low region specificity"	"Detected in all"			"Immune cell enhanced"	"Detected in single"		"memory B-cell: 1.0"	"Low lineage specificity"	"Detected in single"			"Cancer enhanced"	"Detected in many"		"Neuroblastoma: 17.2"	"Adipose subcutaneous - Adipose progenitor cells, Kidney - Proximal tubular cells, Kidney - Proximal tubular cells, Pituitary gland - Corticotropes, Skin - Fibroblast_1, Testis - Late spermatids, Thyroid gland - Fibroblasts"	"Low region specificity"	"Detected in all"			"Low region specificity"	"Detected in all"			"CAB002426, CAB002921, HPA029298, HPA069790"	Enhanced		Approved	Vesicles	"Secreted to blood"	Enzyme	NA	NA	104000000	130000000	"Cluster 14: Non-specific - Unknown function"	"Cluster 25: Small intestine - Absorption"	"Cluster 33: Neurons - Mixed function"	"Cluster 11: Neuronal - Sensory perception"	"Cluster 22: Proximal enterocytes - Digestion"	4	Vesicles		"CAB002426: AB_442052, CAB002921: , HPA029298: AB_10960255, HPA069790: AB_2686197"	"unprognostic (2.23e-1)"	"unprognostic (1.27e-1)"	"unprognostic (3.07e-2)"	"unprognostic (4.01e-1)"	"unprognostic (4.10e-2)"	"unprognostic (1.37e-1)"	"unprognostic (2.68e-1)"	"unprognostic (4.46e-1)"	"unprognostic (2.64e-2)"	"unprognostic (1.90e-1)"	"validated prognostic favorable (2.65e-5)"	"validated prognostic favorable (2.01e-4)"	"unprognostic (4.85e-2)"	"unprognostic (2.77e-1)"	"unprognostic (2.62e-1)"	"unprognostic (4.24e-2)"	"unprognostic (1.67e-1)"	"unprognostic (9.69e-3)"	"unprognostic (1.32e-1)"	"unprognostic (6.25e-2)"	"unprognostic (1.21e-1)"	"unprognostic (3.02e-2)"	"unprognostic (1.46e-1)"	"unprognostic (3.16e-1)"	"unprognostic (1.32e-1)"	"unprognostic (1.41e-1)"	"unprognostic (2.71e-1)"	"unprognostic (6.94e-2)"	"unprognostic (1.84e-1)"	"unprognostic (1.12e-1)"	"unprognostic (2.92e-2)"
ACP5	"HPAP, TRAcP, TRAP"	ENSG00000102575	"Acid phosphatase 5, tartrate resistant"	P13686	19	11574653-11579993	"Disease related genes, Enzymes, Human disease related genes, Metabolic proteins, Plasma proteins, Potential drug targets, Predicted intracellular proteins"		Hydrolase	"Disease variant"	"Evidence at protein level"	"Evidence at protein level"	"Evidence at protein level"	"Evidence at protein level"	"Tissue enhanced"	"Detected in all"		"lung: 159.9"	"Cell type enhanced"	"Detected in many"		"Hofbauer cells: 391.8;Macrophages: 293.4;Proximal tubular cells: 109.7"	"Group enriched"	"Detected in some"	4	"fibroblast: 5.2;leukocyte: 9.6"	"Low cancer specificity"	"Detected in all"			"Region enhanced"	"Detected in many"		"thalamus: 27.0"	"Immune cell enhanced"	"Detected in many"		"memory B-cell: 172.5"	"Low lineage specificity"	"Detected in all"			"Cancer enriched"	"Detected in many"	7	"skin cancer: 80.1"	"Adipose subcutaneous - Macrophages, Adrenal gland - Macrophages, Kidney - Proximal tubular cells, Liver - Sinusoid Endothelial cells, Lung - Macrophages, Skeletal muscle - Macrophages"	"Low region specificity"	"Detected in single"			"Not detected"	"Not detected"			"CAB002584, HPA057655, HPA059463"	Enhanced		Uncertain	Cytosol	"Intracellular and membrane"	Enzyme	NA	NA		3100000	"Cluster 12: Non-specific - Mitochondrial translation"	"Cluster 47: Spleen - Immune response"	"Cluster 12: Non-specific - Vasculature"	"Cluster 69: Skin cancer - ECM organization"	"Cluster 58: Macrophages - Innate immune response"	2	Cytosol		"CAB002584: AB_564039, HPA057655: AB_2683490, HPA059463: AB_2684028"	"unprognostic (1.46e-1)"	"unprognostic (9.60e-2)"	"unprognostic (2.01e-1)"	"unprognostic (2.74e-2)"	"unprognostic (2.09e-1)"	"unprognostic (3.72e-1)"	"unprognostic (1.02e-1)"	"unprognostic (7.54e-2)"	"unprognostic (1.10e-1)"	"unprognostic (1.92e-1)"	"potential prognostic favorable (4.83e-5)"	"unprognostic (3.81e-2)"	"unprognostic (4.86e-3)"	"unprognostic (1.43e-1)"	"unprognostic (3.39e-1)"	"unprognostic (4.21e-2)"	"unprognostic (1.00e-1)"	"unprognostic (9.03e-2)"	"unprognostic (3.89e-2)"	"unprognostic (8.38e-2)"	"unprognostic (1.94e-2)"	"unprognostic (1.87e-2)"	"unprognostic (1.90e-2)"	"unprognostic (1.38e-1)"	"unprognostic (6.71e-2)"	"unprognostic (3.92e-2)"	"unprognostic (2.92e-1)"	"unprognostic (1.41e-1)"	"unprognostic (5.29e-2)"	"unprognostic (2.09e-2)"	"unprognostic (7.32e-2)"
ADAMTS6	ADAM-TS6	ENSG00000049192	"ADAM metallopeptidase with thrombospondin type 1 motif 6"	Q9UKP5	5	65148738-65481920	"Cancer-related genes, Predicted secreted proteins"		"Hydrolase, Metalloprotease, Protease"	"Cancer-related genes"	"Evidence at protein level"	"Evidence at protein level"	"Evidence at transcript level"	"Evidence at protein level"	"Tissue enhanced"	"Detected in some"		"placenta: 1.8"	"Cell type enhanced"	"Detected in many"		"Cytotrophoblasts: 33.9;Inhibitory neurons: 60.6;Lymphatic endothelial cells: 73.5;Oligodendrocyte precursor cells: 131.1"	"Cell type enhanced"	"Detected in all"		"choroid plexus epithelial cell: 256.9;endothelial cell: 265.1;oligodendrocyte precursor cell: 235.6"	"Not detected"	"Not detected"			"Low region specificity"	"Detected in some"			"Immune cell enhanced"	"Detected in some"		"memory B-cell: 2.1;naive B-cell: 1.3"	"Lineage enhanced"	"Detected in single"		"B-cells: 2.1"	"Low cancer specificity"	"Detected in many"			"Testis - Early spermatids"	"Not detected"	"Not detected"			"Low region specificity"	"Detected in all"			HPA043441	Enhanced				"Secreted to extracellular matrix"	Enzyme	NA	Yes				"Cluster 62: Connective tissue - ECM organization"	"Cluster 43: Hindbrain - Mixed function"	"Cluster 72: Neuronal - Signal transduction"	"Cluster 69: Neurons - Neuronal signaling"				"HPA043441: AB_2678484"			"unprognostic (2.35e-2)"			"unprognostic (6.93e-2)"		"unprognostic (8.16e-3)"															"unprognostic (4.77e-2)"			"unprognostic (3.13e-2)"					
ADD2	ADDB	ENSG00000075340	"Adducin 2"	P35612	2	70607618-70768225	"Predicted intracellular proteins"		"Actin-binding, Calmodulin-binding"		"Evidence at protein level"	"Evidence at protein level"	"Evidence at protein level"	"Evidence at protein level"	"Tissue enhanced"	"Detected in many"		"bone marrow: 65.6;brain: 38.0"	"Cell type enhanced"	"Detected in some"		"Erythroid cells: 64.2;Excitatory neurons: 67.8;Horizontal cells: 66.7;Inhibitory neurons: 49.6;Late spermatids: 66.4"	"Low cell type specificity"	"Detected in all"			"Group enriched"	"Detected in many"	5	"Glioblastoma Multiforme (TCGA): 16.6;Testicular Germ Cell Tumor (TCGA): 40.2"	"Low region specificity"	"Detected in all"			"Immune cell enhanced"	"Detected in some"		"memory B-cell: 2.3;non-classical monocyte: 2.3"	"Low lineage specificity"	"Detected in many"			"Cancer enhanced"	"Detected in many"		"Neuroblastoma: 43.0"	"Minor Salivary Gland - Endothelial cells, Pituitary gland - Lactotropes, Testis - Late spermatids"	"Low region specificity"	"Detected in all"			"Low region specificity"	"Detected in all"			"CAB009796, HPA034509, HPA034510"	Supported		Approved	"Nucleoplasm,Plasma membrane,Cytosol"			NA	NA		56000	"Cluster 14: Non-specific - Unknown function"	"Cluster 28: Neuronal - Transcription"	"Cluster 24: Neurons - Mixed function"	"Cluster 47: Leukemia - Hemostasis"	"Cluster 1: Erythroid cells - Oxygen transport"	7	"Nucleoplasm, Cytosol"	"Plasma membrane"	"CAB009796: AB_2223572, HPA034509: AB_2674201, HPA034510: AB_2674202"	"unprognostic (1.35e-1)"	"unprognostic (1.25e-1)"	"unprognostic (2.21e-1)"	"unprognostic (2.93e-3)"			"unprognostic (2.13e-1)"	"potential prognostic favorable (1.33e-4)"	"unprognostic (3.54e-2)"			"unprognostic (1.17e-1)"				"unprognostic (2.06e-2)"	"unprognostic (3.73e-2)"	"unprognostic (1.02e-1)"	"unprognostic (1.46e-2)"	"unprognostic (4.25e-2)"	"unprognostic (8.25e-2)"		"unprognostic (1.43e-1)"	"unprognostic (2.93e-2)"					"unprognostic (3.29e-1)"		"unprognostic (7.65e-2)"
APOBEC3B	"FLJ21201, PHRBNL"	ENSG00000179750	"Apolipoprotein B mRNA editing enzyme catalytic subunit 3B"	Q9UH17	22	38982347-38992804	"Cancer-related genes, Enzymes, Predicted intracellular proteins"	"Antiviral defense, Immunity, Innate immunity"	"Hydrolase, RNA-binding"	"Cancer-related genes"	"Evidence at protein level"	"Evidence at protein level"	"Evidence at protein level"	"Evidence at protein level"	"Tissue enhanced"	"Detected in many"		"bone marrow: 28.0;intestine: 11.7"	"Cell type enhanced"	"Detected in some"		"Ductal cells: 11.6;Erythroid cells: 8.6;Pancreatic endocrine cells: 8.5;Plasma cells: 22.4"	"Not detected"	"Not detected"			"Low cancer specificity"	"Detected in all"			"Not detected"	"Not detected"			"Immune cell enhanced"	"Detected in many"		"memory B-cell: 7.2"	"Low lineage specificity"	"Detected in many"			"Low cancer specificity"	"Detected in all"			"Adrenal gland - Mitotic cells (Adrenal gland), Colon - Mitotic cells (Colon), Lung - Mitotic cells (Lung), Minor Salivary Gland - Mitotic cells (Minor salivary gland), Spleen - Mitotic cells (Spleen)"									"HPA056980, HPA066719"			Supported	Nucleoplasm			NA	NA			"Cluster 14: Non-specific - Unknown function"	"Cluster 77: Bone marrow - Cell proliferation"		"Cluster 22: Non-specific - mRNA splicing & Cell cycle"	"Cluster 61: Plasma cells - Immunoglobulins & histones"	6	Nucleoplasm		"HPA056980: AB_2683298, HPA066719: AB_2685711"	"unprognostic (4.27e-2)"	"unprognostic (4.94e-2)"	"unprognostic (2.85e-1)"	"potential prognostic favorable (5.56e-5)"	"unprognostic (1.69e-1)"	"unprognostic (1.03e-2)"	"unprognostic (2.08e-1)"	"unprognostic (2.64e-2)"	"unprognostic (1.43e-1)"	"unprognostic (4.51e-3)"	"validated prognostic unfavorable (7.06e-4)"	"validated prognostic unfavorable (7.16e-4)"	"potential prognostic unfavorable (6.07e-4)"	"unprognostic (7.76e-3)"	"potential prognostic unfavorable (1.16e-5)"	"unprognostic (3.15e-2)"	"potential prognostic unfavorable (5.42e-5)"	"unprognostic (5.19e-2)"	"unprognostic (1.74e-1)"	"unprognostic (5.01e-2)"	"unprognostic (2.88e-1)"	"unprognostic (1.31e-2)"	"unprognostic (3.22e-1)"	"unprognostic (3.18e-2)"	"unprognostic (1.43e-1)"	"unprognostic (1.11e-2)"	"unprognostic (5.94e-2)"	"unprognostic (1.45e-1)"	"unprognostic (2.87e-1)"	"unprognostic (1.40e-1)"	"unprognostic (1.63e-2)"
AUTS2	"FBRSL2, KIAA0442"	ENSG00000158321	"Activator of transcription and developmental regulator AUTS2"	Q8WXX7	7	69598296-70793506	"Disease related genes, Human disease related genes, Plasma proteins, Predicted intracellular proteins"	"Transcription, Transcription regulation"		"Autism, Autism spectrum disorder, Intellectual disability"	"Evidence at protein level"	"Evidence at transcript level"	"Evidence at protein level"	"Evidence at protein level"	"Tissue enhanced"	"Detected in all"		"salivary gland: 46.8"	"Cell type enhanced"	"Detected in many"		"Astrocytes: 567.9;Excitatory neurons: 842.3;Inhibitory neurons: 1345.0;Microglial cells: 557.4;Oligodendrocytes: 1146.0"	"Low cell type specificity"	"Detected in all"			"Low cancer specificity"	"Detected in all"			"Low region specificity"	"Detected in all"			"Immune cell enhanced"	"Detected in many"		"memory B-cell: 8.0;naive B-cell: 9.3"	"Low lineage specificity"	"Detected in many"			"Low cancer specificity"	"Detected in all"				"Low region specificity"	"Detected in all"			"Low region specificity"	"Detected in all"			HPA000390	Approved		Approved	Nucleoplasm,Cytosol			Yes	No			"Cluster 14: Non-specific - Unknown function"	"Cluster 37: Liver & Intestine - Lipid metabolism"	"Cluster 19: Astrocytes - Mixed function"	"Cluster 6: Leukemia - Signal transduction"	"Cluster 69: Neurons - Neuronal signaling"	21	Nucleoplasm	Cytosol	"HPA000390: AB_1845218"	"unprognostic (1.48e-1)"	"unprognostic (2.57e-1)"	"unprognostic (3.87e-1)"	"unprognostic (1.68e-1)"	"unprognostic (1.51e-1)"	"unprognostic (5.48e-2)"	"unprognostic (7.86e-2)"	"unprognostic (8.92e-2)"	"unprognostic (3.53e-2)"	"unprognostic (3.52e-2)"	"validated prognostic favorable (9.09e-9)"	"validated prognostic favorable (8.25e-5)"	"unprognostic (6.50e-3)"	"unprognostic (5.43e-2)"	"potential prognostic favorable (5.50e-4)"	"unprognostic (1.09e-1)"	"unprognostic (5.82e-2)"	"unprognostic (1.01e-1)"	"unprognostic (8.43e-2)"	"unprognostic (7.63e-2)"	"unprognostic (8.71e-2)"	"unprognostic (1.68e-1)"	"unprognostic (1.03e-2)"	"unprognostic (3.23e-1)"	"unprognostic (1.33e-2)"	"unprognostic (4.51e-3)"	"unprognostic (2.55e-2)"	"unprognostic (2.55e-2)"	"unprognostic (1.74e-1)"	"unprognostic (2.16e-1)"	"unprognostic (1.69e-1)"
BCAR3	"AND-34, MIG7, NSP2, SH2D3B"	ENSG00000137936	"BCAR3 adaptor protein, NSP family member"	O75815	1	93561741-93847150	"Predicted intracellular proteins"		"Guanine-nucleotide releasing factor"		"Evidence at protein level"	"Evidence at transcript level"	"Evidence at protein level"	"Evidence at protein level"	"Low tissue specificity"	"Detected in all"			"Cell type enhanced"	"Detected in many"		"Astrocytes: 68.7;Extravillous trophoblasts: 90.1;Microglial cells: 61.7"	"Cell type enhanced"	"Detected in all"		"astrocyte: 259.7;bergmann glia: 285.0;central nervous system macrophage: 248.8"	"Low cancer specificity"	"Detected in all"			"Low region specificity"	"Detected in all"			"Immune cell enhanced"	"Detected in some"		"basophil: 2.0;memory B-cell: 1.8"	"Low lineage specificity"	"Detected in many"			"Low cancer specificity"	"Detected in all"			"Testis - Sertoli cells"	"Low region specificity"	"Detected in all"			"Low region specificity"	"Detected in all"			HPA014858	Approved		Approved	"Plasma membrane,Centrosome,Cytosol"			NA	NA			"Cluster 32: Basophils - Transcription"	"Cluster 19: Non-specific - Basic cellular processes"	"Cluster 44: Non-specific - Mixed function"	"Cluster 72: Neuronal - Signal transduction"	"Cluster 47: Astrocytes - Unknown function"	21	"Plasma membrane, Cytosol"	Centrosome	"HPA014858: AB_1845302"	"unprognostic (2.16e-1)"	"unprognostic (4.93e-1)"	"unprognostic (1.21e-2)"	"unprognostic (1.96e-2)"	"unprognostic (3.65e-3)"	"unprognostic (3.14e-1)"	"unprognostic (8.60e-2)"	"unprognostic (1.92e-1)"	"potential prognostic unfavorable (9.42e-4)"	"unprognostic (7.55e-2)"	"potential prognostic favorable (8.81e-8)"	"unprognostic (1.60e-3)"	"unprognostic (1.86e-1)"	"potential prognostic unfavorable (2.96e-4)"	"unprognostic (4.50e-2)"	"potential prognostic unfavorable (1.45e-5)"	"unprognostic (1.03e-1)"	"unprognostic (5.56e-3)"	"unprognostic (1.76e-2)"	"unprognostic (1.29e-1)"	"unprognostic (1.89e-1)"	"validated prognostic unfavorable (3.82e-4)"	"validated prognostic unfavorable (7.04e-4)"	"unprognostic (3.12e-2)"	"unprognostic (1.22e-1)"	"unprognostic (5.36e-2)"	"unprognostic (1.41e-1)"	"unprognostic (1.46e-1)"	"unprognostic (4.51e-2)"	"unprognostic (2.33e-2)"	"unprognostic (1.15e-1)"
BCAS4	"CNOL, FLJ20495"	ENSG00000124243	"Breast carcinoma amplified sequence 4"	Q8TDM0	20	50794894-50877177	"Disease related genes, Predicted intracellular proteins"			Proto-oncogene	"Evidence at protein level"	"Evidence at transcript level"	"Evidence at protein level"	"Evidence at protein level"	"Tissue enhanced"	"Detected in many"		"lymphoid tissue: 40.6"	"Cell type enhanced"	"Detected in many"		"B-cells: 80.1;Distal tubular cells: 46.1;Oocytes: 36.0"	"Low cell type specificity"	"Detected in all"			"Low cancer specificity"	"Detected in all"			"Low region specificity"	"Detected in all"			"Immune cell enhanced"	"Detected in many"		"memory B-cell: 109.4;naive B-cell: 106.4"	"Low lineage specificity"	"Detected in many"			"Cancer enhanced"	"Detected in all"		"lymphoma: 117.2"	"Spleen - B-cells (Spleen), Testis - Sertoli cells"					"Low region specificity"	"Detected in all"			HPA038812	Uncertain		Approved	"Intermediate filaments,Cytosol"			NA	NA			"Cluster 34: B-cells - Unknown function"	"Cluster 36: Lymphoid tissue - Cytokine signaling"	"Cluster 29: Forebrain - Mixed function"	"Cluster 46: Lymphoma - Humoral immune response"	"Cluster 73: B-cells - B-cell function"		"Intermediate filaments, Cytosol"		"HPA038812: AB_10795141"	"unprognostic (3.38e-2)"	"unprognostic (3.05e-1)"	"unprognostic (3.15e-1)"	"unprognostic (1.18e-1)"	"unprognostic (2.64e-1)"	"unprognostic (1.27e-2)"	"unprognostic (2.04e-1)"	"unprognostic (6.90e-3)"	"unprognostic (4.54e-2)"	"unprognostic (5.36e-2)"	"unprognostic (8.97e-2)"	"unprognostic (4.45e-2)"	"unprognostic (2.46e-2)"	"unprognostic (3.68e-3)"	"unprognostic (2.97e-3)"	"unprognostic (1.05e-2)"	"unprognostic (1.40e-1)"	"unprognostic (1.24e-2)"	"unprognostic (4.11e-2)"	"unprognostic (3.51e-2)"	"unprognostic (5.73e-3)"	"unprognostic (5.04e-2)"	"unprognostic (3.49e-2)"	"unprognostic (5.36e-2)"	"unprognostic (7.97e-2)"	"potential prognostic favorable (1.44e-7)"	"unprognostic (3.66e-1)"	"unprognostic (2.43e-2)"	"unprognostic (7.67e-2)"	"unprognostic (2.32e-2)"	"unprognostic (5.39e-2)"
BHLHE41	"BHLHB3, DEC2, SHARP-1, SHARP1"	ENSG00000123095	"Basic helix-loop-helix family member e41"	Q9C0J9	12	26120030-26125037	"Predicted intracellular proteins, Transcription factors"	"Biological rhythms, Transcription, Transcription regulation"	"DNA-binding, Repressor"		"Evidence at protein level"	"Evidence at protein level"	"Evidence at protein level"	"Evidence at protein level"	"Tissue enhanced"	"Detected in many"		"retina: 118.8;skeletal muscle: 89.2"	"Cell type enhanced"	"Detected in many"		"Bipolar cells: 320.0;Cone photoreceptor cells: 166.5;Horizontal cells: 161.1;Muller glia cells: 199.1;Rod photoreceptor cells: 286.3;Secretory cells: 147.4"	"Cell type enriched"	"Detected in all"	6	"central nervous system macrophage: 556.3"	"Cancer enhanced"	"Detected in all"		"Thyroid Carcinoma (TCGA): 119.5"	"Low region specificity"	"Detected in all"			"Immune cell enhanced"	"Detected in single"		"memory B-cell: 2.0"	"Lineage enriched"	"Detected in single"	20	"B-cells: 2.0"	"Low cancer specificity"	"Detected in many"			"Adrenal gland - Adrenal cortex cells, Spleen - B-cells (Spleen)"	"Low region specificity"	"Detected in all"			"Low region specificity"	"Detected in all"			"HPA056035, HPA077617"			Supported	Nucleoplasm,Vesicles			NA	NA			"Cluster 17: B-cells - Immunoglobulins"	"Cluster 3: Non-specific - Unknown function"	"Cluster 30: White matter - Myelination"	"Cluster 15: Kidney cancer - Membrane components"	"Cluster 58: Macrophages - Innate immune response"	3	Nucleoplasm	Vesicles	"HPA056035: AB_2683017, HPA077617: "	"unprognostic (1.01e-3)"	"unprognostic (2.78e-3)"	"unprognostic (3.41e-1)"	"unprognostic (1.96e-1)"	"unprognostic (2.19e-2)"	"unprognostic (1.07e-1)"	"unprognostic (1.51e-1)"	"unprognostic (1.74e-2)"	"unprognostic (5.70e-2)"	"unprognostic (1.15e-1)"	"unprognostic (1.12e-2)"	"unprognostic (4.95e-3)"	"unprognostic (1.46e-1)"	"unprognostic (3.80e-2)"	"unprognostic (1.91e-1)"	"unprognostic (9.08e-2)"	"unprognostic (1.76e-1)"	"unprognostic (1.56e-2)"	"unprognostic (1.85e-2)"	"unprognostic (4.80e-2)"	"unprognostic (1.02e-1)"	"unprognostic (4.64e-2)"	"unprognostic (2.79e-1)"	"unprognostic (3.45e-2)"	"unprognostic (1.89e-1)"	"unprognostic (3.75e-1)"	"unprognostic (1.37e-1)"	"unprognostic (3.28e-2)"	"unprognostic (1.16e-1)"	"unprognostic (7.29e-3)"	"unprognostic (2.90e-1)"
BIRC3	"API2, c-IAP2, cIAP2, hiap-1, MALT2, MIHC, RNF49"	ENSG00000023445	"Baculoviral IAP repeat containing 3"	Q13489	11	102317450-102339403	"Cancer-related genes, Disease related genes, Enzymes, Plasma proteins, Potential drug targets, Predicted intracellular proteins"	"Apoptosis, Ubl conjugation pathway"	Transferase	"Cancer-related genes"	"Evidence at protein level"	"Evidence at protein level"	"Evidence at protein level"	"Evidence at protein level"	"Tissue enhanced"	"Detected in many"		"intestine: 86.5;lymphoid tissue: 138.1"	"Cell type enhanced"	"Detected in many"		"granulocytes: 1031.5;Langerhans cells: 1586.5;monocytes: 1328.0;Proximal enterocytes: 870.9"	"Cell type enhanced"	"Detected in many"		"endothelial cell: 44.7;leukocyte: 63.1"	"Low cancer specificity"	"Detected in all"			"Low region specificity"	"Detected in all"			"Immune cell enhanced"	"Detected in all"		"memory B-cell: 210.0;naive B-cell: 160.8"	"Group enriched"	"Detected in all"	13	"B-cells: 210.0;T-cells: 83.8"	"Cancer enhanced"	"Detected in many"		"Adrenocortical cancer: 295.5"	"Pancreas - Ductal cells, Thyroid gland - T-cells"	"Low region specificity"	"Detected in all"			"Low region specificity"	"Detected in all"			HPA002317	Enhanced	Approved	Supported	Nucleoplasm,Cytosol			NA	NA			"Cluster 16: Non-specific - Cell proliferation"	"Cluster 70: Lymphoid tissue - Immune response"	"Cluster 23: Choroid plexus - Mixed function"	"Cluster 55: Lymphoma - Immune response"	"Cluster 14: Langerhans cells - Innate immune response"	83	"Nucleoplasm, Cytosol"		"HPA002317: AB_1846748"	"unprognostic (3.73e-2)"	"unprognostic (2.19e-3)"	"unprognostic (1.82e-2)"	"unprognostic (2.64e-1)"	"unprognostic (3.90e-1)"	"unprognostic (1.36e-1)"	"unprognostic (1.58e-3)"	"potential prognostic unfavorable (8.96e-6)"	"unprognostic (3.60e-2)"	"unprognostic (9.88e-2)"	"unprognostic (4.08e-2)"	"unprognostic (3.09e-1)"	"potential prognostic unfavorable (1.96e-4)"	"unprognostic (2.53e-1)"	"unprognostic (3.54e-2)"	"potential prognostic unfavorable (1.05e-4)"	"unprognostic (4.43e-2)"	"unprognostic (3.26e-2)"	"unprognostic (3.99e-1)"	"unprognostic (1.75e-2)"	"unprognostic (2.47e-2)"	"unprognostic (3.55e-3)"	"unprognostic (7.43e-3)"	"unprognostic (4.57e-1)"	"unprognostic (2.15e-3)"	"unprognostic (2.78e-2)"	"unprognostic (1.06e-1)"	"unprognostic (7.63e-2)"	"unprognostic (2.42e-3)"	"unprognostic (1.74e-1)"	"unprognostic (1.15e-1)"
CD180	"LY64, Ly78, RP105"	ENSG00000134061	"CD180 molecule"	Q99467	5	67179613-67196799	"CD markers, Predicted membrane proteins"	"Immunity, Inflammatory response, Innate immunity"	Receptor		"Evidence at protein level"	"Evidence at protein level"	"Evidence at protein level"	"Evidence at protein level"	"Tissue enhanced"	"Detected in many"		"lymphoid tissue: 22.7"	"Cell type enhanced"	"Detected in some"		"B-cells: 55.8;Hofbauer cells: 68.8;Kupffer cells: 22.8;Macrophages: 19.6;Plasma cells: 52.2"	"Group enriched"	"Detected in some"	5	"central nervous system macrophage: 17.2;leukocyte: 5.4"	"Low cancer specificity"	"Detected in many"			"Low region specificity"	"Detected in all"			"Immune cell enhanced"	"Detected in many"		"memory B-cell: 77.2;naive B-cell: 79.2"	"Group enriched"	"Detected in many"	25	"B-cells: 79.2;dendritic cells: 23.5;monocytes: 34.7"	"Group enriched"	"Detected in some"	4	"lymphoma: 19.2;Myeloma: 11.7"	"Adipose subcutaneous - Macrophages, Adipose visceral - Macrophages, Adrenal gland - Macrophages, Breast - Plasma cells, Colon - Macrophages, Heart muscle - Macrophages, Liver - Kupffer cells, Lung - Macrophages, Skeletal muscle - Macrophages, Thyroid gland - Macrophages"	"Low region specificity"	"Detected in many"			"Low region specificity"	"Detected in many"			HPA003740	Enhanced		Approved	"Nucleoplasm,Nucleoli,Plasma membrane,Mitotic spindle"			Yes	NA			"Cluster 23: B-cells - Immunoglobulins"	"Cluster 36: Lymphoid tissue - Cytokine signaling"	"Cluster 20: Macrophages & Microglia - Immune response"	"Cluster 46: Lymphoma - Humoral immune response"	"Cluster 73: B-cells - B-cell function"	3	"Plasma membrane"	"Nucleoplasm, Nucleoli, Mitotic spindle"	"HPA003740: AB_1078450"	"unprognostic (1.08e-1)"	"unprognostic (4.66e-2)"	"unprognostic (1.85e-1)"	"unprognostic (3.27e-2)"		"unprognostic (3.61e-1)"	"unprognostic (2.06e-2)"	"unprognostic (1.15e-1)"			"unprognostic (6.05e-3)"	"unprognostic (1.29e-1)"	"unprognostic (1.91e-1)"		"unprognostic (3.30e-1)"	"unprognostic (1.16e-2)"	"unprognostic (4.80e-2)"	"unprognostic (3.87e-2)"	"unprognostic (9.02e-2)"	"unprognostic (1.06e-1)"	"unprognostic (3.29e-1)"	"unprognostic (2.07e-1)"	"unprognostic (5.95e-2)"			"unprognostic (2.19e-2)"		"unprognostic (1.21e-1)"	"unprognostic (2.83e-2)"		"unprognostic (3.22e-1)"
CD40	"Bp50, p50, TNFRSF5"	ENSG00000101017	"CD40 molecule"	P25942	20	46118271-46129863	"Cancer-related genes, CD markers, Disease related genes, Human disease related genes, Predicted membrane proteins, Predicted secreted proteins"	Immunity	Receptor	"Cancer-related genes, Disease variant"	"Evidence at protein level"	"Evidence at protein level"	"Evidence at protein level"	"Evidence at protein level"	"Low tissue specificity"	"Detected in many"			"Cell type enhanced"	"Detected in many"		"B-cells: 126.2;Basal respiratory cells: 118.9;Langerhans cells: 237.0"	"Cell type enhanced"	"Detected in many"		"central nervous system macrophage: 29.2;pericyte: 32.3"	"Low cancer specificity"	"Detected in all"			"Low region specificity"	"Detected in all"			"Immune cell enhanced"	"Detected in many"		"memory B-cell: 108.3;naive B-cell: 123.7"	"Group enriched"	"Detected in all"	6	"B-cells: 123.7;monocytes: 34.9"	"Cancer enhanced"	"Detected in many"		"lymphoma: 97.7"	"Spleen - B-cells (Spleen)"	"Low region specificity"	"Detected in many"			"Low region specificity"	"Detected in all"			"CAB002495, HPA031567, HPA031568, CAB072868, CAB080468"	Enhanced		Approved	"Vesicles,Plasma membrane"	"Secreted to blood"	Receptor	NA	NA	705000		"Cluster 23: B-cells - Immunoglobulins"	"Cluster 70: Lymphoid tissue - Immune response"	"Cluster 42: Choroid plexus - Mitochondria"	"Cluster 55: Lymphoma - Immune response"	"Cluster 14: Langerhans cells - Innate immune response"	76	Vesicles	"Plasma membrane"	"CAB002495: AB_563562, CAB072868: AB_2665719, CAB080468: , HPA031567: AB_2673936, HPA031568: AB_2673937"	"unprognostic (3.20e-2)"	"unprognostic (1.68e-2)"	"unprognostic (1.28e-1)"	"unprognostic (1.24e-1)"	"unprognostic (3.59e-2)"	"unprognostic (5.71e-2)"	"potential prognostic unfavorable (6.62e-4)"	"unprognostic (7.05e-2)"	"unprognostic (1.50e-1)"	"unprognostic (2.11e-2)"	"unprognostic (2.74e-2)"	"unprognostic (1.71e-1)"	"unprognostic (6.55e-2)"	"unprognostic (8.70e-3)"	"unprognostic (3.46e-1)"	"unprognostic (2.31e-2)"	"unprognostic (3.07e-2)"	"unprognostic (1.57e-1)"	"unprognostic (2.17e-2)"	"unprognostic (1.51e-1)"	"unprognostic (2.00e-1)"	"unprognostic (9.95e-3)"	"unprognostic (3.31e-2)"	"unprognostic (1.12e-1)"	"unprognostic (3.58e-2)"	"unprognostic (1.59e-3)"	"unprognostic (5.10e-2)"	"unprognostic (3.74e-2)"	"unprognostic (5.05e-2)"	"unprognostic (6.57e-2)"	"unprognostic (4.03e-2)"
CD80	"B7-1, B7.1, CD28LG, CD28LG1"	ENSG00000121594	"CD80 molecule"	P33681	3	119524293-119559614	"CD markers, FDA approved drug targets, Predicted intracellular proteins, Predicted membrane proteins"	"Host-virus interaction"	"Host cell receptor for virus entry, Receptor"	"FDA approved drug targets"	"Evidence at protein level"	"Evidence at protein level"	"Evidence at protein level"	"Evidence at protein level"	"Tissue enhanced"	"Detected in some"		"lung: 2.9;lymphoid tissue: 6.6"	"Group enriched"	"Detected in some"	4	"B-cells: 9.1;Langerhans cells: 21.3;Macrophages: 7.2;monocytes: 19.3"	"Cell type enhanced"	"Detected in some"		"central nervous system macrophage: 4.2"	"Low cancer specificity"	"Detected in many"			"Low region specificity"	"Detected in many"			"Immune cell enhanced"	"Detected in some"		"memory B-cell: 1.4;T-reg: 1.3"	"Low lineage specificity"	"Detected in many"			"Cancer enriched"	"Detected in some"	5	"lymphoma: 19.6"	"Liver - Kupffer cells"	"Low region specificity"	"Detected in single"			"Low region specificity"	"Detected in all"			"CAB025368, HPA050092"	Enhanced				"Intracellular and membrane"	Receptor	NA	NA			"Cluster 14: Non-specific - Unknown function"	"Cluster 36: Lymphoid tissue - Cytokine signaling"	"Cluster 8: Immune cells - Immune response"	"Cluster 55: Lymphoma - Immune response"	"Cluster 14: Langerhans cells - Innate immune response"	6			"CAB025368: , HPA050092: AB_2681012"		"unprognostic (2.18e-1)"	"unprognostic (7.63e-2)"			"unprognostic (4.98e-2)"		"unprognostic (1.46e-1)"	"unprognostic (9.23e-2)"			"unprognostic (1.86e-1)"			"unprognostic (1.93e-1)"	"unprognostic (2.59e-3)"	"unprognostic (2.58e-2)"	"unprognostic (8.67e-2)"	"unprognostic (1.04e-1)"			"unprognostic (1.83e-2)"	"potential prognostic unfavorable (9.01e-5)"			"unprognostic (1.87e-2)"		"unprognostic (3.67e-1)"	"unprognostic (1.25e-2)"		
CDCA7L	"JPO2, R1, RAM2"	ENSG00000164649	"Cell division cycle associated 7 like"	Q96GN5	7	21900899-21945903	"Predicted intracellular proteins"	"Transcription, Transcription regulation"	Repressor		"Evidence at protein level"	"Evidence at protein level"	"Evidence at protein level"	"Evidence at protein level"	"Tissue enhanced"	"Detected in all"		"bone marrow: 51.1"	"Cell type enhanced"	"Detected in many"		"Oocytes: 263.2;Spermatogonia: 71.9"	"Cell type enhanced"	"Detected in many"		"choroid plexus epithelial cell: 32.3;endothelial cell: 22.8;ependymal cell: 35.7"	"Low cancer specificity"	"Detected in all"			"Low region specificity"	"Detected in all"			"Immune cell enhanced"	"Detected in many"		"memory B-cell: 101.4;naive B-cell: 125.0"	"Low lineage specificity"	"Detected in all"			"Low cancer specificity"	"Detected in all"			"Adipose visceral - Mesothelial cells, Lung - Alveolar cells type 2, Prostate - Prostate basal glandular cells, Testis - Spermatogonia, Thyroid gland - Thyroid glandular cells"	"Low region specificity"	"Detected in many"			"Region enriched"	"Detected in many"	4	"olfactory bulb: 12.4"	"HPA027169, HPA074623"	Approved		Supported	"Nucleoplasm,Nucleoli,Nucleoli fibrillar center,Cytosol"			No	Yes			"Cluster 12: Non-specific - Mitochondrial translation"	"Cluster 67: Lymphoid tissue & Bone marrow - Cell proliferation"	"Cluster 50: Non-specific - Nucleic acid binding"	"Cluster 67: Non-specific - Unknown function"	"Cluster 73: B-cells - B-cell function"	64	"Nucleoplasm, Nucleoli"	"Nucleoli fibrillar center, Cytosol"	"HPA027169: AB_1856058, HPA074623: "	"unprognostic (2.95e-1)"	"unprognostic (4.66e-3)"	"unprognostic (3.38e-2)"	"unprognostic (1.19e-1)"	"unprognostic (2.10e-1)"	"unprognostic (2.01e-2)"	"unprognostic (3.62e-1)"	"unprognostic (7.51e-3)"	"unprognostic (3.59e-1)"	"unprognostic (3.65e-2)"	"unprognostic (1.61e-3)"	"unprognostic (2.42e-2)"	"unprognostic (1.71e-1)"	"potential prognostic unfavorable (6.12e-5)"	"unprognostic (6.32e-2)"	"unprognostic (5.65e-2)"	"unprognostic (3.80e-2)"	"unprognostic (3.66e-2)"	"unprognostic (2.17e-2)"	"unprognostic (2.34e-1)"	"unprognostic (1.20e-1)"	"unprognostic (1.50e-2)"	"unprognostic (2.58e-1)"	"unprognostic (2.18e-1)"	"unprognostic (6.45e-3)"	"unprognostic (9.76e-2)"	"unprognostic (4.03e-1)"	"unprognostic (1.19e-1)"	"unprognostic (2.35e-1)"	"unprognostic (2.47e-1)"	"unprognostic (1.63e-1)"
CENPV	"CENP-V, p30, PRR6"	ENSG00000166582	"Centromere protein V"	Q7Z7K6	17	16342534-16353656	"Predicted intracellular proteins"	"Cell cycle, Cell division, Mitosis"			"Evidence at protein level"	"Evidence at protein level"	"Evidence at protein level"	"Evidence at protein level"	"Low tissue specificity"	"Detected in many"			"Cell type enhanced"	"Detected in many"		"Paneth cells: 91.7;Proximal enterocytes: 101.9;Spermatocytes: 92.5;Spermatogonia: 117.2;Undifferentiated cells: 101.5"	"Low cell type specificity"	"Detected in all"			"Low cancer specificity"	"Detected in many"			"Low region specificity"	"Detected in all"			"Immune cell enhanced"	"Detected in some"		"eosinophil: 1.3;memory B-cell: 1.5"	"Low lineage specificity"	"Detected in many"			"Low cancer specificity"	"Detected in all"			"Spleen - B-cells (Spleen), Stomach - Gastric mucous cells, Testis - Sertoli cells"	"Low region specificity"	"Detected in all"							"HPA042529, HPA042616"	Enhanced		Approved	Nucleoplasm,Midbody,Cytosol			Yes	No			"Cluster 22: Eosinophils - Transcription"	"Cluster 54: Non-specific - Basic cellular processes"	"Cluster 32: Cerebral cortex - Mixed function"	"Cluster 42: Non-specific - Unknown function"	"Cluster 16: Intestinal goblet cells - Mucin production"	23	Nucleoplasm	"Midbody, Cytosol"	"HPA042529: AB_10793882, HPA042616: AB_10794050"	"unprognostic (2.63e-2)"	"unprognostic (8.90e-2)"	"unprognostic (4.12e-1)"	"unprognostic (1.34e-2)"	"unprognostic (5.58e-2)"	"unprognostic (1.53e-1)"	"unprognostic (4.51e-2)"	"unprognostic (4.71e-2)"	"unprognostic (1.64e-1)"		"potential prognostic favorable (2.13e-7)"	"unprognostic (1.05e-2)"	"unprognostic (1.34e-1)"	"unprognostic (2.21e-1)"	"unprognostic (4.88e-2)"	"unprognostic (4.47e-2)"	"unprognostic (1.19e-2)"	"unprognostic (1.06e-1)"	"unprognostic (1.74e-3)"	"unprognostic (7.18e-2)"	"unprognostic (1.15e-1)"	"unprognostic (4.17e-2)"	"unprognostic (2.76e-1)"	"unprognostic (1.57e-1)"	"unprognostic (7.00e-3)"	"unprognostic (4.08e-1)"	"unprognostic (4.84e-2)"	"unprognostic (1.67e-1)"	"unprognostic (1.09e-1)"	"unprognostic (6.03e-3)"	"unprognostic (2.00e-1)"
CLIC4	"CLIC4L, DKFZP566G223, H1, huH1, P64H1"	ENSG00000169504	"Chloride intracellular channel 4"	Q9Y696	1	24745382-24844321	"Predicted intracellular proteins, Transporters"	"Ion transport, Transport"	"Chloride channel, Ion channel, Oxidoreductase, Voltage-gated channel"		"Evidence at protein level"	"Evidence at protein level"	"Evidence at protein level"	"Evidence at protein level"	"Low tissue specificity"	"Detected in all"			"Cell type enhanced"	"Detected in many"		"Cardiomyocytes: 232.3;Extravillous trophoblasts: 235.5;Proximal tubular cells: 314.3;Schwann cells: 290.9"	"Cell type enhanced"	"Detected in all"		"endothelial cell: 719.9;oligodendrocyte: 290.2;vascular associated smooth muscle cell: 335.8"	"Low cancer specificity"	"Detected in all"			"Low region specificity"	"Detected in all"			"Immune cell enhanced"	"Detected in many"		"memory B-cell: 13.5;naive B-cell: 11.9"	"Low lineage specificity"	"Detected in many"			"Low cancer specificity"	"Detected in all"			"Prostate - Smooth muscle cells, Skeletal muscle - Endothelial cells, Skin - Endothelial cells, Spleen - Fibroblast_1"	"Low region specificity"	"Detected in all"			"Low region specificity"	"Detected in all"			"HPA008019, HPA060804"	Enhanced		Supported	"Plasma membrane,Centrosome,Calyx,Connecting piece,Principal piece"			NA	NA		7400000	"Cluster 23: B-cells - Immunoglobulins"	"Cluster 62: Connective tissue - ECM organization"	"Cluster 13: Oligodendrocytes - Mixed function"	"Cluster 64: Connective tissue cells - ECM organization"	"Cluster 32: Smooth muscle cells - Muscle contraction"	7	"Plasma membrane, Centrosome"	"Calyx, Connecting piece, Principal piece"	"HPA008019: AB_1846946, HPA060804: AB_2684370"	"unprognostic (2.90e-1)"	"unprognostic (5.65e-2)"	"unprognostic (1.58e-3)"	"unprognostic (4.17e-3)"	"unprognostic (2.82e-1)"	"unprognostic (1.90e-1)"	"unprognostic (9.82e-2)"	"unprognostic (1.84e-1)"	"unprognostic (1.86e-1)"	"unprognostic (5.81e-3)"	"potential prognostic favorable (2.33e-7)"	"unprognostic (2.67e-2)"	"potential prognostic favorable (4.05e-4)"	"unprognostic (6.48e-3)"	"unprognostic (3.78e-2)"	"unprognostic (3.03e-2)"	"potential prognostic unfavorable (6.26e-4)"	"unprognostic (9.51e-3)"	"unprognostic (1.82e-1)"	"unprognostic (2.03e-3)"	"unprognostic (1.65e-2)"	"unprognostic (6.28e-3)"	"unprognostic (1.09e-1)"	"unprognostic (1.11e-1)"	"unprognostic (1.25e-1)"	"unprognostic (7.53e-2)"	"unprognostic (3.16e-2)"	"unprognostic (1.50e-3)"	"unprognostic (3.98e-1)"	"unprognostic (3.13e-3)"	"unprognostic (1.43e-1)"
COL4A3		ENSG00000169031	"Collagen type IV alpha 3 chain"	Q01955	2	227164624-227314792	"Cancer-related genes, Disease related genes, Human disease related genes, Plasma proteins, Predicted intracellular proteins, Predicted secreted proteins"	"Cell adhesion"		"Alport syndrome, Cancer-related genes, Deafness, Disease variant"	"Evidence at protein level"	"Evidence at protein level"	"Evidence at protein level"	"Evidence at protein level"	"Tissue enhanced"	"Detected in many"		"kidney: 29.7;retina: 35.2"	"Cell type enhanced"	"Detected in many"		"Alveolar cells type 1: 52.7;Bipolar cells: 67.7;Collecting duct cells: 44.7;Cone photoreceptor cells: 190.3;Granulosa cells: 79.6;Muller glia cells: 110.7;Oligodendrocyte precursor cells: 79.7;Skeletal myocytes: 64.4"	"Cell type enhanced"	"Detected in all"		"choroid plexus epithelial cell: 475.0;pericyte: 641.2"	"Group enriched"	"Detected in some"	7	"Kidney Chromophobe (TCGA): 7.9;Kidney Renal Clear Cell Carcinoma (TCGA): 4.1;Kidney Renal Papillary Cell Carcinoma (TCGA): 7.2;Lung Adenocarcinoma (TCGA): 5.0;Thyroid Carcinoma (TCGA): 9.3"	"Region enhanced"	"Detected in all"		"choroid plexus: 45.6"	"Immune cell enhanced"	"Detected in single"		"memory B-cell: 1.0"	"Lineage enriched"	"Detected in single"	7	"B-cells: 1.0"	"Cancer enhanced"	"Detected in some"		"Myeloma: 7.4"	"Adrenal gland - Adrenal cortex cells, Lung - Alveolar cells type 1, Spleen - B-cells (Spleen)"	"Not detected"	"Not detected"			"Low region specificity"	"Detected in many"			HPA042064	Approved		Approved	"Endoplasmic reticulum,Vesicles"	"Secreted to extracellular matrix"	"Cell adhesion"	NA	NA			"Cluster 17: B-cells - Immunoglobulins"	"Cluster 23: Non-specific - Cellular respiration"	"Cluster 42: Choroid plexus - Mitochondria"	"Cluster 51: Myeloma - Immunoglobulins"	"Cluster 10: Muller glia cells - Visual perception"	1	Vesicles	"Endoplasmic reticulum"	"HPA042064: AB_10794410"			"unprognostic (5.78e-2)"					"unprognostic (4.67e-1)"		"unprognostic (2.03e-2)"	"potential prognostic favorable (6.31e-6)"	"unprognostic (2.93e-3)"	"unprognostic (1.68e-1)"		"potential prognostic favorable (4.43e-4)"	"potential prognostic favorable (6.59e-4)"	"unprognostic (1.58e-1)"		"unprognostic (3.74e-2)"				"unprognostic (5.16e-3)"			"unprognostic (1.57e-3)"				"unprognostic (1.87e-2)"	
COL4A4	CA44	ENSG00000081052	"Collagen type IV alpha 4 chain"	P53420	2	227002714-227164453	"Cancer-related genes, Disease related genes, Human disease related genes, Plasma proteins, Predicted intracellular proteins, Predicted secreted proteins"			"Alport syndrome, Cancer-related genes, Deafness, Disease variant"	"Evidence at protein level"	"Evidence at transcript level"	"Evidence at protein level"	"Evidence at protein level"	"Low tissue specificity"	"Detected in many"			"Cell type enhanced"	"Detected in many"		"Alveolar cells type 1: 103.2;Collecting duct cells: 40.8;Cone photoreceptor cells: 42.5;Granulosa cells: 64.4;Muller glia cells: 72.7;Oligodendrocyte precursor cells: 51.9;Skeletal myocytes: 53.7"	"Cell type enhanced"	"Detected in many"		"choroid plexus epithelial cell: 194.3;pericyte: 416.8"	"Cancer enhanced"	"Detected in many"		"Kidney Chromophobe (TCGA): 11.8"	"Region enhanced"	"Detected in all"		"choroid plexus: 31.8"	"Immune cell enhanced"	"Detected in single"		"memory B-cell: 2.7"	"Lineage enriched"	"Detected in single"	5	"B-cells: 2.7"	"Cancer enhanced"	"Detected in many"		"Myeloma: 9.1"	"Heart muscle - Fibroblasts, Liver - Hepatic stellate cells, Lung - Alveolar cells type 1, Spleen - B-cells (Spleen)"	"Not detected"	"Not detected"			"Low region specificity"	"Detected in many"								"Secreted to extracellular matrix"	"No annotated function"	NA	NA			"Cluster 23: B-cells - Immunoglobulins"	"Cluster 23: Non-specific - Cellular respiration"	"Cluster 38: Sub-cortical - Mixed function"	"Cluster 15: Kidney cancer - Membrane components"	"Cluster 10: Muller glia cells - Visual perception"	1				"unprognostic (1.95e-2)"		"unprognostic (9.39e-2)"			"unprognostic (4.12e-2)"		"unprognostic (2.82e-1)"		"unprognostic (4.80e-2)"	"validated prognostic favorable (4.01e-10)"	"validated prognostic favorable (5.20e-4)"	"unprognostic (2.40e-2)"		"potential prognostic favorable (2.61e-4)"	"unprognostic (1.67e-2)"	"unprognostic (2.54e-1)"	"unprognostic (3.19e-2)"	"unprognostic (7.90e-2)"			"unprognostic (2.29e-1)"	"potential prognostic unfavorable (1.49e-4)"	"unprognostic (7.94e-2)"		"unprognostic (1.95e-2)"		"unprognostic (2.49e-2)"		"unprognostic (2.67e-1)"	
D2HGDH	"D2HGD, FLJ42195, MGC25181"	ENSG00000180902	"D-2-hydroxyglutarate dehydrogenase"	Q8N465	2	241734602-241768816	"Disease related genes, Enzymes, Human disease related genes, Potential drug targets, Predicted intracellular proteins"		Oxidoreductase	"Disease variant"	"Evidence at protein level"	"Evidence at protein level"	"Evidence at protein level"	"Evidence at protein level"	"Low tissue specificity"	"Detected in all"			"Low cell type specificity"	"Detected in all"			"Low cell type specificity"	"Detected in all"			"Low cancer specificity"	"Detected in all"			"Low region specificity"	"Detected in all"			"Immune cell enhanced"	"Detected in some"		"memory B-cell: 2.5"	"Group enriched"	"Detected in many"	4	"B-cells: 2.5;T-cells: 1.0"	"Low cancer specificity"	"Detected in all"			"Liver - Hepatocytes"	"Low region specificity"	"Detected in all"			"Low region specificity"	"Detected in all"			"HPA056216, HPA060548"	Uncertain		Supported	Mitochondria			NA	NA			"Cluster 24: Non-specific - Transcription"	"Cluster 21: Testis - Unknown function"	"Cluster 36: Choroid plexus - Mixed function"	"Cluster 26: Non-specific - Mitochondria & RNA binding"	"Cluster 16: Intestinal goblet cells - Mucin production"	70	Mitochondria		"HPA056216: AB_2683070, HPA060548: AB_2732650"	"unprognostic (3.13e-1)"	"unprognostic (9.72e-2)"	"unprognostic (3.17e-2)"	"unprognostic (3.03e-2)"	"unprognostic (2.48e-1)"	"unprognostic (1.33e-1)"	"unprognostic (5.89e-2)"	"unprognostic (1.72e-1)"	"unprognostic (8.98e-3)"	"unprognostic (3.08e-2)"	"potential prognostic favorable (7.31e-5)"	"unprognostic (9.82e-3)"	"unprognostic (1.30e-2)"	"unprognostic (3.48e-1)"	"unprognostic (3.78e-3)"	"unprognostic (4.55e-2)"	"unprognostic (1.03e-1)"	"unprognostic (2.80e-1)"	"unprognostic (1.12e-2)"	"unprognostic (3.48e-2)"	"unprognostic (7.99e-2)"	"unprognostic (2.26e-1)"	"unprognostic (4.78e-2)"	"unprognostic (6.32e-2)"	"unprognostic (2.55e-2)"	"unprognostic (2.37e-1)"	"unprognostic (1.13e-2)"	"unprognostic (3.08e-2)"	"unprognostic (6.23e-2)"	"unprognostic (3.49e-1)"	"unprognostic (2.13e-2)"
DENND5B	MGC24039	ENSG00000170456	"DENN domain containing 5B"	Q6ZUT9	12	31382226-31591136	"Predicted intracellular proteins, Predicted membrane proteins"		"Guanine-nucleotide releasing factor"		"Evidence at protein level"	"Evidence at transcript level"	"Evidence at protein level"	"Evidence at protein level"	"Low tissue specificity"	"Detected in all"			"Cell type enhanced"	"Detected in many"		"Astrocytes: 144.9;Excitatory neurons: 210.0;Inhibitory neurons: 236.3;Oligodendrocyte precursor cells: 135.4;Oligodendrocytes: 112.6"	"Low cell type specificity"	"Detected in all"			"Low cancer specificity"	"Detected in all"			"Low region specificity"	"Detected in all"			"Immune cell enhanced"	"Detected in some"		"memory B-cell: 1.4;naive B-cell: 1.6"	"Low lineage specificity"	"Detected in single"			"Cancer enhanced"	"Detected in all"		"testis cancer: 52.8"	"Adrenal gland - Adrenal cortex cells, Testis - Early spermatids, Testis - Spermatocytes"	"Low region specificity"	"Detected in all"			"Low region specificity"	"Detected in all"			HPA038865	Approved		Approved	Microtubules			NA	NA			"Cluster 23: B-cells - Immunoglobulins"	"Cluster 39: Retina & Testis - Cilium"	"Cluster 16: Non-specific - Transcription"	"Cluster 38: Non-specific - Transcription"	"Cluster 8: Neurons - Neuronal signaling"		Microtubules		"HPA038865: AB_2676245"	"unprognostic (2.17e-1)"	"unprognostic (2.46e-1)"	"unprognostic (4.55e-3)"	"unprognostic (1.92e-2)"	"unprognostic (2.65e-2)"	"unprognostic (1.62e-1)"	"unprognostic (1.06e-1)"	"potential prognostic favorable (4.91e-4)"	"unprognostic (1.53e-1)"	"unprognostic (2.44e-2)"	"potential prognostic favorable (1.63e-4)"	"unprognostic (1.39e-2)"	"unprognostic (6.95e-2)"	"unprognostic (1.81e-3)"	"unprognostic (2.12e-2)"	"unprognostic (1.08e-2)"	"unprognostic (1.16e-1)"	"unprognostic (1.87e-1)"	"unprognostic (4.98e-2)"	"unprognostic (7.39e-2)"	"unprognostic (1.42e-1)"	"unprognostic (1.66e-1)"	"unprognostic (7.12e-2)"	"unprognostic (2.42e-1)"	"unprognostic (6.08e-2)"	"unprognostic (1.35e-1)"	"unprognostic (7.21e-2)"	"unprognostic (5.21e-3)"	"unprognostic (8.69e-2)"	"unprognostic (3.49e-2)"	"unprognostic (8.25e-2)"
EAF2	"BM040, TRAITS, U19"	ENSG00000145088	"ELL associated factor 2"	Q96CJ1	3	121835183-121886526	"Predicted intracellular proteins"	"Apoptosis, Transcription, Transcription regulation"	Activator		"Evidence at protein level"	"Evidence at protein level"	"Evidence at protein level"	"Evidence at protein level"	"Tissue enhanced"	"Detected in many"		"bone marrow: 70.9;lymphoid tissue: 52.4"	"Cell type enhanced"	"Detected in many"		"monocytes: 61.8;Plasma cells: 168.7;Proximal tubular cells: 97.0"	"Low cell type specificity"	"Detected in all"			"Low cancer specificity"	"Detected in all"			"Low region specificity"	"Detected in all"			"Immune cell enhanced"	"Detected in all"		"memory B-cell: 104.8"	"Low lineage specificity"	"Detected in all"			"Group enriched"	"Detected in all"	8	"Leukemia: 31.8;lymphoma: 51.9;Myeloma: 61.4"	"Adipose visceral - Macrophages, Breast - Plasma cells, Kidney - Proximal tubular cells, Minor Salivary Gland - Plasma cells, Prostate - Prostate glandular cells, Testis - Early spermatids"	"Low region specificity"	"Detected in single"			"Low region specificity"	"Detected in all"			HPA008411	Enhanced						NA	NA			"Cluster 23: B-cells - Immunoglobulins"	"Cluster 77: Bone marrow - Cell proliferation"	"Cluster 19: Astrocytes - Mixed function"	"Cluster 46: Lymphoma - Humoral immune response"	"Cluster 77: Plasma cells - Protein processing"	23			"HPA008411: AB_1847950"	"unprognostic (9.91e-2)"	"unprognostic (3.39e-1)"	"unprognostic (3.72e-2)"	"potential prognostic favorable (1.02e-4)"	"unprognostic (2.68e-1)"	"unprognostic (7.68e-2)"	"unprognostic (9.88e-2)"	"unprognostic (3.98e-2)"	"unprognostic (4.63e-2)"	"unprognostic (1.99e-1)"	"potential prognostic favorable (3.43e-4)"	"unprognostic (1.48e-1)"	"unprognostic (4.70e-2)"	"potential prognostic unfavorable (3.43e-4)"	"unprognostic (5.97e-3)"	"unprognostic (2.28e-3)"	"unprognostic (1.11e-1)"	"unprognostic (1.89e-1)"	"unprognostic (1.16e-1)"	"unprognostic (9.56e-2)"	"unprognostic (1.35e-1)"	"unprognostic (4.93e-2)"	"unprognostic (1.44e-3)"	"unprognostic (3.07e-1)"	"unprognostic (1.29e-2)"	"unprognostic (7.52e-2)"	"unprognostic (8.17e-2)"	"unprognostic (1.90e-1)"	"unprognostic (4.58e-1)"	"unprognostic (4.62e-1)"	"unprognostic (2.25e-1)"
ENSG00000142539		ENSG00000142539	"Novel protein"		19	50415799-50428409	"Predicted intracellular proteins"				"Evidence at protein level"	"Evidence at protein level"			"Tissue enhanced"	"Detected in single"		"lymphoid tissue: 1.7"	"Not detected"	"Not detected"							"Not detected"	"Not detected"			"Not detected"	"Not detected"			"Immune cell enhanced"	"Detected in some"		"memory B-cell: 1.0;plasmacytoid DC: 2.0"	"Group enriched"	"Detected in many"	15	"B-cells: 1.0;dendritic cells: 2.0"	"Not detected"	"Not detected"												HPA018523	Uncertain						NA	NA			"Cluster 29: Non-specific - Unknown function"	"Cluster 47: Spleen - Immune response"		"Cluster 35: RS4;11 - Unknown function"					"HPA018523: AB_1857443"																															
FADS3	"CYB5RP, LLCDL3"	ENSG00000221968	"Fatty acid desaturase 3"	Q9Y5Q0	11	61873519-61892051	"Metabolic proteins, Predicted intracellular proteins, Predicted membrane proteins"	"Electron transport, Fatty acid biosynthesis, Fatty acid metabolism, Lipid biosynthesis, Lipid metabolism, Transport"	Oxidoreductase		"Evidence at protein level"	"Evidence at protein level"	"Evidence at protein level"	"Evidence at protein level"	"Low tissue specificity"	"Detected in all"			"Cell type enhanced"	"Detected in many"		"Adipocytes: 142.2;Alveolar cells type 1: 209.8;Extravillous trophoblasts: 150.6;Rod photoreceptor cells: 123.3;Schwann cells: 111.4"	"Low cell type specificity"	"Detected in all"			"Low cancer specificity"	"Detected in all"			"Low region specificity"	"Detected in all"			"Immune cell enhanced"	"Detected in many"		"memory B-cell: 7.7;naive B-cell: 8.8"	"Low lineage specificity"	"Detected in many"			"Low cancer specificity"	"Detected in all"			"Breast - Adipocytes (Breast)"	"Low region specificity"	"Detected in all"			"Low region specificity"	"Detected in all"			HPA045224	Approved		Approved	"Nucleoli fibrillar center"			NA	NA			"Cluster 22: Eosinophils - Transcription"	"Cluster 30: Heart muscle - Heart development"	"Cluster 23: Choroid plexus - Mixed function"	"Cluster 72: Neuronal - Signal transduction"	"Cluster 48: Smooth muscle cells - Signal transduction"	9	"Nucleoli fibrillar center"		"HPA045224: AB_10967570"	"unprognostic (2.60e-2)"	"unprognostic (1.01e-1)"	"unprognostic (1.41e-1)"	"unprognostic (1.21e-2)"	"unprognostic (1.84e-2)"	"unprognostic (1.40e-2)"	"unprognostic (3.94e-3)"	"unprognostic (5.92e-2)"	"potential prognostic unfavorable (1.05e-4)"	"unprognostic (1.49e-1)"	"unprognostic (1.43e-3)"	"unprognostic (1.24e-3)"	"unprognostic (7.14e-2)"	"potential prognostic unfavorable (7.60e-4)"	"unprognostic (1.14e-2)"	"unprognostic (1.23e-1)"	"unprognostic (1.19e-1)"	"unprognostic (6.47e-2)"	"potential prognostic unfavorable (1.21e-4)"	"unprognostic (1.89e-1)"	"unprognostic (3.62e-1)"	"unprognostic (7.61e-2)"	"unprognostic (1.75e-3)"	"unprognostic (2.87e-1)"	"unprognostic (2.04e-1)"	"potential prognostic favorable (3.32e-4)"	"unprognostic (5.30e-2)"	"unprognostic (1.58e-1)"	"unprognostic (6.59e-2)"	"unprognostic (1.43e-1)"	"unprognostic (4.01e-2)"
FAM111B	CANP	ENSG00000189057	"FAM111 trypsin like peptidase B"	Q6SJ93	11	59107185-59127412	"Disease related genes, Human disease related genes, Predicted intracellular proteins"		"Hydrolase, Protease"	"Disease variant"	"Evidence at protein level"	"Evidence at transcript level"	"Evidence at protein level"	"Evidence at protein level"	"Tissue enhanced"	"Detected in many"		"lymphoid tissue: 17.5"	"Cell type enhanced"	"Detected in many"		"Alveolar cells type 2: 15.7;Basal keratinocytes: 9.8;Oocytes: 19.9;Plasma cells: 10.3;Schwann cells: 9.7;Undifferentiated cells: 23.1"	"Cell type enhanced"	"Detected in some"		"leukocyte: 1.3;oligodendrocyte precursor cell: 1.1"	"Low cancer specificity"	"Detected in all"			"Low region specificity"	"Detected in all"			"Immune cell enhanced"	"Detected in some"		"memory B-cell: 3.3;naive B-cell: 2.6"	"Low lineage specificity"	"Detected in many"			"Low cancer specificity"	"Detected in all"			"Adrenal gland - Mitotic cells (Adrenal gland), Colon - Mitotic cells (Colon), Heart muscle - Mitotic cells (Heart), Lung - Mitotic cells (Lung), Minor Salivary Gland - Mitotic cells (Minor salivary gland), Skin - Mitotic cells (Skin), Spleen - Mitotic cells (Spleen), Stomach - Mitotic cells (Stomach), Thyroid gland - Mitotic cells (Thyroid)"					"Low region specificity"	"Detected in many"			HPA038637	Uncertain		Approved	Nucleoplasm,Cytosol			No	Yes			"Cluster 14: Non-specific - Unknown function"	"Cluster 71: Thymus - Adaptive immune response"	"Cluster 9: Non-specific - Receptor signaling"	"Cluster 24: Non-specific - Unknown function"	"Cluster 52: Non-specific - Cell proliferation"	6	Nucleoplasm	Cytosol	"HPA038637: AB_10672522"	"unprognostic (1.67e-1)"	"unprognostic (1.55e-1)"	"unprognostic (2.40e-2)"	"unprognostic (8.60e-2)"	"unprognostic (1.29e-1)"	"unprognostic (6.36e-2)"	"unprognostic (4.04e-1)"	"unprognostic (4.14e-2)"	"unprognostic (2.30e-2)"	"potential prognostic unfavorable (1.09e-5)"	"unprognostic (5.94e-2)"	"unprognostic (5.68e-2)"	"potential prognostic unfavorable (7.34e-6)"	"potential prognostic unfavorable (1.80e-4)"	"unprognostic (5.96e-3)"	"potential prognostic unfavorable (1.29e-6)"	"unprognostic (1.20e-3)"	"unprognostic (2.43e-1)"	"unprognostic (6.96e-2)"	"unprognostic (4.11e-2)"	"unprognostic (4.56e-2)"	"potential prognostic unfavorable (6.45e-5)"	"unprognostic (1.00e-1)"	"unprognostic (6.79e-3)"	"unprognostic (1.48e-3)"	"unprognostic (2.42e-1)"	"unprognostic (1.42e-1)"	"unprognostic (4.46e-2)"	"unprognostic (1.43e-1)"	"potential prognostic favorable (3.69e-4)"	"unprognostic (2.42e-2)"
FAM167A	"C8orf13, DIORA-1"	ENSG00000154319	"Family with sequence similarity 167 member A"	Q96KS9	8	11421476-11475908	"Predicted intracellular proteins"				"Evidence at protein level"	"Evidence at transcript level"	"Evidence at protein level"	"Evidence at protein level"	"Tissue enhanced"	"Detected in many"		"brain: 23.6;thyroid gland: 51.7"	"Group enriched"	"Detected in many"	4	"Alveolar cells type 1: 57.4;Astrocytes: 26.9;Basal prostatic cells: 20.3;Cone photoreceptor cells: 15.3;Early spermatids: 26.0;Late spermatids: 39.7;Oocytes: 21.3"	"Cell type enhanced"	"Detected in many"		"astrocyte: 39.3;bergmann glia: 54.9"	"Group enriched"	"Detected in many"	4	"Glioblastoma Multiforme (TCGA): 16.1;Thyroid Carcinoma (TCGA): 29.5"	"Low region specificity"	"Detected in all"			"Immune cell enhanced"	"Detected in single"		"memory B-cell: 1.2"	"Low lineage specificity"	"Detected in single"			"Cancer enhanced"	"Detected in many"		"Neuroblastoma: 32.4"	"Adipose visceral - Mesothelial cells, Adrenal gland - Adrenal medulla cells, Lung - Alveolar cells type 1, Testis - Early spermatids, Testis - Late spermatids, Thyroid gland - Thyroid glandular cells"	"Low region specificity"	"Detected in many"			"Low region specificity"	"Detected in all"			"HPA023915, HPA030426"	Approved		Approved	Mitochondria			NA	NA			"Cluster 2: Dendritic cells - Unknown function"	"Cluster 61: Brain - Neuronal signaling"	"Cluster 44: Non-specific - Mixed function"	"Cluster 46: Lymphoma - Humoral immune response"	"Cluster 3: Basal prostatic cells - Lipid metabolism"	45	Mitochondria		"HPA023915: AB_1845768, HPA030426: AB_10601318"		"unprognostic (3.90e-2)"	"unprognostic (1.04e-1)"	"unprognostic (3.31e-1)"	"unprognostic (2.67e-2)"	"unprognostic (2.59e-1)"	"unprognostic (7.74e-2)"	"unprognostic (2.00e-2)"	"unprognostic (1.18e-2)"	"unprognostic (2.09e-1)"	"potential prognostic unfavorable (9.79e-5)"	"unprognostic (1.11e-1)"	"unprognostic (2.57e-2)"			"unprognostic (1.54e-2)"	"unprognostic (7.75e-2)"	"unprognostic (2.47e-1)"	"unprognostic (6.03e-3)"	"unprognostic (2.17e-1)"	"unprognostic (2.07e-1)"	"unprognostic (8.59e-2)"	"unprognostic (3.00e-1)"		"unprognostic (4.42e-2)"	"unprognostic (4.32e-2)"	"unprognostic (1.18e-1)"	"unprognostic (8.27e-2)"	"unprognostic (1.50e-1)"	"unprognostic (1.42e-2)"	"unprognostic (6.71e-2)"
FXYD1	PLM	ENSG00000266964	"FXYD domain containing ion transport regulator 1"	O00168	19	35138824-35143109	"Predicted membrane proteins, Transporters"	"Ion transport, Potassium transport, Sodium transport, Sodium/potassium transport, Transport"			"Evidence at protein level"	"Evidence at transcript level"	"Evidence at protein level"	"Evidence at protein level"	"Tissue enhanced"	"Detected in all"		"choroid plexus: 1723.4;skeletal muscle: 1333.6"	"Cell type enhanced"	"Detected in many"		"Hepatocytes: 92.2;Leydig cells: 58.4;Muller glia cells: 59.2;Schwann cells: 243.2;Skeletal myocytes: 77.1;Smooth muscle cells: 59.0"	"Cell type enhanced"	"Detected in many"		"astrocyte: 122.7;bergmann glia: 336.8;choroid plexus epithelial cell: 106.5"	"Cancer enhanced"	"Detected in all"		"Liver Hepatocellular Carcinoma (TCGA): 222.6"	"Low region specificity"	"Detected in all"			"Immune cell enhanced"	"Detected in many"		"memory B-cell: 11.1"	"Group enriched"	"Detected in many"	4	"B-cells: 11.1;T-cells: 6.9"	"Cancer enhanced"	"Detected in many"		"Adrenocortical cancer: 6.9"	"Breast - Fibroblasts, Colon - Enteric glia cells, Heart muscle - Cardiomyocytes, Kidney - Fibroblasts, Liver - Hepatocytes, Pituitary gland - Fibroblasts, Prostate - Fibroblasts, Spleen - Fibroblast_2, Thyroid gland - Fibroblasts"	"Low region specificity"	"Detected in all"							HPA026873			Approved	Nucleoplasm,Nucleoli,Cytosol			No	NA			"Cluster 16: Non-specific - Cell proliferation"	"Cluster 14: Skeletal muscle - Muscle contraction"	"Cluster 39: Astrocytes - Mixed function"	"Cluster 44: Connective tissue cells - ECM organization"	"Cluster 26: Schwann cells & Melanocytes - Mixed function"	1	"Nucleoplasm, Cytosol"	Nucleoli	"HPA026873: AB_1855471"	"unprognostic (1.89e-3)"	"unprognostic (1.36e-1)"	"potential prognostic favorable (5.20e-4)"	"potential prognostic favorable (5.06e-4)"	"unprognostic (2.36e-1)"	"unprognostic (2.41e-1)"	"unprognostic (2.93e-3)"	"unprognostic (7.78e-3)"	"unprognostic (2.62e-2)"	"unprognostic (5.12e-2)"	"unprognostic (7.83e-2)"	"unprognostic (4.54e-1)"	"potential prognostic unfavorable (7.96e-6)"	"unprognostic (2.85e-2)"	"unprognostic (2.75e-2)"	"potential prognostic favorable (5.04e-4)"	"unprognostic (7.15e-2)"	"unprognostic (3.89e-2)"	"unprognostic (2.06e-1)"	"unprognostic (2.99e-2)"	"unprognostic (1.20e-1)"	"unprognostic (3.64e-2)"	"unprognostic (1.77e-3)"	"unprognostic (1.49e-1)"	"unprognostic (4.39e-2)"	"unprognostic (3.07e-1)"	"unprognostic (2.79e-2)"	"unprognostic (6.29e-3)"	"unprognostic (2.19e-1)"	"unprognostic (3.86e-2)"	"unprognostic (3.05e-1)"
GALNTL6	"GalNAc-T6L, GALNT17"	ENSG00000174473	"Polypeptide N-acetylgalactosaminyltransferase like 6"	Q49A17	4	171812254-173041559	"Enzymes, Metabolic proteins, Predicted intracellular proteins"		"Glycosyltransferase, Transferase"		"Evidence at transcript level"	"Evidence at transcript level"	"Evidence at transcript level"	"Evidence at transcript level"	"Tissue enhanced"	"Detected in some"		"brain: 4.0;lymphoid tissue: 2.5;testis: 2.4"	"Group enriched"	"Detected in some"	17	"Excitatory neurons: 410.5;Inhibitory neurons: 1496.8"	"Cell type enhanced"	"Detected in all"		"mammillary body: 12327.0;midbrain-derived inhibitory: 8295.9"	"Cancer enriched"	"Detected in some"	4	"Kidney Chromophobe (TCGA): 5.6"	"Low region specificity"	"Detected in many"			"Immune cell enhanced"	"Detected in single"		"memory B-cell: 1.6"	"Lineage enriched"	"Detected in single"	8	"B-cells: 1.6"	"Cancer enhanced"	"Detected in single"		"Neuroblastoma: 2.6"	"Minor Salivary Gland - Minor salivary glandular cells, Skin - Melanocytes, Spleen - B-cells (Spleen)"	"Low region specificity"	"Detected in all"			"Low region specificity"	"Detected in all"			HPA031019	Uncertain						NA	NA				"Cluster 5: Brain & Testis - Signal transduction"	"Cluster 38: Sub-cortical - Mixed function"	"Cluster 14: Myeloid leukemia - Innate immune response"	"Cluster 69: Neurons - Neuronal signaling"				"HPA031019: AB_10601653"			"unprognostic (2.63e-2)"			"unprognostic (9.73e-2)"				"unprognostic (1.55e-3)"							"unprognostic (5.17e-2)"							"unprognostic (1.70e-1)"		"unprognostic (1.15e-1)"				"unprognostic (2.38e-2)"	
GCK	"HK4, MODY2"	ENSG00000106633	Glucokinase	P35557	7	44143213-44198170	"Disease related genes, Enzymes, Human disease related genes, Metabolic proteins, Potential drug targets, Predicted intracellular proteins"	Glycolysis	"Allosteric enzyme, Kinase, Transferase"	"Diabetes mellitus, Disease variant"	"Evidence at protein level"	"Evidence at protein level"	"Evidence at protein level"	"Evidence at protein level"	"Tissue enhanced"	"Detected in many"		"brain: 11.4;liver: 17.8;pituitary gland: 22.7"	"Cell type enhanced"	"Detected in some"		"Bipolar cells: 4.3;Cardiomyocytes: 4.9;Muller glia cells: 3.0;Oocytes: 6.6;Smooth muscle cells: 4.4"	"Low cell type specificity"	"Detected in many"			"Cancer enhanced"	"Detected in many"		"Liver Hepatocellular Carcinoma (TCGA): 9.5"	"Low region specificity"	"Detected in all"			"Immune cell enhanced"	"Detected in some"		"memory B-cell: 2.3;naive CD4 T-cell: 1.9"	"Low lineage specificity"	"Detected in many"			"Cancer enhanced"	"Detected in some"		"thyroid cancer: 2.6"	"Liver - Hepatocytes, Pancreas - Alpha cells, Pancreas - Beta cells, Prostate - Fibroblasts, Thyroid gland - Fibroblasts"	"Low region specificity"	"Detected in many"			"Low region specificity"	"Detected in all"			"HPA007034, HPA007093"	Approved		Supported	Cytosol			NA	NA				"Cluster 69: Liver - Oxidoreductase activity"	"Cluster 56: Hypothalamus - Neuropeptide signaling"	"Cluster 10: Ciliated cells - Ion channel activity"	"Cluster 50: Connective tissue cells - ECM organization"	3	Cytosol		"HPA007034: AB_1079050, HPA007093: AB_1079051"			"unprognostic (1.56e-1)"	"unprognostic (2.91e-3)"			"unprognostic (6.59e-2)"	"unprognostic (5.38e-3)"						"unprognostic (9.02e-3)"	"potential prognostic favorable (1.34e-4)"					"unprognostic (4.41e-2)"	"unprognostic (2.37e-1)"	"unprognostic (5.54e-3)"							"unprognostic (2.53e-1)"		"unprognostic (6.93e-3)"
GPT2	ALT2	ENSG00000166123	"Glutamic--pyruvic transaminase 2"	Q8TD30	16	46884362-46931289	"Disease related genes, Enzymes, Human disease related genes, Metabolic proteins, Potential drug targets, Predicted intracellular proteins"		"Aminotransferase, Transferase"	"Disease variant, Intellectual disability"	"Evidence at protein level"	"Evidence at transcript level"	"Evidence at protein level"	"Evidence at protein level"	"Tissue enhanced"	"Detected in all"		"pancreas: 258.7;skeletal muscle: 170.3;tongue: 177.3"	"Cell type enhanced"	"Detected in many"		"Hepatocytes: 103.4;Syncytiotrophoblasts: 107.9"	"Cell type enhanced"	"Detected in all"		"astrocyte: 128.8"	"Low cancer specificity"	"Detected in all"			"Low region specificity"	"Detected in all"			"Immune cell enhanced"	"Detected in some"		"memory B-cell: 1.3;naive B-cell: 1.0"	"Low lineage specificity"	"Detected in single"			"Low cancer specificity"	"Detected in all"			"Adipose subcutaneous - Adipocytes (Subcutaneous), Adipose visceral - Adipocytes (Visceral), Breast - Adipocytes (Breast), Kidney - Proximal tubular cells, Kidney - Proximal tubular cells, Minor Salivary Gland - Minor salivary glandular cells, Prostate - Prostate glandular cells, Skeletal muscle - Skeletal myocytes, Skeletal muscle - Skeletal myocytes, Stomach - Chief cells"	"Low region specificity"	"Detected in all"			"Low region specificity"	"Detected in all"			HPA051514	Approved		Approved	Mitochondria			No	No			"Cluster 32: Basophils - Transcription"	"Cluster 68: Non-specific - Protein processing"	"Cluster 39: Astrocytes - Mixed function"	"Cluster 13: Non-specific - Mixed function"	"Cluster 43: Hepatocytes - Metabolism"	5	Mitochondria		"HPA051514: AB_2681516"	"unprognostic (6.18e-2)"	"unprognostic (1.18e-2)"	"unprognostic (4.55e-2)"	"unprognostic (1.70e-1)"	"unprognostic (2.62e-1)"	"unprognostic (1.66e-1)"	"unprognostic (1.45e-1)"	"unprognostic (3.82e-2)"	"unprognostic (4.71e-2)"	"unprognostic (2.53e-1)"	"unprognostic (2.81e-2)"	"unprognostic (1.47e-1)"	"unprognostic (1.27e-1)"	"potential prognostic favorable (6.39e-4)"	"unprognostic (1.06e-3)"	"unprognostic (1.30e-1)"	"unprognostic (1.67e-1)"	"unprognostic (3.48e-1)"	"unprognostic (7.43e-3)"	"unprognostic (8.84e-3)"	"unprognostic (5.08e-1)"	"unprognostic (3.00e-2)"	"unprognostic (2.64e-1)"	"unprognostic (1.53e-1)"	"unprognostic (2.49e-2)"	"unprognostic (1.95e-1)"	"unprognostic (1.91e-1)"	"unprognostic (1.39e-1)"	"unprognostic (1.64e-1)"	"unprognostic (1.35e-3)"	"unprognostic (2.66e-2)"
GRAPL		ENSG00000189152	"GRB2 related adaptor protein like"	Q8TC17	17	19127535-19159187	"Predicted intracellular proteins"				"Evidence at protein level"	"Evidence at transcript level"	"Evidence at protein level"	"Evidence at protein level"	"Tissue enhanced"	"Detected in many"		"lymphoid tissue: 25.0"	"Cell type enhanced"	"Detected in some"		"B-cells: 3.1;Endothelial cells: 2.0;Lymphatic endothelial cells: 8.0;Microglial cells: 10.7"	"Group enriched"	"Detected in some"	7	"central nervous system macrophage: 3.0;endothelial cell: 10.4"	"Low cancer specificity"	"Detected in many"			"Low region specificity"	"Detected in all"			"Immune cell enhanced"	"Detected in some"		"memory B-cell: 9.1"	"Lineage enriched"	"Detected in many"	6	"B-cells: 9.1"	"Group enriched"	"Detected in some"	6	"Leukemia: 7.2;lymphoma: 23.5"										"HPA051796, HPA066654"	Uncertain		Approved	Centrosome			NA	NA			"Cluster 18: Non-specific - Translation"	"Cluster 70: Lymphoid tissue - Immune response"	"Cluster 47: Endothelial cells - Vasculature"	"Cluster 46: Lymphoma - Humoral immune response"	"Cluster 54: Lymphatic endothelial cells - Lymph vessel development"	3	Centrosome		"HPA051796: AB_2681613, HPA066654: AB_2685699"		"unprognostic (2.58e-1)"	"unprognostic (1.08e-1)"		"unprognostic (2.87e-2)"	"unprognostic (1.84e-1)"	"unprognostic (2.24e-2)"				"unprognostic (7.60e-3)"	"unprognostic (1.42e-2)"				"unprognostic (8.08e-2)"	"unprognostic (1.54e-1)"	"unprognostic (3.83e-3)"	"unprognostic (2.22e-1)"			"unprognostic (3.65e-1)"	"unprognostic (2.42e-3)"		"unprognostic (2.68e-1)"	"unprognostic (4.28e-2)"		"unprognostic (2.63e-1)"	"unprognostic (1.60e-1)"	"unprognostic (9.91e-2)"	
GTF2IRD2B		ENSG00000174428	"GTF2I repeat domain containing 2B"	Q6EKJ0	7	75092573-75149817	"Disease related genes, Predicted intracellular proteins"	"Transcription, Transcription regulation"	DNA-binding	"Williams-Beuren syndrome"	"Evidence at protein level"	"Evidence at protein level"	"Evidence at protein level"	"Evidence at protein level"	"Low tissue specificity"	"Detected in all"			"Cell type enhanced"	"Detected in many"		"Gastric mucus-secreting cells: 34.2"	"Low cell type specificity"	"Detected in all"			"Low cancer specificity"	"Detected in all"			"Low region specificity"	"Detected in all"			"Immune cell enhanced"	"Detected in many"		"memory B-cell: 15.1"	"Low lineage specificity"	"Detected in all"			"Low cancer specificity"	"Detected in all"												"HPA056679, HPA056680"			Supported	Nucleoplasm			NA	NA			"Cluster 45: Eosinophils - Unknown function"	"Cluster 19: Non-specific - Basic cellular processes"	"Cluster 11: White matter - Signal transduction"	"Cluster 39: Non-specific - Transcription"	"Cluster 49: Non-specific - Transcription"	1	Nucleoplasm		"HPA056679: AB_2683205, HPA056680: AB_2683206"	"unprognostic (2.36e-2)"	"unprognostic (2.55e-1)"	"unprognostic (2.52e-1)"	"unprognostic (3.34e-3)"	"unprognostic (3.45e-1)"	"unprognostic (3.99e-2)"	"unprognostic (2.03e-1)"	"unprognostic (3.13e-1)"	"unprognostic (1.62e-1)"	"unprognostic (7.55e-3)"	"potential prognostic favorable (4.56e-4)"	"unprognostic (1.59e-3)"	"unprognostic (1.08e-1)"	"unprognostic (1.54e-1)"	"unprognostic (4.06e-3)"	"unprognostic (2.93e-1)"	"unprognostic (1.14e-1)"	"unprognostic (3.11e-1)"	"unprognostic (1.35e-1)"	"unprognostic (4.58e-2)"	"unprognostic (8.23e-2)"	"unprognostic (1.24e-1)"	"unprognostic (1.34e-1)"	"unprognostic (2.58e-1)"	"unprognostic (2.21e-1)"	"unprognostic (1.60e-1)"	"unprognostic (2.02e-1)"	"unprognostic (3.32e-2)"	"unprognostic (6.67e-2)"	"unprognostic (1.63e-2)"	"unprognostic (1.45e-1)"
HIP1R	"FLJ14000, HIP12, HIP3, ILWEQ, KIAA0655"	ENSG00000130787	"Huntingtin interacting protein 1 related"	O75146	12	122834453-122862961	"Cancer-related genes, Predicted intracellular proteins"	Endocytosis	Actin-binding	"Cancer-related genes"	"Evidence at protein level"	"Evidence at protein level"	"Evidence at protein level"	"Evidence at protein level"	"Low tissue specificity"	"Detected in all"			"Cell type enhanced"	"Detected in many"		"Astrocytes: 127.6;Oligodendrocyte precursor cells: 158.5;Oligodendrocytes: 109.6"	"Cell type enhanced"	"Detected in all"		"oligodendrocyte precursor cell: 303.5"	"Low cancer specificity"	"Detected in all"			"Low region specificity"	"Detected in all"			"Immune cell enhanced"	"Detected in many"		"memory B-cell: 9.3;naive B-cell: 10.6"	"Group enriched"	"Detected in many"	8	"B-cells: 10.6;granulocytes: 2.9;T-cells: 3.0"	"Low cancer specificity"	"Detected in all"			"Adipose visceral - Endothelial cells, Prostate - Prostate basal glandular cells, Spleen - B-cells (Spleen)"	"Low region specificity"	"Detected in all"			"Low region specificity"	"Detected in all"			"CAB017187, HPA038135, HPA038136"	Enhanced		Supported	"Vesicles,Plasma membrane,Cytosol"			NA	NA			"Cluster 34: B-cells - Unknown function"	"Cluster 9: Oligodendrocytes - Myelination"	"Cluster 19: Astrocytes - Mixed function"	"Cluster 46: Lymphoma - Humoral immune response"	"Cluster 75: Serous glandular cells - Salivary secretion"	32	"Plasma membrane, Cytosol"	Vesicles	"CAB017187: , HPA038135: AB_2675851, HPA038136: AB_2675852"	"unprognostic (3.64e-2)"	"unprognostic (9.90e-2)"	"unprognostic (6.35e-2)"	"unprognostic (2.80e-2)"	"unprognostic (1.53e-1)"	"unprognostic (1.58e-3)"	"unprognostic (1.10e-1)"	"unprognostic (4.80e-2)"	"unprognostic (1.08e-2)"	"unprognostic (1.07e-1)"	"validated prognostic favorable (8.67e-6)"	"validated prognostic favorable (9.52e-4)"	"unprognostic (2.59e-3)"	"unprognostic (1.82e-2)"	"unprognostic (1.10e-1)"	"unprognostic (1.10e-1)"	"unprognostic (1.85e-1)"	"unprognostic (5.20e-1)"	"unprognostic (8.42e-2)"	"unprognostic (4.88e-1)"	"unprognostic (1.41e-1)"	"unprognostic (7.65e-3)"	"unprognostic (1.99e-1)"	"unprognostic (1.08e-1)"	"unprognostic (3.63e-1)"	"unprognostic (1.04e-1)"	"unprognostic (1.32e-2)"	"unprognostic (8.38e-2)"	"unprognostic (4.64e-1)"	"unprognostic (3.00e-2)"	"unprognostic (2.46e-1)"
HLA-DQB2	HLA-DXB	ENSG00000232629	"Major histocompatibility complex, class II, DQ beta 2"	P05538	6	32756098-32763532	"Predicted intracellular proteins, Predicted membrane proteins"	"Adaptive immunity, Immunity"			"Evidence at protein level"	"Evidence at protein level"	"Evidence at protein level"	"Evidence at protein level"	"Tissue enhanced"	"Detected in many"		"skin 1: 50.8"	"Group enriched"	"Detected in some"	9	"Langerhans cells: 186.7;Macrophages: 50.5"	"Group enriched"	"Detected in some"	7	"central nervous system macrophage: 4.1;leukocyte: 1.3"	"Low cancer specificity"	"Detected in many"			"Not detected"	"Not detected"			"Immune cell enhanced"	"Detected in some"		"memory B-cell: 1.3"	"Low lineage specificity"	"Detected in many"			"Not detected"	"Not detected"								"Not detected"	"Not detected"			HPA073187	Enhanced						NA	NA			"Cluster 2: Dendritic cells - Unknown function"	"Cluster 13: Skin - Cornification"		"Cluster 21: Lymphoma - Adaptive immune response"	"Cluster 28: Dendritic cells - Antigen presentation"				"HPA073187: "	"unprognostic (4.18e-3)"			"unprognostic (1.18e-1)"				"unprognostic (5.60e-2)"	"unprognostic (1.39e-1)"			"unprognostic (5.69e-2)"				"unprognostic (6.79e-2)"	"unprognostic (5.12e-2)"				"unprognostic (1.16e-1)"		"unprognostic (3.84e-1)"				"unprognostic (1.85e-1)"		"unprognostic (3.36e-1)"	"unprognostic (1.08e-1)"	
ID3	"bHLHb25, HEIR-1"	ENSG00000117318	"Inhibitor of DNA binding 3"	Q02535	1	23557926-23559501	"Cancer-related genes, Predicted intracellular proteins, Transcription factors"	"Biological rhythms, Myogenesis, Transcription, Transcription regulation"	Repressor	"Cancer-related genes"	"Evidence at protein level"	"Evidence at protein level"	"Evidence at protein level"	"Evidence at protein level"	"Low tissue specificity"	"Detected in all"			"Cell type enhanced"	"Detected in many"		"Adipocytes: 1604.5;Basal respiratory cells: 1081.4;Extravillous trophoblasts: 1104.7"	"Cell type enhanced"	"Detected in many"		"astrocyte: 227.3;endothelial cell: 562.7;vascular associated smooth muscle cell: 393.4"	"Cancer enhanced"	"Detected in all"		"Glioblastoma Multiforme (TCGA): 285.1"	"Low region specificity"	"Detected in all"			"Immune cell enhanced"	"Detected in many"		"memory B-cell: 320.1;naive B-cell: 307.8"	"Group enriched"	"Detected in many"	39	"B-cells: 320.1;T-cells: 177.5"	"Low cancer specificity"	"Detected in all"			"Minor Salivary Gland - Endothelial cells, Testis - Endothelial cells"	"Low region specificity"	"Detected in all"			"Low region specificity"	"Detected in all"			"CAB021353, HPA024677"	Approved		Supported	Nucleoplasm			NA	NA			"Cluster 43: Non-specific - Transcription & Translation"	"Cluster 7: Adipose tissue - Mixed function"	"Cluster 39: Astrocytes - Mixed function"	"Cluster 5: Rhabdoid - Unknown function"	"Cluster 41: Adipocytes & Endothelial cells - Mixed function"	24	Nucleoplasm		"CAB021353: , HPA024677: AB_2671647"	"unprognostic (1.88e-1)"	"unprognostic (7.47e-2)"	"unprognostic (2.62e-1)"	"unprognostic (8.84e-2)"	"unprognostic (7.74e-2)"	"unprognostic (1.46e-1)"	"unprognostic (6.16e-2)"	"potential prognostic favorable (4.19e-4)"	"unprognostic (1.64e-1)"	"unprognostic (6.04e-2)"	"unprognostic (3.92e-2)"	"unprognostic (2.95e-3)"	"unprognostic (1.76e-1)"	"unprognostic (6.79e-2)"	"unprognostic (1.27e-1)"	"unprognostic (4.40e-2)"	"unprognostic (2.83e-1)"	"unprognostic (1.22e-1)"	"unprognostic (9.49e-2)"	"unprognostic (1.33e-2)"	"unprognostic (2.90e-2)"	"unprognostic (3.65e-1)"	"unprognostic (1.21e-1)"	"unprognostic (3.66e-1)"	"unprognostic (1.29e-1)"	"unprognostic (8.16e-2)"	"unprognostic (1.91e-1)"	"unprognostic (4.68e-1)"	"unprognostic (1.94e-1)"	"unprognostic (4.68e-3)"	"potential prognostic favorable (4.32e-4)"
IFT57	"ESRRBL1, FLJ10147, HIPPI, MHS4R2"	ENSG00000114446	"Intraflagellar transport 57"	Q9NWB7	3	108160812-108222435	"Disease related genes, Human disease related genes, Predicted intracellular proteins"	"Apoptosis, Transcription, Transcription regulation"	DNA-binding	Ciliopathy	"Evidence at protein level"	"Evidence at protein level"	"Evidence at protein level"	"Evidence at protein level"	"Low tissue specificity"	"Detected in all"			"Group enriched"	"Detected in all"	5	"Early spermatids: 1560.8;Late spermatids: 2899.1"	"Cell type enhanced"	"Detected in all"		"ependymal cell: 155.4"	"Low cancer specificity"	"Detected in all"			"Low region specificity"	"Detected in all"			"Immune cell enhanced"	"Detected in many"		"memory B-cell: 42.0"	"Low lineage specificity"	"Detected in all"			"Low cancer specificity"	"Detected in all"			"Testis - Early spermatids, Testis - Late spermatids, Thyroid gland - Thyroid glandular cells"	"Low region specificity"	"Detected in all"			"Low region specificity"	"Detected in all"			"HPA035514, HPA035515"	Supported		Approved	"Golgi apparatus,Primary cilium,Primary cilium transition zone,Centriolar satellite,Basal body,Cytosol,Mid piece"			NA	NA			"Cluster 12: Non-specific - Mitochondrial translation"	"Cluster 74: Spermatids - Flagellum assembly"	"Cluster 23: Choroid plexus - Mixed function"	"Cluster 46: Lymphoma - Humoral immune response"	"Cluster 11: Late spermatids - Unknown function"	68	"Golgi apparatus, Primary cilium, Basal body, Mid piece"	"Primary cilium transition zone, Centriolar satellite, Cytosol"	"HPA035514: AB_10601757, HPA035515: AB_10696505"	"unprognostic (1.45e-1)"	"unprognostic (4.99e-2)"	"unprognostic (9.08e-2)"	"unprognostic (4.94e-2)"	"unprognostic (6.45e-2)"	"unprognostic (2.96e-3)"	"unprognostic (3.02e-2)"	"unprognostic (2.07e-2)"	"unprognostic (2.96e-2)"	"unprognostic (5.29e-2)"	"potential prognostic favorable (1.88e-4)"	"unprognostic (6.14e-2)"	"unprognostic (5.89e-2)"	"unprognostic (2.21e-2)"	"unprognostic (1.91e-2)"	"unprognostic (3.98e-2)"	"unprognostic (1.56e-1)"	"unprognostic (1.50e-2)"	"unprognostic (1.05e-1)"	"unprognostic (2.14e-2)"	"unprognostic (1.47e-2)"	"unprognostic (6.75e-2)"	"unprognostic (2.60e-1)"	"unprognostic (4.99e-1)"	"unprognostic (4.28e-2)"	"unprognostic (3.02e-1)"	"unprognostic (3.63e-2)"	"unprognostic (1.38e-1)"	"unprognostic (1.50e-1)"	"unprognostic (7.87e-2)"	"unprognostic (2.03e-2)"
IGHV3OR16-10	IGHV3/OR16-10	ENSG00000233732	"Immunoglobulin heavy variable 3/OR16-10 (non-functional)"		16	32995048-32995505	"Immunoglobulin genes, Predicted intracellular proteins"				"Evidence at transcript level"	"Evidence at transcript level"			"Tissue enhanced"	"Detected in some"		"intestine: 7.7;lymphoid tissue: 10.0;salivary gland: 8.7;stomach 1: 8.5"	"Not detected"	"Not detected"			"Not detected"	"Not detected"			"Low cancer specificity"	"Detected in some"			"Low region specificity"	"Detected in some"			"Immune cell enhanced"	"Detected in single"		"memory B-cell: 1.7"	"Lineage enriched"	"Detected in single"	18	"B-cells: 1.7"	"Cancer enriched"	"Detected in single"	19	"lymphoma: 1.9"	"Breast - Plasma cells, Lung - Plasma cells, Minor Salivary Gland - Plasma cells, Spleen - Plasma cells, Stomach - Plasma cells, Thyroid gland - Plasma cells"																NA	NA			"Cluster 23: B-cells - Immunoglobulins"		"Cluster 52: Neurons & Synapses - Synaptic function"	"Cluster 51: Myeloma - Immunoglobulins"	"Cluster 61: Plasma cells - Immunoglobulins & histones"									"unprognostic (3.46e-1)"	"unprognostic (5.09e-1)"										"unprognostic (3.38e-1)"	"unprognostic (3.50e-2)"	"unprognostic (1.86e-1)"	"unprognostic (1.96e-1)"			"unprognostic (1.25e-1)"				"unprognostic (3.37e-1)"		"unprognostic (2.34e-2)"			
IGKV1D-33		ENSG00000239975	"Immunoglobulin kappa variable 1D-33"	P01593	2	89913982-89914545	"Immunoglobulin genes, Predicted secreted proteins"	"Adaptive immunity, Immunity"			"Evidence at protein level"	"Evidence at transcript level"	"Evidence at protein level"	"Evidence at protein level"	"Tissue enhanced"	"Detected in some"		"gallbladder: 1.9;lymphoid tissue: 2.1;stomach 1: 2.2;urinary bladder: 1.8"	"Cell type enriched"	"Detected in some"	501	"Plasma cells: 2537.1"	"Not detected"	"Not detected"			"Cancer enhanced"	"Detected in many"		"Ovary Serous Cystadenocarcinoma (TCGA): 10.3;Stomach Adenocarcinoma (TCGA): 10.3"	"Not detected"	"Not detected"			"Immune cell enhanced"	"Detected in single"		"memory B-cell: 2.7"	"Lineage enriched"	"Detected in single"	27	"B-cells: 2.7"	"Cancer enhanced"	"Detected in single"		"lymphoma: 2.4"	"Adipose subcutaneous - Plasma cells, Adipose visceral - Plasma cells, Breast - Plasma cells, Colon - Plasma cells, Liver - Plasma cells, Lung - Plasma cells, Minor Salivary Gland - Plasma cells, Pancreas - Plasma cells, Prostate - Plasma cells, Spleen - Plasma cells, Stomach - Plasma cells, Thyroid gland - Plasma cells"									HPA048721	Approved				"Immunoglobulin genes"	Immunity	NA	NA		7300000000	"Cluster 23: B-cells - Immunoglobulins"			"Cluster 55: Lymphoma - Immune response"	"Cluster 23: Plasma cells - Humoral immune response"				"HPA048721: "		"unprognostic (1.03e-2)"		"unprognostic (1.73e-1)"		"unprognostic (4.74e-3)"			"potential prognostic favorable (9.63e-5)"			"unprognostic (2.92e-1)"				"unprognostic (1.91e-2)"	"unprognostic (1.52e-2)"	"unprognostic (3.06e-1)"	"unprognostic (5.88e-2)"	"unprognostic (1.75e-2)"						"unprognostic (1.03e-1)"		"unprognostic (4.56e-2)"	"unprognostic (1.22e-1)"		
IL7	IL-7	ENSG00000104432	"Interleukin 7"	P13232	8	78675743-78805523	"Cancer-related genes, Disease related genes, Human disease related genes, Plasma proteins, Predicted secreted proteins"		"Cytokine, Growth factor"	"Cancer-related genes, Disease variant"	"Evidence at protein level"	"Evidence at transcript level"	"Evidence at protein level"	"Evidence at protein level"	"Low tissue specificity"	"Detected in many"			"Group enriched"	"Detected in many"	5	"Early spermatids: 118.9;Late spermatids: 146.6;Lymphatic endothelial cells: 37.9"	"Low cell type specificity"	"Detected in all"			"Low cancer specificity"	"Detected in many"			"Low region specificity"	"Detected in all"			"Immune cell enhanced"	"Detected in many"		"memory B-cell: 9.8;naive B-cell: 8.8"	"Low lineage specificity"	"Detected in many"			"Low cancer specificity"	"Detected in many"			"Adipose subcutaneous - Adipose progenitor cells, Testis - Early spermatids, Testis - Late spermatids"	"Not detected"	"Not detected"			"Low region specificity"	"Detected in some"			HPA019590	Approved				"Secreted to blood"	Interleukin	NA	NA	60700		"Cluster 32: Basophils - Transcription"	"Cluster 25: Small intestine - Absorption"	"Cluster 44: Non-specific - Mixed function"	"Cluster 55: Lymphoma - Immune response"	"Cluster 36: Late spermatids - Unknown function"	1			"HPA019590: AB_10794621"	"unprognostic (8.03e-3)"	"unprognostic (3.63e-3)"	"unprognostic (1.88e-2)"	"unprognostic (9.68e-3)"	"unprognostic (4.63e-2)"	"unprognostic (6.34e-2)"	"potential prognostic unfavorable (3.50e-4)"	"unprognostic (4.73e-3)"	"unprognostic (4.21e-1)"		"unprognostic (4.00e-3)"	"unprognostic (2.14e-1)"	"unprognostic (1.51e-2)"	"unprognostic (2.21e-1)"	"unprognostic (3.22e-1)"	"unprognostic (3.44e-2)"	"unprognostic (6.29e-2)"	"unprognostic (1.88e-1)"	"unprognostic (5.14e-2)"			"unprognostic (4.55e-3)"	"unprognostic (1.48e-1)"	"unprognostic (3.80e-1)"	"unprognostic (3.46e-2)"	"unprognostic (7.31e-2)"		"unprognostic (3.66e-2)"			"unprognostic (2.35e-1)"
ILDR1	"DFNB42, MGC50831"	ENSG00000145103	"Immunoglobulin like domain containing receptor 1"	Q86SU0	3	121987323-122022247	"Disease related genes, Human disease related genes, Predicted intracellular proteins, Predicted membrane proteins"		Receptor	"Deafness, Disease variant, Non-syndromic deafness"	"Evidence at protein level"	"Evidence at transcript level"	"Evidence at protein level"	"Evidence at protein level"	"Tissue enhanced"	"Detected in many"		"parathyroid gland: 15.2"	"Cell type enhanced"	"Detected in many"		"Club cells: 13.5;Collecting duct cells: 11.7;Cytotrophoblasts: 15.6;Distal enterocytes: 18.2;Glandular and luminal cells: 14.4"	"Cell type enriched"	"Detected in single"	4	"central nervous system macrophage: 2.6"	"Low cancer specificity"	"Detected in many"			"Low region specificity"	"Detected in many"			"Immune cell enhanced"	"Detected in some"		"memory B-cell: 1.7"	"Lineage enriched"	"Detected in single"	4	"B-cells: 1.7"	"Cancer enhanced"	"Detected in many"		"Gallbladder cancer: 12.4"	"Colon - Colon enterocytes, Lung - Alveolar cells type 2, Testis - Sertoli cells, Thyroid gland - Thyroid glandular cells"	"Not detected"	"Not detected"			"Not detected"	"Not detected"			HPA018207	Approved				"Intracellular and membrane"	Receptor	NA	NA			"Cluster 23: B-cells - Immunoglobulins"	"Cluster 24: Parathyroid gland - Vesicular transport"	"Cluster 48: Non-specific - Mixed function"	"Cluster 55: Lymphoma - Immune response"	"Cluster 37: Glandular & Luminal cells - Unknown function"				"HPA018207: AB_1851742"	"unprognostic (2.20e-2)"	"unprognostic (4.23e-2)"	"unprognostic (2.24e-1)"	"unprognostic (6.39e-2)"	"unprognostic (3.75e-1)"	"unprognostic (9.06e-2)"			"unprognostic (1.85e-1)"	"unprognostic (9.73e-2)"	"potential prognostic favorable (2.45e-6)"	"unprognostic (3.43e-2)"	"potential prognostic favorable (1.66e-4)"	"unprognostic (1.25e-2)"	"unprognostic (5.15e-2)"	"unprognostic (7.42e-2)"	"unprognostic (2.24e-1)"	"unprognostic (3.79e-1)"	"unprognostic (1.56e-1)"	"unprognostic (2.64e-1)"	"unprognostic (1.14e-1)"	"unprognostic (5.72e-2)"	"unprognostic (3.75e-2)"	"unprognostic (1.47e-1)"	"unprognostic (2.09e-2)"	"unprognostic (9.55e-3)"		"unprognostic (6.26e-3)"		"unprognostic (2.01e-2)"	"unprognostic (2.16e-2)"
JADE3	"JADE-3, KIAA0215, PHF16"	ENSG00000102221	"Jade family PHD finger 3"	Q92613	X	46912276-47061242	"Predicted intracellular proteins"				"Evidence at protein level"	"Evidence at protein level"	"Evidence at protein level"	"Evidence at protein level"	"Low tissue specificity"	"Detected in all"			"Cell type enhanced"	"Detected in many"		"Oligodendrocyte precursor cells: 34.9;Oligodendrocytes: 34.3;Spermatocytes: 48.6;Spermatogonia: 23.5"	"Low cell type specificity"	"Detected in all"			"Low cancer specificity"	"Detected in all"			"Low region specificity"	"Detected in all"			"Immune cell enhanced"	"Detected in some"		"memory B-cell: 1.8;naive B-cell: 1.3"	"Low lineage specificity"	"Detected in single"			"Low cancer specificity"	"Detected in all"			"Adrenal gland - Adrenal cortex cells, Liver - Hepatocytes, Spleen - B-cells (Spleen), Testis - Spermatocytes, Testis - Spermatogonia"	"Low region specificity"	"Detected in many"			"Low region specificity"	"Detected in all"			"HPA006007, HPA064697"	Uncertain		Approved	Nucleoplasm,Nucleoli			NA	NA			"Cluster 14: Non-specific - Unknown function"	"Cluster 63: Testis - Spermatid development"	"Cluster 30: White matter - Myelination"	"Cluster 36: Non-specific - mRNA processing"	"Cluster 79: Spermatocytes & Spermatogonia - Spermatogenesis"	16	"Nucleoplasm, Nucleoli"		"HPA006007: AB_1079605, HPA064697: AB_2685326"	"unprognostic (1.46e-1)"	"unprognostic (9.68e-2)"		"unprognostic (1.88e-1)"	"unprognostic (3.72e-2)"	"unprognostic (3.22e-1)"	"unprognostic (9.93e-3)"	"potential prognostic favorable (2.00e-4)"	"unprognostic (1.22e-1)"	"unprognostic (1.11e-1)"	"validated prognostic favorable (2.99e-5)"	"validated prognostic favorable (7.58e-4)"	"potential prognostic unfavorable (1.21e-4)"	"unprognostic (9.44e-3)"		"unprognostic (3.23e-1)"	"unprognostic (1.35e-1)"	"unprognostic (1.42e-1)"	"unprognostic (3.02e-1)"	"unprognostic (9.06e-2)"	"unprognostic (1.07e-1)"	"unprognostic (6.34e-3)"	"unprognostic (1.38e-1)"	"unprognostic (1.50e-1)"	"unprognostic (2.44e-2)"	"unprognostic (9.11e-2)"	"unprognostic (1.42e-1)"	"unprognostic (1.79e-2)"	"unprognostic (1.62e-1)"	"unprognostic (6.26e-2)"	"unprognostic (1.23e-1)"
JAM3	"JAM-3, JAM-C, JAMC"	ENSG00000166086	"Junctional adhesion molecule 3"	Q9BX67	11	134069071-134152001	"Disease related genes, Human disease related genes, Predicted intracellular proteins, Predicted membrane proteins, Predicted secreted proteins"	"Angiogenesis, Cell adhesion, Differentiation, Spermatogenesis"		"Disease variant"	"Evidence at protein level"	"Evidence at protein level"	"Evidence at protein level"	"Evidence at protein level"	"Low tissue specificity"	"Detected in all"			"Cell type enhanced"	"Detected in many"		"Excitatory neurons: 81.5;Extravillous trophoblasts: 77.5;Oligodendrocyte precursor cells: 71.7;Oligodendrocytes: 319.1;Rod photoreceptor cells: 68.8"	"Cell type enhanced"	"Detected in all"		"oligodendrocyte: 490.3"	"Cancer enhanced"	"Detected in all"		"Glioblastoma Multiforme (TCGA): 52.7"	"Low region specificity"	"Detected in all"			"Immune cell enhanced"	"Detected in many"		"memory B-cell: 5.3"	"Group enriched"	"Detected in many"	7	"B-cells: 5.3;T-cells: 2.4"	"Low cancer specificity"	"Detected in many"			"Thyroid gland - Fibroblasts"	"Low region specificity"	"Detected in all"			"Low region specificity"	"Detected in all"			"HPA003417, HPA050434"	Approved		Uncertain	"Golgi apparatus"	"Secreted to blood"	"Cell adhesion"	NA	NA		22000	"Cluster 24: Non-specific - Transcription"	"Cluster 34: Non-specific - Mixed function"	"Cluster 11: White matter - Signal transduction"	"Cluster 33: Sarcoma - Muscle contraction"	"Cluster 51: Oligodendrocytes - Unknown function"	6	"Golgi apparatus"		"HPA003417: AB_1851981, HPA050434: AB_2681126"	"unprognostic (1.72e-1)"	"unprognostic (2.06e-1)"	"unprognostic (1.54e-1)"	"unprognostic (1.84e-2)"	"unprognostic (2.37e-2)"	"unprognostic (1.57e-1)"	"unprognostic (2.69e-1)"	"unprognostic (2.78e-1)"	"unprognostic (1.79e-1)"	"unprognostic (4.21e-2)"	"potential prognostic favorable (5.90e-6)"	"unprognostic (3.16e-3)"	"unprognostic (1.39e-2)"	"unprognostic (3.95e-2)"	"unprognostic (4.41e-2)"	"unprognostic (6.23e-3)"	"unprognostic (1.02e-1)"	"unprognostic (6.99e-3)"	"unprognostic (6.89e-2)"	"unprognostic (1.43e-2)"	"potential prognostic unfavorable (6.95e-4)"	"unprognostic (4.30e-2)"	"unprognostic (2.83e-2)"	"unprognostic (3.82e-2)"	"unprognostic (9.86e-2)"	"unprognostic (2.83e-2)"	"unprognostic (2.37e-1)"	"unprognostic (5.13e-3)"	"unprognostic (1.96e-1)"	"unprognostic (1.00e-3)"	"unprognostic (9.22e-2)"
KCNN3	"hSK3, KCa2.3, SKCA3"	ENSG00000143603	"Potassium calcium-activated channel subfamily N member 3"	Q9UGI6	1	154697455-154870281	"Disease related genes, FDA approved drug targets, Human disease related genes, Predicted membrane proteins, Transporters, Voltage-gated ion channels"	"Ion transport, Transport"	"Calmodulin-binding, Ion channel"	"Disease variant, FDA approved drug targets"	"Evidence at protein level"	"Evidence at protein level"	"Evidence at protein level"	"Evidence at protein level"	"Tissue enhanced"	"Detected in many"		"brain: 14.3"	"Cell type enhanced"	"Detected in many"		"Astrocytes: 160.1;Ciliated cells: 28.9;Lymphatic endothelial cells: 51.8;Plasma cells: 40.5;Skeletal myocytes: 84.9"	"Cell type enhanced"	"Detected in all"		"astrocyte: 617.3;ependymal cell: 350.8"	"Cancer enhanced"	"Detected in many"		"Glioblastoma Multiforme (TCGA): 10.1"	"Low region specificity"	"Detected in all"			"Immune cell enhanced"	"Detected in some"		"basophil: 4.7;memory B-cell: 2.6"	"Group enriched"	"Detected in many"	12	"B-cells: 2.6;granulocytes: 4.7;monocytes: 1.4"	"Group enriched"	"Detected in some"	5	"lymphoma: 18.8;Myeloma: 37.2"	"Adipose subcutaneous - Smooth muscle cells, Colon - Enteric glia cells, Heart muscle - Fibroblasts"	"Low region specificity"	"Detected in many"			"Low region specificity"	"Detected in all"			"HPA017990, HPA057127"	Enhanced		Approved	"Plasma membrane,Cytosol"			NA	NA			"Cluster 23: B-cells - Immunoglobulins"	"Cluster 33: Brain - Neuronal signaling"	"Cluster 19: Astrocytes - Mixed function"	"Cluster 51: Myeloma - Immunoglobulins"	"Cluster 54: Lymphatic endothelial cells - Lymph vessel development"		"Plasma membrane, Cytosol"		"HPA017990: AB_2669730, HPA057127: AB_2683345"	"unprognostic (1.57e-1)"	"unprognostic (9.17e-2)"	"unprognostic (1.04e-1)"	"unprognostic (2.40e-1)"		"unprognostic (2.06e-1)"	"unprognostic (1.29e-1)"	"potential prognostic favorable (4.11e-4)"	"unprognostic (3.52e-2)"	"unprognostic (2.34e-1)"	"validated prognostic favorable (1.10e-8)"	"validated prognostic favorable (7.85e-6)"				"unprognostic (9.14e-2)"	"unprognostic (9.51e-2)"	"unprognostic (3.92e-2)"	"unprognostic (5.45e-2)"	"unprognostic (4.40e-3)"		"unprognostic (2.64e-3)"	"unprognostic (1.49e-2)"			"unprognostic (3.86e-2)"		"unprognostic (6.89e-2)"	"unprognostic (4.23e-2)"	"unprognostic (1.37e-1)"	"unprognostic (2.47e-2)"
KREMEN2	"KRM2, MGC10791"	ENSG00000131650	"Kringle containing transmembrane protein 2"	Q8NCW0	16	2964216-2968383	"Predicted intracellular proteins, Predicted membrane proteins"	"Wnt signaling pathway"			"Evidence at protein level"	"Evidence at transcript level"	"Evidence at transcript level"	"Evidence at protein level"	"Tissue enhanced"	"Detected in some"		"retina: 3.9;skin 1: 7.4"	"Cell type enhanced"	"Detected in some"		"Basal keratinocytes: 8.7;Basal squamous epithelial cells: 10.6;Cone photoreceptor cells: 10.2;Intestinal goblet cells: 15.9;Rod photoreceptor cells: 12.1;Spermatocytes: 14.8;Spermatogonia: 11.4"	"Cell type enriched"	"Detected in some"	9	"hippocampal CA4: 13.4"	"Low cancer specificity"	"Detected in many"			"Low region specificity"	"Detected in many"			"Immune cell enhanced"	"Detected in some"		"memory B-cell: 1.2;naive B-cell: 1.3"	"Lineage enhanced"	"Detected in single"		"B-cells: 1.3"	"Cancer enhanced"	"Detected in many"		"Rhabdoid: 38.8"	"Skin - Keratinocyte (other)"	"Low region specificity"	"Detected in single"			"Not detected"	"Not detected"			HPA003223	Uncertain				"Intracellular and membrane"	Other	NA	NA				"Cluster 13: Skin - Cornification"	"Cluster 51: Neurons - Mixed function"	"Cluster 5: Rhabdoid - Unknown function"	"Cluster 16: Intestinal goblet cells - Mucin production"				"HPA003223: AB_1079217"	"unprognostic (1.15e-1)"	"unprognostic (7.07e-2)"	"unprognostic (3.12e-1)"	"unprognostic (2.73e-1)"	"unprognostic (6.80e-3)"	"unprognostic (3.07e-1)"	"unprognostic (7.65e-2)"		"unprognostic (1.38e-1)"							"potential prognostic unfavorable (1.29e-4)"		"unprognostic (3.79e-2)"	"unprognostic (1.60e-1)"	"unprognostic (1.54e-1)"	"unprognostic (5.65e-2)"	"unprognostic (1.44e-1)"		"unprognostic (7.79e-2)"	"unprognostic (1.94e-1)"	"unprognostic (1.31e-1)"	"unprognostic (3.55e-2)"	"unprognostic (6.98e-2)"	"unprognostic (3.43e-1)"		"unprognostic (3.31e-2)"
LARGE2	"FLJ35207, GYLTL1B, PP5656"	ENSG00000165905	"LARGE xylosyl- and glucuronyltransferase 2"	Q8N3Y3	11	45921621-45929096	"Predicted intracellular proteins"		"Glycosyltransferase, Multifunctional enzyme, Transferase"		"Evidence at protein level"	"Evidence at protein level"	"Evidence at protein level"	"Evidence at protein level"	"Tissue enhanced"	"Detected in many"		"placenta: 35.3"	"Cell type enhanced"	"Detected in many"		"Basal squamous epithelial cells: 42.8;Cytotrophoblasts: 180.0;Syncytiotrophoblasts: 98.5"	"Cell type enriched"	"Detected in some"	7	"choroid plexus epithelial cell: 28.6"	"Low cancer specificity"	"Detected in many"			"Region enriched"	"Detected in some"	13	"choroid plexus: 26.5"	"Immune cell enhanced"	"Detected in some"		"memory B-cell: 1.4;naive B-cell: 2.1"	"Lineage enriched"	"Detected in single"	4	"B-cells: 2.1"	"Low cancer specificity"	"Detected in many"			"Lung - Alveolar cells type 2"	"Low region specificity"	"Detected in many"			"Not detected"	"Not detected"			HPA056621	Approved				"Intracellular and membrane"	Enzyme	NA	NA			"Cluster 34: B-cells - Unknown function"	"Cluster 38: Salivary gland - Salivary secretion"	"Cluster 36: Choroid plexus - Mixed function"	"Cluster 32: Non-specific - Cell proliferation"	"Cluster 24: Cytotrophoblasts - Mitochondria"	9			"HPA056621: AB_2683194"	"unprognostic (8.37e-2)"	"unprognostic (7.38e-2)"		"unprognostic (4.64e-2)"	"unprognostic (2.38e-1)"	"potential prognostic favorable (2.94e-4)"			"unprognostic (6.08e-3)"	"unprognostic (6.35e-2)"	"potential prognostic favorable (3.21e-7)"	"unprognostic (1.22e-2)"	"potential prognostic favorable (4.70e-7)"	"unprognostic (8.59e-2)"		"unprognostic (5.79e-2)"	"unprognostic (3.68e-2)"	"unprognostic (9.72e-3)"	"unprognostic (3.50e-1)"	"unprognostic (1.45e-1)"	"unprognostic (1.17e-1)"	"unprognostic (1.31e-1)"	"unprognostic (5.71e-2)"	"unprognostic (3.05e-1)"	"unprognostic (2.00e-1)"	"unprognostic (6.00e-3)"	"unprognostic (1.68e-1)"	"unprognostic (2.09e-2)"	"unprognostic (1.47e-1)"	"unprognostic (2.21e-1)"	"unprognostic (3.95e-2)"
MARCHF3	"MARCH-III, MARCH3, MGC48332, RNF173"	ENSG00000173926	"Membrane associated ring-CH-type finger 3"	Q86UD3	5	126867714-127030558	"Enzymes, Metabolic proteins, Predicted intracellular proteins, Predicted membrane proteins, Transporters"	"Endocytosis, Ubl conjugation pathway"	Transferase		"Evidence at protein level"	"Evidence at protein level"	"Evidence at protein level"	"Evidence at protein level"	"Low tissue specificity"	"Detected in many"			"Cell type enhanced"	"Detected in many"		"Astrocytes: 84.2;Microglial cells: 109.1;Spermatocytes: 70.9;Syncytiotrophoblasts: 87.4"	"Cell type enhanced"	"Detected in all"		"astrocyte: 430.3;central nervous system macrophage: 575.6"	"Low cancer specificity"	"Detected in many"			"Low region specificity"	"Detected in all"			"Immune cell enhanced"	"Detected in many"		"memory B-cell: 10.6;naive B-cell: 12.1"	"Lineage enriched"	"Detected in many"	4	"B-cells: 12.1"	"Low cancer specificity"	"Detected in all"			"Kidney - Endothelial cells, Minor Salivary Gland - Minor salivary glandular cells, Skin - Keratinocyte (granular), Testis - Early spermatids"	"Low region specificity"	"Detected in all"			"Low region specificity"	"Detected in all"			HPA043406	Uncertain		Supported	Vesicles			NA	NA			"Cluster 34: B-cells - Unknown function"	"Cluster 3: Non-specific - Unknown function"	"Cluster 44: Non-specific - Mixed function"	"Cluster 48: Adipocytes & Endothelial cells - Angiogenesis"	"Cluster 47: Astrocytes - Unknown function"	3	Vesicles		"HPA043406: AB_10793947"	"unprognostic (2.25e-2)"	"unprognostic (2.12e-2)"		"unprognostic (1.51e-1)"	"unprognostic (2.21e-1)"	"unprognostic (1.69e-2)"	"unprognostic (6.52e-3)"	"unprognostic (4.35e-3)"	"unprognostic (4.56e-2)"	"potential prognostic unfavorable (1.23e-4)"	"potential prognostic favorable (7.78e-4)"	"unprognostic (2.55e-1)"	"unprognostic (1.60e-2)"			"unprognostic (3.68e-1)"	"unprognostic (1.89e-3)"	"unprognostic (2.43e-1)"	"unprognostic (2.04e-1)"	"unprognostic (6.48e-2)"	"unprognostic (2.72e-1)"	"unprognostic (2.26e-2)"	"unprognostic (2.43e-1)"	"unprognostic (1.07e-1)"	"unprognostic (2.35e-2)"	"unprognostic (3.21e-1)"	"unprognostic (1.60e-1)"	"unprognostic (3.58e-2)"	"unprognostic (2.74e-2)"	"unprognostic (3.35e-1)"	"unprognostic (2.04e-2)"
MDK	"FLJ27379, MK, NEGF2"	ENSG00000110492	Midkine	P21741	11	46380756-46383837	"Cancer-related genes, Predicted secreted proteins"	Differentiation	"Developmental protein, Growth factor, Heparin-binding, Mitogen"	"Cancer-related genes"	"Evidence at protein level"	"Evidence at transcript level"	"Evidence at protein level"	"Evidence at protein level"	"Tissue enhanced"	"Detected in all"		"ovary: 588.2"	"Cell type enhanced"	"Detected in many"		"Enteroendocrine cells: 656.5;Granulosa cells: 739.5;Ovarian stromal cells: 1036.0;Paneth cells: 1087.7;Proximal enterocytes: 793.9"	"Group enriched"	"Detected in many"	5	"bergmann glia: 65.8;endothelial cell: 36.2;fibroblast: 26.7"	"Low cancer specificity"	"Detected in all"			"Low region specificity"	"Detected in all"			"Immune cell enhanced"	"Detected in some"		"memory B-cell: 1.8;neutrophil: 2.1"	"Low lineage specificity"	"Detected in many"			"Low cancer specificity"	"Detected in all"			"Pituitary gland - Gonadotropes"	"Low region specificity"	"Detected in all"			"Low region specificity"	"Detected in all"			"CAB010055, HPA057126"	Uncertain		Approved	Vesicles	"Secreted to blood"	"Growth factor"	NA	NA	158000	75000000		"Cluster 62: Connective tissue - ECM organization"	"Cluster 56: Hypothalamus - Neuropeptide signaling"	"Cluster 2: Mucus-secreting cells - Unknown function"	"Cluster 50: Connective tissue cells - ECM organization"	15	Vesicles		"CAB010055: AB_627949, HPA057126: AB_2683344"	"unprognostic (1.40e-1)"	"unprognostic (1.50e-2)"	"unprognostic (9.38e-2)"	"unprognostic (1.08e-1)"	"unprognostic (4.41e-2)"	"unprognostic (1.27e-1)"	"validated prognostic unfavorable (3.34e-4)"	"validated prognostic unfavorable (2.87e-4)"	"unprognostic (2.93e-1)"	"unprognostic (4.65e-3)"	"potential prognostic unfavorable (2.47e-9)"	"unprognostic (2.52e-1)"	"unprognostic (1.62e-1)"	"unprognostic (1.66e-2)"	"unprognostic (6.23e-2)"	"unprognostic (8.12e-2)"	"unprognostic (1.17e-3)"	"unprognostic (3.73e-2)"	"unprognostic (3.13e-1)"	"unprognostic (2.36e-2)"	"unprognostic (6.16e-2)"	"unprognostic (3.78e-2)"	"unprognostic (3.07e-1)"	"unprognostic (3.69e-1)"	"unprognostic (2.32e-1)"	"unprognostic (1.45e-1)"	"unprognostic (2.71e-2)"	"unprognostic (1.88e-1)"	"unprognostic (1.16e-1)"	"unprognostic (2.12e-1)"	"unprognostic (3.84e-2)"
MOB3B	"C9orf35, FLJ13204, MOB1D, MOBKL2B"	ENSG00000120162	"MOB kinase activator 3B"	Q86TA1	9	27325209-27529814	"Predicted intracellular proteins"				"Evidence at protein level"	"Evidence at protein level"	"Evidence at protein level"	"Evidence at protein level"	"Tissue enhanced"	"Detected in many"		"brain: 31.6"	"Cell type enriched"	"Detected in many"	4	"Oligodendrocytes: 401.9"	"Cell type enhanced"	"Detected in all"		"oligodendrocyte: 814.1"	"Low cancer specificity"	"Detected in all"			"Low region specificity"	"Detected in all"			"Immune cell enhanced"	"Detected in some"		"memory B-cell: 2.5;myeloid DC: 2.7;naive B-cell: 2.9"	"Low lineage specificity"	"Detected in many"			"Cancer enhanced"	"Detected in many"		"cervical cancer: 16.0"	"Prostate - Fibroblasts"	"Low region specificity"	"Detected in all"			"Low region specificity"	"Detected in all"			HPA057744			Uncertain	"Intermediate filaments,Cytosol"			NA	NA			"Cluster 23: B-cells - Immunoglobulins"	"Cluster 9: Oligodendrocytes - Myelination"	"Cluster 13: Oligodendrocytes - Mixed function"	"Cluster 53: Squamous epithelial cells - Keratinization"	"Cluster 51: Oligodendrocytes - Unknown function"	2	"Intermediate filaments, Cytosol"		"HPA057744: "	"unprognostic (1.03e-1)"	"unprognostic (9.68e-3)"		"unprognostic (7.81e-2)"	"unprognostic (2.63e-2)"	"unprognostic (1.47e-1)"	"unprognostic (1.83e-1)"	"unprognostic (5.85e-2)"	"unprognostic (2.82e-1)"	"unprognostic (3.51e-1)"	"validated prognostic favorable (3.10e-12)"	"validated prognostic favorable (2.86e-4)"	"unprognostic (3.83e-2)"	"unprognostic (1.44e-1)"		"unprognostic (1.07e-2)"	"unprognostic (4.40e-3)"	"unprognostic (1.01e-1)"	"unprognostic (1.09e-1)"	"unprognostic (1.01e-1)"	"unprognostic (1.09e-1)"	"unprognostic (5.15e-2)"	"unprognostic (4.86e-1)"	"unprognostic (1.92e-1)"	"unprognostic (1.23e-3)"	"unprognostic (3.89e-3)"	"unprognostic (1.09e-1)"	"unprognostic (1.92e-1)"	"unprognostic (2.45e-1)"	"potential prognostic unfavorable (7.81e-5)"	"unprognostic (2.07e-1)"
NPIPA9		ENSG00000233024	"Nuclear pore complex interacting protein family, member A9"		16	18358086-18379331	"Predicted intracellular proteins, Predicted membrane proteins"				"Evidence at protein level"	"Evidence at protein level"	"No human protein/transcript evidence"		"Tissue enhanced"	"Detected in all"		"brain: 587.4"	"Cell type enhanced"	"Detected in some"		"Intestinal goblet cells: 1.1;Pancreatic endocrine cells: 1.7;Paneth cells: 1.5;Undifferentiated cells: 1.3"	"Low cell type specificity"	"Detected in some"			"Low cancer specificity"	"Detected in all"			"Low region specificity"	"Detected in all"			"Immune cell enhanced"	"Detected in single"		"memory B-cell: 1.4"	"Low lineage specificity"	"Detected in single"			"Low cancer specificity"	"Detected in all"												HPA053611	Approved		Approved	Nucleoplasm			NA	NA			"Cluster 23: B-cells - Immunoglobulins"	"Cluster 65: Cerebellum - Nervous system development"	"Cluster 4: Non-specific - mRNA splicing & Cell cycle"	"Cluster 54: Non-specific - Transcription"	"Cluster 16: Intestinal goblet cells - Mucin production"		Nucleoplasm		"HPA053611: AB_2682206"	"unprognostic (2.32e-2)"	"unprognostic (2.64e-1)"		"unprognostic (6.05e-3)"	"unprognostic (2.36e-2)"	"unprognostic (4.69e-2)"	"unprognostic (3.44e-1)"		"unprognostic (3.40e-2)"	"unprognostic (4.53e-1)"	"potential prognostic unfavorable (1.32e-4)"	"unprognostic (9.78e-2)"	"unprognostic (1.57e-1)"	"unprognostic (6.62e-3)"		"unprognostic (9.15e-2)"	"unprognostic (7.20e-2)"	"unprognostic (1.31e-3)"	"unprognostic (1.08e-2)"	"unprognostic (2.59e-1)"	"unprognostic (8.62e-3)"	"unprognostic (4.95e-3)"	"unprognostic (1.31e-2)"	"unprognostic (8.49e-2)"	"unprognostic (6.12e-3)"	"potential prognostic favorable (8.35e-4)"	"unprognostic (3.07e-2)"	"unprognostic (3.55e-1)"	"unprognostic (2.71e-1)"	"unprognostic (3.80e-2)"	"unprognostic (1.12e-1)"
NUP62CL	FLJ20130	ENSG00000198088	"Nucleoporin 62 C-terminal like"	Q9H1M0	X	107123427-107206433	"Metabolic proteins, Predicted intracellular proteins"	"Protein transport, Transport"			"Evidence at protein level"	"Evidence at transcript level"	"Evidence at protein level"	"Evidence at protein level"	"Tissue enhanced"	"Detected in many"		"epididymis: 16.9;fallopian tube: 16.7"	"Cell type enhanced"	"Detected in many"		"Ciliated cells: 21.0;Distal tubular cells: 18.4;Early spermatids: 11.5;Oocytes: 11.8"	"Group enriched"	"Detected in some"	5	"choroid plexus epithelial cell: 21.6;ependymal cell: 56.1"	"Low cancer specificity"	"Detected in many"			"Low region specificity"	"Detected in many"			"Immune cell enhanced"	"Detected in some"		"memory B-cell: 2.0"	"Low lineage specificity"	"Detected in single"			"Low cancer specificity"	"Detected in many"			"Lung - Respiratory ciliated cells, Testis - Sertoli cells, Thyroid gland - Thyroid glandular cells"	"Low region specificity"	"Detected in many"			"Low region specificity"	"Detected in many"			HPA001884	Approved						NA	NA				"Cluster 74: Spermatids - Flagellum assembly"	"Cluster 3: Choroid plexus - Cilium"	"Cluster 36: Non-specific - mRNA processing"	"Cluster 42: Ciliated cells - Cilium assembly"	10			"HPA001884: AB_1079512"	"unprognostic (4.15e-2)"	"unprognostic (3.20e-3)"	"unprognostic (7.35e-2)"	"unprognostic (8.15e-3)"	"unprognostic (1.13e-2)"	"unprognostic (2.12e-2)"		"unprognostic (2.94e-1)"	"unprognostic (8.76e-2)"	"unprognostic (7.99e-2)"	"potential prognostic favorable (1.54e-6)"	"unprognostic (8.69e-3)"	"unprognostic (4.37e-2)"		"unprognostic (1.84e-2)"	"potential prognostic unfavorable (3.23e-5)"	"unprognostic (2.16e-3)"	"unprognostic (4.50e-2)"	"unprognostic (8.96e-2)"	"unprognostic (2.65e-1)"	"unprognostic (2.37e-3)"	"unprognostic (3.53e-2)"	"unprognostic (7.11e-2)"	"unprognostic (4.58e-3)"	"unprognostic (1.65e-1)"	"unprognostic (3.61e-2)"		"unprognostic (2.29e-1)"	"unprognostic (4.77e-1)"	"unprognostic (5.75e-3)"	"unprognostic (4.85e-2)"
PALM2AKAP2	PALM2-AKAP2	ENSG00000157654	"PALM2 and AKAP2 fusion"	"Q8IXS6, Q9Y2D5"	9	109498325-110172512	"Predicted intracellular proteins"				"Evidence at protein level"	"Evidence at protein level"	"Evidence at protein level"	"Evidence at protein level"	"Low tissue specificity"	"Detected in many"			"Cell type enhanced"	"Detected in many"		"Adipocytes: 360.2;Alveolar cells type 1: 418.0;Cardiomyocytes: 311.8;Endothelial cells: 243.2;granulocytes: 222.3;Lymphatic endothelial cells: 221.9"	"Low cell type specificity"	"Detected in all"			"Low cancer specificity"	"Detected in all"			"Low region specificity"	"Detected in all"			"Immune cell enhanced"	"Detected in many"		"memory B-cell: 10.7;naive B-cell: 10.3"	"Low lineage specificity"	"Detected in many"			"Low cancer specificity"	"Detected in all"				"Low region specificity"	"Detected in all"			"Low region specificity"	"Detected in all"			"HPA058905, HPA074153, HPA076866"	Uncertain		Supported	"Plasma membrane"			NA	NA			"Cluster 17: B-cells - Immunoglobulins"	"Cluster 7: Adipose tissue - Mixed function"	"Cluster 38: Sub-cortical - Mixed function"	"Cluster 72: Neuronal - Signal transduction"	"Cluster 41: Adipocytes & Endothelial cells - Mixed function"	3	"Plasma membrane"		"HPA058905: AB_2683851, HPA074153: AB_2686669, HPA076866: "	"unprognostic (1.47e-1)"	"unprognostic (8.54e-2)"		"potential prognostic unfavorable (1.88e-5)"	"unprognostic (2.22e-1)"	"unprognostic (2.25e-2)"	"unprognostic (1.63e-1)"		"unprognostic (6.42e-2)"	"unprognostic (4.18e-2)"	"validated prognostic favorable (3.03e-5)"	"validated prognostic favorable (5.78e-5)"	"potential prognostic unfavorable (7.73e-4)"	"unprognostic (1.53e-1)"		"unprognostic (3.83e-2)"	"unprognostic (3.28e-2)"	"unprognostic (7.13e-2)"	"unprognostic (3.84e-3)"	"unprognostic (2.77e-3)"		"unprognostic (2.94e-2)"	"unprognostic (4.11e-1)"	"unprognostic (1.10e-1)"	"unprognostic (1.43e-1)"	"unprognostic (6.99e-3)"	"unprognostic (8.08e-2)"	"unprognostic (2.61e-2)"	"unprognostic (1.82e-1)"	"unprognostic (9.39e-2)"	"unprognostic (3.44e-1)"
PPIL6	"bA425D10.6, dJ919F19.1, MGC41939, RSPH12"	ENSG00000185250	"Peptidylprolyl isomerase like 6"	Q8IXY8	6	109390215-109441171	"Predicted intracellular proteins"				"Evidence at protein level"	"Evidence at transcript level"	"Evidence at protein level"	"Evidence at protein level"	"Tissue enhanced"	"Detected in many"		"fallopian tube: 34.4;testis: 18.4"	"Cell type enhanced"	"Detected in many"		"Ciliated cells: 199.1;Early spermatids: 470.6;Late spermatids: 89.6;Spermatocytes: 89.1"	"Group enriched"	"Detected in all"	7	"choroid plexus epithelial cell: 153.8;ependymal cell: 421.1"	"Low cancer specificity"	"Detected in many"			"Low region specificity"	"Detected in all"			"Immune cell enhanced"	"Detected in single"		"memory B-cell: 1.5"	"Low lineage specificity"	"Detected in single"			"Low cancer specificity"	"Detected in many"			"Lung - Respiratory ciliated cells, Testis - Early spermatids, Thyroid gland - Thyroid glandular cells"	"Low region specificity"	"Detected in all"			"Low region specificity"	"Detected in many"			"HPA036717, HPA058165"	Approved		Approved	Nucleoli,Vesicles			NA	NA				"Cluster 8: Ciliated cells - Cilium organization"	"Cluster 17: Choroid plexus - Cilium"	"Cluster 10: Ciliated cells - Ion channel activity"	"Cluster 42: Ciliated cells - Cilium assembly"	4	Vesicles	Nucleoli	"HPA036717: AB_10671969, HPA058165: "	"unprognostic (5.92e-2)"	"unprognostic (3.85e-2)"	"unprognostic (1.95e-1)"	"unprognostic (2.46e-2)"	"unprognostic (1.41e-2)"	"unprognostic (1.05e-1)"	"unprognostic (1.17e-1)"	"unprognostic (4.03e-3)"		"unprognostic (2.54e-1)"	"unprognostic (6.75e-3)"	"unprognostic (1.08e-1)"	"unprognostic (1.01e-2)"			"unprognostic (8.23e-2)"	"unprognostic (7.65e-2)"	"unprognostic (1.40e-1)"	"unprognostic (6.80e-2)"	"unprognostic (1.97e-1)"	"unprognostic (3.00e-2)"	"unprognostic (2.47e-2)"	"unprognostic (2.48e-1)"	"unprognostic (1.22e-1)"	"unprognostic (1.25e-2)"	"unprognostic (2.45e-1)"	"unprognostic (1.07e-1)"	"unprognostic (9.50e-2)"	"unprognostic (1.23e-2)"	"unprognostic (1.40e-2)"	"unprognostic (1.10e-1)"
PXDC1	C6orf145	ENSG00000168994	"PX domain containing 1"	Q5TGL8	6	3722614-3751713	"Predicted intracellular proteins"				"Evidence at protein level"	"Evidence at transcript level"	"Evidence at transcript level"	"Evidence at protein level"	"Tissue enhanced"	"Detected in all"		"liver: 164.6"	"Cell type enhanced"	"Detected in many"		"Adipocytes: 90.5;Alveolar cells type 1: 89.3;Extravillous trophoblasts: 148.0;Langerhans cells: 93.8;Lymphatic endothelial cells: 150.9"	"Cell type enhanced"	"Detected in many"		"endothelial cell: 67.6;vascular associated smooth muscle cell: 48.4"	"Low cancer specificity"	"Detected in all"			"Low region specificity"	"Detected in all"			"Immune cell enhanced"	"Detected in single"		"memory B-cell: 1.2"	"Lineage enhanced"	"Detected in single"		"B-cells: 1.2"	"Low cancer specificity"	"Detected in many"			"Minor Salivary Gland - Minor salivary glandular cells, Pituitary gland - Endothelial cells"	"Not detected"	"Not detected"			"Low region specificity"	"Detected in all"			HPA019246			Approved	"Plasma membrane"			NA	NA				"Cluster 11: Liver - Plasma proteins"	"Cluster 8: Immune cells - Immune response"	"Cluster 64: Connective tissue cells - ECM organization"	"Cluster 53: Fibroblasts - ECM organization"	3	"Plasma membrane"		"HPA019246: AB_2670113"	"unprognostic (1.15e-1)"	"unprognostic (2.09e-1)"		"unprognostic (8.41e-2)"	"unprognostic (5.92e-3)"	"unprognostic (2.78e-1)"	"unprognostic (2.54e-1)"	"unprognostic (4.01e-2)"	"unprognostic (1.28e-2)"	"unprognostic (9.72e-2)"	"unprognostic (2.14e-3)"	"unprognostic (5.21e-3)"	"potential prognostic favorable (4.61e-4)"	"unprognostic (2.37e-1)"		"unprognostic (5.03e-2)"	"unprognostic (6.96e-2)"	"unprognostic (6.31e-2)"	"unprognostic (4.78e-2)"	"unprognostic (1.24e-1)"	"unprognostic (4.87e-2)"	"unprognostic (1.46e-1)"	"unprognostic (6.56e-2)"	"unprognostic (2.37e-1)"	"unprognostic (5.46e-2)"	"unprognostic (7.24e-2)"	"unprognostic (2.26e-1)"	"potential prognostic unfavorable (9.21e-4)"	"unprognostic (9.94e-2)"	"unprognostic (2.66e-1)"	"potential prognostic unfavorable (6.54e-4)"
PYCR1	P5C	ENSG00000183010	"Pyrroline-5-carboxylate reductase 1"	P32322	17	81932384-81942412	"Disease related genes, Enzymes, Human disease related genes, Metabolic proteins, Potential drug targets, Predicted intracellular proteins"	"Amino-acid biosynthesis, Proline biosynthesis, Stress response"	Oxidoreductase	"Disease variant"	"Evidence at protein level"	"Evidence at transcript level"	"Evidence at protein level"	"Evidence at protein level"	"Tissue enhanced"	"Detected in many"		"pancreas: 108.3;salivary gland: 117.6"	"Cell type enhanced"	"Detected in many"		"Breast glandular cells: 53.6;Extravillous trophoblasts: 76.8;Intestinal goblet cells: 65.7;Pancreatic endocrine cells: 54.3;Serous glandular cells: 85.4;Undifferentiated cells: 61.9"	"Low cell type specificity"	"Detected in many"			"Low cancer specificity"	"Detected in all"			"Low region specificity"	"Detected in all"			"Immune cell enhanced"	"Detected in many"		"memory B-cell: 4.3"	"Group enriched"	"Detected in many"	8	"B-cells: 4.3;dendritic cells: 1.9;T-cells: 1.6"	"Low cancer specificity"	"Detected in all"			"Minor Salivary Gland - Minor salivary glandular cells, Prostate - Prostate glandular cells, Spleen - Plasma cells"	"Low region specificity"	"Detected in all"			"Low region specificity"	"Detected in all"			HPA047660	Approved						NA	NA		4800	"Cluster 14: Non-specific - Unknown function"	"Cluster 15: Pancreas - Proteolysis"	"Cluster 19: Astrocytes - Mixed function"	"Cluster 13: Non-specific - Mixed function"	"Cluster 77: Plasma cells - Protein processing"	37			"HPA047660: AB_2680115"	"unprognostic (2.28e-1)"	"unprognostic (3.35e-3)"	"unprognostic (1.76e-1)"	"unprognostic (8.24e-2)"	"unprognostic (2.22e-1)"	"unprognostic (8.87e-2)"	"unprognostic (6.14e-2)"	"unprognostic (1.18e-1)"	"unprognostic (7.21e-2)"	"unprognostic (2.22e-2)"	"validated prognostic unfavorable (5.68e-10)"	"validated prognostic unfavorable (1.36e-4)"	"potential prognostic unfavorable (6.67e-8)"	"potential prognostic unfavorable (9.49e-4)"	"unprognostic (5.77e-3)"	"unprognostic (8.78e-2)"	"potential prognostic unfavorable (2.15e-4)"	"unprognostic (7.27e-2)"	"unprognostic (1.42e-2)"	"unprognostic (8.71e-2)"	"unprognostic (1.18e-2)"	"unprognostic (4.83e-3)"	"unprognostic (2.67e-2)"	"unprognostic (5.04e-2)"	"unprognostic (8.11e-2)"	"unprognostic (1.97e-1)"	"unprognostic (4.58e-2)"	"unprognostic (7.36e-2)"	"unprognostic (1.46e-1)"	"unprognostic (4.95e-3)"	"unprognostic (1.50e-1)"
RALGPS1	"KIAA0351, RALGEF2, RALGPS1A"	ENSG00000136828	"Ral GEF with PH domain and SH3 binding motif 1"	Q5JS13	9	126914774-127223166	"Predicted intracellular proteins"		"Guanine-nucleotide releasing factor"		"Evidence at protein level"	"Evidence at transcript level"	"Evidence at protein level"	"Evidence at protein level"	"Low tissue specificity"	"Detected in all"			"Cell type enhanced"	"Detected in many"		"Astrocytes: 83.3;Excitatory neurons: 102.0;Inhibitory neurons: 157.5;Oligodendrocytes: 150.1;Rod photoreceptor cells: 140.3"	"Low cell type specificity"	"Detected in all"			"Low cancer specificity"	"Detected in all"			"Low region specificity"	"Detected in all"			"Immune cell enhanced"	"Detected in single"		"memory B-cell: 2.3"	"Low lineage specificity"	"Detected in single"			"Low cancer specificity"	"Detected in all"			"Heart muscle - Cardiomyocytes, Stomach - Gastric mucous cells, Testis - Early spermatids"	"Low region specificity"	"Detected in all"			"Low region specificity"	"Detected in all"			HPA014749	Uncertain						NA	NA			"Cluster 14: Non-specific - Unknown function"	"Cluster 28: Neuronal - Transcription"	"Cluster 30: White matter - Myelination"	"Cluster 10: Ciliated cells - Ion channel activity"	"Cluster 69: Neurons - Neuronal signaling"				"HPA014749: "	"unprognostic (1.13e-2)"	"unprognostic (3.07e-2)"	"unprognostic (2.22e-3)"	"unprognostic (1.72e-1)"	"unprognostic (9.55e-2)"	"unprognostic (5.02e-2)"	"unprognostic (1.81e-1)"	"unprognostic (3.13e-3)"	"unprognostic (5.47e-2)"	"unprognostic (2.45e-1)"	"potential prognostic favorable (9.66e-5)"	"unprognostic (1.54e-3)"	"unprognostic (1.45e-2)"	"unprognostic (3.26e-1)"	"unprognostic (1.67e-2)"	"unprognostic (1.11e-2)"	"unprognostic (6.23e-3)"	"unprognostic (8.14e-2)"	"unprognostic (9.93e-3)"	"unprognostic (4.17e-2)"	"unprognostic (4.43e-1)"	"unprognostic (1.26e-2)"	"unprognostic (2.78e-1)"	"unprognostic (2.11e-1)"	"unprognostic (7.54e-3)"	"unprognostic (3.80e-2)"	"unprognostic (3.34e-1)"	"unprognostic (4.77e-2)"	"unprognostic (1.05e-1)"	"unprognostic (8.26e-2)"	"unprognostic (3.78e-2)"
RAPGEF1	"C3G, GRF2"	ENSG00000107263	"Rap guanine nucleotide exchange factor 1"	Q13905	9	131576770-131740076	"Plasma proteins, Predicted intracellular proteins"	Neurogenesis	"Guanine-nucleotide releasing factor"		"Evidence at protein level"	"Evidence at protein level"	"Evidence at protein level"	"Evidence at protein level"	"Tissue enhanced"	"Detected in all"		"skeletal muscle: 147.0"	"Cell type enhanced"	"Detected in all"		"Langerhans cells: 136.9;Microglial cells: 118.1;monocytes: 158.9"	"Cell type enhanced"	"Detected in all"		"central nervous system macrophage: 699.4"	"Low cancer specificity"	"Detected in all"			"Low region specificity"	"Detected in all"			"Immune cell enhanced"	"Detected in many"		"memory B-cell: 4.7"	"Low lineage specificity"	"Detected in many"			"Low cancer specificity"	"Detected in all"			"Adrenal gland - Adrenal cortex cells, Spleen - B-cells (Spleen)"	"Low region specificity"	"Detected in all"			"Low region specificity"	"Detected in all"			"HPA006426, HPA075984"	Enhanced		Supported	Vesicles			NA	NA			"Cluster 32: Basophils - Transcription"	"Cluster 19: Non-specific - Basic cellular processes"	"Cluster 44: Non-specific - Mixed function"	"Cluster 55: Lymphoma - Immune response"	"Cluster 28: Dendritic cells - Antigen presentation"	18	Vesicles		"HPA006426: AB_1856070, HPA075984: AB_2686771"	"unprognostic (1.32e-1)"	"unprognostic (1.38e-1)"	"unprognostic (1.43e-2)"	"unprognostic (1.25e-1)"	"unprognostic (1.04e-1)"	"unprognostic (9.71e-2)"	"unprognostic (7.26e-2)"	"unprognostic (1.77e-1)"	"unprognostic (2.77e-1)"	"unprognostic (3.47e-1)"	"potential prognostic favorable (7.09e-7)"	"unprognostic (2.33e-3)"	"unprognostic (4.45e-2)"	"unprognostic (5.60e-2)"	"unprognostic (4.55e-2)"	"unprognostic (1.20e-1)"	"unprognostic (1.27e-1)"	"unprognostic (4.33e-2)"	"unprognostic (2.71e-2)"	"unprognostic (7.33e-3)"	"unprognostic (1.43e-2)"	"unprognostic (9.18e-2)"	"unprognostic (8.03e-2)"	"unprognostic (4.18e-1)"	"unprognostic (3.13e-2)"	"unprognostic (5.53e-3)"	"unprognostic (2.84e-1)"	"unprognostic (1.17e-1)"	"unprognostic (1.71e-1)"	"unprognostic (5.07e-2)"	"unprognostic (3.11e-1)"
RMI2	"BLAP18, C16orf75, MGC24665"	ENSG00000175643	"RecQ mediated genome instability 2"	Q96E14	16	11249619-11381662	"Cancer-related genes, Disease related genes, Predicted intracellular proteins"	"DNA replication"	DNA-binding	"Cancer-related genes"	"Evidence at protein level"	"Evidence at protein level"	"Evidence at protein level"	"Evidence at protein level"	"Tissue enhanced"	"Detected in many"		"lymphoid tissue: 35.8"	"Cell type enhanced"	"Detected in many"		"Cytotrophoblasts: 127.1;Erythroid cells: 41.3;Oocytes: 38.2;Peritubular cells: 43.8;Spermatocytes: 44.0;Spermatogonia: 52.7;Syncytiotrophoblasts: 48.1"	"Low cell type specificity"	"Detected in many"			"Low cancer specificity"	"Detected in all"			"Low region specificity"	"Detected in many"			"Immune cell enhanced"	"Detected in some"		"memory B-cell: 4.2"	"Group enriched"	"Detected in many"	6	"B-cells: 4.2;T-cells: 1.4"	"Low cancer specificity"	"Detected in all"			"Lung - Mitotic cells (Lung), Stomach - Mitotic cells (Stomach), Testis - Spermatocytes, Testis - Spermatogonia"	"Not detected"	"Not detected"			"Low region specificity"	"Detected in many"			HPA040995	Uncertain		Supported	"Nuclear speckles,Cytosol"			NA	Yes			"Cluster 43: Non-specific - Transcription & Translation"	"Cluster 67: Lymphoid tissue & Bone marrow - Cell proliferation"	"Cluster 51: Neurons - Mixed function"	"Cluster 46: Lymphoma - Humoral immune response"	"Cluster 24: Cytotrophoblasts - Mitochondria"	8	"Nuclear speckles"	Cytosol	"HPA040995: AB_10795531"	"unprognostic (1.88e-1)"	"unprognostic (2.98e-1)"		"unprognostic (7.63e-3)"	"unprognostic (1.39e-1)"	"unprognostic (1.75e-1)"	"unprognostic (7.82e-3)"	"unprognostic (8.70e-2)"	"unprognostic (2.26e-3)"	"unprognostic (2.05e-1)"	"unprognostic (1.11e-1)"	"unprognostic (8.39e-2)"	"unprognostic (1.19e-3)"	"validated prognostic unfavorable (3.66e-6)"	"validated prognostic unfavorable (8.79e-6)"	"unprognostic (5.10e-3)"	"unprognostic (1.32e-2)"	"unprognostic (1.12e-2)"	"unprognostic (7.39e-2)"	"unprognostic (2.95e-1)"	"unprognostic (1.56e-1)"	"unprognostic (4.69e-3)"	"potential prognostic unfavorable (8.51e-5)"	"unprognostic (2.71e-1)"	"unprognostic (1.90e-2)"	"unprognostic (1.55e-1)"	"unprognostic (1.62e-1)"	"unprognostic (1.19e-1)"	"unprognostic (7.53e-2)"	"unprognostic (4.42e-3)"	"unprognostic (6.26e-2)"
RRAS2	TC21	ENSG00000133818	"RAS related 2"	P62070	11	14277922-14364506	"Disease related genes, Human disease related genes, Predicted intracellular proteins, RAS pathway related proteins"		Hydrolase	"Disease variant, Proto-oncogene"	"Evidence at protein level"	"Evidence at transcript level"	"Evidence at protein level"	"Evidence at protein level"	"Low tissue specificity"	"Detected in all"			"Cell type enhanced"	"Detected in many"		"Oocytes: 221.3;Proximal tubular cells: 121.9"	"Low cell type specificity"	"Detected in all"			"Low cancer specificity"	"Detected in all"			"Low region specificity"	"Detected in all"			"Immune cell enhanced"	"Detected in many"		"memory B-cell: 11.8"	"Low lineage specificity"	"Detected in many"			"Low cancer specificity"	"Detected in all"			"Minor Salivary Gland - Minor salivary glandular cells, Spleen - B-cells (Spleen), Thyroid gland - Thyroid glandular cells"	"Low region specificity"	"Detected in all"			"Low region specificity"	"Detected in all"			"CAB010420, HPA050942"	Approved						NA	NA			"Cluster 14: Non-specific - Unknown function"	"Cluster 35: Non-specific - Mitochondria"	"Cluster 29: Forebrain - Mixed function"	"Cluster 46: Lymphoma - Humoral immune response"	"Cluster 38: Proximal tubular cells - Transmembrane transport"	14			"CAB010420: AB_2253855, HPA050942: AB_2681285"	"unprognostic (2.61e-2)"	"unprognostic (9.47e-2)"	"potential prognostic favorable (4.32e-4)"	"unprognostic (8.63e-3)"	"unprognostic (1.72e-1)"	"unprognostic (6.36e-3)"	"unprognostic (7.25e-2)"	"unprognostic (9.20e-2)"	"unprognostic (2.83e-3)"	"unprognostic (1.94e-1)"	"potential prognostic favorable (1.00e-4)"	"unprognostic (2.50e-1)"	"unprognostic (8.55e-2)"	"potential prognostic unfavorable (4.94e-4)"	"unprognostic (1.19e-1)"	"unprognostic (4.86e-3)"	"potential prognostic unfavorable (3.76e-4)"	"unprognostic (1.17e-1)"	"unprognostic (2.16e-3)"	"unprognostic (1.64e-1)"	"unprognostic (7.94e-3)"	"validated prognostic unfavorable (1.57e-4)"	"validated prognostic unfavorable (4.65e-4)"	"unprognostic (1.77e-2)"	"unprognostic (2.26e-2)"	"unprognostic (3.10e-1)"	"unprognostic (9.61e-2)"	"unprognostic (3.88e-2)"	"unprognostic (1.66e-1)"	"unprognostic (3.65e-2)"	"unprognostic (2.48e-1)"
SNED1	"FLJ00133, Snep, SST3"	ENSG00000162804	"Sushi, nidogen and EGF like domains 1"	Q8TER0	2	240998618-241095568	"Predicted intracellular proteins, Predicted secreted proteins"				"Evidence at protein level"	"Evidence at transcript level"	"Evidence at protein level"	"Evidence at protein level"	"Low tissue specificity"	"Detected in all"			"Group enriched"	"Detected in many"	4	"Astrocytes: 90.1;Excitatory neurons: 83.1;Fibroblasts: 37.1;Inhibitory neurons: 31.1;Leydig cells: 91.5;Microglial cells: 74.3;Peritubular cells: 66.9"	"Cell type enhanced"	"Detected in all"		"bergmann glia: 569.9;endothelial cell: 606.9"	"Low cancer specificity"	"Detected in all"			"Low region specificity"	"Detected in all"			"Immune cell enhanced"	"Detected in single"		"memory B-cell: 1.9"	"Low lineage specificity"	"Detected in single"			"Low cancer specificity"	"Detected in many"			"Liver - Hepatocytes, Lung - Fibroblast_2, Spleen - Endothelial cells"	"Low region specificity"	"Detected in all"			"Low region specificity"	"Detected in all"			"HPA036414, HPA036415"	Uncertain				"Secreted to blood"	"No annotated function"	NA	NA		27000000	"Cluster 16: Non-specific - Cell proliferation"	"Cluster 66: Non-specific - Transcription"	"Cluster 48: Non-specific - Mixed function"	"Cluster 44: Connective tissue cells - ECM organization"	"Cluster 34: Neurons - Neuronal signaling"				"HPA036414: AB_10960852, HPA036415: AB_10964128"	"unprognostic (5.77e-3)"	"unprognostic (2.10e-1)"	"unprognostic (4.93e-2)"	"unprognostic (1.91e-2)"	"unprognostic (6.82e-2)"	"unprognostic (4.28e-1)"	"unprognostic (9.36e-3)"	"unprognostic (2.87e-2)"	"unprognostic (6.42e-2)"	"unprognostic (1.42e-2)"	"validated prognostic favorable (2.20e-6)"	"validated prognostic favorable (1.19e-4)"	"unprognostic (4.11e-2)"	"unprognostic (1.58e-3)"	"unprognostic (1.66e-3)"	"unprognostic (8.99e-2)"	"unprognostic (1.55e-1)"	"unprognostic (4.61e-2)"	"unprognostic (1.43e-1)"	"unprognostic (3.04e-2)"	"unprognostic (7.88e-2)"	"unprognostic (1.88e-2)"	"unprognostic (8.73e-2)"	"unprognostic (1.75e-1)"	"unprognostic (2.90e-1)"	"unprognostic (1.48e-2)"	"unprognostic (1.97e-1)"	"unprognostic (1.15e-1)"	"unprognostic (1.62e-1)"	"unprognostic (5.69e-3)"	"unprognostic (6.22e-2)"
SNX2		ENSG00000205302	"Sorting nexin 2"	O60749	5	122775079-122834543	"Predicted intracellular proteins"	"Protein transport, Transport"			"Evidence at protein level"	"Evidence at protein level"	"Evidence at protein level"	"Evidence at protein level"	"Low tissue specificity"	"Detected in all"			"Cell type enhanced"	"Detected in all"		"Hofbauer cells: 335.0"	"Low cell type specificity"	"Detected in all"			"Low cancer specificity"	"Detected in all"			"Low region specificity"	"Detected in all"			"Immune cell enhanced"	"Detected in all"		"memory B-cell: 291.0;naive B-cell: 290.2"	"Low lineage specificity"	"Detected in all"			"Low cancer specificity"	"Detected in all"			"Breast - Fibroblasts, Lung - Macrophages, Spleen - Macrophages, Thyroid gland - Thyroid glandular cells"	"Low region specificity"	"Detected in all"			"Low region specificity"	"Detected in all"			"HPA037400, HPA077664"	Approved		Enhanced	Endosomes,Lysosomes			NA	NA		290000	"Cluster 23: B-cells - Immunoglobulins"	"Cluster 47: Spleen - Immune response"	"Cluster 55: Non-specific - Transcription"	"Cluster 22: Non-specific - mRNA splicing & Cell cycle"	"Cluster 73: B-cells - B-cell function"	59	Endosomes	Lysosomes	"HPA037400: AB_10670381, HPA077664: "	"unprognostic (1.27e-1)"	"unprognostic (9.68e-3)"	"unprognostic (4.77e-2)"	"unprognostic (9.50e-2)"	"unprognostic (1.36e-1)"	"unprognostic (1.98e-1)"	"unprognostic (2.60e-1)"	"unprognostic (2.96e-1)"	"unprognostic (2.39e-1)"	"unprognostic (1.19e-1)"	"potential prognostic favorable (1.50e-12)"	"unprognostic (3.88e-3)"	"unprognostic (7.01e-2)"	"unprognostic (8.47e-3)"	"unprognostic (2.87e-1)"	"unprognostic (2.42e-1)"	"unprognostic (2.72e-1)"	"unprognostic (1.18e-1)"	"unprognostic (2.50e-3)"	"unprognostic (1.32e-1)"	"potential prognostic unfavorable (2.07e-4)"	"unprognostic (2.35e-1)"	"unprognostic (9.18e-2)"	"unprognostic (1.62e-1)"	"unprognostic (1.29e-2)"	"unprognostic (4.84e-3)"	"unprognostic (3.23e-2)"	"unprognostic (1.83e-1)"	"unprognostic (2.02e-1)"	"unprognostic (1.01e-1)"	"unprognostic (3.23e-1)"
SWAP70	"KIAA0640, SWAP-70"	ENSG00000133789	"Switching B cell complex subunit SWAP70"	Q9UH65	11	9664077-9752993	"Predicted intracellular proteins"		DNA-binding		"Evidence at protein level"	"Evidence at protein level"	"Evidence at protein level"	"Evidence at protein level"	"Low tissue specificity"	"Detected in all"			"Cell type enhanced"	"Detected in many"		"Adipocytes: 146.2;B-cells: 205.5;Endothelial cells: 147.4"	"Cell type enhanced"	"Detected in many"		"central nervous system macrophage: 299.4;endothelial cell: 253.8"	"Low cancer specificity"	"Detected in all"			"Low region specificity"	"Detected in all"			"Immune cell enhanced"	"Detected in many"		"memory B-cell: 80.5;naive B-cell: 84.7"	"Group enriched"	"Detected in all"	7	"B-cells: 84.7;granulocytes: 48.5;monocytes: 29.6"	"Cancer enhanced"	"Detected in all"		"lymphoma: 134.6"	"Adipose visceral - Endothelial cells, Colon - Endothelial cells, Prostate - Endothelial cells, Skeletal muscle - Endothelial cells, Thyroid gland - Endothelial cells"	"Low region specificity"	"Detected in all"			"Low region specificity"	"Detected in all"			"HPA006810, HPA006929"	Supported		Supported	"Plasma membrane,Actin filaments"			NA	NA		22000	"Cluster 29: Non-specific - Unknown function"	"Cluster 70: Lymphoid tissue - Immune response"	"Cluster 20: Macrophages & Microglia - Immune response"	"Cluster 46: Lymphoma - Humoral immune response"	"Cluster 73: B-cells - B-cell function"	6	"Plasma membrane"	"Actin filaments"	"HPA006810: AB_1857683, HPA006929: "	"unprognostic (9.08e-2)"	"unprognostic (1.12e-1)"	"unprognostic (1.28e-1)"	"unprognostic (3.09e-3)"	"unprognostic (1.21e-1)"	"unprognostic (2.92e-2)"	"unprognostic (2.27e-1)"	"potential prognostic unfavorable (1.73e-5)"	"unprognostic (3.21e-2)"	"unprognostic (1.16e-2)"	"validated prognostic favorable (4.51e-8)"	"validated prognostic favorable (8.08e-5)"	"unprognostic (1.36e-1)"	"unprognostic (7.46e-3)"	"unprognostic (1.34e-1)"	"unprognostic (8.14e-2)"	"unprognostic (3.28e-1)"	"unprognostic (1.94e-2)"	"unprognostic (1.37e-1)"	"unprognostic (1.90e-1)"	"potential prognostic unfavorable (1.09e-4)"	"unprognostic (2.34e-1)"	"unprognostic (2.36e-1)"	"unprognostic (7.62e-2)"	"unprognostic (1.53e-2)"	"unprognostic (5.11e-2)"	"unprognostic (2.17e-1)"	"unprognostic (3.62e-2)"	"unprognostic (3.42e-1)"	"unprognostic (5.84e-2)"	"unprognostic (2.48e-1)"
TBC1D9	"GRAMD9, KIAA0882, MDR1"	ENSG00000109436	"TBC1 domain family member 9"	Q6ZT07	4	140620782-140756385	"Predicted intracellular proteins"		"GTPase activation"		"Evidence at protein level"	"Evidence at transcript level"	"Evidence at transcript level"	"Evidence at protein level"	"Low tissue specificity"	"Detected in all"			"Cell type enhanced"	"Detected in many"		"Breast glandular cells: 78.5"	"Cell type enhanced"	"Detected in all"		"central nervous system macrophage: 369.8"	"Group enriched"	"Detected in all"	5	"Breast Invasive Carcinoma (TCGA): 133.4;Kidney Chromophobe (TCGA): 33.8"	"Low region specificity"	"Detected in all"			"Immune cell enhanced"	"Detected in many"		"memory B-cell: 5.9"	"Group enriched"	"Detected in many"	37	"B-cells: 5.9;dendritic cells: 3.2;monocytes: 1.7"	"Low cancer specificity"	"Detected in all"			"Breast - Breast glandular cells, Stomach - Parietal cells"	"Low region specificity"	"Detected in all"			"Low region specificity"	"Detected in all"			"HPA000262, HPA006503"	Uncertain		Approved	Cytosol			NA	NA			"Cluster 23: B-cells - Immunoglobulins"	"Cluster 16: Non-specific - Transcription"	"Cluster 23: Choroid plexus - Mixed function"	"Cluster 27: Breast cancer - Unknown function"	"Cluster 17: Breast glandular cells - Lactation"	11	Cytosol		"HPA000262: AB_2665956, HPA006503: AB_2667604"	"unprognostic (2.67e-3)"	"unprognostic (2.80e-1)"	"unprognostic (1.33e-1)"	"unprognostic (3.50e-2)"	"unprognostic (2.02e-1)"	"unprognostic (2.61e-1)"	"unprognostic (1.49e-1)"	"unprognostic (1.94e-3)"	"unprognostic (1.36e-3)"	"unprognostic (2.22e-1)"	"potential prognostic favorable (2.16e-7)"	"unprognostic (2.86e-3)"	"unprognostic (2.86e-1)"	"unprognostic (3.28e-2)"	"unprognostic (2.13e-3)"	"unprognostic (2.80e-2)"	"unprognostic (1.86e-1)"	"unprognostic (1.63e-1)"	"unprognostic (2.92e-1)"	"unprognostic (7.10e-2)"	"unprognostic (3.66e-3)"	"unprognostic (3.44e-3)"	"unprognostic (3.26e-2)"	"unprognostic (8.95e-2)"	"unprognostic (4.78e-2)"	"unprognostic (1.97e-2)"	"unprognostic (2.08e-1)"	"unprognostic (2.36e-2)"	"unprognostic (1.17e-1)"	"unprognostic (3.36e-1)"	"unprognostic (2.10e-1)"
TLE2	"ESG, ESG2, FLJ41188, GRG2"	ENSG00000065717	"TLE family member 2, transcriptional corepressor"	Q04725	19	2997639-3047635	"Predicted intracellular proteins"	"Transcription, Transcription regulation, Wnt signaling pathway"	Repressor		"Evidence at protein level"	"Evidence at protein level"	"Evidence at protein level"	"Evidence at protein level"	"Tissue enhanced"	"Detected in all"		"brain: 282.8"	"Cell type enhanced"	"Detected in many"		"Oocytes: 135.3"	"Low cell type specificity"	"Detected in all"			"Low cancer specificity"	"Detected in all"			"Low region specificity"	"Detected in all"			"Immune cell enhanced"	"Detected in some"		"memory B-cell: 1.7"	"Group enriched"	"Detected in many"	11	"B-cells: 1.7;T-cells: 1.2"	"Cancer enhanced"	"Detected in many"		"Rhabdoid: 57.6"	"Spleen - Fibroblast_2"	"Low region specificity"	"Detected in all"			"Low region specificity"	"Detected in all"			HPA049103	Enhanced		Supported	"Nuclear bodies,Focal adhesion sites"			NA	NA				"Cluster 65: Cerebellum - Nervous system development"	"Cluster 25: Non-specific - Transcription"	"Cluster 5: Rhabdoid - Unknown function"	"Cluster 3: Basal prostatic cells - Lipid metabolism"	39	"Nuclear bodies"	"Focal adhesion sites"	"HPA049103: AB_2680631"	"potential prognostic favorable (5.53e-4)"	"unprognostic (4.94e-3)"	"unprognostic (2.42e-2)"	"unprognostic (2.51e-1)"	"unprognostic (1.91e-1)"	"unprognostic (3.27e-2)"	"unprognostic (1.64e-1)"	"unprognostic (1.48e-1)"	"unprognostic (9.26e-2)"	"unprognostic (8.10e-2)"	"unprognostic (1.88e-3)"	"unprognostic (1.42e-3)"	"unprognostic (1.27e-3)"	"unprognostic (3.12e-2)"	"potential prognostic favorable (2.79e-4)"	"unprognostic (1.00e-2)"	"unprognostic (3.30e-1)"	"unprognostic (1.06e-1)"	"unprognostic (4.58e-2)"	"unprognostic (1.50e-2)"	"unprognostic (4.68e-2)"	"potential prognostic favorable (2.21e-6)"	"unprognostic (1.81e-1)"	"unprognostic (2.57e-1)"	"unprognostic (2.20e-2)"	"unprognostic (3.13e-3)"	"unprognostic (3.61e-1)"	"unprognostic (1.11e-1)"	"unprognostic (1.12e-1)"	"unprognostic (6.61e-2)"	"unprognostic (5.57e-3)"
TMEM121	"hole, MGC4659, TMEM121A"	ENSG00000184986	"Transmembrane protein 121"	Q9BTD3	14	105526583-105530202	"Predicted membrane proteins"				"Evidence at protein level"	"Evidence at transcript level"	"Evidence at protein level"	"Evidence at protein level"	"Tissue enhanced"	"Detected in many"		"brain: 12.0"	"Cell type enhanced"	"Detected in many"		"Endothelial cells: 14.2"	"Low cell type specificity"	"Detected in all"			"Low cancer specificity"	"Detected in many"			"Low region specificity"	"Detected in all"			"Immune cell enhanced"	"Detected in some"		"memory B-cell: 2.1"	"Low lineage specificity"	"Detected in many"			"Low cancer specificity"	"Detected in many"				"Low region specificity"	"Detected in all"			"Low region specificity"	"Detected in all"			HPA049857	Uncertain		Approved	Cytosol			NA	NA			"Cluster 43: Non-specific - Transcription & Translation"	"Cluster 64: Neuronal - Transcription"	"Cluster 32: Cerebral cortex - Mixed function"	"Cluster 69: Skin cancer - ECM organization"	"Cluster 41: Adipocytes & Endothelial cells - Mixed function"	12	Cytosol		"HPA049857: AB_2680917"	"unprognostic (2.79e-2)"	"unprognostic (5.30e-2)"	"unprognostic (2.99e-1)"	"unprognostic (1.10e-1)"			"unprognostic (1.51e-1)"	"unprognostic (8.06e-2)"	"unprognostic (1.20e-1)"		"unprognostic (1.81e-2)"	"unprognostic (6.55e-2)"	"unprognostic (4.19e-3)"			"unprognostic (4.91e-2)"		"unprognostic (1.13e-1)"		"unprognostic (9.46e-2)"	"unprognostic (2.95e-2)"	"potential prognostic favorable (4.34e-4)"	"unprognostic (1.14e-1)"	"unprognostic (8.10e-2)"			"unprognostic (1.24e-1)"	"unprognostic (5.21e-2)"	"unprognostic (2.49e-1)"	"unprognostic (1.57e-3)"	"unprognostic (2.65e-1)"
TPD52	"D52, hD52, N8L"	ENSG00000076554	"Tumor protein D52"	P55327	8	80034745-80231232	"Cancer-related genes, Predicted intracellular proteins"			"Cancer-related genes"	"Evidence at protein level"	"Evidence at protein level"	"Evidence at protein level"	"Evidence at protein level"	"Tissue enhanced"	"Detected in all"		"retina: 181.4"	"Cell type enhanced"	"Detected in many"		"Paneth cells: 323.1"	"Cell type enhanced"	"Detected in all"		"choroid plexus epithelial cell: 370.6"	"Low cancer specificity"	"Detected in all"			"Low region specificity"	"Detected in all"			"Immune cell enhanced"	"Detected in many"		"memory B-cell: 49.9"	"Group enriched"	"Detected in many"	5	"B-cells: 49.9;NK-cells: 15.0;T-cells: 21.8"	"Low cancer specificity"	"Detected in all"			"Adipose subcutaneous - Endothelial cells, Lung - Alveolar cells type 2, Minor Salivary Gland - Minor salivary glandular cells, Prostate - Prostate glandular cells, Skin - Keratinocyte (other), Thyroid gland - Thyroid glandular cells"	"Low region specificity"	"Detected in all"			"Low region specificity"	"Detected in all"			"HPA028427, HPA062167"	Enhanced		Approved	"Golgi apparatus,Primary cilium,Cytosol"			NA	NA		150000	"Cluster 24: Non-specific - Transcription"	"Cluster 39: Retina & Testis - Cilium"	"Cluster 14: Neurons - Synaptic function"	"Cluster 60: Prostate cancer - Unknown function"	"Cluster 77: Plasma cells - Protein processing"	18	Cytosol	"Golgi apparatus, Primary cilium"	"HPA028427: AB_10610561, HPA062167: AB_2684704"	"unprognostic (1.12e-1)"	"potential prognostic unfavorable (2.39e-5)"	"unprognostic (5.20e-2)"	"unprognostic (1.27e-1)"	"unprognostic (2.61e-2)"	"unprognostic (2.86e-1)"	"unprognostic (9.73e-2)"	"unprognostic (9.86e-2)"	"unprognostic (2.54e-1)"	"unprognostic (8.53e-2)"	"unprognostic (9.93e-2)"	"potential prognostic unfavorable (4.72e-4)"	"potential prognostic unfavorable (1.50e-6)"	"unprognostic (6.21e-3)"	"unprognostic (4.98e-3)"	"unprognostic (1.42e-2)"	"unprognostic (2.89e-1)"	"unprognostic (2.53e-1)"	"unprognostic (2.82e-1)"	"unprognostic (1.28e-1)"	"unprognostic (6.15e-2)"	"unprognostic (2.08e-1)"	"unprognostic (3.21e-2)"	"unprognostic (2.19e-1)"	"unprognostic (2.50e-1)"	"unprognostic (2.30e-2)"	"unprognostic (1.57e-1)"	"unprognostic (4.56e-2)"	"unprognostic (3.89e-1)"	"unprognostic (3.26e-1)"	"unprognostic (1.68e-2)"
TSPAN33	"MGC50844, Penumbra"	ENSG00000158457	"Tetraspanin 33"	Q86UF1	7	129144707-129169699	"Predicted membrane proteins, Transporters"				"Evidence at protein level"	"Evidence at protein level"	"Evidence at protein level"	"Evidence at protein level"	"Tissue enhanced"	"Detected in all"		"kidney: 63.0"	"Cell type enhanced"	"Detected in many"		"B-cells: 39.0;Langerhans cells: 106.0;Macrophages: 35.3;Peritubular cells: 31.1;Proximal tubular cells: 46.8;Schwann cells: 71.0"	"Low cell type specificity"	"Detected in many"			"Cancer enhanced"	"Detected in all"		"Kidney Renal Papillary Cell Carcinoma (TCGA): 45.4"	"Low region specificity"	"Detected in all"			"Immune cell enhanced"	"Detected in some"		"memory B-cell: 1.1;naive B-cell: 1.3"	"Low lineage specificity"	"Detected in single"			"Cancer enhanced"	"Detected in all"		"lymphoma: 34.0"	"Minor Salivary Gland - Minor salivary glandular cells, Spleen - B-cells (Spleen)"	"Low region specificity"	"Detected in all"			"Low region specificity"	"Detected in all"			HPA020357	Enhanced		Approved	Microtubules			NA	NA		11000	"Cluster 2: Dendritic cells - Unknown function"	"Cluster 52: Kidney - Transmembrane transport"	"Cluster 56: Hypothalamus - Neuropeptide signaling"	"Cluster 55: Lymphoma - Immune response"	"Cluster 28: Dendritic cells - Antigen presentation"	47	Microtubules		"HPA020357: AB_1858410"	"unprognostic (1.08e-1)"	"unprognostic (9.84e-2)"	"unprognostic (1.87e-1)"	"unprognostic (2.21e-2)"	"unprognostic (2.69e-1)"	"unprognostic (1.15e-1)"	"unprognostic (1.06e-1)"	"unprognostic (1.94e-1)"	"unprognostic (2.60e-1)"	"unprognostic (2.14e-1)"	"potential prognostic favorable (9.32e-5)"	"unprognostic (3.94e-1)"	"unprognostic (2.08e-1)"	"unprognostic (9.26e-2)"	"potential prognostic unfavorable (7.36e-4)"	"unprognostic (1.63e-1)"	"unprognostic (2.16e-1)"	"unprognostic (2.10e-1)"	"unprognostic (2.77e-1)"	"unprognostic (4.83e-1)"	"unprognostic (1.92e-1)"	"unprognostic (1.63e-3)"	"unprognostic (3.47e-2)"	"unprognostic (2.98e-1)"	"unprognostic (5.27e-2)"	"unprognostic (8.63e-2)"	"unprognostic (7.29e-2)"	"unprognostic (6.31e-2)"	"unprognostic (1.43e-1)"	"unprognostic (6.28e-3)"	"unprognostic (2.07e-1)"
VAV2		ENSG00000160293	"Vav guanine nucleotide exchange factor 2"	P52735	9	133761894-133992604	"Plasma proteins, Predicted intracellular proteins, Transporters"	Angiogenesis	"Guanine-nucleotide releasing factor"		"Evidence at protein level"	"Evidence at transcript level"	"Evidence at protein level"	"Evidence at protein level"	"Low tissue specificity"	"Detected in all"			"Cell type enhanced"	"Detected in many"		"Hepatocytes: 40.1;Inhibitory neurons: 39.2"	"Low cell type specificity"	"Detected in many"			"Low cancer specificity"	"Detected in all"			"Low region specificity"	"Detected in all"			"Immune cell enhanced"	"Detected in some"		"memory B-cell: 3.3"	"Group enriched"	"Detected in many"	22	"B-cells: 3.3;dendritic cells: 1.1;monocytes: 2.0"	"Low cancer specificity"	"Detected in all"			"Adipose visceral - Adipose progenitor cells, Heart muscle - Fibroblasts, Spleen - B-cells (Spleen), Testis - Spermatogonia, Thyroid gland - Thyroid glandular cells"	"Low region specificity"	"Detected in all"			"Low region specificity"	"Detected in all"			HPA003224	Uncertain		Approved	Vesicles			NA	NA			"Cluster 23: B-cells - Immunoglobulins"	"Cluster 68: Non-specific - Protein processing"	"Cluster 41: Monoamines - Neurotransmitter signalling"	"Cluster 43: Non-specific - Basic cellular processes"	"Cluster 62: Hepatocytes - Metabolism"	20	Vesicles		"HPA003224: AB_1080554"	"unprognostic (3.54e-2)"	"unprognostic (2.81e-2)"	"unprognostic (1.43e-2)"	"unprognostic (7.85e-2)"	"unprognostic (1.26e-1)"	"unprognostic (6.22e-3)"	"unprognostic (3.17e-1)"	"unprognostic (5.41e-2)"	"unprognostic (2.89e-1)"	"unprognostic (1.97e-1)"	"potential prognostic favorable (6.14e-5)"	"unprognostic (9.01e-3)"	"unprognostic (5.03e-2)"	"unprognostic (4.74e-2)"	"unprognostic (8.38e-2)"	"unprognostic (1.48e-2)"	"unprognostic (4.19e-2)"	"potential prognostic unfavorable (8.49e-4)"	"unprognostic (5.40e-2)"	"unprognostic (6.78e-3)"	"unprognostic (1.25e-1)"	"unprognostic (7.10e-2)"	"unprognostic (1.40e-3)"	"unprognostic (6.32e-2)"	"unprognostic (2.14e-1)"	"unprognostic (6.42e-2)"	"unprognostic (1.90e-2)"	"unprognostic (1.55e-2)"	"unprognostic (1.02e-1)"	"potential prognostic unfavorable (8.72e-4)"	"unprognostic (1.54e-1)"
WDR90	"C16orf15, C16orf16, C16orf17, C16orf18, C16orf19, FLJ36483, KIAA1924, POC16"	ENSG00000161996	"WD repeat domain 90"	Q96KV7	16	649311-667833	"Predicted intracellular proteins"	"Cilium biogenesis/degradation"			"Evidence at protein level"	"Evidence at protein level"	"Evidence at protein level"	"Evidence at protein level"	"Tissue enhanced"	"Detected in all"		"testis: 59.5"	"Cell type enhanced"	"Detected in many"		"Ciliated cells: 50.5;Rod photoreceptor cells: 35.4;Spermatocytes: 32.4"	"Cell type enhanced"	"Detected in all"		"ependymal cell: 43.0"	"Low cancer specificity"	"Detected in all"			"Low region specificity"	"Detected in all"			"Immune cell enhanced"	"Detected in single"		"memory B-cell: 1.2"	"Low lineage specificity"	"Detected in single"			"Low cancer specificity"	"Detected in many"			"Lung - Respiratory ciliated cells"	"Low region specificity"	"Detected in all"			"Low region specificity"	"Detected in many"			HPA049362	Approved		Supported	"Plasma membrane,Centrosome,Basal body"			NA	NA				"Cluster 78: Testis - Transcription"	"Cluster 17: Choroid plexus - Cilium"	"Cluster 54: Non-specific - Transcription"	"Cluster 42: Ciliated cells - Cilium assembly"	1	"Centrosome, Basal body"	"Plasma membrane"	"HPA049362: AB_2680728"	"unprognostic (1.70e-2)"	"unprognostic (8.91e-3)"	"unprognostic (2.35e-1)"	"potential prognostic favorable (9.62e-4)"	"unprognostic (2.16e-1)"	"unprognostic (1.30e-1)"	"unprognostic (4.23e-2)"	"unprognostic (8.92e-2)"	"potential prognostic favorable (4.80e-4)"	"unprognostic (5.63e-2)"	"potential prognostic unfavorable (2.50e-6)"	"unprognostic (1.26e-2)"	"unprognostic (4.47e-3)"	"unprognostic (7.92e-2)"	"unprognostic (1.69e-1)"	"unprognostic (2.63e-1)"	"unprognostic (2.57e-1)"	"unprognostic (4.69e-2)"	"unprognostic (5.98e-2)"	"unprognostic (2.05e-1)"	"unprognostic (2.79e-2)"	"unprognostic (9.53e-2)"	"unprognostic (1.17e-2)"	"unprognostic (1.55e-2)"	"potential prognostic favorable (9.10e-4)"	"unprognostic (7.34e-2)"	"unprognostic (1.57e-1)"	"unprognostic (1.11e-1)"	"unprognostic (2.67e-1)"	"unprognostic (1.70e-2)"	"unprognostic (3.15e-2)"
ZNF532	FLJ10697	ENSG00000074657	"Zinc finger protein 532"	Q9HCE3	18	58862600-58986480	"Predicted intracellular proteins, Transcription factors"	"Transcription, Transcription regulation"	DNA-binding		"Evidence at protein level"	"Evidence at transcript level"	"Evidence at protein level"	"Evidence at protein level"	"Low tissue specificity"	"Detected in all"			"Cell type enhanced"	"Detected in many"		"Astrocytes: 85.5;Excitatory neurons: 84.0;Inhibitory neurons: 87.0;Oligodendrocyte precursor cells: 122.2;Oligodendrocytes: 165.9;Prostatic glandular cells: 236.6"	"Low cell type specificity"	"Detected in all"			"Low cancer specificity"	"Detected in all"			"Low region specificity"	"Detected in all"			"Immune cell enhanced"	"Detected in some"		"memory B-cell: 3.8"	"Low lineage specificity"	"Detected in many"			"Low cancer specificity"	"Detected in all"			"Liver - Vascular Endothelial cells, Prostate - Prostate glandular cells"	"Low region specificity"	"Detected in all"			"Low region specificity"	"Detected in all"			HPA015322	Approved		Approved	"Nucleoplasm,Golgi apparatus"			NA	NA			"Cluster 23: B-cells - Immunoglobulins"	"Cluster 79: Non-specific - Transcription"	"Cluster 6: Non-specific - Immune response"	"Cluster 13: Non-specific - Mixed function"	"Cluster 40: Prostatic glandular cells - Transcription"		Nucleoplasm	"Golgi apparatus"	"HPA015322: AB_2304947"	"unprognostic (9.48e-2)"	"unprognostic (3.59e-1)"	"unprognostic (2.07e-1)"	"unprognostic (2.30e-2)"	"unprognostic (5.70e-3)"	"unprognostic (2.02e-2)"	"unprognostic (2.63e-1)"	"unprognostic (9.39e-2)"	"unprognostic (2.85e-2)"	"unprognostic (6.02e-2)"	"unprognostic (6.93e-3)"	"unprognostic (3.09e-3)"	"unprognostic (2.11e-1)"	"unprognostic (1.38e-2)"	"unprognostic (2.39e-1)"	"unprognostic (5.73e-2)"	"potential prognostic unfavorable (2.30e-4)"	"unprognostic (2.74e-2)"	"unprognostic (2.37e-1)"	"unprognostic (1.88e-1)"	"unprognostic (2.16e-1)"	"unprognostic (7.53e-3)"	"unprognostic (2.16e-2)"	"unprognostic (2.39e-1)"	"unprognostic (7.42e-2)"	"unprognostic (4.20e-2)"	"unprognostic (2.61e-2)"	"unprognostic (8.38e-2)"	"unprognostic (5.58e-1)"	"unprognostic (4.26e-2)"	"unprognostic (7.97e-2)"
