Gene	"Gene synonym"	Ensembl	"Gene description"	Uniprot	Chromosome	Position	"Protein class"	"Biological process"	"Molecular function"	"Disease involvement"	Evidence	"HPA evidence"	"UniProt evidence"	"NeXtProt evidence"	"RNA tissue specificity"	"RNA tissue distribution"	"RNA tissue specificity score"	"RNA tissue specific nTPM"	"RNA single cell type specificity"	"RNA single cell type distribution"	"RNA single cell type specificity score"	"RNA single cell type specific nTPM"	"RNA single nuclei brain specificity"	"RNA single nuclei brain distribution"	"RNA single nuclei brain specificity score"	"RNA single nuclei brain specific nTPM"	"RNA cancer specificity"	"RNA cancer distribution"	"RNA cancer specificity score"	"RNA cancer specific FPKM"	"RNA brain regional specificity"	"RNA brain regional distribution"	"RNA brain regional specificity score"	"RNA brain regional specific nTPM"	"RNA blood cell specificity"	"RNA blood cell distribution"	"RNA blood cell specificity score"	"RNA blood cell specific nTPM"	"RNA blood lineage specificity"	"RNA blood lineage distribution"	"RNA blood lineage specificity score"	"RNA blood lineage specific nTPM"	"RNA cell line specificity"	"RNA cell line distribution"	"RNA cell line specificity score"	"RNA cell line specific nTPM"	"RNA tissue cell type enrichment"	"RNA mouse brain regional specificity"	"RNA mouse brain regional distribution"	"RNA mouse brain regional specificity score"	"RNA mouse brain regional specific nTPM"	"RNA pig brain regional specificity"	"RNA pig brain regional distribution"	"RNA pig brain regional specificity score"	"RNA pig brain regional specific nTPM"	Antibody	"Reliability (IH)"	"Reliability (Mouse Brain)"	"Reliability (IF)"	"Subcellular location"	"Secretome location"	"Secretome function"	"CCD Protein"	"CCD Transcript"	"Blood concentration - Conc. blood IM [pg/L]"	"Blood concentration - Conc. blood MS [pg/L]"	"Blood expression cluster"	"Tissue expression cluster"	"Brain expression cluster"	"Cell line expression cluster"	"Single cell expression cluster"	Interactions	"Subcellular main location"	"Subcellular additional location"	"Antibody RRID"	"Cancer prognostics - Bladder Urothelial Carcinoma (TCGA)"	"Cancer prognostics - Breast Invasive Carcinoma (TCGA)"	"Cancer prognostics - Breast Invasive Carcinoma (validation)"	"Cancer prognostics - Cervical Squamous Cell Carcinoma and Endocervical Adenocarcinoma (TCGA)"	"Cancer prognostics - Colon Adenocarcinoma (TCGA)"	"Cancer prognostics - Colon Adenocarcinoma (validation)"	"Cancer prognostics - Glioblastoma Multiforme (TCGA)"	"Cancer prognostics - Glioblastoma Multiforme (validation)"	"Cancer prognostics - Head and Neck Squamous Cell Carcinoma (TCGA)"	"Cancer prognostics - Kidney Chromophobe (TCGA)"	"Cancer prognostics - Kidney Renal Clear Cell Carcinoma (TCGA)"	"Cancer prognostics - Kidney Renal Clear Cell Carcinoma (validation)"	"Cancer prognostics - Kidney Renal Papillary Cell Carcinoma (TCGA)"	"Cancer prognostics - Liver Hepatocellular Carcinoma (TCGA)"	"Cancer prognostics - Liver Hepatocellular Carcinoma (validation)"	"Cancer prognostics - Lung Adenocarcinoma (TCGA)"	"Cancer prognostics - Lung Adenocarcinoma (validation)"	"Cancer prognostics - Lung Squamous Cell Carcinoma (TCGA)"	"Cancer prognostics - Lung Squamous Cell Carcinoma (validation)"	"Cancer prognostics - Ovary Serous Cystadenocarcinoma (TCGA)"	"Cancer prognostics - Ovary Serous Cystadenocarcinoma (validation)"	"Cancer prognostics - Pancreatic Adenocarcinoma (TCGA)"	"Cancer prognostics - Pancreatic Adenocarcinoma (validation)"	"Cancer prognostics - Prostate Adenocarcinoma (TCGA)"	"Cancer prognostics - Rectum Adenocarcinoma (TCGA)"	"Cancer prognostics - Rectum Adenocarcinoma (validation)"	"Cancer prognostics - Skin Cuteneous Melanoma (TCGA)"	"Cancer prognostics - Stomach Adenocarcinoma (TCGA)"	"Cancer prognostics - Testicular Germ Cell Tumor (TCGA)"	"Cancer prognostics - Thyroid Carcinoma (TCGA)"	"Cancer prognostics - Uterine Corpus Endometrial Carcinoma (TCGA)"
KLK1	Klk6	ENSG00000167748	"Kallikrein 1"	P06870	19	50819146-50823787	"Enzymes, Metabolic proteins, Predicted secreted proteins"		"Hydrolase, Protease, Serine protease"		"Evidence at protein level"	"Evidence at transcript level"	"Evidence at protein level"	"Evidence at protein level"	"Group enriched"	"Detected in many"	84	"pancreas: 9254.3;salivary gland: 5321.3"	"Group enriched"	"Detected in many"	4	"Exocrine glandular cells: 519.0;Intestinal goblet cells: 1401.2"	"Cell type enhanced"	"Detected in single"		"fibroblast: 1.1"	"Cancer enriched"	"Detected in many"	16	"Kidney Chromophobe (TCGA): 2586.4"	"Not detected"	"Not detected"			"Group enriched"	"Detected in some"	9	"memory B-cell: 9.5;naive B-cell: 4.0"	"Lineage enriched"	"Detected in single"	13	"B-cells: 9.5"	"Cancer enriched"	"Detected in some"	4	"colorectal cancer: 12.3"	"Adipose visceral - Mesothelial cells, Colon - Colon enterocytes, Pancreas - Exocrine glandular cells, Prostate - Prostate glandular cells, Spleen - B-cells (Spleen)"					"Region enhanced"	"Detected in many"		"cerebral cortex: 9.1"	HPA059690	Approved				"Secreted to digestive system"	Enzyme	NA	NA		12000000	"Cluster 23: B-cells - Immunoglobulins"	"Cluster 15: Pancreas - Proteolysis"		"Cluster 57: Stomach & Colon cancer - Digestion"	"Cluster 60: Pancreatic exocrine cells - Proteolysis"	14			"HPA059690: "	"unprognostic (2.17e-1)"		"unprognostic (7.66e-2)"	"unprognostic (8.73e-3)"	"unprognostic (1.54e-1)"	"unprognostic (1.68e-1)"			"unprognostic (5.90e-2)"	"unprognostic (1.02e-2)"	"unprognostic (1.52e-2)"		"potential prognostic unfavorable (7.13e-4)"				"unprognostic (8.64e-2)"	"unprognostic (2.59e-2)"		"unprognostic (3.25e-3)"	"unprognostic (3.47e-1)"	"unprognostic (1.31e-1)"	"unprognostic (7.97e-2)"	"unprognostic (9.44e-2)"	"unprognostic (9.13e-2)"	"potential prognostic unfavorable (2.16e-4)"		"unprognostic (1.56e-1)"		"unprognostic (1.39e-1)"	"unprognostic (3.74e-1)"
MYL2	CMH10	ENSG00000111245	"Myosin light chain 2"	P10916	12	110910819-110921443	"Candidate cardiovascular disease genes, Disease related genes, Human disease related genes, Predicted intracellular proteins"		"Motor protein, Muscle protein, Myosin"	"Cardiomyopathy, Disease variant, Myofibrillar myopathy"	"Evidence at protein level"	"Evidence at protein level"	"Evidence at protein level"	"Evidence at protein level"	"Group enriched"	"Detected in many"	71	"heart muscle: 27012.9;skeletal muscle: 27956.9;tongue: 19033.3"	"Cell type enriched"	"Detected in some"	7	"Cardiomyocytes: 26134.7"	"Cell type enriched"	"Detected in single"	5	"mammillary body: 3.1"	"Group enriched"	"Detected in some"	41	"Head and Neck Squamous Cell Carcinoma (TCGA): 97.6;Prostate Adenocarcinoma (TCGA): 69.6"	"Region enriched"	"Detected in some"	6	"hypothalamus: 12.4"	"Group enriched"	"Detected in some"	12	"memory B-cell: 1.1;naive B-cell: 1.2"	"Lineage enriched"	"Detected in single"	12	"B-cells: 1.2"	"Cancer enriched"	"Detected in some"	12	"Rhabdoid: 59.2"	"Heart muscle - Cardiomyocytes, Skeletal muscle - Skeletal myocytes"	"Not detected"	"Not detected"			"Low region specificity"	"Detected in all"			"HPA019763, HPA039262"	Supported		Uncertain	Microtubules			NA	NA		65000		"Cluster 12: Heart muscle - Cardiac muscle contraction"	"Cluster 45: Non-specific - Mixed function"	"Cluster 72: Neuronal - Signal transduction"	"Cluster 68: Cardiomyocytes - Muscle contraction"	9	Microtubules		"HPA019763: AB_1854243, HPA039262: AB_2676418"		"unprognostic (3.32e-2)"							"unprognostic (1.32e-3)"															"unprognostic (2.88e-1)"						"unprognostic (2.02e-1)"	
FNDC11	"C20orf195, MGC5356"	ENSG00000125531	"Fibronectin type III domain containing 11"	Q9BVV2	20	63547891-63556695	"Predicted intracellular proteins"				"Evidence at protein level"	"Evidence at transcript level"	"Evidence at protein level"	"Evidence at protein level"	"Tissue enriched"	"Detected in some"	45	"testis: 105.0"	"Group enriched"	"Detected in some"	24	"Early spermatids: 1288.3;Late spermatids: 374.1"	"Cell type enriched"	"Detected in single"	4	"ependymal cell: 3.7"	"Low cancer specificity"	"Detected in many"			"Low region specificity"	"Detected in some"			"Group enriched"	"Detected in some"	5	"memory B-cell: 1.5;naive B-cell: 3.3"	"Lineage enriched"	"Detected in single"	7	"B-cells: 3.3"	"Low cancer specificity"	"Detected in many"			"Lung - Respiratory ciliated cells, Testis - Late spermatids"	"Not detected"	"Not detected"			"Not detected"	"Not detected"			HPA041341			Approved	Nucleoplasm,Vesicles,Aggresome			NA	NA			"Cluster 34: B-cells - Unknown function"	"Cluster 42: Testis - Spermatogenesis"	"Cluster 46: Brainstem - Mixed function"	"Cluster 15: Kidney cancer - Membrane components"	"Cluster 21: Early spermatids - Spermatogenesis"	54	"Nucleoplasm, Vesicles"	Aggresome	"HPA041341: AB_10794991"	"unprognostic (1.30e-1)"	"unprognostic (6.55e-2)"		"unprognostic (7.81e-2)"		"unprognostic (2.08e-2)"							"unprognostic (1.19e-1)"			"unprognostic (4.12e-2)"				"unprognostic (1.01e-2)"	"unprognostic (3.41e-1)"	"unprognostic (4.36e-1)"			"unprognostic (4.38e-2)"	"unprognostic (3.11e-1)"		"unprognostic (1.72e-1)"	"unprognostic (1.57e-1)"		"unprognostic (1.10e-1)"
LCN8	LCN5	ENSG00000204001	"Lipocalin 8"	Q6JVE9	9	136754386-136758543	"Predicted intracellular proteins, Predicted secreted proteins"	Transport			"Evidence at transcript level"	"Evidence at transcript level"	"Evidence at transcript level"	"Evidence at transcript level"	"Tissue enriched"	"Detected in some"	43	"epididymis: 82.0"	"Group enriched"	"Detected in some"	9	"B-cells: 13.7;Plasma cells: 3.9"	"Group enriched"	"Detected in some"	8	"hippocampal CA4: 3.4;upper rhombic lip: 5.7"	"Cancer enriched"	"Detected in single"	6	"Thyroid Carcinoma (TCGA): 1.5"	"Region enriched"	"Detected in single"	7	"cerebellum: 1.8"	"Group enriched"	"Detected in some"	60	"memory B-cell: 4.1;naive B-cell: 8.2"	"Lineage enriched"	"Detected in single"	79	"B-cells: 8.2"	"Not detected"	"Not detected"				"Not detected"	"Not detected"			"Not detected"	"Not detected"								"Secreted in male reproductive system"	Transport	NA	NA				"Cluster 50: Epididymis - Male reproductive secretion"	"Cluster 35: Non-specific - DNA binding"	"Cluster 6: Leukemia - Signal transduction"	"Cluster 73: B-cells - B-cell function"																																		"unprognostic (3.37e-1)"	
ZDHHC19	MGC33345	ENSG00000163958	"Zinc finger DHHC-type palmitoyltransferase 19"	Q8WVZ1	3	196197452-196211437	"Enzymes, Metabolic proteins, Predicted membrane proteins"		"Acyltransferase, Transferase"		"Evidence at protein level"	"Evidence at transcript level"	"Evidence at protein level"	"Evidence at protein level"	"Tissue enriched"	"Detected in some"	31	"testis: 48.7"	"Group enriched"	"Detected in some"	20	"Early spermatids: 293.2;Late spermatids: 809.8"	"Cell type enhanced"	"Detected in many"		"hippocampal dentate gyrus: 14.5"	"Not detected"	"Not detected"			"Not detected"	"Not detected"			"Group enriched"	"Detected in some"	20	"eosinophil: 1.2;memory B-cell: 2.5;naive B-cell: 2.4;neutrophil: 1.5"	"Group enriched"	"Detected in many"	21	"B-cells: 2.5;granulocytes: 1.5"	"Not detected"	"Not detected"			"Heart muscle - Neutrophils, Lung - Neutrophil_2, Pituitary gland - Gonadotropes, Spleen - Neutrophils, Testis - Late spermatids"	"Not detected"	"Not detected"			"Low region specificity"	"Detected in many"										NA	NA			"Cluster 22: Eosinophils - Transcription"	"Cluster 44: Testis - Spermatogenesis"		"Cluster 71: Lymphoma - Inflammatory response"	"Cluster 36: Late spermatids - Unknown function"	27																		"unprognostic (2.37e-1)"																
CABYR	"CBP86, CT88, FSP-2"	ENSG00000154040	"Calcium binding tyrosine phosphorylation regulated"	O75952	18	24138987-24161600	"Predicted intracellular proteins"				"Evidence at protein level"	"Evidence at protein level"	"Evidence at protein level"	"Evidence at protein level"	"Tissue enriched"	"Detected in many"	23	"testis: 295.1"	"Group enriched"	"Detected in many"	22	"Early spermatids: 2003.5;Late spermatids: 3980.5"	"Low cell type specificity"	"Detected in all"			"Cancer enhanced"	"Detected in all"		"Testicular Germ Cell Tumor (TCGA): 34.0"	"Low region specificity"	"Detected in all"			"Group enriched"	"Detected in some"	5	"basophil: 5.6;memory B-cell: 4.8;naive B-cell: 5.4;neutrophil: 2.0"	"Group enriched"	"Detected in many"	6	"B-cells: 5.4;granulocytes: 5.6"	"Cancer enriched"	"Detected in many"	5	"Gallbladder cancer: 102.6"	"Testis - Early spermatids, Testis - Late spermatids"	"Low region specificity"	"Detected in single"			"Low region specificity"	"Detected in all"			"HPA040703, HPA047801"	Enhanced		Supported	"Nucleoplasm,Cytosol,Principal piece"			NA	NA			"Cluster 20: Non-specific - DNA binding"	"Cluster 20: Testis - Spermatogenesis"	"Cluster 53: Neurons - Mixed function"	"Cluster 7: Liver cancer - Metabolism"	"Cluster 36: Late spermatids - Unknown function"	2	"Nucleoplasm, Cytosol, Principal piece"		"HPA040703: AB_2677087, HPA047801: AB_2680159"	"unprognostic (4.12e-2)"	"unprognostic (4.82e-3)"	"unprognostic (1.66e-1)"	"unprognostic (7.58e-3)"	"unprognostic (1.82e-1)"	"unprognostic (8.00e-3)"	"unprognostic (4.24e-2)"	"unprognostic (3.84e-2)"	"unprognostic (4.15e-2)"	"potential prognostic unfavorable (9.09e-4)"	"potential prognostic unfavorable (1.86e-6)"	"unprognostic (1.50e-2)"	"unprognostic (4.18e-2)"	"potential prognostic unfavorable (4.26e-4)"	"unprognostic (6.12e-2)"	"unprognostic (5.05e-2)"	"unprognostic (1.76e-1)"	"unprognostic (3.59e-1)"	"unprognostic (1.20e-2)"	"unprognostic (1.16e-2)"	"unprognostic (5.30e-1)"	"unprognostic (3.18e-2)"	"unprognostic (1.14e-1)"	"unprognostic (1.58e-1)"	"unprognostic (2.78e-1)"	"unprognostic (8.12e-2)"	"unprognostic (2.53e-1)"	"unprognostic (4.86e-2)"	"unprognostic (1.54e-1)"	"unprognostic (2.70e-1)"	"unprognostic (2.15e-1)"
CCR9	"CDw199, GPR-9-6, GPR28"	ENSG00000173585	"C-C motif chemokine receptor 9"	P51686	3	45884425-45903174	"CD markers, G-protein coupled receptors, Predicted intracellular proteins, Predicted membrane proteins"	"Host-virus interaction"	"G-protein coupled receptor, Receptor, Transducer"		"Evidence at protein level"	"Evidence at transcript level"	"Evidence at protein level"	"Evidence at protein level"	"Tissue enriched"	"Detected in some"	23	"lymphoid tissue: 126.5"	"Group enriched"	"Detected in some"	5	"B-cells: 1.2;T-cells: 3.4"	"Cell type enriched"	"Detected in single"	15	"fibroblast: 8.0"	"Not detected"	"Not detected"			"Low region specificity"	"Detected in many"			"Group enriched"	"Detected in some"	6	"memory B-cell: 24.3;naive B-cell: 15.7;T-reg: 8.2"	"Group enriched"	"Detected in many"	43	"B-cells: 24.3;T-cells: 8.2"	"Cancer enriched"	"Detected in single"	8	"Leukemia: 6.4"		"Not detected"	"Not detected"			"Low region specificity"	"Detected in all"			"CAB006839, HPA066879"	Uncertain		Approved	"Endoplasmic reticulum,Plasma membrane"			NA	NA			"Cluster 14: Non-specific - Unknown function"	"Cluster 71: Thymus - Adaptive immune response"	"Cluster 30: White matter - Myelination"	"Cluster 59: Leukemia - T-cell receptor"	"Cluster 78: NK-cells & T-cells - Immune system & Transcription"		"Plasma membrane"	"Endoplasmic reticulum"	"CAB006839: , HPA066879: "																															
IGHA2		ENSG00000211890	"Immunoglobulin heavy constant alpha 2 (A2m marker)"	P01877	14	105583731-105588395	"Immunoglobulin genes, Plasma proteins, Predicted intracellular proteins, Predicted membrane proteins, Predicted secreted proteins"	"Adaptive immunity, Immunity"			"Evidence at protein level"	"Evidence at transcript level"	"Evidence at protein level"	"Evidence at protein level"	"Tissue enriched"	"Detected in some"	23	"intestine: 562.7"	"Cell type enriched"	"Detected in many"	30	"Plasma cells: 9424.7"	"Not detected"	"Not detected"			"Low cancer specificity"	"Detected in many"			"Not detected"	"Not detected"			"Group enriched"	"Detected in some"	878	"memory B-cell: 280.4;naive B-cell: 124.8"	"Lineage enriched"	"Detected in single"	1215	"B-cells: 280.4"	"Cancer enriched"	"Detected in some"	5	"Myeloma: 47.8"	"Adipose subcutaneous - Plasma cells, Adipose visceral - Plasma cells, Adrenal gland - Plasma cells, Breast - Plasma cells, Colon - Plasma cells, Heart muscle - Plasma cells, Liver - Plasma cells, Lung - Plasma cells, Minor Salivary Gland - Plasma cells, Pancreas - Plasma cells, Pituitary gland - Plasma cells, Prostate - Plasma cells, Skeletal muscle - Plasma cells, Skin - Plasma cells, Spleen - Plasma cells, Stomach - Plasma cells, Thyroid gland - Plasma cells"									"HPA001217, HPA006013"	Approved				"Immunoglobulin genes"	Immunity	NA	NA		55000000000	"Cluster 17: B-cells - Immunoglobulins"			"Cluster 51: Myeloma - Immunoglobulins"	"Cluster 77: Plasma cells - Protein processing"	17			"HPA001217: AB_1079120, HPA006013: AB_1079119"	"unprognostic (5.24e-2)"	"unprognostic (1.79e-3)"		"potential prognostic favorable (6.50e-5)"	"unprognostic (3.36e-1)"	"unprognostic (1.99e-1)"		"unprognostic (5.28e-2)"	"unprognostic (1.09e-3)"		"unprognostic (5.05e-3)"	"unprognostic (9.02e-3)"	"potential prognostic unfavorable (3.47e-4)"	"unprognostic (2.49e-1)"		"unprognostic (8.14e-2)"	"unprognostic (1.27e-1)"	"unprognostic (2.80e-2)"	"unprognostic (7.91e-2)"	"unprognostic (3.28e-1)"	"unprognostic (1.31e-1)"	"unprognostic (2.30e-1)"	"unprognostic (1.95e-2)"	"unprognostic (6.25e-2)"	"unprognostic (2.31e-2)"	"unprognostic (4.24e-1)"	"unprognostic (5.27e-2)"	"unprognostic (2.61e-2)"	"unprognostic (2.17e-1)"	"unprognostic (4.34e-3)"	"unprognostic (3.82e-1)"
PLA2G2D	sPLA2S	ENSG00000117215	"Phospholipase A2 group IID"	Q9UNK4	1	20111939-20119566	"Enzymes, Metabolic proteins, Predicted secreted proteins, RAS pathway related proteins"	"Lipid degradation, Lipid metabolism"	Hydrolase		"Evidence at protein level"	"Evidence at transcript level"	"Evidence at protein level"	"Evidence at protein level"	"Tissue enriched"	"Detected in some"	23	"lymphoid tissue: 103.9"	"Cell type enriched"	"Detected in some"	6	"Plasma cells: 15.7"	"Not detected"	"Not detected"			"Cancer enriched"	"Detected in many"	7	"Testicular Germ Cell Tumor (TCGA): 47.8"	"Low region specificity"	"Detected in all"			"Group enriched"	"Detected in some"	6	"memory B-cell: 3.7;naive B-cell: 3.7;plasmacytoid DC: 2.0"	"Group enriched"	"Detected in many"	6	"B-cells: 3.7;dendritic cells: 2.0"	"Group enriched"	"Detected in some"	7	"lymphoma: 2.0;Myeloma: 1.8"	"Minor Salivary Gland - Plasma cells"	"Not detected"	"Not detected"			"Not detected"	"Not detected"								"Secreted in other tissues"	Enzyme	NA	NA			"Cluster 17: B-cells - Immunoglobulins"	"Cluster 36: Lymphoid tissue - Cytokine signaling"	"Cluster 48: Non-specific - Mixed function"	"Cluster 21: Lymphoma - Adaptive immune response"	"Cluster 77: Plasma cells - Protein processing"	1				"unprognostic (1.01e-1)"	"unprognostic (2.29e-3)"	"unprognostic (7.98e-2)"	"unprognostic (1.75e-2)"	"unprognostic (4.42e-2)"	"unprognostic (5.11e-2)"		"unprognostic (8.62e-2)"	"unprognostic (6.89e-3)"		"unprognostic (1.58e-2)"	"unprognostic (3.41e-3)"	"unprognostic (1.11e-1)"	"unprognostic (1.77e-1)"	"unprognostic (5.44e-2)"	"unprognostic (2.10e-2)"	"unprognostic (3.95e-1)"	"unprognostic (6.35e-2)"	"unprognostic (2.72e-1)"	"potential prognostic favorable (5.72e-4)"		"unprognostic (1.30e-2)"		"unprognostic (1.63e-1)"	"unprognostic (6.50e-3)"	"unprognostic (4.06e-2)"	"potential prognostic favorable (1.01e-4)"	"unprognostic (8.69e-2)"	"unprognostic (1.40e-1)"	"unprognostic (7.36e-2)"	"unprognostic (5.75e-2)"
NIBAN3	"BCNP1, FAM129C, FLJ39802"	ENSG00000167483	"Niban apoptosis regulator 3"	Q86XR2	19	17523301-17553839	"Predicted intracellular proteins"				"Evidence at protein level"	"Evidence at transcript level"	"Evidence at protein level"	"Evidence at protein level"	"Group enriched"	"Detected in some"	22	"bone marrow: 15.1;intestine: 16.2;lymphoid tissue: 33.8"	"Group enriched"	"Detected in some"	74	"B-cells: 139.0;dendritic cells: 225.6"	"Cell type enhanced"	"Detected in many"		"leukocyte: 9.9"	"Cancer enhanced"	"Detected in single"		"Pancreatic Adenocarcinoma (TCGA): 1.4"	"Not detected"	"Not detected"			"Group enriched"	"Detected in some"	380	"memory B-cell: 32.0;naive B-cell: 52.3;plasmacytoid DC: 110.9"	"Group enriched"	"Detected in many"	477	"B-cells: 52.3;dendritic cells: 110.9"	"Group enriched"	"Detected in some"	47	"Leukemia: 38.5;lymphoma: 69.0"	"Adipose visceral - T-cells, Breast - T-cells, Lung - B-cells (Lung), Spleen - B-cells (Spleen), Thyroid gland - T-cells"	"Not detected"	"Not detected"			"Low region specificity"	"Detected in all"			HPA043277	Approved		Approved	Cytosol			NA	NA			"Cluster 8: Plasmacytoid DCs - Unknown function"	"Cluster 70: Lymphoid tissue - Immune response"		"Cluster 46: Lymphoma - Humoral immune response"	"Cluster 73: B-cells - B-cell function"	2	Cytosol		"HPA043277: AB_10794391"																						"unprognostic (4.27e-2)"	"unprognostic (5.41e-3)"								
VPREB1	"CD179A, VpreB"	ENSG00000169575	"V-set pre-B cell surrogate light chain 1"	P12018	22	22244780-22245515	"CD markers, Predicted intracellular proteins"				"Evidence at protein level"	"Evidence at transcript level"	"Evidence at protein level"	"Evidence at protein level"	"Tissue enriched"	"Detected in some"	22	"bone marrow: 29.4"	"Not detected"	"Not detected"			"Not detected"	"Not detected"			"Not detected"	"Not detected"			"Not detected"	"Not detected"			"Group enriched"	"Detected in some"	4	"memory B-cell: 5.7;naive B-cell: 5.3"	"Lineage enriched"	"Detected in many"	5	"B-cells: 5.7"	"Cancer enriched"	"Detected in some"	4	"Leukemia: 204.5"	"Breast - Plasma cells, Lung - Plasma cells, Minor Salivary Gland - Plasma cells, Spleen - Plasma cells, Stomach - Plasma cells"	"Not detected"	"Not detected"			"Not detected"	"Not detected"			HPA055886	Approved				"Intracellular and membrane"	"No annotated function"	NA	NA		28000	"Cluster 34: B-cells - Unknown function"	"Cluster 6: Bone marrow - Innate immune response"		"Cluster 35: RS4;11 - Unknown function"	"Cluster 19: NK-cells - Adaptive immune response"				"HPA055886: AB_2682956"																															
GNG7	FLJ00058	ENSG00000176533	"G protein subunit gamma 7"	O60262	19	2511219-2702694	"Predicted intracellular proteins, RAS pathway related proteins"		Transducer		"Evidence at protein level"	"Evidence at protein level"	"Evidence at protein level"	"Evidence at protein level"	"Tissue enriched"	"Detected in all"	18	"brain: 447.1"	"Cell type enhanced"	"Detected in many"		"B-cells: 119.3;dendritic cells: 128.1;Horizontal cells: 91.3;Oligodendrocyte precursor cells: 96.2;Oligodendrocytes: 191.8;Plasma cells: 161.9"	"Cell type enhanced"	"Detected in all"		"medium spiny neuron: 595.4;oligodendrocyte: 489.6"	"Cancer enhanced"	"Detected in many"		"Glioblastoma Multiforme (TCGA): 37.3;Skin Cuteneous Melanoma (TCGA): 34.7"	"Low region specificity"	"Detected in all"			"Group enriched"	"Detected in many"	4	"memory B-cell: 57.5;naive B-cell: 50.3;plasmacytoid DC: 48.1"	"Group enriched"	"Detected in many"	4	"B-cells: 57.5;dendritic cells: 48.1"	"Group enriched"	"Detected in many"	7	"Leukemia: 15.0;lymphoma: 21.3;Myeloma: 28.9;skin cancer: 9.6"	"Heart muscle - Cardiomyocytes, Liver - Hepatocytes, Skin - Eccrine sweat gland cells, Spleen - B-cells (Spleen), Testis - Sertoli cells"	"Region enriched"	"Detected in all"	6	"basal ganglia: 1271.4"	"Region enriched"	"Detected in all"	5	"basal ganglia: 493.7"	HPA057790	Supported	Supported					NA	NA		20000	"Cluster 23: B-cells - Immunoglobulins"	"Cluster 33: Brain - Neuronal signaling"	"Cluster 33: Neurons - Mixed function"	"Cluster 6: Leukemia - Signal transduction"	"Cluster 73: B-cells - B-cell function"	9			"HPA057790: AB_2683527"	"unprognostic (9.06e-3)"	"unprognostic (3.97e-3)"	"potential prognostic favorable (5.84e-4)"		"unprognostic (2.16e-1)"	"unprognostic (1.75e-1)"	"unprognostic (3.13e-1)"	"unprognostic (3.53e-2)"		"unprognostic (3.74e-2)"	"validated prognostic favorable (1.28e-9)"	"validated prognostic favorable (2.06e-4)"	"potential prognostic favorable (2.88e-4)"	"validated prognostic favorable (3.68e-4)"	"validated prognostic favorable (7.36e-6)"	"potential prognostic favorable (3.60e-6)"	"unprognostic (1.62e-2)"	"unprognostic (1.07e-1)"	"unprognostic (2.17e-1)"	"unprognostic (1.41e-2)"	"unprognostic (4.95e-2)"	"potential prognostic favorable (1.20e-4)"	"unprognostic (9.72e-2)"	"unprognostic (3.64e-1)"		"unprognostic (4.24e-1)"	"unprognostic (7.81e-2)"	"unprognostic (1.83e-1)"	"unprognostic (1.80e-1)"	"unprognostic (2.85e-2)"	"unprognostic (1.60e-1)"
BLK	MGC10442	ENSG00000136573	"BLK proto-oncogene, Src family tyrosine kinase"	P51451	8	11486894-11564599	"Cancer-related genes, Disease related genes, Enzymes, Human disease related genes, Potential drug targets, Predicted intracellular proteins"		"Kinase, Transferase, Tyrosine-protein kinase"	"Cancer-related genes, Diabetes mellitus"	"Evidence at protein level"	"Evidence at protein level"	"Evidence at protein level"	"Evidence at protein level"	"Group enriched"	"Detected in some"	17	"intestine: 38.0;lymphoid tissue: 45.6"	"Cell type enriched"	"Detected in some"	7	"B-cells: 150.9"	"Cell type enriched"	"Detected in some"	26	"leukocyte: 32.4"	"Low cancer specificity"	"Detected in some"			"Not detected"	"Not detected"			"Group enriched"	"Detected in many"	4	"memory B-cell: 167.9;naive B-cell: 118.0"	"Lineage enriched"	"Detected in many"	5	"B-cells: 167.9"	"Cancer enriched"	"Detected in some"	4	"lymphoma: 64.1"	"Breast - Plasma cells, Lung - B-cells (Lung), Minor Salivary Gland - Plasma cells, Spleen - B-cells (Spleen)"	"Not detected"	"Not detected"			"Low region specificity"	"Detected in many"			"CAB005093, HPA069571"	Approved		Uncertain	Nucleoplasm			NA	NA			"Cluster 23: B-cells - Immunoglobulins"	"Cluster 70: Lymphoid tissue - Immune response"		"Cluster 46: Lymphoma - Humoral immune response"	"Cluster 73: B-cells - B-cell function"	42	Nucleoplasm		"CAB005093: AB_2274756, HPA069571: AB_2732137"			"unprognostic (6.08e-3)"			"unprognostic (3.42e-1)"										"unprognostic (1.66e-3)"	"unprognostic (8.21e-2)"		"unprognostic (1.15e-1)"			"unprognostic (2.65e-2)"						"unprognostic (4.65e-2)"			
FCRL1	"CD307a, FCRH1, IFGP1, IRTA5"	ENSG00000163534	"Fc receptor like 1"	Q96LA6	1	157794403-157820120	"CD markers, Predicted intracellular proteins, Predicted membrane proteins"		Receptor		"Evidence at protein level"	"Evidence at protein level"	"Evidence at protein level"	"Evidence at protein level"	"Group enriched"	"Detected in some"	17	"bone marrow: 8.0;intestine: 8.4;lymphoid tissue: 26.6"	"Cell type enriched"	"Detected in some"	32	"B-cells: 99.2"	"Cell type enriched"	"Detected in single"	38	"leukocyte: 24.3"	"Not detected"	"Not detected"			"Not detected"	"Not detected"			"Group enriched"	"Detected in some"	49	"memory B-cell: 39.4;naive B-cell: 68.3"	"Lineage enriched"	"Detected in many"	62	"B-cells: 68.3"	"Cancer enriched"	"Detected in single"	36	"lymphoma: 9.1"	"Heart muscle - Neutrophils, Spleen - B-cells (Spleen)"	"Low region specificity"	"Detected in all"			"Low region specificity"	"Detected in many"			HPA013323	Enhanced						NA	NA		270000	"Cluster 14: Non-specific - Unknown function"	"Cluster 70: Lymphoid tissue - Immune response"		"Cluster 46: Lymphoma - Humoral immune response"	"Cluster 73: B-cells - B-cell function"				"HPA013323: AB_1848480"			"unprognostic (1.35e-3)"																												
ABCB4	"GBD1, MDR2, MDR3, PFIC-3, PGY3"	ENSG00000005471	"ATP binding cassette subfamily B member 4"	P21439	7	87401696-87480435	"Disease related genes, Enzymes, Human disease related genes, Metabolic proteins, Plasma proteins, Potential drug targets, Predicted intracellular proteins, Predicted membrane proteins, Transporters"	"Lipid transport, Transport"	Translocase	"Disease variant, Intrahepatic cholestasis"	"Evidence at protein level"	"Evidence at protein level"	"Evidence at protein level"	"Evidence at protein level"	"Tissue enriched"	"Detected in some"	16	"liver: 119.4"	"Cell type enriched"	"Detected in some"	10	"Hepatocytes: 202.2"	"Group enriched"	"Detected in many"	4	"central nervous system macrophage: 26.6;endothelial cell: 25.7;lower rhombic lip: 12.0"	"Cancer enriched"	"Detected in some"	10	"Liver Hepatocellular Carcinoma (TCGA): 36.5"	"Low region specificity"	"Detected in many"			"Group enriched"	"Detected in some"	5	"memory B-cell: 4.4;naive B-cell: 8.2"	"Lineage enriched"	"Detected in many"	7	"B-cells: 8.2"	"Cancer enhanced"	"Detected in some"		"skin cancer: 9.0"	"Colon - Enteric glia cells, Heart muscle - Cardiomyocytes, Minor Salivary Gland - Fibroblasts, Skeletal muscle - Skeletal myocytes, Skin - Fibroblast_1, Spleen - B-cells (Spleen)"	"Low region specificity"	"Detected in many"							"HPA049395, HPA053288"	Enhanced		Approved	"Nucleoplasm,Plasma membrane,Focal adhesion sites,Cytosol"			NA	NA			"Cluster 34: B-cells - Unknown function"	"Cluster 83: Liver - Metabolism"	"Cluster 49: Hindbrain - Mixed function"	"Cluster 69: Skin cancer - ECM organization"	"Cluster 43: Hepatocytes - Metabolism"		"Nucleoplasm, Plasma membrane"	"Focal adhesion sites, Cytosol"	"HPA049395: AB_2680745, HPA053288: AB_2682102"			"unprognostic (5.25e-2)"			"unprognostic (1.31e-1)"	"unprognostic (4.84e-2)"	"unprognostic (1.73e-1)"			"potential prognostic favorable (2.60e-5)"	"unprognostic (1.32e-2)"	"unprognostic (9.38e-2)"	"unprognostic (2.06e-3)"	"potential prognostic favorable (9.66e-7)"		"unprognostic (2.49e-1)"					"unprognostic (1.67e-3)"	"unprognostic (7.84e-3)"			"unprognostic (2.42e-1)"	"unprognostic (2.60e-1)"				
CEP295NL	"DDC8, KIAA1731NL"	ENSG00000178404	"CEP295 N-terminal like"	Q96MC4	17	78890579-78903217	"Predicted intracellular proteins"				"Evidence at protein level"	"Evidence at transcript level"	"Evidence at transcript level"	"Evidence at protein level"	"Tissue enriched"	"Detected in some"	14	"testis: 27.6"	"Group enriched"	"Detected in some"	131	"Early spermatids: 212.0;Late spermatids: 504.1"	"Not detected"	"Not detected"			"Not detected"	"Not detected"			"Low region specificity"	"Detected in all"			"Group enriched"	"Detected in some"	5	"memory B-cell: 5.5;naive B-cell: 4.4"	"Lineage enriched"	"Detected in many"	5	"B-cells: 5.5"	"Cancer enhanced"	"Detected in some"		"Myeloma: 4.4"	"Testis - Late spermatids"	"Not detected"	"Not detected"							"HPA023609, HPA024619, HPA025717"	Uncertain		Approved	Vesicles			NA	NA			"Cluster 23: B-cells - Immunoglobulins"	"Cluster 20: Testis - Spermatogenesis"	"Cluster 11: White matter - Signal transduction"	"Cluster 51: Myeloma - Immunoglobulins"	"Cluster 11: Late spermatids - Unknown function"		Vesicles		"HPA023609: AB_10610974, HPA024619: AB_10602076, HPA025717: AB_10601900"						"unprognostic (2.91e-1)"		"unprognostic (1.96e-2)"															"potential prognostic unfavorable (5.86e-5)"			"unprognostic (2.77e-3)"					
GATM	AGAT	ENSG00000171766	"Glycine amidinotransferase"	P50440	15	45361124-45402327	"Disease related genes, Enzymes, Human disease related genes, Metabolic proteins, Plasma proteins, Potential drug targets, Predicted intracellular proteins"		Transferase	"Disease variant"	"Evidence at protein level"	"Evidence at protein level"	"Evidence at protein level"	"Evidence at protein level"	"Group enriched"	"Detected in all"	13	"kidney: 2023.4;liver: 2717.9;pancreas: 2843.6"	"Group enriched"	"Detected in many"	6	"Granulosa cells: 701.1;Hepatocytes: 1466.3;Proximal tubular cells: 2758.8"	"Cell type enhanced"	"Detected in all"		"oligodendrocyte: 227.1"	"Cancer enhanced"	"Detected in all"		"Liver Hepatocellular Carcinoma (TCGA): 487.6"	"Low region specificity"	"Detected in all"			"Group enriched"	"Detected in many"	5	"memory B-cell: 11.1;myeloid DC: 6.6;naive B-cell: 5.4;plasmacytoid DC: 6.8"	"Group enriched"	"Detected in many"	5	"B-cells: 11.1;dendritic cells: 6.8"	"Cancer enriched"	"Detected in all"	4	"Rhabdoid: 180.4"	"Colon - Enteric glia cells, Kidney - Proximal tubular cells, Liver - Hepatocytes, Skin - Keratinocyte (other), Testis - Sertoli cells, Thyroid gland - Thyroid glandular cells"	"Low region specificity"	"Detected in all"			"Low region specificity"	"Detected in all"			HPA026077	Enhanced		Supported	Mitochondria			NA	NA		450000	"Cluster 23: B-cells - Immunoglobulins"	"Cluster 68: Non-specific - Protein processing"	"Cluster 28: Oligodendrocytes - Mixed function"	"Cluster 5: Rhabdoid - Unknown function"	"Cluster 56: Proximal tubular cells - Amino acid metabolism"	10	Mitochondria		"HPA026077: AB_1849528"	"unprognostic (6.46e-2)"	"unprognostic (6.23e-2)"	"unprognostic (1.94e-1)"	"unprognostic (8.60e-2)"	"unprognostic (1.00e-1)"	"unprognostic (2.76e-1)"	"unprognostic (2.05e-1)"	"unprognostic (4.45e-2)"	"unprognostic (6.80e-2)"	"unprognostic (1.52e-1)"	"validated prognostic favorable (4.33e-10)"	"validated prognostic favorable (3.22e-6)"	"unprognostic (2.94e-3)"	"unprognostic (1.46e-2)"	"unprognostic (7.87e-3)"	"unprognostic (1.14e-1)"	"unprognostic (4.36e-1)"	"unprognostic (1.44e-1)"	"unprognostic (1.21e-1)"	"unprognostic (5.68e-2)"	"unprognostic (2.13e-1)"	"unprognostic (8.63e-2)"	"unprognostic (2.05e-2)"	"unprognostic (1.11e-1)"	"unprognostic (2.29e-1)"	"unprognostic (4.57e-2)"	"unprognostic (4.13e-2)"	"unprognostic (1.50e-1)"	"unprognostic (2.32e-1)"	"unprognostic (3.06e-2)"	"unprognostic (3.98e-2)"
TCL1A	TCL1	ENSG00000100721	"TCL1 family AKT coactivator A"	P56279	14	95709947-95714196	"Cancer-related genes, Disease related genes, Predicted intracellular proteins"			"Cancer-related genes, Proto-oncogene"	"Evidence at protein level"	"Evidence at protein level"	"Evidence at protein level"	"Evidence at protein level"	"Tissue enriched"	"Detected in some"	13	"lymphoid tissue: 261.2"	"Cell type enhanced"	"Detected in some"		"B-cells: 287.5;dendritic cells: 382.4;Oocytes: 87.5;Spermatogonia: 50.9"	"Cell type enriched"	"Detected in single"	31	"leukocyte: 3.1"	"Cancer enriched"	"Detected in many"	21	"Testicular Germ Cell Tumor (TCGA): 189.5"	"Not detected"	"Not detected"			"Group enriched"	"Detected in many"	295	"memory B-cell: 879.8;naive B-cell: 2165.4;plasmacytoid DC: 1102.9"	"Group enriched"	"Detected in all"	348	"B-cells: 2165.4;dendritic cells: 1102.9"	"Group enriched"	"Detected in some"	187	"Leukemia: 214.5;lymphoma: 528.5"	"Testis - Spermatocytes"	"Not detected"	"Not detected"			"Not detected"	"Not detected"			"CAB004045, HPA016604"	Enhanced		Enhanced	"Nucleoplasm,Endoplasmic reticulum,Cytosol"			NA	NA			"Cluster 34: B-cells - Unknown function"	"Cluster 36: Lymphoid tissue - Cytokine signaling"		"Cluster 46: Lymphoma - Humoral immune response"	"Cluster 73: B-cells - B-cell function"	50	"Endoplasmic reticulum, Cytosol"	Nucleoplasm	"CAB004045: AB_2179419, HPA016604: AB_1857859"	"unprognostic (1.09e-1)"	"unprognostic (1.86e-3)"	"unprognostic (5.76e-3)"		"unprognostic (3.65e-1)"	"unprognostic (6.79e-2)"			"potential prognostic favorable (6.88e-4)"							"potential prognostic favorable (9.56e-4)"	"unprognostic (1.21e-2)"	"unprognostic (2.75e-2)"	"unprognostic (3.00e-1)"			"unprognostic (1.72e-1)"				"unprognostic (2.60e-2)"		"unprognostic (1.44e-1)"	"unprognostic (2.27e-1)"	"unprognostic (2.44e-1)"	
TSHR	LGR3	ENSG00000165409	"Thyroid stimulating hormone receptor"	P16473	14	80954989-81146306	"Cancer-related genes, Disease related genes, FDA approved drug targets, G-protein coupled receptors, Human disease related genes, Predicted intracellular proteins, Predicted membrane proteins"		"G-protein coupled receptor, Receptor, Transducer"	"Cancer-related genes, Congenital hypothyroidism, Disease variant, FDA approved drug targets"	"Evidence at protein level"	"Evidence at transcript level"	"Evidence at protein level"	"Evidence at protein level"	"Tissue enriched"	"Detected in some"	13	"thyroid gland: 265.8"	"Cell type enhanced"	"Detected in many"		"Excitatory neurons: 6.7;Inhibitory neurons: 11.8;Langerhans cells: 7.2;Microglial cells: 6.3;Oligodendrocytes: 8.8;Plasma cells: 14.3"	"Low cell type specificity"	"Detected in all"			"Cancer enriched"	"Detected in some"	107	"Thyroid Carcinoma (TCGA): 266.1"	"Low region specificity"	"Detected in all"			"Group enriched"	"Detected in some"	5	"naive B-cell: 1.7;T-reg: 6.9"	"Group enriched"	"Detected in many"	5	"B-cells: 1.7;T-cells: 6.9"	"Cancer enhanced"	"Detected in some"		"Myeloma: 10.0"	"Minor Salivary Gland - Plasma cells, Testis - Late spermatids, Thyroid gland - Thyroid glandular cells"	"Low region specificity"	"Detected in some"			"Region enhanced"	"Detected in single"		"hypothalamus: 1.8"	CAB000473	Approved				"Intracellular and membrane"	Receptor	NA	NA			"Cluster 16: Non-specific - Cell proliferation"	"Cluster 51: Thyroid gland - Unknown function"	"Cluster 9: Non-specific - Receptor signaling"	"Cluster 59: Leukemia - T-cell receptor"	"Cluster 61: Plasma cells - Immunoglobulins & histones"	14			"CAB000473: AB_2303782"			"unprognostic (1.57e-2)"			"unprognostic (3.33e-2)"	"unprognostic (1.37e-2)"	"unprognostic (8.50e-3)"			"unprognostic (1.72e-1)"	"unprognostic (3.95e-2)"							"unprognostic (1.88e-2)"	"unprognostic (6.52e-2)"	"unprognostic (1.18e-1)"					"unprognostic (1.77e-3)"		"unprognostic (1.69e-1)"		"unprognostic (1.00e-1)"	
CD1A	CD1	ENSG00000158477	"CD1a molecule"	P06126	1	158254424-158258269	"CD markers, Predicted membrane proteins"	"Adaptive immunity, Immunity"			"Evidence at protein level"	"Evidence at protein level"	"Evidence at protein level"	"Evidence at protein level"	"Tissue enriched"	"Detected in some"	12	"lymphoid tissue: 309.8"	"Cell type enriched"	"Detected in some"	15	"Langerhans cells: 204.7"	"Not detected"	"Not detected"			"Cancer enhanced"	"Detected in many"		"Lung Adenocarcinoma (TCGA): 8.5"	"Not detected"	"Not detected"			"Group enriched"	"Detected in some"	25	"classical monocyte: 6.4;intermediate monocyte: 4.2;memory B-cell: 10.2;myeloid DC: 11.4;naive B-cell: 5.3"	"Group enriched"	"Detected in many"	37	"B-cells: 10.2;dendritic cells: 11.4;monocytes: 6.4"	"Cancer enriched"	"Detected in single"	16	"Leukemia: 13.5"						"Not detected"	"Not detected"			"CAB000009, HPA010734"	Enhanced						NA	NA		10000	"Cluster 2: Dendritic cells - Unknown function"	"Cluster 71: Thymus - Adaptive immune response"		"Cluster 59: Leukemia - T-cell receptor"	"Cluster 28: Dendritic cells - Antigen presentation"	1			"CAB000009: AB_2073290, HPA010734: AB_1078452"	"unprognostic (1.19e-1)"	"potential prognostic favorable (6.98e-5)"	"unprognostic (2.53e-2)"	"unprognostic (1.02e-3)"					"unprognostic (1.40e-2)"							"unprognostic (2.09e-2)"	"unprognostic (2.40e-1)"	"unprognostic (1.16e-1)"	"unprognostic (1.20e-1)"	"unprognostic (5.10e-2)"		"unprognostic (2.35e-2)"	"unprognostic (2.55e-2)"				"unprognostic (1.36e-1)"			"unprognostic (2.40e-1)"	
SERHL2		ENSG00000183569	"Serine hydrolase like 2"	Q9H4I8	22	42553617-42574382	"Plasma proteins, Predicted intracellular proteins"		Hydrolase		"Evidence at protein level"	"Evidence at transcript level"	"Evidence at transcript level"	"Evidence at protein level"	"Tissue enriched"	"Detected in many"	12	"breast: 414.0"	"Cell type enhanced"	"Detected in many"		"Granulosa cells: 12.5;Oocytes: 49.3"	"Low cell type specificity"	"Detected in all"			"Group enriched"	"Detected in many"	7	"Breast Invasive Carcinoma (TCGA): 75.6;Prostate Adenocarcinoma (TCGA): 37.4"	"Low region specificity"	"Detected in all"			"Group enriched"	"Detected in some"	8	"memory B-cell: 3.7;naive B-cell: 9.0;plasmacytoid DC: 4.3"	"Group enriched"	"Detected in many"	9	"B-cells: 9.0;dendritic cells: 4.3"	"Cancer enriched"	"Detected in all"	4	"breast cancer: 30.1"		"Low region specificity"	"Detected in all"			"Low region specificity"	"Detected in all"										NA	NA			"Cluster 14: Non-specific - Unknown function"	"Cluster 73: Breast - Lactation"	"Cluster 34: Non-specific - Mixed function"	"Cluster 27: Breast cancer - Unknown function"	"Cluster 44: Oocytes - Unknown function"					"unprognostic (4.16e-2)"	"unprognostic (2.23e-1)"	"unprognostic (2.90e-1)"	"unprognostic (6.78e-3)"			"unprognostic (4.64e-2)"	"potential prognostic unfavorable (3.00e-4)"	"unprognostic (3.89e-1)"	"unprognostic (2.55e-2)"	"unprognostic (4.44e-2)"	"unprognostic (2.07e-1)"	"unprognostic (2.45e-2)"	"unprognostic (5.05e-2)"	"unprognostic (2.00e-1)"	"unprognostic (1.34e-1)"	"unprognostic (7.65e-3)"	"unprognostic (3.57e-2)"	"unprognostic (2.53e-1)"	"unprognostic (1.75e-1)"	"unprognostic (1.08e-2)"	"unprognostic (1.52e-2)"	"unprognostic (1.08e-1)"	"unprognostic (2.93e-1)"			"unprognostic (8.26e-3)"	"unprognostic (1.74e-1)"	"unprognostic (9.76e-2)"	"unprognostic (1.75e-1)"	"unprognostic (1.07e-1)"
IGHG3		ENSG00000211897	"Immunoglobulin heavy constant gamma 3 (G3m marker)"		14	105764503-105771405	"Immunoglobulin genes, Predicted intracellular proteins, Predicted membrane proteins, Predicted secreted proteins"				"Evidence at transcript level"	"Evidence at transcript level"			"Tissue enriched"	"Detected in many"	11	"lymphoid tissue: 904.5"	"Cell type enriched"	"Detected in many"	5	"Plasma cells: 5943.9"	"Cell type enriched"	"Detected in single"	19	"leukocyte: 5.3"	"Cancer enhanced"	"Detected in all"		"Lung Squamous Cell Carcinoma (TCGA): 1536.4"	"Low region specificity"	"Detected in many"			"Group enriched"	"Detected in some"	416	"memory B-cell: 211.7;naive B-cell: 65.4"	"Lineage enriched"	"Detected in single"	636	"B-cells: 211.7"	"Cancer enriched"	"Detected in some"	4	"lymphoma: 97.5"	"Adipose subcutaneous - Plasma cells, Adipose visceral - Plasma cells, Adrenal gland - Plasma cells, Breast - Plasma cells, Colon - Plasma cells, Heart muscle - Plasma cells, Kidney - Plasma cells, Liver - Plasma cells, Lung - Plasma cells, Minor Salivary Gland - Plasma cells, Pancreas - Plasma cells, Pituitary gland - Plasma cells, Prostate - Plasma cells, Skeletal muscle - Plasma cells, Skin - Plasma cells, Spleen - Plasma cells, Stomach - Plasma cells, Thyroid gland - Plasma cells"														"Immunoglobulin genes"		NA	NA			"Cluster 17: B-cells - Immunoglobulins"		"Cluster 8: Immune cells - Immune response"	"Cluster 55: Lymphoma - Immune response"	"Cluster 77: Plasma cells - Protein processing"					"potential prognostic favorable (1.38e-4)"	"unprognostic (5.25e-3)"		"unprognostic (1.26e-3)"	"unprognostic (1.28e-1)"	"unprognostic (7.20e-2)"	"unprognostic (7.06e-3)"	"unprognostic (1.96e-2)"	"potential prognostic favorable (7.56e-5)"	"unprognostic (1.14e-1)"	"potential prognostic unfavorable (2.84e-4)"	"unprognostic (1.35e-2)"	"unprognostic (4.08e-3)"	"unprognostic (8.51e-3)"		"unprognostic (3.18e-2)"	"unprognostic (3.43e-1)"	"unprognostic (6.57e-2)"	"unprognostic (1.03e-1)"	"unprognostic (3.74e-2)"	"unprognostic (3.80e-2)"	"unprognostic (2.15e-1)"	"unprognostic (9.19e-3)"	"unprognostic (1.46e-1)"	"unprognostic (1.78e-1)"	"unprognostic (2.92e-2)"	"unprognostic (3.34e-2)"	"unprognostic (5.43e-2)"	"unprognostic (2.00e-1)"	"unprognostic (8.94e-2)"	"unprognostic (1.90e-1)"
CR2	"C3DR, CD21"	ENSG00000117322	"Complement C3d receptor 2"	P20023	1	207453024-207489895	"CD markers, Disease related genes, Human disease related genes, Plasma proteins, Predicted intracellular proteins, Predicted membrane proteins"	"Complement pathway, Host-virus interaction, Immunity, Innate immunity"	"Host cell receptor for virus entry, Receptor"	"Systemic lupus erythematosus"	"Evidence at protein level"	"Evidence at protein level"	"Evidence at protein level"	"Evidence at protein level"	"Tissue enriched"	"Detected in some"	10	"lymphoid tissue: 171.2"	"Cell type enhanced"	"Detected in some"		"B-cells: 43.3;Oocytes: 20.6;Plasma cells: 9.7"	"Low cell type specificity"	"Detected in some"			"Cancer enhanced"	"Detected in many"		"Pancreatic Adenocarcinoma (TCGA): 11.2"	"Not detected"	"Not detected"			"Group enriched"	"Detected in some"	8	"memory B-cell: 17.6;naive B-cell: 20.5"	"Lineage enriched"	"Detected in many"	8	"B-cells: 20.5"	"Group enriched"	"Detected in some"	7	"Leukemia: 8.6;lymphoma: 17.5;Myeloma: 8.1"	"Minor Salivary Gland - Plasma cells, Spleen - B-cells (Spleen)"	"Not detected"	"Not detected"							"CAB002659, HPA052942, HPA060715"	Enhanced						NA	NA		150000000	"Cluster 18: Non-specific - Translation"	"Cluster 36: Lymphoid tissue - Cytokine signaling"		"Cluster 55: Lymphoma - Immune response"	"Cluster 73: B-cells - B-cell function"	2			"CAB002659: , HPA052942: AB_2681994, HPA060715: AB_2684349"	"unprognostic (4.15e-1)"	"potential prognostic favorable (6.18e-4)"	"unprognostic (4.34e-2)"		"unprognostic (1.62e-1)"	"unprognostic (1.96e-1)"						"potential prognostic unfavorable (1.38e-4)"				"potential prognostic favorable (5.82e-5)"	"unprognostic (5.14e-2)"	"unprognostic (2.31e-1)"	"unprognostic (1.48e-1)"			"unprognostic (1.07e-1)"	"unprognostic (2.36e-1)"		"unprognostic (1.34e-1)"	"unprognostic (1.42e-2)"		"unprognostic (1.35e-1)"	"unprognostic (7.37e-2)"	"unprognostic (1.05e-1)"	"unprognostic (9.93e-2)"
FCRL2	"CD307b, FCRH2, IRTA4, SPAP1"	ENSG00000132704	"Fc receptor like 2"	Q96LA5	1	157745733-157777132	"CD markers, Predicted membrane proteins"		Receptor		"Evidence at protein level"	"Evidence at transcript level"	"Evidence at protein level"	"Evidence at protein level"	"Group enriched"	"Detected in some"	10	"intestine: 20.3;lymphoid tissue: 33.5"	"Group enriched"	"Detected in some"	41	"B-cells: 73.6;Plasma cells: 48.0"	"Cell type enriched"	"Detected in single"	36	"leukocyte: 9.0"	"Low cancer specificity"	"Detected in some"			"Low region specificity"	"Detected in all"			"Group enriched"	"Detected in some"	34	"memory B-cell: 29.8;naive B-cell: 18.5"	"Lineage enriched"	"Detected in single"	42	"B-cells: 29.8"	"Group enriched"	"Detected in some"	71	"lymphoma: 13.7;Myeloma: 5.3"	"Breast - Plasma cells, Lung - B-cells (Lung), Minor Salivary Gland - Plasma cells, Pituitary gland - Plasma cells, Spleen - B-cells (Spleen)"																NA	NA			"Cluster 17: B-cells - Immunoglobulins"	"Cluster 70: Lymphoid tissue - Immune response"	"Cluster 9: Non-specific - Receptor signaling"	"Cluster 55: Lymphoma - Immune response"	"Cluster 73: B-cells - B-cell function"	2						"potential prognostic favorable (4.10e-4)"			"unprognostic (1.15e-1)"										"potential prognostic favorable (6.25e-4)"	"unprognostic (2.57e-1)"	"unprognostic (2.89e-1)"	"unprognostic (2.81e-2)"			"unprognostic (2.45e-2)"	"unprognostic (3.25e-2)"			"unprognostic (2.67e-3)"			"unprognostic (2.75e-1)"		
GNG3		ENSG00000162188	"G protein subunit gamma 3"	P63215	11	62707676-62709201	"Predicted intracellular proteins, RAS pathway related proteins"		Transducer		"Evidence at protein level"	"Evidence at transcript level"	"Evidence at protein level"	"Evidence at protein level"	"Tissue enriched"	"Detected in many"	10	"brain: 462.7"	"Cell type enhanced"	"Detected in some"		"Bipolar cells: 32.8;Early spermatids: 17.1;Excitatory neurons: 22.5;Horizontal cells: 29.6;Inhibitory neurons: 19.9;Late spermatids: 124.2"	"Low cell type specificity"	"Detected in all"			"Cancer enriched"	"Detected in some"	16	"Glioblastoma Multiforme (TCGA): 33.1"	"Low region specificity"	"Detected in all"			"Group enriched"	"Detected in some"	30	"memory B-cell: 17.0;naive B-cell: 17.2"	"Lineage enriched"	"Detected in single"	31	"B-cells: 17.2"	"Cancer enriched"	"Detected in many"	9	"Neuroblastoma: 48.8"	"Colon - Colon enteroendocrine cells, Testis - Early spermatids, Testis - Late spermatids"	"Low region specificity"	"Detected in all"			"Low region specificity"	"Detected in all"										NA	NA			"Cluster 23: B-cells - Immunoglobulins"	"Cluster 22: Brain - Synaptic signal transduction"	"Cluster 52: Neurons & Synapses - Synaptic function"	"Cluster 17: Neuroblastoma - Neuronal signaling"	"Cluster 36: Late spermatids - Unknown function"	7					"unprognostic (9.02e-2)"	"unprognostic (9.70e-3)"			"unprognostic (6.82e-2)"	"unprognostic (2.16e-2)"	"unprognostic (2.43e-1)"							"unprognostic (6.50e-2)"					"unprognostic (1.44e-1)"		"unprognostic (1.14e-3)"				"unprognostic (2.84e-1)"			"unprognostic (8.38e-2)"		"unprognostic (3.75e-2)"
BTLA	"BTLA1, CD272"	ENSG00000186265	"B and T lymphocyte associated"	Q7Z6A9	3	112463966-112499472	"CD markers, Predicted membrane proteins, Predicted secreted proteins"	"Adaptive immunity, Immunity"	Receptor		"Evidence at protein level"	"Evidence at protein level"	"Evidence at protein level"	"Evidence at protein level"	"Tissue enriched"	"Detected in some"	9	"lymphoid tissue: 27.8"	"Cell type enhanced"	"Detected in some"		"B-cells: 63.4;dendritic cells: 18.2;Plasma cells: 21.0;Schwann cells: 20.4;T-cells: 9.0"	"Cell type enriched"	"Detected in some"	13	"leukocyte: 16.7"	"Cancer enhanced"	"Detected in some"		"Testicular Germ Cell Tumor (TCGA): 2.8"	"Low region specificity"	"Detected in single"			"Group enriched"	"Detected in many"	5	"memory B-cell: 65.3;naive B-cell: 96.8;plasmacytoid DC: 24.9"	"Group enriched"	"Detected in many"	4	"B-cells: 96.8;dendritic cells: 24.9"	"Cancer enhanced"	"Detected in some"		"lymphoma: 3.6;Myeloma: 13.3"	"Breast - Plasma cells, Minor Salivary Gland - Plasma cells"	"Not detected"	"Not detected"							"HPA047211, HPA062029, CAB080456"	Enhanced				"Secreted to blood"	Receptor	NA	NA		4000	"Cluster 34: B-cells - Unknown function"	"Cluster 36: Lymphoid tissue - Cytokine signaling"	"Cluster 37: Neurons - Mixed function"	"Cluster 55: Lymphoma - Immune response"	"Cluster 73: B-cells - B-cell function"				"CAB080456: , HPA047211: AB_2679983, HPA062029: AB_2684665"			"unprognostic (4.45e-2)"			"unprognostic (5.62e-2)"						"unprognostic (4.33e-2)"				"potential prognostic favorable (4.16e-4)"	"unprognostic (6.56e-2)"		"unprognostic (1.96e-1)"			"unprognostic (1.25e-1)"	"unprognostic (1.69e-2)"			"unprognostic (2.91e-2)"			"unprognostic (4.08e-2)"		
CD19		ENSG00000177455	"CD19 molecule"	P15391	16	28931965-28939342	"CD markers, Disease related genes, FDA approved drug targets, Human disease related genes, Predicted membrane proteins"	"Adaptive immunity, Immunity"		"FDA approved drug targets"	"Evidence at protein level"	"Evidence at protein level"	"Evidence at protein level"	"Evidence at protein level"	"Group enriched"	"Detected in some"	8	"intestine: 32.1;lymphoid tissue: 73.1"	"Cell type enhanced"	"Detected in some"		"B-cells: 128.5;Early spermatids: 52.8;Plasma cells: 27.6"	"Cell type enhanced"	"Detected in some"		"central nervous system macrophage: 1.0;endothelial cell: 1.2;leukocyte: 1.3"	"Low cancer specificity"	"Detected in many"			"Not detected"	"Not detected"			"Group enriched"	"Detected in some"	81	"memory B-cell: 138.6;naive B-cell: 172.5"	"Lineage enriched"	"Detected in many"	90	"B-cells: 172.5"	"Group enriched"	"Detected in some"	13	"Leukemia: 37.8;lymphoma: 71.1"	"Liver - T-cells, Lung - B-cells (Lung), Minor Salivary Gland - Plasma cells, Spleen - B-cells (Spleen), Testis - Early spermatids, Testis - Late spermatids"	"Not detected"	"Not detected"			"Low region specificity"	"Detected in many"			CAB016110	Enhanced						NA	NA			"Cluster 23: B-cells - Immunoglobulins"	"Cluster 70: Lymphoid tissue - Immune response"		"Cluster 6: Leukemia - Signal transduction"	"Cluster 73: B-cells - B-cell function"	7			"CAB016110: AB_626952"	"unprognostic (3.23e-1)"	"potential prognostic favorable (7.75e-5)"	"unprognostic (3.31e-2)"			"unprognostic (1.01e-1)"			"potential prognostic favorable (1.36e-5)"						"unprognostic (3.05e-1)"	"potential prognostic favorable (1.29e-4)"	"unprognostic (4.37e-2)"	"unprognostic (3.62e-1)"	"unprognostic (3.03e-1)"			"unprognostic (1.93e-1)"						"unprognostic (2.59e-2)"	"unprognostic (2.18e-1)"	"unprognostic (2.38e-1)"	
SIT1	SIT	ENSG00000137078	"Signaling threshold regulating transmembrane adaptor 1"	Q9Y3P8	9	35649295-35650931	"Predicted membrane proteins"	"Adaptive immunity, Immunity"			"Evidence at protein level"	"Evidence at protein level"	"Evidence at protein level"	"Evidence at protein level"	"Tissue enriched"	"Detected in some"	8	"lymphoid tissue: 91.6"	"Group enriched"	"Detected in some"	7	"B-cells: 79.8;dendritic cells: 38.9;Plasma cells: 21.4;T-cells: 79.3"	"Cell type enriched"	"Detected in single"	197	"leukocyte: 30.0"	"Low cancer specificity"	"Detected in many"			"Low region specificity"	"Detected in single"			"Group enriched"	"Detected in many"	46	"gdT-cell: 119.1;MAIT T-cell: 203.6;memory B-cell: 215.4;memory CD4 T-cell: 250.7;memory CD8 T-cell: 223.7;naive B-cell: 193.3;naive CD4 T-cell: 171.4;naive CD8 T-cell: 170.2;plasmacytoid DC: 202.0;T-reg: 354.3"	"Group enriched"	"Detected in many"	56	"B-cells: 215.4;dendritic cells: 202.0;T-cells: 354.3"	"Group enriched"	"Detected in some"	9	"Leukemia: 23.7;lymphoma: 82.2"	"Colon - T-cells, Lung - T-cells, Pituitary gland - T-cells, Prostate - T-cells, Skin - T-cells, Spleen - B-cells (Spleen)"	"Not detected"	"Not detected"			"Low region specificity"	"Detected in some"			HPA018506	Enhanced						NA	NA			"Cluster 43: Non-specific - Transcription & Translation"	"Cluster 71: Thymus - Adaptive immune response"	"Cluster 12: Non-specific - Vasculature"	"Cluster 46: Lymphoma - Humoral immune response"	"Cluster 19: NK-cells - Adaptive immune response"	10			"HPA018506: AB_2669896"	"unprognostic (1.29e-1)"	"unprognostic (1.40e-3)"	"unprognostic (1.10e-1)"	"unprognostic (3.35e-3)"	"unprognostic (2.59e-2)"	"unprognostic (9.45e-2)"		"unprognostic (1.13e-2)"	"potential prognostic favorable (3.96e-5)"		"unprognostic (1.71e-1)"	"unprognostic (1.43e-1)"	"potential prognostic unfavorable (8.51e-4)"	"unprognostic (6.95e-2)"	"unprognostic (1.25e-2)"	"unprognostic (8.04e-3)"	"unprognostic (3.23e-2)"	"unprognostic (6.67e-2)"	"unprognostic (2.22e-1)"	"unprognostic (5.12e-2)"	"unprognostic (6.96e-2)"	"unprognostic (2.66e-1)"	"unprognostic (2.76e-1)"	"unprognostic (1.22e-1)"	"unprognostic (1.20e-1)"	"unprognostic (1.48e-1)"	"unprognostic (1.18e-3)"	"unprognostic (2.29e-1)"	"unprognostic (1.41e-2)"	"unprognostic (9.99e-2)"	"unprognostic (2.38e-1)"
SPIB	SPI-B	ENSG00000269404	"Spi-B transcription factor"	Q01892	19	50418938-50431314	"Predicted intracellular proteins, Transcription factors"	"Transcription, Transcription regulation"	"Activator, DNA-binding"		"Evidence at protein level"	"Evidence at protein level"	"Evidence at protein level"	"Evidence at protein level"	"Group enriched"	"Detected in many"	8	"intestine: 27.1;lymphoid tissue: 96.5"	"Group enriched"	"Detected in some"	5	"dendritic cells: 437.7;Paneth cells: 1052.4"	"Cell type enriched"	"Detected in single"	5	"leukocyte: 4.4"	"Low cancer specificity"	"Detected in many"			"Low region specificity"	"Detected in all"			"Group enriched"	"Detected in many"	54	"memory B-cell: 309.0;naive B-cell: 261.6;plasmacytoid DC: 574.0"	"Group enriched"	"Detected in many"	112	"B-cells: 309.0;dendritic cells: 574.0"	"Cancer enriched"	"Detected in some"	15	"lymphoma: 292.0"	"Colon - Colon enterocytes, Spleen - B-cells (Spleen)"	"Not detected"	"Not detected"			"Not detected"	"Not detected"			HPA018523	Uncertain						NA	NA			"Cluster 12: Non-specific - Mitochondrial translation"	"Cluster 36: Lymphoid tissue - Cytokine signaling"	"Cluster 6: Non-specific - Immune response"	"Cluster 55: Lymphoma - Immune response"	"Cluster 28: Dendritic cells - Antigen presentation"	3			"HPA018523: AB_1857443"	"unprognostic (2.57e-1)"	"potential prognostic favorable (6.72e-4)"	"unprognostic (4.27e-3)"	"unprognostic (2.24e-1)"	"unprognostic (2.67e-1)"	"unprognostic (1.12e-3)"			"potential prognostic favorable (4.52e-5)"		"potential prognostic unfavorable (3.45e-6)"		"unprognostic (7.04e-2)"	"unprognostic (5.92e-2)"	"unprognostic (3.47e-1)"	"potential prognostic favorable (2.45e-4)"	"unprognostic (1.79e-1)"	"unprognostic (6.42e-2)"	"unprognostic (1.72e-1)"	"unprognostic (1.27e-1)"		"unprognostic (7.84e-2)"	"unprognostic (8.42e-2)"	"unprognostic (1.91e-1)"	"unprognostic (9.99e-3)"	"unprognostic (8.59e-2)"	"unprognostic (3.21e-1)"	"unprognostic (2.13e-1)"	"unprognostic (4.54e-2)"	"unprognostic (4.60e-2)"	"unprognostic (3.87e-3)"
TNFRSF13C	"BAFFR, CD268"	ENSG00000159958	"TNF receptor superfamily member 13C"	Q96RJ3	22	41922032-41926806	"CD markers, Disease related genes, Human disease related genes, Predicted membrane proteins"	"Adaptive immunity, Immunity"	Receptor	"Disease variant"	"Evidence at protein level"	"Evidence at protein level"	"Evidence at protein level"	"Evidence at protein level"	"Group enriched"	"Detected in many"	8	"intestine: 32.9;lymphoid tissue: 56.7"	"Cell type enriched"	"Detected in some"	12	"B-cells: 232.1"	"Cell type enriched"	"Detected in some"	13	"central nervous system macrophage: 72.8"	"Low cancer specificity"	"Detected in many"			"Low region specificity"	"Detected in all"			"Group enriched"	"Detected in some"	39	"memory B-cell: 22.3;naive B-cell: 28.8"	"Lineage enriched"	"Detected in single"	44	"B-cells: 28.8"	"Group enriched"	"Detected in many"	5	"Leukemia: 10.0;lymphoma: 25.8"	"Heart muscle - Cardiomyocytes, Lung - B-cells (Lung), Spleen - B-cells (Spleen)"	"Low region specificity"	"Detected in some"			"Low region specificity"	"Detected in all"			"HPA003246, CAB008380"	Enhanced						NA	NA			"Cluster 14: Non-specific - Unknown function"	"Cluster 70: Lymphoid tissue - Immune response"	"Cluster 43: Hindbrain - Mixed function"	"Cluster 55: Lymphoma - Immune response"	"Cluster 73: B-cells - B-cell function"	2			"CAB008380: AB_590602, HPA003246: AB_1078264"	"unprognostic (3.84e-2)"	"unprognostic (3.61e-3)"	"unprognostic (7.12e-2)"	"potential prognostic favorable (1.81e-4)"	"unprognostic (1.31e-1)"	"unprognostic (5.65e-2)"	"unprognostic (1.37e-2)"	"potential prognostic favorable (1.54e-5)"	"unprognostic (6.82e-3)"							"unprognostic (1.20e-3)"	"unprognostic (1.35e-1)"	"unprognostic (6.08e-2)"	"unprognostic (7.03e-3)"	"unprognostic (2.29e-1)"		"unprognostic (9.67e-2)"				"unprognostic (2.49e-3)"	"unprognostic (2.03e-1)"	"unprognostic (1.15e-1)"	"unprognostic (1.31e-1)"		"unprognostic (1.17e-1)"
UGT2B17		ENSG00000197888	"UDP glucuronosyltransferase family 2 member B17"	O75795	4	68537173-68576413	"Enzymes, Human disease related genes, Metabolic proteins, Predicted intracellular proteins, Predicted membrane proteins"	"Lipid metabolism, Steroid metabolism"	"Glycosyltransferase, Transferase"		"Evidence at protein level"	"Evidence at protein level"	"Evidence at protein level"	"Evidence at protein level"	"Group enriched"	"Detected in some"	8	"intestine: 368.4;liver: 107.8"	"Group enriched"	"Detected in some"	4	"Distal enterocytes: 173.2;Enteroendocrine cells: 123.6;Undifferentiated cells: 82.6"	"Not detected"	"Not detected"			"Group enriched"	"Detected in many"	8	"Colon Adenocarcinoma (TCGA): 28.9;Liver Hepatocellular Carcinoma (TCGA): 18.7;Rectum Adenocarcinoma (TCGA): 29.2"	"Low region specificity"	"Detected in all"			"Group enriched"	"Detected in some"	39	"memory B-cell: 4.0;naive B-cell: 15.2"	"Lineage enriched"	"Detected in single"	61	"B-cells: 15.2"	"Group enriched"	"Detected in some"	4	"lymphoma: 5.2;Myeloma: 7.1;prostate cancer: 12.6"	"Colon - Colon enterocytes, Minor Salivary Gland - Plasma cells"									HPA045108	Supported						NA	NA			"Cluster 34: B-cells - Unknown function"	"Cluster 25: Small intestine - Absorption"	"Cluster 10: Cerebellum - Nucleic acid binding"	"Cluster 55: Lymphoma - Immune response"	"Cluster 5: Enterocytes - Absorption"				"HPA045108: AB_2679218"		"unprognostic (1.93e-1)"			"unprognostic (7.25e-3)"	"unprognostic (1.22e-1)"								"unprognostic (2.85e-1)"	"unprognostic (1.74e-1)"			"unprognostic (5.47e-2)"	"unprognostic (7.98e-2)"	"unprognostic (3.98e-2)"	"unprognostic (3.55e-1)"	"unprognostic (2.50e-2)"	"unprognostic (8.56e-2)"		"unprognostic (3.51e-1)"	"unprognostic (4.37e-3)"		"unprognostic (1.12e-1)"	"unprognostic (3.12e-1)"		"unprognostic (5.15e-3)"
UGT8	CGT	ENSG00000174607	"UDP glycosyltransferase 8"	Q16880	4	114598770-114678225	"Enzymes, Metabolic proteins, Predicted intracellular proteins, Predicted membrane proteins"	"Lipid metabolism, Sphingolipid metabolism"	"Glycosyltransferase, Transferase"		"Evidence at protein level"	"Evidence at protein level"	"Evidence at protein level"	"Evidence at protein level"	"Tissue enriched"	"Detected in many"	8	"brain: 227.2"	"Cell type enriched"	"Detected in many"	8	"Oligodendrocytes: 764.3"	"Group enriched"	"Detected in many"	5	"committed oligodendrocyte precursor: 526.4;oligodendrocyte: 1203.7"	"Cancer enhanced"	"Detected in many"		"Kidney Chromophobe (TCGA): 70.9"	"Low region specificity"	"Detected in all"			"Group enriched"	"Detected in some"	10	"memory B-cell: 6.9;naive B-cell: 10.7"	"Lineage enriched"	"Detected in single"	13	"B-cells: 10.7"	"Low cancer specificity"	"Detected in many"			"Adrenal gland - Schwann cells, Colon - Colon enterocytes, Skin - Eccrine sweat gland cells, Spleen - B-cells (Spleen), Testis - Spermatocytes"	"Low region specificity"	"Detected in all"			"Low region specificity"	"Detected in all"			"HPA014405, HPA065785"	Enhanced		Approved	Mitochondria			No	No			"Cluster 14: Non-specific - Unknown function"	"Cluster 9: Oligodendrocytes - Myelination"	"Cluster 30: White matter - Myelination"	"Cluster 11: Neuronal - Sensory perception"	"Cluster 51: Oligodendrocytes - Unknown function"	24	Mitochondria		"HPA014405: AB_1858606, HPA065785: AB_2685559"	"unprognostic (3.52e-1)"	"unprognostic (2.01e-1)"	"unprognostic (3.65e-1)"	"unprognostic (2.91e-2)"	"unprognostic (1.71e-2)"	"unprognostic (1.70e-1)"	"unprognostic (2.13e-1)"	"potential prognostic favorable (7.11e-4)"	"unprognostic (4.10e-2)"	"unprognostic (3.02e-2)"	"potential prognostic favorable (1.68e-5)"	"unprognostic (2.20e-2)"	"unprognostic (2.43e-1)"		"unprognostic (1.36e-1)"	"unprognostic (1.22e-1)"	"unprognostic (1.44e-1)"	"unprognostic (1.16e-1)"	"unprognostic (2.27e-1)"	"unprognostic (1.10e-2)"	"unprognostic (4.28e-1)"	"unprognostic (4.18e-2)"	"unprognostic (1.71e-1)"	"unprognostic (1.91e-1)"	"unprognostic (1.90e-1)"	"unprognostic (7.58e-2)"	"unprognostic (2.09e-1)"	"unprognostic (8.49e-2)"	"unprognostic (8.29e-2)"	"unprognostic (4.03e-2)"	"unprognostic (8.45e-2)"
BIN1	"AMPH2, AMPHL, SH3P9"	ENSG00000136717	"Bridging integrator 1"	O00499	2	127048027-127107288	"Disease related genes, Human disease related genes, Predicted intracellular proteins"	"Differentiation, Endocytosis, Host-virus interaction"	"Developmental protein"	"Disease variant"	"Evidence at protein level"	"Evidence at protein level"	"Evidence at protein level"	"Evidence at protein level"	"Group enriched"	"Detected in all"	7	"skeletal muscle: 2044.6;tongue: 773.1"	"Cell type enhanced"	"Detected in many"		"Proximal tubular cells: 201.3;Skeletal myocytes: 750.4"	"Low cell type specificity"	"Detected in all"			"Cancer enhanced"	"Detected in all"		"Kidney Renal Papillary Cell Carcinoma (TCGA): 183.3"	"Low region specificity"	"Detected in all"			"Group enriched"	"Detected in many"	9	"gdT-cell: 187.0;MAIT T-cell: 164.2;memory B-cell: 166.4;memory CD4 T-cell: 192.6;memory CD8 T-cell: 187.4;naive B-cell: 181.9;naive CD4 T-cell: 177.5;naive CD8 T-cell: 171.5;NK-cell: 179.5;T-reg: 250.4"	"Group enriched"	"Detected in all"	9	"B-cells: 181.9;NK-cells: 179.5;T-cells: 250.4"	"Low cancer specificity"	"Detected in all"			"Kidney - Proximal tubular cells, Prostate - Smooth muscle cells"	"Low region specificity"	"Detected in all"			"Low region specificity"	"Detected in all"			"CAB001945, HPA003894, HPA005437"	Enhanced		Supported	Cytosol			NA	NA		740000	"Cluster 43: Non-specific - Transcription & Translation"	"Cluster 2: Skeletal muscle - Striated muscle contraction"	"Cluster 11: White matter - Signal transduction"	"Cluster 18: Liver cancer - Metabolism"	"Cluster 19: NK-cells - Adaptive immune response"	46	Cytosol		"CAB001945: , HPA003894: AB_1845360, HPA005437: AB_1078284"	"unprognostic (1.71e-1)"	"unprognostic (8.95e-2)"	"unprognostic (2.00e-2)"	"unprognostic (1.39e-1)"	"unprognostic (1.66e-1)"	"unprognostic (9.76e-3)"	"unprognostic (5.90e-2)"	"potential prognostic favorable (4.60e-4)"	"unprognostic (4.63e-2)"	"unprognostic (4.32e-2)"	"unprognostic (1.22e-3)"	"unprognostic (5.52e-1)"	"potential prognostic favorable (3.60e-4)"	"unprognostic (4.16e-3)"	"potential prognostic unfavorable (4.11e-4)"	"unprognostic (3.87e-2)"	"unprognostic (1.19e-2)"	"unprognostic (2.60e-1)"	"unprognostic (7.09e-2)"	"unprognostic (8.78e-2)"	"unprognostic (3.37e-1)"	"unprognostic (1.47e-2)"	"unprognostic (4.00e-1)"	"unprognostic (3.90e-1)"	"unprognostic (2.28e-2)"	"unprognostic (3.33e-2)"	"unprognostic (2.34e-1)"	"unprognostic (1.77e-2)"	"unprognostic (2.90e-1)"	"unprognostic (1.03e-3)"	"unprognostic (9.28e-2)"
C8orf89		ENSG00000274443	"Chromosome 8 open reading frame 89"	P0DMQ9	8	73241331-73259530	"Predicted intracellular proteins"				"Evidence at transcript level"	"Evidence at transcript level"	"Evidence at transcript level"	"Evidence at transcript level"	"Tissue enriched"	"Detected in some"	7	"testis: 7.6"	"Cell type enriched"	"Detected in some"	4	"Early spermatids: 48.6"	"Low cell type specificity"	"Detected in many"			"Not detected"	"Not detected"			"Not detected"	"Not detected"			"Group enriched"	"Detected in some"	5	"memory B-cell: 2.7;naive B-cell: 4.8"	"Lineage enriched"	"Detected in single"	6	"B-cells: 4.8"	"Not detected"	"Not detected"			"Testis - Early spermatids"	"Not detected"	"Not detected"			"Low region specificity"	"Detected in all"										NA	NA			"Cluster 34: B-cells - Unknown function"	"Cluster 44: Testis - Spermatogenesis"		"Cluster 46: Lymphoma - Humoral immune response"	"Cluster 18: Early spermatids - Unknown function"																																			
ENO2	NSE	ENSG00000111674	"Enolase 2"	P09104	12	6913745-6923698	"Cancer-related genes, Candidate cardiovascular disease genes, Enzymes, Metabolic proteins, Plasma proteins, Predicted intracellular proteins"	Glycolysis	Lyase	"Cancer-related genes"	"Evidence at protein level"	"Evidence at protein level"	"Evidence at protein level"	"Evidence at protein level"	"Group enriched"	"Detected in all"	7	"brain: 844.5;retina: 1644.2"	"Group enriched"	"Detected in many"	5	"Bipolar cells: 350.8;Cone photoreceptor cells: 1162.2;Horizontal cells: 293.3;Rod photoreceptor cells: 643.6"	"Low cell type specificity"	"Detected in all"			"Low cancer specificity"	"Detected in all"			"Low region specificity"	"Detected in all"			"Group enriched"	"Detected in many"	4	"gdT-cell: 9.9;MAIT T-cell: 11.4;memory B-cell: 6.8;memory CD4 T-cell: 13.1;memory CD8 T-cell: 11.4;naive B-cell: 4.5;naive CD4 T-cell: 8.2;naive CD8 T-cell: 8.6;neutrophil: 7.0;T-reg: 7.5"	"Group enriched"	"Detected in many"	7	"B-cells: 6.8;granulocytes: 7.0;T-cells: 13.1"	"Low cancer specificity"	"Detected in all"			"Adipose visceral - Adipose progenitor cells, Spleen - B-cells (Spleen)"	"Low region specificity"	"Detected in all"			"Low region specificity"	"Detected in all"			"CAB000063, HPA068284, HPA068721, CAB073539, CAB079023"	Enhanced	Supported	Enhanced	"Plasma membrane,Cytosol"			NA	NA		61000000	"Cluster 43: Non-specific - Transcription & Translation"	"Cluster 28: Neuronal - Transcription"	"Cluster 52: Neurons & Synapses - Synaptic function"	"Cluster 15: Kidney cancer - Membrane components"	"Cluster 66: Photoreceptor cells - Visual perception"	11	"Plasma membrane, Cytosol"		"CAB000063: AB_2099322, CAB073539: , CAB079023: , HPA068284: , HPA068721: AB_2732119"	"potential prognostic favorable (6.50e-4)"	"unprognostic (2.31e-1)"	"unprognostic (1.22e-1)"	"unprognostic (4.55e-2)"	"unprognostic (1.57e-3)"	"unprognostic (7.86e-2)"	"potential prognostic unfavorable (9.52e-4)"	"unprognostic (2.33e-1)"	"unprognostic (1.73e-2)"	"unprognostic (4.55e-3)"	"potential prognostic unfavorable (6.20e-4)"	"unprognostic (3.11e-3)"	"unprognostic (1.61e-2)"	"unprognostic (1.03e-3)"	"unprognostic (1.45e-1)"	"unprognostic (8.18e-2)"	"unprognostic (3.68e-2)"	"unprognostic (2.06e-1)"	"unprognostic (2.21e-1)"	"unprognostic (1.71e-1)"	"unprognostic (1.32e-1)"	"unprognostic (3.16e-1)"	"potential prognostic unfavorable (6.28e-4)"	"unprognostic (5.19e-2)"	"unprognostic (1.25e-1)"	"unprognostic (1.82e-1)"	"unprognostic (1.05e-1)"	"unprognostic (9.28e-2)"	"unprognostic (3.58e-1)"	"unprognostic (1.14e-2)"	"unprognostic (9.17e-2)"
HLA-DOB		ENSG00000241106	"Major histocompatibility complex, class II, DO beta"	P13765	6	32812763-32820466	"Predicted intracellular proteins, Predicted membrane proteins"	"Adaptive immunity, Immunity"			"Evidence at protein level"	"Evidence at protein level"	"Evidence at protein level"	"Evidence at protein level"	"Group enriched"	"Detected in many"	7	"intestine: 19.0;lymphoid tissue: 40.0"	"Cell type enhanced"	"Detected in many"		"B-cells: 94.4;Langerhans cells: 26.2;Plasma cells: 30.0;Schwann cells: 53.5"	"Low cell type specificity"	"Detected in many"			"Low cancer specificity"	"Detected in many"			"Not detected"	"Not detected"			"Group enriched"	"Detected in some"	18	"memory B-cell: 214.6;naive B-cell: 259.2"	"Lineage enriched"	"Detected in many"	19	"B-cells: 259.2"	"Cancer enriched"	"Detected in some"	6	"lymphoma: 17.8"	"Minor Salivary Gland - Plasma cells, Spleen - B-cells (Spleen)"	"Not detected"	"Not detected"			"Low region specificity"	"Detected in all"			HPA013846	Enhanced						NA	NA			"Cluster 18: Non-specific - Translation"	"Cluster 70: Lymphoid tissue - Immune response"		"Cluster 46: Lymphoma - Humoral immune response"	"Cluster 73: B-cells - B-cell function"	1			"HPA013846: AB_1853928"	"unprognostic (4.80e-1)"	"potential prognostic favorable (3.44e-4)"		"unprognostic (5.64e-2)"		"unprognostic (3.20e-2)"		"unprognostic (2.57e-1)"	"unprognostic (5.32e-3)"		"unprognostic (2.72e-1)"	"unprognostic (9.21e-2)"	"unprognostic (1.09e-2)"	"unprognostic (1.75e-1)"		"unprognostic (2.91e-2)"	"unprognostic (1.56e-1)"	"unprognostic (5.58e-2)"	"unprognostic (1.26e-1)"		"unprognostic (4.96e-2)"	"unprognostic (2.69e-2)"	"unprognostic (5.84e-2)"			"unprognostic (3.19e-2)"		"unprognostic (2.87e-2)"	"unprognostic (1.79e-1)"	"unprognostic (1.44e-1)"	"unprognostic (2.12e-1)"
IGHJ4		ENSG00000240041	"Immunoglobulin heavy joining 4"		14	105864215-105864260	"Immunoglobulin genes, Predicted intracellular proteins"				"Evidence at transcript level"	"Evidence at transcript level"			"Group enriched"	"Detected in many"	7	"esophagus: 201.5;intestine: 240.3;stomach 1: 438.3;urinary bladder: 574.6"	"Cell type enriched"	"Detected in single"	105	"Plasma cells: 62.3"	"Not detected"	"Not detected"			"Low cancer specificity"	"Detected in all"			"Region enhanced"	"Detected in all"		"midbrain: 65.3"	"Group enriched"	"Detected in many"	186	"memory B-cell: 5988.8;naive B-cell: 2632.7"	"Lineage enriched"	"Detected in all"	258	"B-cells: 5988.8"	"Group enriched"	"Detected in some"	7	"lymphoma: 629.5;Myeloma: 2140.2"	"Adipose subcutaneous - Plasma cells, Adipose visceral - Plasma cells, Adrenal gland - Plasma cells, Breast - Plasma cells, Colon - Plasma cells, Heart muscle - Plasma cells, Liver - Plasma cells, Lung - Plasma cells, Minor Salivary Gland - Plasma cells, Pancreas - Plasma cells, Pituitary gland - Plasma cells, Prostate - Plasma cells, Skeletal muscle - Plasma cells, Skin - Plasma cells, Spleen - Plasma cells, Stomach - Plasma cells, Thyroid gland - Plasma cells"																NA	NA			"Cluster 17: B-cells - Immunoglobulins"		"Cluster 41: Monoamines - Neurotransmitter signalling"	"Cluster 51: Myeloma - Immunoglobulins"	"Cluster 23: Plasma cells - Humoral immune response"					"unprognostic (4.40e-2)"	"unprognostic (1.46e-1)"		"unprognostic (9.56e-2)"	"unprognostic (9.55e-3)"	"unprognostic (2.36e-2)"	"unprognostic (1.72e-2)"	"unprognostic (1.97e-1)"	"unprognostic (1.39e-1)"	"unprognostic (5.99e-1)"	"unprognostic (1.63e-1)"	"unprognostic (7.21e-2)"	"unprognostic (1.30e-1)"	"unprognostic (1.24e-1)"		"unprognostic (9.34e-2)"	"unprognostic (1.37e-1)"	"unprognostic (2.57e-1)"	"unprognostic (4.05e-2)"	"unprognostic (2.11e-1)"		"unprognostic (2.13e-2)"		"unprognostic (2.63e-1)"	"unprognostic (3.82e-1)"	"unprognostic (1.03e-1)"	"unprognostic (4.83e-1)"	"unprognostic (5.66e-2)"	"unprognostic (5.72e-1)"	"unprognostic (1.34e-1)"	"unprognostic (2.32e-1)"
IGHV2-70		ENSG00000274576	"Immunoglobulin heavy variable 2-70"	P01814	14	106770577-106771020	"Immunoglobulin genes, Predicted secreted proteins"	"Adaptive immunity, Immunity"			"Evidence at protein level"	"Evidence at transcript level"	"Evidence at protein level"	"Evidence at protein level"	"Group enriched"	"Detected in many"	7	"lymphoid tissue: 704.3;stomach 1: 487.4"	"Cell type enriched"	"Detected in some"	507	"Plasma cells: 5448.9"	"Not detected"	"Not detected"			"Low cancer specificity"	"Detected in many"			"Region enhanced"	"Detected in some"		"cerebral cortex: 8.4"	"Group enriched"	"Detected in some"	242	"memory B-cell: 24.7;naive B-cell: 23.5"	"Lineage enriched"	"Detected in single"	248	"B-cells: 24.7"	"Cancer enriched"	"Detected in some"	5	"lymphoma: 124.6"	"Adipose visceral - Plasma cells, Adrenal gland - Plasma cells, Breast - Plasma cells, Colon - Plasma cells, Liver - Plasma cells, Lung - Plasma cells, Minor Salivary Gland - Plasma cells, Pancreas - Plasma cells, Pituitary gland - Plasma cells, Prostate - Plasma cells, Spleen - Plasma cells, Stomach - Plasma cells, Thyroid gland - Plasma cells"														"Immunoglobulin genes"	Immunity	NA	NA		620000000	"Cluster 17: B-cells - Immunoglobulins"		"Cluster 40: Astrocytes - Astrocyte-neuron interactions"	"Cluster 46: Lymphoma - Humoral immune response"	"Cluster 77: Plasma cells - Protein processing"					"unprognostic (2.50e-1)"	"unprognostic (1.01e-3)"		"unprognostic (3.02e-2)"	"unprognostic (1.10e-1)"	"unprognostic (1.58e-1)"			"unprognostic (1.06e-2)"		"unprognostic (1.96e-2)"	"unprognostic (2.82e-1)"	"unprognostic (1.01e-3)"	"unprognostic (1.15e-1)"		"unprognostic (4.57e-2)"	"unprognostic (1.77e-2)"	"unprognostic (2.88e-1)"	"unprognostic (2.94e-2)"	"unprognostic (1.53e-1)"		"unprognostic (1.41e-1)"		"unprognostic (3.06e-1)"	"unprognostic (1.02e-2)"	"unprognostic (5.35e-2)"	"unprognostic (1.88e-1)"	"unprognostic (2.86e-2)"	"unprognostic (3.60e-1)"	"unprognostic (5.63e-2)"	"unprognostic (1.12e-1)"
IGKV6D-21	"A10, IGKV6D21"	ENSG00000225523	"Immunoglobulin kappa variable 6D-21 (non-functional)"	A0A0A0MT36	2	90021567-90022185	"Immunoglobulin genes, Predicted secreted proteins"	"Adaptive immunity, Immunity"			"Evidence at transcript level"	"Evidence at transcript level"	"No human protein/transcript evidence"	"Evidence at transcript level"	"Group enriched"	"Detected in many"	7	"intestine: 64.5;lymphoid tissue: 148.0;urinary bladder: 220.0"	"Cell type enriched"	"Detected in some"	4	"Plasma cells: 134.7"	"Not detected"	"Not detected"			"Cancer enhanced"	"Detected in many"		"Lung Squamous Cell Carcinoma (TCGA): 41.5"	"Region enhanced"	"Detected in single"		"medulla oblongata: 1.4"	"Group enriched"	"Detected in some"	155	"memory B-cell: 14.2;naive B-cell: 16.6"	"Lineage enriched"	"Detected in single"	167	"B-cells: 16.6"	"Not detected"	"Not detected"			"Breast - Plasma cells, Colon - Plasma cells, Liver - Plasma cells, Lung - Plasma cells, Minor Salivary Gland - Plasma cells, Pancreas - Plasma cells, Spleen - Plasma cells, Stomach - Plasma cells, Thyroid gland - Plasma cells"					"Not detected"	"Not detected"								"Immunoglobulin genes"	Immunity	NA	NA		410000000	"Cluster 17: B-cells - Immunoglobulins"		"Cluster 43: Hindbrain - Mixed function"	"Cluster 46: Lymphoma - Humoral immune response"	"Cluster 61: Plasma cells - Immunoglobulins & histones"					"unprognostic (6.53e-1)"	"potential prognostic favorable (4.19e-6)"		"unprognostic (3.44e-2)"	"unprognostic (1.80e-3)"	"unprognostic (1.56e-1)"			"potential prognostic favorable (1.36e-5)"		"unprognostic (1.43e-2)"	"unprognostic (2.07e-1)"	"unprognostic (4.21e-3)"	"unprognostic (1.06e-1)"		"unprognostic (4.91e-2)"	"unprognostic (4.29e-3)"	"unprognostic (1.46e-1)"	"unprognostic (3.02e-1)"	"unprognostic (5.69e-2)"	"unprognostic (5.16e-2)"	"unprognostic (1.18e-1)"	"unprognostic (6.95e-2)"	"unprognostic (9.98e-2)"	"unprognostic (1.30e-1)"	"unprognostic (1.81e-1)"	"unprognostic (5.87e-1)"	"unprognostic (4.09e-2)"	"unprognostic (1.17e-1)"	"unprognostic (9.75e-2)"	"unprognostic (2.43e-1)"
IGLJ3		ENSG00000211678	"Immunoglobulin lambda joining 3"		22	22904850-22905025	"Immunoglobulin genes, Predicted intracellular proteins"				"Evidence at transcript level"	"Evidence at transcript level"			"Group enriched"	"Detected in many"	7	"intestine: 536.7;lymphoid tissue: 221.5;salivary gland: 144.5;stomach 1: 449.6;urinary bladder: 142.3"	"Group enriched"	"Detected in some"	29	"B-cells: 3.6;Plasma cells: 2.4"	"Not detected"	"Not detected"			"Cancer enhanced"	"Detected in all"		"Lung Squamous Cell Carcinoma (TCGA): 488.0"	"Region enhanced"	"Detected in some"		"cerebral cortex: 3.1"	"Group enriched"	"Detected in many"	24	"memory B-cell: 1232.2;naive B-cell: 1150.4"	"Lineage enriched"	"Detected in many"	25	"B-cells: 1232.2"	"Cancer enriched"	"Detected in some"	7	"Myeloma: 549.2"	"Adipose subcutaneous - Plasma cells, Adipose visceral - Plasma cells, Adrenal gland - Plasma cells, Breast - Plasma cells, Colon - Plasma cells, Liver - Plasma cells, Lung - Plasma cells, Minor Salivary Gland - Plasma cells, Pancreas - Plasma cells, Pituitary gland - Plasma cells, Prostate - Plasma cells, Skin - Plasma cells, Spleen - Plasma cells, Stomach - Plasma cells, Thyroid gland - Plasma cells"																NA	NA			"Cluster 17: B-cells - Immunoglobulins"		"Cluster 8: Immune cells - Immune response"	"Cluster 51: Myeloma - Immunoglobulins"	"Cluster 73: B-cells - B-cell function"					"unprognostic (3.59e-1)"	"potential prognostic favorable (7.82e-5)"		"unprognostic (1.77e-2)"	"unprognostic (9.57e-2)"	"unprognostic (2.63e-1)"	"unprognostic (6.61e-3)"		"potential prognostic favorable (8.60e-4)"	"unprognostic (3.80e-1)"	"unprognostic (2.62e-2)"	"unprognostic (7.73e-2)"	"unprognostic (1.77e-2)"	"unprognostic (6.22e-2)"		"unprognostic (1.25e-1)"	"unprognostic (7.25e-2)"	"unprognostic (6.09e-2)"	"unprognostic (7.93e-3)"	"unprognostic (9.66e-2)"		"unprognostic (2.14e-1)"		"unprognostic (1.16e-1)"	"unprognostic (3.38e-2)"	"unprognostic (5.63e-2)"	"unprognostic (3.32e-2)"	"unprognostic (4.15e-2)"	"unprognostic (3.43e-1)"	"unprognostic (2.15e-1)"	"unprognostic (8.39e-2)"
IGLV10-54		ENSG00000211642	"Immunoglobulin lambda variable 10-54"	A0A075B6I4	22	22214794-22215270	"Immunoglobulin genes, Predicted secreted proteins"	"Adaptive immunity, Immunity"			"Evidence at protein level"	"Evidence at transcript level"	"No human protein/transcript evidence"	"Evidence at protein level"	"Group enriched"	"Detected in many"	7	"breast: 117.4;intestine: 312.0;lymphoid tissue: 318.5;salivary gland: 245.2;stomach 1: 188.7"	"Cell type enriched"	"Detected in some"	17	"Plasma cells: 208.2"	"Low cell type specificity"	"Detected in some"			"Low cancer specificity"	"Detected in many"			"Group enriched"	"Detected in some"	4	"cerebral cortex: 2.0;choroid plexus: 1.4;medulla oblongata: 2.6;white matter: 1.0"	"Group enriched"	"Detected in some"	32	"memory B-cell: 59.2;naive B-cell: 35.1"	"Lineage enriched"	"Detected in many"	40	"B-cells: 59.2"	"Not detected"	"Not detected"			"Adipose visceral - Plasma cells, Adrenal gland - Plasma cells, Breast - Plasma cells, Kidney - Plasma cells, Liver - Plasma cells, Lung - Plasma cells, Minor Salivary Gland - Plasma cells, Pancreas - Plasma cells, Pituitary gland - Plasma cells, Prostate - Plasma cells, Spleen - Plasma cells, Stomach - Plasma cells, Thyroid gland - Plasma cells"														"Immunoglobulin genes"	Immunity	NA	NA		150000000	"Cluster 34: B-cells - Unknown function"		"Cluster 8: Immune cells - Immune response"	"Cluster 46: Lymphoma - Humoral immune response"	"Cluster 61: Plasma cells - Immunoglobulins & histones"					"unprognostic (2.01e-1)"	"potential prognostic favorable (1.66e-4)"		"unprognostic (1.76e-2)"	"unprognostic (4.70e-3)"	"unprognostic (7.55e-2)"			"potential prognostic favorable (4.49e-5)"		"unprognostic (2.82e-2)"	"unprognostic (7.02e-2)"	"potential prognostic unfavorable (3.83e-4)"	"unprognostic (1.46e-1)"		"unprognostic (1.10e-1)"	"unprognostic (2.45e-1)"	"unprognostic (1.05e-1)"	"unprognostic (8.94e-2)"	"unprognostic (1.03e-1)"	"unprognostic (3.40e-1)"	"unprognostic (7.51e-2)"	"unprognostic (1.13e-2)"	"unprognostic (7.39e-2)"	"unprognostic (2.83e-2)"	"unprognostic (4.01e-2)"	"unprognostic (2.72e-1)"	"unprognostic (1.34e-1)"	"unprognostic (1.95e-1)"	"unprognostic (1.07e-2)"	"unprognostic (2.96e-1)"
IGLV3-27		ENSG00000211658	"Immunoglobulin lambda variable 3-27"	P01718	22	22668288-22668806	"Immunoglobulin genes, Predicted secreted proteins"	"Adaptive immunity, Immunity"			"Evidence at protein level"	"Evidence at transcript level"	"Evidence at protein level"	"Evidence at protein level"	"Tissue enriched"	"Detected in many"	7	"lymphoid tissue: 388.7"	"Cell type enriched"	"Detected in some"	140	"Plasma cells: 793.5"	"Not detected"	"Not detected"			"Cancer enhanced"	"Detected in many"		"Lung Adenocarcinoma (TCGA): 95.3"	"Low region specificity"	"Detected in single"			"Group enriched"	"Detected in some"	720	"memory B-cell: 194.8;naive B-cell: 371.2"	"Lineage enriched"	"Detected in single"	945	"B-cells: 371.2"	"Not detected"	"Not detected"			"Adipose visceral - Plasma cells, Breast - Plasma cells, Colon - Plasma cells, Liver - Plasma cells, Lung - Plasma cells, Minor Salivary Gland - Plasma cells, Pancreas - Plasma cells, Prostate - Plasma cells, Skin - Plasma cells, Spleen - Plasma cells, Stomach - Plasma cells, Thyroid gland - Plasma cells"														"Immunoglobulin genes"	Immunity	NA	NA		1500000000	"Cluster 17: B-cells - Immunoglobulins"		"Cluster 8: Immune cells - Immune response"	"Cluster 51: Myeloma - Immunoglobulins"	"Cluster 23: Plasma cells - Humoral immune response"					"unprognostic (7.36e-3)"	"unprognostic (2.08e-2)"		"unprognostic (1.50e-2)"	"unprognostic (2.18e-1)"	"unprognostic (9.10e-2)"	"unprognostic (2.99e-1)"		"potential prognostic favorable (7.69e-7)"		"potential prognostic unfavorable (2.25e-4)"	"unprognostic (6.01e-2)"	"unprognostic (7.48e-3)"	"unprognostic (7.07e-2)"		"unprognostic (3.50e-2)"	"unprognostic (1.01e-3)"	"unprognostic (7.79e-2)"	"unprognostic (5.74e-2)"	"unprognostic (3.87e-1)"	"unprognostic (2.61e-1)"	"unprognostic (6.37e-2)"	"unprognostic (2.43e-2)"	"unprognostic (1.68e-1)"	"unprognostic (6.82e-3)"	"unprognostic (7.95e-3)"	"unprognostic (1.33e-1)"	"unprognostic (8.17e-2)"	"unprognostic (2.21e-1)"	"unprognostic (1.64e-1)"	"unprognostic (2.11e-1)"
TNFRSF13B	"CD267, IGAD2, TACI"	ENSG00000240505	"TNF receptor superfamily member 13B"	O14836	17	16929816-16972118	"CD markers, Disease related genes, Human disease related genes, Predicted intracellular proteins, Predicted membrane proteins"	"Adaptive immunity, Immunity"	Receptor	"Disease variant"	"Evidence at protein level"	"Evidence at transcript level"	"Evidence at protein level"	"Evidence at protein level"	"Group enriched"	"Detected in some"	7	"intestine: 18.4;lymphoid tissue: 32.2;skeletal muscle: 60.5"	"Group enriched"	"Detected in some"	39	"B-cells: 121.3;Plasma cells: 153.5"	"Cell type enriched"	"Detected in single"	5	"leukocyte: 2.2"	"Low cancer specificity"	"Detected in many"			"Low region specificity"	"Detected in many"			"Group enriched"	"Detected in some"	41	"memory B-cell: 131.4;naive B-cell: 52.1"	"Lineage enriched"	"Detected in many"	59	"B-cells: 131.4"	"Group enriched"	"Detected in some"	6	"lymphoma: 69.1;Myeloma: 110.9"	"Adipose subcutaneous - Plasma cells, Breast - Plasma cells, Minor Salivary Gland - Plasma cells, Spleen - B-cells (Spleen), Stomach - Plasma cells, Thyroid gland - Plasma cells"	"Low region specificity"	"Detected in many"			"Low region specificity"	"Detected in all"			HPA030453	Uncertain						NA	NA			"Cluster 17: B-cells - Immunoglobulins"	"Cluster 19: Non-specific - Basic cellular processes"	"Cluster 6: Non-specific - Immune response"	"Cluster 55: Lymphoma - Immune response"	"Cluster 73: B-cells - B-cell function"	10			"HPA030453: AB_10601700"	"unprognostic (4.28e-1)"		"unprognostic (4.98e-2)"	"unprognostic (1.91e-2)"												"potential prognostic favorable (7.34e-4)"	"unprognostic (7.15e-2)"	"unprognostic (1.33e-1)"	"unprognostic (2.91e-1)"			"unprognostic (1.83e-1)"						"unprognostic (2.24e-1)"	"unprognostic (3.25e-1)"		
CD72	"CD72b, LYB2"	ENSG00000137101	"CD72 molecule"	P21854	9	35609982-35646810	"CD markers, Predicted intracellular proteins, Predicted membrane proteins"				"Evidence at protein level"	"Evidence at protein level"	"Evidence at protein level"	"Evidence at protein level"	"Tissue enriched"	"Detected in many"	6	"lymphoid tissue: 63.1"	"Cell type enhanced"	"Detected in many"		"B-cells: 80.8;dendritic cells: 17.1;Hofbauer cells: 18.0;Kupffer cells: 19.2;Langerhans cells: 16.8;Macrophages: 18.6;monocytes: 26.2;NK-cells: 20.9"	"Low cell type specificity"	"Detected in many"			"Low cancer specificity"	"Detected in all"			"Low region specificity"	"Detected in all"			"Group enriched"	"Detected in many"	16	"memory B-cell: 233.6;naive B-cell: 413.2"	"Lineage enriched"	"Detected in all"	20	"B-cells: 413.2"	"Group enriched"	"Detected in some"	32	"Leukemia: 20.9;lymphoma: 39.1"	"Prostate - T-cells, Thyroid gland - T-cells"	"Region enriched"	"Detected in single"	7	"basal ganglia: 4.1"	"Low region specificity"	"Detected in some"			"CAB002505, HPA044658"	Enhanced		Uncertain	Nucleoplasm,Mitochondria			NA	NA			"Cluster 34: B-cells - Unknown function"	"Cluster 70: Lymphoid tissue - Immune response"	"Cluster 12: Non-specific - Vasculature"	"Cluster 35: RS4;11 - Unknown function"	"Cluster 73: B-cells - B-cell function"	16	"Nucleoplasm, Mitochondria"		"CAB002505: AB_563629, HPA044658: AB_2679039"	"unprognostic (7.25e-2)"	"unprognostic (3.59e-1)"	"unprognostic (3.32e-2)"	"unprognostic (4.26e-2)"	"unprognostic (3.40e-3)"	"unprognostic (2.03e-2)"	"unprognostic (1.48e-2)"	"unprognostic (1.74e-1)"	"unprognostic (2.45e-1)"	"unprognostic (1.77e-1)"	"unprognostic (2.78e-3)"	"unprognostic (1.06e-1)"	"unprognostic (5.58e-2)"	"unprognostic (2.31e-2)"	"unprognostic (4.94e-2)"	"unprognostic (2.70e-1)"	"unprognostic (2.75e-2)"	"unprognostic (1.21e-1)"	"unprognostic (3.97e-1)"	"unprognostic (9.33e-2)"	"unprognostic (1.19e-1)"	"unprognostic (6.16e-2)"	"unprognostic (7.46e-3)"	"unprognostic (2.20e-1)"	"unprognostic (2.37e-2)"	"unprognostic (4.71e-2)"	"unprognostic (1.17e-2)"	"unprognostic (2.22e-1)"	"unprognostic (1.80e-2)"	"unprognostic (3.93e-1)"	"unprognostic (5.06e-2)"
CLEC17A	FLJ45910	ENSG00000187912	"C-type lectin domain containing 17A"	Q6ZS10	19	14583084-14612035	"Predicted membrane proteins"		Receptor		"Evidence at protein level"	"Evidence at transcript level"	"Evidence at protein level"	"Evidence at protein level"	"Group enriched"	"Detected in some"	6	"intestine: 6.4;lymphoid tissue: 17.7"	"Cell type enhanced"	"Detected in some"		"B-cells: 21.4;Early spermatids: 4.7;Late spermatids: 11.3;Microglial cells: 2.7"	"Cell type enriched"	"Detected in some"	7	"central nervous system macrophage: 40.1"	"Low cancer specificity"	"Detected in some"			"Low region specificity"	"Detected in all"			"Group enriched"	"Detected in some"	11	"memory B-cell: 21.5;naive B-cell: 43.0"	"Lineage enriched"	"Detected in many"	14	"B-cells: 43.0"	"Cancer enriched"	"Detected in some"	7	"lymphoma: 15.5"	"Lung - B-cells (Lung), Prostate - T-cells, Spleen - B-cells (Spleen), Testis - Late spermatids"					"Not detected"	"Not detected"										NA	NA			"Cluster 18: Non-specific - Translation"	"Cluster 70: Lymphoid tissue - Immune response"	"Cluster 25: Non-specific - Transcription"	"Cluster 55: Lymphoma - Immune response"	"Cluster 73: B-cells - B-cell function"	19						"unprognostic (1.01e-2)"			"unprognostic (8.05e-3)"	"unprognostic (3.29e-1)"	"unprognostic (5.99e-2)"									"unprognostic (1.84e-1)"		"unprognostic (8.26e-2)"			"unprognostic (1.64e-2)"				"unprognostic (4.38e-3)"		"unprognostic (2.81e-2)"			
FCRL5	"BXMAS1, CD307e, FCRH5, IRTA2"	ENSG00000143297	"Fc receptor like 5"	Q96RD9	1	157513377-157552515	"CD markers, Disease related genes, Predicted membrane proteins, Predicted secreted proteins"	Fertilization	Receptor		"Evidence at protein level"	"Evidence at transcript level"	"Evidence at protein level"	"Evidence at protein level"	"Tissue enriched"	"Detected in some"	6	"lymphoid tissue: 35.4"	"Group enriched"	"Detected in some"	9	"B-cells: 83.7;Early spermatids: 68.8;Plasma cells: 249.7"	"Cell type enriched"	"Detected in single"	18	"leukocyte: 6.0"	"Low cancer specificity"	"Detected in many"			"Not detected"	"Not detected"			"Group enriched"	"Detected in some"	17	"memory B-cell: 13.0;naive B-cell: 14.2"	"Lineage enriched"	"Detected in single"	17	"B-cells: 14.2"	"Group enriched"	"Detected in some"	12	"lymphoma: 20.4;Myeloma: 7.2"	"Adipose subcutaneous - Plasma cells, Adipose visceral - Plasma cells, Adrenal gland - Plasma cells, Breast - Plasma cells, Colon - Plasma cells, Heart muscle - Plasma cells, Liver - Plasma cells, Lung - Plasma cells, Minor Salivary Gland - Plasma cells, Pancreas - Plasma cells, Pituitary gland - Plasma cells, Prostate - Plasma cells, Skeletal muscle - Plasma cells, Skin - Plasma cells, Testis - Early spermatids, Testis - Late spermatids, Thyroid gland - Plasma cells"	"Not detected"	"Not detected"			"Not detected"	"Not detected"								"Secreted to blood"	Receptor	NA	NA	169000000	59000000	"Cluster 23: B-cells - Immunoglobulins"	"Cluster 36: Lymphoid tissue - Cytokine signaling"		"Cluster 55: Lymphoma - Immune response"	"Cluster 77: Plasma cells - Protein processing"	2					"potential prognostic favorable (4.47e-4)"	"unprognostic (5.25e-2)"	"unprognostic (6.86e-3)"	"unprognostic (5.14e-2)"	"unprognostic (1.37e-1)"			"potential prognostic favorable (4.64e-5)"						"unprognostic (2.59e-1)"	"unprognostic (1.80e-2)"	"unprognostic (2.44e-3)"	"unprognostic (9.65e-2)"	"unprognostic (2.17e-1)"			"unprognostic (2.55e-1)"	"unprognostic (1.94e-1)"			"unprognostic (2.46e-2)"		"unprognostic (6.90e-2)"	"unprognostic (3.86e-1)"		
GPRC5D		ENSG00000111291	"G protein-coupled receptor class C group 5 member D"	Q9NZD1	12	12940575-12952170	"G-protein coupled receptors, Predicted membrane proteins"		"G-protein coupled receptor, Receptor, Transducer"		"Evidence at protein level"	"Evidence at transcript level"	"Evidence at protein level"	"Evidence at protein level"	"Tissue enriched"	"Detected in some"	6	"skin 1: 28.0"	"Group enriched"	"Detected in some"	4	"Early spermatids: 6.1;Gastric mucus-secreting cells: 4.1;Late spermatids: 6.5;Plasma cells: 14.5"	"Cell type enhanced"	"Detected in some"		"central nervous system macrophage: 1.7;choroid plexus epithelial cell: 2.4"	"Low cancer specificity"	"Detected in many"			"Low region specificity"	"Detected in many"			"Group enriched"	"Detected in some"	10	"memory B-cell: 14.7;naive B-cell: 4.9"	"Lineage enriched"	"Detected in single"	15	"B-cells: 14.7"	"Cancer enriched"	"Detected in many"	20	"Myeloma: 60.8"	"Breast - Plasma cells, Minor Salivary Gland - Minor salivary glandular cells, Testis - Early spermatids, Testis - Late spermatids"	"Not detected"	"Not detected"			"Not detected"	"Not detected"			HPA071909	Approved						NA	NA			"Cluster 23: B-cells - Immunoglobulins"	"Cluster 13: Skin - Cornification"	"Cluster 44: Non-specific - Mixed function"	"Cluster 51: Myeloma - Immunoglobulins"	"Cluster 61: Plasma cells - Immunoglobulins & histones"	24			"HPA071909: AB_2686470"	"unprognostic (2.05e-1)"	"unprognostic (3.19e-2)"	"unprognostic (3.15e-2)"	"unprognostic (7.35e-2)"	"unprognostic (4.23e-2)"	"unprognostic (6.82e-2)"			"unprognostic (1.37e-3)"						"potential prognostic unfavorable (2.23e-5)"	"unprognostic (7.44e-2)"	"unprognostic (2.26e-1)"	"unprognostic (5.47e-3)"	"unprognostic (2.09e-1)"	"unprognostic (1.76e-1)"		"unprognostic (3.32e-2)"	"unprognostic (3.11e-1)"	"unprognostic (2.62e-2)"	"unprognostic (9.16e-2)"	"unprognostic (1.81e-1)"		"unprognostic (1.96e-1)"	"unprognostic (2.31e-1)"	"unprognostic (1.35e-2)"	"unprognostic (2.00e-1)"
HRK	DP5	ENSG00000135116	"Harakiri, BCL2 interacting protein"	O00198	12	116856144-116881441	"Predicted intracellular proteins, Predicted membrane proteins"	Apoptosis			"Evidence at protein level"	"Evidence at transcript level"	"Evidence at protein level"	"Evidence at protein level"	"Group enriched"	"Detected in some"	6	"brain: 7.9;choroid plexus: 3.3;lymphoid tissue: 3.4;pituitary gland: 2.7;thyroid gland: 3.7"	"Cell type enhanced"	"Detected in some"		"Ciliated cells: 11.3;Cone photoreceptor cells: 8.5;Excitatory neurons: 9.2;Late spermatids: 8.0;Paneth cells: 7.8;Sertoli cells: 13.6"	"Low cell type specificity"	"Detected in many"			"Cancer enhanced"	"Detected in many"		"Skin Cuteneous Melanoma (TCGA): 5.4"	"Low region specificity"	"Detected in all"			"Group enriched"	"Detected in some"	30	"eosinophil: 1.3;memory B-cell: 3.7;naive B-cell: 3.9"	"Group enriched"	"Detected in many"	27	"B-cells: 3.9;granulocytes: 1.3"	"Cancer enhanced"	"Detected in many"		"lymphoma: 9.1"	"Lung - Respiratory ciliated cells"	"Low region specificity"	"Detected in all"			"Low region specificity"	"Detected in many"			CAB025973	Uncertain						NA	NA			"Cluster 12: Non-specific - Mitochondrial translation"	"Cluster 33: Brain - Neuronal signaling"	"Cluster 29: Forebrain - Mixed function"	"Cluster 46: Lymphoma - Humoral immune response"	"Cluster 42: Ciliated cells - Cilium assembly"	3			"CAB025973: "			"unprognostic (1.19e-1)"	"unprognostic (9.02e-3)"			"unprognostic (2.84e-1)"	"unprognostic (4.31e-3)"		"unprognostic (2.47e-1)"			"unprognostic (2.03e-1)"							"unprognostic (1.05e-2)"			"unprognostic (3.37e-2)"				"unprognostic (1.26e-1)"		"unprognostic (6.95e-2)"	"unprognostic (5.00e-1)"	
IGKV2-40		ENSG00000273962	"Immunoglobulin kappa variable 2-40"	A0A087WW87	2	89330116-89330429	"Immunoglobulin genes, Predicted intracellular proteins, Predicted secreted proteins"	"Adaptive immunity, Immunity"			"Evidence at protein level"	"Evidence at transcript level"	"No human protein/transcript evidence"	"Evidence at protein level"	"Tissue enriched"	"Detected in some"	6	"intestine: 41.2"	"Cell type enriched"	"Detected in single"	79	"Plasma cells: 7.9"	"Not detected"	"Not detected"			"Low cancer specificity"	"Detected in many"			"Not detected"	"Not detected"			"Group enriched"	"Detected in some"	42	"memory B-cell: 3.2;naive B-cell: 5.1"	"Lineage enriched"	"Detected in single"	51	"B-cells: 5.1"	"Not detected"	"Not detected"			"Adipose visceral - Plasma cells, Breast - Plasma cells, Liver - Plasma cells, Lung - Plasma cells, Minor Salivary Gland - Plasma cells, Pancreas - Plasma cells, Prostate - Plasma cells, Spleen - Plasma cells, Stomach - Plasma cells, Thyroid gland - Plasma cells"														"Immunoglobulin genes"	Immunity	NA	NA			"Cluster 17: B-cells - Immunoglobulins"			"Cluster 51: Myeloma - Immunoglobulins"	"Cluster 23: Plasma cells - Humoral immune response"						"potential prognostic favorable (5.92e-5)"		"unprognostic (1.38e-1)"	"unprognostic (4.01e-2)"	"unprognostic (5.60e-2)"			"unprognostic (1.28e-3)"		"unprognostic (3.77e-1)"	"unprognostic (2.20e-1)"		"unprognostic (2.50e-2)"		"unprognostic (2.86e-3)"	"unprognostic (1.15e-1)"	"unprognostic (1.78e-2)"	"unprognostic (4.36e-3)"	"unprognostic (9.85e-2)"		"unprognostic (6.88e-3)"			"unprognostic (9.99e-3)"	"unprognostic (3.19e-2)"		"unprognostic (4.97e-2)"	"unprognostic (4.31e-1)"	"unprognostic (2.97e-1)"	"unprognostic (4.17e-1)"
IGKV3D-15		ENSG00000224041	"Immunoglobulin kappa variable 3D-15"	A0A087WSY6	2	90114838-90115402	"Immunoglobulin genes, Predicted secreted proteins"	"Adaptive immunity, Immunity"			"Evidence at protein level"	"Evidence at transcript level"	"No human protein/transcript evidence"	"Evidence at protein level"	"Group enriched"	"Detected in many"	6	"intestine: 122.0;lymphoid tissue: 196.2;salivary gland: 52.2;stomach 1: 84.7;urinary bladder: 56.0"	"Cell type enriched"	"Detected in some"	355	"Plasma cells: 1603.7"	"Not detected"	"Not detected"			"Low cancer specificity"	"Detected in many"			"Not detected"	"Not detected"			"Group enriched"	"Detected in some"	190	"memory B-cell: 181.9;naive B-cell: 156.7"	"Lineage enriched"	"Detected in single"	204	"B-cells: 181.9"	"Cancer enriched"	"Detected in some"	42	"Myeloma: 3660.7"	"Adipose subcutaneous - Plasma cells, Adipose visceral - Plasma cells, Adrenal gland - Plasma cells, Breast - Plasma cells, Kidney - Plasma cells, Liver - Plasma cells, Lung - Plasma cells, Minor Salivary Gland - Plasma cells, Pancreas - Plasma cells, Prostate - Plasma cells, Skin - Plasma cells, Spleen - Plasma cells, Stomach - Plasma cells, Thyroid gland - Plasma cells"									HPA047702	Approved		Approved	"Plasma membrane,Cytosol"	"Immunoglobulin genes"	Immunity	NA	NA		7200000000	"Cluster 17: B-cells - Immunoglobulins"			"Cluster 51: Myeloma - Immunoglobulins"	"Cluster 23: Plasma cells - Humoral immune response"		"Plasma membrane, Cytosol"		"HPA047702: "	"unprognostic (5.09e-2)"	"potential prognostic favorable (3.90e-5)"		"unprognostic (5.70e-2)"	"unprognostic (1.09e-1)"	"unprognostic (6.18e-2)"		"unprognostic (5.61e-2)"	"potential prognostic favorable (4.94e-4)"	"unprognostic (2.31e-1)"	"unprognostic (2.56e-3)"	"unprognostic (1.33e-2)"	"unprognostic (3.87e-3)"	"unprognostic (3.65e-3)"		"unprognostic (4.91e-2)"	"unprognostic (1.96e-2)"	"unprognostic (3.28e-1)"	"unprognostic (2.04e-2)"	"unprognostic (9.63e-2)"	"unprognostic (2.07e-1)"	"unprognostic (7.65e-2)"	"unprognostic (6.00e-3)"	"unprognostic (2.50e-1)"	"unprognostic (1.72e-1)"	"unprognostic (7.49e-3)"	"unprognostic (3.05e-1)"	"unprognostic (8.98e-2)"	"unprognostic (2.42e-1)"	"unprognostic (1.64e-1)"	"unprognostic (4.01e-1)"
IGLJ6		ENSG00000211682	"Immunoglobulin lambda joining 6"		22	22918132-22918201	"Immunoglobulin genes, Predicted intracellular proteins"				"Evidence at transcript level"	"Evidence at transcript level"			"Group enriched"	"Detected in some"	6	"intestine: 6.6;lymphoid tissue: 7.8;urinary bladder: 4.9"	"Not detected"	"Not detected"			"Not detected"	"Not detected"			"Not detected"	"Not detected"			"Low region specificity"	"Detected in single"			"Group enriched"	"Detected in some"	47	"memory B-cell: 31.7;naive B-cell: 38.4"	"Lineage enriched"	"Detected in single"	52	"B-cells: 38.4"	"Group enriched"	"Detected in some"	8	"Leukemia: 4.0;lymphoma: 12.4"	"Breast - Plasma cells, Lung - Plasma cells, Minor Salivary Gland - Plasma cells, Spleen - Plasma cells, Stomach - Plasma cells, Thyroid gland - Plasma cells"																NA	NA			"Cluster 34: B-cells - Unknown function"		"Cluster 4: Non-specific - mRNA splicing & Cell cycle"	"Cluster 46: Lymphoma - Humoral immune response"																						"unprognostic (1.64e-1)"		"unprognostic (2.54e-1)"												
BANK1	"BANK, FLJ20706"	ENSG00000153064	"B cell scaffold protein with ankyrin repeats 1"	Q8NDB2	4	101411286-102074812	"Disease related genes, Human disease related genes, Predicted intracellular proteins"	"B-cell activation"		"Systemic lupus erythematosus"	"Evidence at protein level"	"Evidence at protein level"	"Evidence at protein level"	"Evidence at protein level"	"Group enriched"	"Detected in many"	5	"intestine: 23.5;lymphoid tissue: 93.8"	"Cell type enriched"	"Detected in many"	10	"B-cells: 455.6"	"Cell type enhanced"	"Detected in many"		"leukocyte: 90.2"	"Cancer enhanced"	"Detected in many"		"Prostate Adenocarcinoma (TCGA): 18.0"	"Low region specificity"	"Detected in many"			"Group enriched"	"Detected in many"	14	"memory B-cell: 311.4;naive B-cell: 254.2"	"Lineage enriched"	"Detected in many"	16	"B-cells: 311.4"	"Cancer enhanced"	"Detected in many"		"Leukemia: 10.5;lymphoma: 18.1;Myeloma: 11.7"	"Adipose subcutaneous - Adipocytes (Subcutaneous), Adipose visceral - Adipocytes (Visceral), Adrenal gland - Adrenal cortex cells, Breast - Adipocytes (Breast), Spleen - B-cells (Spleen)"	"Low region specificity"	"Detected in some"			"Low region specificity"	"Detected in all"			HPA037002	Enhanced		Approved	"Nucleoplasm,Plasma membrane,Cytosol"			NA	NA			"Cluster 23: B-cells - Immunoglobulins"	"Cluster 70: Lymphoid tissue - Immune response"	"Cluster 35: Non-specific - DNA binding"	"Cluster 46: Lymphoma - Humoral immune response"	"Cluster 73: B-cells - B-cell function"	6	"Plasma membrane, Cytosol"	Nucleoplasm	"HPA037002: AB_10672383"	"unprognostic (1.58e-2)"	"unprognostic (1.18e-2)"	"unprognostic (1.18e-2)"	"potential prognostic favorable (1.44e-5)"	"unprognostic (1.90e-2)"	"unprognostic (4.79e-2)"		"unprognostic (1.13e-3)"	"unprognostic (2.75e-2)"	"potential prognostic unfavorable (5.82e-4)"	"potential prognostic favorable (1.27e-6)"	"unprognostic (1.92e-1)"	"unprognostic (2.17e-1)"			"unprognostic (1.68e-3)"	"unprognostic (1.73e-1)"	"unprognostic (3.93e-2)"	"unprognostic (2.37e-2)"	"unprognostic (3.28e-2)"	"unprognostic (6.55e-2)"	"unprognostic (4.96e-2)"	"unprognostic (7.05e-3)"	"unprognostic (8.99e-2)"	"unprognostic (1.57e-1)"	"unprognostic (8.52e-2)"		"unprognostic (3.25e-1)"	"unprognostic (3.93e-2)"	"unprognostic (1.53e-2)"	"unprognostic (1.24e-1)"
CCR6	"BN-1, CD196, CKR-L3, CMKBR6, DCR2, DRY-6, GPR-CY4, GPR29, STRL22"	ENSG00000112486	"C-C motif chemokine receptor 6"	P51684	6	167111807-167139141	"CD markers, G-protein coupled receptors, Human disease related genes, Predicted membrane proteins"		"G-protein coupled receptor, Receptor, Transducer"		"Evidence at protein level"	"Evidence at protein level"	"Evidence at protein level"	"Evidence at protein level"	"Tissue enriched"	"Detected in some"	5	"lymphoid tissue: 32.9"	"Group enriched"	"Detected in some"	6	"B-cells: 15.7;T-cells: 13.7"	"Cell type enhanced"	"Detected in many"		"leukocyte: 26.4"	"Low cancer specificity"	"Detected in many"			"Not detected"	"Not detected"			"Group enriched"	"Detected in many"	4	"MAIT T-cell: 70.3;memory B-cell: 64.1;memory CD4 T-cell: 27.4;naive B-cell: 73.4;T-reg: 52.1"	"Group enriched"	"Detected in many"	5	"B-cells: 73.4;T-cells: 70.3"	"Cancer enhanced"	"Detected in some"		"liver cancer: 5.2"	"Adipose subcutaneous - T-cells, Prostate - T-cells, Spleen - B-cells (Spleen), Testis - Early spermatids, Testis - Late spermatids"	"Region enriched"	"Detected in single"	7	"basal ganglia: 1.8"	"Not detected"	"Not detected"			"CAB006820, HPA014488"	Approved						NA	NA			"Cluster 16: Non-specific - Cell proliferation"	"Cluster 36: Lymphoid tissue - Cytokine signaling"		"Cluster 18: Liver cancer - Metabolism"	"Cluster 7: T-cells - T-cell receptor"	8			"CAB006820: , HPA014488: AB_1846639"		"unprognostic (1.26e-1)"	"unprognostic (1.45e-1)"	"potential prognostic favorable (3.30e-4)"	"unprognostic (3.92e-2)"	"unprognostic (2.71e-2)"			"potential prognostic favorable (1.07e-4)"		"unprognostic (7.47e-2)"	"unprognostic (3.29e-1)"		"unprognostic (4.17e-1)"	"unprognostic (3.10e-1)"	"potential prognostic favorable (7.48e-4)"	"unprognostic (1.92e-1)"	"unprognostic (3.69e-2)"	"unprognostic (7.23e-2)"			"unprognostic (1.32e-1)"	"unprognostic (1.07e-1)"		"unprognostic (9.65e-3)"	"unprognostic (1.18e-1)"		"unprognostic (1.05e-1)"	"unprognostic (2.32e-2)"	"unprognostic (6.21e-2)"	
CD79A	"Ig-alpha, IGA, IGAlpha, MB-1, MB1"	ENSG00000105369	"CD79a molecule"	P11912	19	41877279-41881372	"Cancer-related genes, CD markers, Disease related genes, Human disease related genes, Predicted intracellular proteins, Predicted membrane proteins"	"Adaptive immunity, Immunity"		"Cancer-related genes"	"Evidence at protein level"	"Evidence at protein level"	"Evidence at protein level"	"Evidence at protein level"	"Group enriched"	"Detected in many"	5	"intestine: 148.2;lymphoid tissue: 529.7"	"Group enriched"	"Detected in some"	29	"B-cells: 1202.8;Plasma cells: 778.7"	"Cell type enriched"	"Detected in single"	39	"leukocyte: 9.4"	"Low cancer specificity"	"Detected in many"			"Low region specificity"	"Detected in single"			"Group enriched"	"Detected in many"	38	"memory B-cell: 1278.3;naive B-cell: 1462.8"	"Lineage enriched"	"Detected in all"	40	"B-cells: 1462.8"	"Cancer enriched"	"Detected in many"	4	"lymphoma: 867.0"	"Breast - Plasma cells, Lung - Plasma cells, Minor Salivary Gland - Plasma cells, Skin - Plasma cells, Spleen - B-cells (Spleen), Stomach - Plasma cells, Thyroid gland - Plasma cells"	"Not detected"	"Not detected"			"Low region specificity"	"Detected in many"			"CAB000019, HPA056444"	Enhanced						NA	NA			"Cluster 14: Non-specific - Unknown function"	"Cluster 36: Lymphoid tissue - Cytokine signaling"	"Cluster 6: Non-specific - Immune response"	"Cluster 46: Lymphoma - Humoral immune response"	"Cluster 73: B-cells - B-cell function"	166			"CAB000019: AB_2244527, HPA056444: "	"unprognostic (6.14e-2)"	"potential prognostic favorable (4.61e-6)"	"unprognostic (1.62e-1)"	"unprognostic (3.28e-2)"	"unprognostic (1.86e-1)"	"unprognostic (2.17e-1)"			"potential prognostic favorable (3.21e-5)"	"unprognostic (8.87e-2)"	"unprognostic (5.96e-3)"	"unprognostic (1.59e-1)"	"unprognostic (1.47e-3)"	"unprognostic (2.47e-2)"	"unprognostic (6.52e-2)"	"unprognostic (1.28e-3)"	"unprognostic (1.98e-2)"	"unprognostic (4.28e-1)"	"unprognostic (6.97e-2)"	"unprognostic (4.94e-3)"	"unprognostic (6.71e-2)"	"unprognostic (3.39e-1)"	"unprognostic (2.12e-1)"	"unprognostic (1.06e-1)"	"unprognostic (3.62e-3)"	"unprognostic (1.20e-1)"	"unprognostic (6.73e-3)"	"unprognostic (2.59e-2)"	"unprognostic (1.98e-1)"	"unprognostic (1.26e-1)"	"unprognostic (2.99e-1)"
COCH	"COCH-5B2, DFNA31, DFNA9"	ENSG00000100473	Cochlin	O43405	14	30874514-30895065	"Disease related genes, Human disease related genes, Plasma proteins, Potential drug targets, Predicted intracellular proteins, Predicted secreted proteins, Transporters"	Hearing		"Deafness, Disease variant, Non-syndromic deafness"	"Evidence at protein level"	"Evidence at protein level"	"Evidence at protein level"	"Evidence at protein level"	"Tissue enriched"	"Detected in many"	5	"pancreas: 486.6"	"Cell type enhanced"	"Detected in many"		"Exocrine glandular cells: 36.2;Horizontal cells: 32.7;Oocytes: 64.0;Spermatocytes: 29.2"	"Cell type enriched"	"Detected in all"	5	"medium spiny neuron: 282.4"	"Low cancer specificity"	"Detected in many"			"Region enhanced"	"Detected in all"		"basal ganglia: 151.3"	"Group enriched"	"Detected in some"	12	"memory B-cell: 38.4;naive B-cell: 17.8"	"Lineage enriched"	"Detected in many"	17	"B-cells: 38.4"	"Low cancer specificity"	"Detected in all"			"Testis - Spermatocytes"	"Low region specificity"	"Detected in all"			"Group enriched"	"Detected in all"	4	"amygdala: 23.2;basal ganglia: 66.7;cerebral cortex: 17.2;hippocampal formation: 16.6"	HPA065086			Supported	Vesicles	"Secreted in other tissues"	Other	NA	NA		380000	"Cluster 17: B-cells - Immunoglobulins"	"Cluster 15: Pancreas - Proteolysis"	"Cluster 33: Neurons - Mixed function"	"Cluster 64: Connective tissue cells - ECM organization"	"Cluster 53: Fibroblasts - ECM organization"	1	Vesicles		"HPA065086: "	"unprognostic (3.15e-1)"	"unprognostic (7.00e-2)"	"unprognostic (7.99e-2)"	"unprognostic (3.04e-2)"	"unprognostic (1.27e-1)"	"unprognostic (3.57e-3)"	"unprognostic (4.33e-2)"	"unprognostic (2.60e-1)"	"unprognostic (9.70e-2)"	"unprognostic (1.71e-1)"	"unprognostic (1.77e-3)"	"unprognostic (2.80e-2)"	"unprognostic (3.01e-2)"	"unprognostic (1.11e-1)"	"unprognostic (2.27e-2)"	"unprognostic (2.43e-2)"	"unprognostic (2.34e-1)"	"unprognostic (1.90e-2)"	"unprognostic (1.77e-3)"	"unprognostic (1.58e-1)"	"unprognostic (4.20e-2)"	"unprognostic (1.56e-2)"	"unprognostic (1.71e-1)"	"unprognostic (6.18e-3)"	"unprognostic (6.71e-2)"	"unprognostic (1.94e-1)"	"unprognostic (2.74e-1)"	"unprognostic (8.91e-3)"	"unprognostic (1.36e-2)"		"unprognostic (5.84e-2)"
ELL3	FLJ22637	ENSG00000128886	"Elongation factor for RNA polymerase II 3"	Q9HB65	15	43772605-43777315	"Predicted intracellular proteins"	"Transcription, Transcription regulation"			"Evidence at protein level"	"Evidence at protein level"	"Evidence at protein level"	"Evidence at protein level"	"Group enriched"	"Detected in many"	5	"choroid plexus: 15.3;intestine: 16.7;lymphoid tissue: 56.1;skin 1: 25.8;testis: 16.5"	"Cell type enhanced"	"Detected in some"		"Basal squamous epithelial cells: 12.2;Gastric mucus-secreting cells: 4.1;Proximal enterocytes: 5.5;Squamous epithelial cells: 19.8"	"Cell type enriched"	"Detected in some"	7	"choroid plexus epithelial cell: 10.8"	"Low cancer specificity"	"Detected in many"			"Region enriched"	"Detected in some"	8	"choroid plexus: 11.0"	"Group enriched"	"Detected in some"	4	"memory B-cell: 11.2;naive B-cell: 17.0"	"Lineage enriched"	"Detected in many"	5	"B-cells: 17.0"	"Cancer enriched"	"Detected in many"	5	"lymphoma: 72.9"	"Lung - Respiratory ciliated cells, Skin - Keratinocyte (other), Testis - Early spermatids"	"Region enriched"	"Detected in single"	11	"olfactory bulb: 1.9"	"Not detected"	"Not detected"			"HPA028938, HPA073494"	Approved		Supported	"Nucleoplasm,Nucleoli,Mitotic chromosome"			Yes	NA			"Cluster 14: Non-specific - Unknown function"	"Cluster 36: Lymphoid tissue - Cytokine signaling"	"Cluster 36: Choroid plexus - Mixed function"	"Cluster 46: Lymphoma - Humoral immune response"	"Cluster 49: Non-specific - Transcription"	11	"Nucleoplasm, Nucleoli"	"Mitotic chromosome"	"HPA028938: AB_10795352, HPA073494: "	"unprognostic (9.95e-2)"	"unprognostic (1.78e-2)"	"unprognostic (3.92e-1)"	"unprognostic (5.64e-2)"	"unprognostic (1.34e-2)"	"unprognostic (1.53e-2)"			"unprognostic (3.34e-2)"						"unprognostic (9.38e-2)"	"unprognostic (2.52e-2)"	"unprognostic (2.32e-1)"	"unprognostic (3.06e-2)"	"unprognostic (4.29e-2)"	"unprognostic (2.39e-1)"	"unprognostic (7.39e-2)"	"unprognostic (2.16e-1)"	"unprognostic (3.18e-1)"	"unprognostic (2.54e-1)"	"unprognostic (5.36e-2)"	"unprognostic (3.29e-1)"		"unprognostic (5.70e-2)"		"unprognostic (1.27e-2)"	"unprognostic (1.03e-1)"
ENSG00000277836		ENSG00000277836			Unmapped	1270984-1271271	"Predicted intracellular proteins"				"Evidence at transcript level"	"Evidence at transcript level"			"Group enriched"	"Detected in many"	5	"intestine: 91.8;lymphoid tissue: 124.4;salivary gland: 53.9;stomach 1: 66.4;urinary bladder: 38.8"	"Cell type enriched"	"Detected in single"	15	"Plasma cells: 5.1"	"Not detected"	"Not detected"							"Not detected"	"Not detected"			"Group enriched"	"Detected in some"	133	"memory B-cell: 17.7;naive B-cell: 8.7"	"Lineage enriched"	"Detected in single"	178	"B-cells: 17.7"	"Cancer enriched"	"Detected in some"	6	"lymphoma: 64.9"																	NA	NA			"Cluster 18: Non-specific - Translation"			"Cluster 46: Lymphoma - Humoral immune response"	"Cluster 61: Plasma cells - Immunoglobulins & histones"																																			
FCRLA	"FCRL, FCRLb, FCRLc1, FCRLc2, FCRLd, FCRLe, FCRLM1, FCRLX, FREB, MGC4595"	ENSG00000132185	"Fc receptor like A"	Q7L513	1	161706972-161714352	"Predicted intracellular proteins"	Differentiation			"Evidence at protein level"	"Evidence at protein level"	"Evidence at protein level"	"Evidence at protein level"	"Tissue enriched"	"Detected in some"	5	"lymphoid tissue: 95.7"	"Group enriched"	"Detected in some"	4	"B-cells: 129.6;Melanocytes: 34.4"	"Group enriched"	"Detected in some"	6	"committed oligodendrocyte precursor: 2.3;leukocyte: 1.7"	"Cancer enriched"	"Detected in many"	23	"Skin Cuteneous Melanoma (TCGA): 107.8"	"Low region specificity"	"Detected in all"			"Group enriched"	"Detected in some"	9	"memory B-cell: 369.4;naive B-cell: 342.8"	"Lineage enriched"	"Detected in many"	10	"B-cells: 369.4"	"Cancer enriched"	"Detected in some"	5	"lymphoma: 220.7"	"Minor Salivary Gland - Plasma cells, Skin - Melanocytes, Spleen - B-cells (Spleen)"	"Not detected"	"Not detected"			"Not detected"	"Not detected"			CAB016545	Enhanced				"Intracellular and membrane"	Other	NA	NA			"Cluster 23: B-cells - Immunoglobulins"	"Cluster 36: Lymphoid tissue - Cytokine signaling"	"Cluster 10: Cerebellum - Nucleic acid binding"	"Cluster 46: Lymphoma - Humoral immune response"	"Cluster 73: B-cells - B-cell function"				"CAB016545: AB_2247037"	"unprognostic (1.28e-1)"	"potential prognostic favorable (5.77e-4)"	"unprognostic (1.32e-1)"			"unprognostic (3.52e-1)"	"unprognostic (4.23e-1)"	"unprognostic (2.32e-2)"	"potential prognostic favorable (2.93e-4)"					"unprognostic (9.99e-2)"		"potential prognostic favorable (6.04e-4)"	"unprognostic (9.86e-3)"	"unprognostic (1.89e-1)"	"unprognostic (9.89e-2)"			"unprognostic (2.68e-2)"				"unprognostic (3.96e-2)"	"unprognostic (1.44e-1)"	"unprognostic (4.31e-2)"	"unprognostic (8.20e-2)"	"unprognostic (2.51e-1)"	
HTR3A	"5-HT3A, 5-HT3R, HTR3"	ENSG00000166736	"5-hydroxytryptamine receptor 3A"	P46098	11	113975075-113990313	"FDA approved drug targets, Predicted membrane proteins, Transporters"	"Ion transport, Transport"	"Ion channel, Ligand-gated ion channel, Receptor"	"FDA approved drug targets"	"Evidence at protein level"	"Evidence at protein level"	"Evidence at protein level"	"Evidence at protein level"	"Group enriched"	"Detected in some"	5	"brain: 2.5;intestine: 2.0;lymphoid tissue: 7.8;pancreas: 2.5;salivary gland: 4.8"	"Group enriched"	"Detected in some"	5	"Ductal cells: 25.0;Exocrine glandular cells: 71.5;Pancreatic endocrine cells: 23.8"	"Cell type enriched"	"Detected in some"	4	"CGE interneuron: 12.4"	"Cancer enhanced"	"Detected in many"		"Ovary Serous Cystadenocarcinoma (TCGA): 25.6"	"Low region specificity"	"Detected in some"			"Group enriched"	"Detected in some"	15	"memory B-cell: 3.9;naive B-cell: 13.9;plasmacytoid DC: 11.6"	"Group enriched"	"Detected in many"	128	"B-cells: 13.9;dendritic cells: 11.6"	"Group enriched"	"Detected in some"	9	"lymphoma: 15.4;Neuroblastoma: 12.9"	"Colon - Colon enteroendocrine cells, Spleen - B-cells (Spleen)"	"Low region specificity"	"Detected in many"			"Group enriched"	"Detected in some"	12	"amygdala: 2.7;cerebral cortex: 4.1;hippocampal formation: 3.9"	HPA069442	Supported						NA	NA			"Cluster 23: B-cells - Immunoglobulins"	"Cluster 36: Lymphoid tissue - Cytokine signaling"	"Cluster 51: Neurons - Mixed function"	"Cluster 46: Lymphoma - Humoral immune response"	"Cluster 45: Non-specific - Mixed function"	3			"HPA069442: AB_2732132"				"unprognostic (6.38e-3)"					"unprognostic (3.64e-3)"				"unprognostic (1.87e-2)"			"potential prognostic unfavorable (8.16e-4)"	"unprognostic (3.60e-1)"	"unprognostic (7.91e-2)"	"unprognostic (2.80e-1)"	"unprognostic (6.92e-2)"	"unprognostic (9.05e-3)"	"unprognostic (1.13e-2)"	"unprognostic (8.34e-2)"								"unprognostic (4.88e-2)"
IGHD	"FLJ00382, FLJ46727, MGC29633"	ENSG00000211898	"Immunoglobulin heavy constant delta"		14	105836765-105845677	"Immunoglobulin genes, Predicted membrane proteins"				"Evidence at transcript level"	"Evidence at transcript level"			"Tissue enriched"	"Detected in many"	5	"lymphoid tissue: 113.8"	"Group enriched"	"Detected in some"	28	"B-cells: 449.9;Plasma cells: 1002.6"	"Cell type enriched"	"Detected in single"	25	"leukocyte: 6.4"	"Cancer enhanced"	"Detected in many"		"Lung Adenocarcinoma (TCGA): 139.9;Lung Squamous Cell Carcinoma (TCGA): 112.8"	"Not detected"	"Not detected"			"Group enriched"	"Detected in some"	62	"memory B-cell: 147.4;naive B-cell: 464.1"	"Lineage enriched"	"Detected in many"	95	"B-cells: 464.1"	"Cancer enriched"	"Detected in some"	38	"Myeloma: 1117.7"	"Adipose subcutaneous - Plasma cells, Adipose visceral - Plasma cells, Breast - Plasma cells, Colon - Plasma cells, Heart muscle - Plasma cells, Liver - Plasma cells, Lung - Plasma cells, Minor Salivary Gland - Plasma cells, Pancreas - Plasma cells, Pituitary gland - Plasma cells, Thyroid gland - Plasma cells"					"Not detected"	"Not detected"			CAB012703	Approved						NA	NA			"Cluster 34: B-cells - Unknown function"			"Cluster 51: Myeloma - Immunoglobulins"	"Cluster 77: Plasma cells - Protein processing"				"CAB012703: AB_10554307"	"unprognostic (2.72e-3)"	"potential prognostic favorable (3.91e-6)"		"unprognostic (4.66e-3)"	"unprognostic (3.65e-1)"	"unprognostic (1.02e-1)"			"unprognostic (4.42e-3)"	"unprognostic (2.76e-1)"	"unprognostic (1.35e-1)"	"unprognostic (1.64e-1)"	"unprognostic (5.58e-2)"	"unprognostic (1.56e-1)"		"unprognostic (2.20e-2)"	"unprognostic (2.04e-3)"	"unprognostic (4.83e-2)"	"unprognostic (3.50e-1)"	"unprognostic (1.73e-1)"	"unprognostic (1.15e-1)"	"unprognostic (9.62e-2)"	"unprognostic (4.03e-1)"	"unprognostic (2.46e-1)"	"unprognostic (5.56e-3)"	"unprognostic (1.24e-1)"	"unprognostic (2.19e-2)"	"unprognostic (3.05e-2)"	"unprognostic (3.14e-1)"	"unprognostic (9.21e-3)"	"unprognostic (1.76e-1)"
IGHJ6		ENSG00000211900	"Immunoglobulin heavy joining 6"		14	105863198-105863258	"Immunoglobulin genes, Predicted intracellular proteins"				"Evidence at transcript level"	"Evidence at transcript level"			"Group enriched"	"Detected in many"	5	"cervix: 132.5;intestine: 38.7;lung: 43.7;lymphoid tissue: 61.3;testis: 147.9"	"Cell type enriched"	"Detected in single"	59	"Plasma cells: 27.0"	"Not detected"	"Not detected"			"Low cancer specificity"	"Detected in all"			"Low region specificity"	"Detected in single"			"Group enriched"	"Detected in many"	14	"memory B-cell: 323.3;naive B-cell: 111.0"	"Lineage enriched"	"Detected in many"	22	"B-cells: 323.3"	"Cancer enriched"	"Detected in some"	7	"lymphoma: 42.7"	"Adipose subcutaneous - Plasma cells, Adipose visceral - Plasma cells, Adrenal gland - Plasma cells, Breast - Plasma cells, Colon - Plasma cells, Heart muscle - Plasma cells, Kidney - Plasma cells, Liver - Plasma cells, Lung - Plasma cells, Minor Salivary Gland - Plasma cells, Pancreas - Plasma cells, Pituitary gland - Plasma cells, Prostate - Plasma cells, Skeletal muscle - Plasma cells, Skin - Plasma cells, Spleen - Plasma cells, Stomach - Plasma cells, Thyroid gland - Plasma cells"																NA	NA			"Cluster 23: B-cells - Immunoglobulins"		"Cluster 32: Cerebral cortex - Mixed function"	"Cluster 46: Lymphoma - Humoral immune response"	"Cluster 23: Plasma cells - Humoral immune response"					"unprognostic (1.13e-1)"	"unprognostic (7.77e-2)"		"unprognostic (7.62e-2)"	"unprognostic (7.30e-2)"			"unprognostic (3.32e-2)"	"unprognostic (1.77e-1)"		"unprognostic (4.83e-1)"	"unprognostic (8.22e-2)"	"unprognostic (9.57e-2)"	"unprognostic (2.78e-1)"		"unprognostic (1.27e-1)"	"unprognostic (1.11e-1)"	"unprognostic (1.31e-2)"	"unprognostic (6.61e-2)"	"unprognostic (5.39e-1)"		"unprognostic (1.07e-1)"		"unprognostic (3.11e-1)"	"unprognostic (1.07e-2)"			"unprognostic (2.93e-1)"	"unprognostic (1.07e-2)"	"unprognostic (3.43e-1)"	"unprognostic (7.07e-1)"
IGHV1-58		ENSG00000211968	"Immunoglobulin heavy variable 1-58"	A0A0C4DH39	14	106622357-106622855	"Immunoglobulin genes, Predicted secreted proteins"	"Adaptive immunity, Immunity"			"Evidence at protein level"	"Evidence at transcript level"	"No human protein/transcript evidence"	"Evidence at protein level"	"Group enriched"	"Detected in many"	5	"lymphoid tissue: 49.5;urinary bladder: 197.8"	"Cell type enriched"	"Detected in some"	36	"Plasma cells: 82.8"	"Not detected"	"Not detected"			"Low cancer specificity"	"Detected in many"			"Not detected"	"Not detected"			"Group enriched"	"Detected in some"	49	"memory B-cell: 8.7;naive B-cell: 12.8"	"Lineage enriched"	"Detected in single"	58	"B-cells: 12.8"	"Not detected"	"Not detected"			"Adipose visceral - Plasma cells, Breast - Plasma cells, Kidney - Plasma cells, Liver - Plasma cells, Lung - Plasma cells, Minor Salivary Gland - Plasma cells, Pancreas - Plasma cells, Spleen - Plasma cells, Stomach - Plasma cells, Thyroid gland - Plasma cells"														"Immunoglobulin genes"	Immunity	NA	NA		210000000	"Cluster 23: B-cells - Immunoglobulins"			"Cluster 6: Leukemia - Signal transduction"	"Cluster 61: Plasma cells - Immunoglobulins & histones"					"unprognostic (1.26e-1)"	"unprognostic (8.91e-3)"		"unprognostic (6.27e-2)"	"unprognostic (1.24e-1)"	"unprognostic (9.13e-2)"			"potential prognostic favorable (3.45e-4)"		"unprognostic (2.89e-3)"	"unprognostic (5.33e-2)"	"unprognostic (5.19e-3)"	"unprognostic (2.15e-1)"		"unprognostic (2.26e-2)"	"unprognostic (1.40e-1)"	"unprognostic (1.34e-1)"	"unprognostic (1.63e-1)"	"unprognostic (3.01e-2)"	"unprognostic (2.66e-1)"	"unprognostic (5.88e-3)"	"unprognostic (1.86e-2)"		"unprognostic (1.25e-1)"	"unprognostic (1.73e-2)"	"unprognostic (3.37e-1)"	"unprognostic (1.58e-2)"	"unprognostic (1.40e-1)"	"unprognostic (6.53e-2)"	"unprognostic (6.49e-1)"
IGHV1-69-2	IGHV1-F	ENSG00000281990	"Immunoglobulin heavy variable 1-69-2"	A0A0G2JMI3	14	106737110-106737547	"Immunoglobulin genes, Predicted secreted proteins"	"Adaptive immunity, Immunity"			"Evidence at protein level"	"Evidence at transcript level"	"No human protein/transcript evidence"	"Evidence at protein level"	"Group enriched"	"Detected in many"	5	"gallbladder: 14.0;intestine: 21.4;lymphoid tissue: 35.4;salivary gland: 15.8;stomach 1: 9.6"	"Not detected"	"Not detected"			"Not detected"	"Not detected"			"Low cancer specificity"	"Detected in many"			"Not detected"	"Not detected"			"Group enriched"	"Detected in some"	5	"memory B-cell: 6.7;naive B-cell: 5.5"	"Lineage enriched"	"Detected in many"	6	"B-cells: 6.7"	"Cancer enhanced"	"Detected in single"		"Leukemia: 1.4"	"Breast - Plasma cells, Kidney - Plasma cells, Lung - Plasma cells, Minor Salivary Gland - Plasma cells, Pancreas - Plasma cells, Prostate - Plasma cells, Stomach - Plasma cells, Thyroid gland - Plasma cells"														"Immunoglobulin genes"	Immunity	NA	NA		910000000	"Cluster 34: B-cells - Unknown function"			"Cluster 6: Leukemia - Signal transduction"	"Cluster 61: Plasma cells - Immunoglobulins & histones"					"unprognostic (1.19e-1)"	"unprognostic (5.19e-2)"		"unprognostic (5.95e-2)"	"unprognostic (2.41e-1)"	"unprognostic (4.40e-1)"			"unprognostic (4.82e-2)"		"unprognostic (6.76e-3)"		"unprognostic (1.81e-2)"	"unprognostic (1.48e-1)"		"unprognostic (3.32e-3)"	"unprognostic (3.88e-1)"	"unprognostic (7.35e-2)"	"unprognostic (1.18e-1)"	"unprognostic (2.06e-2)"		"unprognostic (9.05e-2)"			"unprognostic (1.18e-3)"	"unprognostic (3.60e-1)"	"unprognostic (2.68e-1)"	"unprognostic (3.02e-2)"	"unprognostic (2.57e-2)"	"unprognostic (2.99e-1)"	"unprognostic (6.75e-1)"
IGHV3-49		ENSG00000211965	"Immunoglobulin heavy variable 3-49"	A0A0A0MS15	14	106556936-106557477	"Immunoglobulin genes, Predicted secreted proteins"	"Adaptive immunity, Immunity"			"Evidence at protein level"	"Evidence at transcript level"	"No human protein/transcript evidence"	"Evidence at protein level"	"Group enriched"	"Detected in many"	5	"intestine: 203.1;lymphoid tissue: 362.0;stomach 1: 176.8;urinary bladder: 96.7"	"Cell type enriched"	"Detected in some"	81	"Plasma cells: 803.6"	"Not detected"	"Not detected"			"Low cancer specificity"	"Detected in many"			"Low region specificity"	"Detected in single"			"Group enriched"	"Detected in some"	186	"memory B-cell: 59.6;naive B-cell: 42.4"	"Lineage enriched"	"Detected in single"	217	"B-cells: 59.6"	"Not detected"	"Not detected"			"Adipose subcutaneous - Plasma cells, Adipose visceral - Plasma cells, Adrenal gland - Plasma cells, Breast - Plasma cells, Colon - Plasma cells, Heart muscle - Plasma cells, Liver - Plasma cells, Lung - Plasma cells, Minor Salivary Gland - Plasma cells, Pancreas - Plasma cells, Pituitary gland - Plasma cells, Prostate - Plasma cells, Skeletal muscle - Plasma cells, Skin - Plasma cells, Spleen - Plasma cells, Stomach - Plasma cells, Testis - Late spermatids, Thyroid gland - Plasma cells"														"Immunoglobulin genes"	Immunity	NA	NA		5500000000	"Cluster 17: B-cells - Immunoglobulins"		"Cluster 8: Immune cells - Immune response"	"Cluster 13: Non-specific - Mixed function"	"Cluster 77: Plasma cells - Protein processing"					"unprognostic (5.27e-2)"	"potential prognostic favorable (3.42e-4)"		"unprognostic (2.16e-2)"	"unprognostic (3.14e-2)"	"unprognostic (2.25e-2)"		"unprognostic (3.47e-1)"	"potential prognostic favorable (5.41e-5)"		"unprognostic (5.18e-2)"	"unprognostic (2.15e-1)"	"potential prognostic unfavorable (1.06e-4)"	"unprognostic (4.94e-2)"		"unprognostic (7.91e-2)"	"unprognostic (5.42e-3)"	"unprognostic (2.68e-2)"	"unprognostic (1.08e-1)"	"unprognostic (9.29e-2)"	"unprognostic (1.67e-1)"	"unprognostic (2.98e-1)"	"unprognostic (2.97e-3)"	"unprognostic (1.70e-1)"	"unprognostic (5.89e-2)"	"unprognostic (2.37e-1)"	"unprognostic (1.90e-2)"	"unprognostic (1.06e-1)"	"unprognostic (2.72e-1)"	"unprognostic (1.23e-1)"	"unprognostic (5.40e-1)"
IGHV4-28		ENSG00000211952	"Immunoglobulin heavy variable 4-28"	A0A0C4DH34	14	106324254-106324760	"Immunoglobulin genes, Predicted secreted proteins"	"Adaptive immunity, Immunity"			"Evidence at protein level"	"Evidence at transcript level"	"No human protein/transcript evidence"	"Evidence at protein level"	"Group enriched"	"Detected in many"	5	"intestine: 43.5;lymphoid tissue: 84.8;salivary gland: 38.5;stomach 1: 29.9;urinary bladder: 118.6"	"Cell type enriched"	"Detected in some"	154	"Plasma cells: 234.1"	"Not detected"	"Not detected"			"Low cancer specificity"	"Detected in many"			"Region enriched"	"Detected in single"	6	"spinal cord: 2.5"	"Group enriched"	"Detected in some"	207	"memory B-cell: 28.8;naive B-cell: 12.5"	"Lineage enriched"	"Detected in single"	289	"B-cells: 28.8"	"Cancer enriched"	"Detected in single"	10	"Myeloma: 3.4"	"Adipose subcutaneous - Plasma cells, Adipose visceral - Plasma cells, Adrenal gland - Plasma cells, Breast - Plasma cells, Colon - Plasma cells, Kidney - Plasma cells, Liver - Plasma cells, Lung - Plasma cells, Minor Salivary Gland - Plasma cells, Pancreas - Plasma cells, Pituitary gland - Plasma cells, Prostate - Plasma cells, Skin - Plasma cells, Spleen - Plasma cells, Stomach - Plasma cells, Thyroid gland - Plasma cells"														"Immunoglobulin genes"	Immunity	NA	NA		3300000000	"Cluster 17: B-cells - Immunoglobulins"		"Cluster 7: Non-specific - Ribosome"	"Cluster 55: Lymphoma - Immune response"	"Cluster 23: Plasma cells - Humoral immune response"					"unprognostic (1.83e-1)"	"potential prognostic favorable (4.92e-4)"		"unprognostic (1.60e-2)"	"unprognostic (4.50e-1)"	"unprognostic (3.50e-2)"			"potential prognostic favorable (1.54e-4)"	"unprognostic (2.22e-1)"	"unprognostic (4.06e-2)"	"unprognostic (1.78e-2)"	"unprognostic (4.40e-3)"	"unprognostic (3.37e-2)"		"unprognostic (6.73e-2)"	"potential prognostic favorable (1.99e-5)"	"unprognostic (1.52e-2)"	"unprognostic (3.26e-1)"	"unprognostic (1.27e-1)"	"unprognostic (3.05e-1)"	"unprognostic (2.70e-2)"	"unprognostic (3.25e-3)"	"unprognostic (2.42e-1)"	"unprognostic (4.40e-2)"	"unprognostic (4.52e-2)"	"unprognostic (2.44e-1)"	"unprognostic (5.57e-2)"	"unprognostic (1.22e-1)"	"unprognostic (3.14e-1)"	"unprognostic (1.11e-1)"
IGKJ1	J1	ENSG00000211597	"Immunoglobulin kappa joining 1"	A0A0A0MT89	2	88861886-88861923	"Immunoglobulin genes, Predicted intracellular proteins, Predicted secreted proteins"	"Adaptive immunity, Immunity"			"Evidence at transcript level"	"Evidence at transcript level"	"No human protein/transcript evidence"	"Evidence at transcript level"	"Group enriched"	"Detected in many"	5	"intestine: 2997.5;lymphoid tissue: 3221.3;salivary gland: 1199.3;stomach 1: 2368.2;urinary bladder: 1082.8"	"Not detected"	"Not detected"			"Not detected"	"Not detected"			"Low cancer specificity"	"Detected in all"			"Low region specificity"	"Detected in all"			"Group enriched"	"Detected in all"	418	"memory B-cell: 38195.4;naive B-cell: 32246.9;plasmacytoid DC: 14819.2"	"Group enriched"	"Detected in all"	390	"B-cells: 38195.4;dendritic cells: 14819.2"	"Group enriched"	"Detected in many"	20	"lymphoma: 636.4;Myeloma: 2236.6"	"Adipose subcutaneous - Plasma cells, Adipose visceral - Plasma cells, Adrenal gland - Plasma cells, Breast - Plasma cells, Colon - Plasma cells, Heart muscle - Plasma cells, Kidney - Plasma cells, Liver - Plasma cells, Lung - Plasma cells, Minor Salivary Gland - Plasma cells, Pancreas - Plasma cells, Pituitary gland - Plasma cells, Prostate - Plasma cells, Skeletal muscle - Plasma cells, Skin - Plasma cells, Spleen - Plasma cells, Stomach - Plasma cells, Thyroid gland - Plasma cells"														"Immunoglobulin genes"	Immunity	NA	NA			"Cluster 17: B-cells - Immunoglobulins"		"Cluster 8: Immune cells - Immune response"	"Cluster 20: Myeloma - Immune response"	"Cluster 23: Plasma cells - Humoral immune response"					"unprognostic (2.96e-2)"	"potential prognostic favorable (1.76e-6)"		"unprognostic (1.64e-1)"	"unprognostic (2.68e-1)"	"unprognostic (1.00e-1)"	"potential prognostic unfavorable (2.05e-4)"		"potential prognostic favorable (1.03e-4)"	"unprognostic (4.23e-1)"	"unprognostic (2.48e-2)"	"unprognostic (2.79e-2)"	"unprognostic (9.04e-2)"	"unprognostic (1.11e-1)"		"unprognostic (9.23e-3)"	"unprognostic (1.56e-2)"	"unprognostic (3.98e-1)"	"unprognostic (1.08e-1)"	"unprognostic (1.97e-2)"		"unprognostic (2.49e-1)"		"unprognostic (3.84e-1)"	"unprognostic (3.74e-2)"	"unprognostic (2.27e-2)"	"unprognostic (8.92e-2)"	"unprognostic (6.00e-2)"	"unprognostic (2.57e-1)"	"unprognostic (2.43e-1)"	"unprognostic (3.64e-1)"
IGKV1D-13		ENSG00000276566	"Immunoglobulin kappa variable 1D-13"	"A0A0B4J2D9, P0DP09"	2	90154073-90154574	"Immunoglobulin genes, Predicted secreted proteins"	"Adaptive immunity, Immunity"			"Evidence at protein level"	"Evidence at transcript level"	"No human protein/transcript evidence"	"Evidence at protein level"	"Group enriched"	"Detected in many"	5	"intestine: 100.5;lymphoid tissue: 309.3"	"Cell type enriched"	"Detected in some"	805	"Plasma cells: 3466.9"	"Not detected"	"Not detected"			"Low cancer specificity"	"Detected in many"			"Not detected"	"Not detected"			"Group enriched"	"Detected in some"	736	"memory B-cell: 482.6;naive B-cell: 333.8"	"Lineage enriched"	"Detected in single"	870	"B-cells: 482.6"	"Cancer enriched"	"Detected in single"	32	"Myeloma: 22.3"	"Breast - Plasma cells, Colon - Plasma cells, Kidney - Plasma cells, Lung - Plasma cells, Minor Salivary Gland - Plasma cells, Pancreas - Plasma cells, Prostate - Plasma cells, Stomach - Plasma cells, Thyroid gland - Plasma cells"									HPA048721	Approved				"Immunoglobulin genes"	Immunity	NA	NA		750000000	"Cluster 23: B-cells - Immunoglobulins"			"Cluster 51: Myeloma - Immunoglobulins"	"Cluster 77: Plasma cells - Protein processing"				"HPA048721: "	"unprognostic (6.51e-2)"	"potential prognostic favorable (1.03e-6)"		"unprognostic (3.63e-3)"	"unprognostic (3.15e-1)"	"unprognostic (2.20e-1)"	"unprognostic (1.26e-1)"		"unprognostic (1.11e-3)"		"unprognostic (7.27e-2)"	"unprognostic (5.71e-3)"	"unprognostic (7.38e-3)"	"unprognostic (2.83e-1)"		"unprognostic (4.75e-3)"	"unprognostic (1.90e-1)"	"unprognostic (4.64e-1)"	"unprognostic (5.30e-1)"	"unprognostic (5.99e-2)"		"unprognostic (2.14e-1)"		"unprognostic (5.04e-1)"	"unprognostic (1.17e-1)"	"unprognostic (6.04e-2)"	"unprognostic (4.62e-2)"	"unprognostic (8.30e-2)"	"unprognostic (8.12e-2)"	"unprognostic (3.42e-1)"	"unprognostic (2.05e-1)"
IGKV1D-8		ENSG00000239819	"Immunoglobulin kappa variable 1D-8"	A0A087WSZ0	2	90220727-90221384	"Immunoglobulin genes, Predicted secreted proteins"	"Adaptive immunity, Immunity"			"Evidence at protein level"	"Evidence at transcript level"	"No human protein/transcript evidence"	"Evidence at protein level"	"Tissue enriched"	"Detected in some"	5	"lymphoid tissue: 13.8"	"Cell type enriched"	"Detected in some"	57	"Plasma cells: 497.8"	"Not detected"	"Not detected"			"Cancer enriched"	"Detected in many"	4	"Testicular Germ Cell Tumor (TCGA): 10.6"	"Not detected"	"Not detected"			"Group enriched"	"Detected in some"	324	"memory B-cell: 32.9;naive B-cell: 31.9"	"Lineage enriched"	"Detected in single"	329	"B-cells: 32.9"	"Group enriched"	"Detected in some"	14	"lymphoma: 1.5;Myeloma: 1.1"	"Adipose visceral - Plasma cells, Breast - Plasma cells, Liver - Plasma cells, Lung - Plasma cells, Minor Salivary Gland - Plasma cells, Pancreas - Plasma cells, Prostate - Plasma cells, Spleen - Plasma cells, Stomach - Plasma cells, Thyroid gland - Plasma cells"									HPA048721	Approved				"Immunoglobulin genes"	Immunity	NA	NA		5000000000	"Cluster 23: B-cells - Immunoglobulins"			"Cluster 46: Lymphoma - Humoral immune response"	"Cluster 77: Plasma cells - Protein processing"				"HPA048721: "	"unprognostic (5.22e-1)"	"unprognostic (3.15e-2)"		"unprognostic (2.28e-1)"		"unprognostic (1.23e-1)"										"unprognostic (1.66e-1)"	"unprognostic (3.41e-2)"	"unprognostic (2.01e-1)"	"unprognostic (2.87e-1)"	"unprognostic (4.43e-1)"		"unprognostic (2.54e-2)"				"unprognostic (3.97e-1)"	"unprognostic (2.20e-1)"	"unprognostic (1.91e-1)"	"unprognostic (1.22e-1)"		
IGLJ1		ENSG00000211674	"Immunoglobulin lambda joining 1"	A0A0A0MT76	22	22893692-22893818	"Immunoglobulin genes, Predicted intracellular proteins, Predicted secreted proteins"	"Adaptive immunity, Immunity"			"Evidence at transcript level"	"Evidence at transcript level"	"No human protein/transcript evidence"	"Evidence at transcript level"	"Group enriched"	"Detected in many"	5	"intestine: 97.1;lymphoid tissue: 52.2;salivary gland: 33.2;stomach 1: 39.3"	"Not detected"	"Not detected"			"Not detected"	"Not detected"			"Cancer enhanced"	"Detected in many"		"Lung Adenocarcinoma (TCGA): 95.5"	"Low region specificity"	"Detected in single"			"Group enriched"	"Detected in some"	25	"memory B-cell: 20.1;naive B-cell: 11.1"	"Lineage enriched"	"Detected in single"	32	"B-cells: 20.1"	"Cancer enriched"	"Detected in some"	5	"Myeloma: 966.9"	"Adipose subcutaneous - Plasma cells, Adipose visceral - Plasma cells, Adrenal gland - Plasma cells, Breast - Plasma cells, Colon - Plasma cells, Heart muscle - Plasma cells, Kidney - Plasma cells, Liver - Plasma cells, Lung - Plasma cells, Minor Salivary Gland - Plasma cells, Pancreas - Plasma cells, Pituitary gland - Plasma cells, Prostate - Plasma cells, Skin - Plasma cells, Spleen - Plasma cells, Stomach - Plasma cells, Thyroid gland - Plasma cells"														"Immunoglobulin genes"	Immunity	NA	NA			"Cluster 17: B-cells - Immunoglobulins"		"Cluster 8: Immune cells - Immune response"	"Cluster 51: Myeloma - Immunoglobulins"							"unprognostic (7.26e-2)"		"unprognostic (6.29e-2)"	"unprognostic (2.35e-1)"	"unprognostic (3.90e-2)"			"potential prognostic favorable (9.46e-4)"		"unprognostic (4.88e-2)"	"unprognostic (1.92e-2)"	"unprognostic (2.90e-1)"	"unprognostic (4.29e-1)"		"unprognostic (4.73e-2)"	"unprognostic (5.26e-2)"	"unprognostic (2.18e-1)"	"unprognostic (6.67e-2)"	"unprognostic (4.75e-1)"		"unprognostic (3.38e-2)"		"unprognostic (1.85e-1)"	"unprognostic (1.78e-3)"	"unprognostic (1.16e-2)"		"unprognostic (3.20e-1)"	"unprognostic (1.90e-1)"	"unprognostic (1.51e-1)"	
IGLL1	"14.1, CD179B, IGL5, IGLL, IGVPB"	ENSG00000128322	"Immunoglobulin lambda like polypeptide 1"	P15814	22	23573125-23580302	"CD markers, Disease related genes, Human disease related genes, Plasma proteins, Predicted intracellular proteins, Predicted secreted proteins"			"Disease variant"	"Evidence at protein level"	"Evidence at protein level"	"Evidence at protein level"	"Evidence at protein level"	"Group enriched"	"Detected in some"	5	"bone marrow: 69.3;testis: 24.5"	"Cell type enriched"	"Detected in some"	4	"Late spermatids: 162.7"	"Cell type enhanced"	"Detected in single"		"choroid plexus epithelial cell: 3.1"	"Cancer enhanced"	"Detected in single"		"Stomach Adenocarcinoma (TCGA): 3.0"	"Not detected"	"Not detected"			"Group enriched"	"Detected in some"	10	"memory B-cell: 12.0;naive B-cell: 14.9"	"Lineage enriched"	"Detected in many"	11	"B-cells: 14.9"	"Group enriched"	"Detected in some"	13	"Leukemia: 379.0;lymphoma: 146.4"	"Breast - Plasma cells, Minor Salivary Gland - Plasma cells, Spleen - Plasma cells, Testis - Early spermatids, Testis - Late spermatids"					"Not detected"	"Not detected"			"HPA051134, HPA071406"	Enhanced		Approved	"Endoplasmic reticulum"	"Secreted to blood"	"No annotated function"	NA	NA		35000000000	"Cluster 17: B-cells - Immunoglobulins"	"Cluster 6: Bone marrow - Innate immune response"		"Cluster 35: RS4;11 - Unknown function"	"Cluster 36: Late spermatids - Unknown function"	3	"Endoplasmic reticulum"		"HPA051134: AB_2681356, HPA071406: AB_2686393"																												"unprognostic (1.95e-2)"			
IGLV3-16		ENSG00000211665	"Immunoglobulin lambda variable 3-16"	A0A075B6K0	22	22747383-22747921	"Immunoglobulin genes, Predicted secreted proteins"	"Adaptive immunity, Immunity"			"Evidence at protein level"	"Evidence at transcript level"	"No human protein/transcript evidence"	"Evidence at protein level"	"Group enriched"	"Detected in many"	5	"lymphoid tissue: 77.8;urinary bladder: 41.3"	"Cell type enriched"	"Detected in some"	6	"Plasma cells: 39.2"	"Not detected"	"Not detected"			"Low cancer specificity"	"Detected in many"			"Not detected"	"Not detected"			"Group enriched"	"Detected in some"	394	"memory B-cell: 107.8;naive B-cell: 122.0"	"Lineage enriched"	"Detected in single"	418	"B-cells: 122.0"	"Cancer enriched"	"Detected in single"	398	"Myeloma: 61.3"	"Adipose visceral - Plasma cells, Breast - Plasma cells, Lung - Plasma cells, Minor Salivary Gland - Plasma cells, Pancreas - Plasma cells, Prostate - Plasma cells, Spleen - Plasma cells, Stomach - Plasma cells, Thyroid gland - Plasma cells"														"Immunoglobulin genes"	Immunity	NA	NA		1200000000	"Cluster 23: B-cells - Immunoglobulins"			"Cluster 51: Myeloma - Immunoglobulins"	"Cluster 61: Plasma cells - Immunoglobulins & histones"					"unprognostic (1.60e-1)"	"potential prognostic favorable (1.91e-4)"		"unprognostic (8.96e-3)"	"unprognostic (1.59e-2)"	"unprognostic (6.02e-2)"			"potential prognostic favorable (3.94e-6)"		"unprognostic (1.06e-1)"	"unprognostic (2.92e-3)"	"unprognostic (1.35e-2)"			"unprognostic (8.88e-2)"	"unprognostic (2.33e-3)"	"unprognostic (2.16e-2)"	"unprognostic (1.91e-2)"	"unprognostic (1.29e-1)"	"unprognostic (7.78e-2)"	"unprognostic (1.99e-2)"	"unprognostic (1.14e-1)"		"unprognostic (1.04e-2)"	"unprognostic (1.49e-1)"	"unprognostic (5.05e-2)"	"unprognostic (1.61e-1)"	"unprognostic (3.50e-1)"	"unprognostic (2.33e-2)"	"unprognostic (2.78e-1)"
IGLV5-37		ENSG00000211654	"Immunoglobulin lambda variable 5-37"	A0A075B6J1	22	22427540-22428035	"Immunoglobulin genes, Predicted secreted proteins"	"Adaptive immunity, Immunity"			"Evidence at protein level"	"Evidence at transcript level"	"No human protein/transcript evidence"	"Evidence at protein level"	"Group enriched"	"Detected in many"	5	"gallbladder: 23.8;intestine: 10.1;lymphoid tissue: 40.1;salivary gland: 10.3;stomach 1: 16.0"	"Group enriched"	"Detected in some"	4	"B-cells: 2.8;Plasma cells: 7.0"	"Not detected"	"Not detected"			"Cancer enhanced"	"Detected in many"		"Lung Squamous Cell Carcinoma (TCGA): 8.0"	"Not detected"	"Not detected"			"Group enriched"	"Detected in some"	54	"memory B-cell: 6.2;naive B-cell: 7.0"	"Lineage enriched"	"Detected in single"	58	"B-cells: 7.0"	"Not detected"	"Not detected"			"Breast - Plasma cells, Lung - Plasma cells, Minor Salivary Gland - Plasma cells, Spleen - Plasma cells, Stomach - Plasma cells, Thyroid gland - Plasma cells"														"Immunoglobulin genes"	Immunity	NA	NA		23000000	"Cluster 34: B-cells - Unknown function"			"Cluster 55: Lymphoma - Immune response"	"Cluster 61: Plasma cells - Immunoglobulins & histones"						"unprognostic (1.36e-3)"		"unprognostic (3.79e-2)"	"unprognostic (8.30e-2)"	"unprognostic (1.18e-1)"			"unprognostic (1.29e-3)"							"unprognostic (3.82e-2)"	"unprognostic (1.18e-1)"	"unprognostic (9.38e-2)"	"unprognostic (1.66e-1)"	"unprognostic (7.74e-2)"	"unprognostic (3.67e-2)"	"unprognostic (2.28e-1)"	"unprognostic (4.15e-1)"		"potential prognostic favorable (3.55e-4)"	"unprognostic (1.31e-1)"		"unprognostic (1.94e-1)"	"unprognostic (3.12e-1)"		
IL23A	"IL-23, IL-23A, IL23P19, P19, SGRF"	ENSG00000110944	"Interleukin 23 subunit alpha"	Q9NPF7	12	56334174-56340410	"FDA approved drug targets, Predicted secreted proteins"	"Antiviral defense, Immunity, Inflammatory response, Innate immunity, Tissue remodeling"	Cytokine	"FDA approved drug targets"	"Evidence at protein level"	"Evidence at transcript level"	"Evidence at protein level"	"Evidence at protein level"	"Tissue enriched"	"Detected in some"	5	"urinary bladder: 42.8"	"Cell type enriched"	"Detected in many"	4	"Langerhans cells: 205.4"	"Low cell type specificity"	"Detected in some"			"Low cancer specificity"	"Detected in many"			"Low region specificity"	"Detected in many"			"Group enriched"	"Detected in many"	7	"MAIT T-cell: 14.2;memory B-cell: 19.0;memory CD4 T-cell: 25.8;memory CD8 T-cell: 12.5;naive B-cell: 21.6;naive CD4 T-cell: 28.2;naive CD8 T-cell: 17.7;T-reg: 15.6"	"Group enriched"	"Detected in many"	12	"B-cells: 21.6;T-cells: 28.2"	"Low cancer specificity"	"Detected in many"			"Testis - Early spermatids"	"Region enhanced"	"Detected in some"		"white matter: 3.9"	"Not detected"	"Not detected"			HPA001554	Approved		Approved	Cytosol	"Secreted to blood"	Interleukin	NA	NA	11000		"Cluster 43: Non-specific - Transcription & Translation"	"Cluster 29: Squamous epithelium - Innate immune response"	"Cluster 20: Macrophages & Microglia - Immune response"	"Cluster 53: Squamous epithelial cells - Keratinization"	"Cluster 45: Non-specific - Mixed function"	5	Cytosol		"HPA001554: AB_1079135"	"unprognostic (8.92e-2)"	"unprognostic (2.62e-1)"	"unprognostic (1.52e-1)"	"unprognostic (1.82e-1)"	"unprognostic (2.16e-1)"	"unprognostic (2.56e-2)"		"unprognostic (1.11e-1)"	"unprognostic (7.39e-3)"		"potential prognostic unfavorable (7.16e-10)"	"unprognostic (5.04e-3)"	"unprognostic (1.15e-2)"		"unprognostic (1.27e-1)"	"potential prognostic unfavorable (1.30e-4)"	"unprognostic (4.19e-2)"	"unprognostic (1.43e-1)"	"unprognostic (2.69e-1)"	"unprognostic (2.98e-2)"	"unprognostic (1.01e-1)"	"unprognostic (1.05e-1)"	"unprognostic (5.70e-1)"	"unprognostic (1.55e-1)"	"unprognostic (3.80e-1)"	"unprognostic (3.62e-1)"		"unprognostic (8.08e-2)"	"unprognostic (4.35e-2)"	"unprognostic (2.03e-1)"	"unprognostic (1.50e-1)"
KCNK7	K2p7.1	ENSG00000173338	"Potassium two pore domain channel subfamily K member 7"	Q9Y2U2	11	65592836-65595996	"Predicted intracellular proteins, Predicted membrane proteins, Voltage-gated ion channels"	"Ion transport, Potassium transport, Transport"	"Ion channel, Potassium channel, Voltage-gated channel"		"Evidence at protein level"	"Evidence at transcript level"	"Evidence at protein level"	"Evidence at protein level"	"Tissue enriched"	"Detected in many"	5	"skin 1: 87.3"	"Cell type enriched"	"Detected in some"	5	"Suprabasal keratinocytes: 128.1"	"Low cell type specificity"	"Detected in some"			"Cancer enhanced"	"Detected in many"		"Head and Neck Squamous Cell Carcinoma (TCGA): 11.3"	"Low region specificity"	"Detected in many"			"Group enriched"	"Detected in some"	15	"basophil: 2.1;naive B-cell: 2.2;neutrophil: 1.5"	"Group enriched"	"Detected in many"	16	"B-cells: 2.2;granulocytes: 2.1"	"Cancer enhanced"	"Detected in some"		"Esophageal cancer: 2.9"	"Minor Salivary Gland - Minor salivary gland basal cells, Skin - Keratinocyte (other)"	"Not detected"	"Not detected"			"Low region specificity"	"Detected in many"			HPA077577			Approved	"Plasma membrane"			NA	NA			"Cluster 41: Basophils - Unknown function"	"Cluster 13: Skin - Cornification"	"Cluster 6: Non-specific - Immune response"	"Cluster 53: Squamous epithelial cells - Keratinization"	"Cluster 59: Suprabasal keratinocytes - Cornification"		"Plasma membrane"		"HPA077577: AB_2686845"	"unprognostic (4.82e-3)"		"unprognostic (1.01e-1)"	"unprognostic (8.86e-2)"			"unprognostic (3.91e-2)"		"unprognostic (1.82e-1)"				"unprognostic (1.22e-1)"					"unprognostic (4.75e-2)"				"unprognostic (9.01e-2)"			"unprognostic (3.42e-3)"		"unprognostic (2.68e-1)"				"unprognostic (5.68e-2)"
KMO		ENSG00000117009	"Kynurenine 3-monooxygenase"	O15229	1	241532134-241595642	"Enzymes, Metabolic proteins, Predicted membrane proteins"	"Pyridine nucleotide biosynthesis"	"Monooxygenase, Oxidoreductase"		"Evidence at protein level"	"Evidence at protein level"	"Evidence at protein level"	"Evidence at protein level"	"Group enriched"	"Detected in many"	5	"kidney: 30.3;liver: 88.8"	"Cell type enhanced"	"Detected in many"		"Hepatocytes: 46.2;Langerhans cells: 61.9;monocytes: 88.9;Proximal tubular cells: 55.2;Syncytiotrophoblasts: 270.1"	"Cell type enriched"	"Detected in many"	4	"CGE interneuron: 71.0"	"Cancer enhanced"	"Detected in many"		"Kidney Renal Clear Cell Carcinoma (TCGA): 17.9"	"Low region specificity"	"Detected in all"			"Group enriched"	"Detected in many"	100	"classical monocyte: 11.1;intermediate monocyte: 32.3;memory B-cell: 36.2;myeloid DC: 11.3;naive B-cell: 42.2;non-classical monocyte: 34.0;plasmacytoid DC: 24.4"	"Group enriched"	"Detected in many"	122	"B-cells: 42.2;dendritic cells: 24.4;monocytes: 34.0"	"Cancer enhanced"	"Detected in many"		"Bone cancer: 26.3"	"Adipose subcutaneous - Macrophages, Adipose visceral - Macrophages, Adrenal gland - Macrophages, Kidney - Proximal tubular cells, Testis - Early spermatids"	"Region enriched"	"Detected in single"	4	"thalamus: 1.1"	"Low region specificity"	"Detected in many"			"HPA031115, HPA056942"	Enhanced						NA	NA			"Cluster 23: B-cells - Immunoglobulins"	"Cluster 1: Liver & Kidney - Metabolism"	"Cluster 53: Neurons - Mixed function"	"Cluster 12: Bone cancer - Neuronal signaling"	"Cluster 27: Syncytiotrophoblasts - Pregnancy"				"HPA031115: AB_10601924, HPA056942: AB_2683281"	"unprognostic (1.80e-2)"	"unprognostic (7.84e-3)"	"unprognostic (1.75e-1)"	"unprognostic (4.45e-3)"		"unprognostic (5.12e-2)"	"potential prognostic unfavorable (9.47e-4)"	"unprognostic (1.05e-2)"	"unprognostic (1.80e-1)"	"unprognostic (1.99e-1)"	"unprognostic (6.53e-3)"	"unprognostic (1.18e-1)"	"unprognostic (1.91e-1)"	"unprognostic (1.37e-1)"	"unprognostic (2.72e-3)"	"unprognostic (7.49e-2)"	"unprognostic (1.29e-1)"	"unprognostic (3.62e-2)"	"unprognostic (2.08e-1)"	"unprognostic (1.15e-2)"		"unprognostic (2.46e-1)"	"unprognostic (8.36e-3)"	"unprognostic (2.36e-1)"		"unprognostic (4.30e-1)"	"unprognostic (2.72e-1)"	"unprognostic (9.31e-2)"	"unprognostic (5.05e-2)"		"unprognostic (4.58e-1)"
MS4A1	"B1, Bp35, CD20, FMC7"	ENSG00000156738	"Membrane spanning 4-domains A1"	P11836	11	60455846-60470752	"CD markers, Disease related genes, FDA approved drug targets, Human disease related genes, Predicted intracellular proteins, Predicted membrane proteins, Transporters"	"B-cell activation"		"FDA approved drug targets"	"Evidence at protein level"	"Evidence at protein level"	"Evidence at protein level"	"Evidence at protein level"	"Tissue enriched"	"Detected in many"	5	"lymphoid tissue: 655.0"	"Cell type enriched"	"Detected in some"	55	"B-cells: 969.4"	"Cell type enriched"	"Detected in single"	99	"leukocyte: 50.1"	"Low cancer specificity"	"Detected in many"			"Not detected"	"Not detected"			"Group enriched"	"Detected in many"	96	"memory B-cell: 627.9;naive B-cell: 630.0"	"Lineage enriched"	"Detected in many"	96	"B-cells: 630.0"	"Cancer enriched"	"Detected in some"	6	"lymphoma: 397.8"	"Breast - T-cells, Lung - B-cells (Lung), Spleen - B-cells (Spleen), Thyroid gland - T-cells"	"Not detected"	"Not detected"			"Not detected"	"Not detected"			"CAB000015, HPA014341, HPA014391"	Enhanced		Supported	"Plasma membrane"			NA	NA			"Cluster 23: B-cells - Immunoglobulins"	"Cluster 36: Lymphoid tissue - Cytokine signaling"		"Cluster 55: Lymphoma - Immune response"	"Cluster 73: B-cells - B-cell function"	34	"Plasma membrane"		"CAB000015: AB_2282030, HPA014341: AB_1846265, HPA014391: AB_1846264"	"unprognostic (1.71e-1)"	"validated prognostic favorable (3.10e-4)"	"validated prognostic favorable (2.75e-5)"	"potential prognostic favorable (4.40e-5)"	"unprognostic (1.25e-1)"	"unprognostic (9.81e-2)"			"potential prognostic favorable (9.96e-7)"		"unprognostic (6.54e-3)"	"unprognostic (9.61e-2)"			"unprognostic (1.54e-2)"	"potential prognostic favorable (1.29e-4)"	"unprognostic (3.75e-2)"	"unprognostic (1.21e-1)"	"unprognostic (1.31e-1)"		"unprognostic (6.53e-2)"	"unprognostic (8.62e-2)"	"unprognostic (3.32e-1)"	"unprognostic (3.46e-2)"	"unprognostic (4.36e-2)"	"unprognostic (3.36e-3)"	"unprognostic (2.04e-1)"	"unprognostic (1.93e-1)"	"unprognostic (6.81e-2)"	"unprognostic (6.82e-2)"	
PLAAT2	"FLJ20556, HRASLS2, PLAAT-2"	ENSG00000133328	"Phospholipase A and acyltransferase 2"	Q9NWW9	11	63552770-63563379	"Enzymes, Metabolic proteins, Predicted membrane proteins, RAS pathway related proteins"	"Lipid degradation, Lipid metabolism"	"Acyltransferase, Hydrolase, Transferase"		"Evidence at protein level"	"Evidence at transcript level"	"Evidence at protein level"	"Evidence at protein level"	"Tissue enriched"	"Detected in some"	5	"intestine: 65.9"	"Cell type enhanced"	"Detected in many"		"Ciliated cells: 78.8;Distal enterocytes: 73.3;Ionocytes: 52.3;Proximal enterocytes: 90.8;Proximal tubular cells: 152.3"	"Not detected"	"Not detected"			"Low cancer specificity"	"Detected in many"			"Low region specificity"	"Detected in single"			"Group enriched"	"Detected in some"	8	"memory B-cell: 17.4;naive B-cell: 8.3"	"Lineage enriched"	"Detected in many"	10	"B-cells: 17.4"	"Cancer enhanced"	"Detected in many"		"Myeloma: 30.0"	"Breast - Breast glandular cells, Breast - Breast glandular cells, Colon - Colon enterocytes, Kidney - Proximal tubular cells, Liver - Hepatocytes, Stomach - Gastric mucous cells"									HPA058997	Approved		Approved	Mitochondria			NA	NA			"Cluster 17: B-cells - Immunoglobulins"	"Cluster 25: Small intestine - Absorption"	"Cluster 11: White matter - Signal transduction"	"Cluster 51: Myeloma - Immunoglobulins"	"Cluster 56: Proximal tubular cells - Amino acid metabolism"	5	Mitochondria		"HPA058997: AB_2683874"	"unprognostic (2.09e-1)"	"unprognostic (9.61e-2)"		"potential prognostic favorable (4.31e-4)"	"unprognostic (3.62e-1)"	"unprognostic (1.82e-2)"			"unprognostic (2.16e-1)"		"unprognostic (6.29e-3)"	"unprognostic (1.77e-2)"	"unprognostic (1.35e-2)"	"unprognostic (1.23e-1)"		"unprognostic (2.93e-2)"	"unprognostic (4.40e-1)"	"unprognostic (7.38e-2)"	"unprognostic (1.57e-1)"	"unprognostic (9.99e-3)"	"unprognostic (2.15e-3)"	"potential prognostic unfavorable (5.09e-5)"	"unprognostic (3.98e-3)"		"unprognostic (3.02e-1)"	"unprognostic (3.79e-1)"		"unprognostic (2.61e-2)"			"unprognostic (1.15e-2)"
SGCA	"A2, adhalin, ADL, DMDA2, LGMD2D, SCARMD1"	ENSG00000108823	"Sarcoglycan alpha"	Q16586	17	50164214-50175928	"Disease related genes, Human disease related genes, Predicted intracellular proteins, Predicted membrane proteins"			"Disease variant, Limb-girdle muscular dystrophy"	"Evidence at protein level"	"Evidence at transcript level"	"Evidence at protein level"	"Evidence at protein level"	"Group enriched"	"Detected in many"	5	"heart muscle: 146.2;skeletal muscle: 460.6;tongue: 208.6"	"Cell type enhanced"	"Detected in some"		"Cardiomyocytes: 76.5;Early spermatids: 115.6;Late spermatids: 671.7;Skeletal myocytes: 249.8"	"Group enriched"	"Detected in some"	5	"fibroblast: 13.5;pericyte: 7.7;vascular associated smooth muscle cell: 29.5"	"Cancer enhanced"	"Detected in many"		"Prostate Adenocarcinoma (TCGA): 12.1"	"Low region specificity"	"Detected in many"			"Group enriched"	"Detected in some"	4	"intermediate monocyte: 1.0;memory B-cell: 2.9;myeloid DC: 1.5;naive B-cell: 2.8;non-classical monocyte: 1.4"	"Group enriched"	"Detected in many"	20	"B-cells: 2.9;dendritic cells: 1.5;monocytes: 1.4"	"Cancer enriched"	"Detected in single"	35	"Sarcoma: 23.1"	"Adipose subcutaneous - Smooth muscle cells, Adipose visceral - Smooth muscle cells, Adrenal gland - Smooth muscle cells, Heart muscle - Cardiomyocytes, Liver - Hepatic stellate cells, Pituitary gland - Smooth muscle cells, Prostate - Smooth muscle cells, Skin - Fibroblast_2, Spleen - Smooth muscle cells, Testis - Late spermatids, Thyroid gland - Smooth muscle cells"	"Low region specificity"	"Detected in many"			"Low region specificity"	"Detected in all"			HPA007537	Uncertain				"Intracellular and membrane"	"No annotated function"	NA	NA			"Cluster 14: Non-specific - Unknown function"	"Cluster 14: Skeletal muscle - Muscle contraction"	"Cluster 25: Non-specific - Transcription"	"Cluster 33: Sarcoma - Muscle contraction"	"Cluster 63: Late spermatids - Spermatogenesis"	70			"HPA007537: AB_1079944"	"unprognostic (1.03e-1)"		"unprognostic (1.72e-1)"		"unprognostic (5.54e-2)"	"unprognostic (1.71e-2)"	"unprognostic (5.63e-2)"		"unprognostic (2.71e-2)"		"unprognostic (4.67e-3)"	"unprognostic (6.55e-3)"		"unprognostic (8.90e-2)"	"unprognostic (2.98e-3)"	"unprognostic (3.62e-3)"	"unprognostic (1.22e-1)"	"potential prognostic unfavorable (6.21e-5)"	"unprognostic (3.32e-2)"			"unprognostic (1.43e-1)"	"potential prognostic favorable (1.32e-5)"	"unprognostic (1.32e-1)"	"unprognostic (6.24e-3)"	"unprognostic (3.96e-2)"		"unprognostic (6.44e-2)"	"unprognostic (2.42e-1)"	"unprognostic (2.02e-1)"	
TLR10	CD290	ENSG00000174123	"Toll like receptor 10"	Q9BXR5	4	38772238-38782990	"CD markers, Plasma proteins, Predicted intracellular proteins, Predicted membrane proteins"	"Immunity, Inflammatory response, Innate immunity"	Receptor		"Evidence at protein level"	"Evidence at transcript level"	"Evidence at protein level"	"Evidence at protein level"	"Tissue enriched"	"Detected in some"	5	"lymphoid tissue: 46.6"	"Cell type enhanced"	"Detected in some"		"B-cells: 58.6;dendritic cells: 13.0;Macrophages: 6.5;Microglial cells: 16.1"	"Cell type enriched"	"Detected in some"	7	"central nervous system macrophage: 104.3"	"Low cancer specificity"	"Detected in many"			"Low region specificity"	"Detected in all"			"Group enriched"	"Detected in many"	4	"memory B-cell: 39.1;naive B-cell: 24.1"	"Lineage enriched"	"Detected in many"	5	"B-cells: 39.1"	"Cancer enriched"	"Detected in some"	4	"lymphoma: 27.2"	"Adipose visceral - Neutrophils, Prostate - T-cells, Spleen - B-cells (Spleen)"					"Low region specificity"	"Detected in many"			HPA001940			Approved	"Endoplasmic reticulum,Plasma membrane"			NA	NA			"Cluster 23: B-cells - Immunoglobulins"	"Cluster 36: Lymphoid tissue - Cytokine signaling"	"Cluster 20: Macrophages & Microglia - Immune response"	"Cluster 55: Lymphoma - Immune response"	"Cluster 73: B-cells - B-cell function"	4	"Plasma membrane"	"Endoplasmic reticulum"	"HPA001940: "		"potential prognostic favorable (2.61e-4)"	"unprognostic (6.87e-2)"			"unprognostic (2.77e-2)"	"unprognostic (1.62e-1)"	"unprognostic (3.29e-3)"				"unprognostic (1.75e-1)"			"unprognostic (2.44e-2)"	"potential prognostic favorable (1.04e-4)"	"unprognostic (1.75e-1)"	"unprognostic (2.23e-1)"	"unprognostic (1.29e-1)"			"unprognostic (1.24e-1)"	"unprognostic (1.20e-2)"			"unprognostic (3.12e-2)"		"unprognostic (2.25e-1)"	"unprognostic (4.53e-2)"		
CD79B	"B29, Ig-beta, IGB, Igbeta"	ENSG00000007312	"CD79b molecule"	P40259	17	63928738-63932336	"Cancer-related genes, CD markers, Disease related genes, FDA approved drug targets, Human disease related genes, Predicted membrane proteins"	"Adaptive immunity, Immunity"		"Cancer-related genes, Disease variant, FDA approved drug targets"	"Evidence at protein level"	"Evidence at protein level"	"Evidence at protein level"	"Evidence at protein level"	"Tissue enriched"	"Detected in many"	4	"lymphoid tissue: 258.7"	"Cell type enriched"	"Detected in many"	4	"B-cells: 490.9"	"Group enriched"	"Detected in some"	5	"fibroblast: 8.8;leukocyte: 18.7"	"Low cancer specificity"	"Detected in all"			"Not detected"	"Not detected"			"Group enriched"	"Detected in all"	4	"memory B-cell: 1119.4;naive B-cell: 1488.8"	"Lineage enriched"	"Detected in all"	5	"B-cells: 1488.8"	"Cancer enriched"	"Detected in some"	6	"lymphoma: 657.0"	"Pituitary gland - Somatotropes, Prostate - Endothelial cells, Spleen - B-cells (Spleen)"	"Not detected"	"Not detected"			"Not detected"	"Not detected"			"HPA009178, CAB009751, HPA044107"	Enhanced		Supported	"Nucleoplasm,Plasma membrane,Cytosol"			NA	NA			"Cluster 23: B-cells - Immunoglobulins"	"Cluster 70: Lymphoid tissue - Immune response"		"Cluster 46: Lymphoma - Humoral immune response"	"Cluster 73: B-cells - B-cell function"	3	"Plasma membrane"	"Nucleoplasm, Cytosol"	"CAB009751: AB_2275844, HPA009178: AB_1078483, HPA044107: "	"unprognostic (1.46e-1)"	"unprognostic (1.55e-2)"	"potential prognostic favorable (2.92e-5)"	"potential prognostic favorable (3.09e-4)"	"unprognostic (1.18e-1)"	"unprognostic (1.67e-1)"	"potential prognostic unfavorable (4.18e-4)"	"unprognostic (1.78e-1)"	"potential prognostic favorable (4.85e-4)"	"unprognostic (1.39e-1)"	"potential prognostic favorable (2.74e-4)"	"unprognostic (1.70e-2)"	"potential prognostic unfavorable (3.33e-4)"	"unprognostic (1.82e-1)"	"unprognostic (2.64e-2)"	"potential prognostic favorable (2.91e-4)"	"unprognostic (1.02e-1)"	"unprognostic (7.09e-2)"	"unprognostic (8.64e-2)"	"unprognostic (1.95e-3)"	"unprognostic (1.56e-1)"	"unprognostic (1.37e-1)"	"unprognostic (2.07e-1)"	"unprognostic (3.06e-2)"	"unprognostic (5.15e-2)"	"unprognostic (5.97e-2)"	"unprognostic (4.42e-3)"	"unprognostic (1.85e-1)"	"unprognostic (7.89e-2)"	"unprognostic (1.05e-1)"	"unprognostic (2.47e-1)"
CPNE5	"COPN5, CPN5, KIAA1599"	ENSG00000124772	"Copine 5"	Q9HCH3	6	36740775-36839444	"Plasma proteins, Predicted intracellular proteins"	Differentiation			"Evidence at protein level"	"Evidence at protein level"	"Evidence at protein level"	"Evidence at protein level"	"Group enriched"	"Detected in many"	4	"brain: 134.0;heart muscle: 89.7"	"Cell type enhanced"	"Detected in many"		"B-cells: 32.9;Cardiomyocytes: 35.3;Excitatory neurons: 33.9;Horizontal cells: 40.3;Oligodendrocyte precursor cells: 34.4;Plasma cells: 118.8"	"Cell type enhanced"	"Detected in all"		"medium spiny neuron: 206.2"	"Cancer enhanced"	"Detected in all"		"Glioblastoma Multiforme (TCGA): 28.1"	"Low region specificity"	"Detected in all"			"Group enriched"	"Detected in some"	71	"memory B-cell: 51.7;naive B-cell: 26.9"	"Lineage enriched"	"Detected in single"	93	"B-cells: 51.7"	"Group enriched"	"Detected in some"	5	"lymphoma: 23.0;Myeloma: 27.6"	"Adipose visceral - Mesothelial cells, Minor Salivary Gland - Plasma cells, Prostate - Fibroblasts, Testis - Sertoli cells"	"Region enhanced"	"Detected in many"		"basal ganglia: 103.4"	"Region enhanced"	"Detected in many"		"basal ganglia: 178.3"	HPA031369	Enhanced		Approved	Cytosol			NA	NA			"Cluster 17: B-cells - Immunoglobulins"	"Cluster 30: Heart muscle - Heart development"	"Cluster 33: Neurons - Mixed function"	"Cluster 46: Lymphoma - Humoral immune response"	"Cluster 77: Plasma cells - Protein processing"	2	Cytosol		"HPA031369: AB_10601801"	"unprognostic (1.35e-2)"	"unprognostic (4.07e-2)"	"unprognostic (1.50e-1)"	"unprognostic (9.47e-3)"	"unprognostic (1.69e-1)"	"unprognostic (3.33e-1)"	"unprognostic (8.66e-2)"	"unprognostic (2.84e-1)"	"potential prognostic favorable (4.60e-4)"	"unprognostic (2.66e-2)"	"unprognostic (6.32e-2)"	"unprognostic (2.05e-3)"	"potential prognostic unfavorable (1.79e-4)"	"unprognostic (3.23e-2)"	"unprognostic (5.55e-2)"	"unprognostic (1.02e-2)"	"unprognostic (8.08e-2)"	"unprognostic (3.60e-2)"	"unprognostic (7.54e-2)"	"unprognostic (1.45e-2)"	"unprognostic (5.94e-2)"	"unprognostic (1.09e-1)"	"unprognostic (3.11e-1)"	"unprognostic (3.88e-2)"	"unprognostic (2.35e-2)"	"unprognostic (4.95e-2)"	"unprognostic (1.61e-1)"	"unprognostic (3.22e-2)"	"unprognostic (1.55e-1)"	"unprognostic (1.31e-1)"	"unprognostic (1.01e-2)"
CRIP2	"CRP2, ESP1"	ENSG00000182809	"Cysteine rich protein 2"	P52943	14	105472962-105480162	"Predicted intracellular proteins"				"Evidence at protein level"	"Evidence at transcript level"	"Evidence at protein level"	"Evidence at protein level"	"Tissue enriched"	"Detected in all"	4	"heart muscle: 1078.5"	"Cell type enhanced"	"Detected in many"		"Adipocytes: 475.2;Cardiomyocytes: 785.0;Endothelial cells: 467.9;Lymphatic endothelial cells: 504.7"	"Cell type enhanced"	"Detected in many"		"endothelial cell: 182.5;vascular associated smooth muscle cell: 155.4"	"Low cancer specificity"	"Detected in all"			"Low region specificity"	"Detected in all"			"Group enriched"	"Detected in many"	5	"memory B-cell: 52.3;memory CD4 T-cell: 80.5;naive B-cell: 111.0;T-reg: 116.0"	"Group enriched"	"Detected in all"	30	"B-cells: 111.0;T-cells: 116.0"	"Low cancer specificity"	"Detected in all"			"Adipose visceral - Endothelial cells, Heart muscle - Cardiomyocytes, Prostate - Endothelial cells, Testis - Late spermatids"	"Low region specificity"	"Detected in all"			"Low region specificity"	"Detected in all"			HPA042664	Approved		Approved	"Nucleoplasm,Nucleoli,Plasma membrane"			NA	NA		540000	"Cluster 43: Non-specific - Transcription & Translation"	"Cluster 30: Heart muscle - Heart development"	"Cluster 51: Neurons - Mixed function"	"Cluster 27: Breast cancer - Unknown function"	"Cluster 48: Smooth muscle cells - Signal transduction"	3	Nucleoli	"Nucleoplasm, Plasma membrane"	"HPA042664: AB_10797017"	"unprognostic (3.46e-1)"	"unprognostic (1.81e-1)"	"unprognostic (2.29e-1)"	"unprognostic (6.46e-2)"	"unprognostic (2.55e-3)"	"unprognostic (8.95e-2)"	"unprognostic (5.10e-1)"	"unprognostic (1.84e-1)"	"unprognostic (2.22e-1)"	"unprognostic (3.48e-1)"	"potential prognostic favorable (3.02e-5)"	"unprognostic (7.56e-3)"	"unprognostic (4.23e-3)"	"unprognostic (4.48e-2)"	"potential prognostic favorable (4.52e-5)"	"unprognostic (6.96e-2)"	"unprognostic (2.66e-1)"	"unprognostic (9.55e-3)"	"unprognostic (5.23e-2)"	"unprognostic (2.76e-1)"	"unprognostic (1.51e-1)"	"unprognostic (5.67e-2)"	"unprognostic (1.71e-1)"	"unprognostic (3.54e-1)"	"unprognostic (3.04e-2)"	"unprognostic (3.60e-2)"	"unprognostic (9.46e-2)"	"unprognostic (3.35e-2)"	"unprognostic (4.49e-2)"	"unprognostic (1.04e-2)"	"unprognostic (2.80e-1)"
EBI3	"IL27B, IL35B"	ENSG00000105246	"Epstein-Barr virus induced 3"	Q14213	19	4229523-4237528	"Predicted secreted proteins"		Cytokine		"Evidence at protein level"	"Evidence at protein level"	"Evidence at protein level"	"Evidence at protein level"	"Tissue enriched"	"Detected in many"	4	"placenta: 142.7"	"Group enriched"	"Detected in some"	6	"Extravillous trophoblasts: 585.8;Syncytiotrophoblasts: 295.0"	"Cell type enriched"	"Detected in some"	32	"central nervous system macrophage: 52.5"	"Low cancer specificity"	"Detected in all"			"Low region specificity"	"Detected in all"			"Group enriched"	"Detected in some"	13	"intermediate monocyte: 4.9;memory B-cell: 18.7;naive B-cell: 14.8;non-classical monocyte: 6.4"	"Group enriched"	"Detected in many"	14	"B-cells: 18.7;monocytes: 6.4"	"Cancer enriched"	"Detected in many"	4	"lymphoma: 69.9"	"Adipose subcutaneous - Macrophages, Adipose visceral - Macrophages, Adrenal gland - Macrophages, Breast - Macrophages, Colon - Macrophages, Kidney - Macrophages, Liver - Kupffer cells, Minor Salivary Gland - Macrophages, Pancreas - Macrophages, Pituitary gland - Macrophages, Prostate - Macrophages, Skeletal muscle - Macrophages, Skin - Macrophages, Spleen - Macrophages, Stomach - Macrophages, Thyroid gland - Macrophages"	"Low region specificity"	"Detected in many"			"Low region specificity"	"Detected in all"			HPA046635	Enhanced				"Secreted to blood"	Cytokine	NA	NA	203000	600000	"Cluster 23: B-cells - Immunoglobulins"	"Cluster 58: Placenta - Pregnancy"	"Cluster 20: Macrophages & Microglia - Immune response"	"Cluster 55: Lymphoma - Immune response"	"Cluster 4: Extravillous trophoblasts - Unknown function"				"HPA046635: AB_2679729"	"unprognostic (1.72e-1)"	"unprognostic (3.63e-2)"	"unprognostic (6.86e-2)"	"unprognostic (4.08e-2)"	"unprognostic (2.66e-1)"	"unprognostic (2.29e-1)"	"unprognostic (2.09e-1)"	"unprognostic (5.44e-3)"	"unprognostic (5.63e-2)"	"unprognostic (5.87e-2)"	"potential prognostic unfavorable (3.66e-4)"	"unprognostic (2.72e-2)"	"potential prognostic unfavorable (7.99e-4)"	"unprognostic (6.42e-2)"	"unprognostic (4.42e-2)"	"unprognostic (1.36e-1)"	"unprognostic (4.74e-2)"	"unprognostic (7.73e-3)"	"unprognostic (1.76e-2)"	"unprognostic (1.78e-1)"	"unprognostic (3.98e-1)"	"unprognostic (4.69e-3)"	"unprognostic (2.09e-3)"	"unprognostic (1.89e-1)"	"unprognostic (8.87e-2)"	"unprognostic (7.83e-3)"	"unprognostic (3.77e-2)"	"unprognostic (4.19e-1)"	"unprognostic (7.01e-2)"	"unprognostic (1.20e-1)"	"unprognostic (4.31e-2)"
FCER2	"CD23, CD23A, CLEC4J, FCE2, FcepsilonRII, FCErII"	ENSG00000104921	"Fc epsilon receptor II"	P06734	19	7688758-7702146	"Cancer-related genes, CD markers, Predicted intracellular proteins, Predicted membrane proteins, Predicted secreted proteins"		"IgE-binding protein, Receptor"	"Cancer-related genes"	"Evidence at protein level"	"Evidence at protein level"	"Evidence at protein level"	"Evidence at protein level"	"Tissue enriched"	"Detected in some"	4	"lymphoid tissue: 41.0"	"Cell type enriched"	"Detected in some"	16	"B-cells: 141.6"	"Cell type enriched"	"Detected in single"	5	"leukocyte: 2.7"	"Cancer enhanced"	"Detected in many"		"Pancreatic Adenocarcinoma (TCGA): 4.5"	"Region enhanced"	"Detected in single"		"cerebral cortex: 2.8"	"Group enriched"	"Detected in many"	24	"memory B-cell: 201.7;naive B-cell: 497.3"	"Lineage enriched"	"Detected in many"	34	"B-cells: 497.3"	"Group enriched"	"Detected in some"	16	"Leukemia: 49.4;lymphoma: 34.1;Myeloma: 41.1"	"Spleen - B-cells (Spleen)"	"Low region specificity"	"Detected in single"			"Not detected"	"Not detected"			"CAB002624, HPA008928, HPA067430"	Enhanced				"Secreted to blood"	Receptor	NA	NA		3300000	"Cluster 18: Non-specific - Translation"	"Cluster 70: Lymphoid tissue - Immune response"	"Cluster 12: Non-specific - Vasculature"	"Cluster 55: Lymphoma - Immune response"	"Cluster 73: B-cells - B-cell function"	1			"CAB002624: , HPA008928: AB_1846285, HPA067430: "	"unprognostic (2.76e-1)"	"unprognostic (3.12e-3)"	"unprognostic (3.71e-3)"			"unprognostic (2.52e-1)"										"potential prognostic favorable (9.66e-4)"		"unprognostic (1.79e-1)"				"unprognostic (6.24e-2)"						"unprognostic (2.13e-1)"	"unprognostic (1.26e-1)"		
GPM6A	GPM6	ENSG00000150625	"Glycoprotein M6A"	P51674	4	175632934-176002664	"Predicted intracellular proteins, Predicted membrane proteins"	Neurogenesis			"Evidence at protein level"	"Evidence at protein level"	"Evidence at protein level"	"Evidence at protein level"	"Tissue enriched"	"Detected in many"	4	"brain: 635.9"	"Cell type enhanced"	"Detected in many"		"Astrocytes: 3520.9;Excitatory neurons: 804.1;Inhibitory neurons: 556.0;Muller glia cells: 422.9;Oligodendrocyte precursor cells: 1258.9"	"Cell type enhanced"	"Detected in all"		"bergmann glia: 5366.0"	"Cancer enriched"	"Detected in many"	26	"Glioblastoma Multiforme (TCGA): 455.3"	"Low region specificity"	"Detected in all"			"Group enriched"	"Detected in some"	9	"memory B-cell: 34.9;naive B-cell: 16.7"	"Lineage enriched"	"Detected in many"	12	"B-cells: 34.9"	"Cancer enhanced"	"Detected in many"		"Brain cancer: 16.2;lymphoma: 10.7"	"Adipose subcutaneous - Smooth muscle cells, Liver - Hepatic stellate cells, Lung - Alveolar cells type 1, Thyroid gland - Thyroid glandular cells"	"Low region specificity"	"Detected in all"			"Low region specificity"	"Detected in all"			HPA017338	Supported						NA	NA			"Cluster 17: B-cells - Immunoglobulins"	"Cluster 22: Brain - Synaptic signal transduction"	"Cluster 40: Astrocytes - Astrocyte-neuron interactions"	"Cluster 72: Neuronal - Signal transduction"	"Cluster 47: Astrocytes - Unknown function"	13			"HPA017338: AB_1849933"	"unprognostic (1.60e-2)"	"unprognostic (2.74e-2)"	"unprognostic (4.08e-1)"	"unprognostic (2.79e-3)"	"unprognostic (1.49e-2)"	"unprognostic (2.17e-1)"	"unprognostic (8.60e-2)"	"unprognostic (1.29e-1)"		"unprognostic (1.60e-2)"	"unprognostic (1.21e-2)"	"unprognostic (5.12e-2)"	"unprognostic (1.38e-1)"		"potential prognostic favorable (7.54e-6)"	"unprognostic (2.57e-1)"	"unprognostic (9.68e-3)"	"unprognostic (5.63e-2)"	"unprognostic (2.03e-1)"	"unprognostic (4.47e-3)"		"unprognostic (1.82e-2)"	"unprognostic (2.72e-1)"	"unprognostic (5.51e-3)"	"unprognostic (1.69e-1)"	"unprognostic (9.70e-2)"	"unprognostic (2.25e-2)"	"unprognostic (7.36e-2)"	"unprognostic (1.78e-1)"	"unprognostic (2.34e-3)"	"unprognostic (2.31e-2)"
IGHG4		ENSG00000211892	"Immunoglobulin heavy constant gamma 4 (G4m marker)"	P01861	14	105620506-105626066	"FDA approved drug targets, Immunoglobulin genes, Plasma proteins, Predicted intracellular proteins, Predicted membrane proteins, Predicted secreted proteins"	"Adaptive immunity, Immunity"		"FDA approved drug targets"	"Evidence at protein level"	"Evidence at transcript level"	"Evidence at protein level"	"Evidence at protein level"	"Tissue enriched"	"Detected in many"	4	"lymphoid tissue: 2402.4"	"Group enriched"	"Detected in some"	4	"B-cells: 423.0;Plasma cells: 595.5"	"Not detected"	"Not detected"			"Low cancer specificity"	"Detected in all"			"Low region specificity"	"Detected in some"			"Group enriched"	"Detected in some"	457	"memory B-cell: 123.0;naive B-cell: 74.3"	"Lineage enriched"	"Detected in single"	569	"B-cells: 123.0"	"Group enriched"	"Detected in some"	43	"lymphoma: 133.6;Myeloma: 34.1"	"Adipose subcutaneous - Plasma cells, Adipose visceral - Mesothelial cells, Adrenal gland - Plasma cells, Breast - Plasma cells, Colon - Plasma cells, Heart muscle - Plasma cells, Kidney - Plasma cells, Lung - Plasma cells, Pituitary gland - Plasma cells, Prostate - Plasma cells, Skeletal muscle - Plasma cells, Skin - Plasma cells, Spleen - Plasma cells"									HPA001245	Approved				"Immunoglobulin genes"	Immunity	NA	NA		170000000000	"Cluster 17: B-cells - Immunoglobulins"		"Cluster 43: Hindbrain - Mixed function"	"Cluster 46: Lymphoma - Humoral immune response"	"Cluster 77: Plasma cells - Protein processing"	20			"HPA001245: AB_1079121"	"unprognostic (3.88e-2)"	"unprognostic (4.37e-3)"		"unprognostic (5.42e-2)"	"unprognostic (1.05e-1)"	"unprognostic (4.47e-1)"	"unprognostic (3.18e-3)"	"unprognostic (5.65e-2)"	"potential prognostic favorable (6.88e-4)"	"unprognostic (2.10e-1)"	"unprognostic (1.11e-3)"	"unprognostic (1.31e-2)"	"potential prognostic unfavorable (6.78e-5)"	"unprognostic (3.95e-1)"		"unprognostic (6.49e-3)"	"unprognostic (9.67e-2)"	"unprognostic (2.31e-1)"	"unprognostic (1.34e-1)"	"unprognostic (1.36e-1)"	"unprognostic (2.57e-1)"	"unprognostic (4.76e-2)"	"unprognostic (7.83e-3)"	"unprognostic (1.12e-1)"	"unprognostic (5.38e-2)"	"potential prognostic favorable (4.51e-6)"	"unprognostic (2.15e-1)"	"unprognostic (1.12e-1)"	"unprognostic (1.23e-1)"	"unprognostic (6.43e-2)"	"unprognostic (3.77e-1)"
IGHJ1		ENSG00000211905	"Immunoglobulin heavy joining 1"	A0A0C4DH62	14	105865407-105865458	"Immunoglobulin genes, Predicted intracellular proteins, Predicted secreted proteins"	"Adaptive immunity, Immunity"			"Evidence at transcript level"	"Evidence at transcript level"	"No human protein/transcript evidence"	"Evidence at transcript level"	"Group enriched"	"Detected in many"	4	"intestine: 355.2;lymphoid tissue: 408.4;salivary gland: 113.8;stomach 1: 253.6"	"Cell type enriched"	"Detected in single"	19	"Plasma cells: 1.9"	"Not detected"	"Not detected"			"Cancer enhanced"	"Detected in all"		"Stomach Adenocarcinoma (TCGA): 95.7"	"Region enhanced"	"Detected in some"		"cerebral cortex: 3.6"	"Group enriched"	"Detected in some"	72	"memory B-cell: 277.0;naive B-cell: 181.7;plasmacytoid DC: 99.3"	"Group enriched"	"Detected in many"	73	"B-cells: 277.0;dendritic cells: 99.3"	"Group enriched"	"Detected in some"	6	"Leukemia: 3.4;lymphoma: 2.4;Myeloma: 1.5"	"Adipose visceral - Plasma cells, Adrenal gland - Plasma cells, Breast - Plasma cells, Liver - Plasma cells, Lung - Plasma cells, Minor Salivary Gland - Plasma cells, Pancreas - Plasma cells, Prostate - Plasma cells, Skin - Plasma cells, Spleen - Plasma cells, Stomach - Plasma cells, Thyroid gland - Plasma cells"														"Immunoglobulin genes"	Immunity	NA	NA			"Cluster 23: B-cells - Immunoglobulins"		"Cluster 43: Hindbrain - Mixed function"	"Cluster 14: Myeloid leukemia - Innate immune response"	"Cluster 61: Plasma cells - Immunoglobulins & histones"					"unprognostic (5.83e-1)"	"potential prognostic favorable (1.35e-4)"		"unprognostic (1.14e-1)"	"unprognostic (4.55e-2)"	"unprognostic (8.53e-2)"	"unprognostic (4.20e-2)"		"potential prognostic favorable (9.88e-4)"		"unprognostic (4.51e-3)"	"unprognostic (2.15e-1)"	"unprognostic (1.76e-1)"	"unprognostic (1.31e-1)"		"unprognostic (3.05e-2)"	"unprognostic (4.74e-3)"	"unprognostic (1.49e-1)"	"unprognostic (1.38e-1)"	"unprognostic (2.53e-2)"		"unprognostic (3.21e-1)"		"unprognostic (4.10e-2)"	"unprognostic (3.25e-3)"	"unprognostic (1.53e-1)"	"unprognostic (7.36e-1)"	"unprognostic (4.20e-2)"	"unprognostic (1.43e-1)"	"unprognostic (3.14e-1)"	"unprognostic (4.76e-2)"
IGHM		ENSG00000211899	"Immunoglobulin heavy constant mu"	P01871	14	105851705-105856218	"Disease related genes, Immunoglobulin genes, Plasma proteins, Predicted intracellular proteins, Predicted membrane proteins, Predicted secreted proteins"	"Adaptive immunity, Immunity"			"Evidence at protein level"	"Evidence at transcript level"	"Evidence at protein level"	"Evidence at protein level"	"Group enriched"	"Detected in many"	4	"intestine: 1279.4;lymphoid tissue: 3116.6"	"Group enriched"	"Detected in some"	8	"B-cells: 2732.6;Plasma cells: 9466.1"	"Cell type enriched"	"Detected in single"	110	"leukocyte: 69.0"	"Cancer enhanced"	"Detected in all"		"Testicular Germ Cell Tumor (TCGA): 760.7"	"Low region specificity"	"Detected in many"			"Group enriched"	"Detected in all"	16	"memory B-cell: 4293.6;naive B-cell: 6750.1"	"Lineage enriched"	"Detected in all"	19	"B-cells: 6750.1"	"Cancer enriched"	"Detected in some"	4	"lymphoma: 1665.3"	"Adipose subcutaneous - Plasma cells, Adipose visceral - Plasma cells, Adrenal gland - Plasma cells, Breast - Plasma cells, Colon - Plasma cells, Heart muscle - Plasma cells, Liver - Plasma cells, Lung - Plasma cells, Minor Salivary Gland - Plasma cells, Pancreas - Plasma cells, Pituitary gland - Plasma cells, Prostate - Plasma cells, Skeletal muscle - Plasma cells, Skin - Plasma cells, Stomach - Plasma cells, Thyroid gland - Plasma cells"	"Low region specificity"	"Detected in all"			"Low region specificity"	"Detected in all"			CAB008643	Uncertain				"Immunoglobulin genes"	Immunity	NA	NA		78000000000	"Cluster 18: Non-specific - Translation"		"Cluster 8: Immune cells - Immune response"	"Cluster 46: Lymphoma - Humoral immune response"	"Cluster 77: Plasma cells - Protein processing"				"CAB008643: AB_1617732"	"potential prognostic favorable (4.88e-4)"	"potential prognostic favorable (7.49e-4)"		"potential prognostic favorable (3.70e-4)"	"unprognostic (2.15e-2)"	"unprognostic (1.39e-1)"	"unprognostic (4.62e-2)"	"unprognostic (3.09e-3)"	"potential prognostic favorable (5.16e-6)"	"unprognostic (4.67e-1)"	"unprognostic (4.94e-2)"	"unprognostic (1.08e-1)"	"unprognostic (1.23e-2)"	"unprognostic (3.30e-3)"		"unprognostic (2.72e-3)"	"unprognostic (3.44e-2)"	"unprognostic (4.97e-2)"	"unprognostic (2.13e-2)"	"unprognostic (2.17e-2)"	"unprognostic (4.62e-2)"	"unprognostic (1.86e-2)"	"unprognostic (2.90e-2)"	"unprognostic (8.37e-2)"	"unprognostic (1.48e-2)"	"unprognostic (2.48e-1)"	"unprognostic (3.81e-2)"	"unprognostic (8.32e-2)"	"unprognostic (3.82e-1)"	"unprognostic (4.86e-2)"	"unprognostic (5.96e-2)"
IGKJ5		ENSG00000211593	"Immunoglobulin kappa joining 5"		2	88860568-88860605	"Immunoglobulin genes, Predicted intracellular proteins"				"Evidence at transcript level"	"Evidence at transcript level"			"Group enriched"	"Detected in many"	4	"intestine: 1188.4;lymphoid tissue: 1335.4;salivary gland: 640.6;stomach 1: 918.1;urinary bladder: 430.6"	"Not detected"	"Not detected"			"Not detected"	"Not detected"			"Low cancer specificity"	"Detected in all"			"Region enhanced"	"Detected in many"		"spinal cord: 10.2"	"Group enriched"	"Detected in all"	24	"memory B-cell: 9209.6;naive B-cell: 8763.4"	"Lineage enriched"	"Detected in all"	25	"B-cells: 9209.6"	"Group enriched"	"Detected in some"	12	"lymphoma: 273.2;Myeloma: 381.9"	"Adipose subcutaneous - Plasma cells, Adipose visceral - Plasma cells, Adrenal gland - Plasma cells, Breast - Plasma cells, Colon - Plasma cells, Heart muscle - Plasma cells, Kidney - Plasma cells, Liver - Plasma cells, Lung - Plasma cells, Minor Salivary Gland - Plasma cells, Pancreas - Plasma cells, Pituitary gland - Plasma cells, Prostate - Plasma cells, Skeletal muscle - Plasma cells, Skin - Plasma cells, Spleen - Plasma cells, Stomach - Plasma cells, Thyroid gland - Plasma cells"																NA	NA			"Cluster 23: B-cells - Immunoglobulins"		"Cluster 43: Hindbrain - Mixed function"	"Cluster 46: Lymphoma - Humoral immune response"	"Cluster 61: Plasma cells - Immunoglobulins & histones"					"unprognostic (1.08e-1)"	"potential prognostic favorable (9.44e-4)"		"unprognostic (2.02e-1)"	"unprognostic (1.63e-1)"	"unprognostic (1.62e-1)"	"unprognostic (1.24e-2)"	"unprognostic (4.03e-1)"	"potential prognostic favorable (2.45e-4)"	"unprognostic (8.73e-1)"	"unprognostic (8.16e-2)"	"unprognostic (1.82e-2)"	"unprognostic (1.49e-1)"	"unprognostic (1.88e-1)"		"unprognostic (1.32e-1)"	"unprognostic (6.60e-2)"	"unprognostic (3.18e-1)"	"unprognostic (1.78e-1)"	"unprognostic (1.02e-2)"		"unprognostic (4.63e-1)"		"unprognostic (2.32e-1)"	"unprognostic (3.29e-2)"	"unprognostic (1.78e-1)"	"unprognostic (1.16e-1)"	"unprognostic (7.80e-3)"	"unprognostic (7.37e-2)"	"unprognostic (3.59e-1)"	"unprognostic (2.14e-1)"
IGKV1D-16		ENSG00000241244	"Immunoglobulin kappa variable 1D-16"	P01601	2	90100236-90100738	"Immunoglobulin genes, Predicted secreted proteins"	"Adaptive immunity, Immunity"			"Evidence at protein level"	"Evidence at transcript level"	"No human protein/transcript evidence"	"Evidence at protein level"	"Group enriched"	"Detected in many"	4	"gallbladder: 76.1;intestine: 88.6;lymphoid tissue: 160.1"	"Cell type enriched"	"Detected in some"	19	"Plasma cells: 989.7"	"Not detected"	"Not detected"			"Cancer enhanced"	"Detected in many"		"Lung Adenocarcinoma (TCGA): 62.5"	"Not detected"	"Not detected"			"Group enriched"	"Detected in some"	328	"memory B-cell: 57.9;naive B-cell: 121.3"	"Lineage enriched"	"Detected in single"	444	"B-cells: 121.3"	"Not detected"	"Not detected"			"Adipose visceral - Plasma cells, Adrenal gland - Plasma cells, Breast - Plasma cells, Colon - Plasma cells, Liver - Plasma cells, Lung - Plasma cells, Minor Salivary Gland - Plasma cells, Pancreas - Plasma cells, Prostate - Plasma cells, Spleen - Plasma cells, Stomach - Plasma cells, Thyroid gland - Plasma cells"									HPA048721	Approved				"Immunoglobulin genes"	Immunity	NA	NA		13000000000	"Cluster 23: B-cells - Immunoglobulins"			"Cluster 55: Lymphoma - Immune response"	"Cluster 61: Plasma cells - Immunoglobulins & histones"				"HPA048721: "	"unprognostic (1.75e-1)"	"unprognostic (1.86e-3)"		"unprognostic (7.13e-2)"	"unprognostic (6.91e-2)"	"unprognostic (3.99e-2)"			"unprognostic (1.10e-2)"	"unprognostic (6.60e-2)"	"unprognostic (1.90e-1)"	"unprognostic (1.72e-1)"	"unprognostic (3.36e-3)"	"unprognostic (5.74e-2)"		"unprognostic (6.88e-2)"	"unprognostic (5.29e-2)"	"unprognostic (7.77e-2)"	"unprognostic (1.14e-1)"	"unprognostic (1.08e-2)"	"unprognostic (3.00e-1)"	"unprognostic (2.88e-2)"	"potential prognostic favorable (5.21e-4)"	"unprognostic (3.54e-1)"	"unprognostic (1.30e-1)"	"unprognostic (2.99e-1)"	"unprognostic (1.12e-1)"	"unprognostic (3.90e-1)"	"unprognostic (2.73e-1)"	"unprognostic (6.94e-2)"	"unprognostic (2.39e-1)"
IGKV1D-17		ENSG00000242766	"Immunoglobulin kappa variable 1D-17"	A0A075B6S4	2	90082635-90083291	"Immunoglobulin genes, Predicted secreted proteins"	"Adaptive immunity, Immunity"			"Evidence at protein level"	"Evidence at transcript level"	"No human protein/transcript evidence"	"Evidence at protein level"	"Group enriched"	"Detected in some"	4	"intestine: 4.6;lymphoid tissue: 4.9"	"Cell type enriched"	"Detected in some"	7	"Plasma cells: 15.5"	"Not detected"	"Not detected"			"Low cancer specificity"	"Detected in many"			"Low region specificity"	"Detected in all"			"Group enriched"	"Detected in some"	60	"memory B-cell: 7.7;naive B-cell: 4.1"	"Lineage enriched"	"Detected in single"	78	"B-cells: 7.7"	"Group enriched"	"Detected in some"	7	"Gallbladder cancer: 1.0;Myeloma: 1.2"	"Breast - Plasma cells, Minor Salivary Gland - Plasma cells, Pancreas - Plasma cells, Stomach - Plasma cells, Thyroid gland - Plasma cells"									HPA048721	Approved				"Immunoglobulin genes"	Immunity	NA	NA		1800000000	"Cluster 17: B-cells - Immunoglobulins"		"Cluster 24: Neurons - Mixed function"	"Cluster 51: Myeloma - Immunoglobulins"	"Cluster 23: Plasma cells - Humoral immune response"				"HPA048721: "	"unprognostic (4.55e-1)"	"unprognostic (1.08e-3)"		"unprognostic (1.55e-1)"	"unprognostic (1.27e-2)"	"unprognostic (2.32e-1)"			"unprognostic (2.42e-2)"			"unprognostic (5.56e-2)"		"unprognostic (9.82e-2)"		"unprognostic (4.37e-2)"	"unprognostic (8.12e-3)"	"unprognostic (7.26e-2)"	"unprognostic (2.85e-1)"		"unprognostic (1.32e-1)"	"unprognostic (3.81e-1)"	"unprognostic (2.26e-1)"		"unprognostic (3.28e-1)"	"unprognostic (1.69e-1)"		"unprognostic (2.89e-1)"	"unprognostic (2.46e-2)"	"unprognostic (1.27e-1)"	"unprognostic (3.48e-1)"
IGKV2D-40		ENSG00000251039	"Immunoglobulin kappa variable 2D-40"	P01614	2	89851791-89852493	"Immunoglobulin genes, Predicted intracellular proteins, Predicted secreted proteins"	"Adaptive immunity, Immunity"			"Evidence at protein level"	"Evidence at transcript level"	"Evidence at protein level"	"Evidence at protein level"	"Tissue enriched"	"Detected in many"	4	"lymphoid tissue: 112.7"	"Cell type enriched"	"Detected in some"	186	"Plasma cells: 792.7"	"Not detected"	"Not detected"			"Cancer enhanced"	"Detected in many"		"Lung Squamous Cell Carcinoma (TCGA): 64.6"	"Not detected"	"Not detected"			"Group enriched"	"Detected in some"	1093	"memory B-cell: 123.2;naive B-cell: 95.2"	"Lineage enriched"	"Detected in single"	1233	"B-cells: 123.2"	"Cancer enriched"	"Detected in some"	882	"Myeloma: 2773.4"	"Breast - Plasma cells, Liver - Plasma cells, Lung - Plasma cells, Minor Salivary Gland - Plasma cells, Pancreas - Plasma cells, Prostate - Plasma cells, Spleen - Plasma cells, Stomach - Plasma cells, Thyroid gland - Plasma cells"														"Immunoglobulin genes"	Immunity	NA	NA		1700000000	"Cluster 34: B-cells - Unknown function"			"Cluster 51: Myeloma - Immunoglobulins"	"Cluster 23: Plasma cells - Humoral immune response"					"unprognostic (7.68e-2)"	"potential prognostic favorable (1.18e-5)"		"unprognostic (1.36e-1)"	"unprognostic (1.91e-2)"	"unprognostic (7.54e-2)"			"potential prognostic favorable (2.94e-6)"		"unprognostic (4.67e-2)"	"unprognostic (1.12e-1)"	"unprognostic (3.84e-3)"	"unprognostic (3.70e-2)"		"unprognostic (6.27e-2)"	"potential prognostic favorable (6.53e-4)"	"unprognostic (3.44e-1)"	"unprognostic (1.42e-1)"	"unprognostic (6.80e-2)"	"unprognostic (5.44e-1)"	"unprognostic (2.82e-2)"	"unprognostic (1.48e-2)"	"unprognostic (3.86e-1)"	"unprognostic (7.86e-2)"	"unprognostic (2.19e-2)"	"unprognostic (1.80e-1)"	"unprognostic (4.28e-2)"	"unprognostic (6.80e-2)"	"unprognostic (2.39e-1)"	"unprognostic (5.49e-1)"
IGKV3-11		ENSG00000241351	"Immunoglobulin kappa variable 3-11"	P04433	2	89027171-89027731	"Immunoglobulin genes, Predicted secreted proteins"	"Adaptive immunity, Immunity"			"Evidence at protein level"	"Evidence at transcript level"	"Evidence at protein level"	"Evidence at protein level"	"Group enriched"	"Detected in many"	4	"intestine: 1323.4;lymphoid tissue: 2723.2;stomach 1: 765.4;urinary bladder: 1760.7"	"Cell type enriched"	"Detected in some"	94	"Plasma cells: 16738.2"	"Not detected"	"Not detected"			"Low cancer specificity"	"Detected in all"			"Region enriched"	"Detected in many"	15	"spinal cord: 34.2"	"Group enriched"	"Detected in many"	290	"memory B-cell: 1738.3;naive B-cell: 1408.8"	"Lineage enriched"	"Detected in many"	321	"B-cells: 1738.3"	"Cancer enriched"	"Detected in some"	17	"Myeloma: 5519.7"	"Adipose subcutaneous - Plasma cells, Adipose visceral - Plasma cells, Adrenal gland - Plasma cells, Breast - Plasma cells, Colon - Plasma cells, Heart muscle - Plasma cells, Kidney - Plasma cells, Liver - Plasma cells, Lung - Plasma cells, Minor Salivary Gland - Plasma cells, Pancreas - Plasma cells, Pituitary gland - Plasma cells, Prostate - Plasma cells, Skeletal muscle - Plasma cells, Skin - Plasma cells, Spleen - Plasma cells, Stomach - Plasma cells, Thyroid gland - Plasma cells"									HPA047702	Approved		Approved	"Plasma membrane,Cytosol"	"Immunoglobulin genes"	Immunity	NA	NA		31000000000	"Cluster 23: B-cells - Immunoglobulins"		"Cluster 7: Non-specific - Ribosome"	"Cluster 51: Myeloma - Immunoglobulins"	"Cluster 23: Plasma cells - Humoral immune response"		"Plasma membrane, Cytosol"		"HPA047702: "	"unprognostic (3.27e-3)"	"unprognostic (8.65e-3)"		"unprognostic (6.42e-3)"	"unprognostic (1.71e-1)"	"unprognostic (4.86e-2)"	"unprognostic (1.74e-2)"	"unprognostic (2.29e-1)"	"potential prognostic favorable (6.14e-5)"	"unprognostic (2.57e-1)"	"unprognostic (4.94e-3)"	"unprognostic (4.83e-1)"	"unprognostic (1.11e-3)"	"unprognostic (2.56e-1)"		"unprognostic (3.43e-2)"	"unprognostic (3.18e-2)"	"unprognostic (4.22e-2)"	"unprognostic (1.31e-1)"	"unprognostic (1.22e-1)"	"unprognostic (2.86e-1)"	"unprognostic (1.24e-1)"	"potential prognostic favorable (1.84e-4)"	"unprognostic (3.25e-1)"	"unprognostic (6.67e-3)"	"unprognostic (2.90e-2)"	"unprognostic (3.88e-2)"	"unprognostic (1.37e-2)"	"unprognostic (1.76e-1)"	"unprognostic (3.58e-1)"	"unprognostic (1.45e-1)"
IGLV1-44		ENSG00000211651	"Immunoglobulin lambda variable 1-44"	P01699	22	22380766-22381347	"Immunoglobulin genes, Predicted secreted proteins"	"Adaptive immunity, Immunity"			"Evidence at protein level"	"Evidence at transcript level"	"Evidence at protein level"	"Evidence at protein level"	"Group enriched"	"Detected in many"	4	"intestine: 580.6;lymphoid tissue: 1868.3;stomach 1: 509.4"	"Cell type enriched"	"Detected in some"	87	"Plasma cells: 8341.7"	"Not detected"	"Not detected"			"Cancer enhanced"	"Detected in many"		"Lung Squamous Cell Carcinoma (TCGA): 311.0"	"Low region specificity"	"Detected in some"			"Group enriched"	"Detected in some"	839	"memory B-cell: 975.4;naive B-cell: 853.6"	"Lineage enriched"	"Detected in many"	895	"B-cells: 975.4"	"Group enriched"	"Detected in some"	164	"lymphoma: 40.0;Myeloma: 93.6"	"Adipose subcutaneous - Plasma cells, Adipose visceral - Plasma cells, Adrenal gland - Plasma cells, Breast - Plasma cells, Colon - Plasma cells, Heart muscle - Plasma cells, Liver - Plasma cells, Lung - Plasma cells, Minor Salivary Gland - Plasma cells, Pancreas - Plasma cells, Pituitary gland - Plasma cells, Prostate - Plasma cells, Skeletal muscle - Plasma cells, Skin - Plasma cells, Spleen - Plasma cells, Stomach - Plasma cells, Thyroid gland - Plasma cells"														"Immunoglobulin genes"	Immunity	NA	NA		7000000000	"Cluster 17: B-cells - Immunoglobulins"		"Cluster 43: Hindbrain - Mixed function"	"Cluster 51: Myeloma - Immunoglobulins"	"Cluster 23: Plasma cells - Humoral immune response"					"unprognostic (3.63e-1)"	"potential prognostic favorable (8.54e-4)"		"unprognostic (4.12e-2)"	"unprognostic (2.45e-2)"	"unprognostic (1.10e-1)"	"unprognostic (1.69e-1)"	"unprognostic (3.71e-2)"	"potential prognostic favorable (7.57e-5)"		"potential prognostic unfavorable (8.72e-4)"	"unprognostic (8.29e-2)"	"unprognostic (1.75e-2)"	"unprognostic (3.57e-2)"		"unprognostic (1.84e-1)"	"unprognostic (2.98e-2)"	"unprognostic (1.35e-1)"	"unprognostic (3.67e-2)"	"unprognostic (1.44e-1)"	"unprognostic (2.61e-1)"	"unprognostic (9.94e-2)"	"unprognostic (3.28e-2)"	"unprognostic (1.29e-1)"	"unprognostic (6.53e-2)"	"unprognostic (2.85e-1)"	"unprognostic (1.37e-1)"	"unprognostic (7.94e-2)"	"unprognostic (5.52e-2)"	"unprognostic (1.16e-1)"	"unprognostic (2.71e-1)"
IGLV4-3		ENSG00000211672	"Immunoglobulin lambda variable 4-3"	A0A075B6K6	22	22871507-22872035	"Immunoglobulin genes, Predicted secreted proteins"	"Adaptive immunity, Immunity"			"Evidence at protein level"	"Evidence at transcript level"	"No human protein/transcript evidence"	"Evidence at protein level"	"Group enriched"	"Detected in some"	4	"lymphoid tissue: 15.2;stomach 1: 28.1"	"Cell type enriched"	"Detected in some"	18	"Plasma cells: 28.5"	"Not detected"	"Not detected"			"Cancer enhanced"	"Detected in many"		"Lung Squamous Cell Carcinoma (TCGA): 9.8"	"Region enhanced"	"Detected in single"		"medulla oblongata: 1.1"	"Group enriched"	"Detected in some"	98	"memory B-cell: 11.8;naive B-cell: 7.8"	"Lineage enriched"	"Detected in single"	119	"B-cells: 11.8"	"Group enriched"	"Detected in some"	35	"Leukemia: 30.3;Myeloma: 79.8"	"Adipose visceral - Plasma cells, Breast - Plasma cells, Liver - Plasma cells, Lung - Plasma cells, Minor Salivary Gland - Plasma cells, Prostate - Plasma cells, Spleen - Plasma cells, Stomach - Plasma cells, Thyroid gland - Plasma cells"	"Not detected"	"Not detected"												"Immunoglobulin genes"	Immunity	NA	NA		36000000	"Cluster 34: B-cells - Unknown function"		"Cluster 43: Hindbrain - Mixed function"	"Cluster 51: Myeloma - Immunoglobulins"	"Cluster 61: Plasma cells - Immunoglobulins & histones"						"unprognostic (4.60e-2)"				"unprognostic (4.03e-2)"			"potential prognostic favorable (3.65e-4)"							"unprognostic (2.81e-2)"	"unprognostic (1.80e-1)"	"unprognostic (3.32e-2)"	"unprognostic (2.12e-2)"							"unprognostic (1.40e-1)"		"unprognostic (1.07e-1)"	"unprognostic (1.07e-1)"		
IGLV4-69		ENSG00000211637	"Immunoglobulin lambda variable 4-69"	A0A075B6H9	22	22030934-22031472	"Immunoglobulin genes, Predicted secreted proteins"	"Adaptive immunity, Immunity"			"Evidence at protein level"	"Evidence at transcript level"	"Evidence at protein level"	"Evidence at protein level"	"Group enriched"	"Detected in many"	4	"intestine: 417.3;lymphoid tissue: 446.6;salivary gland: 112.8;stomach 1: 277.5;urinary bladder: 197.4"	"Cell type enriched"	"Detected in some"	53	"Plasma cells: 4999.9"	"Not detected"	"Not detected"			"Low cancer specificity"	"Detected in all"			"Region enriched"	"Detected in single"	4	"medulla oblongata: 2.1"	"Group enriched"	"Detected in some"	301	"memory B-cell: 333.0;naive B-cell: 225.3"	"Lineage enriched"	"Detected in single"	359	"B-cells: 333.0"	"Cancer enriched"	"Detected in single"	405	"lymphoma: 277.1"	"Adipose subcutaneous - Plasma cells, Adipose visceral - Plasma cells, Adrenal gland - Plasma cells, Breast - Plasma cells, Colon - Plasma cells, Kidney - Plasma cells, Liver - Plasma cells, Lung - Plasma cells, Minor Salivary Gland - Plasma cells, Pancreas - Plasma cells, Pituitary gland - Plasma cells, Prostate - Plasma cells, Skin - Plasma cells, Spleen - Plasma cells, Stomach - Plasma cells, Thyroid gland - Plasma cells"														"Immunoglobulin genes"	Immunity	NA	NA		640000000	"Cluster 17: B-cells - Immunoglobulins"		"Cluster 8: Immune cells - Immune response"	"Cluster 46: Lymphoma - Humoral immune response"	"Cluster 77: Plasma cells - Protein processing"					"unprognostic (9.07e-3)"	"potential prognostic favorable (5.85e-5)"		"potential prognostic favorable (1.86e-4)"	"unprognostic (3.33e-2)"	"unprognostic (1.02e-1)"	"unprognostic (1.20e-2)"		"potential prognostic favorable (8.65e-5)"	"unprognostic (3.66e-1)"	"unprognostic (4.85e-3)"	"unprognostic (4.12e-1)"	"unprognostic (1.56e-2)"	"unprognostic (3.67e-3)"		"unprognostic (1.09e-2)"	"unprognostic (1.34e-2)"	"unprognostic (9.11e-2)"	"unprognostic (1.43e-1)"	"unprognostic (7.89e-2)"	"unprognostic (2.48e-1)"	"unprognostic (2.58e-1)"	"unprognostic (7.08e-3)"	"unprognostic (9.72e-2)"	"potential prognostic favorable (5.83e-4)"	"unprognostic (9.22e-2)"	"unprognostic (8.80e-2)"	"unprognostic (1.45e-1)"	"unprognostic (1.73e-1)"	"unprognostic (5.50e-2)"	"unprognostic (1.26e-1)"
PAX5	"BSAP, PAX-5"	ENSG00000196092	"Paired box 5"	Q02548	9	36833269-37034268	"Cancer-related genes, Disease related genes, Human disease related genes, Predicted intracellular proteins, Transcription factors"	"Differentiation, Neurogenesis, Spermatogenesis, Transcription, Transcription regulation"	"Developmental protein, DNA-binding"	"Cancer-related genes, Disease variant, Proto-oncogene"	"Evidence at protein level"	"Evidence at protein level"	"Evidence at protein level"	"Evidence at protein level"	"Tissue enriched"	"Detected in some"	4	"lymphoid tissue: 38.7"	"Cell type enriched"	"Detected in some"	9	"B-cells: 111.3"	"Cell type enriched"	"Detected in some"	4	"leukocyte: 16.1"	"Cancer enhanced"	"Detected in some"		"Stomach Adenocarcinoma (TCGA): 3.5"	"Region enhanced"	"Detected in many"		"midbrain: 14.3"	"Group enriched"	"Detected in some"	44	"memory B-cell: 39.3;naive B-cell: 26.2"	"Lineage enriched"	"Detected in single"	53	"B-cells: 39.3"	"Group enriched"	"Detected in some"	11	"Leukemia: 33.8;lymphoma: 81.4"	"Lung - B-cells (Lung), Skin - Outer root sheath cells, Spleen - B-cells (Spleen)"	"Region enriched"	"Detected in single"	11	"midbrain: 3.9"	"Low region specificity"	"Detected in all"			"CAB026269, CAB026869, HPA056394"	Enhanced	Supported	Supported	Nucleoplasm			NA	NA			"Cluster 34: B-cells - Unknown function"	"Cluster 36: Lymphoid tissue - Cytokine signaling"	"Cluster 41: Monoamines - Neurotransmitter signalling"	"Cluster 6: Leukemia - Signal transduction"	"Cluster 73: B-cells - B-cell function"	38	Nucleoplasm		"CAB026269: , CAB026869: , HPA056394: AB_2683116"			"potential prognostic favorable (1.48e-5)"			"unprognostic (2.72e-1)"										"unprognostic (2.33e-3)"	"unprognostic (2.14e-1)"		"unprognostic (4.67e-2)"			"unprognostic (1.56e-1)"				"unprognostic (4.14e-2)"		"unprognostic (2.18e-1)"	"unprognostic (1.82e-1)"		
PCDH9		ENSG00000184226	"Protocadherin 9"	Q9HC56	13	66302834-67230445	"Plasma proteins, Predicted membrane proteins"	"Cell adhesion"			"Evidence at protein level"	"Evidence at protein level"	"Evidence at protein level"	"Evidence at protein level"	"Tissue enriched"	"Detected in many"	4	"brain: 39.8"	"Cell type enhanced"	"Detected in many"		"Astrocytes: 4115.7;Excitatory neurons: 5079.8;Inhibitory neurons: 2392.0;Oligodendrocyte precursor cells: 5924.5;Oligodendrocytes: 13140.4"	"Cell type enhanced"	"Detected in all"		"oligodendrocyte: 17073.9"	"Cancer enriched"	"Detected in some"	10	"Glioblastoma Multiforme (TCGA): 13.1"	"Low region specificity"	"Detected in all"			"Group enriched"	"Detected in some"	8	"basophil: 4.5;memory B-cell: 5.3;naive B-cell: 17.3"	"Group enriched"	"Detected in many"	9	"B-cells: 17.3;granulocytes: 4.5"	"Cancer enhanced"	"Detected in many"		"Rhabdoid: 32.6"	"Colon - Enteric glia cells, Lung - Alveolar cells type 2"	"Low region specificity"	"Detected in all"			"Low region specificity"	"Detected in all"			HPA015581			Approved	Nucleoplasm,Centrosome			NA	NA		3100000	"Cluster 34: B-cells - Unknown function"	"Cluster 33: Brain - Neuronal signaling"	"Cluster 11: White matter - Signal transduction"	"Cluster 3: Rhabdoid - Membrane components"	"Cluster 51: Oligodendrocytes - Unknown function"	3	"Nucleoplasm, Centrosome"		"HPA015581: AB_1855048"			"unprognostic (1.25e-1)"				"unprognostic (4.48e-2)"	"unprognostic (2.88e-3)"															"unprognostic (2.46e-2)"				"unprognostic (2.58e-1)"				
PNOC	"N/OFQ, NOP, PPNOC"	ENSG00000168081	Prepronociceptin	Q13519	8	28316986-28343355	"Predicted intracellular proteins, Predicted secreted proteins, Transporters"		"Neuropeptide, Neurotransmitter, Opioid peptide"		"Evidence at protein level"	"Evidence at protein level"	"Evidence at protein level"	"Evidence at protein level"	"Group enriched"	"Detected in some"	4	"brain: 29.2;fallopian tube: 17.6;lymphoid tissue: 24.4"	"Cell type enhanced"	"Detected in some"		"B-cells: 52.5;dendritic cells: 53.5;Inhibitory neurons: 22.3;Plasma cells: 90.7;Schwann cells: 19.4;Secretory cells: 50.2"	"Cell type enhanced"	"Detected in many"		"cerebellar inhibitory: 26.1;CGE interneuron: 38.9;MGE interneuron: 71.0"	"Group enriched"	"Detected in many"	7	"Ovary Serous Cystadenocarcinoma (TCGA): 92.4;Uterine Corpus Endometrial Carcinoma (TCGA): 28.1"	"Low region specificity"	"Detected in all"			"Group enriched"	"Detected in many"	20	"memory B-cell: 232.1;naive B-cell: 261.7;plasmacytoid DC: 194.7"	"Group enriched"	"Detected in many"	20	"B-cells: 261.7;dendritic cells: 194.7"	"Cancer enriched"	"Detected in some"	11	"Rhabdoid: 338.9"	"Adipose visceral - Plasma cells, Adrenal gland - Adrenal medulla cells, Breast - Plasma cells, Liver - Plasma cells, Lung - Plasma cells, Minor Salivary Gland - Plasma cells, Thyroid gland - Plasma cells"	"Low region specificity"	"Detected in all"			"Low region specificity"	"Detected in many"			"HPA044507, HPA056724"	Enhanced		Approved	Vesicles	"Secreted to blood"	Neuropeptide	NA	NA	12300		"Cluster 23: B-cells - Immunoglobulins"	"Cluster 34: Non-specific - Mixed function"	"Cluster 41: Monoamines - Neurotransmitter signalling"	"Cluster 3: Rhabdoid - Membrane components"	"Cluster 73: B-cells - B-cell function"	2	Vesicles		"HPA044507: AB_10795043, HPA056724: AB_2683216"	"unprognostic (1.30e-1)"	"unprognostic (8.92e-2)"	"potential prognostic favorable (8.65e-5)"	"unprognostic (1.79e-3)"		"unprognostic (9.44e-2)"	"unprognostic (1.02e-1)"	"unprognostic (6.93e-2)"	"potential prognostic favorable (1.82e-4)"	"unprognostic (5.93e-2)"	"potential prognostic unfavorable (5.69e-4)"					"unprognostic (5.97e-3)"	"unprognostic (2.80e-2)"	"unprognostic (5.22e-2)"	"unprognostic (2.46e-1)"	"unprognostic (3.04e-1)"	"unprognostic (6.42e-2)"	"unprognostic (6.34e-2)"				"unprognostic (4.12e-3)"		"unprognostic (2.05e-2)"	"unprognostic (3.85e-1)"	"unprognostic (2.96e-1)"	"unprognostic (5.52e-2)"
POU2AF1	"BOB1, OBF1, OCA-B"	ENSG00000110777	"POU class 2 homeobox associating factor 1"	Q16633	11	111352255-111455630	"Cancer-related genes, Disease related genes, Plasma proteins, Predicted intracellular proteins"	"Transcription, Transcription regulation"	Activator	"Cancer-related genes, Proto-oncogene"	"Evidence at protein level"	"Evidence at protein level"	"Evidence at protein level"	"Evidence at protein level"	"Group enriched"	"Detected in many"	4	"intestine: 37.5;lymphoid tissue: 116.1;stomach 1: 39.0"	"Cell type enriched"	"Detected in some"	4	"Plasma cells: 488.5"	"Group enriched"	"Detected in some"	5	"choroid plexus epithelial cell: 244.6;ependymal cell: 112.7"	"Low cancer specificity"	"Detected in many"			"Low region specificity"	"Detected in all"			"Group enriched"	"Detected in some"	7	"memory B-cell: 33.6;naive B-cell: 24.1"	"Lineage enriched"	"Detected in many"	8	"B-cells: 33.6"	"Group enriched"	"Detected in many"	7	"lymphoma: 239.1;Myeloma: 242.2"	"Adipose subcutaneous - Plasma cells, Adipose visceral - Plasma cells, Adrenal gland - Plasma cells, Breast - Plasma cells, Liver - Plasma cells, Lung - Plasma cells, Minor Salivary Gland - Plasma cells, Pituitary gland - Plasma cells, Testis - Early spermatids"	"Not detected"	"Not detected"			"Low region specificity"	"Detected in many"			CAB011193	Enhanced						NA	NA			"Cluster 23: B-cells - Immunoglobulins"	"Cluster 70: Lymphoid tissue - Immune response"	"Cluster 8: Immune cells - Immune response"	"Cluster 46: Lymphoma - Humoral immune response"	"Cluster 61: Plasma cells - Immunoglobulins & histones"	35			"CAB011193: AB_532299"	"unprognostic (7.49e-3)"	"potential prognostic favorable (1.93e-5)"	"unprognostic (3.19e-1)"	"unprognostic (4.16e-2)"	"unprognostic (2.00e-2)"	"unprognostic (3.22e-1)"			"unprognostic (4.77e-3)"	"unprognostic (3.06e-3)"	"potential prognostic unfavorable (2.50e-4)"	"unprognostic (1.96e-1)"	"unprognostic (3.72e-3)"	"unprognostic (6.49e-2)"	"unprognostic (2.13e-1)"	"unprognostic (3.13e-3)"	"unprognostic (6.55e-3)"	"unprognostic (1.62e-1)"	"unprognostic (1.93e-1)"	"unprognostic (9.63e-3)"	"unprognostic (3.69e-2)"	"unprognostic (5.15e-2)"	"unprognostic (3.64e-1)"	"unprognostic (4.66e-2)"	"unprognostic (5.09e-2)"	"unprognostic (8.55e-2)"	"unprognostic (1.21e-1)"	"unprognostic (2.73e-1)"	"unprognostic (2.46e-1)"	"unprognostic (3.01e-2)"	"unprognostic (1.96e-1)"
PVRIG	"C7orf15, CD112R, MGC2463"	ENSG00000213413	"PVR related immunoglobulin domain containing"	Q6DKI7	7	100218241-100221490	"Predicted membrane proteins"				"Evidence at protein level"	"Evidence at transcript level"	"Evidence at protein level"	"Evidence at protein level"	"Tissue enriched"	"Detected in some"	4	"lymphoid tissue: 46.6"	"Cell type enhanced"	"Detected in some"		"B-cells: 3.4;Erythroid cells: 1.1;NK-cells: 3.1;Plasma cells: 1.3;T-cells: 5.5"	"Not detected"	"Not detected"			"Low cancer specificity"	"Detected in many"			"Low region specificity"	"Detected in all"			"Group enriched"	"Detected in many"	33	"gdT-cell: 297.4;MAIT T-cell: 352.7;memory B-cell: 174.9;memory CD4 T-cell: 193.5;memory CD8 T-cell: 293.8;naive B-cell: 155.3;naive CD4 T-cell: 213.7;naive CD8 T-cell: 212.0;NK-cell: 335.0;T-reg: 171.9"	"Group enriched"	"Detected in all"	39	"B-cells: 174.9;NK-cells: 335.0;T-cells: 352.7"	"Group enriched"	"Detected in some"	9	"Leukemia: 13.5;lymphoma: 36.5"		"Not detected"	"Not detected"			"Low region specificity"	"Detected in single"			HPA047497	Uncertain						NA	NA			"Cluster 24: Non-specific - Transcription"	"Cluster 36: Lymphoid tissue - Cytokine signaling"	"Cluster 6: Non-specific - Immune response"	"Cluster 46: Lymphoma - Humoral immune response"	"Cluster 7: T-cells - T-cell receptor"	7			"HPA047497: AB_2680069"	"unprognostic (8.75e-2)"	"potential prognostic favorable (7.11e-5)"	"unprognostic (3.54e-2)"	"unprognostic (5.97e-3)"		"unprognostic (5.77e-2)"			"potential prognostic favorable (3.33e-4)"		"unprognostic (1.78e-1)"	"unprognostic (1.63e-1)"			"unprognostic (7.43e-2)"	"unprognostic (2.11e-2)"		"unprognostic (1.49e-1)"				"unprognostic (7.30e-2)"				"unprognostic (1.66e-3)"	"unprognostic (8.98e-3)"	"unprognostic (1.99e-1)"	"unprognostic (9.41e-3)"		"unprognostic (2.19e-1)"
TAL2	bHLHa19	ENSG00000186051	"TAL bHLH transcription factor 2"	Q16559	9	105662457-105663124	"Cancer-related genes, Disease related genes, Human disease related genes, Predicted intracellular proteins, Transcription factors"	"Transcription, Transcription regulation"	DNA-binding	"Cancer-related genes, Proto-oncogene"	"Evidence at protein level"	"Evidence at transcript level"	"Evidence at protein level"	"Evidence at protein level"	"Tissue enriched"	"Detected in some"	4	"skeletal muscle: 13.2"	"Cell type enhanced"	"Detected in some"		"B-cells: 2.6;Cone photoreceptor cells: 8.5;Distal tubular cells: 12.3;Muller glia cells: 3.0;Proximal tubular cells: 3.1;Skeletal myocytes: 4.9"	"Cell type enhanced"	"Detected in single"		"oligodendrocyte precursor cell: 1.1"	"Cancer enriched"	"Detected in some"	4	"Kidney Renal Clear Cell Carcinoma (TCGA): 4.8"	"Low region specificity"	"Detected in many"			"Group enriched"	"Detected in some"	4	"memory B-cell: 6.9;naive B-cell: 7.3"	"Lineage enriched"	"Detected in many"	4	"B-cells: 7.3"	"Cancer enriched"	"Detected in some"	27	"Rhabdoid: 37.0"		"Not detected"	"Not detected"							HPA030886	Uncertain		Approved	Cytosol			NA	NA			"Cluster 17: B-cells - Immunoglobulins"	"Cluster 2: Skeletal muscle - Striated muscle contraction"	"Cluster 36: Choroid plexus - Mixed function"	"Cluster 5: Rhabdoid - Unknown function"	"Cluster 73: B-cells - B-cell function"	6	Cytosol		"HPA030886: AB_10601596"			"unprognostic (1.95e-1)"					"unprognostic (3.40e-2)"			"potential prognostic favorable (2.41e-11)"	"unprognostic (1.12e-3)"	"unprognostic (2.31e-1)"																		
WNT16		ENSG00000002745	"Wnt family member 16"	Q9UBV4	7	121325367-121341104	"Predicted intracellular proteins, Predicted secreted proteins"	"Wnt signaling pathway"	"Developmental protein"		"Evidence at protein level"	"Evidence at transcript level"	"Evidence at transcript level"	"Evidence at protein level"	"Group enriched"	"Detected in some"	4	"cervix: 5.8;skin 1: 20.0"	"Cell type enhanced"	"Detected in some"		"B-cells: 3.8;Basal keratinocytes: 6.0;Endometrial stromal cells: 3.3;Inhibitory neurons: 5.8;Microglial cells: 3.6;Suprabasal keratinocytes: 6.3"	"Group enriched"	"Detected in some"	4	"ependymal cell: 9.1;fibroblast: 18.1;LAMP5-LHX6 and Chandelier: 9.4;MGE interneuron: 23.1"	"Low cancer specificity"	"Detected in some"			"Low region specificity"	"Detected in many"			"Group enriched"	"Detected in some"	145	"memory B-cell: 15.6;naive B-cell: 15.5"	"Lineage enriched"	"Detected in single"	146	"B-cells: 15.6"	"Cancer enhanced"	"Detected in many"		"Leukemia: 9.8"	"Colon - Enteric glia cells, Spleen - B-cells (Spleen)"	"Low region specificity"	"Detected in single"			"Low region specificity"	"Detected in all"								"Secreted to extracellular matrix"	"Developmental protein"	NA	NA			"Cluster 23: B-cells - Immunoglobulins"	"Cluster 13: Skin - Cornification"	"Cluster 23: Choroid plexus - Mixed function"	"Cluster 6: Leukemia - Signal transduction"	"Cluster 8: Neurons - Neuronal signaling"											"unprognostic (1.42e-3)"	"potential prognostic unfavorable (2.43e-4)"								"unprognostic (2.51e-3)"		"unprognostic (3.13e-1)"	"unprognostic (4.27e-2)"												
ADAM19	MLTNB	ENSG00000135074	"ADAM metallopeptidase domain 19"	Q9H013	5	157395534-157575775	"Plasma proteins, Predicted membrane proteins"		"Hydrolase, Metalloprotease, Protease"		"Evidence at protein level"	"Evidence at transcript level"	"Evidence at protein level"	"Evidence at protein level"	"Low tissue specificity"	"Detected in many"			"Cell type enhanced"	"Detected in many"		"B-cells: 45.2;Cone photoreceptor cells: 51.0;dendritic cells: 63.5;Extravillous trophoblasts: 95.8;Langerhans cells: 52.2;Plasma cells: 56.4;Rod photoreceptor cells: 49.6"	"Low cell type specificity"	"Detected in all"			"Low cancer specificity"	"Detected in all"			"Low region specificity"	"Detected in all"			"Group enriched"	"Detected in many"	5	"basophil: 128.7;eosinophil: 140.1;memory B-cell: 51.0;naive B-cell: 53.7;neutrophil: 70.8;plasmacytoid DC: 66.9"	"Group enriched"	"Detected in many"	5	"B-cells: 53.7;dendritic cells: 66.9;granulocytes: 140.1"	"Low cancer specificity"	"Detected in many"			"Prostate - Smooth muscle cells"					"Low region specificity"	"Detected in all"			HPA055537			Approved	Vesicles			NA	NA		4900	"Cluster 41: Basophils - Unknown function"	"Cluster 36: Lymphoid tissue - Cytokine signaling"	"Cluster 37: Neurons - Mixed function"	"Cluster 71: Lymphoma - Inflammatory response"	"Cluster 77: Plasma cells - Protein processing"	6	Vesicles		"HPA055537: AB_2797253"	"unprognostic (1.09e-1)"	"unprognostic (3.83e-1)"	"unprognostic (2.08e-1)"	"unprognostic (5.09e-2)"	"unprognostic (9.69e-2)"	"unprognostic (9.72e-3)"	"unprognostic (7.92e-3)"	"unprognostic (2.41e-2)"	"unprognostic (3.40e-1)"	"unprognostic (4.17e-2)"	"unprognostic (1.47e-3)"	"unprognostic (1.30e-1)"	"potential prognostic unfavorable (7.10e-5)"	"unprognostic (7.44e-3)"	"unprognostic (1.20e-1)"	"unprognostic (2.77e-2)"	"unprognostic (1.12e-3)"	"unprognostic (8.81e-3)"	"unprognostic (3.86e-3)"	"unprognostic (3.75e-2)"	"unprognostic (1.18e-1)"	"unprognostic (1.17e-1)"	"unprognostic (6.66e-3)"	"unprognostic (2.59e-1)"	"unprognostic (1.29e-1)"	"unprognostic (1.01e-1)"	"unprognostic (1.20e-1)"	"unprognostic (5.70e-2)"	"unprognostic (1.25e-1)"	"unprognostic (9.31e-2)"	"unprognostic (1.41e-1)"
AFF3	"LAF4, MLLT2-like"	ENSG00000144218	"ALF transcription elongation factor 3"	P51826	2	99545419-100192428	"Cancer-related genes, Disease related genes, Predicted intracellular proteins"	"Transcription, Transcription regulation"	"Activator, DNA-binding"	"Cancer-related genes, Disease variant, Dwarfism, Intellectual disability"	"Evidence at protein level"	"Evidence at protein level"	"Evidence at protein level"	"Evidence at protein level"	"Low tissue specificity"	"Detected in many"			"Cell type enhanced"	"Detected in many"		"B-cells: 219.7;dendritic cells: 121.1;Excitatory neurons: 474.7;Inhibitory neurons: 287.8;Oligodendrocyte precursor cells: 198.6;Prostatic glandular cells: 141.0"	"Low cell type specificity"	"Detected in all"			"Group enriched"	"Detected in many"	6	"Breast Invasive Carcinoma (TCGA): 29.5;Prostate Adenocarcinoma (TCGA): 17.6"	"Low region specificity"	"Detected in all"			"Group enriched"	"Detected in many"	6	"memory B-cell: 31.0;naive B-cell: 44.1;plasmacytoid DC: 23.8"	"Group enriched"	"Detected in many"	17	"B-cells: 44.1;dendritic cells: 23.8"	"Cancer enhanced"	"Detected in many"		"lymphoma: 22.6"	"Adrenal gland - Adrenal cortex cells, Kidney - Fibroblasts, Minor Salivary Gland - Minor salivary glandular cells, Prostate - Prostate glandular cells, Skeletal muscle - Fibroblasts, Spleen - B-cells (Spleen)"	"Low region specificity"	"Detected in all"			"Low region specificity"	"Detected in all"			"HPA044512, HPA053379"	Approved		Supported	Nucleoplasm,Cytosol			NA	NA			"Cluster 23: B-cells - Immunoglobulins"	"Cluster 16: Non-specific - Transcription"	"Cluster 37: Neurons - Mixed function"	"Cluster 46: Lymphoma - Humoral immune response"	"Cluster 73: B-cells - B-cell function"	2	Nucleoplasm	Cytosol	"HPA044512: AB_10795984, HPA053379: AB_2682133"		"unprognostic (1.30e-1)"	"unprognostic (4.83e-2)"			"unprognostic (3.49e-2)"	"unprognostic (1.67e-1)"	"unprognostic (1.01e-1)"			"potential prognostic favorable (1.02e-6)"	"unprognostic (5.02e-3)"	"potential prognostic unfavorable (7.05e-4)"	"potential prognostic unfavorable (6.08e-4)"	"unprognostic (1.72e-1)"	"unprognostic (8.58e-3)"	"unprognostic (3.45e-2)"		"unprognostic (1.32e-1)"				"unprognostic (1.17e-1)"	"unprognostic (2.09e-1)"		"unprognostic (6.72e-2)"	"unprognostic (3.27e-2)"	"unprognostic (5.21e-2)"	"unprognostic (7.33e-2)"		"unprognostic (1.84e-1)"
AIM2	PYHIN4	ENSG00000163568	"Absent in melanoma 2"	O14862	1	159061599-159187843	"Predicted intracellular proteins"	"DNA damage, Immunity, Inflammatory response, Innate immunity"	DNA-binding	"Tumor suppressor"	"Evidence at protein level"	"Evidence at protein level"	"Evidence at protein level"	"Evidence at protein level"	"Tissue enhanced"	"Detected in many"		"intestine: 15.1;lymphoid tissue: 50.2"	"Cell type enhanced"	"Detected in some"		"B-cells: 70.0;Early spermatids: 23.3;Late spermatids: 34.7;Plasma cells: 39.2;Schwann cells: 14.8"	"Cell type enriched"	"Detected in many"	5	"choroid plexus epithelial cell: 153.5"	"Cancer enhanced"	"Detected in many"		"Cervical Squamous Cell Carcinoma and Endocervical Adenocarcinoma (TCGA): 31.9"	"Region enriched"	"Detected in all"	7	"choroid plexus: 19.3"	"Group enriched"	"Detected in many"	5	"memory B-cell: 146.1;naive B-cell: 64.9"	"Lineage enriched"	"Detected in many"	6	"B-cells: 146.1"	"Cancer enhanced"	"Detected in many"		"lymphoma: 47.8;Myeloma: 24.0"	"Spleen - B-cells (Spleen), Testis - Early spermatids, Testis - Late spermatids"	"Low region specificity"	"Detected in many"							"HPA031365, HPA040309"	Uncertain		Supported	Nucleoplasm,Mitochondria,Cytosol			NA	NA			"Cluster 14: Non-specific - Unknown function"	"Cluster 36: Lymphoid tissue - Cytokine signaling"	"Cluster 36: Choroid plexus - Mixed function"	"Cluster 71: Lymphoma - Inflammatory response"	"Cluster 73: B-cells - B-cell function"	2	Mitochondria	"Nucleoplasm, Cytosol"	"HPA031365: AB_10601332, HPA040309: AB_2676925"	"unprognostic (4.12e-2)"	"unprognostic (8.24e-2)"	"unprognostic (2.23e-1)"	"unprognostic (2.40e-1)"	"unprognostic (1.96e-1)"	"unprognostic (1.43e-1)"	"unprognostic (9.97e-2)"	"potential prognostic favorable (9.39e-4)"	"unprognostic (5.09e-1)"		"potential prognostic unfavorable (1.23e-5)"	"unprognostic (7.20e-2)"			"unprognostic (1.29e-1)"	"unprognostic (1.06e-1)"	"unprognostic (2.58e-2)"	"unprognostic (1.86e-1)"	"unprognostic (1.33e-2)"	"unprognostic (1.41e-2)"	"unprognostic (8.52e-2)"	"unprognostic (9.85e-3)"	"unprognostic (1.05e-2)"		"unprognostic (1.11e-1)"	"unprognostic (2.70e-3)"	"unprognostic (1.38e-1)"	"unprognostic (1.38e-1)"	"unprognostic (7.06e-2)"		"potential prognostic unfavorable (3.63e-4)"
AK8	"C9orf98, FLJ32704"	ENSG00000165695	"Adenylate kinase 8"	Q96MA6	9	132725578-132878777	"Enzymes, Metabolic proteins, Predicted intracellular proteins"		"Kinase, Transferase"		"Evidence at protein level"	"Evidence at protein level"	"Evidence at protein level"	"Evidence at protein level"	"Tissue enhanced"	"Detected in many"		"epididymis: 18.9;fallopian tube: 25.0;testis: 15.5"	"Cell type enhanced"	"Detected in many"		"Ciliated cells: 32.6;Early spermatids: 90.4;Late spermatids: 139.8"	"Cell type enriched"	"Detected in many"	5	"ependymal cell: 261.3"	"Low cancer specificity"	"Detected in many"			"Low region specificity"	"Detected in all"			"Group enriched"	"Detected in some"	31	"memory B-cell: 6.2;naive B-cell: 5.0;NK-cell: 3.1"	"Group enriched"	"Detected in many"	30	"B-cells: 6.2;NK-cells: 3.1"	"Low cancer specificity"	"Detected in some"			"Lung - Respiratory ciliated cells, Testis - Early spermatids, Testis - Late spermatids, Thyroid gland - Thyroid glandular cells"	"Low region specificity"	"Detected in many"			"Low region specificity"	"Detected in all"			"HPA021443, HPA023894"	Enhanced		Approved	"Flagellar centriole,Mid piece,Principal piece,End piece"			NA	NA			"Cluster 14: Non-specific - Unknown function"	"Cluster 8: Ciliated cells - Cilium organization"	"Cluster 3: Choroid plexus - Cilium"	"Cluster 70: DU4475 - Unknown function"	"Cluster 42: Ciliated cells - Cilium assembly"	20	"Flagellar centriole"	"Mid piece, Principal piece, End piece"	"HPA021443: AB_1845852, HPA023894: AB_1845854"	"unprognostic (3.32e-3)"	"unprognostic (3.24e-1)"		"potential prognostic favorable (4.06e-4)"			"unprognostic (2.83e-1)"	"unprognostic (3.05e-2)"	"unprognostic (1.12e-2)"		"potential prognostic favorable (4.55e-8)"	"unprognostic (2.04e-2)"	"potential prognostic favorable (2.65e-4)"			"unprognostic (3.59e-2)"	"unprognostic (1.16e-1)"	"unprognostic (1.50e-1)"	"unprognostic (8.10e-2)"	"unprognostic (5.59e-2)"	"unprognostic (2.78e-1)"	"unprognostic (3.12e-1)"	"unprognostic (1.75e-1)"	"unprognostic (3.17e-1)"				"unprognostic (2.68e-2)"	"unprognostic (1.36e-1)"	"unprognostic (2.66e-1)"	"unprognostic (1.32e-2)"
ANXA2R	"AXIIR, C5orf39"	ENSG00000177721	"Annexin A2 receptor"	Q3ZCQ2	5	43039233-43043170	"Predicted intracellular proteins"		Receptor		"Evidence at protein level"	"Evidence at transcript level"	"Evidence at protein level"	"Evidence at protein level"	"Tissue enhanced"	"Detected in many"		"bone marrow: 19.5;lymphoid tissue: 25.5"	"Cell type enhanced"	"Detected in many"		"Adipocytes: 32.8;B-cells: 23.3;Endothelial cells: 23.3;granulocytes: 17.4;Kupffer cells: 19.4;NK-cells: 40.9;T-cells: 60.3"	"Not detected"	"Not detected"			"Low cancer specificity"	"Detected in all"			"Low region specificity"	"Detected in all"			"Group enriched"	"Detected in all"	7	"gdT-cell: 54.1;MAIT T-cell: 63.6;memory B-cell: 34.5;memory CD4 T-cell: 56.3;memory CD8 T-cell: 59.9;naive B-cell: 33.0;naive CD4 T-cell: 96.6;naive CD8 T-cell: 72.3;NK-cell: 24.9;T-reg: 66.7"	"Group enriched"	"Detected in all"	6	"B-cells: 34.5;NK-cells: 24.9;T-cells: 96.6"	"Cancer enriched"	"Detected in many"	4	"Leukemia: 25.9"	"Colon - Endothelial cells, Liver - T-cells, Thyroid gland - T-cells"									HPA051482	Uncertain		Approved	"Nucleoplasm,Cytosol,Cytoplasmic bodies"			NA	NA			"Cluster 43: Non-specific - Transcription & Translation"	"Cluster 70: Lymphoid tissue - Immune response"	"Cluster 11: White matter - Signal transduction"	"Cluster 35: RS4;11 - Unknown function"	"Cluster 19: NK-cells - Adaptive immune response"	1	Nucleoplasm	"Cytosol, Cytoplasmic bodies"	"HPA051482: AB_2681500"	"unprognostic (1.44e-1)"	"unprognostic (8.66e-3)"		"unprognostic (1.57e-1)"	"unprognostic (6.91e-2)"	"potential prognostic unfavorable (1.74e-4)"	"unprognostic (6.94e-3)"	"unprognostic (1.77e-2)"	"unprognostic (7.21e-3)"	"unprognostic (5.25e-2)"	"unprognostic (3.12e-2)"	"unprognostic (1.48e-1)"	"unprognostic (2.01e-2)"	"unprognostic (5.74e-3)"		"unprognostic (6.18e-2)"	"unprognostic (4.32e-2)"	"unprognostic (2.81e-1)"	"unprognostic (7.35e-2)"	"unprognostic (1.93e-1)"	"unprognostic (1.46e-2)"	"unprognostic (7.66e-2)"	"unprognostic (6.19e-3)"	"unprognostic (3.84e-1)"	"unprognostic (7.74e-2)"	"unprognostic (3.38e-2)"	"unprognostic (9.21e-2)"	"unprognostic (2.11e-1)"	"unprognostic (4.75e-2)"	"unprognostic (9.80e-2)"	"unprognostic (2.13e-2)"
ARHGAP24	"DKFZP564B1162, FilGAP, FLJ33877"	ENSG00000138639	"Rho GTPase activating protein 24"	Q8N264	4	85475150-86002668	"Predicted intracellular proteins"	"Angiogenesis, Differentiation"	"Developmental protein, GTPase activation"		"Evidence at protein level"	"Evidence at protein level"	"Evidence at protein level"	"Evidence at protein level"	"Tissue enhanced"	"Detected in all"		"kidney: 96.3"	"Group enriched"	"Detected in many"	4	"Astrocytes: 1294.0;Microglial cells: 864.2"	"Cell type enriched"	"Detected in all"	6	"central nervous system macrophage: 5568.0"	"Cancer enhanced"	"Detected in all"		"Kidney Renal Papillary Cell Carcinoma (TCGA): 46.6"	"Low region specificity"	"Detected in all"			"Group enriched"	"Detected in many"	5	"classical monocyte: 16.0;memory B-cell: 47.4;naive B-cell: 36.9;plasmacytoid DC: 12.7"	"Group enriched"	"Detected in many"	5	"B-cells: 47.4;dendritic cells: 12.7;monocytes: 16.0"	"Low cancer specificity"	"Detected in many"			"Skeletal muscle - Fibroblasts, Testis - Early spermatids, Thyroid gland - Thyroid glandular cells"	"Low region specificity"	"Detected in all"			"Low region specificity"	"Detected in all"			HPA014288	Approved		Approved	"Plasma membrane,Cytosol"			NA	NA			"Cluster 23: B-cells - Immunoglobulins"	"Cluster 52: Kidney - Transmembrane transport"	"Cluster 49: Hindbrain - Mixed function"	"Cluster 55: Lymphoma - Immune response"	"Cluster 47: Astrocytes - Unknown function"	12	"Plasma membrane, Cytosol"		"HPA014288: AB_1844994"	"unprognostic (2.25e-1)"	"unprognostic (1.06e-1)"	"unprognostic (1.48e-1)"	"unprognostic (2.64e-2)"	"unprognostic (3.96e-2)"	"unprognostic (2.26e-1)"	"unprognostic (1.24e-1)"	"unprognostic (2.05e-2)"	"unprognostic (1.71e-1)"	"unprognostic (2.85e-1)"	"validated prognostic favorable (2.79e-13)"	"validated prognostic favorable (2.64e-4)"	"potential prognostic favorable (8.25e-5)"	"unprognostic (5.94e-3)"	"unprognostic (3.82e-2)"	"unprognostic (7.13e-2)"	"unprognostic (2.08e-1)"	"unprognostic (4.67e-2)"	"unprognostic (8.25e-2)"	"unprognostic (3.44e-2)"	"unprognostic (2.44e-2)"	"unprognostic (2.89e-1)"	"unprognostic (1.05e-2)"	"unprognostic (2.25e-1)"	"unprognostic (1.81e-1)"	"unprognostic (3.54e-2)"	"unprognostic (2.68e-1)"	"unprognostic (3.12e-2)"	"unprognostic (4.52e-2)"	"unprognostic (1.76e-2)"	"unprognostic (2.04e-2)"
ARL4D	ARF4L	ENSG00000175906	"ADP ribosylation factor like GTPase 4D"	P49703	17	43398993-43401137	"Predicted intracellular proteins"				"Evidence at protein level"	"Evidence at transcript level"	"Evidence at protein level"	"Evidence at protein level"	"Low tissue specificity"	"Detected in many"			"Cell type enhanced"	"Detected in many"		"Cone photoreceptor cells: 232.8;Early spermatids: 230.8;Rod photoreceptor cells: 231.3;Squamous epithelial cells: 227.9;Suprabasal keratinocytes: 208.3"	"Low cell type specificity"	"Detected in many"			"Low cancer specificity"	"Detected in all"			"Low region specificity"	"Detected in all"			"Group enriched"	"Detected in many"	4	"memory B-cell: 32.4;naive B-cell: 36.3"	"Lineage enriched"	"Detected in all"	4	"B-cells: 36.3"	"Low cancer specificity"	"Detected in many"			"Colon - Smooth muscle cells, Minor Salivary Gland - Minor salivary gland basal cells, Skin - Keratinocyte (other), Testis - Early spermatids, Testis - Late spermatids"	"Low region specificity"	"Detected in all"			"Group enriched"	"Detected in many"	4	"basal ganglia: 11.4;cerebral cortex: 11.5;hippocampal formation: 7.5;olfactory bulb: 5.6;spinal cord: 7.1"	HPA060379	Uncertain		Approved	"Golgi apparatus,Vesicles"			NA	NA			"Cluster 23: B-cells - Immunoglobulins"	"Cluster 39: Retina & Testis - Cilium"	"Cluster 31: Non-specific - Transcription"	"Cluster 5: Rhabdoid - Unknown function"	"Cluster 12: Squamous epithelial cells - Keratinization"	21	Vesicles	"Golgi apparatus"	"HPA060379: AB_2684269"	"potential prognostic unfavorable (1.52e-4)"	"unprognostic (2.53e-2)"	"unprognostic (4.04e-2)"	"unprognostic (9.07e-2)"	"unprognostic (1.88e-2)"	"unprognostic (1.91e-1)"	"unprognostic (6.23e-2)"	"unprognostic (5.02e-2)"	"unprognostic (1.99e-3)"	"unprognostic (3.11e-1)"	"unprognostic (1.24e-3)"	"unprognostic (1.23e-2)"	"unprognostic (1.82e-1)"	"unprognostic (2.46e-1)"	"unprognostic (4.56e-3)"	"potential prognostic unfavorable (1.68e-4)"	"unprognostic (2.53e-1)"	"unprognostic (4.64e-2)"	"unprognostic (9.65e-2)"	"unprognostic (1.31e-1)"	"unprognostic (4.40e-1)"	"unprognostic (1.76e-2)"	"unprognostic (6.07e-2)"	"unprognostic (2.56e-1)"	"unprognostic (5.74e-3)"	"unprognostic (7.88e-2)"	"unprognostic (8.30e-2)"	"unprognostic (4.43e-2)"	"unprognostic (5.63e-2)"	"potential prognostic unfavorable (4.04e-4)"	"unprognostic (2.08e-3)"
BCL11A	"BCL11A-L, BCL11A-S, BCL11A-XL, CTIP1, EVI9, HBFQTL5, SMARCM1, ZNF856"	ENSG00000119866	"BAF chromatin remodeling complex subunit BCL11A"	Q9H165	2	60450520-60554467	"Cancer-related genes, Disease related genes, Human disease related genes, Plasma proteins, Predicted intracellular proteins, Transcription factors"	"Transcription, Transcription regulation"	Repressor	"Cancer-related genes, Disease variant, Intellectual disability"	"Evidence at protein level"	"Evidence at protein level"	"Evidence at protein level"	"Evidence at protein level"	"Tissue enhanced"	"Detected in many"		"brain: 46.8;lymphoid tissue: 39.6;skin 1: 32.2"	"Cell type enhanced"	"Detected in many"		"B-cells: 210.9;Basal squamous epithelial cells: 155.3;dendritic cells: 512.5;Excitatory neurons: 174.6;Inhibitory neurons: 146.4;Langerhans cells: 173.8;Squamous epithelial cells: 153.8"	"Low cell type specificity"	"Detected in many"			"Low cancer specificity"	"Detected in many"			"Low region specificity"	"Detected in all"			"Group enriched"	"Detected in many"	6	"memory B-cell: 313.9;naive B-cell: 417.5;plasmacytoid DC: 902.0"	"Group enriched"	"Detected in all"	15	"B-cells: 417.5;dendritic cells: 902.0"	"Cancer enhanced"	"Detected in many"		"Leukemia: 31.3;lymphoma: 37.1"	"Heart muscle - Cardiomyocytes, Pituitary gland - Thyrotropes, Skin - Keratinocyte (other), Spleen - B-cells (Spleen)"	"Low region specificity"	"Detected in all"			"Group enriched"	"Detected in all"	4	"basal ganglia: 60.5;cerebral cortex: 88.7;hippocampal formation: 77.9;olfactory bulb: 74.7"	"CAB014891, HPA029003, HPA075941"	Enhanced		Supported	"Nucleoplasm,Nuclear bodies"			NA	NA			"Cluster 12: Non-specific - Mitochondrial translation"	"Cluster 33: Brain - Neuronal signaling"	"Cluster 51: Neurons - Mixed function"	"Cluster 35: RS4;11 - Unknown function"	"Cluster 28: Dendritic cells - Antigen presentation"	23	Nucleoplasm	"Nuclear bodies"	"CAB014891: , HPA029003: AB_2672863, HPA075941: "	"unprognostic (1.00e-1)"	"unprognostic (4.11e-2)"	"unprognostic (2.89e-2)"	"unprognostic (3.38e-1)"	"unprognostic (5.84e-2)"	"unprognostic (1.91e-1)"	"unprognostic (2.68e-1)"	"unprognostic (2.17e-1)"	"unprognostic (4.54e-3)"		"unprognostic (5.53e-3)"	"unprognostic (1.34e-1)"	"unprognostic (2.10e-1)"	"unprognostic (8.63e-3)"		"unprognostic (1.81e-2)"	"unprognostic (2.53e-2)"	"unprognostic (5.80e-3)"	"unprognostic (5.85e-2)"	"unprognostic (1.39e-1)"	"unprognostic (2.16e-2)"	"unprognostic (1.75e-3)"	"unprognostic (1.51e-3)"	"unprognostic (2.57e-2)"	"unprognostic (3.67e-1)"	"unprognostic (3.41e-1)"	"unprognostic (7.24e-2)"	"unprognostic (7.00e-2)"	"unprognostic (1.08e-1)"	"unprognostic (9.66e-3)"	"unprognostic (3.27e-2)"
BCL7A	"BCL7, SMARCJ1"	ENSG00000110987	"BAF chromatin remodeling complex subunit BCL7A"	Q4VC05	12	122019422-122062044	"Cancer-related genes, Disease related genes, Predicted intracellular proteins"			"Cancer-related genes"	"Evidence at protein level"	"Evidence at transcript level"	"Evidence at protein level"	"Evidence at protein level"	"Low tissue specificity"	"Detected in all"			"Cell type enhanced"	"Detected in many"		"dendritic cells: 74.6"	"Low cell type specificity"	"Detected in all"			"Low cancer specificity"	"Detected in all"			"Low region specificity"	"Detected in all"			"Group enriched"	"Detected in some"	6	"memory B-cell: 1.0;naive B-cell: 2.1;plasmacytoid DC: 2.8"	"Group enriched"	"Detected in many"	14	"B-cells: 2.1;dendritic cells: 2.8"	"Cancer enhanced"	"Detected in all"		"lymphoma: 45.8"	"Spleen - B-cells (Spleen)"	"Low region specificity"	"Detected in all"			"Low region specificity"	"Detected in all"			HPA019762	Approved		Approved	Nucleoplasm,Vesicles			NA	NA			"Cluster 23: B-cells - Immunoglobulins"	"Cluster 16: Non-specific - Transcription"	"Cluster 53: Neurons - Mixed function"	"Cluster 46: Lymphoma - Humoral immune response"	"Cluster 73: B-cells - B-cell function"	24	"Nucleoplasm, Vesicles"		"HPA019762: AB_10962489"	"unprognostic (6.64e-2)"	"unprognostic (1.22e-1)"	"unprognostic (4.05e-2)"	"unprognostic (2.68e-1)"	"unprognostic (1.12e-2)"	"unprognostic (2.14e-2)"	"unprognostic (1.16e-1)"	"potential prognostic favorable (4.98e-4)"	"unprognostic (1.25e-1)"	"unprognostic (5.13e-2)"	"potential prognostic favorable (8.90e-5)"	"unprognostic (1.24e-1)"	"unprognostic (1.87e-2)"	"unprognostic (2.37e-3)"	"unprognostic (1.63e-1)"	"unprognostic (2.50e-1)"	"unprognostic (1.67e-1)"	"unprognostic (6.95e-2)"	"unprognostic (1.78e-3)"	"unprognostic (2.28e-2)"	"potential prognostic unfavorable (2.29e-5)"	"unprognostic (1.93e-1)"	"unprognostic (3.08e-1)"	"unprognostic (1.75e-1)"	"unprognostic (2.82e-1)"	"unprognostic (6.87e-2)"	"unprognostic (1.28e-2)"	"unprognostic (3.95e-2)"	"unprognostic (3.38e-2)"	"unprognostic (7.15e-2)"	"unprognostic (1.30e-1)"
BEND5	"C1orf165, FLJ11588"	ENSG00000162373	"BEN domain containing 5"	Q7L4P6	1	48727519-48776969	"Predicted intracellular proteins"	"Transcription, Transcription regulation"	"DNA-binding, Repressor"		"Evidence at protein level"	"Evidence at protein level"	"Evidence at protein level"	"Evidence at protein level"	"Low tissue specificity"	"Detected in many"			"Cell type enhanced"	"Detected in many"		"Club cells: 28.3;Cone photoreceptor cells: 30.6;Distal tubular cells: 30.7;Proximal tubular cells: 29.2"	"Low cell type specificity"	"Detected in many"			"Cancer enhanced"	"Detected in many"		"Glioblastoma Multiforme (TCGA): 4.7"	"Low region specificity"	"Detected in all"			"Group enriched"	"Detected in many"	4	"memory B-cell: 6.5;naive B-cell: 8.1"	"Lineage enriched"	"Detected in many"	5	"B-cells: 8.1"	"Cancer enhanced"	"Detected in some"		"Neuroblastoma: 3.8"	"Liver - Hepatic stellate cells, Prostate - Fibroblasts, Spleen - B-cells (Spleen)"	"Low region specificity"	"Detected in many"			"Low region specificity"	"Detected in all"			"HPA054347, HPA058007"	Uncertain		Approved	"Nuclear speckles,Cytosol"			NA	NA			"Cluster 34: B-cells - Unknown function"	"Cluster 64: Neuronal - Transcription"	"Cluster 24: Neurons - Mixed function"	"Cluster 6: Leukemia - Signal transduction"	"Cluster 6: Ovarian stromal cells - Transcription"	19	"Nuclear speckles"	Cytosol	"HPA054347: AB_2682456, HPA058007: AB_2683577"			"unprognostic (6.90e-2)"				"unprognostic (1.38e-1)"	"unprognostic (1.56e-3)"			"potential prognostic favorable (8.82e-6)"	"unprognostic (1.05e-3)"	"unprognostic (3.65e-3)"		"unprognostic (1.93e-1)"					"unprognostic (1.63e-2)"	"unprognostic (2.58e-1)"		"unprognostic (2.07e-1)"						"unprognostic (1.25e-1)"	"unprognostic (2.04e-2)"	"unprognostic (1.12e-1)"
BLNK	"BASH, bca, BLNK-s, Ly57, SLP-65, SLP65"	ENSG00000095585	"B cell linker"	Q8WV28	10	96189171-96271587	"Disease related genes, Human disease related genes, Predicted intracellular proteins"	"B-cell activation"			"Evidence at protein level"	"Evidence at protein level"	"Evidence at protein level"	"Evidence at protein level"	"Tissue enhanced"	"Detected in many"		"lymphoid tissue: 52.7"	"Cell type enhanced"	"Detected in many"		"B-cells: 98.0;dendritic cells: 118.3;Microglial cells: 150.3;Plasma cells: 80.2;Proximal enterocytes: 81.4;Syncytiotrophoblasts: 66.2"	"Cell type enriched"	"Detected in all"	14	"central nervous system macrophage: 868.9"	"Low cancer specificity"	"Detected in all"			"Low region specificity"	"Detected in all"			"Group enriched"	"Detected in some"	9	"memory B-cell: 111.3;naive B-cell: 94.9;plasmacytoid DC: 159.3"	"Group enriched"	"Detected in many"	83	"B-cells: 111.3;dendritic cells: 159.3"	"Cancer enhanced"	"Detected in many"		"Leukemia: 18.6;lymphoma: 53.4"	"Adrenal gland - Macrophages, Colon - T-cells, Spleen - B-cells (Spleen), Stomach - Gastric mucous cells"	"Low region specificity"	"Detected in many"			"Low region specificity"	"Detected in all"			"CAB009333, CAB016291, HPA038309, HPA038310"	Enhanced		Supported	"Vesicles,Plasma membrane"			NA	NA			"Cluster 12: Non-specific - Mitochondrial translation"	"Cluster 47: Spleen - Immune response"	"Cluster 20: Macrophages & Microglia - Immune response"	"Cluster 55: Lymphoma - Immune response"	"Cluster 73: B-cells - B-cell function"	20	"Plasma membrane"	Vesicles	"CAB009333: AB_2290422, CAB016291: AB_626752, HPA038309: AB_2675945, HPA038310: AB_2675946"	"unprognostic (1.04e-1)"	"unprognostic (4.21e-2)"	"unprognostic (2.09e-1)"	"unprognostic (9.07e-2)"	"unprognostic (7.83e-2)"	"unprognostic (1.32e-1)"	"unprognostic (3.05e-1)"	"unprognostic (7.24e-2)"	"unprognostic (4.68e-3)"	"unprognostic (3.70e-2)"	"potential prognostic favorable (4.34e-5)"	"unprognostic (2.09e-1)"	"unprognostic (4.28e-3)"	"unprognostic (4.32e-2)"	"potential prognostic favorable (4.44e-4)"	"unprognostic (1.47e-2)"	"unprognostic (1.05e-3)"	"unprognostic (7.35e-2)"	"unprognostic (2.54e-2)"	"unprognostic (2.44e-1)"	"unprognostic (1.07e-1)"	"unprognostic (1.99e-1)"	"unprognostic (7.07e-3)"	"unprognostic (1.32e-1)"	"unprognostic (3.89e-2)"	"unprognostic (3.46e-1)"	"unprognostic (2.77e-1)"	"unprognostic (1.52e-1)"	"unprognostic (1.11e-1)"	"unprognostic (7.03e-3)"	"unprognostic (2.74e-2)"
C2orf88	"MGC13057, smAKAP"	ENSG00000187699	"Chromosome 2 open reading frame 88"	Q9BSF0	2	189879609-190203484	"Predicted intracellular proteins"				"Evidence at protein level"	"Evidence at transcript level"	"Evidence at protein level"	"Evidence at protein level"	"Tissue enhanced"	"Detected in all"		"testis: 71.1"	"Cell type enhanced"	"Detected in many"		"Distal enterocytes: 388.1;Early spermatids: 708.8;Glandular and luminal cells: 239.6;Late spermatids: 1567.5;Proximal enterocytes: 436.3"	"Low cell type specificity"	"Detected in all"			"Cancer enhanced"	"Detected in all"		"Ovary Serous Cystadenocarcinoma (TCGA): 35.5;Uterine Corpus Endometrial Carcinoma (TCGA): 47.1"	"Low region specificity"	"Detected in all"			"Group enriched"	"Detected in some"	4	"memory B-cell: 2.7;naive B-cell: 2.9;neutrophil: 7.3;plasmacytoid DC: 3.0"	"Group enriched"	"Detected in many"	8	"B-cells: 2.9;dendritic cells: 3.0;granulocytes: 7.3"	"Low cancer specificity"	"Detected in many"			"Adrenal gland - Adrenal cortex cells, Testis - Early spermatids, Testis - Late spermatids"	"Low region specificity"	"Detected in all"			"Low region specificity"	"Detected in all"			HPA049549	Approved						NA	NA		63000	"Cluster 20: Non-specific - DNA binding"	"Cluster 46: Testis - Spermatogenesis"	"Cluster 13: Oligodendrocytes - Mixed function"	"Cluster 47: Leukemia - Hemostasis"	"Cluster 11: Late spermatids - Unknown function"	3			"HPA049549: AB_2680812"	"unprognostic (2.39e-3)"	"potential prognostic favorable (8.83e-6)"	"unprognostic (6.13e-2)"	"unprognostic (4.67e-1)"	"unprognostic (4.71e-2)"	"unprognostic (1.91e-2)"	"unprognostic (1.41e-2)"	"unprognostic (1.19e-1)"	"unprognostic (9.28e-3)"	"unprognostic (2.92e-1)"	"potential prognostic favorable (3.07e-5)"	"unprognostic (1.41e-2)"	"unprognostic (3.28e-2)"	"unprognostic (1.21e-1)"	"unprognostic (6.49e-2)"	"unprognostic (1.61e-1)"	"unprognostic (6.61e-2)"	"unprognostic (1.32e-1)"	"unprognostic (3.37e-2)"	"unprognostic (1.86e-2)"	"unprognostic (7.36e-3)"	"unprognostic (5.88e-2)"	"potential prognostic favorable (1.95e-4)"	"unprognostic (1.54e-1)"	"unprognostic (1.47e-1)"	"unprognostic (1.03e-2)"	"potential prognostic unfavorable (1.86e-5)"	"unprognostic (9.70e-3)"	"unprognostic (7.17e-2)"	"unprognostic (7.37e-2)"	"unprognostic (1.15e-1)"
CAPG	"AFCP, MCP"	ENSG00000042493	"Capping actin protein, gelsolin like"	P40121	2	85394753-85418432	"Plasma proteins, Predicted intracellular proteins"		"Actin capping, Actin-binding"		"Evidence at protein level"	"Evidence at protein level"	"Evidence at protein level"	"Evidence at protein level"	"Low tissue specificity"	"Detected in all"			"Cell type enhanced"	"Detected in many"		"granulocytes: 696.5;Hofbauer cells: 1046.7"	"Cell type enhanced"	"Detected in some"		"central nervous system macrophage: 47.4;leukocyte: 19.0"	"Low cancer specificity"	"Detected in all"			"Low region specificity"	"Detected in all"			"Group enriched"	"Detected in all"	5	"basophil: 1142.1;classical monocyte: 1141.1;eosinophil: 714.5;intermediate monocyte: 431.9;memory B-cell: 577.9;myeloid DC: 1364.5;naive B-cell: 520.3;NK-cell: 606.9;plasmacytoid DC: 961.5"	"Low lineage specificity"	"Detected in all"			"Low cancer specificity"	"Detected in all"			"Adipose subcutaneous - Macrophages, Adrenal gland - Macrophages, Lung - Macrophages, Skin - Keratinocyte (other)"	"Low region specificity"	"Detected in all"			"Low region specificity"	"Detected in all"			"HPA018843, HPA019080, HPA019092"	Enhanced		Supported	"Nucleoplasm,Mitotic chromosome"			Yes	No		4900000	"Cluster 10: Non-specific - Membrane trafficking"	"Cluster 27: Squamous epithelium - Keratinization"	"Cluster 20: Macrophages & Microglia - Immune response"	"Cluster 9: Skin cancer - Melanin biosynthesis"	"Cluster 58: Macrophages - Innate immune response"	4	Nucleoplasm	"Mitotic chromosome"	"HPA018843: AB_2669948, HPA019080: AB_1845979, HPA019092: AB_1845980"	"unprognostic (2.32e-1)"	"unprognostic (1.72e-1)"	"unprognostic (1.28e-1)"	"unprognostic (2.12e-1)"	"unprognostic (1.15e-1)"	"unprognostic (1.85e-2)"	"unprognostic (1.18e-2)"	"unprognostic (1.49e-2)"	"unprognostic (7.79e-2)"	"unprognostic (2.98e-3)"	"unprognostic (6.77e-2)"	"unprognostic (1.11e-2)"	"unprognostic (1.76e-3)"	"potential prognostic unfavorable (4.65e-5)"	"unprognostic (4.60e-1)"	"unprognostic (8.93e-2)"	"unprognostic (4.04e-2)"	"unprognostic (1.33e-1)"	"unprognostic (1.20e-2)"	"unprognostic (8.03e-2)"	"unprognostic (1.58e-1)"	"unprognostic (3.68e-3)"	"unprognostic (2.21e-2)"	"unprognostic (1.71e-1)"	"unprognostic (5.20e-2)"	"unprognostic (3.74e-1)"	"unprognostic (4.02e-2)"	"unprognostic (1.11e-1)"	"unprognostic (5.05e-2)"	"unprognostic (1.07e-2)"	"unprognostic (2.65e-2)"
CCDC24	MGC45441	ENSG00000159214	"Coiled-coil domain containing 24"	Q8N4L8	1	43991359-43996528	"Predicted intracellular proteins"				"Evidence at protein level"	"Evidence at transcript level"	"Evidence at protein level"	"Evidence at protein level"	"Low tissue specificity"	"Detected in many"			"Cell type enhanced"	"Detected in many"		"Ciliated cells: 40.3;Spermatocytes: 43.1"	"Low cell type specificity"	"Detected in all"			"Low cancer specificity"	"Detected in all"			"Low region specificity"	"Detected in all"			"Group enriched"	"Detected in some"	5	"eosinophil: 1.0;intermediate monocyte: 2.2;memory B-cell: 3.5;naive B-cell: 2.3;non-classical monocyte: 1.8"	"Group enriched"	"Detected in many"	5	"B-cells: 3.5;granulocytes: 1.0;monocytes: 2.2"	"Low cancer specificity"	"Detected in many"			"Lung - Respiratory ciliated cells, Skin - Eccrine sweat gland cells, Testis - Early spermatids, Testis - Late spermatids"	"Low region specificity"	"Detected in some"			"Low region specificity"	"Detected in all"			"HPA035424, HPA061710"	Uncertain		Approved	"Nucleoli,Plasma membrane,Cytosol"			NA	NA			"Cluster 29: Non-specific - Unknown function"	"Cluster 74: Spermatids - Flagellum assembly"	"Cluster 23: Choroid plexus - Mixed function"	"Cluster 10: Ciliated cells - Ion channel activity"	"Cluster 35: Respiratory epithelial cells - Unknown function"	30	"Plasma membrane"	"Nucleoli, Cytosol"	"HPA035424: AB_2674619, HPA061710: AB_2684591"	"unprognostic (1.10e-1)"	"potential prognostic favorable (9.32e-4)"	"unprognostic (1.87e-1)"	"unprognostic (4.40e-2)"	"unprognostic (1.87e-1)"	"unprognostic (1.02e-2)"	"unprognostic (1.51e-3)"	"unprognostic (6.96e-2)"	"unprognostic (1.04e-1)"	"unprognostic (1.57e-1)"	"unprognostic (3.02e-2)"	"unprognostic (3.28e-2)"	"unprognostic (1.09e-3)"	"potential prognostic unfavorable (9.03e-4)"	"unprognostic (2.22e-1)"	"unprognostic (4.40e-2)"	"unprognostic (1.53e-1)"	"unprognostic (4.55e-2)"	"unprognostic (3.01e-1)"	"unprognostic (2.50e-1)"	"unprognostic (5.77e-2)"	"unprognostic (1.18e-2)"	"unprognostic (1.92e-1)"	"unprognostic (2.09e-1)"	"unprognostic (2.05e-2)"	"unprognostic (4.87e-2)"	"unprognostic (2.30e-1)"	"unprognostic (3.34e-2)"	"unprognostic (2.41e-1)"	"unprognostic (5.58e-2)"	"unprognostic (1.34e-1)"
CD200	"MOX1, MOX2, MRC, OX-2"	ENSG00000091972	"CD200 molecule"	P41217	3	112332347-112362812	"CD markers, Predicted intracellular proteins, Predicted membrane proteins"				"Evidence at protein level"	"Evidence at protein level"	"Evidence at protein level"	"Evidence at protein level"	"Tissue enhanced"	"Detected in all"		"brain: 63.8"	"Cell type enhanced"	"Detected in many"		"Excitatory neurons: 52.6;Inhibitory neurons: 53.2;Lymphatic endothelial cells: 79.1;Mesothelial cells: 88.0;Syncytiotrophoblasts: 72.5"	"Low cell type specificity"	"Detected in all"			"Low cancer specificity"	"Detected in all"			"Low region specificity"	"Detected in all"			"Group enriched"	"Detected in many"	16	"memory B-cell: 30.8;naive B-cell: 83.8"	"Lineage enriched"	"Detected in many"	23	"B-cells: 83.8"	"Cancer enhanced"	"Detected in many"		"Neuroblastoma: 21.0;skin cancer: 31.2"	"Adipose visceral - Mesothelial cells, Breast - Breast myoepithelial cells, Kidney - Endothelial cells"	"Low region specificity"	"Detected in all"			"Low region specificity"	"Detected in all"			HPA031149	Approved						NA	NA		12000	"Cluster 34: B-cells - Unknown function"	"Cluster 64: Neuronal - Transcription"	"Cluster 56: Hypothalamus - Neuropeptide signaling"	"Cluster 69: Skin cancer - ECM organization"	"Cluster 54: Lymphatic endothelial cells - Lymph vessel development"	1			"HPA031149: AB_10600694"	"unprognostic (8.08e-2)"	"unprognostic (3.72e-1)"	"unprognostic (9.64e-2)"	"unprognostic (1.38e-1)"	"unprognostic (1.97e-1)"	"unprognostic (9.31e-2)"	"unprognostic (5.98e-2)"	"unprognostic (2.69e-2)"	"unprognostic (1.08e-1)"	"unprognostic (1.26e-1)"	"potential prognostic favorable (1.29e-4)"	"unprognostic (3.00e-2)"	"unprognostic (1.93e-2)"	"unprognostic (7.66e-2)"	"unprognostic (4.69e-2)"	"unprognostic (6.45e-2)"	"unprognostic (9.30e-2)"	"unprognostic (7.03e-2)"	"unprognostic (4.07e-2)"	"unprognostic (8.57e-2)"	"unprognostic (4.54e-2)"	"unprognostic (1.34e-2)"	"unprognostic (4.49e-1)"	"unprognostic (7.27e-2)"	"unprognostic (1.50e-1)"	"unprognostic (2.80e-1)"	"unprognostic (5.61e-2)"	"unprognostic (3.87e-3)"	"unprognostic (2.23e-1)"	"unprognostic (2.00e-1)"	"unprognostic (3.51e-2)"
CD22	"SIGLEC-2, SIGLEC2"	ENSG00000012124	"CD22 molecule"	P20273	19	35319261-35347361	"CD markers, FDA approved drug targets, Plasma proteins, Predicted intracellular proteins, Predicted membrane proteins"	"Cell adhesion"		"FDA approved drug targets"	"Evidence at protein level"	"Evidence at protein level"	"Evidence at protein level"	"Evidence at protein level"	"Tissue enhanced"	"Detected in many"		"lymphoid tissue: 223.3;ovary: 123.5"	"Cell type enhanced"	"Detected in many"		"B-cells: 155.6;granulocytes: 71.4;Granulosa cells: 52.3;Oligodendrocytes: 85.2;Ovarian stromal cells: 46.7;Secretory cells: 34.6"	"Group enriched"	"Detected in many"	30	"committed oligodendrocyte precursor: 159.9;oligodendrocyte: 290.3"	"Low cancer specificity"	"Detected in all"			"Low region specificity"	"Detected in all"			"Group enriched"	"Detected in many"	24	"memory B-cell: 97.9;naive B-cell: 120.7"	"Lineage enriched"	"Detected in many"	26	"B-cells: 120.7"	"Group enriched"	"Detected in many"	9	"Leukemia: 48.4;lymphoma: 193.5"	"Colon - Mast cells, Spleen - B-cells (Spleen)"	"Not detected"	"Not detected"			"Low region specificity"	"Detected in many"			"CAB002418, HPA024353, HPA066523"	Enhanced						NA	NA		4400	"Cluster 23: B-cells - Immunoglobulins"	"Cluster 70: Lymphoid tissue - Immune response"	"Cluster 11: White matter - Signal transduction"	"Cluster 46: Lymphoma - Humoral immune response"	"Cluster 73: B-cells - B-cell function"	9			"CAB002418: AB_563529, HPA024353: AB_10600695, HPA066523: "	"unprognostic (6.63e-2)"	"unprognostic (2.17e-2)"	"unprognostic (1.28e-1)"	"unprognostic (1.65e-2)"	"unprognostic (9.99e-2)"	"unprognostic (5.34e-2)"	"unprognostic (1.27e-1)"	"unprognostic (6.33e-2)"	"unprognostic (8.98e-3)"	"unprognostic (5.14e-2)"	"unprognostic (4.21e-2)"	"unprognostic (6.39e-2)"	"unprognostic (7.23e-2)"	"unprognostic (3.04e-1)"	"unprognostic (8.42e-2)"	"unprognostic (2.48e-3)"	"unprognostic (1.40e-1)"	"unprognostic (1.50e-1)"	"unprognostic (1.79e-1)"	"unprognostic (2.38e-1)"	"unprognostic (2.32e-1)"	"unprognostic (6.57e-2)"	"unprognostic (8.29e-3)"	"potential prognostic favorable (9.77e-4)"	"unprognostic (1.09e-3)"	"unprognostic (1.52e-2)"	"unprognostic (1.88e-1)"	"unprognostic (8.74e-2)"	"unprognostic (2.76e-2)"	"unprognostic (1.56e-2)"	"unprognostic (2.93e-2)"
CD24	CD24A	ENSG00000272398	"CD24 molecule"	P25063	6	106969831-106975627	"Cancer-related genes, CD markers, Disease related genes, Predicted intracellular proteins"			"Cancer-related genes"	"Evidence at protein level"	"Evidence at protein level"	"Evidence at protein level"	"Evidence at protein level"	"Tissue enhanced"	"Detected in all"		"thyroid gland: 1581.7"	"Cell type enhanced"	"Detected in many"		"Distal enterocytes: 2800.6;Exocrine glandular cells: 2217.6;Glandular and luminal cells: 1467.2;Suprabasal keratinocytes: 1440.9"	"Cell type enriched"	"Detected in many"	4	"ependymal cell: 145.3"	"Low cancer specificity"	"Detected in all"			"Low region specificity"	"Detected in all"			"Group enriched"	"Detected in some"	29	"eosinophil: 86.4;memory B-cell: 61.3;naive B-cell: 39.9"	"Group enriched"	"Detected in many"	240	"B-cells: 61.3;granulocytes: 86.4"	"Cancer enhanced"	"Detected in all"		"breast cancer: 1239.9"	"Adrenal gland - Adrenal medulla cells, Colon - Colon enterocytes, Lung - Respiratory ciliated cells, Thyroid gland - Thyroid glandular cells"	"Low region specificity"	"Detected in all"			"Region enhanced"	"Detected in all"		"spinal cord: 159.0"	"HPA045879, CAB078471"	Approved		Enhanced	Vesicles	"Intracellular and membrane"	"No annotated function"	NA	NA			"Cluster 29: Non-specific - Unknown function"	"Cluster 38: Salivary gland - Salivary secretion"	"Cluster 29: Forebrain - Mixed function"	"Cluster 27: Breast cancer - Unknown function"	"Cluster 3: Basal prostatic cells - Lipid metabolism"	2	Vesicles		"CAB078471: AB_10983158, HPA045879: AB_2732523"	"unprognostic (1.35e-1)"	"potential prognostic unfavorable (2.01e-7)"	"unprognostic (3.01e-1)"	"unprognostic (1.79e-3)"	"unprognostic (7.39e-2)"	"unprognostic (1.88e-3)"	"unprognostic (2.76e-2)"		"unprognostic (6.97e-2)"	"unprognostic (1.65e-1)"	"unprognostic (1.94e-2)"	"unprognostic (9.58e-2)"	"unprognostic (9.50e-2)"	"potential prognostic unfavorable (8.15e-5)"	"unprognostic (2.69e-2)"	"unprognostic (1.89e-1)"	"unprognostic (4.25e-2)"	"unprognostic (4.44e-1)"	"unprognostic (7.10e-2)"	"unprognostic (2.64e-1)"		"unprognostic (2.25e-2)"		"unprognostic (9.01e-2)"	"potential prognostic favorable (8.25e-4)"	"unprognostic (1.33e-1)"	"unprognostic (2.36e-1)"	"unprognostic (2.94e-1)"	"unprognostic (1.27e-1)"	"unprognostic (1.31e-1)"	"unprognostic (3.06e-1)"
CD74	"CLIP, DHLAG"	ENSG00000019582	"CD74 molecule"	P04233	5	150401637-150412969	"Cancer-related genes, CD markers, Disease related genes, Potential drug targets, Predicted membrane proteins, Transporters"	"Adaptive immunity, Immunity"	Chaperone	"Cancer-related genes"	"Evidence at protein level"	"Evidence at protein level"	"Evidence at protein level"	"Evidence at protein level"	"Tissue enhanced"	"Detected in all"		"lymphoid tissue: 5112.2"	"Cell type enhanced"	"Detected in many"		"B-cells: 11727.2;dendritic cells: 8645.4;Hofbauer cells: 5396.5;Langerhans cells: 26767.6;Macrophages: 7008.6;Proximal enterocytes: 5477.7;Schwann cells: 10143.4"	"Cell type enriched"	"Detected in many"	5	"central nervous system macrophage: 1596.0"	"Low cancer specificity"	"Detected in all"			"Low region specificity"	"Detected in all"			"Group enriched"	"Detected in all"	5	"classical monocyte: 11129.6;intermediate monocyte: 16174.8;memory B-cell: 27121.2;myeloid DC: 23965.9;naive B-cell: 28192.5;non-classical monocyte: 8146.1;plasmacytoid DC: 17015.9"	"Group enriched"	"Detected in all"	6	"B-cells: 28192.5;dendritic cells: 23965.9;monocytes: 16174.8"	"Group enriched"	"Detected in many"	7	"Leukemia: 998.7;lymphoma: 3214.7;Myeloma: 1807.4;skin cancer: 961.7"	"Adipose visceral - T-cells, Testis - Macrophages, Thyroid gland - T-cells"	"Low region specificity"	"Detected in all"			"Low region specificity"	"Detected in all"			"CAB002506, HPA010592, CAB079994"	Enhanced		Supported	"Golgi apparatus"	"Secreted to blood"	Immunity	NA	NA		140000	"Cluster 2: Dendritic cells - Unknown function"	"Cluster 70: Lymphoid tissue - Immune response"	"Cluster 20: Macrophages & Microglia - Immune response"	"Cluster 21: Lymphoma - Adaptive immune response"	"Cluster 28: Dendritic cells - Antigen presentation"	19	"Golgi apparatus"		"CAB002506: AB_563630, CAB079994: , HPA010592: AB_1078482"	"unprognostic (1.93e-3)"	"potential prognostic favorable (9.48e-5)"	"unprognostic (7.99e-2)"	"unprognostic (1.92e-2)"	"unprognostic (2.67e-1)"	"unprognostic (3.10e-1)"	"unprognostic (6.11e-2)"	"unprognostic (1.82e-1)"	"unprognostic (2.78e-2)"	"unprognostic (2.35e-1)"	"unprognostic (3.17e-1)"	"unprognostic (4.14e-1)"	"unprognostic (3.94e-2)"	"unprognostic (3.54e-1)"	"unprognostic (2.84e-2)"	"unprognostic (1.12e-3)"	"unprognostic (9.15e-2)"	"unprognostic (9.54e-2)"	"unprognostic (1.95e-1)"	"unprognostic (2.52e-1)"	"unprognostic (1.51e-2)"	"unprognostic (2.89e-2)"	"unprognostic (1.21e-1)"	"unprognostic (2.11e-1)"	"unprognostic (1.13e-1)"	"unprognostic (2.34e-2)"	"unprognostic (2.56e-2)"	"unprognostic (1.05e-1)"	"unprognostic (5.36e-2)"	"unprognostic (2.53e-1)"	"unprognostic (2.47e-3)"
CD81	"TAPA-1, TAPA1, TSPAN28"	ENSG00000110651	"CD81 molecule"	P60033	11	2376177-2397802	"CD markers, Disease related genes, Human disease related genes, Plasma proteins, Potential drug targets, Predicted membrane proteins, Transporters"	"Adaptive immunity, Host-virus interaction, Immunity"	"Host cell receptor for virus entry, Receptor"		"Evidence at protein level"	"Evidence at protein level"	"Evidence at protein level"	"Evidence at protein level"	"Low tissue specificity"	"Detected in all"			"Cell type enhanced"	"Detected in all"		"Basal prostatic cells: 2015.8;Endometrial stromal cells: 1072.2"	"Low cell type specificity"	"Detected in all"			"Low cancer specificity"	"Detected in all"			"Low region specificity"	"Detected in all"			"Group enriched"	"Detected in many"	4	"memory B-cell: 149.3;naive B-cell: 137.6"	"Lineage enriched"	"Detected in all"	4	"B-cells: 149.3"	"Low cancer specificity"	"Detected in all"			"Adrenal gland - Fibroblasts, Skin - Fibroblast_2"	"Low region specificity"	"Detected in all"			"Low region specificity"	"Detected in all"			"CAB002507, HPA007234"	Supported		Approved	"Plasma membrane,Cytosol"			NA	NA		1400000	"Cluster 12: Non-specific - Mitochondrial translation"	"Cluster 62: Connective tissue - ECM organization"	"Cluster 19: Astrocytes - Mixed function"	"Cluster 44: Connective tissue cells - ECM organization"	"Cluster 3: Basal prostatic cells - Lipid metabolism"	49	"Plasma membrane"	Cytosol	"CAB002507: AB_563639, HPA007234: AB_1846333"	"unprognostic (2.98e-1)"	"unprognostic (8.15e-2)"	"unprognostic (1.47e-2)"	"unprognostic (5.43e-2)"	"unprognostic (1.92e-2)"	"unprognostic (1.74e-1)"	"potential prognostic unfavorable (3.91e-4)"	"unprognostic (1.41e-2)"	"unprognostic (3.55e-2)"	"unprognostic (1.09e-1)"	"potential prognostic favorable (4.91e-5)"	"unprognostic (2.80e-2)"	"unprognostic (2.37e-1)"	"unprognostic (1.13e-1)"	"unprognostic (1.03e-3)"	"unprognostic (2.04e-2)"	"unprognostic (1.78e-1)"	"unprognostic (4.62e-3)"	"unprognostic (1.74e-1)"	"unprognostic (1.59e-1)"	"unprognostic (1.76e-1)"	"unprognostic (7.15e-3)"	"unprognostic (1.89e-1)"	"unprognostic (5.10e-2)"	"unprognostic (2.19e-2)"	"unprognostic (2.37e-2)"	"unprognostic (2.19e-1)"	"unprognostic (1.87e-2)"	"unprognostic (1.22e-1)"	"unprognostic (1.03e-1)"	"unprognostic (4.62e-2)"
CD86	"B7-2, B7.2, CD28LG2"	ENSG00000114013	"CD86 molecule"	P42081	3	122055362-122121139	"CD markers, FDA approved drug targets, Predicted intracellular proteins, Predicted membrane proteins"	"Adaptive immunity, Host-virus interaction, Immunity"	"Host cell receptor for virus entry, Receptor"	"FDA approved drug targets"	"Evidence at protein level"	"Evidence at protein level"	"Evidence at protein level"	"Evidence at protein level"	"Tissue enhanced"	"Detected in many"		"lymphoid tissue: 33.5"	"Cell type enhanced"	"Detected in some"		"Hofbauer cells: 151.9;Kupffer cells: 91.5;Langerhans cells: 191.7;Macrophages: 142.5;Microglial cells: 75.1;monocytes: 464.6"	"Cell type enriched"	"Detected in some"	8	"central nervous system macrophage: 472.7"	"Low cancer specificity"	"Detected in all"			"Low region specificity"	"Detected in all"			"Group enriched"	"Detected in many"	8	"classical monocyte: 80.1;intermediate monocyte: 79.2;memory B-cell: 41.1;myeloid DC: 79.0;naive B-cell: 28.7;non-classical monocyte: 85.6"	"Group enriched"	"Detected in many"	18	"B-cells: 41.1;dendritic cells: 79.0;monocytes: 85.6"	"Cancer enriched"	"Detected in some"	6	"lymphoma: 54.5"	"Adipose subcutaneous - Macrophages, Adipose visceral - Macrophages, Adrenal gland - Macrophages, Breast - Macrophages, Colon - Macrophages, Heart muscle - Macrophages, Kidney - Macrophages, Liver - Kupffer cells, Minor Salivary Gland - Macrophages, Pancreas - Macrophages, Pituitary gland - Macrophages, Prostate - Macrophages, Skeletal muscle - Macrophages, Spleen - Macrophages, Stomach - Macrophages, Thyroid gland - Macrophages"	"Low region specificity"	"Detected in many"			"Low region specificity"	"Detected in all"			"CAB004319, HPA026802"	Approved		Supported	"Plasma membrane,Centriolar satellite"			NA	NA		94000	"Cluster 38: Monocytes & Neutrophils - Degranulation"	"Cluster 70: Lymphoid tissue - Immune response"	"Cluster 20: Macrophages & Microglia - Immune response"	"Cluster 21: Lymphoma - Adaptive immune response"	"Cluster 14: Langerhans cells - Innate immune response"	3	"Plasma membrane"	"Centriolar satellite"	"CAB004319: AB_627200, HPA026802: "	"unprognostic (1.96e-1)"	"unprognostic (1.97e-1)"	"unprognostic (3.93e-1)"	"unprognostic (6.14e-2)"	"unprognostic (2.12e-1)"	"unprognostic (1.99e-1)"	"unprognostic (1.55e-1)"	"unprognostic (2.78e-1)"	"unprognostic (2.07e-1)"	"unprognostic (1.57e-1)"	"unprognostic (5.50e-2)"	"unprognostic (3.54e-1)"	"unprognostic (1.10e-1)"	"unprognostic (1.49e-2)"	"unprognostic (2.22e-1)"	"unprognostic (2.98e-2)"	"unprognostic (4.94e-3)"	"unprognostic (1.01e-1)"	"unprognostic (1.75e-1)"	"unprognostic (8.71e-2)"	"unprognostic (3.25e-1)"	"unprognostic (8.71e-2)"	"unprognostic (1.02e-3)"	"unprognostic (3.57e-1)"	"unprognostic (7.46e-2)"	"unprognostic (4.25e-2)"	"unprognostic (1.27e-3)"	"unprognostic (1.59e-1)"	"unprognostic (1.03e-2)"	"unprognostic (7.84e-2)"	"unprognostic (2.94e-1)"
CDK14	"PFTAIRE1, PFTK1"	ENSG00000058091	"Cyclin dependent kinase 14"	O94921	7	90466424-91210590	"Enzymes, Predicted intracellular proteins"	"Cell cycle, Cell division, Wnt signaling pathway"	"Kinase, Serine/threonine-protein kinase, Transferase"		"Evidence at protein level"	"Evidence at protein level"	"Evidence at protein level"	"Evidence at protein level"	"Low tissue specificity"	"Detected in all"			"Cell type enhanced"	"Detected in many"		"Astrocytes: 112.1;Excitatory neurons: 527.3;Inhibitory neurons: 408.0;Oligodendrocyte precursor cells: 300.9"	"Low cell type specificity"	"Detected in all"			"Low cancer specificity"	"Detected in all"			"Low region specificity"	"Detected in all"			"Group enriched"	"Detected in some"	8	"basophil: 9.1;memory B-cell: 8.5;naive B-cell: 4.8;neutrophil: 4.8"	"Group enriched"	"Detected in many"	10	"B-cells: 8.5;granulocytes: 9.1"	"Low cancer specificity"	"Detected in all"			"Testis - Early spermatids"	"Low region specificity"	"Detected in all"			"Low region specificity"	"Detected in all"			HPA015267	Approved		Supported	Nucleoplasm,Cytosol			NA	NA			"Cluster 23: B-cells - Immunoglobulins"	"Cluster 22: Brain - Synaptic signal transduction"	"Cluster 52: Neurons & Synapses - Synaptic function"	"Cluster 46: Lymphoma - Humoral immune response"	"Cluster 65: Neurons - Synaptic function"	27	Nucleoplasm	Cytosol	"HPA015267: AB_1855249"	"unprognostic (1.23e-3)"	"unprognostic (2.18e-3)"	"unprognostic (1.18e-1)"	"unprognostic (1.52e-1)"	"unprognostic (2.16e-2)"	"unprognostic (2.22e-1)"	"unprognostic (1.53e-1)"	"unprognostic (1.97e-2)"	"unprognostic (2.55e-1)"	"unprognostic (1.39e-2)"	"potential prognostic favorable (1.99e-6)"	"unprognostic (5.10e-2)"	"unprognostic (1.08e-1)"	"unprognostic (8.19e-2)"	"potential prognostic unfavorable (3.89e-6)"	"unprognostic (7.87e-2)"	"unprognostic (8.95e-2)"	"unprognostic (2.49e-1)"	"unprognostic (4.65e-2)"	"unprognostic (2.45e-2)"	"unprognostic (2.14e-2)"	"unprognostic (4.47e-3)"	"unprognostic (4.13e-3)"	"unprognostic (9.46e-2)"	"unprognostic (1.44e-2)"	"unprognostic (3.41e-1)"	"unprognostic (1.33e-1)"	"potential prognostic unfavorable (7.32e-4)"	"unprognostic (2.47e-1)"	"unprognostic (1.21e-1)"	"unprognostic (3.69e-1)"
CELSR1	"ADGRC1, CDHF9, FMI2, HFMI2, ME2"	ENSG00000075275	"Cadherin EGF LAG seven-pass G-type receptor 1"	Q9NYQ6	22	46360834-46537620	"Disease related genes, G-protein coupled receptors, Human disease related genes, Potential drug targets, Predicted intracellular proteins, Predicted membrane proteins, Transporters"		"Developmental protein, G-protein coupled receptor, Receptor, Transducer"	"Disease variant"	"Evidence at protein level"	"Evidence at protein level"	"Evidence at protein level"	"Evidence at protein level"	"Tissue enhanced"	"Detected in many"		"skin 1: 30.7"	"Cell type enhanced"	"Detected in many"		"Alveolar cells type 1: 29.1;Basal respiratory cells: 28.6;Ciliated cells: 56.5;Club cells: 31.1;Glandular and luminal cells: 35.4;Ionocytes: 25.4"	"Cell type enriched"	"Detected in many"	14	"ependymal cell: 110.8"	"Low cancer specificity"	"Detected in all"			"Low region specificity"	"Detected in all"			"Group enriched"	"Detected in some"	5	"memory B-cell: 2.2;naive B-cell: 1.9"	"Lineage enriched"	"Detected in single"	6	"B-cells: 2.2"	"Low cancer specificity"	"Detected in all"			"Minor Salivary Gland - Minor salivary gland basal cells, Pituitary gland - Corticotropes, Prostate - Prostate basal glandular cells, Spleen - B-cells (Spleen)"	"Low region specificity"	"Detected in many"			"Low region specificity"	"Detected in all"			"HPA052976, HPA060521"			Enhanced	"Nucleoplasm,Plasma membrane"	"Intracellular and membrane"	Receptor	NA	NA		230000	"Cluster 34: B-cells - Unknown function"	"Cluster 13: Skin - Cornification"	"Cluster 46: Brainstem - Mixed function"	"Cluster 15: Kidney cancer - Membrane components"	"Cluster 35: Respiratory epithelial cells - Unknown function"	1	"Plasma membrane"	Nucleoplasm	"HPA052976: AB_2682004, HPA060521: AB_2684303"	"unprognostic (5.85e-2)"	"unprognostic (1.46e-1)"	"unprognostic (1.31e-1)"	"unprognostic (1.68e-1)"	"unprognostic (6.21e-2)"	"unprognostic (6.04e-2)"	"unprognostic (4.44e-1)"	"unprognostic (3.76e-2)"	"unprognostic (5.35e-2)"	"unprognostic (5.78e-2)"	"unprognostic (4.08e-3)"	"unprognostic (2.97e-2)"	"unprognostic (1.39e-3)"	"unprognostic (3.28e-1)"	"potential prognostic favorable (9.21e-5)"	"unprognostic (5.96e-2)"	"unprognostic (2.11e-2)"	"unprognostic (1.36e-1)"	"unprognostic (2.38e-1)"	"unprognostic (7.38e-3)"	"unprognostic (6.76e-2)"	"unprognostic (1.98e-2)"	"potential prognostic unfavorable (1.28e-5)"	"unprognostic (3.41e-2)"	"unprognostic (2.91e-1)"	"unprognostic (2.15e-1)"	"unprognostic (3.22e-1)"	"unprognostic (3.13e-2)"	"unprognostic (1.75e-1)"	"unprognostic (8.27e-2)"	"unprognostic (4.10e-3)"
CEP70	"BITE, FLJ13036"	ENSG00000114107	"Centrosomal protein 70"	Q8NHQ1	3	138494344-138594538	"Plasma proteins, Predicted intracellular proteins"				"Evidence at protein level"	"Evidence at protein level"	"Evidence at protein level"	"Evidence at protein level"	"Low tissue specificity"	"Detected in all"			"Cell type enhanced"	"Detected in many"		"Early spermatids: 236.2;Late spermatids: 299.2;Spermatocytes: 142.0"	"Low cell type specificity"	"Detected in all"			"Low cancer specificity"	"Detected in all"			"Low region specificity"	"Detected in all"			"Group enriched"	"Detected in many"	10	"gdT-cell: 2.7;MAIT T-cell: 3.3;memory B-cell: 1.7;memory CD4 T-cell: 2.1;memory CD8 T-cell: 2.3;naive B-cell: 1.4;naive CD4 T-cell: 4.0;naive CD8 T-cell: 4.0;NK-cell: 2.2;T-reg: 1.3"	"Group enriched"	"Detected in many"	10	"B-cells: 1.7;NK-cells: 2.2;T-cells: 4.0"	"Low cancer specificity"	"Detected in all"			"Lung - Alveolar cells type 2, Testis - Early spermatids"	"Low region specificity"	"Detected in all"			"Low region specificity"	"Detected in all"			"HPA036941, HPA036942"	Enhanced		Approved	"Nucleoplasm,Primary cilium,Centrosome,Basal body,Cytosol"			NA	NA			"Cluster 24: Non-specific - Transcription"	"Cluster 46: Testis - Spermatogenesis"	"Cluster 31: Non-specific - Transcription"	"Cluster 59: Leukemia - T-cell receptor"	"Cluster 37: Glandular & Luminal cells - Unknown function"	230	"Nucleoplasm, Primary cilium, Cytosol"	"Centrosome, Basal body"	"HPA036941: AB_10670567, HPA036942: AB_10670957"	"unprognostic (6.92e-3)"	"unprognostic (4.31e-2)"	"unprognostic (2.47e-1)"	"unprognostic (1.23e-2)"	"unprognostic (5.04e-2)"	"unprognostic (3.20e-1)"	"unprognostic (8.63e-2)"	"unprognostic (1.91e-2)"	"unprognostic (1.20e-1)"	"potential prognostic unfavorable (8.65e-4)"	"unprognostic (1.91e-2)"	"unprognostic (1.28e-1)"	"unprognostic (4.87e-2)"	"unprognostic (1.37e-1)"	"unprognostic (4.08e-1)"	"unprognostic (2.28e-2)"	"unprognostic (4.64e-1)"	"unprognostic (1.54e-1)"	"unprognostic (1.30e-1)"	"unprognostic (1.11e-1)"	"unprognostic (1.37e-1)"	"unprognostic (9.97e-3)"	"unprognostic (1.25e-1)"	"potential prognostic unfavorable (7.80e-4)"	"unprognostic (2.69e-2)"	"unprognostic (2.90e-2)"	"unprognostic (2.34e-2)"	"unprognostic (6.40e-2)"	"unprognostic (3.10e-1)"	"unprognostic (5.64e-3)"	"unprognostic (1.72e-1)"
CHAD	SLRR4A	ENSG00000136457	Chondroadherin	O15335	17	50464496-50468906	"Plasma proteins, Predicted intracellular proteins, Predicted secreted proteins"				"Evidence at protein level"	"Evidence at protein level"	"Evidence at protein level"	"Evidence at protein level"	"Tissue enhanced"	"Detected in many"		"brain: 33.9;liver: 35.4;pancreas: 31.6"	"Cell type enhanced"	"Detected in some"		"Breast glandular cells: 3.7;Distal enterocytes: 4.0;Gastric mucus-secreting cells: 2.9;Intestinal goblet cells: 10.7;Oligodendrocyte precursor cells: 5.2"	"Cell type enhanced"	"Detected in some"		"oligodendrocyte precursor cell: 16.5;upper rhombic lip: 10.0"	"Cancer enhanced"	"Detected in many"		"Breast Invasive Carcinoma (TCGA): 43.8"	"Low region specificity"	"Detected in all"			"Group enriched"	"Detected in some"	53	"memory B-cell: 21.6;naive B-cell: 8.1"	"Lineage enriched"	"Detected in single"	76	"B-cells: 21.6"	"Low cancer specificity"	"Detected in many"			"Breast - Breast glandular cells, Liver - Hepatocytes, Minor Salivary Gland - Minor salivary glandular cells, Prostate - Prostate basal glandular cells"	"Low region specificity"	"Detected in single"			"Low region specificity"	"Detected in all"			HPA018241	Enhanced				"Secreted to extracellular matrix"	"No annotated function"	NA	NA		16000000	"Cluster 17: B-cells - Immunoglobulins"	"Cluster 68: Non-specific - Protein processing"	"Cluster 15: Non-specific - Transcription"	"Cluster 27: Breast cancer - Unknown function"	"Cluster 16: Intestinal goblet cells - Mucin production"	1			"HPA018241: AB_1846612"	"unprognostic (4.71e-2)"	"unprognostic (5.07e-3)"	"unprognostic (2.13e-1)"	"unprognostic (1.09e-1)"		"unprognostic (3.45e-1)"	"unprognostic (1.78e-1)"				"unprognostic (1.30e-1)"	"unprognostic (3.09e-2)"	"unprognostic (2.62e-1)"	"potential prognostic favorable (4.37e-4)"	"unprognostic (7.60e-3)"	"unprognostic (3.77e-3)"	"unprognostic (9.37e-2)"		"unprognostic (6.00e-2)"	"unprognostic (5.48e-3)"		"unprognostic (1.27e-1)"			"unprognostic (1.41e-2)"	"unprognostic (8.47e-2)"	"unprognostic (2.34e-2)"	"unprognostic (2.78e-1)"	"unprognostic (1.04e-1)"	"unprognostic (3.13e-3)"	
CHL1	"CALL, FLJ44930, L1CAM2, MGC132578"	ENSG00000134121	"Cell adhesion molecule L1 like"	O00533	3	196763-409417	"Plasma proteins, Predicted membrane proteins, Predicted secreted proteins"	"Cell adhesion, Differentiation, Neurogenesis"	"Developmental protein"		"Evidence at protein level"	"Evidence at protein level"	"Evidence at protein level"	"Evidence at protein level"	"Tissue enhanced"	"Detected in many"		"brain: 65.0;ovary: 32.7"	"Cell type enhanced"	"Detected in many"		"Astrocytes: 212.1;Excitatory neurons: 409.9;Inhibitory neurons: 307.2;Oligodendrocyte precursor cells: 861.7;Schwann cells: 403.3"	"Low cell type specificity"	"Detected in all"			"Cancer enhanced"	"Detected in many"		"Glioblastoma Multiforme (TCGA): 40.5;Kidney Renal Papillary Cell Carcinoma (TCGA): 36.5"	"Low region specificity"	"Detected in all"			"Group enriched"	"Detected in some"	33	"memory B-cell: 2.8;naive B-cell: 3.8"	"Lineage enriched"	"Detected in single"	38	"B-cells: 3.8"	"Group enriched"	"Detected in many"	7	"Rhabdoid: 38.6;skin cancer: 30.5"	"Colon - Enteric glia cells, Spleen - B-cells (Spleen)"	"Low region specificity"	"Detected in all"			"Low region specificity"	"Detected in all"			"HPA003345, CAB026120"	Enhanced				"Secreted in brain"	"Developmental protein"	NA	NA		3100000000	"Cluster 34: B-cells - Unknown function"	"Cluster 61: Brain - Neuronal signaling"	"Cluster 14: Neurons - Synaptic function"	"Cluster 5: Rhabdoid - Unknown function"	"Cluster 34: Neurons - Neuronal signaling"				"CAB026120: , HPA003345: AB_1078516"	"unprognostic (9.76e-2)"	"unprognostic (5.72e-2)"	"unprognostic (3.50e-1)"	"unprognostic (7.81e-2)"		"unprognostic (7.47e-2)"	"unprognostic (2.23e-3)"	"unprognostic (9.77e-3)"	"unprognostic (1.02e-1)"	"unprognostic (1.28e-1)"	"unprognostic (6.39e-3)"	"unprognostic (2.53e-1)"	"potential prognostic favorable (3.30e-5)"		"unprognostic (6.44e-2)"	"unprognostic (1.51e-1)"	"unprognostic (3.19e-1)"	"unprognostic (3.45e-1)"	"unprognostic (2.19e-1)"	"unprognostic (8.01e-2)"	"unprognostic (2.54e-3)"	"unprognostic (1.65e-1)"	"unprognostic (3.76e-1)"	"unprognostic (1.12e-1)"		"unprognostic (1.40e-1)"	"unprognostic (3.12e-1)"	"unprognostic (6.47e-2)"		"unprognostic (5.08e-3)"	"unprognostic (8.84e-2)"
CIITA	"C2TA, MHC2TA, NLRA"	ENSG00000179583	"Class II major histocompatibility complex transactivator"	P33076	16	10866222-10943021	"Cancer-related genes, Disease related genes, Enzymes, Human disease related genes, Plasma proteins, Potential drug targets, Predicted intracellular proteins"	"Transcription, Transcription regulation"	"Activator, Acyltransferase, Kinase, Transferase"	"Cancer-related genes, Disease variant, SCID"	"Evidence at protein level"	"Evidence at protein level"	"Evidence at protein level"	"Evidence at protein level"	"Tissue enhanced"	"Detected in all"		"lymphoid tissue: 52.6"	"Cell type enhanced"	"Detected in many"		"B-cells: 63.6;dendritic cells: 119.6;Langerhans cells: 101.3;Macrophages: 51.0;Microglial cells: 40.3;Schwann cells: 39.9"	"Cell type enriched"	"Detected in many"	7	"central nervous system macrophage: 287.9"	"Low cancer specificity"	"Detected in all"			"Low region specificity"	"Detected in all"			"Group enriched"	"Detected in many"	5	"classical monocyte: 25.7;eosinophil: 15.5;intermediate monocyte: 20.5;memory B-cell: 35.6;myeloid DC: 41.2;naive B-cell: 51.1;non-classical monocyte: 23.5;plasmacytoid DC: 37.7"	"Low lineage specificity"	"Detected in all"			"Cancer enhanced"	"Detected in many"		"Leukemia: 21.0;lymphoma: 41.6"	"Heart muscle - T-cells, Prostate - T-cells, Spleen - B-cells (Spleen), Thyroid gland - T-cells"	"Not detected"	"Not detected"			"Low region specificity"	"Detected in all"			"CAB016084, HPA054757"	Enhanced		Supported	Nucleoplasm			NA	NA			"Cluster 2: Dendritic cells - Unknown function"	"Cluster 70: Lymphoid tissue - Immune response"	"Cluster 20: Macrophages & Microglia - Immune response"	"Cluster 21: Lymphoma - Adaptive immune response"	"Cluster 28: Dendritic cells - Antigen presentation"	13	Nucleoplasm		"CAB016084: AB_627261, HPA054757: "	"unprognostic (6.66e-3)"	"unprognostic (1.55e-2)"	"unprognostic (4.42e-3)"	"unprognostic (8.61e-3)"	"unprognostic (1.72e-1)"	"unprognostic (7.97e-2)"	"unprognostic (1.53e-1)"	"unprognostic (1.87e-2)"	"unprognostic (4.39e-3)"	"unprognostic (2.00e-1)"	"unprognostic (9.79e-2)"	"unprognostic (9.02e-2)"	"unprognostic (1.87e-2)"	"unprognostic (3.09e-2)"	"unprognostic (2.51e-2)"	"unprognostic (4.24e-3)"	"unprognostic (1.28e-1)"	"unprognostic (6.04e-2)"	"unprognostic (1.70e-1)"	"unprognostic (5.61e-2)"	"unprognostic (6.38e-3)"	"unprognostic (1.75e-2)"	"unprognostic (3.12e-1)"	"unprognostic (3.19e-2)"	"unprognostic (6.38e-3)"	"unprognostic (6.46e-2)"	"unprognostic (9.82e-3)"	"unprognostic (9.17e-2)"	"unprognostic (5.52e-3)"	"unprognostic (2.30e-1)"	"unprognostic (8.16e-3)"
CLCN4	"ClC-4, CLC4"	ENSG00000073464	"Chloride voltage-gated channel 4"	P51793	X	10156975-10237660	"Disease related genes, Human disease related genes, Potential drug targets, Predicted membrane proteins, Transporters"	"Antiport, Ion transport, Transport"		"Disease variant, Intellectual disability"	"Evidence at protein level"	"Evidence at protein level"	"Evidence at protein level"	"Evidence at protein level"	"Tissue enhanced"	"Detected in many"		"brain: 28.2;retina: 36.7;skeletal muscle: 43.4;tongue: 32.9"	"Cell type enhanced"	"Detected in many"		"Bipolar cells: 74.0;Cone photoreceptor cells: 142.7;Excitatory neurons: 44.1;Horizontal cells: 57.9;Inhibitory neurons: 51.7;Oligodendrocytes: 71.3;Oocytes: 44.8;Rod photoreceptor cells: 44.6"	"Low cell type specificity"	"Detected in all"			"Low cancer specificity"	"Detected in many"			"Low region specificity"	"Detected in all"			"Group enriched"	"Detected in some"	4	"basophil: 1.7;memory B-cell: 1.0;naive B-cell: 2.6;neutrophil: 2.2"	"Group enriched"	"Detected in many"	6	"B-cells: 2.6;granulocytes: 2.2"	"Low cancer specificity"	"Detected in all"			"Testis - Sertoli cells, Thyroid gland - Thyroid glandular cells"	"Low region specificity"	"Detected in all"			"Low region specificity"	"Detected in all"			"HPA031313, HPA063637"	Enhanced	Approved	Supported	Vesicles			NA	NA			"Cluster 20: Non-specific - DNA binding"	"Cluster 3: Non-specific - Unknown function"	"Cluster 28: Oligodendrocytes - Mixed function"	"Cluster 70: DU4475 - Unknown function"	"Cluster 66: Photoreceptor cells - Visual perception"	3	Vesicles		"HPA031313: AB_10601358, HPA063637: AB_2685069"	"unprognostic (1.12e-2)"	"unprognostic (1.48e-1)"	"unprognostic (4.59e-3)"	"unprognostic (6.39e-2)"	"unprognostic (1.82e-1)"	"potential prognostic unfavorable (1.06e-4)"	"unprognostic (2.51e-1)"	"unprognostic (1.76e-1)"		"unprognostic (9.51e-2)"	"potential prognostic favorable (1.26e-5)"	"unprognostic (4.41e-3)"	"unprognostic (1.06e-1)"	"unprognostic (2.50e-3)"	"unprognostic (2.45e-2)"	"unprognostic (3.34e-1)"	"unprognostic (1.52e-1)"	"unprognostic (3.83e-2)"	"unprognostic (1.33e-1)"	"unprognostic (3.97e-1)"	"unprognostic (5.60e-3)"	"unprognostic (4.55e-2)"	"unprognostic (5.39e-2)"	"unprognostic (1.86e-1)"	"unprognostic (2.00e-1)"	"unprognostic (1.18e-3)"	"unprognostic (6.08e-2)"	"unprognostic (1.25e-1)"	"unprognostic (2.26e-1)"	"unprognostic (1.55e-1)"	"unprognostic (1.62e-1)"
CLEC20A	"FLJ44005, LINC00083, NCRNA00083, RP4-593C16.2"	ENSG00000188585	"C-type lectin domain containing 20A"	Q6ZU45	1	178479240-178499634	"Predicted intracellular proteins"				"Evidence at transcript level"	"Evidence at transcript level"	"Evidence at transcript level"	"Evidence at transcript level"	"Tissue enhanced"	"Detected in some"		"lymphoid tissue: 1.1;testis: 2.1"	"Cell type enhanced"	"Detected in some"		"Early spermatids: 9.0;Excitatory neurons: 16.5;Inhibitory neurons: 11.8;Late spermatids: 14.2;Microglial cells: 4.5"	"Low cell type specificity"	"Detected in many"			"Not detected"	"Not detected"			"Not detected"	"Not detected"			"Group enriched"	"Detected in some"	4	"memory B-cell: 3.2;naive B-cell: 10.8"	"Lineage enriched"	"Detected in many"	6	"B-cells: 10.8"	"Not detected"	"Not detected"			"Testis - Late spermatids"					"Low region specificity"	"Detected in all"										NA	NA			"Cluster 34: B-cells - Unknown function"	"Cluster 70: Lymphoid tissue - Immune response"		"Cluster 6: Leukemia - Signal transduction"	"Cluster 8: Neurons - Neuronal signaling"																																			
CLEC2D	"CLAX, LLT1, OCIL"	ENSG00000069493	"C-type lectin domain family 2 member D"	Q9UHP7	12	9664969-9699553	"Predicted intracellular proteins, Predicted membrane proteins"		Receptor		"Evidence at protein level"	"Evidence at transcript level"	"Evidence at protein level"	"Evidence at protein level"	"Tissue enhanced"	"Detected in many"		"lymphoid tissue: 52.7"	"Cell type enhanced"	"Detected in many"		"B-cells: 93.4;Early spermatids: 85.2;NK-cells: 134.1;T-cells: 205.1"	"Group enriched"	"Detected in all"	4	"central nervous system macrophage: 218.7;leukocyte: 592.4"	"Low cancer specificity"	"Detected in all"			"Low region specificity"	"Detected in all"			"Group enriched"	"Detected in all"	10	"gdT-cell: 188.8;MAIT T-cell: 114.9;memory B-cell: 95.7;memory CD4 T-cell: 184.0;memory CD8 T-cell: 208.9;naive B-cell: 128.1;naive CD4 T-cell: 193.2;naive CD8 T-cell: 223.9;T-reg: 175.8"	"Group enriched"	"Detected in all"	11	"B-cells: 128.1;T-cells: 223.9"	"Group enriched"	"Detected in many"	6	"Leukemia: 19.5;lymphoma: 70.3;Myeloma: 19.4"	"Adipose subcutaneous - T-cells, Adipose visceral - T-cells, Liver - T-cells, Spleen - B-cells (Spleen), Thyroid gland - T-cells"									"HPA017649, HPA047584"	Uncertain		Uncertain	"Golgi apparatus"			NA	NA			"Cluster 43: Non-specific - Transcription & Translation"	"Cluster 36: Lymphoid tissue - Cytokine signaling"	"Cluster 6: Non-specific - Immune response"	"Cluster 46: Lymphoma - Humoral immune response"	"Cluster 78: NK-cells & T-cells - Immune system & Transcription"	2	"Golgi apparatus"		"HPA017649: AB_1846912, HPA047584: "	"unprognostic (4.36e-3)"	"unprognostic (3.25e-2)"	"unprognostic (2.10e-1)"	"potential prognostic favorable (8.47e-4)"	"unprognostic (2.74e-2)"	"unprognostic (7.62e-3)"	"unprognostic (3.30e-1)"	"unprognostic (5.31e-3)"	"potential prognostic favorable (4.00e-4)"	"unprognostic (6.74e-2)"	"potential prognostic unfavorable (3.26e-5)"	"unprognostic (3.76e-1)"	"unprognostic (2.43e-1)"	"unprognostic (2.77e-1)"	"unprognostic (1.40e-1)"	"unprognostic (2.37e-3)"	"unprognostic (9.14e-2)"	"unprognostic (2.05e-1)"	"unprognostic (1.86e-1)"	"unprognostic (2.02e-1)"	"unprognostic (4.80e-2)"	"unprognostic (9.77e-2)"	"unprognostic (3.03e-3)"	"unprognostic (2.25e-1)"	"unprognostic (2.24e-1)"	"unprognostic (2.13e-3)"	"unprognostic (1.63e-2)"	"unprognostic (9.83e-2)"	"unprognostic (1.12e-1)"	"unprognostic (8.08e-2)"	"unprognostic (1.47e-2)"
CNFN	PLAC8L2	ENSG00000105427	Cornifelin	Q9BYD5	19	42387019-42390297	"Predicted intracellular proteins"	Keratinization			"Evidence at protein level"	"Evidence at protein level"	"Evidence at protein level"	"Evidence at protein level"	"Tissue enhanced"	"Detected in many"		"cervix: 925.8;esophagus: 3006.5;vagina: 1399.2"	"Cell type enriched"	"Detected in many"	5	"Suprabasal keratinocytes: 1633.9"	"Cell type enhanced"	"Detected in many"		"endothelial cell: 4.5;hippocampal CA4: 4.7"	"Cancer enhanced"	"Detected in all"		"Head and Neck Squamous Cell Carcinoma (TCGA): 787.2"	"Low region specificity"	"Detected in many"			"Group enriched"	"Detected in many"	11	"memory B-cell: 61.4;naive B-cell: 70.6"	"Lineage enriched"	"Detected in many"	12	"B-cells: 70.6"	"Low cancer specificity"	"Detected in all"			"Skin - Keratinocyte (granular), Spleen - B-cells (Spleen)"	"Not detected"	"Not detected"			"Low region specificity"	"Detected in many"			"HPA049073, HPA053997"	Enhanced		Approved	"Microtubules,Cytokinetic bridge"			Yes	No			"Cluster 18: Non-specific - Translation"	"Cluster 29: Squamous epithelium - Innate immune response"	"Cluster 33: Neurons - Mixed function"	"Cluster 53: Squamous epithelial cells - Keratinization"	"Cluster 59: Suprabasal keratinocytes - Cornification"	10	Microtubules	"Cytokinetic bridge"	"HPA049073: AB_2680620, HPA053997: AB_2682337"	"unprognostic (1.05e-1)"	"unprognostic (5.30e-2)"	"unprognostic (1.90e-1)"	"unprognostic (4.48e-3)"	"unprognostic (1.13e-1)"	"unprognostic (8.30e-2)"	"unprognostic (3.38e-2)"		"unprognostic (1.32e-2)"	"unprognostic (8.57e-2)"	"unprognostic (1.59e-3)"	"unprognostic (3.72e-3)"	"unprognostic (5.29e-2)"	"unprognostic (2.43e-2)"	"unprognostic (1.26e-3)"	"unprognostic (2.34e-2)"	"unprognostic (2.02e-2)"	"unprognostic (1.01e-2)"	"unprognostic (1.22e-1)"	"unprognostic (8.26e-2)"	"unprognostic (7.10e-2)"	"unprognostic (1.00e-1)"	"unprognostic (1.07e-1)"	"unprognostic (1.68e-1)"	"unprognostic (2.48e-1)"	"unprognostic (3.77e-2)"	"unprognostic (2.68e-1)"	"unprognostic (3.36e-2)"	"unprognostic (5.07e-2)"	"potential prognostic favorable (3.22e-5)"	"unprognostic (4.12e-1)"
CNR2	CB2	ENSG00000188822	"Cannabinoid receptor 2"	P34972	1	23870515-23913362	"FDA approved drug targets, G-protein coupled receptors, Predicted membrane proteins, Transporters"	"Inflammatory response"	"G-protein coupled receptor, Receptor, Transducer"	"FDA approved drug targets"	"Evidence at protein level"	"Evidence at transcript level"	"Evidence at protein level"	"Evidence at protein level"	"Tissue enhanced"	"Detected in some"		"intestine: 3.3;lymphoid tissue: 8.6"	"Cell type enriched"	"Detected in some"	4	"B-cells: 35.2"	"Cell type enriched"	"Detected in some"	8	"leukocyte: 8.8"	"Cancer enriched"	"Detected in single"	5	"Testicular Germ Cell Tumor (TCGA): 4.0"	"Low region specificity"	"Detected in all"			"Group enriched"	"Detected in many"	8	"basophil: 49.2;eosinophil: 35.1;memory B-cell: 29.6;naive B-cell: 27.9;NK-cell: 19.4"	"Group enriched"	"Detected in many"	9	"B-cells: 29.6;granulocytes: 49.2;NK-cells: 19.4"	"Group enriched"	"Detected in some"	14	"Leukemia: 3.1;lymphoma: 6.3"	"Lung - B-cells (Lung), Spleen - B-cells (Spleen)"	"Not detected"	"Not detected"			"Not detected"	"Not detected"			CAB009719	Uncertain						NA	NA			"Cluster 22: Eosinophils - Transcription"	"Cluster 70: Lymphoid tissue - Immune response"	"Cluster 48: Non-specific - Mixed function"	"Cluster 55: Lymphoma - Immune response"	"Cluster 73: B-cells - B-cell function"	24			"CAB009719: AB_2082784"			"potential prognostic favorable (1.39e-4)"			"unprognostic (1.33e-1)"																	"unprognostic (1.35e-2)"			"unprognostic (5.54e-3)"			"unprognostic (2.37e-1)"		
COBLL1	KIAA0977	ENSG00000082438	"Cordon-bleu WH2 repeat protein like 1"	Q53SF7	2	164653624-164843679	"Predicted intracellular proteins"				"Evidence at protein level"	"Evidence at protein level"	"Evidence at protein level"	"Evidence at protein level"	"Tissue enhanced"	"Detected in all"		"liver: 104.4"	"Cell type enhanced"	"Detected in many"		"Collecting duct cells: 204.2;Microglial cells: 335.5;Rod photoreceptor cells: 205.1;Syncytiotrophoblasts: 378.0"	"Group enriched"	"Detected in many"	5	"choroid plexus epithelial cell: 871.4;endothelial cell: 2638.0;fibroblast: 837.8;pericyte: 1684.9;vascular associated smooth muscle cell: 1048.4"	"Low cancer specificity"	"Detected in all"			"Low region specificity"	"Detected in all"			"Group enriched"	"Detected in some"	13	"memory B-cell: 15.0;naive B-cell: 9.5;plasmacytoid DC: 8.2"	"Group enriched"	"Detected in many"	13	"B-cells: 15.0;dendritic cells: 8.2"	"Low cancer specificity"	"Detected in many"			"Adrenal gland - Adrenal cortex cells, Liver - Hepatocytes, Minor Salivary Gland - Minor salivary gland basal cells, Spleen - B-cells (Spleen)"	"Low region specificity"	"Detected in all"			"Low region specificity"	"Detected in all"			"HPA044933, HPA053344"	Enhanced		Approved	"Cell Junctions"			NA	NA			"Cluster 23: B-cells - Immunoglobulins"	"Cluster 1: Liver & Kidney - Metabolism"	"Cluster 42: Choroid plexus - Mitochondria"	"Cluster 15: Kidney cancer - Membrane components"	"Cluster 73: B-cells - B-cell function"	21	"Cell Junctions"		"HPA044933: AB_2679148, HPA053344: AB_2682123"	"unprognostic (2.14e-1)"	"unprognostic (9.75e-2)"	"unprognostic (3.51e-2)"	"unprognostic (7.12e-2)"	"unprognostic (1.35e-1)"	"unprognostic (1.94e-1)"	"unprognostic (2.16e-2)"	"unprognostic (4.90e-2)"	"unprognostic (3.12e-1)"	"unprognostic (1.82e-1)"	"potential prognostic favorable (3.43e-8)"	"unprognostic (1.15e-3)"	"unprognostic (3.43e-2)"	"unprognostic (5.56e-3)"	"potential prognostic favorable (4.41e-4)"	"unprognostic (9.53e-3)"	"unprognostic (2.32e-2)"	"unprognostic (2.59e-1)"	"unprognostic (4.04e-1)"	"unprognostic (1.41e-1)"	"unprognostic (6.57e-2)"	"unprognostic (1.29e-2)"	"unprognostic (3.98e-2)"	"unprognostic (1.18e-1)"	"unprognostic (4.25e-2)"	"unprognostic (1.20e-1)"	"unprognostic (2.26e-1)"	"unprognostic (7.48e-2)"	"unprognostic (1.19e-1)"	"unprognostic (3.24e-1)"	"potential prognostic unfavorable (6.97e-6)"
COL19A1		ENSG00000082293	"Collagen type XIX alpha 1 chain"	Q14993	6	69866556-70212468	"Plasma proteins, Predicted intracellular proteins, Predicted secreted proteins"	"Cell adhesion, Differentiation, Myogenesis"	"Developmental protein"		"Evidence at protein level"	"Evidence at transcript level"	"Evidence at protein level"	"Evidence at protein level"	"Tissue enhanced"	"Detected in some"		"brain: 2.0;lymphoid tissue: 3.1;urinary bladder: 2.1"	"Cell type enhanced"	"Detected in some"		"B-cells: 29.3;Excitatory neurons: 64.2;Inhibitory neurons: 157.0;Oligodendrocyte precursor cells: 37.3;Skeletal myocytes: 209.8"	"Cell type enhanced"	"Detected in all"		"hippocampal dentate gyrus: 385.8"	"Cancer enhanced"	"Detected in single"		"Skin Cuteneous Melanoma (TCGA): 1.1"	"Low region specificity"	"Detected in many"			"Group enriched"	"Detected in some"	218	"memory B-cell: 14.6;naive B-cell: 32.0"	"Lineage enriched"	"Detected in single"	299	"B-cells: 32.0"	"Cancer enhanced"	"Detected in some"		"Sarcoma: 3.9;skin cancer: 10.4"	"Kidney - Proximal tubular cells, Kidney - Proximal tubular cells, Pituitary gland - Lactotropes"	"Low region specificity"	"Detected in some"			"Low region specificity"	"Detected in many"			HPA042422	Uncertain				"Secreted to extracellular matrix"	"Developmental protein"	NA	NA			"Cluster 34: B-cells - Unknown function"	"Cluster 70: Lymphoid tissue - Immune response"	"Cluster 35: Non-specific - DNA binding"	"Cluster 69: Skin cancer - ECM organization"	"Cluster 69: Neurons - Neuronal signaling"				"HPA042422: AB_10794798"								"unprognostic (2.76e-1)"											"unprognostic (1.91e-1)"								"unprognostic (7.83e-2)"				
CRACR2B	"EFCAB4A, MGC45840"	ENSG00000177685	"Calcium release activated channel regulator 2B"	Q8N4Y2	11	826144-831991	"Predicted intracellular proteins"				"Evidence at protein level"	"Evidence at transcript level"	"Evidence at protein level"	"Evidence at protein level"	"Tissue enhanced"	"Detected in all"		"pancreas: 202.7;salivary gland: 216.7"	"Cell type enhanced"	"Detected in many"		"Breast glandular cells: 184.4;Breast myoepithelial cells: 112.9;Club cells: 115.8;Gastric mucus-secreting cells: 168.0;Intestinal goblet cells: 134.7;Ionocytes: 102.7;Lymphatic endothelial cells: 96.9;Serous glandular cells: 118.9"	"Cell type enhanced"	"Detected in many"		"endothelial cell: 20.7;pericyte: 12.3"	"Low cancer specificity"	"Detected in many"			"Low region specificity"	"Detected in all"			"Group enriched"	"Detected in some"	6	"basophil: 3.4;eosinophil: 3.7;memory B-cell: 3.9;naive B-cell: 3.0;NK-cell: 1.7"	"Group enriched"	"Detected in many"	6	"B-cells: 3.9;granulocytes: 3.7;NK-cells: 1.7"	"Cancer enhanced"	"Detected in many"		"breast cancer: 42.9"	"Liver - Vascular Endothelial cells, Minor Salivary Gland - Minor salivary glandular cells, Skin - Eccrine sweat gland cells"	"Low region specificity"	"Detected in all"			"Low region specificity"	"Detected in all"			HPA046217	Approved						NA	NA			"Cluster 12: Non-specific - Mitochondrial translation"	"Cluster 15: Pancreas - Proteolysis"	"Cluster 48: Non-specific - Mixed function"	"Cluster 27: Breast cancer - Unknown function"	"Cluster 75: Serous glandular cells - Salivary secretion"	1			"HPA046217: AB_10960833"	"unprognostic (3.30e-3)"	"unprognostic (2.56e-1)"		"unprognostic (8.14e-2)"	"unprognostic (1.41e-2)"	"unprognostic (1.74e-1)"	"unprognostic (1.15e-2)"		"unprognostic (2.07e-3)"	"unprognostic (2.11e-1)"	"unprognostic (1.48e-2)"	"unprognostic (4.42e-3)"	"potential prognostic favorable (1.67e-9)"	"unprognostic (5.64e-2)"		"unprognostic (1.54e-1)"	"unprognostic (1.30e-1)"	"unprognostic (1.04e-3)"	"unprognostic (4.27e-2)"	"unprognostic (2.18e-2)"	"unprognostic (9.44e-2)"	"unprognostic (2.96e-2)"	"unprognostic (1.45e-1)"	"unprognostic (1.76e-2)"	"unprognostic (7.02e-2)"	"unprognostic (2.12e-3)"		"potential prognostic favorable (7.28e-4)"	"unprognostic (1.64e-1)"	"unprognostic (2.97e-1)"	"unprognostic (3.99e-2)"
CTSH	"ACC-4, ACC-5, ACC4, ACC5, CPSB"	ENSG00000103811	"Cathepsin H"	P09668	15	78921058-78949574	"Cancer-related genes, Enzymes, Human disease related genes, Metabolic proteins, Plasma proteins, Predicted intracellular proteins"		"Hydrolase, Protease, Thiol protease"	"Cancer-related genes"	"Evidence at protein level"	"Evidence at protein level"	"Evidence at protein level"	"Evidence at protein level"	"Tissue enhanced"	"Detected in all"		"lung: 338.6"	"Cell type enriched"	"Detected in all"	5	"Alveolar cells type 2: 1759.4"	"Cell type enhanced"	"Detected in all"		"astrocyte: 68.3;bergmann glia: 78.6;central nervous system macrophage: 99.3"	"Low cancer specificity"	"Detected in all"			"Low region specificity"	"Detected in all"			"Group enriched"	"Detected in many"	4	"classical monocyte: 209.6;intermediate monocyte: 138.1;memory B-cell: 83.8;myeloid DC: 184.0;naive B-cell: 56.3;non-classical monocyte: 95.3"	"Group enriched"	"Detected in all"	5	"B-cells: 83.8;dendritic cells: 184.0;monocytes: 209.6"	"Low cancer specificity"	"Detected in all"			"Breast - Fibroblasts, Kidney - Proximal tubular cells, Liver - Hepatocytes, Skin - Keratinocyte (granular)"	"Low region specificity"	"Detected in all"			"Low region specificity"	"Detected in all"			"CAB000458, HPA003524"	Enhanced		Supported	"Vesicles,Cytosol,Cytoplasmic bodies"	"Intracellular and membrane"	Enzyme	NA	NA		10000000	"Cluster 26: Monocytes - Plasma membrane proteins"	"Cluster 47: Spleen - Immune response"	"Cluster 39: Astrocytes - Mixed function"	"Cluster 53: Squamous epithelial cells - Keratinization"	"Cluster 72: Alveolar cells - Lung function"	23	"Vesicles, Cytosol, Cytoplasmic bodies"		"CAB000458: , HPA003524: AB_1846075"	"potential prognostic favorable (2.93e-4)"	"unprognostic (7.06e-2)"	"unprognostic (7.41e-2)"	"unprognostic (2.57e-3)"	"unprognostic (2.86e-1)"	"unprognostic (1.64e-2)"	"unprognostic (1.43e-2)"	"unprognostic (6.29e-2)"	"unprognostic (3.45e-1)"	"unprognostic (1.10e-2)"	"unprognostic (6.09e-3)"	"unprognostic (1.66e-1)"	"unprognostic (2.75e-2)"	"unprognostic (1.63e-2)"	"unprognostic (1.31e-1)"	"potential prognostic favorable (3.87e-4)"	"unprognostic (9.75e-2)"	"unprognostic (1.08e-1)"	"unprognostic (2.69e-2)"	"unprognostic (4.61e-2)"	"unprognostic (1.17e-1)"	"potential prognostic unfavorable (2.98e-4)"	"unprognostic (3.59e-1)"	"unprognostic (1.66e-1)"	"unprognostic (3.15e-2)"	"unprognostic (2.52e-2)"	"unprognostic (1.61e-1)"	"unprognostic (3.27e-1)"	"unprognostic (2.59e-2)"	"unprognostic (2.01e-2)"	"unprognostic (1.34e-1)"
CXCR5	"BLR1, CD185, MDR15"	ENSG00000160683	"C-X-C motif chemokine receptor 5"	P32302	11	118883892-118897787	"CD markers, G-protein coupled receptors, Predicted membrane proteins"	"B-cell activation"	"G-protein coupled receptor, Receptor, Transducer"		"Evidence at protein level"	"Evidence at protein level"	"Evidence at protein level"	"Evidence at protein level"	"Tissue enhanced"	"Detected in many"		"bone marrow: 9.3;intestine: 9.9;lymphoid tissue: 30.6"	"Cell type enriched"	"Detected in some"	14	"B-cells: 82.8"	"Cell type enriched"	"Detected in single"	8	"leukocyte: 2.9"	"Low cancer specificity"	"Detected in all"			"Not detected"	"Not detected"			"Group enriched"	"Detected in many"	7	"memory B-cell: 67.9;naive B-cell: 92.5"	"Lineage enriched"	"Detected in many"	8	"B-cells: 92.5"	"Cancer enriched"	"Detected in some"	12	"lymphoma: 36.0"	"Spleen - B-cells (Spleen)"	"Not detected"	"Not detected"			"Not detected"	"Not detected"			"CAB026149, HPA042432"	Enhanced						NA	NA			"Cluster 14: Non-specific - Unknown function"	"Cluster 70: Lymphoid tissue - Immune response"		"Cluster 55: Lymphoma - Immune response"	"Cluster 73: B-cells - B-cell function"	3			"CAB026149: , HPA042432: AB_2677995"	"unprognostic (4.25e-3)"	"unprognostic (6.82e-2)"	"unprognostic (3.64e-3)"	"unprognostic (1.88e-1)"	"potential prognostic unfavorable (2.17e-4)"	"unprognostic (1.42e-1)"	"unprognostic (8.82e-2)"		"unprognostic (8.64e-2)"	"unprognostic (5.76e-2)"	"potential prognostic unfavorable (1.18e-6)"	"unprognostic (6.21e-2)"	"unprognostic (3.35e-1)"	"unprognostic (8.06e-2)"		"unprognostic (4.18e-2)"	"unprognostic (1.25e-1)"	"unprognostic (8.59e-2)"	"unprognostic (1.52e-1)"	"unprognostic (1.96e-1)"	"potential prognostic favorable (2.38e-4)"	"unprognostic (1.05e-1)"	"unprognostic (2.61e-1)"	"unprognostic (3.85e-1)"	"unprognostic (8.44e-3)"	"unprognostic (8.06e-2)"	"unprognostic (9.91e-2)"	"unprognostic (7.79e-2)"	"unprognostic (1.54e-1)"	"unprognostic (4.31e-1)"	"unprognostic (4.38e-2)"
CXXC5	"HSPC195, RINF, WID"	ENSG00000171604	"CXXC finger protein 5"	Q7LFL8	5	139647299-139683882	"Predicted intracellular proteins"	Transcription	"DNA-binding, Repressor"		"Evidence at protein level"	"Evidence at protein level"	"Evidence at protein level"	"Evidence at protein level"	"Tissue enhanced"	"Detected in all"		"brain: 148.4"	"Cell type enhanced"	"Detected in all"		"Early spermatids: 694.6;Late spermatids: 313.9"	"Low cell type specificity"	"Detected in all"			"Low cancer specificity"	"Detected in all"			"Low region specificity"	"Detected in all"			"Group enriched"	"Detected in many"	7	"MAIT T-cell: 30.1;memory B-cell: 85.4;naive B-cell: 97.1;NK-cell: 72.1;plasmacytoid DC: 59.0"	"Low lineage specificity"	"Detected in all"			"Low cancer specificity"	"Detected in all"			"Pituitary gland - Lactotropes, Testis - Early spermatids, Testis - Late spermatids"	"Low region specificity"	"Detected in all"			"Low region specificity"	"Detected in all"			"HPA036508, HPA058148"	Approved		Supported	Nucleoplasm,Cytosol			NA	NA			"Cluster 14: Non-specific - Unknown function"	"Cluster 65: Cerebellum - Nervous system development"	"Cluster 26: Oligodendrocytes - Mixed function"	"Cluster 15: Kidney cancer - Membrane components"	"Cluster 21: Early spermatids - Spermatogenesis"		Nucleoplasm	Cytosol	"HPA036508: AB_10673620, HPA058148: AB_2683621"	"unprognostic (3.91e-3)"	"unprognostic (9.01e-2)"	"unprognostic (7.79e-3)"	"unprognostic (1.60e-1)"	"unprognostic (7.80e-3)"	"unprognostic (1.79e-1)"	"unprognostic (1.10e-1)"	"unprognostic (2.26e-1)"	"unprognostic (1.87e-1)"	"unprognostic (1.39e-1)"	"potential prognostic favorable (1.71e-4)"	"unprognostic (3.40e-1)"	"unprognostic (2.87e-2)"	"unprognostic (7.18e-3)"	"unprognostic (2.22e-1)"	"unprognostic (8.93e-3)"	"unprognostic (4.51e-2)"	"unprognostic (1.80e-2)"	"potential prognostic unfavorable (1.08e-5)"	"unprognostic (1.23e-1)"	"unprognostic (1.63e-2)"	"unprognostic (8.27e-2)"	"unprognostic (5.77e-2)"	"unprognostic (4.50e-2)"	"unprognostic (6.94e-2)"	"unprognostic (1.33e-1)"	"unprognostic (1.90e-1)"	"unprognostic (2.35e-1)"	"unprognostic (1.50e-1)"	"unprognostic (2.06e-1)"	"unprognostic (2.16e-1)"
CYB561A3	CYBASC3	ENSG00000162144	"Cytochrome b561 family member A3"	Q8NBI2	11	61348754-61362283	"Enzymes, Predicted intracellular proteins, Predicted membrane proteins"	"Electron transport, Transport"	"Oxidoreductase, Translocase"		"Evidence at protein level"	"Evidence at transcript level"	"Evidence at protein level"	"Evidence at protein level"	"Tissue enhanced"	"Detected in all"		"adrenal gland: 243.6"	"Group enriched"	"Detected in many"	4	"dendritic cells: 285.0;Melanocytes: 536.0"	"Cell type enhanced"	"Detected in all"		"ependymal cell: 44.6"	"Low cancer specificity"	"Detected in all"			"Low region specificity"	"Detected in all"			"Group enriched"	"Detected in all"	8	"memory B-cell: 315.4;naive B-cell: 387.5;plasmacytoid DC: 843.5"	"Group enriched"	"Detected in all"	9	"B-cells: 387.5;dendritic cells: 843.5"	"Low cancer specificity"	"Detected in all"			"Adrenal gland - Adrenal cortex cells, Spleen - B-cells (Spleen)"	"Low region specificity"	"Detected in all"			"Low region specificity"	"Detected in all"			"HPA045674, HPA052548"	Approved		Approved	Nucleoli,Vesicles			NA	NA			"Cluster 12: Non-specific - Mitochondrial translation"	"Cluster 47: Spleen - Immune response"	"Cluster 20: Macrophages & Microglia - Immune response"	"Cluster 55: Lymphoma - Immune response"	"Cluster 28: Dendritic cells - Antigen presentation"	21	Vesicles	Nucleoli	"HPA045674: , HPA052548: AB_2681866"	"unprognostic (4.25e-1)"	"unprognostic (1.58e-2)"		"unprognostic (1.50e-3)"	"unprognostic (7.74e-2)"	"unprognostic (1.75e-2)"	"unprognostic (6.35e-2)"	"unprognostic (3.67e-1)"	"unprognostic (6.16e-3)"	"unprognostic (7.63e-2)"	"potential prognostic favorable (7.67e-6)"	"unprognostic (1.52e-1)"	"unprognostic (1.46e-1)"	"unprognostic (9.46e-3)"		"unprognostic (1.90e-2)"	"unprognostic (1.22e-1)"	"unprognostic (2.25e-1)"	"unprognostic (7.40e-2)"	"unprognostic (2.14e-1)"	"unprognostic (2.03e-1)"	"unprognostic (2.80e-2)"	"unprognostic (6.14e-2)"	"unprognostic (3.58e-1)"	"unprognostic (3.03e-1)"	"unprognostic (1.66e-1)"	"unprognostic (2.10e-1)"	"unprognostic (1.59e-1)"	"unprognostic (1.35e-1)"	"unprognostic (1.21e-2)"	"unprognostic (1.15e-1)"
CYB5R2		ENSG00000166394	"Cytochrome b5 reductase 2"	Q6BCY4	11	7665100-7677222	"Enzymes, Metabolic proteins, Predicted intracellular proteins, Predicted membrane proteins"	"Lipid biosynthesis, Lipid metabolism, Steroid biosynthesis, Steroid metabolism, Sterol biosynthesis, Sterol metabolism"	Oxidoreductase		"Evidence at protein level"	"Evidence at protein level"	"Evidence at protein level"	"Evidence at protein level"	"Tissue enhanced"	"Detected in all"		"retina: 135.0;testis: 129.9"	"Group enriched"	"Detected in many"	4	"Early spermatids: 276.6;Late spermatids: 609.4"	"Cell type enhanced"	"Detected in some"		"committed oligodendrocyte precursor: 10.8;oligodendrocyte: 17.1"	"Low cancer specificity"	"Detected in all"			"Low region specificity"	"Detected in all"			"Group enriched"	"Detected in some"	7	"eosinophil: 6.1;memory B-cell: 10.6;naive B-cell: 2.8"	"Group enriched"	"Detected in many"	9	"B-cells: 10.6;granulocytes: 6.1"	"Low cancer specificity"	"Detected in many"			"Minor Salivary Gland - Minor salivary glandular cells, Spleen - Fibroblast_1, Testis - Early spermatids, Testis - Late spermatids"	"Low region specificity"	"Detected in single"							"HPA038962, HPA061707"	Enhanced		Supported	"Nucleoplasm,Golgi apparatus"			NA	NA			"Cluster 22: Eosinophils - Transcription"	"Cluster 39: Retina & Testis - Cilium"	"Cluster 11: White matter - Signal transduction"	"Cluster 55: Lymphoma - Immune response"	"Cluster 36: Late spermatids - Unknown function"	6	"Golgi apparatus"	Nucleoplasm	"HPA038962: AB_10675954, HPA061707: AB_2732668"	"unprognostic (5.50e-2)"	"unprognostic (1.00e-1)"	"unprognostic (2.50e-3)"	"unprognostic (3.38e-1)"	"potential prognostic unfavorable (9.53e-5)"	"unprognostic (6.75e-2)"	"unprognostic (3.65e-3)"	"potential prognostic unfavorable (1.06e-4)"	"unprognostic (1.09e-1)"	"unprognostic (1.86e-1)"	"unprognostic (3.45e-2)"	"unprognostic (1.35e-2)"	"unprognostic (1.16e-1)"	"unprognostic (7.38e-3)"	"unprognostic (3.10e-2)"	"unprognostic (9.88e-2)"	"unprognostic (7.19e-2)"	"unprognostic (1.72e-2)"	"unprognostic (6.09e-2)"	"unprognostic (1.08e-2)"	"unprognostic (2.44e-1)"	"unprognostic (1.02e-2)"	"unprognostic (5.07e-3)"	"unprognostic (9.05e-2)"	"unprognostic (4.78e-1)"	"unprognostic (1.40e-1)"	"unprognostic (6.57e-2)"	"unprognostic (2.81e-2)"	"unprognostic (2.66e-1)"	"unprognostic (1.32e-1)"	"unprognostic (1.69e-1)"
DEGS2	"C14orf66, DES2, FADS8"	ENSG00000168350	"Delta 4-desaturase, sphingolipid 2"	Q6QHC5	14	100143957-100159645	"Enzymes, Metabolic proteins, Predicted intracellular proteins, Predicted membrane proteins"	"Lipid biosynthesis, Lipid metabolism"	Oxidoreductase		"Evidence at protein level"	"Evidence at transcript level"	"Evidence at protein level"	"Evidence at protein level"	"Tissue enhanced"	"Detected in many"		"esophagus: 36.0;intestine: 33.8;skin 1: 52.4"	"Cell type enhanced"	"Detected in many"		"Oocytes: 95.6;Proximal enterocytes: 315.6;Squamous epithelial cells: 104.6;Suprabasal keratinocytes: 137.1"	"Cell type enhanced"	"Detected in many"		"endothelial cell: 78.0"	"Cancer enhanced"	"Detected in all"		"Breast Invasive Carcinoma (TCGA): 70.9"	"Low region specificity"	"Detected in all"			"Group enriched"	"Detected in many"	4	"basophil: 3.5;eosinophil: 6.7;memory B-cell: 10.9;naive B-cell: 6.9"	"Group enriched"	"Detected in many"	5	"B-cells: 10.9;granulocytes: 6.7"	"Cancer enhanced"	"Detected in many"		"breast cancer: 20.5;colorectal cancer: 11.3;Gastric cancer: 11.7"	"Breast - Breast glandular cells, Lung - Respiratory ciliated cells, Pituitary gland - Corticotropes, Prostate - Urothelial cells, Spleen - B-cells (Spleen)"	"Low region specificity"	"Detected in all"			"Low region specificity"	"Detected in all"			HPA046644			Approved	Nucleoplasm,Nucleoli			NA	NA			"Cluster 22: Eosinophils - Transcription"	"Cluster 45: Intestine - Digestion"	"Cluster 15: Non-specific - Transcription"	"Cluster 27: Breast cancer - Unknown function"	"Cluster 22: Proximal enterocytes - Digestion"		"Nucleoplasm, Nucleoli"		"HPA046644: AB_2797231"	"unprognostic (5.30e-2)"	"unprognostic (8.91e-2)"	"unprognostic (5.22e-2)"	"unprognostic (3.28e-3)"	"unprognostic (8.48e-2)"	"unprognostic (3.11e-2)"	"unprognostic (2.10e-1)"		"unprognostic (1.25e-1)"	"unprognostic (8.17e-2)"	"validated prognostic favorable (3.22e-6)"	"validated prognostic favorable (8.06e-4)"	"unprognostic (1.03e-1)"	"unprognostic (1.99e-1)"	"unprognostic (1.89e-2)"	"unprognostic (2.82e-2)"	"unprognostic (2.57e-3)"	"unprognostic (1.21e-1)"	"unprognostic (3.46e-1)"	"unprognostic (7.78e-2)"	"unprognostic (1.73e-2)"	"unprognostic (2.48e-1)"	"unprognostic (3.16e-3)"	"unprognostic (8.82e-2)"	"unprognostic (2.52e-1)"	"unprognostic (1.80e-3)"	"unprognostic (7.27e-2)"	"potential prognostic favorable (9.92e-4)"	"unprognostic (1.87e-1)"	"unprognostic (5.12e-2)"	"unprognostic (3.64e-1)"
DIPK1B	"C9orf136, FAM69B, MGC20262"	ENSG00000165716	"Divergent protein kinase domain 1B"	Q5VUD6	9	136712572-136724742	"Predicted intracellular proteins, Predicted membrane proteins"				"Evidence at protein level"	"Evidence at transcript level"	"Evidence at protein level"	"Evidence at protein level"	"Low tissue specificity"	"Detected in all"			"Cell type enhanced"	"Detected in many"		"Adipocytes: 54.0;Endothelial cells: 37.1;Glandular and luminal cells: 26.6;Horizontal cells: 37.8"	"Low cell type specificity"	"Detected in all"			"Low cancer specificity"	"Detected in all"			"Low region specificity"	"Detected in all"			"Group enriched"	"Detected in some"	7	"memory B-cell: 1.0;naive B-cell: 2.8;plasmacytoid DC: 1.0"	"Group enriched"	"Detected in many"	9	"B-cells: 2.8;dendritic cells: 1.0"	"Low cancer specificity"	"Detected in all"				"Low region specificity"	"Detected in all"			"Low region specificity"	"Detected in all"			HPA054443			Approved	"Nucleoplasm,Nuclear bodies,Vesicles"			No	No			"Cluster 34: B-cells - Unknown function"	"Cluster 65: Cerebellum - Nervous system development"	"Cluster 52: Neurons & Synapses - Synaptic function"	"Cluster 35: RS4;11 - Unknown function"	"Cluster 41: Adipocytes & Endothelial cells - Mixed function"	1	"Nuclear bodies"	"Nucleoplasm, Vesicles"	"HPA054443: AB_2682489"	"unprognostic (2.98e-2)"	"unprognostic (7.54e-2)"		"unprognostic (1.22e-2)"	"unprognostic (3.66e-3)"	"unprognostic (2.60e-1)"	"unprognostic (1.60e-1)"	"unprognostic (1.02e-2)"	"unprognostic (3.40e-2)"	"unprognostic (3.03e-1)"	"unprognostic (2.37e-2)"	"unprognostic (1.06e-2)"	"unprognostic (3.74e-1)"	"unprognostic (2.50e-1)"		"unprognostic (1.08e-1)"	"unprognostic (2.73e-1)"	"unprognostic (2.90e-1)"	"unprognostic (2.40e-3)"	"unprognostic (5.93e-2)"	"unprognostic (1.23e-1)"	"potential prognostic favorable (5.13e-5)"	"unprognostic (8.84e-2)"	"unprognostic (1.88e-1)"	"unprognostic (1.49e-1)"	"unprognostic (1.06e-1)"	"unprognostic (3.90e-1)"	"unprognostic (4.84e-2)"	"unprognostic (2.95e-2)"	"unprognostic (1.75e-1)"	"unprognostic (7.76e-2)"
DOK7	"C4orf25, Dok-7, FLJ33718, FLJ39137"	ENSG00000175920	"Docking protein 7"	Q18PE1	4	3463306-3501473	"Disease related genes, Human disease related genes, Plasma proteins, Predicted intracellular proteins, Predicted membrane proteins"			"Congenital myasthenic syndrome, Disease variant"	"Evidence at protein level"	"Evidence at protein level"	"Evidence at protein level"	"Evidence at protein level"	"Tissue enhanced"	"Detected in many"		"heart muscle: 40.5;skeletal muscle: 28.5"	"Cell type enhanced"	"Detected in many"		"B-cells: 7.6;Basal prostatic cells: 6.4;Cardiomyocytes: 11.7;Late spermatids: 9.0;Oocytes: 10.3;Secretory cells: 10.0;Skeletal myocytes: 8.8"	"Cell type enhanced"	"Detected in many"		"choroid plexus epithelial cell: 37.5"	"Cancer enhanced"	"Detected in many"		"Ovary Serous Cystadenocarcinoma (TCGA): 23.1"	"Low region specificity"	"Detected in all"			"Group enriched"	"Detected in some"	16	"memory B-cell: 3.4;naive B-cell: 2.3;NK-cell: 1.9"	"Group enriched"	"Detected in many"	16	"B-cells: 3.4;NK-cells: 1.9"	"Low cancer specificity"	"Detected in many"			"Spleen - B-cells (Spleen)"	"Low region specificity"	"Detected in all"							"HPA059449, HPA062780"	Approved		Enhanced	Nucleoplasm,Mitochondria			NA	NA			"Cluster 14: Non-specific - Unknown function"	"Cluster 12: Heart muscle - Cardiac muscle contraction"	"Cluster 10: Cerebellum - Nucleic acid binding"	"Cluster 15: Kidney cancer - Membrane components"	"Cluster 73: B-cells - B-cell function"	3	Nucleoplasm	Mitochondria	"HPA059449: AB_2684023, HPA062780: AB_2732688"	"unprognostic (5.25e-2)"	"unprognostic (1.04e-3)"	"unprognostic (5.70e-2)"	"unprognostic (1.82e-1)"	"unprognostic (9.91e-2)"	"unprognostic (1.36e-2)"			"unprognostic (3.09e-2)"	"unprognostic (1.82e-2)"			"unprognostic (2.63e-3)"	"unprognostic (2.05e-2)"	"unprognostic (7.00e-3)"	"unprognostic (1.08e-1)"		"unprognostic (3.48e-3)"		"unprognostic (1.37e-1)"	"unprognostic (1.60e-1)"	"unprognostic (1.92e-1)"	"unprognostic (8.72e-2)"	"unprognostic (4.68e-3)"	"unprognostic (1.23e-1)"	"unprognostic (6.08e-2)"		"unprognostic (4.37e-3)"		"unprognostic (6.21e-2)"	"potential prognostic favorable (5.11e-4)"
DYNC2I2	"bA216B9.3, CFAP133, DIC5, FAP133, MGC20486, WDR34"	ENSG00000119333	"Dynein 2 intermediate chain 2"	Q96EX3	9	128633653-128656847	"Disease related genes, Human disease related genes, Predicted intracellular proteins"			"Ciliopathy, Disease variant"	"Evidence at protein level"	"Evidence at protein level"	"Evidence at protein level"	"Evidence at protein level"	"Low tissue specificity"	"Detected in all"			"Cell type enhanced"	"Detected in many"		"Late spermatids: 217.8;Proximal enterocytes: 157.3"	"Cell type enhanced"	"Detected in many"		"choroid plexus epithelial cell: 37.9;ependymal cell: 40.8"	"Low cancer specificity"	"Detected in all"			"Low region specificity"	"Detected in all"			"Group enriched"	"Detected in many"	4	"memory B-cell: 35.9;naive B-cell: 53.2"	"Lineage enriched"	"Detected in all"	5	"B-cells: 53.2"	"Low cancer specificity"	"Detected in all"			"Stomach - Mitotic cells (Stomach), Testis - Early spermatids, Testis - Late spermatids"	"Low region specificity"	"Detected in all"			"Low region specificity"	"Detected in all"			"HPA040764, HPA041091"	Approved		Supported	"Nucleoplasm,Nucleoli,Nuclear bodies,Primary cilium,Centrosome,Basal body,Cytosol"			NA	Yes			"Cluster 17: B-cells - Immunoglobulins"	"Cluster 78: Testis - Transcription"	"Cluster 3: Choroid plexus - Cilium"	"Cluster 43: Non-specific - Basic cellular processes"	"Cluster 42: Ciliated cells - Cilium assembly"	35	"Nucleoplasm, Centrosome, Basal body"	"Nucleoli, Nuclear bodies, Primary cilium, Cytosol"	"HPA040764: AB_10795625, HPA041091: AB_10796237"	"unprognostic (1.59e-1)"	"unprognostic (4.79e-3)"		"unprognostic (6.90e-3)"	"unprognostic (2.40e-1)"	"unprognostic (9.47e-2)"	"unprognostic (2.66e-1)"	"unprognostic (2.09e-1)"	"unprognostic (2.12e-3)"	"unprognostic (1.07e-1)"	"potential prognostic favorable (8.09e-5)"	"unprognostic (4.07e-2)"	"potential prognostic favorable (8.31e-5)"	"potential prognostic unfavorable (4.97e-4)"		"unprognostic (2.60e-3)"	"unprognostic (4.11e-2)"	"unprognostic (4.29e-2)"	"unprognostic (4.87e-2)"	"unprognostic (1.01e-1)"	"potential prognostic favorable (5.23e-4)"	"unprognostic (1.70e-1)"	"unprognostic (1.49e-1)"	"unprognostic (8.67e-2)"	"unprognostic (1.31e-1)"	"unprognostic (1.46e-2)"	"unprognostic (3.47e-1)"	"unprognostic (4.57e-2)"	"unprognostic (4.31e-1)"	"unprognostic (3.89e-2)"	"unprognostic (2.30e-3)"
E2F5		ENSG00000133740	"E2F transcription factor 5"	Q15329	8	85177154-85217158	"Cancer-related genes, Predicted intracellular proteins, Predicted membrane proteins, Transcription factors"	"Cilium biogenesis/degradation, Transcription, Transcription regulation"	"Activator, DNA-binding"	"Cancer-related genes"	"Evidence at protein level"	"Evidence at protein level"	"Evidence at protein level"	"Evidence at protein level"	"Tissue enhanced"	"Detected in many"		"lymphoid tissue: 28.7"	"Cell type enhanced"	"Detected in many"		"B-cells: 18.6;Plasma cells: 29.4"	"Low cell type specificity"	"Detected in all"			"Low cancer specificity"	"Detected in all"			"Low region specificity"	"Detected in all"			"Group enriched"	"Detected in some"	7	"memory B-cell: 13.5;naive B-cell: 8.9"	"Lineage enriched"	"Detected in many"	9	"B-cells: 13.5"	"Cancer enhanced"	"Detected in all"		"lymphoma: 68.0"		"Low region specificity"	"Detected in all"			"Low region specificity"	"Detected in all"			"HPA055723, HPA065441"			Supported	Nucleoplasm,Nucleoli,Vesicles			NA	NA			"Cluster 17: B-cells - Immunoglobulins"	"Cluster 71: Thymus - Adaptive immune response"	"Cluster 39: Astrocytes - Mixed function"	"Cluster 46: Lymphoma - Humoral immune response"	"Cluster 73: B-cells - B-cell function"	4	Nucleoplasm	"Nucleoli, Vesicles"	"HPA055723: AB_2682897, HPA065441: "	"unprognostic (2.31e-2)"	"unprognostic (4.77e-2)"	"unprognostic (1.95e-1)"	"unprognostic (1.57e-1)"	"unprognostic (1.05e-1)"	"unprognostic (2.54e-2)"	"unprognostic (1.89e-2)"	"unprognostic (2.87e-2)"	"unprognostic (2.87e-1)"	"unprognostic (5.39e-2)"	"potential prognostic favorable (2.09e-6)"	"unprognostic (1.88e-1)"	"unprognostic (2.44e-2)"	"validated prognostic unfavorable (1.43e-5)"	"validated prognostic unfavorable (6.47e-4)"	"unprognostic (1.40e-1)"	"unprognostic (6.28e-2)"	"unprognostic (1.38e-1)"	"unprognostic (2.37e-1)"	"unprognostic (1.06e-1)"	"unprognostic (3.55e-2)"	"unprognostic (1.59e-1)"	"unprognostic (2.39e-1)"	"unprognostic (6.53e-2)"	"unprognostic (4.52e-2)"	"unprognostic (2.21e-1)"	"unprognostic (2.92e-2)"	"unprognostic (6.75e-2)"	"unprognostic (5.35e-2)"	"unprognostic (3.55e-1)"	"unprognostic (1.14e-1)"
EBF1	"COE1, EBF, OLF1"	ENSG00000164330	"EBF transcription factor 1"	Q9UH73	5	158695916-159099916	"Cancer-related genes, Predicted intracellular proteins, Transcription factors"	"Transcription, Transcription regulation"	"Activator, Developmental protein, DNA-binding"	"Cancer-related genes"	"Evidence at protein level"	"Evidence at protein level"	"Evidence at protein level"	"Evidence at protein level"	"Tissue enhanced"	"Detected in many"		"adipose tissue: 36.4"	"Cell type enhanced"	"Detected in many"		"Adipocytes: 87.7;B-cells: 82.1;Fibroblasts: 122.3;Leydig cells: 294.3;Microglial cells: 244.2;Peritubular cells: 122.7;Smooth muscle cells: 126.8"	"Group enriched"	"Detected in many"	4	"endothelial cell: 1015.5;fibroblast: 935.5;pericyte: 3043.0;vascular associated smooth muscle cell: 2855.4"	"Low cancer specificity"	"Detected in many"			"Low region specificity"	"Detected in all"			"Group enriched"	"Detected in some"	22	"memory B-cell: 12.1;naive B-cell: 10.2"	"Lineage enriched"	"Detected in single"	24	"B-cells: 12.1"	"Cancer enhanced"	"Detected in many"		"Leukemia: 15.8;lymphoma: 18.1"	"Adrenal gland - Fibroblasts, Pituitary gland - Fibroblasts, Spleen - B-cells (Spleen)"	"Low region specificity"	"Detected in all"			"Low region specificity"	"Detected in all"			HPA061169			Approved	Nucleoplasm,Vesicles			NA	NA			"Cluster 23: B-cells - Immunoglobulins"	"Cluster 7: Adipose tissue - Mixed function"	"Cluster 25: Non-specific - Transcription"	"Cluster 6: Leukemia - Signal transduction"	"Cluster 53: Fibroblasts - ECM organization"	6	Nucleoplasm	Vesicles	"HPA061169: AB_2684441"	"unprognostic (4.31e-3)"	"unprognostic (2.03e-1)"	"unprognostic (7.43e-2)"			"unprognostic (1.08e-2)"	"unprognostic (1.76e-1)"	"unprognostic (4.08e-2)"	"unprognostic (8.42e-2)"	"unprognostic (1.22e-3)"	"unprognostic (1.80e-3)"	"potential prognostic favorable (7.21e-4)"	"potential prognostic unfavorable (6.87e-5)"		"unprognostic (1.94e-1)"	"unprognostic (3.21e-1)"	"unprognostic (1.35e-1)"	"unprognostic (8.44e-2)"	"unprognostic (3.65e-2)"	"unprognostic (5.93e-2)"		"unprognostic (4.79e-2)"	"unprognostic (2.51e-1)"	"unprognostic (1.28e-1)"		"unprognostic (6.18e-2)"	"unprognostic (2.38e-1)"	"unprognostic (1.98e-2)"	"unprognostic (1.01e-1)"	"unprognostic (1.33e-2)"	"unprognostic (6.30e-2)"
EHD3	PAST3	ENSG00000013016	"EH domain containing 3"	Q9NZN3	2	31234152-31269451	"Plasma proteins, Predicted intracellular proteins"	"Cilium biogenesis/degradation, Protein transport, Transport"			"Evidence at protein level"	"Evidence at protein level"	"Evidence at protein level"	"Evidence at protein level"	"Tissue enhanced"	"Detected in all"		"brain: 43.9;esophagus: 42.7"	"Cell type enhanced"	"Detected in many"		"Endothelial cells: 33.1;Kupffer cells: 28.9;Oligodendrocyte precursor cells: 21.2;Syncytiotrophoblasts: 46.7"	"Low cell type specificity"	"Detected in all"			"Low cancer specificity"	"Detected in all"			"Low region specificity"	"Detected in all"			"Group enriched"	"Detected in many"	5	"memory B-cell: 20.9;naive B-cell: 5.6"	"Lineage enriched"	"Detected in many"	7	"B-cells: 20.9"	"Low cancer specificity"	"Detected in many"			"Kidney - Podocytes, Liver - Sinusoid Endothelial cells"	"Low region specificity"	"Detected in all"			"Low region specificity"	"Detected in all"			"HPA049890, HPA049986, HPA066751"	Approved		Supported	"Plasma membrane,Primary cilium,Primary cilium transition zone"			NA	NA		12000000	"Cluster 23: B-cells - Immunoglobulins"	"Cluster 61: Brain - Neuronal signaling"	"Cluster 51: Neurons - Mixed function"	"Cluster 20: Myeloma - Immune response"	"Cluster 41: Adipocytes & Endothelial cells - Mixed function"	13	"Plasma membrane"	"Primary cilium, Primary cilium transition zone"	"HPA049890: AB_2680936, HPA049986: AB_2680983, HPA066751: AB_2685713"	"unprognostic (1.77e-1)"	"unprognostic (7.39e-2)"	"unprognostic (2.23e-1)"	"unprognostic (7.85e-2)"	"unprognostic (2.18e-1)"	"unprognostic (5.98e-2)"	"unprognostic (1.83e-1)"	"unprognostic (6.04e-3)"	"unprognostic (1.58e-1)"	"unprognostic (2.82e-2)"	"validated prognostic favorable (5.01e-6)"	"validated prognostic favorable (5.45e-4)"	"unprognostic (2.35e-1)"	"unprognostic (9.24e-2)"	"unprognostic (2.37e-2)"	"unprognostic (8.92e-2)"	"unprognostic (1.57e-3)"	"unprognostic (5.09e-2)"	"unprognostic (1.74e-1)"	"unprognostic (7.71e-3)"	"unprognostic (3.85e-2)"	"unprognostic (4.76e-2)"	"unprognostic (3.02e-1)"	"unprognostic (2.87e-1)"	"unprognostic (4.43e-1)"	"unprognostic (7.41e-2)"	"unprognostic (2.51e-1)"	"unprognostic (2.24e-3)"	"unprognostic (1.63e-1)"	"unprognostic (5.07e-3)"	"unprognostic (2.26e-2)"
ENSG00000275063		ENSG00000275063		P0DP08	Unmapped	41444-41876	"Predicted secreted proteins"	"Adaptive immunity, Immunity"			"Evidence at protein level"	"Evidence at transcript level"	"No human protein/transcript evidence"	"Evidence at protein level"	"Tissue enhanced"	"Detected in many"		"intestine: 600.5;lymphoid tissue: 742.7;urinary bladder: 419.4"	"Cell type enriched"	"Detected in some"	186	"Plasma cells: 2639.7"	"Not detected"	"Not detected"							"Region enhanced"	"Detected in some"		"cerebral cortex: 2.2"	"Group enriched"	"Detected in some"	368	"memory B-cell: 404.4;naive B-cell: 260.3"	"Lineage enriched"	"Detected in single"	447	"B-cells: 404.4"	"Cancer enriched"	"Detected in some"	4	"lymphoma: 47.9"															"Secreted to blood"	Immunity	NA	NA			"Cluster 17: B-cells - Immunoglobulins"		"Cluster 8: Immune cells - Immune response"	"Cluster 13: Non-specific - Mixed function"	"Cluster 23: Plasma cells - Humoral immune response"																																			
ENSG00000277856		ENSG00000277856			Unmapped	26241-26534	"Predicted intracellular proteins"				"Evidence at transcript level"	"Evidence at transcript level"			"Tissue enhanced"	"Detected in many"		"intestine: 96.5;lymphoid tissue: 217.2;stomach 1: 90.6"	"Cell type enriched"	"Detected in some"	128	"Plasma cells: 373.0"	"Not detected"	"Not detected"							"Low region specificity"	"Detected in single"			"Group enriched"	"Detected in some"	311	"memory B-cell: 27.5;naive B-cell: 34.5"	"Lineage enriched"	"Detected in single"	345	"B-cells: 34.5"	"Group enriched"	"Detected in some"	11	"Leukemia: 6.1;lymphoma: 12.9"																	NA	NA			"Cluster 17: B-cells - Immunoglobulins"		"Cluster 22: Non-specific - Mixed function"	"Cluster 55: Lymphoma - Immune response"	"Cluster 23: Plasma cells - Humoral immune response"																																			
ENSG00000278263		ENSG00000278263	"Novel protein, identical to IGHV4-4"		15	21742364-21742799	"Immunoglobulin genes, Predicted intracellular proteins"				"Evidence at transcript level"	"Evidence at transcript level"			"Tissue enhanced"	"Detected in many"		"intestine: 50.2;lymphoid tissue: 56.0;urinary bladder: 94.2"	"Not detected"	"Not detected"			"Not detected"	"Not detected"			"Low cancer specificity"	"Detected in many"			"Not detected"	"Not detected"			"Group enriched"	"Detected in some"	30	"memory B-cell: 24.1;naive B-cell: 7.8"	"Lineage enriched"	"Detected in single"	45	"B-cells: 24.1"	"Not detected"	"Not detected"			"Adipose visceral - Plasma cells, Breast - Plasma cells, Lung - Plasma cells, Minor Salivary Gland - Plasma cells, Prostate - Plasma cells, Spleen - Plasma cells, Stomach - Plasma cells, Thyroid gland - Plasma cells"																NA	NA			"Cluster 17: B-cells - Immunoglobulins"			"Cluster 46: Lymphoma - Humoral immune response"	"Cluster 23: Plasma cells - Humoral immune response"					"unprognostic (2.55e-1)"	"unprognostic (1.12e-1)"		"unprognostic (2.31e-1)"	"unprognostic (1.02e-1)"	"unprognostic (1.60e-1)"			"potential prognostic favorable (3.94e-4)"		"unprognostic (1.76e-2)"	"unprognostic (2.10e-1)"	"unprognostic (9.69e-2)"			"unprognostic (4.27e-2)"	"unprognostic (1.72e-1)"	"unprognostic (3.37e-2)"	"unprognostic (2.31e-1)"	"unprognostic (7.20e-2)"		"unprognostic (6.35e-2)"		"unprognostic (1.80e-1)"	"unprognostic (2.39e-2)"	"unprognostic (2.28e-1)"	"unprognostic (3.62e-1)"	"unprognostic (5.37e-2)"	"unprognostic (2.27e-1)"	"unprognostic (1.79e-1)"	"unprognostic (1.15e-1)"
ENSG00000284691		ENSG00000284691	"Novel zinc finger protein"		7	150400702-150412470	"Predicted intracellular proteins"				"Evidence at transcript level"	"Evidence at transcript level"			"Low tissue specificity"	"Detected in many"			"Cell type enhanced"	"Detected in many"		"B-cells: 22.3;dendritic cells: 25.7"	"Low cell type specificity"	"Detected in all"			"Low cancer specificity"	"Detected in many"			"Low region specificity"	"Detected in all"			"Group enriched"	"Detected in many"	5	"gdT-cell: 3.9;MAIT T-cell: 3.0;memory B-cell: 5.2;memory CD4 T-cell: 5.4;memory CD8 T-cell: 3.5;naive B-cell: 6.1;naive CD4 T-cell: 6.0;naive CD8 T-cell: 4.1;plasmacytoid DC: 8.0;T-reg: 3.9"	"Group enriched"	"Detected in many"	6	"B-cells: 6.1;dendritic cells: 8.0;T-cells: 6.0"	"Cancer enhanced"	"Detected in many"		"Myeloma: 16.4"		"Low region specificity"	"Detected in all"														NA	NA			"Cluster 12: Non-specific - Mitochondrial translation"		"Cluster 52: Neurons & Synapses - Synaptic function"	"Cluster 46: Lymphoma - Humoral immune response"	"Cluster 73: B-cells - B-cell function"					"unprognostic (9.92e-2)"	"unprognostic (3.39e-2)"		"unprognostic (6.58e-3)"	"unprognostic (8.54e-2)"	"unprognostic (1.64e-1)"	"unprognostic (5.01e-2)"			"unprognostic (1.02e-1)"	"unprognostic (7.14e-3)"	"unprognostic (2.30e-1)"	"unprognostic (3.28e-2)"	"unprognostic (2.36e-1)"		"unprognostic (2.00e-2)"		"unprognostic (3.30e-2)"	"unprognostic (1.47e-1)"	"unprognostic (4.29e-2)"		"potential prognostic favorable (5.15e-5)"		"unprognostic (8.20e-2)"	"unprognostic (8.40e-2)"	"unprognostic (1.98e-2)"	"unprognostic (3.87e-1)"	"unprognostic (1.35e-2)"	"unprognostic (1.82e-1)"	"unprognostic (1.53e-2)"	"unprognostic (1.38e-1)"
ENSG00000285947		ENSG00000285947	"Novel protein"		17	63917203-63931385	"Predicted membrane proteins"				"Evidence at transcript level"	"Evidence at transcript level"			"Not detected"	"Not detected"			"Not detected"	"Not detected"							"Not detected"	"Not detected"			"Not detected"	"Not detected"			"Group enriched"	"Detected in some"	4	"memory B-cell: 14.1;naive B-cell: 18.4"	"Lineage enriched"	"Detected in many"	5	"B-cells: 18.4"	"Not detected"	"Not detected"												"HPA009178, HPA043715"	Uncertain		Approved	"Nucleoplasm,Plasma membrane,Cytosol"			NA	NA			"Cluster 23: B-cells - Immunoglobulins"			"Cluster 46: Lymphoma - Humoral immune response"			"Plasma membrane"	"Nucleoplasm, Cytosol"	"HPA009178: AB_1078483, HPA043715: AB_2678632"																															
EPHA4	"Hek8, TYRO1"	ENSG00000116106	"EPH receptor A4"	P54764	2	221418027-221574202	"Cancer-related genes, Enzymes, Plasma proteins, Predicted intracellular proteins, Predicted membrane proteins"	"Cell adhesion, Neurogenesis"	"Developmental protein, Kinase, Receptor, Transferase, Tyrosine-protein kinase"	"Cancer-related genes"	"Evidence at protein level"	"Evidence at protein level"	"Evidence at protein level"	"Evidence at protein level"	"Tissue enhanced"	"Detected in many"		"brain: 24.3"	"Cell type enriched"	"Detected in many"	4	"Excitatory neurons: 307.6"	"Cell type enhanced"	"Detected in all"		"hippocampal CA4: 1112.5"	"Cancer enhanced"	"Detected in many"		"Thyroid Carcinoma (TCGA): 20.4"	"Low region specificity"	"Detected in all"			"Group enriched"	"Detected in many"	9	"basophil: 1.6;gdT-cell: 1.7;MAIT T-cell: 1.7;memory B-cell: 1.3;memory CD4 T-cell: 2.5;memory CD8 T-cell: 1.7;naive B-cell: 1.2;naive CD4 T-cell: 1.0;NK-cell: 3.5;T-reg: 1.2"	"Low lineage specificity"	"Detected in many"			"Low cancer specificity"	"Detected in many"			"Testis - Sertoli cells"	"Low region specificity"	"Detected in all"			"Low region specificity"	"Detected in all"			CAB028368	Enhanced						NA	NA		14000000	"Cluster 24: Non-specific - Transcription"	"Cluster 74: Spermatids - Flagellum assembly"	"Cluster 23: Choroid plexus - Mixed function"	"Cluster 2: Mucus-secreting cells - Unknown function"	"Cluster 34: Neurons - Neuronal signaling"	30			"CAB028368: AB_2099353"	"unprognostic (3.95e-2)"	"unprognostic (8.84e-2)"	"unprognostic (2.18e-1)"	"unprognostic (1.14e-3)"	"unprognostic (9.93e-2)"	"unprognostic (1.92e-1)"	"unprognostic (7.89e-2)"	"unprognostic (1.09e-2)"	"unprognostic (2.98e-2)"	"unprognostic (5.62e-2)"	"potential prognostic favorable (7.56e-9)"	"unprognostic (1.89e-3)"	"unprognostic (1.28e-1)"		"unprognostic (1.30e-2)"	"unprognostic (1.02e-1)"	"unprognostic (8.94e-3)"	"unprognostic (4.93e-2)"	"unprognostic (5.97e-2)"	"unprognostic (1.01e-3)"	"unprognostic (8.83e-2)"	"unprognostic (6.35e-2)"	"unprognostic (2.22e-1)"	"unprognostic (3.10e-3)"	"unprognostic (1.02e-1)"	"unprognostic (9.04e-2)"	"unprognostic (2.22e-1)"	"unprognostic (2.85e-2)"	"unprognostic (1.76e-1)"	"unprognostic (4.13e-1)"	"unprognostic (5.47e-2)"
FAM177B	"FLJ43505, RP11-452F19.2"	ENSG00000197520	"Family with sequence similarity 177 member B"	A6PVY3	1	222737202-222751004	"Predicted intracellular proteins"				"Evidence at protein level"	"Evidence at transcript level"	"Evidence at transcript level"	"Evidence at protein level"	"Tissue enhanced"	"Detected in some"		"intestine: 11.8;stomach 1: 43.9"	"Cell type enhanced"	"Detected in some"		"B-cells: 28.2;Gastric mucus-secreting cells: 46.6;Intestinal goblet cells: 99.8;Late spermatids: 14.7;Microglial cells: 31.3"	"Cell type enriched"	"Detected in some"	138	"central nervous system macrophage: 225.9"	"Cancer enhanced"	"Detected in many"		"Pancreatic Adenocarcinoma (TCGA): 8.2"	"Low region specificity"	"Detected in all"			"Group enriched"	"Detected in some"	19	"memory B-cell: 40.0;naive B-cell: 50.3"	"Lineage enriched"	"Detected in many"	21	"B-cells: 50.3"	"Cancer enhanced"	"Detected in some"		"lymphoma: 2.0;prostate cancer: 1.2"	"Adrenal gland - Macrophages, Minor Salivary Gland - Minor salivary glandular cells, Stomach - Gastric mucous cells"					"Low region specificity"	"Detected in many"			HPA063059	Uncertain		Approved	"Mid piece"			NA	NA			"Cluster 14: Non-specific - Unknown function"	"Cluster 48: Stomach - Proteolysis"	"Cluster 20: Macrophages & Microglia - Immune response"	"Cluster 2: Mucus-secreting cells - Unknown function"	"Cluster 16: Intestinal goblet cells - Mucin production"		"Mid piece"		"HPA063059: AB_2684933"		"unprognostic (1.32e-1)"	"unprognostic (8.02e-2)"		"unprognostic (1.27e-2)"	"unprognostic (5.60e-2)"	"unprognostic (1.00e-1)"	"unprognostic (4.96e-2)"								"unprognostic (3.02e-2)"	"unprognostic (2.29e-1)"					"unprognostic (2.57e-1)"	"unprognostic (3.82e-2)"		"unprognostic (6.57e-2)"	"potential prognostic unfavorable (3.70e-5)"		"unprognostic (1.60e-1)"			
FAM3C	"GS3876, ILEI"	ENSG00000196937	"FAM3 metabolism regulating signaling molecule C"	Q92520	7	121348878-121396364	"Plasma proteins, Predicted intracellular proteins, Predicted secreted proteins"		"Developmental protein"	Oncogene	"Evidence at protein level"	"Evidence at protein level"	"Evidence at protein level"	"Evidence at protein level"	"Low tissue specificity"	"Detected in all"			"Cell type enhanced"	"Detected in all"		"Proximal enterocytes: 303.3"	"Low cell type specificity"	"Detected in all"			"Low cancer specificity"	"Detected in all"			"Low region specificity"	"Detected in all"			"Group enriched"	"Detected in many"	7	"memory B-cell: 22.6;naive B-cell: 20.1"	"Lineage enriched"	"Detected in many"	7	"B-cells: 22.6"	"Low cancer specificity"	"Detected in all"			"Adipose subcutaneous - Adipose progenitor cells, Thyroid gland - Thyroid glandular cells"	"Low region specificity"	"Detected in all"			"Low region specificity"	"Detected in all"			"HPA043376, HPA050548"	Enhanced		Enhanced	"Golgi apparatus"	"Secreted in other tissues"	"Developmental protein"	NA	NA		32000000	"Cluster 12: Non-specific - Mitochondrial translation"	"Cluster 55: Kidney & Intestine - Metabolism"	"Cluster 14: Neurons - Synaptic function"	"Cluster 53: Squamous epithelial cells - Keratinization"	"Cluster 45: Non-specific - Mixed function"	55	"Golgi apparatus"		"HPA043376: AB_2678452, HPA050548: AB_2681169"	"unprognostic (1.93e-2)"	"unprognostic (2.18e-2)"	"unprognostic (2.03e-1)"	"unprognostic (2.05e-2)"	"unprognostic (9.97e-2)"	"unprognostic (7.68e-2)"	"unprognostic (5.60e-3)"	"unprognostic (1.88e-3)"	"unprognostic (3.22e-3)"	"unprognostic (6.16e-3)"	"potential prognostic favorable (2.06e-5)"	"unprognostic (1.88e-2)"	"potential prognostic unfavorable (4.91e-4)"	"unprognostic (4.56e-3)"	"unprognostic (8.14e-2)"	"unprognostic (1.36e-2)"	"potential prognostic unfavorable (5.66e-5)"	"unprognostic (4.18e-2)"	"unprognostic (2.27e-1)"	"unprognostic (8.03e-3)"	"unprognostic (6.75e-3)"	"unprognostic (7.32e-3)"	"unprognostic (5.36e-3)"	"unprognostic (1.76e-1)"	"unprognostic (1.70e-1)"	"unprognostic (1.09e-1)"	"unprognostic (1.48e-1)"	"unprognostic (1.14e-2)"	"unprognostic (1.07e-1)"	"unprognostic (2.67e-1)"	"unprognostic (3.24e-2)"
FBXO10	FBX10	ENSG00000147912	"F-box protein 10"	Q9UK96	9	37510892-37576380	"Disease related genes, Predicted intracellular proteins"	"Apoptosis, Ubl conjugation pathway"			"Evidence at protein level"	"Evidence at transcript level"	"Evidence at protein level"	"Evidence at protein level"	"Tissue enhanced"	"Detected in many"		"skeletal muscle: 28.7"	"Cell type enhanced"	"Detected in many"		"Early spermatids: 20.3;Excitatory neurons: 27.7;Inhibitory neurons: 27.0;Late spermatids: 50.6;Oligodendrocyte precursor cells: 15.6"	"Low cell type specificity"	"Detected in many"			"Low cancer specificity"	"Detected in all"			"Low region specificity"	"Detected in all"			"Group enriched"	"Detected in some"	4	"memory B-cell: 2.1;naive B-cell: 1.3"	"Lineage enriched"	"Detected in single"	5	"B-cells: 2.1"	"Low cancer specificity"	"Detected in all"			"Adrenal gland - Adrenal cortex cells, Testis - Early spermatids"	"Low region specificity"	"Detected in all"			"Low region specificity"	"Detected in all"			"HPA002863, HPA072721"	Uncertain		Approved	Nucleoplasm,Cytosol			NA	NA			"Cluster 23: B-cells - Immunoglobulins"	"Cluster 79: Non-specific - Transcription"	"Cluster 38: Sub-cortical - Mixed function"	"Cluster 33: Sarcoma - Muscle contraction"	"Cluster 8: Neurons - Neuronal signaling"	3	"Nucleoplasm, Cytosol"		"HPA002863: AB_10965996, HPA072721: "	"unprognostic (1.07e-2)"	"unprognostic (4.95e-2)"	"unprognostic (1.86e-1)"	"unprognostic (1.11e-1)"	"unprognostic (1.56e-1)"	"unprognostic (1.52e-2)"	"unprognostic (2.18e-1)"	"unprognostic (2.66e-3)"	"unprognostic (5.74e-2)"	"unprognostic (8.23e-2)"	"potential prognostic favorable (4.81e-4)"	"unprognostic (8.44e-2)"	"unprognostic (2.13e-3)"	"potential prognostic unfavorable (1.34e-4)"	"unprognostic (1.37e-1)"	"unprognostic (2.16e-1)"	"unprognostic (1.69e-1)"	"unprognostic (3.02e-1)"	"unprognostic (1.03e-1)"	"unprognostic (3.10e-2)"	"unprognostic (3.75e-1)"	"unprognostic (3.58e-3)"	"unprognostic (8.62e-3)"	"unprognostic (2.84e-1)"	"unprognostic (2.43e-1)"	"unprognostic (7.21e-2)"	"unprognostic (3.73e-2)"	"unprognostic (9.65e-2)"	"unprognostic (8.98e-2)"	"unprognostic (1.54e-1)"	"unprognostic (2.17e-1)"
FGD2	ZFYVE4	ENSG00000146192	"FYVE, RhoGEF and PH domain containing 2"	Q7Z6J4	6	37005646-37029069	"Predicted intracellular proteins"		"Guanine-nucleotide releasing factor"		"Evidence at protein level"	"Evidence at transcript level"	"Evidence at protein level"	"Evidence at protein level"	"Tissue enhanced"	"Detected in many"		"lymphoid tissue: 38.7"	"Cell type enhanced"	"Detected in many"		"B-cells: 65.5;dendritic cells: 57.5;Kupffer cells: 98.7;Langerhans cells: 52.5;Macrophages: 52.9;Microglial cells: 41.2;monocytes: 117.5;Schwann cells: 37.3"	"Cell type enriched"	"Detected in some"	6	"central nervous system macrophage: 327.4"	"Low cancer specificity"	"Detected in many"			"Low region specificity"	"Detected in all"			"Group enriched"	"Detected in many"	16	"classical monocyte: 22.7;intermediate monocyte: 65.6;memory B-cell: 24.0;myeloid DC: 35.5;naive B-cell: 19.1;non-classical monocyte: 72.0;plasmacytoid DC: 27.9"	"Group enriched"	"Detected in many"	18	"B-cells: 24.0;dendritic cells: 35.5;monocytes: 72.0"	"Group enriched"	"Detected in some"	7	"Leukemia: 3.4;lymphoma: 10.2;Myeloma: 3.2"	"Adipose subcutaneous - Macrophages, Adipose visceral - Macrophages, Adrenal gland - Macrophages, Breast - Macrophages, Colon - Macrophages, Heart muscle - Macrophages, Kidney - Macrophages, Liver - Kupffer cells, Minor Salivary Gland - Macrophages, Pancreas - Macrophages, Pituitary gland - Macrophages, Prostate - Macrophages, Skeletal muscle - Macrophages, Stomach - Macrophages"	"Low region specificity"	"Detected in many"			"Low region specificity"	"Detected in all"			"HPA029145, HPA049692"	Approved						NA	NA			"Cluster 23: B-cells - Immunoglobulins"	"Cluster 70: Lymphoid tissue - Immune response"	"Cluster 20: Macrophages & Microglia - Immune response"	"Cluster 55: Lymphoma - Immune response"	"Cluster 73: B-cells - B-cell function"	5			"HPA029145: AB_10601321, HPA049692: AB_2680852"	"unprognostic (2.32e-1)"	"unprognostic (8.16e-2)"	"unprognostic (3.07e-3)"	"unprognostic (4.78e-2)"	"unprognostic (5.72e-2)"	"unprognostic (1.26e-1)"	"unprognostic (8.72e-2)"	"unprognostic (1.25e-1)"	"unprognostic (1.10e-3)"		"unprognostic (1.08e-2)"	"unprognostic (3.03e-1)"	"unprognostic (1.72e-2)"	"unprognostic (9.46e-2)"	"unprognostic (3.11e-2)"	"unprognostic (4.90e-3)"	"unprognostic (1.22e-1)"	"unprognostic (9.88e-2)"	"unprognostic (4.73e-2)"	"unprognostic (4.41e-2)"	"unprognostic (5.68e-3)"	"unprognostic (5.48e-2)"	"unprognostic (5.17e-2)"	"unprognostic (3.82e-1)"	"unprognostic (3.57e-2)"	"unprognostic (5.15e-2)"	"unprognostic (1.24e-2)"	"unprognostic (2.74e-1)"	"unprognostic (7.89e-3)"	"unprognostic (1.59e-1)"	
GRAMD1C	DKFZp434C0328	ENSG00000178075	"GRAM domain containing 1C"	Q8IYS0	3	113828182-113947174	"Predicted intracellular proteins, Predicted membrane proteins, Transporters"	"Lipid transport, Transport"			"Evidence at protein level"	"Evidence at protein level"	"Evidence at protein level"	"Evidence at protein level"	"Low tissue specificity"	"Detected in many"			"Cell type enhanced"	"Detected in many"		"Astrocytes: 172.5;Early spermatids: 113.3;Glandular and luminal cells: 56.9;Late spermatids: 78.7;Oligodendrocyte precursor cells: 77.4"	"Cell type enhanced"	"Detected in all"		"astrocyte: 343.5"	"Low cancer specificity"	"Detected in many"			"Low region specificity"	"Detected in all"			"Group enriched"	"Detected in some"	13	"memory B-cell: 2.7;naive B-cell: 3.0;neutrophil: 2.1"	"Group enriched"	"Detected in many"	13	"B-cells: 3.0;granulocytes: 2.1"	"Low cancer specificity"	"Detected in many"			"Adipose visceral - Mesothelial cells, Liver - Hepatocytes, Testis - Early spermatids"	"Low region specificity"	"Detected in many"			"Low region specificity"	"Detected in all"			HPA012316	Approved		Uncertain	"Plasma membrane,Cytosol"			NA	NA			"Cluster 20: Non-specific - DNA binding"	"Cluster 39: Retina & Testis - Cilium"	"Cluster 40: Astrocytes - Astrocyte-neuron interactions"	"Cluster 15: Kidney cancer - Membrane components"	"Cluster 37: Glandular & Luminal cells - Unknown function"	7	"Plasma membrane, Cytosol"		"HPA012316: AB_1849949"	"unprognostic (3.45e-1)"	"unprognostic (3.11e-2)"	"unprognostic (7.89e-2)"	"unprognostic (3.84e-2)"	"unprognostic (1.76e-1)"	"unprognostic (5.21e-2)"	"unprognostic (7.78e-2)"	"unprognostic (1.37e-1)"	"unprognostic (2.09e-2)"	"unprognostic (1.40e-1)"	"potential prognostic favorable (1.07e-10)"	"unprognostic (3.15e-3)"	"potential prognostic favorable (1.46e-4)"	"unprognostic (3.67e-3)"	"unprognostic (7.24e-3)"	"unprognostic (4.70e-1)"	"unprognostic (1.13e-1)"	"unprognostic (3.11e-1)"	"unprognostic (1.56e-1)"	"unprognostic (1.02e-1)"	"unprognostic (1.74e-1)"	"unprognostic (7.88e-3)"	"unprognostic (1.16e-2)"	"unprognostic (2.00e-1)"	"unprognostic (3.47e-1)"	"unprognostic (2.38e-1)"		"unprognostic (3.91e-2)"	"unprognostic (1.31e-1)"	"unprognostic (1.87e-1)"	"unprognostic (1.47e-1)"
GRK3	"ADRBK2, BARK2"	ENSG00000100077	"G protein-coupled receptor kinase 3"	P35626	22	25564675-25729294	"Enzymes, Metabolic proteins, Predicted intracellular proteins"		"Kinase, Serine/threonine-protein kinase, Transferase"		"Evidence at protein level"	"Evidence at protein level"	"Evidence at protein level"	"Evidence at protein level"	"Tissue enhanced"	"Detected in many"		"adipose tissue: 20.3"	"Cell type enhanced"	"Detected in many"		"Astrocytes: 98.2;Excitatory neurons: 163.8;Inhibitory neurons: 249.7;monocytes: 186.0"	"Low cell type specificity"	"Detected in all"			"Low cancer specificity"	"Detected in all"			"Low region specificity"	"Detected in all"			"Group enriched"	"Detected in many"	9	"classical monocyte: 2.3;eosinophil: 2.4;intermediate monocyte: 3.8;memory B-cell: 2.4;myeloid DC: 1.7;naive B-cell: 2.8;non-classical monocyte: 4.3;plasmacytoid DC: 1.8"	"Low lineage specificity"	"Detected in many"			"Cancer enhanced"	"Detected in all"		"Neuroblastoma: 38.9"	"Adipose subcutaneous - Adipocytes (Subcutaneous), Adipose visceral - Adipocytes (Visceral), Breast - Adipocytes (Breast), Colon - Colon enteroendocrine cells, Prostate - Prostate glandular cells, Testis - Early spermatids"	"Low region specificity"	"Detected in all"			"Low region specificity"	"Detected in all"			HPA000804	Uncertain		Approved	"Nucleoplasm,Plasma membrane"			NA	NA			"Cluster 23: B-cells - Immunoglobulins"	"Cluster 70: Lymphoid tissue - Immune response"	"Cluster 51: Neurons - Mixed function"	"Cluster 59: Leukemia - T-cell receptor"	"Cluster 65: Neurons - Synaptic function"	4	Nucleoplasm	"Plasma membrane"	"HPA000804: AB_1078281"	"unprognostic (1.51e-1)"	"unprognostic (1.70e-1)"		"unprognostic (2.08e-1)"	"unprognostic (1.17e-2)"	"unprognostic (1.13e-1)"	"unprognostic (9.93e-2)"	"unprognostic (1.12e-3)"	"unprognostic (2.83e-1)"	"unprognostic (9.06e-3)"	"unprognostic (1.06e-1)"	"unprognostic (1.36e-1)"	"unprognostic (1.33e-2)"	"unprognostic (9.72e-2)"		"unprognostic (2.98e-2)"	"unprognostic (3.83e-1)"	"unprognostic (2.01e-1)"	"unprognostic (2.33e-2)"	"unprognostic (1.84e-1)"	"unprognostic (5.81e-2)"	"unprognostic (4.26e-3)"	"unprognostic (7.32e-3)"	"unprognostic (8.77e-2)"	"unprognostic (3.22e-2)"	"unprognostic (8.09e-3)"	"unprognostic (8.21e-2)"	"unprognostic (1.94e-2)"	"unprognostic (7.82e-3)"	"unprognostic (2.00e-2)"	"unprognostic (3.72e-2)"
GSDME	"DFNA5, ICERE-1"	ENSG00000105928	"Gasdermin E"	O60443	7	24698355-24757940	"Disease related genes, Human disease related genes, Potential drug targets, Predicted intracellular proteins, Transporters"	Necrosis		"Deafness, Non-syndromic deafness, Tumor suppressor"	"Evidence at protein level"	"Evidence at protein level"	"Evidence at protein level"	"Evidence at protein level"	"Low tissue specificity"	"Detected in many"			"Cell type enhanced"	"Detected in many"		"Cytotrophoblasts: 164.7;Oocytes: 90.4;Sertoli cells: 51.7;Syncytiotrophoblasts: 94.4"	"Cell type enhanced"	"Detected in all"		"bergmann glia: 97.6"	"Cancer enhanced"	"Detected in all"		"Glioblastoma Multiforme (TCGA): 55.1"	"Low region specificity"	"Detected in all"			"Group enriched"	"Detected in some"	4	"memory B-cell: 9.1;myeloid DC: 5.8;naive B-cell: 8.4"	"Low lineage specificity"	"Detected in many"			"Low cancer specificity"	"Detected in all"			"Adipose visceral - Mesothelial cells, Breast - Fibroblasts, Prostate - Smooth muscle cells, Testis - Sertoli cells, Thyroid gland - Thyroid glandular cells"	"Low region specificity"	"Detected in all"			"Low region specificity"	"Detected in all"			"HPA011326, CAB019306"	Approved		Supported	Cytosol			NA	NA			"Cluster 2: Dendritic cells - Unknown function"	"Cluster 64: Neuronal - Transcription"	"Cluster 40: Astrocytes - Astrocyte-neuron interactions"	"Cluster 53: Squamous epithelial cells - Keratinization"	"Cluster 24: Cytotrophoblasts - Mitochondria"	9	Cytosol		"CAB019306: , HPA011326: AB_1847629"	"unprognostic (1.08e-1)"	"unprognostic (3.79e-1)"		"unprognostic (3.96e-2)"	"unprognostic (1.68e-2)"	"unprognostic (3.52e-2)"	"unprognostic (2.11e-2)"	"potential prognostic unfavorable (8.69e-4)"	"unprognostic (1.13e-2)"	"unprognostic (1.20e-1)"	"unprognostic (1.74e-3)"	"unprognostic (5.45e-3)"	"unprognostic (3.55e-2)"	"potential prognostic unfavorable (2.84e-5)"		"unprognostic (1.75e-1)"	"unprognostic (2.68e-3)"	"unprognostic (1.08e-1)"	"unprognostic (9.06e-3)"	"unprognostic (2.58e-2)"	"unprognostic (6.27e-2)"	"unprognostic (2.90e-1)"	"unprognostic (6.56e-3)"	"unprognostic (3.13e-1)"	"unprognostic (1.03e-1)"	"unprognostic (1.55e-2)"	"unprognostic (2.47e-1)"	"potential prognostic unfavorable (4.45e-5)"	"unprognostic (8.39e-3)"	"unprognostic (6.55e-2)"	"unprognostic (1.07e-3)"
HHEX	"HEX, HOX11L-PEN, PRHX"	ENSG00000152804	"Hematopoietically expressed homeobox"	Q03014	10	92689955-92695647	"Human disease related genes, Predicted intracellular proteins, Transcription factors"	"Differentiation, Transcription, Transcription regulation, Wnt signaling pathway"	"Developmental protein, DNA-binding, Repressor"		"Evidence at protein level"	"Evidence at transcript level"	"Evidence at protein level"	"Evidence at protein level"	"Tissue enhanced"	"Detected in many"		"bone marrow: 83.7;liver: 89.0;thyroid gland: 99.0"	"Cell type enhanced"	"Detected in many"		"B-cells: 77.8;Cholangiocytes: 145.0;dendritic cells: 57.8;Ductal cells: 108.7;Endothelial cells: 67.4;Hepatocytes: 55.7;Hofbauer cells: 71.4;Oocytes: 82.3"	"Group enriched"	"Detected in some"	6	"central nervous system macrophage: 34.4;endothelial cell: 34.8"	"Group enriched"	"Detected in all"	5	"Liver Hepatocellular Carcinoma (TCGA): 38.9;Thyroid Carcinoma (TCGA): 130.5"	"Low region specificity"	"Detected in all"			"Group enriched"	"Detected in many"	43	"basophil: 28.0;classical monocyte: 41.5;eosinophil: 61.9;intermediate monocyte: 45.7;memory B-cell: 59.5;myeloid DC: 30.9;naive B-cell: 66.0;neutrophil: 31.6;non-classical monocyte: 50.9;plasmacytoid DC: 36.4"	"Low lineage specificity"	"Detected in many"			"Cancer enhanced"	"Detected in many"		"Leukemia: 68.9"	"Colon - Endothelial cells, Heart muscle - Endothelial cells, Kidney - Endothelial cells, Prostate - Endothelial cells, Skeletal muscle - Endothelial cells, Thyroid gland - Thyroid glandular cells"					"Low region specificity"	"Detected in many"			"HPA003257, HPA051894"	Approved		Approved	"Nucleoplasm,Nuclear bodies"			NA	NA			"Cluster 29: Non-specific - Unknown function"	"Cluster 40: Non-specific - Transcription"	"Cluster 47: Endothelial cells - Vasculature"	"Cluster 14: Myeloid leukemia - Innate immune response"	"Cluster 73: B-cells - B-cell function"	27	Nucleoplasm	"Nuclear bodies"	"HPA003257: , HPA051894: AB_2681653"	"unprognostic (6.41e-3)"	"unprognostic (5.35e-3)"	"unprognostic (4.95e-3)"	"unprognostic (1.16e-3)"	"unprognostic (2.95e-1)"	"unprognostic (8.27e-2)"	"unprognostic (2.96e-1)"	"unprognostic (8.14e-2)"	"unprognostic (6.66e-3)"	"unprognostic (4.94e-2)"	"unprognostic (8.46e-3)"	"unprognostic (1.88e-2)"	"unprognostic (2.26e-2)"	"potential prognostic unfavorable (1.75e-4)"	"unprognostic (4.38e-2)"	"unprognostic (8.85e-3)"	"unprognostic (1.61e-1)"	"unprognostic (7.35e-2)"	"unprognostic (6.39e-2)"	"unprognostic (2.50e-1)"	"unprognostic (4.33e-2)"	"unprognostic (2.83e-3)"	"unprognostic (2.25e-1)"	"unprognostic (3.05e-1)"	"unprognostic (3.27e-2)"	"unprognostic (2.23e-1)"	"unprognostic (1.24e-1)"	"unprognostic (7.47e-2)"	"unprognostic (9.94e-2)"	"unprognostic (1.51e-1)"	"unprognostic (2.15e-2)"
HLA-DMA	"D6S222E, RING6"	ENSG00000204257	"Major histocompatibility complex, class II, DM alpha"	P28067	6	32948613-32969094	"Human disease related genes, Predicted intracellular proteins, Predicted membrane proteins"	"Adaptive immunity, Immunity"			"Evidence at protein level"	"Evidence at protein level"	"Evidence at protein level"	"Evidence at protein level"	"Tissue enhanced"	"Detected in many"		"lymphoid tissue: 117.5"	"Cell type enhanced"	"Detected in many"		"B-cells: 408.7;dendritic cells: 484.6;Hofbauer cells: 446.2;Langerhans cells: 1619.3;Macrophages: 560.5;Schwann cells: 445.2"	"Cell type enriched"	"Detected in all"	4	"central nervous system macrophage: 158.3"	"Low cancer specificity"	"Detected in all"			"Low region specificity"	"Detected in some"			"Group enriched"	"Detected in many"	5	"classical monocyte: 3.8;intermediate monocyte: 3.8;memory B-cell: 6.4;myeloid DC: 7.2;naive B-cell: 6.4;plasmacytoid DC: 5.3"	"Group enriched"	"Detected in many"	12	"B-cells: 6.4;dendritic cells: 7.2;monocytes: 3.8"	"Cancer enhanced"	"Detected in many"		"Bile duct cancer: 11.7;lymphoma: 15.5"	"Adipose visceral - T-cells, Thyroid gland - T-cells"	"Low region specificity"	"Detected in all"			"Low region specificity"	"Detected in all"			"HPA012750, HPA017295"	Enhanced		Supported	Vesicles			NA	NA			"Cluster 2: Dendritic cells - Unknown function"	"Cluster 47: Spleen - Immune response"	"Cluster 20: Macrophages & Microglia - Immune response"	"Cluster 46: Lymphoma - Humoral immune response"	"Cluster 28: Dendritic cells - Antigen presentation"	4	Vesicles		"HPA012750: AB_1853926, HPA017295: AB_2669575"	"unprognostic (2.31e-1)"	"unprognostic (9.70e-3)"		"unprognostic (1.56e-1)"	"unprognostic (1.77e-1)"	"unprognostic (3.49e-1)"	"unprognostic (1.70e-1)"	"unprognostic (1.95e-1)"	"potential prognostic favorable (3.27e-4)"	"unprognostic (4.28e-3)"	"unprognostic (3.38e-3)"	"unprognostic (2.14e-1)"	"unprognostic (7.50e-2)"	"unprognostic (1.07e-3)"		"unprognostic (4.46e-3)"	"unprognostic (3.74e-2)"	"unprognostic (3.01e-2)"	"unprognostic (1.03e-1)"	"unprognostic (2.27e-2)"	"unprognostic (6.20e-2)"	"unprognostic (1.88e-1)"	"unprognostic (3.78e-1)"	"unprognostic (1.13e-1)"	"unprognostic (2.90e-1)"	"unprognostic (1.09e-1)"	"unprognostic (2.02e-1)"	"unprognostic (2.11e-1)"	"unprognostic (1.84e-1)"	"unprognostic (5.71e-2)"	"unprognostic (3.78e-2)"
HLA-DPA1	HLA-DP1A	ENSG00000231389	"Major histocompatibility complex, class II, DP alpha 1"	P20036	6	33064569-33080775	"Human disease related genes, Predicted intracellular proteins, Predicted membrane proteins"	"Adaptive immunity, Immunity"			"Evidence at protein level"	"Evidence at protein level"	"Evidence at protein level"	"Evidence at protein level"	"Tissue enhanced"	"Detected in all"		"lung: 531.2;lymphoid tissue: 593.6"	"Cell type enhanced"	"Detected in many"		"B-cells: 2146.0;dendritic cells: 1539.0;Langerhans cells: 8980.3;Macrophages: 2779.5;monocytes: 2073.0;Schwann cells: 6090.4"	"Cell type enriched"	"Detected in many"	4	"central nervous system macrophage: 359.8"	"Low cancer specificity"	"Detected in all"			"Low region specificity"	"Detected in all"			"Group enriched"	"Detected in all"	7	"classical monocyte: 473.9;intermediate monocyte: 1069.2;memory B-cell: 818.4;myeloid DC: 1726.4;naive B-cell: 800.1;non-classical monocyte: 725.0;plasmacytoid DC: 542.7"	"Group enriched"	"Detected in all"	9	"B-cells: 818.4;dendritic cells: 1726.4;monocytes: 1069.2"	"Cancer enhanced"	"Detected in many"		"lymphoma: 299.8;Myeloma: 115.4;skin cancer: 120.3"	"Adipose visceral - T-cells, Testis - Macrophages, Thyroid gland - T-cells"									HPA017967	Enhanced		Supported	Vesicles			NA	NA		270000	"Cluster 2: Dendritic cells - Unknown function"	"Cluster 70: Lymphoid tissue - Immune response"	"Cluster 22: Non-specific - Mixed function"	"Cluster 21: Lymphoma - Adaptive immune response"	"Cluster 28: Dendritic cells - Antigen presentation"	14	Vesicles		"HPA017967: AB_1853929"	"unprognostic (2.05e-1)"	"unprognostic (1.31e-1)"		"unprognostic (5.19e-2)"	"unprognostic (5.34e-2)"	"unprognostic (1.91e-1)"	"unprognostic (5.13e-2)"	"unprognostic (1.16e-1)"	"unprognostic (1.59e-1)"	"unprognostic (2.59e-1)"	"unprognostic (1.34e-3)"	"unprognostic (1.19e-2)"	"unprognostic (4.82e-2)"	"unprognostic (1.87e-1)"		"unprognostic (1.51e-2)"	"unprognostic (5.21e-2)"	"unprognostic (1.38e-2)"	"unprognostic (3.15e-1)"	"unprognostic (1.91e-1)"	"unprognostic (1.52e-1)"	"unprognostic (1.72e-2)"	"unprognostic (4.27e-1)"	"unprognostic (3.48e-1)"	"unprognostic (1.23e-1)"	"unprognostic (4.13e-2)"	"unprognostic (1.69e-1)"	"unprognostic (6.70e-2)"	"unprognostic (1.03e-2)"	"unprognostic (1.64e-2)"	"unprognostic (3.09e-2)"
HLA-DQB1	"CELIAC1, HLA-DQB, IDDM1"	ENSG00000179344	"Major histocompatibility complex, class II, DQ beta 1"		6	32659467-32668383	"Human disease related genes, Predicted intracellular proteins, Predicted membrane proteins"				"Evidence at protein level"	"Evidence at protein level"			"Tissue enhanced"	"Detected in many"		"lung: 177.8;lymphoid tissue: 302.4"	"Cell type enhanced"	"Detected in many"		"B-cells: 1196.0;dendritic cells: 876.0;Langerhans cells: 4977.2;Macrophages: 1143.6;Schwann cells: 2128.2"	"Group enriched"	"Detected in many"	8	"central nervous system macrophage: 120.7;leukocyte: 37.8"	"Low cancer specificity"	"Detected in all"			"Low region specificity"	"Detected in all"			"Group enriched"	"Detected in many"	4	"classical monocyte: 149.8;intermediate monocyte: 141.0;memory B-cell: 161.5;myeloid DC: 392.1;naive B-cell: 171.4;plasmacytoid DC: 114.8"	"Group enriched"	"Detected in all"	6	"B-cells: 171.4;dendritic cells: 392.1;monocytes: 149.8"	"Cancer enhanced"	"Detected in many"		"lymphoma: 101.7;skin cancer: 45.4"	"Thyroid gland - T-cells"					"Low region specificity"	"Detected in all"			HPA013667	Enhanced		Supported	"Golgi apparatus,Rods & Rings"			NA	NA			"Cluster 2: Dendritic cells - Unknown function"	"Cluster 70: Lymphoid tissue - Immune response"	"Cluster 22: Non-specific - Mixed function"	"Cluster 21: Lymphoma - Adaptive immune response"	"Cluster 28: Dendritic cells - Antigen presentation"	1	"Rods & Rings"	"Golgi apparatus"	"HPA013667: AB_1853932"	"unprognostic (2.46e-2)"	"unprognostic (1.84e-3)"		"unprognostic (1.41e-1)"	"unprognostic (1.20e-1)"	"unprognostic (7.33e-2)"	"unprognostic (2.18e-1)"	"unprognostic (5.69e-3)"	"unprognostic (2.53e-1)"	"unprognostic (3.50e-1)"	"unprognostic (1.30e-1)"	"unprognostic (3.32e-2)"	"unprognostic (2.73e-1)"	"unprognostic (2.24e-2)"		"potential prognostic favorable (8.78e-4)"	"unprognostic (1.35e-1)"	"unprognostic (2.52e-1)"	"unprognostic (3.67e-3)"	"unprognostic (2.39e-2)"	"unprognostic (9.83e-2)"	"unprognostic (2.46e-2)"	"unprognostic (3.01e-2)"	"unprognostic (2.38e-1)"	"unprognostic (1.22e-1)"	"unprognostic (9.36e-2)"	"unprognostic (4.26e-2)"	"unprognostic (3.20e-1)"	"unprognostic (1.12e-1)"	"unprognostic (1.53e-1)"	"unprognostic (4.67e-3)"
HLA-DRA	HLA-DRA1	ENSG00000204287	"Major histocompatibility complex, class II, DR alpha"	P01903	6	32439878-32445046	"Plasma proteins, Predicted membrane proteins"	"Adaptive immunity, Host-virus interaction, Immunity"			"Evidence at protein level"	"Evidence at protein level"	"Evidence at protein level"	"Evidence at protein level"	"Tissue enhanced"	"Detected in many"		"lung: 911.4;lymphoid tissue: 1247.6"	"Cell type enhanced"	"Detected in many"		"B-cells: 6087.4;Langerhans cells: 28943.5;Macrophages: 6606.3;monocytes: 4953.5;Schwann cells: 10203.4"	"Cell type enriched"	"Detected in many"	5	"central nervous system macrophage: 734.2"	"Low cancer specificity"	"Detected in all"			"Low region specificity"	"Detected in all"			"Group enriched"	"Detected in all"	4	"classical monocyte: 209.9;intermediate monocyte: 408.5;memory B-cell: 380.1;naive B-cell: 419.5;non-classical monocyte: 255.4;plasmacytoid DC: 231.2"	"Group enriched"	"Detected in all"	5	"B-cells: 419.5;dendritic cells: 231.2;monocytes: 408.5"	"Group enriched"	"Detected in many"	14	"Leukemia: 103.6;lymphoma: 328.5;Myeloma: 126.2;skin cancer: 86.9"	"Adipose visceral - T-cells, Stomach - Macrophages, Testis - Macrophages, Thyroid gland - T-cells"	"Not detected"	"Not detected"			"Low region specificity"	"Detected in all"			"CAB002798, CAB015402, HPA050162, HPA053176"	Enhanced						NA	NA		1600000	"Cluster 2: Dendritic cells - Unknown function"	"Cluster 70: Lymphoid tissue - Immune response"	"Cluster 43: Hindbrain - Mixed function"	"Cluster 21: Lymphoma - Adaptive immune response"	"Cluster 28: Dendritic cells - Antigen presentation"	63			"CAB002798: , CAB015402: AB_629980, HPA050162: AB_2681037, HPA053176: AB_2682070"	"unprognostic (8.95e-2)"	"potential prognostic favorable (1.77e-4)"		"unprognostic (2.93e-1)"	"unprognostic (7.40e-2)"	"unprognostic (4.02e-2)"	"unprognostic (7.52e-2)"	"unprognostic (2.56e-1)"	"unprognostic (8.20e-2)"	"unprognostic (2.91e-1)"	"unprognostic (2.30e-2)"	"unprognostic (2.46e-1)"	"unprognostic (6.45e-2)"	"unprognostic (9.35e-2)"		"unprognostic (4.69e-3)"	"unprognostic (3.36e-1)"	"unprognostic (5.53e-3)"	"unprognostic (1.49e-1)"	"unprognostic (2.18e-1)"	"unprognostic (1.06e-1)"	"unprognostic (6.93e-2)"	"unprognostic (1.16e-1)"	"unprognostic (2.80e-1)"	"unprognostic (1.59e-1)"	"unprognostic (3.17e-1)"	"unprognostic (8.76e-2)"	"unprognostic (1.38e-2)"	"unprognostic (1.79e-1)"	"unprognostic (7.43e-2)"	"unprognostic (8.72e-3)"
HS3ST1	3OST1	ENSG00000002587	"Heparan sulfate-glucosamine 3-sulfotransferase 1"	O14792	4	11393150-11429564	"Enzymes, Metabolic proteins, Predicted intracellular proteins"		Transferase		"Evidence at protein level"	"Evidence at transcript level"	"Evidence at protein level"	"Evidence at protein level"	"Tissue enhanced"	"Detected in many"		"ovary: 30.9"	"Cell type enhanced"	"Detected in many"		"Granulosa cells: 147.6;Ionocytes: 127.4;Lymphatic endothelial cells: 98.3;Ovarian stromal cells: 172.3;Peritubular cells: 88.0"	"Cell type enhanced"	"Detected in many"		"upper rhombic lip: 122.7"	"Low cancer specificity"	"Detected in many"			"Low region specificity"	"Detected in all"			"Group enriched"	"Detected in some"	36	"memory B-cell: 15.0;naive B-cell: 26.7;plasmacytoid DC: 42.5"	"Group enriched"	"Detected in many"	110	"B-cells: 26.7;dendritic cells: 42.5"	"Cancer enhanced"	"Detected in many"		"pancreatic cancer: 29.8"	"Prostate - Endothelial cells"	"Low region specificity"	"Detected in all"			"Low region specificity"	"Detected in all"			HPA002237	Approved		Approved	Vesicles	"Intracellular and membrane"	Enzyme	NA	NA			"Cluster 8: Plasmacytoid DCs - Unknown function"	"Cluster 64: Neuronal - Transcription"	"Cluster 35: Non-specific - DNA binding"	"Cluster 53: Squamous epithelial cells - Keratinization"	"Cluster 6: Ovarian stromal cells - Transcription"	28	Vesicles		"HPA002237: AB_1079085"	"unprognostic (7.97e-3)"	"unprognostic (1.76e-2)"	"unprognostic (6.79e-2)"	"unprognostic (2.38e-2)"	"unprognostic (1.83e-2)"	"unprognostic (3.09e-1)"	"unprognostic (1.05e-1)"	"unprognostic (2.44e-2)"	"unprognostic (1.38e-2)"	"unprognostic (2.29e-1)"	"potential prognostic favorable (5.16e-6)"	"unprognostic (2.73e-1)"	"unprognostic (5.41e-2)"		"unprognostic (6.70e-2)"	"unprognostic (2.31e-1)"	"unprognostic (6.40e-2)"	"unprognostic (9.13e-2)"	"unprognostic (2.28e-1)"	"unprognostic (1.21e-1)"	"unprognostic (2.27e-1)"	"unprognostic (3.83e-2)"	"unprognostic (2.37e-2)"	"unprognostic (5.88e-2)"	"unprognostic (3.54e-2)"	"unprognostic (2.92e-2)"	"unprognostic (1.90e-2)"	"unprognostic (1.86e-2)"	"unprognostic (1.76e-1)"	"unprognostic (8.27e-2)"	"unprognostic (2.82e-2)"
HSPA12A	"FLJ13874, KIAA0417"	ENSG00000165868	"Heat shock protein family A (Hsp70) member 12A"	O43301	10	116671192-116850251	"Predicted intracellular proteins"				"Evidence at protein level"	"Evidence at protein level"	"Evidence at protein level"	"Evidence at protein level"	"Tissue enhanced"	"Detected in many"		"brain: 46.2"	"Cell type enhanced"	"Detected in many"		"Excitatory neurons: 198.2;Horizontal cells: 95.7;Inhibitory neurons: 178.9;Schwann cells: 108.4"	"Low cell type specificity"	"Detected in all"			"Low cancer specificity"	"Detected in many"			"Low region specificity"	"Detected in all"			"Group enriched"	"Detected in some"	14	"memory B-cell: 1.4;naive B-cell: 1.8;T-reg: 1.0"	"Group enriched"	"Detected in many"	14	"B-cells: 1.8;T-cells: 1.0"	"Low cancer specificity"	"Detected in many"			"Breast - Adipocytes (Breast), Colon - Enteric glia cells"	"Low region specificity"	"Detected in all"			"Low region specificity"	"Detected in all"			"HPA011273, HPA073244"	Approved		Approved	"Golgi apparatus,Cytosol"			NA	NA				"Cluster 61: Brain - Neuronal signaling"	"Cluster 52: Neurons & Synapses - Synaptic function"	"Cluster 15: Kidney cancer - Membrane components"	"Cluster 34: Neurons - Neuronal signaling"	32	"Golgi apparatus, Cytosol"		"HPA011273: AB_1851190, HPA073244: AB_2686586"	"unprognostic (2.16e-2)"	"unprognostic (3.64e-2)"	"unprognostic (2.20e-1)"	"unprognostic (7.86e-3)"	"unprognostic (4.84e-1)"	"unprognostic (1.39e-1)"	"unprognostic (2.00e-1)"	"unprognostic (2.40e-1)"	"unprognostic (1.03e-1)"	"unprognostic (6.93e-2)"	"potential prognostic favorable (5.26e-6)"	"unprognostic (5.16e-3)"	"unprognostic (7.44e-2)"		"unprognostic (4.57e-3)"	"unprognostic (8.47e-2)"	"unprognostic (7.85e-2)"	"unprognostic (1.17e-1)"	"unprognostic (1.15e-1)"	"unprognostic (4.65e-2)"	"unprognostic (8.13e-2)"	"unprognostic (1.70e-2)"	"unprognostic (9.92e-2)"	"unprognostic (2.25e-2)"	"unprognostic (1.46e-2)"	"unprognostic (1.64e-2)"	"unprognostic (1.54e-1)"	"unprognostic (5.08e-2)"	"unprognostic (1.66e-1)"	"unprognostic (2.03e-1)"	"unprognostic (8.28e-3)"
IFNLR1	"CRF2/12, IFNLR, IL-28R1, IL28RA"	ENSG00000185436	"Interferon lambda receptor 1"	Q8IU57	1	24154168-24187959	"Human disease related genes, Predicted intracellular proteins, Predicted membrane proteins"	"Antiviral defense"	Receptor		"Evidence at protein level"	"Evidence at protein level"	"Evidence at protein level"	"Evidence at protein level"	"Low tissue specificity"	"Detected in many"			"Cell type enhanced"	"Detected in many"		"Basal squamous epithelial cells: 13.3;dendritic cells: 14.7;Proximal enterocytes: 16.0"	"Low cell type specificity"	"Detected in many"			"Low cancer specificity"	"Detected in all"			"Low region specificity"	"Detected in all"			"Group enriched"	"Detected in many"	4	"memory B-cell: 4.9;naive B-cell: 5.9;plasmacytoid DC: 11.4"	"Group enriched"	"Detected in many"	5	"B-cells: 5.9;dendritic cells: 11.4"	"Cancer enhanced"	"Detected in many"		"lymphoma: 20.0"	"Adipose visceral - Mesothelial cells, Lung - Alveolar cells type 2, Skin - Keratinocyte (other), Spleen - B-cells (Spleen)"	"Not detected"	"Not detected"			"Low region specificity"	"Detected in many"			HPA017319	Uncertain		Approved	Cytosol	"Intracellular and membrane"	Receptor	NA	NA			"Cluster 14: Non-specific - Unknown function"	"Cluster 55: Kidney & Intestine - Metabolism"	"Cluster 25: Non-specific - Transcription"	"Cluster 46: Lymphoma - Humoral immune response"	"Cluster 28: Dendritic cells - Antigen presentation"	4	Cytosol		"HPA017319: AB_1851708"	"unprognostic (1.40e-1)"	"potential prognostic favorable (3.03e-4)"		"unprognostic (2.32e-2)"	"unprognostic (1.05e-1)"	"unprognostic (5.40e-2)"	"unprognostic (1.70e-1)"	"unprognostic (5.18e-2)"	"unprognostic (5.49e-2)"	"unprognostic (1.35e-2)"	"validated prognostic favorable (2.25e-5)"	"validated prognostic favorable (7.31e-5)"	"unprognostic (7.01e-2)"	"unprognostic (1.21e-2)"		"unprognostic (4.77e-2)"	"unprognostic (1.56e-1)"	"unprognostic (3.06e-1)"	"unprognostic (2.32e-2)"	"unprognostic (2.03e-1)"	"unprognostic (3.71e-1)"	"unprognostic (5.23e-2)"	"unprognostic (4.06e-3)"	"unprognostic (8.31e-2)"	"unprognostic (8.88e-2)"	"unprognostic (6.28e-3)"	"unprognostic (2.12e-2)"	"unprognostic (2.19e-2)"	"unprognostic (2.76e-1)"	"unprognostic (3.33e-1)"	"unprognostic (9.74e-2)"
IGHA1	AL928768.3	ENSG00000211895	"Immunoglobulin heavy constant alpha 1"	P01876	14	105703995-105708665	"Disease related genes, Immunoglobulin genes, Predicted intracellular proteins, Predicted membrane proteins, Predicted secreted proteins"	"Adaptive immunity, Immunity"			"Evidence at protein level"	"Evidence at transcript level"	"Evidence at protein level"	"Evidence at protein level"	"Tissue enhanced"	"Detected in many"		"intestine: 7198.9;salivary gland: 4545.3;stomach 1: 6480.0"	"Cell type enriched"	"Detected in many"	16	"Plasma cells: 107776.7"	"Cell type enriched"	"Detected in single"	253	"leukocyte: 25.4"	"Cancer enhanced"	"Detected in all"		"Lung Adenocarcinoma (TCGA): 2831.3"	"Low region specificity"	"Detected in many"			"Group enriched"	"Detected in many"	203	"memory B-cell: 2579.2;naive B-cell: 1123.4"	"Lineage enriched"	"Detected in many"	282	"B-cells: 2579.2"	"Cancer enriched"	"Detected in some"	20	"Myeloma: 1517.6"	"Adipose subcutaneous - Plasma cells, Adipose visceral - Plasma cells, Adrenal gland - Plasma cells, Breast - Plasma cells, Colon - Plasma cells, Heart muscle - Plasma cells, Kidney - Plasma cells, Liver - Plasma cells, Lung - Plasma cells, Minor Salivary Gland - Plasma cells, Pancreas - Plasma cells, Pituitary gland - Plasma cells, Prostate - Plasma cells, Skeletal muscle - Plasma cells, Skin - Plasma cells, Spleen - Plasma cells, Stomach - Plasma cells, Thyroid gland - Plasma cells"									"HPA001217, HPA006013"	Approved				"Immunoglobulin genes"	Immunity	NA	NA		96000000000	"Cluster 17: B-cells - Immunoglobulins"		"Cluster 8: Immune cells - Immune response"	"Cluster 51: Myeloma - Immunoglobulins"	"Cluster 77: Plasma cells - Protein processing"	29			"HPA001217: AB_1079120, HPA006013: AB_1079119"	"unprognostic (2.06e-1)"	"potential prognostic favorable (1.77e-5)"		"unprognostic (4.87e-2)"	"unprognostic (2.00e-2)"	"unprognostic (2.64e-1)"	"unprognostic (6.39e-3)"	"unprognostic (2.52e-2)"	"potential prognostic favorable (1.23e-4)"	"unprognostic (1.43e-1)"	"unprognostic (1.12e-2)"	"unprognostic (7.50e-2)"	"unprognostic (2.41e-3)"	"unprognostic (1.50e-1)"		"unprognostic (3.01e-2)"	"unprognostic (2.73e-2)"	"unprognostic (1.00e-1)"	"unprognostic (1.29e-1)"	"unprognostic (4.90e-2)"	"unprognostic (2.15e-1)"	"unprognostic (2.00e-1)"	"unprognostic (5.12e-3)"	"unprognostic (2.85e-1)"	"unprognostic (2.69e-2)"	"unprognostic (1.95e-1)"	"unprognostic (4.11e-1)"	"unprognostic (5.33e-2)"	"unprognostic (7.17e-2)"	"unprognostic (9.53e-2)"	"unprognostic (6.81e-2)"
IGHD3-9	"DXP1, IGHD39"	ENSG00000211924	"Immunoglobulin heavy diversity 3-9"		14	105904681-105904711	"Immunoglobulin genes, Predicted intracellular proteins"				"Evidence at transcript level"	"Evidence at transcript level"			"Tissue enhanced"	"Detected in some"		"lymphoid tissue: 11.7;stomach 1: 4.4"	"Not detected"	"Not detected"			"Not detected"	"Not detected"			"Not detected"	"Not detected"			"Not detected"	"Not detected"			"Group enriched"	"Detected in some"	213	"memory B-cell: 9.3;naive B-cell: 33.3"	"Lineage enriched"	"Detected in single"	333	"B-cells: 33.3"	"Cancer enriched"	"Detected in single"	8	"Leukemia: 6.6"	"Breast - Plasma cells, Lung - Plasma cells, Minor Salivary Gland - Plasma cells, Spleen - Plasma cells, Thyroid gland - Plasma cells"																NA	NA			"Cluster 23: B-cells - Immunoglobulins"			"Cluster 14: Myeloid leukemia - Innate immune response"											"unprognostic (1.56e-1)"											"unprognostic (6.25e-2)"		"unprognostic (2.40e-2)"							"unprognostic (1.84e-1)"					
IGHG2		ENSG00000211893	"Immunoglobulin heavy constant gamma 2 (G2m marker)"	P01859	14	105639559-105644790	"FDA approved drug targets, Immunoglobulin genes, Predicted intracellular proteins, Predicted membrane proteins, Predicted secreted proteins"	"Adaptive immunity, Immunity"		"FDA approved drug targets"	"Evidence at protein level"	"Evidence at transcript level"	"Evidence at protein level"	"Evidence at protein level"	"Tissue enhanced"	"Detected in many"		"lymphoid tissue: 189.5;urinary bladder: 108.3"	"Cell type enriched"	"Detected in some"	11	"Plasma cells: 4935.4"	"Cell type enriched"	"Detected in single"	11	"leukocyte: 4.6"	"Low cancer specificity"	"Detected in all"			"Low region specificity"	"Detected in many"			"Group enriched"	"Detected in some"	460	"memory B-cell: 344.6;naive B-cell: 128.5"	"Lineage enriched"	"Detected in single"	670	"B-cells: 344.6"	"Group enriched"	"Detected in some"	9	"lymphoma: 19.2;Myeloma: 54.1"	"Adipose subcutaneous - Plasma cells, Adipose visceral - Plasma cells, Adrenal gland - Plasma cells, Breast - Plasma cells, Colon - Plasma cells, Heart muscle - Plasma cells, Kidney - Plasma cells, Liver - Plasma cells, Lung - Plasma cells, Minor Salivary Gland - Plasma cells, Pancreas - Plasma cells, Pituitary gland - Plasma cells, Prostate - Plasma cells, Skeletal muscle - Plasma cells, Skin - Plasma cells, Spleen - Plasma cells, Stomach - Plasma cells, Thyroid gland - Plasma cells"									HPA001245	Approved				"Immunoglobulin genes"	Immunity	NA	NA		260000000000	"Cluster 17: B-cells - Immunoglobulins"		"Cluster 8: Immune cells - Immune response"	"Cluster 51: Myeloma - Immunoglobulins"	"Cluster 77: Plasma cells - Protein processing"	28			"HPA001245: AB_1079121"	"unprognostic (9.17e-3)"	"unprognostic (1.01e-1)"		"potential prognostic favorable (3.62e-5)"	"unprognostic (3.20e-1)"	"unprognostic (8.89e-2)"	"unprognostic (2.85e-3)"	"unprognostic (1.78e-3)"	"potential prognostic favorable (8.19e-5)"	"unprognostic (2.87e-2)"	"potential prognostic unfavorable (3.60e-4)"	"unprognostic (6.22e-3)"	"unprognostic (1.44e-2)"	"unprognostic (4.10e-2)"		"unprognostic (3.87e-2)"	"unprognostic (1.22e-1)"	"unprognostic (5.76e-2)"	"unprognostic (2.21e-2)"	"unprognostic (6.18e-2)"	"unprognostic (3.02e-1)"	"unprognostic (4.52e-1)"	"unprognostic (1.15e-2)"	"unprognostic (2.27e-2)"	"unprognostic (8.39e-2)"	"unprognostic (3.90e-3)"	"unprognostic (8.31e-2)"	"unprognostic (2.96e-1)"	"unprognostic (3.81e-1)"	"unprognostic (1.24e-1)"	"unprognostic (4.65e-2)"
IGHJ2		ENSG00000211904	"Immunoglobulin heavy joining 2"		14	105865199-105865250	"Immunoglobulin genes, Predicted intracellular proteins"				"Evidence at transcript level"	"Evidence at transcript level"			"Tissue enhanced"	"Detected in many"		"intestine: 153.0;lymphoid tissue: 158.1"	"Cell type enriched"	"Detected in single"	36	"Plasma cells: 3.7"	"Not detected"	"Not detected"			"Low cancer specificity"	"Detected in many"			"Region enhanced"	"Detected in many"		"medulla oblongata: 7.4"	"Group enriched"	"Detected in some"	18	"MAIT T-cell: 49.4;naive B-cell: 13.1"	"Group enriched"	"Detected in many"	46	"B-cells: 13.1;T-cells: 49.4"	"Cancer enriched"	"Detected in some"	16	"Myeloma: 566.2"	"Adipose subcutaneous - Plasma cells, Adipose visceral - Plasma cells, Adrenal gland - Plasma cells, Breast - Plasma cells, Colon - Plasma cells, Liver - Plasma cells, Lung - Plasma cells, Minor Salivary Gland - Plasma cells, Pancreas - Plasma cells, Pituitary gland - Plasma cells, Prostate - Plasma cells, Spleen - Plasma cells, Stomach - Plasma cells, Thyroid gland - Plasma cells"																NA	NA			"Cluster 11: T-cells - Unknown function"		"Cluster 43: Hindbrain - Mixed function"	"Cluster 51: Myeloma - Immunoglobulins"	"Cluster 23: Plasma cells - Humoral immune response"					"unprognostic (3.21e-1)"	"unprognostic (2.29e-2)"		"unprognostic (1.60e-1)"	"unprognostic (2.99e-1)"	"unprognostic (5.24e-2)"			"unprognostic (1.34e-1)"		"unprognostic (7.49e-2)"	"unprognostic (2.60e-1)"	"unprognostic (2.46e-1)"	"unprognostic (3.39e-1)"		"unprognostic (1.15e-1)"	"unprognostic (3.66e-1)"	"unprognostic (2.00e-1)"	"unprognostic (2.10e-1)"	"unprognostic (1.98e-1)"		"unprognostic (5.61e-1)"		"unprognostic (1.06e-1)"	"unprognostic (5.12e-3)"	"unprognostic (1.12e-3)"	"unprognostic (1.06e-1)"	"unprognostic (8.57e-2)"	"unprognostic (1.26e-1)"	"unprognostic (2.85e-1)"	
IGHJ3		ENSG00000242887	"Immunoglobulin heavy joining 3"		14	105864587-105864635	"Immunoglobulin genes, Predicted intracellular proteins"				"Evidence at transcript level"	"Evidence at transcript level"			"Tissue enhanced"	"Detected in many"		"esophagus: 35.2;pancreas: 60.1"	"Cell type enriched"	"Detected in single"	135	"Plasma cells: 13.5"	"Not detected"	"Not detected"			"Low cancer specificity"	"Detected in all"			"Low region specificity"	"Detected in many"			"Group enriched"	"Detected in many"	8	"basophil: 9.0;naive B-cell: 35.9"	"Group enriched"	"Detected in many"	8	"B-cells: 35.9;granulocytes: 9.0"	"Cancer enriched"	"Detected in some"	7	"Myeloma: 88.4"	"Adipose subcutaneous - Plasma cells, Adipose visceral - Plasma cells, Adrenal gland - Plasma cells, Breast - Plasma cells, Colon - Plasma cells, Heart muscle - Plasma cells, Kidney - Plasma cells, Liver - Plasma cells, Lung - Plasma cells, Minor Salivary Gland - Plasma cells, Pancreas - Plasma cells, Pituitary gland - Plasma cells, Prostate - Plasma cells, Skeletal muscle - Plasma cells, Skin - Plasma cells, Spleen - Plasma cells, Stomach - Plasma cells, Thyroid gland - Plasma cells"																NA	NA			"Cluster 9: T-regs - Cell cycle regulation"		"Cluster 20: Macrophages & Microglia - Immune response"	"Cluster 51: Myeloma - Immunoglobulins"	"Cluster 23: Plasma cells - Humoral immune response"					"unprognostic (2.55e-1)"	"unprognostic (4.20e-1)"		"unprognostic (1.28e-1)"	"unprognostic (1.60e-1)"	"unprognostic (2.10e-1)"	"unprognostic (4.12e-1)"	"unprognostic (5.55e-1)"	"unprognostic (7.55e-3)"		"unprognostic (9.76e-2)"	"unprognostic (6.98e-1)"	"unprognostic (3.40e-1)"	"unprognostic (4.10e-1)"		"unprognostic (2.05e-1)"	"unprognostic (4.29e-1)"	"unprognostic (4.06e-1)"	"unprognostic (3.95e-1)"	"unprognostic (1.32e-1)"		"unprognostic (4.55e-1)"		"unprognostic (7.50e-2)"	"unprognostic (2.24e-1)"	"unprognostic (2.21e-1)"	"unprognostic (3.51e-1)"	"unprognostic (3.56e-1)"	"unprognostic (3.90e-2)"	"unprognostic (2.35e-1)"	
IGHV1-2	V35	ENSG00000211934	"Immunoglobulin heavy variable 1-2"	P23083	14	105986582-105987083	"Immunoglobulin genes, Predicted secreted proteins"	"Adaptive immunity, Immunity"			"Evidence at protein level"	"Evidence at transcript level"	"Evidence at protein level"	"Evidence at protein level"	"Tissue enhanced"	"Detected in many"		"intestine: 445.0;lymphoid tissue: 1121.8"	"Cell type enriched"	"Detected in some"	42	"Plasma cells: 849.8"	"Not detected"	"Not detected"			"Low cancer specificity"	"Detected in all"			"Low region specificity"	"Detected in some"			"Group enriched"	"Detected in many"	51	"memory B-cell: 286.5;naive B-cell: 348.4"	"Lineage enriched"	"Detected in many"	56	"B-cells: 348.4"	"Cancer enriched"	"Detected in some"	8	"Myeloma: 578.3"	"Adipose subcutaneous - Plasma cells, Adipose visceral - Plasma cells, Adrenal gland - Plasma cells, Breast - Plasma cells, Colon - Plasma cells, Heart muscle - Plasma cells, Liver - Plasma cells, Lung - Plasma cells, Minor Salivary Gland - Plasma cells, Pancreas - Plasma cells, Pituitary gland - Plasma cells, Prostate - Plasma cells, Skeletal muscle - Plasma cells, Skin - Plasma cells, Spleen - Plasma cells, Stomach - Plasma cells, Thyroid gland - Plasma cells"														"Immunoglobulin genes"	Immunity	NA	NA		6600000000	"Cluster 18: Non-specific - Translation"		"Cluster 8: Immune cells - Immune response"	"Cluster 20: Myeloma - Immune response"	"Cluster 61: Plasma cells - Immunoglobulins & histones"					"unprognostic (5.52e-2)"	"potential prognostic favorable (2.68e-4)"		"unprognostic (1.29e-3)"	"unprognostic (1.92e-1)"	"unprognostic (3.75e-1)"	"unprognostic (1.37e-2)"	"unprognostic (7.61e-2)"	"potential prognostic favorable (9.19e-5)"	"unprognostic (3.00e-1)"	"unprognostic (7.08e-2)"	"unprognostic (2.57e-1)"	"unprognostic (5.07e-3)"	"unprognostic (3.59e-1)"		"unprognostic (5.45e-2)"	"unprognostic (2.67e-3)"	"unprognostic (3.40e-1)"	"unprognostic (1.26e-1)"	"unprognostic (1.52e-1)"	"unprognostic (2.25e-1)"	"unprognostic (2.31e-1)"	"unprognostic (1.82e-1)"	"unprognostic (5.30e-2)"	"unprognostic (1.22e-2)"	"unprognostic (1.54e-1)"	"unprognostic (5.76e-2)"	"unprognostic (1.01e-2)"	"unprognostic (2.70e-1)"	"unprognostic (3.13e-1)"	"unprognostic (8.03e-2)"
IGHV1-3	VI-3B	ENSG00000211935	"Immunoglobulin heavy variable 1-3"	A0A0C4DH29	14	106005095-106005574	"Immunoglobulin genes, Predicted secreted proteins"	"Adaptive immunity, Immunity"			"Evidence at protein level"	"Evidence at transcript level"	"No human protein/transcript evidence"	"Evidence at protein level"	"Tissue enhanced"	"Detected in many"		"intestine: 215.2;lymphoid tissue: 608.8"	"Cell type enriched"	"Detected in some"	197	"Plasma cells: 7201.5"	"Not detected"	"Not detected"			"Low cancer specificity"	"Detected in many"			"Low region specificity"	"Detected in single"			"Group enriched"	"Detected in some"	7	"memory B-cell: 52.9;naive B-cell: 27.9"	"Lineage enriched"	"Detected in many"	9	"B-cells: 52.9"	"Cancer enriched"	"Detected in some"	30	"Myeloma: 733.0"	"Adipose subcutaneous - Plasma cells, Adipose visceral - Plasma cells, Adrenal gland - Plasma cells, Breast - Plasma cells, Colon - Plasma cells, Heart muscle - Plasma cells, Liver - Plasma cells, Lung - Plasma cells, Minor Salivary Gland - Plasma cells, Pancreas - Plasma cells, Pituitary gland - Plasma cells, Prostate - Plasma cells, Skeletal muscle - Plasma cells, Skin - Plasma cells, Stomach - Plasma cells, Thyroid gland - Plasma cells"														"Immunoglobulin genes"	Immunity	NA	NA		4800000000	"Cluster 17: B-cells - Immunoglobulins"		"Cluster 8: Immune cells - Immune response"	"Cluster 51: Myeloma - Immunoglobulins"	"Cluster 77: Plasma cells - Protein processing"					"unprognostic (2.80e-2)"	"unprognostic (9.10e-3)"		"unprognostic (2.31e-2)"	"unprognostic (5.28e-2)"	"unprognostic (1.82e-1)"			"unprognostic (3.61e-2)"	"unprognostic (2.22e-1)"	"unprognostic (1.09e-3)"	"unprognostic (9.34e-2)"	"unprognostic (4.10e-3)"	"unprognostic (1.16e-3)"		"unprognostic (6.26e-2)"	"unprognostic (1.37e-2)"	"unprognostic (6.55e-2)"	"potential prognostic unfavorable (5.59e-5)"	"unprognostic (9.79e-2)"	"unprognostic (6.01e-1)"	"unprognostic (2.16e-1)"	"unprognostic (6.07e-2)"	"unprognostic (1.87e-1)"	"unprognostic (6.38e-2)"	"unprognostic (7.32e-2)"	"unprognostic (7.11e-3)"	"unprognostic (1.44e-1)"	"unprognostic (2.96e-2)"	"unprognostic (1.51e-1)"	"unprognostic (2.06e-1)"
IGHV1-69D		ENSG00000280411	"Immunoglobulin heavy variable 1-69D"	A0A0B4J2H0	14	106762092-106762588	"Immunoglobulin genes, Predicted secreted proteins"	"Adaptive immunity, Immunity"			"Evidence at protein level"	"Evidence at transcript level"	"Evidence at protein level"	"Evidence at protein level"	"Tissue enhanced"	"Detected in many"		"lymphoid tissue: 2804.1;stomach 1: 960.1"	"Cell type enriched"	"Detected in some"	167	"Plasma cells: 6373.5"	"Not detected"	"Not detected"			"Cancer enhanced"	"Detected in all"		"Lung Squamous Cell Carcinoma (TCGA): 576.9"	"Low region specificity"	"Detected in some"			"Group enriched"	"Detected in some"	225	"memory B-cell: 185.4;naive B-cell: 435.3"	"Lineage enriched"	"Detected in many"	316	"B-cells: 435.3"	"Cancer enriched"	"Detected in some"	8	"lymphoma: 278.1"	"Adipose subcutaneous - Plasma cells, Adipose visceral - Plasma cells, Adrenal gland - Plasma cells, Breast - Plasma cells, Colon - Plasma cells, Heart muscle - Plasma cells, Kidney - Plasma cells, Liver - Plasma cells, Lung - Plasma cells, Minor Salivary Gland - Plasma cells, Pancreas - Plasma cells, Pituitary gland - Plasma cells, Prostate - Plasma cells, Skin - Plasma cells, Spleen - Plasma cells, Stomach - Plasma cells, Thyroid gland - Plasma cells"														"Immunoglobulin genes"	Immunity	NA	NA		2500000000	"Cluster 7: Non-specific - Innate immune response"		"Cluster 8: Immune cells - Immune response"	"Cluster 46: Lymphoma - Humoral immune response"	"Cluster 77: Plasma cells - Protein processing"					"unprognostic (1.56e-2)"	"unprognostic (1.21e-3)"		"unprognostic (5.87e-2)"	"unprognostic (1.09e-1)"	"unprognostic (2.62e-1)"	"unprognostic (2.38e-3)"		"unprognostic (5.60e-2)"	"unprognostic (2.92e-2)"	"unprognostic (2.73e-2)"	"unprognostic (1.19e-2)"	"unprognostic (2.35e-3)"	"unprognostic (3.62e-1)"		"unprognostic (1.97e-1)"	"unprognostic (2.34e-1)"	"unprognostic (6.92e-2)"	"unprognostic (1.58e-1)"	"unprognostic (9.23e-3)"		"unprognostic (4.18e-1)"		"unprognostic (7.20e-2)"	"unprognostic (5.97e-3)"	"unprognostic (1.96e-2)"	"unprognostic (1.37e-1)"	"unprognostic (9.47e-2)"	"unprognostic (1.73e-1)"	"unprognostic (2.85e-1)"	"unprognostic (5.50e-1)"
IGHV1OR21-1	IGHV1/OR21-1	ENSG00000277282	"Immunoglobulin heavy variable 1/OR21-1 (non-functional)"		21	10649400-10649835	"Immunoglobulin genes, Predicted intracellular proteins"				"Evidence at transcript level"	"Evidence at transcript level"			"Tissue enhanced"	"Detected in some"		"intestine: 3.1;lymphoid tissue: 6.1;stomach 1: 3.3"	"Not detected"	"Not detected"			"Not detected"	"Not detected"			"Low cancer specificity"	"Detected in many"			"Not detected"	"Not detected"			"Group enriched"	"Detected in some"	14	"memory B-cell: 2.0;naive B-cell: 1.7"	"Lineage enriched"	"Detected in single"	15	"B-cells: 2.0"	"Not detected"	"Not detected"			"Breast - Plasma cells, Lung - Plasma cells, Minor Salivary Gland - Plasma cells, Spleen - Plasma cells, Stomach - Plasma cells, Thyroid gland - Plasma cells"																NA	NA						"Cluster 20: Myeloma - Immune response"	"Cluster 61: Plasma cells - Immunoglobulins & histones"								"unprognostic (5.74e-1)"		"unprognostic (4.40e-3)"			"unprognostic (2.32e-3)"							"unprognostic (2.70e-3)"	"unprognostic (1.18e-1)"	"unprognostic (4.57e-2)"	"unprognostic (9.92e-2)"			"unprognostic (2.99e-1)"				"unprognostic (2.48e-1)"			"unprognostic (3.26e-1)"		
IGHV2-5		ENSG00000211937	"Immunoglobulin heavy variable 2-5"	P01817	14	106037902-106038365	"Immunoglobulin genes, Predicted secreted proteins"	"Adaptive immunity, Immunity"			"Evidence at protein level"	"Evidence at transcript level"	"Evidence at protein level"	"Evidence at protein level"	"Tissue enhanced"	"Detected in many"		"intestine: 448.7;lymphoid tissue: 1381.5;stomach 1: 686.9"	"Cell type enriched"	"Detected in some"	199	"Plasma cells: 6554.1"	"Not detected"	"Not detected"			"Low cancer specificity"	"Detected in all"			"Low region specificity"	"Detected in some"			"Group enriched"	"Detected in some"	22	"memory B-cell: 67.0;naive B-cell: 67.6"	"Lineage enriched"	"Detected in many"	22	"B-cells: 67.6"	"Cancer enriched"	"Detected in some"	32	"Myeloma: 1988.3"	"Adipose subcutaneous - Plasma cells, Adipose visceral - Plasma cells, Adrenal gland - Plasma cells, Breast - Plasma cells, Colon - Plasma cells, Heart muscle - Plasma cells, Kidney - Plasma cells, Liver - Plasma cells, Lung - Plasma cells, Minor Salivary Gland - Plasma cells, Pancreas - Plasma cells, Pituitary gland - Plasma cells, Prostate - Plasma cells, Skeletal muscle - Plasma cells, Skin - Plasma cells, Spleen - Plasma cells, Stomach - Plasma cells, Thyroid gland - Plasma cells"														"Immunoglobulin genes"	Immunity	NA	NA		960000000	"Cluster 23: B-cells - Immunoglobulins"		"Cluster 8: Immune cells - Immune response"	"Cluster 51: Myeloma - Immunoglobulins"	"Cluster 77: Plasma cells - Protein processing"					"unprognostic (4.17e-3)"	"unprognostic (4.11e-3)"		"unprognostic (2.76e-2)"	"unprognostic (7.80e-2)"	"unprognostic (1.86e-1)"	"unprognostic (1.57e-3)"	"unprognostic (4.46e-1)"	"potential prognostic favorable (2.14e-4)"	"unprognostic (1.56e-2)"	"unprognostic (3.87e-2)"	"unprognostic (3.31e-2)"	"unprognostic (2.47e-3)"	"unprognostic (2.57e-2)"		"unprognostic (7.08e-2)"	"unprognostic (6.40e-2)"	"unprognostic (1.96e-2)"	"unprognostic (2.05e-1)"	"unprognostic (2.39e-1)"	"unprognostic (2.05e-1)"	"unprognostic (2.84e-1)"	"unprognostic (8.13e-3)"	"unprognostic (8.19e-2)"	"unprognostic (6.26e-2)"	"unprognostic (1.63e-1)"	"unprognostic (3.02e-1)"	"unprognostic (2.29e-2)"	"unprognostic (1.58e-1)"	"unprognostic (1.96e-1)"	"unprognostic (1.02e-1)"
IGHV2-70D		ENSG00000211974	"Immunoglobulin heavy variable 2-70D"	A0A0C4DH43	14	106723574-106724093	"Immunoglobulin genes, Predicted secreted proteins"	"Adaptive immunity, Immunity"			"Evidence at protein level"	"Evidence at transcript level"	"No human protein/transcript evidence"	"Evidence at protein level"	"Tissue enhanced"	"Detected in many"		"intestine: 35.5;lymphoid tissue: 88.5;stomach 1: 45.6"	"Cell type enriched"	"Detected in single"	116	"Plasma cells: 39.2"	"Not detected"	"Not detected"			"Low cancer specificity"	"Detected in many"			"Not detected"	"Not detected"			"Group enriched"	"Detected in some"	68	"memory B-cell: 9.7;naive B-cell: 3.8"	"Lineage enriched"	"Detected in single"	98	"B-cells: 9.7"	"Cancer enriched"	"Detected in single"	5	"lymphoma: 2.7"	"Adipose visceral - Plasma cells, Adrenal gland - Plasma cells, Breast - Plasma cells, Kidney - Plasma cells, Liver - Plasma cells, Lung - Plasma cells, Minor Salivary Gland - Plasma cells, Pancreas - Plasma cells, Prostate - Plasma cells, Stomach - Plasma cells, Thyroid gland - Plasma cells"														"Immunoglobulin genes"	Immunity	NA	NA		380000000	"Cluster 17: B-cells - Immunoglobulins"			"Cluster 46: Lymphoma - Humoral immune response"	"Cluster 77: Plasma cells - Protein processing"					"unprognostic (2.35e-1)"	"unprognostic (2.40e-3)"		"unprognostic (1.29e-2)"	"unprognostic (7.14e-2)"	"unprognostic (1.08e-1)"		"unprognostic (2.45e-1)"	"unprognostic (2.23e-2)"		"unprognostic (3.05e-1)"	"unprognostic (2.18e-1)"	"unprognostic (1.01e-2)"			"unprognostic (1.05e-2)"	"unprognostic (4.49e-1)"	"unprognostic (4.00e-2)"	"unprognostic (2.61e-2)"	"unprognostic (4.11e-2)"	"unprognostic (1.08e-1)"	"unprognostic (9.45e-2)"	"unprognostic (2.00e-2)"	"unprognostic (1.11e-1)"	"unprognostic (3.06e-3)"	"unprognostic (3.34e-1)"	"unprognostic (1.08e-1)"	"unprognostic (1.55e-2)"	"unprognostic (5.02e-1)"	"unprognostic (1.05e-1)"	"unprognostic (2.38e-1)"
IGHV3-11		ENSG00000211941	"Immunoglobulin heavy variable 3-11"	P01762	14	106116635-106117204	"Immunoglobulin genes, Predicted secreted proteins"	"Adaptive immunity, Immunity"			"Evidence at protein level"	"Evidence at transcript level"	"Evidence at protein level"	"Evidence at protein level"	"Tissue enhanced"	"Detected in many"		"intestine: 212.3;lymphoid tissue: 594.5;stomach 1: 200.6"	"Cell type enriched"	"Detected in some"	66	"Plasma cells: 1519.2"	"Not detected"	"Not detected"			"Low cancer specificity"	"Detected in all"			"Low region specificity"	"Detected in single"			"Group enriched"	"Detected in some"	446	"memory B-cell: 43.2;naive B-cell: 45.9"	"Lineage enriched"	"Detected in single"	459	"B-cells: 45.9"	"Cancer enriched"	"Detected in some"	14	"lymphoma: 17.1"	"Adipose subcutaneous - Plasma cells, Adipose visceral - Plasma cells, Adrenal gland - Plasma cells, Breast - Plasma cells, Colon - Plasma cells, Heart muscle - Plasma cells, Kidney - Plasma cells, Liver - Plasma cells, Lung - Plasma cells, Minor Salivary Gland - Plasma cells, Pancreas - Plasma cells, Pituitary gland - Plasma cells, Prostate - Plasma cells, Skeletal muscle - Plasma cells, Skin - Plasma cells, Spleen - Plasma cells, Stomach - Plasma cells, Thyroid gland - Plasma cells"														"Immunoglobulin genes"	Immunity	NA	NA		18000000000	"Cluster 23: B-cells - Immunoglobulins"		"Cluster 8: Immune cells - Immune response"	"Cluster 46: Lymphoma - Humoral immune response"	"Cluster 23: Plasma cells - Humoral immune response"					"unprognostic (1.68e-2)"	"unprognostic (1.33e-3)"		"unprognostic (2.16e-1)"	"unprognostic (1.51e-1)"	"unprognostic (3.63e-1)"	"unprognostic (4.40e-3)"	"unprognostic (2.84e-1)"	"potential prognostic favorable (3.02e-5)"	"unprognostic (1.81e-1)"	"unprognostic (4.81e-2)"	"unprognostic (4.97e-2)"	"unprognostic (1.11e-2)"	"unprognostic (2.00e-1)"		"unprognostic (1.08e-1)"	"unprognostic (2.68e-2)"	"unprognostic (3.04e-2)"	"unprognostic (4.09e-2)"	"unprognostic (2.37e-2)"	"unprognostic (4.63e-1)"	"unprognostic (2.53e-1)"	"unprognostic (4.12e-2)"	"unprognostic (3.28e-1)"	"unprognostic (8.62e-3)"	"unprognostic (1.91e-1)"	"unprognostic (2.30e-1)"	"unprognostic (2.78e-2)"	"unprognostic (3.55e-1)"	"unprognostic (2.76e-1)"	"unprognostic (4.65e-1)"
IGHV3-13		ENSG00000211942	"Immunoglobulin heavy variable 3-13"	P01766	14	106129540-106130072	"Immunoglobulin genes, Predicted secreted proteins"	"Adaptive immunity, Immunity"			"Evidence at protein level"	"Evidence at transcript level"	"Evidence at protein level"	"Evidence at protein level"	"Tissue enhanced"	"Detected in many"		"intestine: 65.0;lymphoid tissue: 133.1;urinary bladder: 87.5"	"Cell type enriched"	"Detected in some"	19	"Plasma cells: 84.5"	"Not detected"	"Not detected"			"Cancer enhanced"	"Detected in many"		"Cervical Squamous Cell Carcinoma and Endocervical Adenocarcinoma (TCGA): 48.3"	"Not detected"	"Not detected"			"Group enriched"	"Detected in some"	194	"memory B-cell: 18.9;naive B-cell: 19.7"	"Lineage enriched"	"Detected in single"	197	"B-cells: 19.7"	"Not detected"	"Not detected"			"Adipose visceral - Plasma cells, Adrenal gland - Plasma cells, Breast - Plasma cells, Liver - Plasma cells, Lung - Plasma cells, Minor Salivary Gland - Plasma cells, Pancreas - Plasma cells, Pituitary gland - Plasma cells, Prostate - Plasma cells, Spleen - Plasma cells, Stomach - Plasma cells, Thyroid gland - Plasma cells"														"Immunoglobulin genes"	Immunity	NA	NA		34000000000	"Cluster 14: Non-specific - Unknown function"			"Cluster 59: Leukemia - T-cell receptor"	"Cluster 77: Plasma cells - Protein processing"					"unprognostic (6.06e-3)"	"potential prognostic favorable (5.42e-5)"		"unprognostic (1.82e-2)"	"unprognostic (6.70e-2)"	"unprognostic (1.98e-1)"		"unprognostic (1.59e-2)"	"potential prognostic favorable (8.85e-7)"	"unprognostic (6.92e-1)"	"unprognostic (3.63e-2)"	"unprognostic (1.77e-1)"	"unprognostic (5.90e-2)"	"unprognostic (1.87e-1)"		"unprognostic (2.37e-2)"	"unprognostic (5.41e-2)"	"unprognostic (6.24e-2)"	"unprognostic (4.33e-3)"	"unprognostic (9.02e-2)"	"unprognostic (2.48e-1)"	"unprognostic (9.61e-3)"	"unprognostic (5.82e-2)"	"unprognostic (1.69e-1)"	"unprognostic (1.93e-1)"	"unprognostic (1.74e-2)"	"unprognostic (2.24e-1)"	"unprognostic (1.26e-2)"	"unprognostic (3.27e-1)"	"unprognostic (3.34e-1)"	"unprognostic (4.21e-1)"
IGHV3-20		ENSG00000211946	"Immunoglobulin heavy variable 3-20"	A0A0C4DH32	14	106210936-106211453	"Immunoglobulin genes, Predicted secreted proteins"	"Adaptive immunity, Immunity"			"Evidence at protein level"	"Evidence at transcript level"	"No human protein/transcript evidence"	"Evidence at protein level"	"Tissue enhanced"	"Detected in many"		"intestine: 96.3;lymphoid tissue: 210.0;stomach 1: 118.9;urinary bladder: 79.2"	"Cell type enriched"	"Detected in some"	147	"Plasma cells: 605.0"	"Not detected"	"Not detected"			"Low cancer specificity"	"Detected in many"			"Not detected"	"Not detected"			"Group enriched"	"Detected in some"	243	"memory B-cell: 28.6;naive B-cell: 19.9"	"Lineage enriched"	"Detected in single"	287	"B-cells: 28.6"	"Cancer enhanced"	"Detected in single"		"Leukemia: 1.5"	"Adipose subcutaneous - Plasma cells, Adipose visceral - Plasma cells, Adrenal gland - Plasma cells, Breast - Plasma cells, Colon - Plasma cells, Kidney - Plasma cells, Liver - Plasma cells, Lung - Plasma cells, Minor Salivary Gland - Plasma cells, Pancreas - Plasma cells, Pituitary gland - Plasma cells, Prostate - Plasma cells, Skeletal muscle - Plasma cells, Skin - Plasma cells, Spleen - Plasma cells, Stomach - Plasma cells, Thyroid gland - Plasma cells"														"Immunoglobulin genes"	Immunity	NA	NA		2700000000	"Cluster 17: B-cells - Immunoglobulins"			"Cluster 35: RS4;11 - Unknown function"	"Cluster 77: Plasma cells - Protein processing"					"unprognostic (4.23e-2)"	"potential prognostic favorable (6.37e-6)"		"unprognostic (4.77e-2)"	"unprognostic (1.29e-1)"	"unprognostic (4.85e-2)"			"potential prognostic favorable (6.50e-4)"	"unprognostic (4.32e-2)"	"unprognostic (8.33e-2)"	"unprognostic (9.13e-2)"	"unprognostic (1.48e-1)"	"unprognostic (1.70e-1)"		"unprognostic (1.06e-2)"	"unprognostic (1.49e-2)"	"unprognostic (1.15e-2)"	"unprognostic (8.44e-2)"	"unprognostic (4.00e-2)"	"unprognostic (1.77e-1)"	"unprognostic (2.15e-1)"	"unprognostic (4.64e-3)"	"unprognostic (3.02e-1)"	"unprognostic (2.69e-2)"	"unprognostic (2.68e-1)"	"unprognostic (1.82e-1)"	"unprognostic (5.64e-2)"	"unprognostic (1.68e-1)"	"unprognostic (9.29e-2)"	"unprognostic (5.49e-1)"
IGHV3-23		ENSG00000211949	"Immunoglobulin heavy variable 3-23"	P01764	14	106268606-106269140	"Immunoglobulin genes, Predicted secreted proteins"	"Adaptive immunity, Immunity"			"Evidence at protein level"	"Evidence at transcript level"	"Evidence at protein level"	"Evidence at protein level"	"Tissue enhanced"	"Detected in many"		"intestine: 1624.0;lymphoid tissue: 2897.8"	"Cell type enriched"	"Detected in some"	117	"Plasma cells: 10240.3"	"Not detected"	"Not detected"			"Low cancer specificity"	"Detected in all"			"Low region specificity"	"Detected in many"			"Group enriched"	"Detected in some"	404	"memory B-cell: 550.6;naive B-cell: 338.3"	"Lineage enriched"	"Detected in many"	501	"B-cells: 550.6"	"Cancer enriched"	"Detected in some"	18	"Myeloma: 724.1"	"Adipose subcutaneous - Plasma cells, Adipose visceral - Plasma cells, Adrenal gland - Plasma cells, Breast - Plasma cells, Colon - Plasma cells, Heart muscle - Plasma cells, Kidney - Plasma cells, Liver - Plasma cells, Lung - Plasma cells, Minor Salivary Gland - Plasma cells, Pancreas - Plasma cells, Pituitary gland - Plasma cells, Prostate - Plasma cells, Skeletal muscle - Plasma cells, Skin - Plasma cells, Spleen - Plasma cells, Stomach - Plasma cells, Thyroid gland - Plasma cells"														"Immunoglobulin genes"	Immunity	NA	NA		49000000000	"Cluster 17: B-cells - Immunoglobulins"		"Cluster 8: Immune cells - Immune response"	"Cluster 51: Myeloma - Immunoglobulins"	"Cluster 77: Plasma cells - Protein processing"	1				"unprognostic (4.82e-2)"	"unprognostic (1.28e-3)"		"unprognostic (9.79e-2)"	"unprognostic (6.53e-2)"	"unprognostic (4.99e-2)"	"unprognostic (1.95e-2)"	"unprognostic (1.51e-2)"	"unprognostic (1.03e-3)"	"unprognostic (1.53e-1)"	"unprognostic (5.57e-3)"	"unprognostic (6.65e-2)"	"unprognostic (9.47e-3)"	"unprognostic (3.35e-1)"		"unprognostic (4.67e-2)"	"unprognostic (5.47e-3)"	"unprognostic (5.93e-2)"	"unprognostic (5.67e-2)"	"unprognostic (1.05e-2)"	"unprognostic (2.08e-1)"	"unprognostic (1.38e-1)"	"unprognostic (1.71e-3)"	"unprognostic (1.45e-1)"	"unprognostic (1.21e-2)"	"unprognostic (2.76e-1)"	"unprognostic (2.11e-2)"	"unprognostic (1.40e-1)"	"unprognostic (1.68e-1)"	"unprognostic (1.23e-1)"	"unprognostic (1.38e-1)"
IGHV3-30		ENSG00000270550	"Immunoglobulin heavy variable 3-30"	"P01768, P0DP03"	14	106335082-106335613	"Immunoglobulin genes, Predicted secreted proteins"	"Adaptive immunity, Immunity"			"Evidence at protein level"	"Evidence at transcript level"	"Evidence at protein level"	"Evidence at protein level"	"Tissue enhanced"	"Detected in many"		"intestine: 515.2;lymphoid tissue: 1254.8;stomach 1: 555.9"	"Cell type enriched"	"Detected in some"	131	"Plasma cells: 8897.9"	"Not detected"	"Not detected"			"Low cancer specificity"	"Detected in all"			"Low region specificity"	"Detected in some"			"Group enriched"	"Detected in some"	408	"memory B-cell: 164.7;naive B-cell: 137.2"	"Lineage enriched"	"Detected in single"	445	"B-cells: 164.7"	"Cancer enriched"	"Detected in some"	7	"Myeloma: 279.8"	"Adipose subcutaneous - Plasma cells, Adipose visceral - Plasma cells, Adrenal gland - Plasma cells, Breast - Plasma cells, Colon - Plasma cells, Heart muscle - Plasma cells, Kidney - Plasma cells, Liver - Plasma cells, Lung - Plasma cells, Minor Salivary Gland - Plasma cells, Pancreas - Plasma cells, Pituitary gland - Plasma cells, Prostate - Plasma cells, Skeletal muscle - Plasma cells, Skin - Plasma cells, Spleen - Plasma cells, Stomach - Plasma cells, Thyroid gland - Plasma cells"														"Immunoglobulin genes"	Immunity	NA	NA		13000000000	"Cluster 23: B-cells - Immunoglobulins"		"Cluster 8: Immune cells - Immune response"	"Cluster 51: Myeloma - Immunoglobulins"	"Cluster 77: Plasma cells - Protein processing"					"unprognostic (1.68e-1)"	"potential prognostic favorable (2.75e-4)"		"unprognostic (2.05e-2)"	"unprognostic (3.42e-1)"	"unprognostic (1.96e-1)"	"unprognostic (3.71e-3)"		"potential prognostic favorable (1.09e-4)"	"unprognostic (2.88e-2)"	"potential prognostic unfavorable (7.69e-4)"	"unprognostic (8.73e-2)"	"potential prognostic unfavorable (5.58e-4)"	"unprognostic (1.41e-1)"		"unprognostic (6.65e-2)"	"unprognostic (3.18e-2)"	"unprognostic (7.36e-2)"	"unprognostic (1.19e-1)"	"unprognostic (1.27e-2)"		"unprognostic (1.47e-1)"		"unprognostic (2.72e-1)"	"unprognostic (7.13e-3)"	"unprognostic (1.56e-1)"	"unprognostic (1.06e-1)"	"unprognostic (7.70e-2)"	"unprognostic (1.73e-1)"	"unprognostic (2.06e-1)"	"unprognostic (1.08e-1)"
IGHV3-33		ENSG00000211955	"Immunoglobulin heavy variable 3-33"	P01772	14	106359793-106360324	"Immunoglobulin genes, Predicted secreted proteins"	"Adaptive immunity, Immunity"			"Evidence at protein level"	"Evidence at transcript level"	"Evidence at protein level"	"Evidence at protein level"	"Tissue enhanced"	"Detected in many"		"intestine: 1029.4;lymphoid tissue: 2300.1;stomach 1: 1727.2"	"Cell type enriched"	"Detected in some"	87	"Plasma cells: 1362.7"	"Not detected"	"Not detected"			"Low cancer specificity"	"Detected in all"			"Region enhanced"	"Detected in many"		"cerebral cortex: 6.6"	"Group enriched"	"Detected in many"	101	"memory B-cell: 380.3;naive B-cell: 365.8"	"Lineage enriched"	"Detected in many"	103	"B-cells: 380.3"	"Cancer enriched"	"Detected in some"	6	"lymphoma: 24.3"	"Adipose subcutaneous - Plasma cells, Adipose visceral - Plasma cells, Adrenal gland - Plasma cells, Breast - Plasma cells, Colon - Plasma cells, Heart muscle - Plasma cells, Kidney - Plasma cells, Liver - Plasma cells, Lung - Plasma cells, Minor Salivary Gland - Plasma cells, Pancreas - Plasma cells, Pituitary gland - Plasma cells, Prostate - Plasma cells, Skeletal muscle - Plasma cells, Skin - Plasma cells, Spleen - Plasma cells, Stomach - Plasma cells, Thyroid gland - Plasma cells"														"Immunoglobulin genes"	Immunity	NA	NA		13000000000	"Cluster 23: B-cells - Immunoglobulins"		"Cluster 8: Immune cells - Immune response"	"Cluster 46: Lymphoma - Humoral immune response"	"Cluster 77: Plasma cells - Protein processing"					"unprognostic (1.17e-1)"	"unprognostic (1.30e-3)"		"unprognostic (1.50e-2)"	"unprognostic (9.71e-2)"	"unprognostic (3.07e-1)"	"potential prognostic unfavorable (3.31e-4)"	"unprognostic (1.89e-1)"	"potential prognostic favorable (3.60e-5)"	"unprognostic (3.06e-1)"	"unprognostic (4.14e-2)"	"unprognostic (9.65e-2)"	"unprognostic (1.05e-3)"	"unprognostic (1.37e-1)"		"unprognostic (5.31e-2)"	"unprognostic (3.55e-2)"	"unprognostic (8.30e-2)"	"unprognostic (1.06e-1)"	"unprognostic (4.67e-2)"	"unprognostic (1.73e-1)"	"unprognostic (6.30e-2)"	"unprognostic (7.29e-3)"	"unprognostic (2.73e-1)"	"unprognostic (1.01e-2)"	"unprognostic (1.90e-1)"	"unprognostic (3.60e-1)"	"unprognostic (5.40e-2)"	"unprognostic (1.30e-1)"	"unprognostic (2.15e-1)"	"unprognostic (2.41e-1)"
IGHV3-38		ENSG00000211958	"Immunoglobulin heavy variable 3-38 (non-functional)"	A0A0C4DH36	14	106410493-106411021	"Immunoglobulin genes, Predicted secreted proteins"	"Adaptive immunity, Immunity"			"Evidence at protein level"	"Evidence at transcript level"	"Evidence at protein level"	"Evidence at protein level"	"Tissue enhanced"	"Detected in some"		"intestine: 9.7;lymphoid tissue: 10.1;urinary bladder: 7.0"	"Cell type enriched"	"Detected in single"	86	"Plasma cells: 8.6"	"Not detected"	"Not detected"			"Low cancer specificity"	"Detected in many"			"Not detected"	"Not detected"			"Group enriched"	"Detected in some"	25	"memory B-cell: 3.4;naive B-cell: 1.5"	"Lineage enriched"	"Detected in single"	34	"B-cells: 3.4"	"Cancer enriched"	"Detected in single"	5	"prostate cancer: 1.4"	"Adipose visceral - Plasma cells, Breast - Plasma cells, Liver - Plasma cells, Lung - Plasma cells, Minor Salivary Gland - Plasma cells, Spleen - Plasma cells, Stomach - Plasma cells, Thyroid gland - Plasma cells"														"Immunoglobulin genes"	Immunity	NA	NA		3800000000	"Cluster 23: B-cells - Immunoglobulins"			"Cluster 60: Prostate cancer - Unknown function"	"Cluster 61: Plasma cells - Immunoglobulins & histones"						"potential prognostic favorable (3.58e-7)"		"unprognostic (7.81e-2)"	"unprognostic (3.36e-2)"	"unprognostic (2.43e-1)"			"unprognostic (3.65e-3)"		"unprognostic (1.46e-1)"	"unprognostic (8.33e-2)"				"unprognostic (2.96e-1)"	"unprognostic (2.94e-2)"	"unprognostic (1.46e-1)"	"unprognostic (5.71e-2)"			"unprognostic (7.72e-2)"			"unprognostic (4.64e-2)"	"unprognostic (2.33e-1)"	"unprognostic (2.25e-1)"	"unprognostic (2.36e-1)"	"unprognostic (2.27e-1)"	"unprognostic (7.82e-2)"	"unprognostic (6.04e-1)"
IGHV3-43		ENSG00000232216	"Immunoglobulin heavy variable 3-43"	A0A0B4J1X8	14	106470264-106470800	"Immunoglobulin genes, Predicted secreted proteins"	"Adaptive immunity, Immunity"			"Evidence at protein level"	"Evidence at transcript level"	"No human protein/transcript evidence"	"Evidence at protein level"	"Tissue enhanced"	"Detected in many"		"lymphoid tissue: 205.9;stomach 1: 305.8;urinary bladder: 148.1"	"Cell type enriched"	"Detected in some"	36	"Plasma cells: 606.2"					"Low cancer specificity"	"Detected in many"			"Region enhanced"	"Detected in single"		"medulla oblongata: 1.5"	"Group enriched"	"Detected in some"	319	"memory B-cell: 29.5;naive B-cell: 39.2"	"Lineage enriched"	"Detected in single"	364	"B-cells: 39.2"	"Not detected"	"Not detected"			"Adipose subcutaneous - Plasma cells, Adipose visceral - Plasma cells, Adrenal gland - Plasma cells, Breast - Plasma cells, Colon - Plasma cells, Heart muscle - Plasma cells, Kidney - Plasma cells, Liver - Plasma cells, Lung - Plasma cells, Minor Salivary Gland - Plasma cells, Pancreas - Plasma cells, Pituitary gland - Plasma cells, Prostate - Plasma cells, Skeletal muscle - Plasma cells, Skin - Plasma cells, Spleen - Plasma cells, Stomach - Plasma cells, Thyroid gland - Plasma cells"														"Immunoglobulin genes"	Immunity	NA	NA		6100000000	"Cluster 17: B-cells - Immunoglobulins"		"Cluster 8: Immune cells - Immune response"	"Cluster 55: Lymphoma - Immune response"	"Cluster 23: Plasma cells - Humoral immune response"					"unprognostic (4.47e-3)"	"potential prognostic favorable (1.97e-4)"		"unprognostic (1.66e-2)"	"unprognostic (1.59e-1)"	"unprognostic (1.77e-1)"			"unprognostic (4.67e-3)"	"unprognostic (5.32e-1)"	"unprognostic (3.17e-2)"	"unprognostic (3.66e-1)"	"unprognostic (7.81e-2)"	"unprognostic (2.09e-2)"		"unprognostic (8.62e-2)"	"unprognostic (8.48e-3)"	"unprognostic (1.34e-1)"	"unprognostic (2.14e-1)"	"unprognostic (4.84e-3)"	"unprognostic (3.40e-1)"	"unprognostic (1.04e-1)"	"unprognostic (2.10e-2)"	"unprognostic (7.30e-3)"	"unprognostic (2.20e-2)"	"unprognostic (2.50e-2)"	"unprognostic (2.13e-1)"	"unprognostic (2.94e-1)"	"unprognostic (1.36e-1)"	"unprognostic (1.11e-1)"	"unprognostic (2.99e-1)"
IGHV3-48		ENSG00000211964	"Immunoglobulin heavy variable 3-48"	P01763	14	106537810-106538344	"Immunoglobulin genes, Predicted secreted proteins"	"Adaptive immunity, Immunity"			"Evidence at protein level"	"Evidence at transcript level"	"Evidence at protein level"	"Evidence at protein level"	"Tissue enhanced"	"Detected in many"		"intestine: 500.5;lymphoid tissue: 832.0;stomach 1: 393.2"	"Cell type enriched"	"Detected in some"	71	"Plasma cells: 3482.0"	"Not detected"	"Not detected"			"Low cancer specificity"	"Detected in all"			"Group enriched"	"Detected in some"	4	"cerebral cortex: 2.7;medulla oblongata: 1.5;pons: 1.5"	"Group enriched"	"Detected in some"	527	"memory B-cell: 187.8;naive B-cell: 97.9"	"Lineage enriched"	"Detected in single"	692	"B-cells: 187.8"	"Group enriched"	"Detected in some"	285	"lymphoma: 65.7;Myeloma: 21.6"	"Adipose subcutaneous - Plasma cells, Adipose visceral - Plasma cells, Adrenal gland - Plasma cells, Breast - Plasma cells, Colon - Plasma cells, Heart muscle - Plasma cells, Kidney - Plasma cells, Liver - Plasma cells, Lung - Plasma cells, Minor Salivary Gland - Plasma cells, Pancreas - Plasma cells, Pituitary gland - Plasma cells, Prostate - Plasma cells, Skeletal muscle - Plasma cells, Skin - Plasma cells, Spleen - Plasma cells, Stomach - Plasma cells, Thyroid gland - Plasma cells"														"Immunoglobulin genes"	Immunity	NA	NA		52000000000	"Cluster 17: B-cells - Immunoglobulins"		"Cluster 8: Immune cells - Immune response"	"Cluster 55: Lymphoma - Immune response"	"Cluster 23: Plasma cells - Humoral immune response"					"unprognostic (1.63e-2)"	"unprognostic (7.03e-3)"		"unprognostic (1.40e-2)"	"unprognostic (9.91e-2)"	"unprognostic (3.00e-1)"	"unprognostic (4.35e-2)"	"unprognostic (7.19e-2)"	"potential prognostic favorable (3.17e-4)"	"unprognostic (1.12e-1)"	"unprognostic (5.88e-3)"	"unprognostic (6.12e-2)"	"unprognostic (2.02e-2)"	"unprognostic (1.86e-2)"		"unprognostic (7.07e-3)"	"unprognostic (6.40e-2)"	"unprognostic (9.48e-2)"	"unprognostic (1.12e-1)"	"unprognostic (6.76e-2)"	"unprognostic (3.40e-1)"	"unprognostic (4.43e-1)"	"unprognostic (1.32e-2)"	"unprognostic (1.22e-1)"	"unprognostic (1.64e-2)"	"unprognostic (1.32e-1)"	"unprognostic (2.33e-1)"	"unprognostic (1.66e-1)"	"unprognostic (1.20e-1)"	"unprognostic (1.47e-1)"	"unprognostic (3.43e-1)"
IGHV3-53		ENSG00000211967	"Immunoglobulin heavy variable 3-53"	P01767	14	106592676-106593347	"Immunoglobulin genes, Predicted secreted proteins"	"Adaptive immunity, Immunity"			"Evidence at protein level"	"Evidence at transcript level"	"Evidence at protein level"	"Evidence at protein level"	"Tissue enhanced"	"Detected in many"		"intestine: 79.1;lymphoid tissue: 125.8;stomach 1: 42.2"	"Cell type enriched"	"Detected in some"	68	"Plasma cells: 592.4"	"Not detected"	"Not detected"			"Low cancer specificity"	"Detected in many"			"Not detected"	"Not detected"			"Group enriched"	"Detected in some"	98	"memory B-cell: 54.9;naive B-cell: 52.9"	"Lineage enriched"	"Detected in single"	100	"B-cells: 54.9"	"Group enriched"	"Detected in some"	113	"Leukemia: 8.2;lymphoma: 19.1"	"Adipose subcutaneous - Plasma cells, Adipose visceral - Plasma cells, Adrenal gland - Plasma cells, Breast - Plasma cells, Colon - Plasma cells, Kidney - Plasma cells, Liver - Plasma cells, Lung - Plasma cells, Minor Salivary Gland - Plasma cells, Pancreas - Plasma cells, Pituitary gland - Plasma cells, Prostate - Plasma cells, Skin - Plasma cells, Spleen - Plasma cells, Stomach - Plasma cells, Thyroid gland - Plasma cells"														"Immunoglobulin genes"	Immunity	NA	NA		6900000000	"Cluster 17: B-cells - Immunoglobulins"			"Cluster 46: Lymphoma - Humoral immune response"	"Cluster 61: Plasma cells - Immunoglobulins & histones"					"unprognostic (2.03e-1)"	"unprognostic (2.44e-3)"		"unprognostic (2.14e-2)"	"unprognostic (7.37e-2)"	"unprognostic (4.44e-1)"			"potential prognostic favorable (3.32e-4)"	"unprognostic (1.32e-1)"	"unprognostic (1.07e-1)"	"unprognostic (1.71e-2)"	"unprognostic (5.21e-3)"	"unprognostic (8.00e-2)"		"unprognostic (3.08e-2)"	"unprognostic (3.39e-2)"	"unprognostic (3.03e-2)"	"unprognostic (6.37e-2)"	"unprognostic (4.77e-2)"	"unprognostic (3.23e-1)"	"unprognostic (1.79e-1)"	"unprognostic (3.11e-3)"	"unprognostic (3.86e-2)"	"unprognostic (2.19e-2)"	"unprognostic (4.54e-2)"	"unprognostic (3.60e-1)"	"unprognostic (2.07e-1)"	"unprognostic (4.40e-1)"	"unprognostic (1.94e-1)"	"unprognostic (2.07e-1)"
IGHV3-64D		ENSG00000282639	"Immunoglobulin heavy variable 3-64D"	A0A0J9YX35	14	106088122-106088573	"Immunoglobulin genes, Predicted secreted proteins"	"Adaptive immunity, Immunity"			"Evidence at protein level"	"Evidence at transcript level"	"No human protein/transcript evidence"	"Evidence at protein level"	"Tissue enhanced"	"Detected in many"		"intestine: 139.8;lymphoid tissue: 262.8"	"Cell type enriched"	"Detected in some"	227	"Plasma cells: 1028.5"	"Not detected"	"Not detected"			"Low cancer specificity"	"Detected in many"			"Not detected"	"Not detected"			"Group enriched"	"Detected in some"	301	"memory B-cell: 43.4;naive B-cell: 18.8"	"Lineage enriched"	"Detected in single"	420	"B-cells: 43.4"	"Cancer enhanced"	"Detected in single"		"Leukemia: 1.5"	"Adipose subcutaneous - Plasma cells, Adipose visceral - Plasma cells, Adrenal gland - Plasma cells, Breast - Plasma cells, Colon - Plasma cells, Liver - Plasma cells, Lung - Plasma cells, Minor Salivary Gland - Plasma cells, Pancreas - Plasma cells, Pituitary gland - Plasma cells, Prostate - Plasma cells, Skin - Plasma cells, Stomach - Plasma cells, Thyroid gland - Plasma cells"														"Immunoglobulin genes"	Immunity	NA	NA		2800000000	"Cluster 23: B-cells - Immunoglobulins"			"Cluster 55: Lymphoma - Immune response"	"Cluster 77: Plasma cells - Protein processing"					"unprognostic (3.56e-1)"	"potential prognostic favorable (9.41e-4)"		"unprognostic (1.12e-3)"	"unprognostic (9.84e-2)"	"unprognostic (2.66e-2)"			"unprognostic (2.50e-3)"		"unprognostic (9.62e-3)"	"unprognostic (1.20e-1)"	"unprognostic (1.12e-2)"	"unprognostic (1.93e-1)"		"unprognostic (3.75e-2)"	"unprognostic (3.04e-1)"	"unprognostic (1.46e-1)"	"unprognostic (8.83e-2)"	"unprognostic (8.06e-2)"		"unprognostic (8.72e-2)"		"unprognostic (3.59e-1)"	"unprognostic (1.12e-2)"	"unprognostic (2.77e-1)"	"unprognostic (1.45e-1)"	"unprognostic (5.98e-2)"	"unprognostic (1.34e-1)"	"unprognostic (3.98e-1)"	"unprognostic (2.05e-1)"
IGHV3-7		ENSG00000211938	"Immunoglobulin heavy variable 3-7"	P01780	14	106062151-106062683	"Immunoglobulin genes, Predicted secreted proteins"	"Adaptive immunity, Immunity"			"Evidence at protein level"	"Evidence at transcript level"	"Evidence at protein level"	"Evidence at protein level"	"Tissue enhanced"	"Detected in many"		"intestine: 445.8;lymphoid tissue: 933.8"	"Cell type enriched"	"Detected in some"	127	"Plasma cells: 12065.3"	"Not detected"	"Not detected"			"Low cancer specificity"	"Detected in all"			"Low region specificity"	"Detected in many"			"Group enriched"	"Detected in some"	148	"memory B-cell: 136.5;naive B-cell: 108.1"	"Lineage enriched"	"Detected in single"	165	"B-cells: 136.5"	"Group enriched"	"Detected in some"	327	"Leukemia: 220.1;lymphoma: 166.2;Myeloma: 182.7"	"Adipose subcutaneous - Plasma cells, Adipose visceral - Plasma cells, Adrenal gland - Plasma cells, Breast - Plasma cells, Colon - Plasma cells, Heart muscle - Plasma cells, Kidney - Plasma cells, Liver - Plasma cells, Lung - Plasma cells, Minor Salivary Gland - Plasma cells, Pancreas - Plasma cells, Pituitary gland - Plasma cells, Prostate - Plasma cells, Skeletal muscle - Plasma cells, Skin - Plasma cells, Spleen - Plasma cells, Stomach - Plasma cells, Thyroid gland - Plasma cells"														"Immunoglobulin genes"	Immunity	NA	NA		45000000000	"Cluster 23: B-cells - Immunoglobulins"		"Cluster 39: Astrocytes - Mixed function"	"Cluster 55: Lymphoma - Immune response"	"Cluster 23: Plasma cells - Humoral immune response"					"unprognostic (4.27e-2)"	"unprognostic (2.11e-3)"		"unprognostic (1.99e-1)"	"unprognostic (1.57e-2)"	"unprognostic (3.52e-2)"	"unprognostic (4.83e-2)"	"unprognostic (9.05e-2)"	"unprognostic (1.08e-3)"	"unprognostic (1.91e-1)"	"unprognostic (3.03e-1)"	"unprognostic (1.17e-1)"	"unprognostic (4.20e-2)"	"unprognostic (9.49e-3)"		"unprognostic (2.79e-1)"	"unprognostic (1.68e-1)"	"unprognostic (1.37e-1)"	"unprognostic (6.31e-3)"	"unprognostic (1.59e-1)"	"unprognostic (2.87e-1)"	"unprognostic (8.03e-2)"	"unprognostic (2.08e-3)"	"unprognostic (4.67e-2)"	"unprognostic (1.81e-1)"	"unprognostic (1.01e-2)"	"unprognostic (1.39e-1)"	"unprognostic (8.37e-2)"	"unprognostic (7.72e-2)"	"unprognostic (2.27e-1)"	"unprognostic (1.86e-1)"
IGHV3-73		ENSG00000211976	"Immunoglobulin heavy variable 3-73"	A0A0B4J1V6	14	106802694-106803233	"Immunoglobulin genes, Predicted secreted proteins"	"Adaptive immunity, Immunity"			"Evidence at protein level"	"Evidence at transcript level"	"No human protein/transcript evidence"	"Evidence at protein level"	"Tissue enhanced"	"Detected in many"		"intestine: 137.0;urinary bladder: 79.0"	"Cell type enriched"	"Detected in some"	157	"Plasma cells: 719.8"	"Not detected"	"Not detected"			"Cancer enhanced"	"Detected in many"		"Lung Adenocarcinoma (TCGA): 130.2"	"Not detected"	"Not detected"			"Group enriched"	"Detected in some"	87	"memory B-cell: 70.1;naive B-cell: 43.3"	"Lineage enriched"	"Detected in single"	107	"B-cells: 70.1"	"Group enriched"	"Detected in some"	232	"lymphoma: 13.6;Myeloma: 32.8"	"Adipose visceral - Plasma cells, Breast - Plasma cells, Liver - Plasma cells, Lung - Plasma cells, Minor Salivary Gland - Plasma cells, Pancreas - Plasma cells, Prostate - Plasma cells, Spleen - Plasma cells, Stomach - Plasma cells, Thyroid gland - Plasma cells"														"Immunoglobulin genes"	Immunity	NA	NA		4100000000	"Cluster 17: B-cells - Immunoglobulins"			"Cluster 55: Lymphoma - Immune response"	"Cluster 77: Plasma cells - Protein processing"					"unprognostic (1.84e-1)"	"unprognostic (3.79e-2)"		"unprognostic (7.29e-2)"	"unprognostic (3.72e-2)"	"unprognostic (3.61e-2)"			"potential prognostic favorable (8.72e-4)"		"unprognostic (5.16e-2)"	"unprognostic (1.70e-1)"	"unprognostic (8.71e-2)"	"unprognostic (1.51e-1)"		"unprognostic (1.95e-3)"	"unprognostic (1.63e-1)"	"unprognostic (1.94e-1)"	"unprognostic (8.52e-3)"	"unprognostic (2.03e-1)"	"unprognostic (3.01e-1)"	"unprognostic (6.82e-2)"	"unprognostic (6.90e-3)"	"unprognostic (3.38e-1)"	"unprognostic (9.71e-3)"	"unprognostic (8.43e-2)"	"unprognostic (2.11e-1)"	"unprognostic (3.23e-2)"	"unprognostic (9.00e-2)"	"unprognostic (9.28e-2)"	"unprognostic (1.55e-1)"
IGHV3OR16-17	IGHV3/OR16-17	ENSG00000259680	"Immunoglobulin heavy variable 3/OR16-17 (non-functional)"		16	33844784-33845229	"Predicted intracellular proteins"				"Evidence at transcript level"	"Evidence at transcript level"			"Tissue enhanced"	"Detected in some"		"intestine: 11.1;lymphoid tissue: 23.6;stomach 1: 11.4"	"Cell type enriched"	"Detected in single"	26	"Plasma cells: 2.6"	"Not detected"	"Not detected"			"Low cancer specificity"	"Detected in many"			"Not detected"	"Not detected"			"Group enriched"	"Detected in some"	21	"memory B-cell: 1.6;naive B-cell: 2.6"	"Lineage enriched"	"Detected in single"	26	"B-cells: 2.6"	"Cancer enriched"	"Detected in single"	42	"Myeloma: 8.4"	"Breast - Plasma cells, Lung - Plasma cells, Minor Salivary Gland - Plasma cells, Spleen - Plasma cells, Stomach - Plasma cells, Thyroid gland - Plasma cells"																NA	NA				"Cluster 70: Lymphoid tissue - Immune response"		"Cluster 51: Myeloma - Immunoglobulins"	"Cluster 61: Plasma cells - Immunoglobulins & histones"						"unprognostic (2.16e-3)"		"unprognostic (2.72e-1)"	"unprognostic (3.21e-1)"	"unprognostic (1.59e-1)"			"potential prognostic favorable (3.85e-4)"			"unprognostic (2.87e-2)"				"unprognostic (1.73e-1)"	"unprognostic (1.42e-1)"	"unprognostic (1.65e-1)"	"unprognostic (2.47e-2)"			"unprognostic (2.48e-1)"			"unprognostic (1.67e-1)"	"unprognostic (1.90e-1)"		"unprognostic (1.52e-1)"	"unprognostic (6.26e-1)"	"unprognostic (6.01e-2)"	
IGHV3OR16-9	IGHV3/OR16-9	ENSG00000270472	"Immunoglobulin heavy variable 3/OR16-9 (non-functional)"		16	32066065-32066358	"Immunoglobulin genes, Predicted intracellular proteins"				"Evidence at transcript level"	"Evidence at transcript level"			"Tissue enhanced"	"Detected in many"		"intestine: 69.5;lymphoid tissue: 84.5;stomach 1: 73.3"	"Cell type enriched"	"Detected in single"	12	"Plasma cells: 1.2"					"Low cancer specificity"	"Detected in many"			"Low region specificity"	"Detected in many"			"Group enriched"	"Detected in some"	133	"memory B-cell: 19.5;naive B-cell: 6.9"	"Lineage enriched"	"Detected in single"	195	"B-cells: 19.5"	"Cancer enriched"	"Detected in some"	11	"lymphoma: 15.0"	"Adipose visceral - Plasma cells, Breast - Plasma cells, Liver - Plasma cells, Lung - Plasma cells, Minor Salivary Gland - Plasma cells, Spleen - Plasma cells, Stomach - Plasma cells, Thyroid gland - Plasma cells"																NA	NA			"Cluster 17: B-cells - Immunoglobulins"		"Cluster 43: Hindbrain - Mixed function"	"Cluster 55: Lymphoma - Immune response"	"Cluster 61: Plasma cells - Immunoglobulins & histones"					"unprognostic (5.04e-1)"	"unprognostic (5.03e-3)"		"unprognostic (2.54e-1)"	"unprognostic (3.96e-2)"	"unprognostic (1.51e-1)"			"potential prognostic favorable (1.46e-4)"		"potential prognostic unfavorable (3.73e-4)"	"unprognostic (1.30e-1)"	"unprognostic (1.14e-3)"	"unprognostic (3.78e-1)"		"unprognostic (9.09e-2)"	"unprognostic (1.80e-1)"	"unprognostic (1.14e-1)"	"unprognostic (1.25e-1)"	"unprognostic (1.56e-2)"		"unprognostic (4.67e-1)"		"unprognostic (4.82e-1)"	"unprognostic (4.93e-2)"	"unprognostic (2.09e-1)"	"unprognostic (1.56e-1)"	"unprognostic (1.97e-1)"	"unprognostic (3.36e-1)"	"unprognostic (2.76e-1)"	"unprognostic (3.81e-1)"
IGHV4-31		ENSG00000231475	"Immunoglobulin heavy variable 4-31"	A0A087WSY4	14	106349283-106349792	"Immunoglobulin genes, Predicted secreted proteins"	"Adaptive immunity, Immunity"			"Evidence at protein level"	"Evidence at transcript level"	"No human protein/transcript evidence"	"Evidence at protein level"	"Tissue enhanced"	"Detected in many"		"lymphoid tissue: 452.7;urinary bladder: 184.7"	"Cell type enriched"	"Detected in some"	152	"Plasma cells: 1180.9"	"Not detected"	"Not detected"			"Cancer enhanced"	"Detected in many"		"Lung Squamous Cell Carcinoma (TCGA): 128.0"	"Region enhanced"	"Detected in some"		"spinal cord: 2.8"	"Group enriched"	"Detected in some"	48	"memory B-cell: 43.7;naive B-cell: 19.4"	"Lineage enriched"	"Detected in single"	66	"B-cells: 43.7"	"Cancer enriched"	"Detected in some"	12	"Myeloma: 35.4"	"Adipose subcutaneous - Plasma cells, Adipose visceral - Plasma cells, Adrenal gland - Plasma cells, Breast - Plasma cells, Colon - Plasma cells, Heart muscle - Plasma cells, Liver - Plasma cells, Lung - Plasma cells, Minor Salivary Gland - Plasma cells, Pancreas - Plasma cells, Pituitary gland - Plasma cells, Prostate - Plasma cells, Skin - Plasma cells, Spleen - Plasma cells, Stomach - Plasma cells, Thyroid gland - Plasma cells"														"Immunoglobulin genes"	Immunity	NA	NA		900000000	"Cluster 17: B-cells - Immunoglobulins"		"Cluster 7: Non-specific - Ribosome"	"Cluster 51: Myeloma - Immunoglobulins"	"Cluster 23: Plasma cells - Humoral immune response"					"unprognostic (5.21e-2)"	"potential prognostic favorable (1.58e-4)"		"unprognostic (3.32e-2)"	"unprognostic (1.21e-1)"	"unprognostic (1.50e-1)"			"potential prognostic favorable (1.02e-4)"		"potential prognostic unfavorable (1.50e-4)"	"unprognostic (1.92e-1)"	"unprognostic (1.36e-3)"	"unprognostic (8.69e-2)"		"unprognostic (8.57e-2)"	"unprognostic (2.86e-1)"	"unprognostic (3.35e-1)"	"unprognostic (1.09e-2)"	"unprognostic (1.67e-1)"	"unprognostic (3.32e-1)"	"unprognostic (8.65e-2)"	"unprognostic (9.58e-3)"	"unprognostic (6.54e-2)"	"unprognostic (9.61e-2)"	"unprognostic (1.73e-1)"	"unprognostic (5.88e-1)"	"unprognostic (2.34e-1)"	"unprognostic (2.11e-1)"	"unprognostic (1.80e-1)"	"unprognostic (2.26e-1)"
IGHV4-4		ENSG00000276775	"Immunoglobulin heavy variable 4-4"	A0A075B6R2	14	106011922-106012420	"Immunoglobulin genes, Predicted secreted proteins"	"Adaptive immunity, Immunity"			"Evidence at protein level"	"Evidence at transcript level"	"No human protein/transcript evidence"	"Evidence at protein level"	"Tissue enhanced"	"Detected in many"		"lymphoid tissue: 549.8;urinary bladder: 742.3"	"Cell type enriched"	"Detected in some"	192	"Plasma cells: 1574.7"	"Not detected"	"Not detected"			"Low cancer specificity"	"Detected in all"			"Region enriched"	"Detected in single"	10	"midbrain: 9.4"	"Group enriched"	"Detected in some"	23	"memory B-cell: 56.8;naive B-cell: 31.4"	"Lineage enriched"	"Detected in many"	29	"B-cells: 56.8"	"Group enriched"	"Detected in some"	49	"lymphoma: 23.3;Myeloma: 69.5"	"Adipose subcutaneous - Plasma cells, Adipose visceral - Plasma cells, Adrenal gland - Plasma cells, Breast - Plasma cells, Colon - Plasma cells, Heart muscle - Plasma cells, Liver - Plasma cells, Lung - Plasma cells, Minor Salivary Gland - Plasma cells, Pancreas - Plasma cells, Pituitary gland - Plasma cells, Prostate - Plasma cells, Skin - Plasma cells, Spleen - Plasma cells, Stomach - Plasma cells, Thyroid gland - Plasma cells"														"Immunoglobulin genes"	Immunity	NA	NA		5400000000	"Cluster 17: B-cells - Immunoglobulins"		"Cluster 46: Brainstem - Mixed function"	"Cluster 55: Lymphoma - Immune response"	"Cluster 77: Plasma cells - Protein processing"					"unprognostic (4.75e-2)"	"unprognostic (1.27e-2)"		"unprognostic (8.05e-2)"	"unprognostic (5.36e-2)"	"unprognostic (8.48e-2)"	"unprognostic (4.61e-2)"		"potential prognostic favorable (1.11e-5)"	"unprognostic (3.30e-1)"	"unprognostic (4.11e-3)"	"unprognostic (2.13e-1)"	"unprognostic (1.26e-2)"	"unprognostic (3.20e-2)"		"unprognostic (1.91e-1)"	"unprognostic (6.43e-2)"	"unprognostic (1.75e-1)"	"unprognostic (9.74e-3)"	"unprognostic (1.19e-1)"		"unprognostic (1.56e-1)"		"unprognostic (1.49e-1)"	"unprognostic (6.80e-2)"	"unprognostic (3.16e-1)"	"unprognostic (6.42e-2)"	"unprognostic (2.50e-1)"	"unprognostic (1.38e-1)"	"unprognostic (1.48e-1)"	"unprognostic (4.96e-1)"
IGHV4-59		ENSG00000224373	"Immunoglobulin heavy variable 4-59"	P01825	14	106627249-106627825	"Immunoglobulin genes, Predicted secreted proteins"	"Adaptive immunity, Immunity"			"Evidence at protein level"	"Evidence at transcript level"	"Evidence at protein level"	"Evidence at protein level"	"Tissue enhanced"	"Detected in many"		"intestine: 507.2;lymphoid tissue: 883.5;urinary bladder: 679.1"	"Cell type enriched"	"Detected in some"	154	"Plasma cells: 7286.4"	"Not detected"	"Not detected"			"Low cancer specificity"	"Detected in all"			"Region enhanced"	"Detected in some"		"spinal cord: 3.7"	"Group enriched"	"Detected in some"	37	"memory B-cell: 169.4;naive B-cell: 77.5"	"Lineage enriched"	"Detected in many"	51	"B-cells: 169.4"	"Cancer enriched"	"Detected in some"	9	"lymphoma: 98.0"	"Adipose subcutaneous - Plasma cells, Adipose visceral - Plasma cells, Adrenal gland - Plasma cells, Breast - Plasma cells, Colon - Plasma cells, Heart muscle - Plasma cells, Kidney - Plasma cells, Liver - Plasma cells, Lung - Plasma cells, Minor Salivary Gland - Plasma cells, Pancreas - Plasma cells, Pituitary gland - Plasma cells, Prostate - Plasma cells, Skeletal muscle - Plasma cells, Skin - Plasma cells, Spleen - Plasma cells, Stomach - Plasma cells, Thyroid gland - Plasma cells"														"Immunoglobulin genes"	Immunity	NA	NA		8600000000	"Cluster 17: B-cells - Immunoglobulins"		"Cluster 8: Immune cells - Immune response"	"Cluster 46: Lymphoma - Humoral immune response"	"Cluster 77: Plasma cells - Protein processing"					"unprognostic (4.31e-2)"	"potential prognostic favorable (7.85e-5)"		"unprognostic (6.57e-2)"	"unprognostic (9.84e-2)"	"unprognostic (1.90e-1)"	"potential prognostic unfavorable (7.22e-4)"		"potential prognostic favorable (3.28e-5)"	"unprognostic (1.58e-1)"	"unprognostic (1.31e-2)"	"unprognostic (1.63e-1)"	"unprognostic (1.50e-3)"	"unprognostic (8.03e-2)"		"unprognostic (1.94e-2)"	"unprognostic (5.11e-2)"	"unprognostic (8.84e-2)"	"unprognostic (2.48e-1)"	"unprognostic (2.63e-2)"	"unprognostic (3.87e-1)"	"unprognostic (2.85e-1)"	"unprognostic (5.57e-2)"	"unprognostic (1.89e-1)"	"unprognostic (2.13e-2)"	"unprognostic (2.30e-1)"	"unprognostic (8.86e-2)"	"unprognostic (5.88e-2)"	"unprognostic (1.09e-1)"	"unprognostic (2.63e-1)"	"unprognostic (3.09e-1)"
IGHV4-61		ENSG00000211970	"Immunoglobulin heavy variable 4-61"	A0A0C4DH41	14	106639119-106639657	"Immunoglobulin genes, Predicted secreted proteins"	"Adaptive immunity, Immunity"			"Evidence at protein level"	"Evidence at transcript level"	"Evidence at protein level"	"Evidence at protein level"	"Tissue enhanced"	"Detected in many"		"intestine: 199.2;lymphoid tissue: 373.6;stomach 1: 138.8"	"Cell type enriched"	"Detected in some"	33	"Plasma cells: 1616.7"	"Not detected"	"Not detected"			"Low cancer specificity"	"Detected in many"			"Not detected"	"Not detected"			"Group enriched"	"Detected in some"	43	"memory B-cell: 39.1;naive B-cell: 25.6"	"Lineage enriched"	"Detected in single"	52	"B-cells: 39.1"	"Cancer enriched"	"Detected in single"	47	"lymphoma: 20.7"	"Adipose subcutaneous - Plasma cells, Adipose visceral - Plasma cells, Adrenal gland - Plasma cells, Breast - Plasma cells, Kidney - Plasma cells, Liver - Plasma cells, Lung - Plasma cells, Minor Salivary Gland - Plasma cells, Pancreas - Plasma cells, Pituitary gland - Plasma cells, Prostate - Plasma cells, Skin - Plasma cells, Spleen - Plasma cells, Stomach - Plasma cells, Thyroid gland - Plasma cells"														"Immunoglobulin genes"	Immunity	NA	NA		6700000000	"Cluster 23: B-cells - Immunoglobulins"			"Cluster 51: Myeloma - Immunoglobulins"	"Cluster 23: Plasma cells - Humoral immune response"					"unprognostic (3.27e-1)"	"potential prognostic favorable (4.41e-4)"		"unprognostic (7.27e-3)"	"unprognostic (1.38e-1)"	"unprognostic (1.80e-1)"			"potential prognostic favorable (1.11e-4)"		"unprognostic (2.27e-2)"	"unprognostic (1.12e-1)"	"potential prognostic unfavorable (5.09e-4)"	"unprognostic (1.81e-1)"		"unprognostic (6.99e-2)"	"unprognostic (7.65e-3)"	"unprognostic (3.34e-1)"	"unprognostic (1.34e-1)"	"unprognostic (1.69e-2)"	"unprognostic (1.35e-1)"	"unprognostic (1.42e-1)"	"unprognostic (2.46e-3)"	"unprognostic (8.75e-2)"	"unprognostic (9.87e-2)"	"unprognostic (8.83e-3)"	"unprognostic (2.97e-1)"	"unprognostic (1.85e-1)"	"unprognostic (3.82e-1)"	"unprognostic (3.57e-1)"	"unprognostic (2.18e-1)"
IGHV5-10-1	IGHV5-A	ENSG00000282651	"Immunoglobulin heavy variable 5-10-1"	A0A0J9YXX1	14	106107972-106108464	"Immunoglobulin genes, Predicted secreted proteins"	"Adaptive immunity, Immunity"			"Evidence at protein level"	"Evidence at transcript level"	"No human protein/transcript evidence"	"Evidence at protein level"	"Tissue enhanced"	"Detected in many"		"intestine: 305.4;lymphoid tissue: 548.7"	"Cell type enriched"	"Detected in some"	246	"Plasma cells: 5947.9"	"Not detected"	"Not detected"			"Cancer enhanced"	"Detected in all"		"Lung Squamous Cell Carcinoma (TCGA): 180.6"	"Not detected"	"Not detected"			"Group enriched"	"Detected in some"	15	"memory B-cell: 75.0;naive B-cell: 67.0"	"Lineage enriched"	"Detected in many"	16	"B-cells: 75.0"	"Group enriched"	"Detected in some"	9	"Leukemia: 1.6;lymphoma: 3.4"	"Adipose visceral - Plasma cells, Adrenal gland - Plasma cells, Breast - Plasma cells, Colon - Plasma cells, Minor Salivary Gland - Plasma cells, Pancreas - Plasma cells, Prostate - Plasma cells, Skin - Plasma cells, Stomach - Plasma cells, Thyroid gland - Plasma cells"									HPA006014	Approved				"Immunoglobulin genes"	Immunity	NA	NA		1300000000	"Cluster 23: B-cells - Immunoglobulins"			"Cluster 46: Lymphoma - Humoral immune response"	"Cluster 23: Plasma cells - Humoral immune response"				"HPA006014: "	"unprognostic (8.59e-2)"	"unprognostic (9.67e-2)"		"unprognostic (3.34e-1)"	"unprognostic (9.73e-2)"	"unprognostic (4.95e-2)"	"unprognostic (2.61e-1)"		"unprognostic (7.38e-2)"	"unprognostic (3.75e-1)"	"unprognostic (3.33e-2)"	"unprognostic (3.39e-3)"	"unprognostic (3.86e-2)"	"unprognostic (4.06e-1)"		"unprognostic (8.34e-2)"	"unprognostic (3.37e-1)"	"unprognostic (2.20e-2)"	"unprognostic (5.38e-2)"	"unprognostic (2.07e-1)"		"unprognostic (1.74e-1)"		"unprognostic (3.66e-1)"	"unprognostic (8.80e-3)"	"unprognostic (2.18e-1)"	"unprognostic (9.17e-2)"	"unprognostic (7.99e-3)"	"unprognostic (2.30e-1)"	"unprognostic (2.57e-1)"	"unprognostic (3.17e-1)"
IGHV7-4-1		ENSG00000282122	"Immunoglobulin heavy variable 7-4-1"	A0A0J9YVY3	14	106025145-106025630	"Immunoglobulin genes, Predicted secreted proteins"	"Adaptive immunity, Immunity"			"Evidence at protein level"	"Evidence at transcript level"	"No human protein/transcript evidence"	"Evidence at protein level"	"Tissue enhanced"	"Detected in many"		"intestine: 93.9;lymphoid tissue: 129.4"	"Cell type enriched"	"Detected in some"	96	"Plasma cells: 8553.1"	"Not detected"	"Not detected"			"Cancer enhanced"	"Detected in many"		"Testicular Germ Cell Tumor (TCGA): 83.5"	"Region enhanced"	"Detected in some"		"cerebral cortex: 1.2;white matter: 1.1"	"Group enriched"	"Detected in some"	110	"memory B-cell: 8.3;naive B-cell: 13.6"	"Lineage enriched"	"Detected in single"	137	"B-cells: 13.6"	"Cancer enriched"	"Detected in single"	97	"lymphoma: 18.4"	"Adipose visceral - Plasma cells, Breast - Plasma cells, Minor Salivary Gland - Plasma cells, Stomach - Plasma cells, Thyroid gland - Plasma cells"														"Immunoglobulin genes"	Immunity	NA	NA		710000000	"Cluster 17: B-cells - Immunoglobulins"		"Cluster 21: Non-specific - Metabolism"	"Cluster 46: Lymphoma - Humoral immune response"	"Cluster 23: Plasma cells - Humoral immune response"					"unprognostic (3.03e-3)"	"unprognostic (2.33e-3)"		"unprognostic (3.67e-2)"	"unprognostic (4.89e-1)"	"unprognostic (1.40e-1)"			"potential prognostic favorable (9.14e-4)"		"unprognostic (1.06e-1)"	"unprognostic (3.58e-1)"	"unprognostic (2.22e-2)"	"unprognostic (3.66e-1)"		"unprognostic (2.32e-1)"	"unprognostic (1.50e-2)"	"unprognostic (5.09e-2)"	"unprognostic (7.47e-2)"	"unprognostic (3.19e-1)"		"unprognostic (3.27e-1)"		"unprognostic (1.78e-1)"	"unprognostic (5.96e-2)"	"unprognostic (1.97e-1)"	"unprognostic (3.63e-1)"	"unprognostic (2.81e-1)"	"unprognostic (7.99e-2)"	"unprognostic (2.30e-1)"	"unprognostic (5.29e-1)"
IGHV7-81		ENSG00000211979	"Immunoglobulin heavy variable 7-81 (non-functional)"	A0A0B4J1V7	14	106874583-106875071	"Immunoglobulin genes, Predicted secreted proteins"	"Adaptive immunity, Immunity"			"Evidence at protein level"	"Evidence at transcript level"	"Evidence at protein level"	"Evidence at protein level"	"Tissue enhanced"	"Detected in some"		"intestine: 12.2;lymphoid tissue: 17.7;stomach 1: 12.0"	"Group enriched"	"Detected in some"	4	"B-cells: 2.9;Plasma cells: 2.1"	"Not detected"	"Not detected"			"Cancer enhanced"	"Detected in many"		"Testicular Germ Cell Tumor (TCGA): 57.5"	"Not detected"	"Not detected"			"Group enriched"	"Detected in some"	12	"memory B-cell: 5.5;naive B-cell: 4.0"	"Lineage enriched"	"Detected in single"	14	"B-cells: 5.5"	"Cancer enhanced"	"Detected in some"		"lymphoma: 8.1;Rhabdoid: 3.8"	"Breast - Plasma cells, Lung - Plasma cells, Minor Salivary Gland - Plasma cells, Spleen - Plasma cells, Stomach - Plasma cells, Thyroid gland - Plasma cells"														"Immunoglobulin genes"	Immunity	NA	NA		520000000	"Cluster 23: B-cells - Immunoglobulins"			"Cluster 46: Lymphoma - Humoral immune response"	"Cluster 73: B-cells - B-cell function"					"unprognostic (6.13e-3)"	"unprognostic (1.58e-2)"		"unprognostic (1.70e-1)"	"unprognostic (1.33e-1)"	"unprognostic (5.53e-2)"			"potential prognostic favorable (5.07e-4)"	"unprognostic (3.22e-1)"	"unprognostic (9.95e-2)"	"unprognostic (2.08e-2)"	"unprognostic (8.80e-2)"	"unprognostic (3.56e-1)"		"unprognostic (1.14e-2)"	"unprognostic (3.64e-2)"	"unprognostic (2.92e-2)"	"unprognostic (2.29e-1)"			"potential prognostic favorable (7.13e-4)"	"unprognostic (4.50e-1)"	"unprognostic (9.59e-2)"	"unprognostic (8.27e-2)"	"unprognostic (8.95e-2)"	"unprognostic (1.16e-1)"	"unprognostic (1.29e-1)"	"unprognostic (4.22e-1)"	"unprognostic (1.22e-1)"	"unprognostic (1.09e-1)"
IGKC	HCAK1	ENSG00000211592	"Immunoglobulin kappa constant"		2	88857161-88857683	"Immunoglobulin genes, Predicted intracellular proteins, Predicted secreted proteins"				"Evidence at transcript level"	"Evidence at transcript level"			"Tissue enhanced"	"Detected in all"		"intestine: 33950.8;lymphoid tissue: 61167.3"	"Cell type enriched"	"Detected in many"	8	"Plasma cells: 258180.9"	"Cell type enriched"	"Detected in single"	12	"leukocyte: 1.2"	"Low cancer specificity"	"Detected in all"			"Low region specificity"	"Detected in all"			"Group enriched"	"Detected in all"	21	"memory B-cell: 39309.6;naive B-cell: 35339.2"	"Lineage enriched"	"Detected in all"	23	"B-cells: 39309.6"	"Cancer enriched"	"Detected in many"	6	"Myeloma: 27290.2"	"Adipose subcutaneous - Plasma cells, Adipose visceral - Plasma cells, Adrenal gland - Plasma cells, Breast - Plasma cells, Colon - Plasma cells, Heart muscle - Plasma cells, Kidney - Plasma cells, Liver - Plasma cells, Lung - Plasma cells, Minor Salivary Gland - Plasma cells, Pancreas - Plasma cells, Pituitary gland - Plasma cells, Prostate - Plasma cells, Skeletal muscle - Plasma cells, Skin - Plasma cells, Spleen - Plasma cells, Stomach - Plasma cells, Thyroid gland - Plasma cells"	"Low region specificity"	"Detected in many"			"Low region specificity"	"Detected in all"			"CAB015377, HPA041235"	Uncertain		Approved	Vesicles,Cytosol	"Immunoglobulin genes"		NA	NA			"Cluster 17: B-cells - Immunoglobulins"		"Cluster 8: Immune cells - Immune response"	"Cluster 51: Myeloma - Immunoglobulins"	"Cluster 77: Plasma cells - Protein processing"		"Vesicles, Cytosol"		"CAB015377: AB_2251264, HPA041235: "	"unprognostic (7.72e-3)"	"potential prognostic favorable (3.27e-4)"		"unprognostic (1.01e-1)"	"unprognostic (1.21e-1)"	"unprognostic (2.70e-1)"	"unprognostic (1.18e-2)"	"unprognostic (2.70e-1)"	"potential prognostic favorable (4.66e-4)"	"unprognostic (1.55e-1)"	"potential prognostic unfavorable (5.19e-4)"	"unprognostic (1.06e-1)"	"unprognostic (5.59e-3)"	"unprognostic (6.46e-2)"		"unprognostic (1.50e-2)"	"unprognostic (3.75e-3)"	"unprognostic (1.66e-1)"	"unprognostic (5.63e-2)"	"unprognostic (1.90e-2)"	"unprognostic (3.60e-2)"	"unprognostic (1.36e-1)"	"unprognostic (5.26e-3)"	"unprognostic (4.54e-1)"	"unprognostic (1.98e-2)"	"unprognostic (1.42e-1)"	"unprognostic (5.62e-2)"	"unprognostic (1.43e-1)"	"unprognostic (1.46e-1)"	"unprognostic (8.67e-2)"	"unprognostic (8.35e-2)"
IGKJ2	J2	ENSG00000211596	"Immunoglobulin kappa joining 2"		2	88861525-88861563	"Immunoglobulin genes, Predicted intracellular proteins"				"Evidence at transcript level"	"Evidence at transcript level"			"Tissue enhanced"	"Detected in many"		"intestine: 2613.1;lymphoid tissue: 1871.2;salivary gland: 1172.0;stomach 1: 1427.7"	"Not detected"	"Not detected"			"Not detected"	"Not detected"			"Low cancer specificity"	"Detected in all"			"Low region specificity"	"Detected in many"			"Group enriched"	"Detected in all"	50	"memory B-cell: 22116.4;naive B-cell: 20711.8"	"Lineage enriched"	"Detected in all"	51	"B-cells: 22116.4"	"Group enriched"	"Detected in some"	10	"lymphoma: 264.8;Myeloma: 231.2"	"Adipose subcutaneous - Plasma cells, Adipose visceral - Plasma cells, Adrenal gland - Plasma cells, Breast - Plasma cells, Colon - Plasma cells, Heart muscle - Plasma cells, Kidney - Plasma cells, Liver - Plasma cells, Lung - Plasma cells, Minor Salivary Gland - Plasma cells, Pancreas - Plasma cells, Pituitary gland - Plasma cells, Prostate - Plasma cells, Skeletal muscle - Plasma cells, Skin - Plasma cells, Spleen - Plasma cells, Stomach - Plasma cells, Thyroid gland - Plasma cells"																NA	NA			"Cluster 23: B-cells - Immunoglobulins"		"Cluster 18: Non-specific - Mixed function"	"Cluster 46: Lymphoma - Humoral immune response"						"unprognostic (3.10e-2)"	"potential prognostic favorable (1.37e-4)"		"unprognostic (6.36e-2)"	"unprognostic (1.76e-1)"	"unprognostic (1.12e-1)"	"unprognostic (3.01e-2)"		"unprognostic (1.70e-3)"	"unprognostic (3.81e-1)"	"unprognostic (2.99e-2)"	"unprognostic (4.27e-1)"	"unprognostic (4.11e-1)"	"unprognostic (1.91e-1)"		"unprognostic (7.64e-2)"	"unprognostic (1.42e-2)"	"unprognostic (3.67e-1)"	"unprognostic (2.01e-1)"	"unprognostic (5.81e-2)"		"unprognostic (3.13e-1)"		"unprognostic (2.92e-1)"	"unprognostic (7.43e-3)"	"unprognostic (3.60e-1)"	"unprognostic (2.26e-1)"	"unprognostic (2.78e-1)"	"unprognostic (1.95e-1)"	"unprognostic (1.11e-1)"	"unprognostic (3.50e-1)"
IGKJ3		ENSG00000211595	"Immunoglobulin kappa joining 3"		2	88861221-88861258	"Immunoglobulin genes, Predicted intracellular proteins"				"Evidence at transcript level"	"Evidence at transcript level"			"Tissue enhanced"	"Detected in many"		"intestine: 983.5;lymphoid tissue: 869.4;stomach 1: 619.5"	"Not detected"	"Not detected"			"Not detected"	"Not detected"			"Low cancer specificity"	"Detected in all"			"Region enriched"	"Detected in many"	12	"spinal cord: 41.4"	"Group enriched"	"Detected in all"	25	"memory B-cell: 8634.6;naive B-cell: 7168.1"	"Lineage enriched"	"Detected in all"	28	"B-cells: 8634.6"	"Group enriched"	"Detected in some"	18	"lymphoma: 228.3;Myeloma: 454.5"	"Adipose subcutaneous - Plasma cells, Adipose visceral - Plasma cells, Adrenal gland - Plasma cells, Breast - Plasma cells, Colon - Plasma cells, Heart muscle - Plasma cells, Kidney - Plasma cells, Liver - Plasma cells, Lung - Plasma cells, Minor Salivary Gland - Plasma cells, Pancreas - Plasma cells, Pituitary gland - Plasma cells, Prostate - Plasma cells, Skeletal muscle - Plasma cells, Skin - Plasma cells, Spleen - Plasma cells, Stomach - Plasma cells, Thyroid gland - Plasma cells"																NA	NA			"Cluster 23: B-cells - Immunoglobulins"		"Cluster 7: Non-specific - Ribosome"	"Cluster 51: Myeloma - Immunoglobulins"	"Cluster 61: Plasma cells - Immunoglobulins & histones"					"unprognostic (1.70e-1)"	"potential prognostic favorable (7.61e-6)"		"unprognostic (1.69e-1)"	"unprognostic (1.51e-1)"	"unprognostic (1.32e-1)"	"unprognostic (1.19e-2)"	"unprognostic (4.69e-1)"	"potential prognostic favorable (9.14e-4)"		"unprognostic (5.14e-2)"	"unprognostic (4.84e-2)"	"unprognostic (4.51e-1)"	"unprognostic (2.21e-1)"		"unprognostic (1.33e-2)"	"unprognostic (2.55e-1)"	"unprognostic (3.61e-1)"	"unprognostic (1.75e-1)"	"unprognostic (8.01e-3)"		"unprognostic (8.09e-2)"		"unprognostic (6.03e-2)"	"unprognostic (5.53e-2)"	"unprognostic (7.66e-2)"	"unprognostic (1.11e-1)"	"unprognostic (2.57e-1)"	"unprognostic (3.18e-1)"	"unprognostic (1.68e-1)"	"unprognostic (3.29e-1)"
IGKJ4		ENSG00000211594	"Immunoglobulin kappa joining 4"		2	88860886-88860922	"Immunoglobulin genes, Predicted intracellular proteins"				"Evidence at transcript level"	"Evidence at transcript level"			"Tissue enhanced"	"Detected in many"		"intestine: 3174.2;lymphoid tissue: 2860.5;stomach 1: 1949.6"	"Not detected"	"Not detected"			"Not detected"	"Not detected"			"Cancer enhanced"	"Detected in all"		"Testicular Germ Cell Tumor (TCGA): 5258.9"	"Low region specificity"	"Detected in many"			"Group enriched"	"Detected in all"	42	"memory B-cell: 36351.4;naive B-cell: 27786.4"	"Lineage enriched"	"Detected in all"	48	"B-cells: 36351.4"	"Cancer enriched"	"Detected in many"	9	"Myeloma: 3755.6"	"Adipose subcutaneous - Plasma cells, Adipose visceral - Plasma cells, Adrenal gland - Plasma cells, Breast - Plasma cells, Colon - Plasma cells, Heart muscle - Plasma cells, Kidney - Plasma cells, Liver - Plasma cells, Lung - Plasma cells, Minor Salivary Gland - Plasma cells, Pancreas - Plasma cells, Pituitary gland - Plasma cells, Prostate - Plasma cells, Skeletal muscle - Plasma cells, Skin - Plasma cells, Spleen - Plasma cells, Stomach - Plasma cells, Thyroid gland - Plasma cells"																NA	NA			"Cluster 23: B-cells - Immunoglobulins"		"Cluster 43: Hindbrain - Mixed function"	"Cluster 51: Myeloma - Immunoglobulins"	"Cluster 61: Plasma cells - Immunoglobulins & histones"					"unprognostic (1.06e-1)"	"unprognostic (2.09e-3)"		"unprognostic (3.41e-2)"	"unprognostic (1.90e-1)"	"unprognostic (2.13e-1)"	"unprognostic (2.40e-3)"	"unprognostic (2.78e-1)"	"unprognostic (1.14e-3)"	"unprognostic (3.99e-1)"	"unprognostic (2.75e-2)"	"unprognostic (2.44e-1)"	"unprognostic (1.24e-1)"	"unprognostic (1.46e-1)"		"unprognostic (9.78e-3)"	"unprognostic (6.80e-3)"	"unprognostic (3.17e-1)"	"unprognostic (2.28e-1)"	"unprognostic (7.73e-3)"		"unprognostic (1.52e-1)"		"unprognostic (1.86e-1)"	"unprognostic (3.45e-2)"	"unprognostic (9.22e-2)"	"unprognostic (5.10e-2)"	"unprognostic (1.02e-1)"	"unprognostic (2.80e-1)"	"unprognostic (1.66e-1)"	"unprognostic (1.72e-1)"
IGKV1-12	"IGKV112, L19"	ENSG00000243290	"Immunoglobulin kappa variable 1-12"	A0A0C4DH73	2	89040224-89040745	"Immunoglobulin genes, Predicted secreted proteins"	"Adaptive immunity, Immunity"			"Evidence at transcript level"	"Evidence at transcript level"	"No human protein/transcript evidence"	"Evidence at transcript level"	"Tissue enhanced"	"Detected in many"		"intestine: 381.2;lymphoid tissue: 764.1"	"Cell type enriched"	"Detected in some"	199	"Plasma cells: 6634.2"	"Not detected"	"Not detected"			"Low cancer specificity"	"Detected in many"			"Low region specificity"	"Detected in some"			"Group enriched"	"Detected in some"	820	"memory B-cell: 261.0;naive B-cell: 165.1"	"Lineage enriched"	"Detected in single"	1004	"B-cells: 261.0"	"Cancer enhanced"	"Detected in single"		"Myeloma: 2.7"	"Adipose subcutaneous - Plasma cells, Adipose visceral - Plasma cells, Adrenal gland - Plasma cells, Breast - Plasma cells, Colon - Plasma cells, Heart muscle - Plasma cells, Kidney - Plasma cells, Liver - Plasma cells, Lung - Plasma cells, Minor Salivary Gland - Plasma cells, Pancreas - Plasma cells, Pituitary gland - Plasma cells, Prostate - Plasma cells, Skeletal muscle - Plasma cells, Skin - Plasma cells, Spleen - Plasma cells, Stomach - Plasma cells, Thyroid gland - Plasma cells"									HPA048721	Approved				"Immunoglobulin genes"	Immunity	NA	NA		18000000000	"Cluster 17: B-cells - Immunoglobulins"		"Cluster 22: Non-specific - Mixed function"	"Cluster 51: Myeloma - Immunoglobulins"	"Cluster 77: Plasma cells - Protein processing"				"HPA048721: "	"unprognostic (3.51e-2)"	"potential prognostic favorable (5.72e-5)"		"unprognostic (6.09e-3)"	"unprognostic (7.76e-2)"	"unprognostic (4.40e-1)"	"potential prognostic unfavorable (2.97e-4)"	"unprognostic (4.42e-2)"	"potential prognostic favorable (7.45e-4)"		"unprognostic (3.56e-3)"	"unprognostic (1.57e-2)"	"potential prognostic unfavorable (2.14e-4)"	"unprognostic (2.51e-1)"		"unprognostic (4.26e-2)"	"unprognostic (1.67e-2)"	"unprognostic (2.25e-1)"	"unprognostic (1.65e-1)"	"unprognostic (4.19e-2)"	"unprognostic (3.23e-1)"	"unprognostic (1.85e-1)"	"unprognostic (3.28e-2)"	"unprognostic (3.86e-1)"	"unprognostic (9.00e-3)"	"unprognostic (3.36e-1)"	"unprognostic (8.99e-2)"	"unprognostic (8.60e-2)"	"unprognostic (3.41e-1)"	"unprognostic (2.89e-1)"	"unprognostic (2.68e-1)"
IGKV1-16	"IGKV116, L1"	ENSG00000240864	"Immunoglobulin kappa variable 1-16"	P04430	2	89099859-89100361	"Immunoglobulin genes, Predicted secreted proteins"	"Adaptive immunity, Immunity"			"Evidence at protein level"	"Evidence at transcript level"	"Evidence at protein level"	"Evidence at protein level"	"Tissue enhanced"	"Detected in many"		"intestine: 269.4;lymphoid tissue: 578.6;urinary bladder: 251.4"	"Cell type enriched"	"Detected in some"	359	"Plasma cells: 10038.2"	"Not detected"	"Not detected"			"Low cancer specificity"	"Detected in many"			"Region enhanced"	"Detected in single"		"choroid plexus: 1.3"	"Group enriched"	"Detected in some"	522	"memory B-cell: 165.4;naive B-cell: 113.5"	"Lineage enriched"	"Detected in single"	619	"B-cells: 165.4"	"Cancer enriched"	"Detected in some"	44	"Myeloma: 129.4"	"Adipose subcutaneous - Plasma cells, Adipose visceral - Plasma cells, Adrenal gland - Plasma cells, Breast - Plasma cells, Colon - Plasma cells, Heart muscle - Plasma cells, Kidney - Plasma cells, Liver - Plasma cells, Lung - Plasma cells, Minor Salivary Gland - Plasma cells, Pancreas - Plasma cells, Pituitary gland - Plasma cells, Prostate - Plasma cells, Skeletal muscle - Plasma cells, Skin - Plasma cells, Spleen - Plasma cells, Stomach - Plasma cells, Thyroid gland - Plasma cells"									HPA048721	Approved				"Immunoglobulin genes"	Immunity	NA	NA		16000000000	"Cluster 17: B-cells - Immunoglobulins"		"Cluster 36: Choroid plexus - Mixed function"	"Cluster 51: Myeloma - Immunoglobulins"	"Cluster 23: Plasma cells - Humoral immune response"				"HPA048721: "	"unprognostic (5.33e-3)"	"potential prognostic favorable (2.40e-5)"		"unprognostic (1.31e-2)"	"unprognostic (7.19e-2)"	"unprognostic (2.90e-1)"	"unprognostic (2.71e-3)"	"unprognostic (3.69e-1)"	"potential prognostic favorable (5.40e-4)"		"unprognostic (5.84e-2)"	"unprognostic (2.35e-2)"	"unprognostic (4.96e-3)"	"unprognostic (9.63e-2)"		"unprognostic (6.48e-2)"	"unprognostic (9.24e-2)"	"unprognostic (4.50e-2)"	"unprognostic (1.97e-1)"	"unprognostic (1.01e-1)"	"unprognostic (2.72e-1)"	"unprognostic (6.18e-2)"	"unprognostic (1.87e-2)"	"unprognostic (4.24e-1)"	"unprognostic (8.40e-3)"	"unprognostic (4.00e-1)"	"unprognostic (8.66e-2)"	"unprognostic (2.60e-1)"	"unprognostic (1.77e-1)"	"unprognostic (2.85e-2)"	"unprognostic (1.64e-1)"
IGKV1-17	"A30, IGKV117"	ENSG00000240382	"Immunoglobulin kappa variable 1-17"	P01599	2	89117342-89117844	"Immunoglobulin genes, Predicted secreted proteins"	"Adaptive immunity, Immunity"			"Evidence at protein level"	"Evidence at transcript level"	"Evidence at protein level"	"Evidence at protein level"	"Tissue enhanced"	"Detected in many"		"intestine: 361.0;lymphoid tissue: 439.5"	"Cell type enriched"	"Detected in some"	119	"Plasma cells: 3624.8"	"Not detected"	"Not detected"			"Low cancer specificity"	"Detected in all"			"Low region specificity"	"Detected in single"			"Group enriched"	"Detected in some"	426	"memory B-cell: 106.2;naive B-cell: 82.7"	"Lineage enriched"	"Detected in single"	479	"B-cells: 106.2"	"Not detected"	"Not detected"			"Adipose subcutaneous - Plasma cells, Adipose visceral - Plasma cells, Adrenal gland - Plasma cells, Breast - Plasma cells, Colon - Plasma cells, Heart muscle - Plasma cells, Kidney - Plasma cells, Liver - Plasma cells, Lung - Plasma cells, Minor Salivary Gland - Plasma cells, Pancreas - Plasma cells, Pituitary gland - Plasma cells, Prostate - Plasma cells, Skeletal muscle - Plasma cells, Skin - Plasma cells, Spleen - Plasma cells, Stomach - Plasma cells, Thyroid gland - Plasma cells"									HPA048721	Approved				"Immunoglobulin genes"	Immunity	NA	NA		14000000000	"Cluster 17: B-cells - Immunoglobulins"		"Cluster 8: Immune cells - Immune response"	"Cluster 51: Myeloma - Immunoglobulins"	"Cluster 23: Plasma cells - Humoral immune response"				"HPA048721: "	"unprognostic (8.63e-2)"	"unprognostic (4.09e-3)"		"unprognostic (7.32e-2)"	"unprognostic (3.50e-2)"	"unprognostic (2.11e-1)"	"unprognostic (1.83e-2)"	"unprognostic (4.90e-1)"	"potential prognostic favorable (1.79e-4)"	"unprognostic (5.96e-1)"	"unprognostic (1.47e-3)"	"unprognostic (9.62e-2)"	"unprognostic (8.99e-3)"	"unprognostic (3.42e-2)"		"unprognostic (2.05e-2)"	"unprognostic (2.00e-1)"	"unprognostic (5.14e-2)"	"unprognostic (1.62e-1)"	"unprognostic (6.82e-2)"	"unprognostic (2.57e-1)"	"unprognostic (2.97e-2)"	"unprognostic (8.36e-3)"	"unprognostic (2.57e-1)"	"unprognostic (2.05e-2)"	"unprognostic (8.80e-2)"	"unprognostic (2.00e-1)"	"unprognostic (8.08e-3)"	"unprognostic (1.29e-1)"	"unprognostic (3.22e-1)"	"unprognostic (2.21e-1)"
IGKV1-27	"A20, IGKV127"	ENSG00000244575	"Immunoglobulin kappa variable 1-27"	A0A075B6S5	2	89213423-89213928	"Immunoglobulin genes, Predicted secreted proteins"	"Adaptive immunity, Immunity"			"Evidence at protein level"	"Evidence at transcript level"	"No human protein/transcript evidence"	"Evidence at protein level"	"Tissue enhanced"	"Detected in many"		"intestine: 258.1;lymphoid tissue: 336.1"	"Cell type enriched"	"Detected in some"	95	"Plasma cells: 3035.4"	"Not detected"	"Not detected"			"Low cancer specificity"	"Detected in many"			"Low region specificity"	"Detected in single"			"Group enriched"	"Detected in some"	683	"memory B-cell: 153.5;naive B-cell: 186.6"	"Lineage enriched"	"Detected in single"	749	"B-cells: 186.6"	"Cancer enriched"	"Detected in single"	482	"lymphoma: 158.0"	"Adipose subcutaneous - Plasma cells, Adipose visceral - Plasma cells, Adrenal gland - Plasma cells, Breast - Plasma cells, Colon - Plasma cells, Heart muscle - Plasma cells, Liver - Plasma cells, Lung - Plasma cells, Minor Salivary Gland - Plasma cells, Pancreas - Plasma cells, Pituitary gland - Plasma cells, Prostate - Plasma cells, Skeletal muscle - Plasma cells, Skin - Plasma cells, Spleen - Plasma cells, Stomach - Plasma cells, Thyroid gland - Plasma cells"									HPA048721	Approved				"Immunoglobulin genes"	Immunity	NA	NA		17000000000	"Cluster 23: B-cells - Immunoglobulins"		"Cluster 43: Hindbrain - Mixed function"	"Cluster 51: Myeloma - Immunoglobulins"	"Cluster 23: Plasma cells - Humoral immune response"				"HPA048721: "	"unprognostic (2.32e-1)"	"potential prognostic favorable (7.34e-7)"		"unprognostic (9.42e-3)"	"unprognostic (3.48e-2)"	"unprognostic (9.50e-2)"	"unprognostic (2.36e-2)"	"unprognostic (7.69e-2)"	"potential prognostic favorable (4.56e-4)"		"unprognostic (2.76e-2)"	"unprognostic (1.01e-1)"	"potential prognostic unfavorable (4.70e-4)"	"unprognostic (4.21e-2)"		"unprognostic (9.27e-2)"	"unprognostic (4.63e-2)"	"unprognostic (3.02e-1)"	"unprognostic (9.63e-2)"	"unprognostic (4.00e-2)"	"unprognostic (3.61e-1)"	"unprognostic (8.84e-2)"	"unprognostic (1.59e-3)"	"unprognostic (9.15e-2)"	"unprognostic (3.87e-2)"	"unprognostic (2.27e-1)"	"unprognostic (3.06e-1)"	"unprognostic (2.51e-2)"	"unprognostic (2.35e-1)"	"unprognostic (2.27e-1)"	"unprognostic (2.52e-1)"
IGKV1-33	"IGKV133, O18"	ENSG00000242076	"Immunoglobulin kappa variable 1-33"	P01594	2	89268001-89268506	"Immunoglobulin genes, Predicted secreted proteins"	"Adaptive immunity, Immunity"	"Bence-Jones protein"		"Evidence at protein level"	"Evidence at transcript level"	"Evidence at protein level"	"Evidence at protein level"	"Tissue enhanced"	"Detected in many"		"lymphoid tissue: 1666.7;stomach 1: 604.2"	"Cell type enriched"	"Detected in some"	57	"Plasma cells: 895.1"	"Not detected"	"Not detected"			"Low cancer specificity"	"Detected in all"			"Region enriched"	"Detected in many"	7	"spinal cord: 20.3"	"Group enriched"	"Detected in some"	366	"memory B-cell: 367.8;naive B-cell: 427.7"	"Lineage enriched"	"Detected in many"	394	"B-cells: 427.7"	"Group enriched"	"Detected in some"	145	"lymphoma: 168.4;Myeloma: 47.8"	"Adipose subcutaneous - Plasma cells, Adipose visceral - Plasma cells, Adrenal gland - Plasma cells, Breast - Plasma cells, Colon - Plasma cells, Heart muscle - Plasma cells, Kidney - Plasma cells, Liver - Plasma cells, Lung - Plasma cells, Minor Salivary Gland - Plasma cells, Pancreas - Plasma cells, Pituitary gland - Plasma cells, Prostate - Plasma cells, Skeletal muscle - Plasma cells, Skin - Plasma cells, Spleen - Plasma cells, Stomach - Plasma cells, Thyroid gland - Plasma cells"									HPA048721	Approved				"Immunoglobulin genes"	Immunity	NA	NA			"Cluster 23: B-cells - Immunoglobulins"		"Cluster 7: Non-specific - Ribosome"	"Cluster 55: Lymphoma - Immune response"	"Cluster 23: Plasma cells - Humoral immune response"				"HPA048721: "	"unprognostic (1.53e-1)"	"unprognostic (8.48e-3)"		"unprognostic (5.36e-3)"	"unprognostic (8.69e-2)"	"unprognostic (1.57e-2)"	"unprognostic (2.02e-3)"		"potential prognostic favorable (1.21e-4)"	"unprognostic (1.13e-1)"	"unprognostic (1.94e-3)"	"unprognostic (1.11e-1)"	"potential prognostic unfavorable (1.69e-4)"	"unprognostic (1.77e-1)"		"unprognostic (2.14e-2)"	"unprognostic (1.62e-2)"	"unprognostic (8.93e-2)"	"unprognostic (2.17e-1)"	"unprognostic (2.92e-2)"	"unprognostic (5.04e-1)"	"unprognostic (1.50e-1)"	"unprognostic (5.51e-2)"	"unprognostic (5.07e-2)"	"unprognostic (1.41e-2)"	"unprognostic (3.69e-3)"	"unprognostic (2.57e-1)"	"unprognostic (1.19e-1)"	"unprognostic (1.29e-1)"	"unprognostic (1.76e-1)"	"unprognostic (5.73e-2)"
IGKV1-37	"IGKV137, O14"	ENSG00000239862	"Immunoglobulin kappa variable 1-37 (non-functional)"	A0A075B6S9	2	89297264-89297785	"Immunoglobulin genes, Predicted secreted proteins"	"Adaptive immunity, Immunity"			"Evidence at protein level"	"Evidence at transcript level"	"Evidence at protein level"	"Evidence at protein level"	"Tissue enhanced"	"Detected in some"		"intestine: 7.9;lymphoid tissue: 16.7;urinary bladder: 5.4"	"Cell type enriched"	"Detected in some"	14	"Plasma cells: 37.9"	"Not detected"	"Not detected"			"Cancer enhanced"	"Detected in many"		"Lung Adenocarcinoma (TCGA): 7.2"	"Not detected"	"Not detected"			"Group enriched"	"Detected in some"	249	"memory B-cell: 21.3;naive B-cell: 28.3"	"Lineage enriched"	"Detected in single"	284	"B-cells: 28.3"	"Group enriched"	"Detected in some"	21	"lymphoma: 1.8;Myeloma: 2.3"	"Adipose visceral - Plasma cells, Breast - Plasma cells, Lung - Plasma cells, Minor Salivary Gland - Plasma cells, Prostate - Plasma cells, Spleen - Plasma cells, Stomach - Plasma cells, Thyroid gland - Plasma cells"									HPA048721	Approved				"Immunoglobulin genes"	Immunity	NA	NA			"Cluster 23: B-cells - Immunoglobulins"			"Cluster 51: Myeloma - Immunoglobulins"	"Cluster 23: Plasma cells - Humoral immune response"				"HPA048721: "		"potential prognostic favorable (1.19e-4)"			"unprognostic (2.07e-1)"	"unprognostic (2.52e-2)"			"potential prognostic favorable (4.04e-5)"							"unprognostic (7.40e-2)"	"unprognostic (2.52e-3)"	"unprognostic (4.29e-1)"	"unprognostic (8.23e-2)"		"unprognostic (2.96e-1)"	"unprognostic (2.06e-1)"			"unprognostic (6.30e-2)"	"unprognostic (4.49e-1)"		"unprognostic (3.70e-2)"		"unprognostic (4.13e-1)"	
IGKV1-39		ENSG00000242371	"Immunoglobulin kappa variable 1-39"	P01597	2	89319625-89320146	"Immunoglobulin genes, Predicted secreted proteins"	"Adaptive immunity, Immunity"			"Evidence at protein level"	"Evidence at transcript level"	"Evidence at protein level"	"Evidence at protein level"	"Tissue enhanced"	"Detected in many"		"intestine: 69.5;lymphoid tissue: 52.9;stomach 1: 80.6"	"Cell type enriched"	"Detected in some"	136	"Plasma cells: 8646.4"	"Not detected"	"Not detected"			"Low cancer specificity"	"Detected in many"			"Not detected"	"Not detected"			"Group enriched"	"Detected in many"	387	"memory B-cell: 1074.8;naive B-cell: 941.5"	"Lineage enriched"	"Detected in many"	413	"B-cells: 1074.8"	"Cancer enriched"	"Detected in some"	9	"Myeloma: 134.5"	"Adipose subcutaneous - Plasma cells, Adipose visceral - Plasma cells, Adrenal gland - Plasma cells, Breast - Plasma cells, Colon - Plasma cells, Heart muscle - Plasma cells, Kidney - Plasma cells, Liver - Plasma cells, Lung - Plasma cells, Minor Salivary Gland - Plasma cells, Pancreas - Plasma cells, Pituitary gland - Plasma cells, Prostate - Plasma cells, Skeletal muscle - Plasma cells, Skin - Plasma cells, Spleen - Plasma cells, Stomach - Plasma cells, Thyroid gland - Plasma cells"									HPA048721	Approved				"Immunoglobulin genes"	Immunity	NA	NA		10000000000	"Cluster 17: B-cells - Immunoglobulins"			"Cluster 51: Myeloma - Immunoglobulins"	"Cluster 77: Plasma cells - Protein processing"				"HPA048721: "	"unprognostic (2.84e-1)"	"unprognostic (3.33e-3)"		"unprognostic (1.13e-1)"	"unprognostic (3.77e-2)"	"unprognostic (2.97e-1)"		"unprognostic (1.97e-1)"	"potential prognostic favorable (2.93e-5)"		"unprognostic (8.55e-2)"	"unprognostic (2.04e-1)"	"unprognostic (3.65e-3)"	"unprognostic (1.43e-1)"		"unprognostic (2.25e-2)"	"unprognostic (1.89e-2)"	"unprognostic (2.65e-2)"	"unprognostic (1.30e-1)"	"unprognostic (1.38e-2)"	"unprognostic (3.69e-1)"	"unprognostic (1.29e-1)"	"unprognostic (2.79e-1)"	"unprognostic (7.02e-1)"	"unprognostic (1.08e-1)"	"unprognostic (2.39e-1)"	"unprognostic (2.79e-1)"	"unprognostic (1.90e-1)"	"unprognostic (4.81e-2)"	"unprognostic (3.18e-1)"	"unprognostic (5.62e-2)"
IGKV1-5		ENSG00000243466	"Immunoglobulin kappa variable 1-5"	P01602	2	88947301-88947957	"Immunoglobulin genes, Predicted secreted proteins"	"Adaptive immunity, Immunity"			"Evidence at protein level"	"Evidence at transcript level"	"Evidence at protein level"	"Evidence at protein level"	"Tissue enhanced"	"Detected in many"		"intestine: 749.9;lymphoid tissue: 1415.5;urinary bladder: 913.4"	"Cell type enriched"	"Detected in some"	171	"Plasma cells: 24096.9"	"Not detected"	"Not detected"			"Low cancer specificity"	"Detected in all"			"Low region specificity"	"Detected in some"			"Group enriched"	"Detected in many"	364	"memory B-cell: 862.6;naive B-cell: 866.9"	"Lineage enriched"	"Detected in many"	365	"B-cells: 866.9"	"Cancer enriched"	"Detected in some"	8	"Myeloma: 751.6"	"Adipose subcutaneous - Plasma cells, Adipose visceral - Plasma cells, Adrenal gland - Plasma cells, Breast - Plasma cells, Colon - Plasma cells, Heart muscle - Plasma cells, Kidney - Plasma cells, Liver - Plasma cells, Lung - Plasma cells, Minor Salivary Gland - Plasma cells, Pancreas - Plasma cells, Pituitary gland - Plasma cells, Prostate - Plasma cells, Skeletal muscle - Plasma cells, Skin - Plasma cells, Spleen - Plasma cells, Stomach - Plasma cells, Thyroid gland - Plasma cells"									HPA048721	Approved				"Immunoglobulin genes"	Immunity	NA	NA		14000000000	"Cluster 23: B-cells - Immunoglobulins"		"Cluster 8: Immune cells - Immune response"	"Cluster 51: Myeloma - Immunoglobulins"	"Cluster 77: Plasma cells - Protein processing"				"HPA048721: "	"unprognostic (1.44e-2)"	"potential prognostic favorable (3.61e-5)"		"unprognostic (1.96e-1)"	"unprognostic (7.22e-2)"	"unprognostic (1.64e-1)"	"unprognostic (2.66e-3)"	"unprognostic (1.85e-1)"	"potential prognostic favorable (5.94e-4)"	"unprognostic (3.57e-1)"	"unprognostic (1.09e-2)"	"unprognostic (4.69e-2)"	"unprognostic (1.14e-3)"	"unprognostic (6.80e-2)"		"unprognostic (3.41e-2)"	"unprognostic (4.82e-3)"	"unprognostic (8.56e-2)"	"unprognostic (5.51e-2)"	"unprognostic (1.07e-1)"	"unprognostic (2.84e-1)"	"unprognostic (3.17e-1)"	"unprognostic (1.14e-3)"	"unprognostic (1.94e-1)"	"unprognostic (6.24e-3)"	"unprognostic (1.59e-1)"	"unprognostic (2.38e-1)"	"unprognostic (8.58e-2)"	"unprognostic (1.20e-1)"	"unprognostic (1.13e-1)"	"unprognostic (8.27e-3)"
IGKV1-6		ENSG00000239855	"Immunoglobulin kappa variable 1-6"	A0A0C4DH72	2	88966262-88966767	"Immunoglobulin genes, Predicted secreted proteins"	"Adaptive immunity, Immunity"			"Evidence at protein level"	"Evidence at transcript level"	"No human protein/transcript evidence"	"Evidence at protein level"	"Tissue enhanced"	"Detected in many"		"intestine: 149.7;lymphoid tissue: 586.5"	"Cell type enriched"	"Detected in some"	31	"Plasma cells: 714.5"	"Not detected"	"Not detected"			"Cancer enhanced"	"Detected in many"		"Lung Squamous Cell Carcinoma (TCGA): 158.8"	"Not detected"	"Not detected"			"Group enriched"	"Detected in some"	805	"memory B-cell: 124.1;naive B-cell: 86.4"	"Lineage enriched"	"Detected in single"	949	"B-cells: 124.1"	"Group enriched"	"Detected in some"	25	"lymphoma: 3.8;Myeloma: 1.2"	"Adipose subcutaneous - Plasma cells, Adipose visceral - Plasma cells, Adrenal gland - Plasma cells, Breast - Plasma cells, Colon - Plasma cells, Heart muscle - Plasma cells, Kidney - Plasma cells, Liver - Plasma cells, Lung - Plasma cells, Minor Salivary Gland - Plasma cells, Pancreas - Plasma cells, Prostate - Plasma cells, Skeletal muscle - Plasma cells, Skin - Plasma cells, Spleen - Plasma cells, Stomach - Plasma cells, Thyroid gland - Plasma cells"									HPA048721	Approved				"Immunoglobulin genes"	Immunity	NA	NA		18000000000	"Cluster 17: B-cells - Immunoglobulins"			"Cluster 46: Lymphoma - Humoral immune response"	"Cluster 23: Plasma cells - Humoral immune response"				"HPA048721: "	"unprognostic (7.20e-2)"	"potential prognostic favorable (8.13e-6)"		"unprognostic (2.38e-3)"	"unprognostic (7.21e-2)"	"unprognostic (2.66e-1)"			"potential prognostic favorable (5.72e-4)"	"unprognostic (4.65e-1)"	"unprognostic (1.66e-2)"	"unprognostic (1.82e-1)"	"unprognostic (1.22e-2)"	"unprognostic (1.73e-2)"		"unprognostic (1.75e-1)"	"unprognostic (4.10e-1)"	"unprognostic (9.41e-2)"	"unprognostic (6.23e-2)"	"unprognostic (8.16e-2)"	"unprognostic (2.46e-1)"	"unprognostic (7.14e-2)"	"unprognostic (1.43e-1)"	"unprognostic (2.72e-1)"	"unprognostic (1.73e-1)"	"unprognostic (1.10e-1)"	"unprognostic (6.72e-2)"	"unprognostic (8.91e-3)"	"unprognostic (2.58e-1)"	"unprognostic (1.29e-1)"	"unprognostic (2.00e-1)"
IGKV1-8	"IGKV18, L9"	ENSG00000240671	"Immunoglobulin kappa variable 1-8"	A0A0C4DH67	2	88992409-88992931	"Immunoglobulin genes, Predicted secreted proteins"	"Adaptive immunity, Immunity"			"Evidence at protein level"	"Evidence at transcript level"	"No human protein/transcript evidence"	"Evidence at protein level"	"Tissue enhanced"	"Detected in many"		"intestine: 28.6;lymphoid tissue: 53.2;urinary bladder: 40.3"	"Cell type enriched"	"Detected in some"	25	"Plasma cells: 270.1"	"Not detected"	"Not detected"			"Low cancer specificity"	"Detected in many"			"Not detected"	"Not detected"			"Group enriched"	"Detected in some"	313	"memory B-cell: 131.7;naive B-cell: 137.1"	"Lineage enriched"	"Detected in single"	319	"B-cells: 137.1"	"Not detected"	"Not detected"			"Adipose subcutaneous - Plasma cells, Adipose visceral - Plasma cells, Adrenal gland - Plasma cells, Breast - Plasma cells, Colon - Plasma cells, Kidney - Plasma cells, Liver - Plasma cells, Lung - Plasma cells, Minor Salivary Gland - Plasma cells, Pancreas - Plasma cells, Pituitary gland - Plasma cells, Prostate - Plasma cells, Skin - Plasma cells, Spleen - Plasma cells, Stomach - Plasma cells, Thyroid gland - Plasma cells"									HPA048721	Approved				"Immunoglobulin genes"	Immunity	NA	NA		11000000000	"Cluster 14: Non-specific - Unknown function"			"Cluster 46: Lymphoma - Humoral immune response"	"Cluster 23: Plasma cells - Humoral immune response"				"HPA048721: "	"unprognostic (2.97e-1)"	"unprognostic (3.76e-3)"		"unprognostic (7.59e-3)"	"unprognostic (1.45e-1)"	"unprognostic (4.06e-1)"			"unprognostic (1.60e-3)"		"unprognostic (2.85e-1)"	"unprognostic (4.32e-3)"	"potential prognostic unfavorable (5.45e-4)"	"unprognostic (3.86e-1)"		"potential prognostic favorable (2.97e-4)"	"unprognostic (1.30e-1)"	"unprognostic (5.80e-2)"	"unprognostic (1.49e-1)"	"unprognostic (4.73e-2)"	"unprognostic (7.69e-2)"	"unprognostic (1.33e-1)"	"unprognostic (9.43e-2)"	"unprognostic (5.52e-2)"	"unprognostic (2.65e-2)"	"unprognostic (2.49e-1)"	"unprognostic (8.04e-2)"	"unprognostic (3.74e-2)"	"unprognostic (2.73e-1)"	"unprognostic (1.11e-1)"	"unprognostic (1.13e-1)"
IGKV1-9	"IGKV19, L8"	ENSG00000241755	"Immunoglobulin kappa variable 1-9"	A0A0C4DH69	2	89009982-89010515	"Immunoglobulin genes, Predicted secreted proteins"	"Adaptive immunity, Immunity"			"Evidence at protein level"	"Evidence at transcript level"	"No human protein/transcript evidence"	"Evidence at protein level"	"Tissue enhanced"	"Detected in many"		"intestine: 412.4;lymphoid tissue: 650.3;stomach 1: 275.4"	"Cell type enriched"	"Detected in some"	86	"Plasma cells: 3881.9"	"Not detected"	"Not detected"			"Cancer enhanced"	"Detected in all"		"Lung Squamous Cell Carcinoma (TCGA): 280.2"	"Low region specificity"	"Detected in single"			"Group enriched"	"Detected in some"	706	"memory B-cell: 301.9;naive B-cell: 299.3"	"Lineage enriched"	"Detected in single"	709	"B-cells: 301.9"	"Cancer enriched"	"Detected in single"	6	"lymphoma: 3.1"	"Adipose subcutaneous - Plasma cells, Adipose visceral - Plasma cells, Adrenal gland - Plasma cells, Breast - Plasma cells, Colon - Plasma cells, Heart muscle - Plasma cells, Kidney - Plasma cells, Liver - Plasma cells, Lung - Plasma cells, Minor Salivary Gland - Plasma cells, Pancreas - Plasma cells, Pituitary gland - Plasma cells, Prostate - Plasma cells, Skeletal muscle - Plasma cells, Skin - Plasma cells, Spleen - Plasma cells, Stomach - Plasma cells, Thyroid gland - Plasma cells"									HPA048721	Approved				"Immunoglobulin genes"	Immunity	NA	NA		9100000000	"Cluster 17: B-cells - Immunoglobulins"		"Cluster 8: Immune cells - Immune response"	"Cluster 46: Lymphoma - Humoral immune response"	"Cluster 23: Plasma cells - Humoral immune response"				"HPA048721: "	"unprognostic (1.98e-3)"	"potential prognostic favorable (2.09e-8)"		"unprognostic (5.41e-3)"	"unprognostic (1.30e-1)"	"unprognostic (1.32e-2)"	"potential prognostic unfavorable (3.10e-4)"	"unprognostic (1.04e-1)"	"potential prognostic favorable (4.97e-4)"	"unprognostic (6.81e-2)"	"unprognostic (3.95e-3)"	"unprognostic (2.79e-1)"	"unprognostic (5.64e-3)"	"unprognostic (7.14e-2)"		"unprognostic (1.21e-1)"	"unprognostic (5.81e-2)"	"unprognostic (1.88e-1)"	"unprognostic (1.83e-1)"	"unprognostic (5.61e-2)"	"unprognostic (1.33e-1)"	"unprognostic (7.78e-2)"	"unprognostic (1.77e-2)"	"unprognostic (1.51e-1)"	"unprognostic (4.37e-2)"	"unprognostic (2.29e-1)"	"unprognostic (5.53e-2)"	"unprognostic (1.94e-2)"	"unprognostic (1.02e-1)"	"unprognostic (2.05e-1)"	"unprognostic (1.30e-1)"
IGKV1D-12		ENSG00000278857	"Immunoglobulin kappa variable 1D-12"	P01611	2	90159840-90160335	"Immunoglobulin genes, Predicted secreted proteins"	"Adaptive immunity, Immunity"			"Evidence at protein level"	"Evidence at transcript level"	"Evidence at protein level"	"Evidence at protein level"	"Tissue enhanced"	"Detected in some"		"intestine: 16.8;lung: 11.2;lymphoid tissue: 27.3"	"Cell type enriched"	"Detected in single"	166	"Plasma cells: 113.0"	"Not detected"	"Not detected"			"Cancer enhanced"	"Detected in many"		"Rectum Adenocarcinoma (TCGA): 27.3"	"Not detected"	"Not detected"			"Group enriched"	"Detected in some"	33	"memory B-cell: 13.0;naive B-cell: 12.3"	"Lineage enriched"	"Detected in single"	34	"B-cells: 13.0"	"Not detected"	"Not detected"			"Adipose visceral - Plasma cells, Adrenal gland - Plasma cells, Breast - Plasma cells, Liver - Plasma cells, Lung - Plasma cells, Minor Salivary Gland - Plasma cells, Pancreas - Plasma cells, Prostate - Plasma cells, Skin - Plasma cells, Spleen - Plasma cells, Stomach - Plasma cells, Thyroid gland - Plasma cells"									HPA048721	Approved				"Immunoglobulin genes"	Immunity	NA	NA		17000000000	"Cluster 23: B-cells - Immunoglobulins"			"Cluster 55: Lymphoma - Immune response"	"Cluster 77: Plasma cells - Protein processing"				"HPA048721: "		"unprognostic (9.24e-3)"		"unprognostic (4.05e-1)"	"unprognostic (9.94e-2)"	"unprognostic (1.53e-1)"			"potential prognostic favorable (6.19e-4)"							"unprognostic (1.02e-2)"	"unprognostic (1.90e-2)"	"unprognostic (2.42e-1)"	"unprognostic (1.90e-1)"			"unprognostic (3.94e-1)"			"unprognostic (4.10e-1)"	"unprognostic (1.53e-2)"		"unprognostic (7.58e-2)"	"unprognostic (6.90e-2)"	"unprognostic (4.78e-1)"	
IGKV1D-37	"IGKV1D37, O4"	ENSG00000250036	"Immunoglobulin kappa variable 1D-37 (non-functional)"	P0DSN7	2	89884740-89885216	"Immunoglobulin genes, Predicted secreted proteins"	"Adaptive immunity, Immunity"			"Evidence at protein level"	"Evidence at transcript level"	"Evidence at protein level"	"Evidence at protein level"	"Tissue enhanced"	"Detected in some"		"intestine: 12.3;stomach 1: 14.6;urinary bladder: 19.4"	"Cell type enriched"	"Detected in single"	8	"Plasma cells: 1.6"	"Not detected"	"Not detected"			"Cancer enhanced"	"Detected in many"		"Lung Squamous Cell Carcinoma (TCGA): 10.4"	"Not detected"	"Not detected"			"Group enriched"	"Detected in some"	208	"memory B-cell: 13.7;naive B-cell: 29.2"	"Lineage enriched"	"Detected in single"	283	"B-cells: 29.2"	"Cancer enriched"	"Detected in some"	75	"Myeloma: 260.3"	"Breast - Plasma cells, Lung - Plasma cells, Minor Salivary Gland - Plasma cells, Spleen - Plasma cells, Stomach - Plasma cells, Thyroid gland - Plasma cells"									HPA048721	Approved				"Immunoglobulin genes"	Immunity	NA	NA		8400000000	"Cluster 34: B-cells - Unknown function"			"Cluster 51: Myeloma - Immunoglobulins"	"Cluster 61: Plasma cells - Immunoglobulins & histones"				"HPA048721: "		"unprognostic (1.70e-2)"		"unprognostic (4.91e-2)"	"unprognostic (1.83e-1)"	"unprognostic (1.57e-1)"			"unprognostic (2.23e-3)"		"unprognostic (2.39e-1)"	"unprognostic (8.68e-3)"				"unprognostic (2.75e-2)"	"unprognostic (8.03e-2)"	"unprognostic (1.26e-1)"	"unprognostic (3.64e-1)"	"unprognostic (4.84e-3)"		"unprognostic (3.51e-2)"			"unprognostic (1.52e-1)"	"unprognostic (1.93e-1)"		"unprognostic (3.09e-1)"	"unprognostic (1.27e-1)"	"unprognostic (5.29e-1)"	
IGKV1D-39		ENSG00000251546	"Immunoglobulin kappa variable 1D-39"	P04432	2	89862482-89862981	"Immunoglobulin genes, Predicted secreted proteins"	"Adaptive immunity, Immunity"			"Evidence at protein level"	"Evidence at transcript level"	"No human protein/transcript evidence"	"Evidence at protein level"	"Tissue enhanced"	"Detected in many"		"intestine: 2814.6;lymphoid tissue: 6283.6"	"Cell type enriched"	"Detected in some"	252	"Plasma cells: 3634.8"	"Not detected"	"Not detected"			"Low cancer specificity"	"Detected in all"			"Low region specificity"	"Detected in many"			"Group enriched"	"Detected in some"	224	"memory B-cell: 473.3;naive B-cell: 736.4"	"Lineage enriched"	"Detected in many"	273	"B-cells: 736.4"	"Cancer enriched"	"Detected in many"	18	"Myeloma: 5094.4"	"Adipose subcutaneous - Plasma cells, Adipose visceral - Plasma cells, Adrenal gland - Plasma cells, Breast - Plasma cells, Colon - Plasma cells, Kidney - Plasma cells, Liver - Plasma cells, Lung - Plasma cells, Minor Salivary Gland - Plasma cells, Pancreas - Plasma cells, Pituitary gland - Plasma cells, Prostate - Plasma cells, Skin - Plasma cells, Spleen - Plasma cells, Stomach - Plasma cells, Thyroid gland - Plasma cells"									HPA048721	Approved				"Immunoglobulin genes"	Immunity	NA	NA			"Cluster 14: Non-specific - Unknown function"		"Cluster 8: Immune cells - Immune response"	"Cluster 51: Myeloma - Immunoglobulins"	"Cluster 77: Plasma cells - Protein processing"				"HPA048721: "	"unprognostic (2.65e-2)"	"potential prognostic favorable (3.58e-4)"		"unprognostic (1.65e-2)"	"unprognostic (1.12e-1)"	"unprognostic (3.99e-1)"	"unprognostic (1.14e-2)"	"unprognostic (2.62e-1)"	"potential prognostic favorable (2.58e-5)"	"unprognostic (2.34e-1)"	"unprognostic (1.88e-2)"	"unprognostic (1.06e-1)"	"potential prognostic unfavorable (3.73e-4)"	"unprognostic (9.68e-2)"		"unprognostic (1.26e-1)"	"unprognostic (2.33e-2)"	"unprognostic (5.84e-2)"	"unprognostic (2.03e-1)"	"unprognostic (1.36e-2)"	"unprognostic (2.50e-1)"	"unprognostic (2.15e-1)"	"unprognostic (3.75e-3)"	"unprognostic (4.28e-2)"	"unprognostic (1.36e-1)"	"unprognostic (2.11e-1)"	"unprognostic (2.86e-2)"	"unprognostic (6.03e-2)"	"unprognostic (1.23e-1)"	"unprognostic (2.49e-1)"	"unprognostic (3.17e-2)"
IGKV1D-42		ENSG00000211633	"Immunoglobulin kappa variable 1D-42 (non-functional)"	A0A075B6H8	2	90190193-90190681	"Immunoglobulin genes, Predicted secreted proteins"	"Adaptive immunity, Immunity"			"Evidence at protein level"	"Evidence at transcript level"	"Evidence at protein level"	"Evidence at protein level"	"Tissue enhanced"	"Detected in many"		"intestine: 45.9;lymphoid tissue: 24.5"	"Cell type enriched"	"Detected in single"	34	"Plasma cells: 3.4"	"Not detected"	"Not detected"			"Low cancer specificity"	"Detected in many"			"Not detected"	"Not detected"			"Group enriched"	"Detected in some"	37	"memory B-cell: 5.6;naive B-cell: 1.6"	"Lineage enriched"	"Detected in single"	57	"B-cells: 5.6"	"Not detected"	"Not detected"			"Adipose visceral - Plasma cells, Breast - Plasma cells, Kidney - Plasma cells, Lung - Plasma cells, Minor Salivary Gland - Plasma cells, Spleen - Plasma cells, Stomach - Plasma cells, Thyroid gland - Plasma cells"									HPA048721	Approved				"Immunoglobulin genes"	Immunity	NA	NA		1800000000	"Cluster 17: B-cells - Immunoglobulins"			"Cluster 55: Lymphoma - Immune response"	"Cluster 23: Plasma cells - Humoral immune response"				"HPA048721: "		"potential prognostic favorable (4.99e-5)"		"unprognostic (2.25e-2)"	"unprognostic (6.50e-2)"	"unprognostic (3.61e-1)"			"unprognostic (2.18e-3)"			"unprognostic (1.09e-1)"	"unprognostic (2.31e-2)"	"unprognostic (1.03e-1)"		"unprognostic (1.59e-1)"	"unprognostic (2.19e-3)"	"unprognostic (2.84e-2)"	"unprognostic (3.02e-2)"			"unprognostic (1.38e-1)"			"unprognostic (1.26e-1)"	"unprognostic (1.82e-1)"		"unprognostic (2.03e-2)"	"unprognostic (2.50e-1)"	"unprognostic (4.83e-1)"	
IGKV1D-43		ENSG00000242580	"Immunoglobulin kappa variable 1D-43"	A0A0B4J1Z2	2	90209873-90210529	"Immunoglobulin genes, Predicted secreted proteins"	"Adaptive immunity, Immunity"			"Evidence at protein level"	"Evidence at transcript level"	"No human protein/transcript evidence"	"Evidence at protein level"	"Tissue enhanced"	"Detected in some"		"intestine: 2.8;lymphoid tissue: 4.7;stomach 1: 3.5"	"Cell type enriched"	"Detected in some"	48	"Plasma cells: 288.6"	"Not detected"	"Not detected"			"Low cancer specificity"	"Detected in many"			"Not detected"	"Not detected"			"Group enriched"	"Detected in some"	153	"memory B-cell: 13.3;naive B-cell: 17.1"	"Lineage enriched"	"Detected in single"	171	"B-cells: 17.1"	"Cancer enhanced"	"Detected in single"		"Myeloma: 2.3"	"Breast - Plasma cells, Kidney - Plasma cells, Liver - Plasma cells, Lung - Plasma cells, Minor Salivary Gland - Plasma cells, Prostate - Plasma cells, Spleen - Plasma cells, Stomach - Plasma cells, Thyroid gland - Plasma cells"									HPA048721	Approved				"Immunoglobulin genes"	Immunity	NA	NA		1700000000	"Cluster 18: Non-specific - Translation"			"Cluster 51: Myeloma - Immunoglobulins"	"Cluster 23: Plasma cells - Humoral immune response"				"HPA048721: "	"unprognostic (3.33e-1)"			"unprognostic (2.67e-2)"		"unprognostic (4.37e-1)"			"potential prognostic favorable (1.04e-4)"							"unprognostic (3.04e-2)"	"unprognostic (1.68e-2)"	"unprognostic (1.91e-1)"	"unprognostic (4.53e-2)"							"unprognostic (1.25e-1)"		"unprognostic (1.17e-1)"	"unprognostic (7.08e-2)"	"unprognostic (7.00e-2)"	
IGKV1OR2-108	"IGKV1/OR2-108, IGKV1OR2108, IGO1"	ENSG00000231292	"Immunoglobulin kappa variable 1/OR2-108 (non-functional)"		2	113406396-113406872	"Immunoglobulin genes, Predicted intracellular proteins"				"Evidence at transcript level"	"Evidence at transcript level"			"Tissue enhanced"	"Detected in many"		"intestine: 36.8;lymphoid tissue: 54.9"	"Cell type enriched"	"Detected in single"	121	"Plasma cells: 28.8"	"Not detected"	"Not detected"			"Low cancer specificity"	"Detected in many"			"Region enriched"	"Detected in some"	6	"choroid plexus: 11.6"	"Group enriched"	"Detected in some"	55	"memory B-cell: 13.6;naive B-cell: 12.3"	"Lineage enriched"	"Detected in single"	58	"B-cells: 13.6"	"Cancer enhanced"	"Detected in many"		"Myeloma: 5.1"	"Breast - Plasma cells, Lung - Plasma cells, Minor Salivary Gland - Plasma cells, Prostate - Plasma cells, Spleen - Plasma cells, Stomach - Plasma cells"	"Not detected"	"Not detected"			"Group enriched"	"Detected in many"	4	"hypothalamus: 6.1;midbrain: 16.3;spinal cord: 15.1"	HPA048721	Approved						NA	NA			"Cluster 17: B-cells - Immunoglobulins"		"Cluster 36: Choroid plexus - Mixed function"	"Cluster 6: Leukemia - Signal transduction"	"Cluster 23: Plasma cells - Humoral immune response"				"HPA048721: "	"unprognostic (6.10e-2)"	"potential prognostic favorable (3.70e-6)"		"unprognostic (7.12e-2)"	"unprognostic (1.09e-1)"	"unprognostic (4.43e-2)"			"unprognostic (1.43e-3)"		"unprognostic (6.53e-3)"	"unprognostic (4.45e-2)"	"potential prognostic unfavorable (2.71e-4)"	"unprognostic (6.31e-2)"		"unprognostic (2.56e-3)"	"unprognostic (4.18e-2)"	"unprognostic (1.66e-2)"	"unprognostic (7.52e-2)"	"unprognostic (1.28e-1)"		"unprognostic (3.22e-2)"		"unprognostic (5.40e-1)"	"unprognostic (1.22e-1)"	"unprognostic (1.41e-1)"	"unprognostic (2.76e-1)"	"unprognostic (5.17e-2)"	"unprognostic (2.01e-1)"	"unprognostic (1.33e-1)"	"unprognostic (5.13e-1)"
IGKV2-30		ENSG00000243238	"Immunoglobulin kappa variable 2-30"	P06310	2	89244781-89245596	"Immunoglobulin genes, Predicted secreted proteins"	"Adaptive immunity, Immunity"			"Evidence at protein level"	"Evidence at transcript level"	"No human protein/transcript evidence"	"Evidence at protein level"	"Tissue enhanced"	"Detected in many"		"intestine: 607.7;lymphoid tissue: 581.4;stomach 1: 313.6"	"Cell type enriched"	"Detected in some"	259	"Plasma cells: 13830.9"	"Not detected"	"Not detected"			"Low cancer specificity"	"Detected in many"			"Low region specificity"	"Detected in some"			"Group enriched"	"Detected in some"	315	"memory B-cell: 561.8;naive B-cell: 326.0"	"Lineage enriched"	"Detected in many"	398	"B-cells: 561.8"	"Cancer enriched"	"Detected in some"	11	"lymphoma: 288.4"	"Adipose subcutaneous - Plasma cells, Adipose visceral - Plasma cells, Adrenal gland - Plasma cells, Breast - Plasma cells, Colon - Plasma cells, Heart muscle - Plasma cells, Kidney - Plasma cells, Liver - Plasma cells, Lung - Plasma cells, Minor Salivary Gland - Plasma cells, Pancreas - Plasma cells, Pituitary gland - Plasma cells, Prostate - Plasma cells, Skeletal muscle - Plasma cells, Skin - Plasma cells, Spleen - Plasma cells, Stomach - Plasma cells, Thyroid gland - Plasma cells"														"Immunoglobulin genes"	Immunity	NA	NA		9600000000	"Cluster 17: B-cells - Immunoglobulins"		"Cluster 8: Immune cells - Immune response"	"Cluster 55: Lymphoma - Immune response"	"Cluster 23: Plasma cells - Humoral immune response"					"unprognostic (1.97e-2)"	"potential prognostic favorable (9.06e-6)"		"unprognostic (1.13e-3)"	"unprognostic (2.58e-2)"	"unprognostic (2.73e-1)"	"potential prognostic unfavorable (8.99e-4)"	"unprognostic (1.59e-1)"	"potential prognostic favorable (3.49e-5)"		"unprognostic (4.52e-2)"	"unprognostic (1.19e-1)"	"unprognostic (1.17e-3)"	"unprognostic (1.65e-2)"		"unprognostic (6.35e-2)"	"unprognostic (5.48e-3)"	"unprognostic (3.11e-2)"	"unprognostic (5.56e-2)"	"unprognostic (3.04e-2)"	"unprognostic (3.80e-1)"	"unprognostic (8.04e-2)"	"potential prognostic favorable (2.43e-4)"	"unprognostic (2.02e-1)"	"unprognostic (2.42e-2)"	"unprognostic (3.42e-1)"	"unprognostic (7.71e-2)"	"unprognostic (3.37e-1)"	"unprognostic (3.85e-1)"	"unprognostic (1.23e-1)"	"unprognostic (2.01e-1)"
IGKV2D-24		ENSG00000241566	"Immunoglobulin kappa variable 2D-24 (non-functional)"	A0A075B6R9	2	90004797-90005629	"Immunoglobulin genes, Predicted secreted proteins"	"Adaptive immunity, Immunity"			"Evidence at protein level"	"Evidence at transcript level"	"Evidence at protein level"	"Evidence at protein level"	"Tissue enhanced"	"Detected in some"		"intestine: 19.0;lymphoid tissue: 24.6;urinary bladder: 14.7"	"Cell type enriched"	"Detected in single"	109	"Plasma cells: 68.8"	"Not detected"	"Not detected"			"Cancer enhanced"	"Detected in many"		"Lung Squamous Cell Carcinoma (TCGA): 12.4"	"Group enriched"	"Detected in some"	8	"cerebral cortex: 1.4;hippocampal formation: 3.8"	"Group enriched"	"Detected in some"	48	"memory B-cell: 6.8;naive B-cell: 2.7"	"Lineage enriched"	"Detected in single"	68	"B-cells: 6.8"	"Cancer enriched"	"Detected in single"	5	"lymphoma: 1.7"	"Adipose visceral - Plasma cells, Breast - Plasma cells, Liver - Plasma cells, Lung - Plasma cells, Minor Salivary Gland - Plasma cells, Pancreas - Plasma cells, Prostate - Plasma cells, Spleen - Plasma cells, Stomach - Plasma cells, Thyroid gland - Plasma cells"														"Immunoglobulin genes"	Immunity	NA	NA		960000000	"Cluster 14: Non-specific - Unknown function"		"Cluster 29: Forebrain - Mixed function"	"Cluster 55: Lymphoma - Immune response"	"Cluster 23: Plasma cells - Humoral immune response"					"unprognostic (2.20e-1)"	"potential prognostic favorable (1.43e-4)"		"unprognostic (8.22e-2)"	"unprognostic (4.86e-2)"	"unprognostic (1.02e-1)"			"unprognostic (1.18e-3)"		"unprognostic (2.21e-1)"	"unprognostic (2.73e-2)"				"unprognostic (3.00e-1)"	"unprognostic (5.22e-1)"	"unprognostic (3.15e-2)"	"unprognostic (5.47e-2)"			"unprognostic (3.21e-1)"			"unprognostic (2.10e-1)"	"unprognostic (1.22e-1)"		"unprognostic (3.56e-1)"	"unprognostic (4.40e-2)"	"unprognostic (4.98e-1)"	"unprognostic (2.57e-2)"
IGKV2D-26		ENSG00000211623	"Immunoglobulin kappa variable 2D-26"	A0A0A0MRZ7	2	89985922-89986702	"Immunoglobulin genes, Predicted secreted proteins"	"Adaptive immunity, Immunity"			"Evidence at protein level"	"Evidence at transcript level"	"No human protein/transcript evidence"	"Evidence at protein level"	"Tissue enhanced"	"Detected in some"		"intestine: 4.4;lymphoid tissue: 6.0"	"Cell type enriched"	"Detected in single"	7	"Plasma cells: 2.9"	"Not detected"	"Not detected"			"Low cancer specificity"	"Detected in some"			"Region enhanced"	"Detected in single"		"hippocampal formation: 1.1"	"Group enriched"	"Detected in some"	246	"memory B-cell: 21.9;naive B-cell: 27.3"	"Lineage enriched"	"Detected in single"	273	"B-cells: 27.3"	"Cancer enriched"	"Detected in single"	19	"lymphoma: 1.8"	"Breast - Plasma cells, Minor Salivary Gland - Plasma cells, Stomach - Plasma cells"														"Immunoglobulin genes"	Immunity	NA	NA		1300000000	"Cluster 34: B-cells - Unknown function"		"Cluster 29: Forebrain - Mixed function"	"Cluster 46: Lymphoma - Humoral immune response"	"Cluster 61: Plasma cells - Immunoglobulins & histones"								"unprognostic (2.95e-2)"												"unprognostic (1.31e-1)"	"unprognostic (2.35e-3)"	"unprognostic (2.52e-1)"	"unprognostic (2.46e-1)"							"unprognostic (3.41e-1)"			"unprognostic (2.88e-1)"		
IGKV2D-28		ENSG00000242534	"Immunoglobulin kappa variable 2D-28"	P01615	2	89959979-89960748	"Immunoglobulin genes, Predicted secreted proteins"	"Adaptive immunity, Immunity"			"Evidence at protein level"	"Evidence at transcript level"	"Evidence at protein level"	"Evidence at protein level"	"Tissue enhanced"	"Detected in many"		"esophagus: 87.3;intestine: 106.0;lymphoid tissue: 93.9;salivary gland: 116.8;stomach 1: 98.6"	"Cell type enriched"	"Detected in some"	177	"Plasma cells: 2633.1"	"Not detected"	"Not detected"			"Cancer enhanced"	"Detected in many"		"Stomach Adenocarcinoma (TCGA): 310.5"	"Region enhanced"	"Detected in single"		"medulla oblongata: 1.3"	"Group enriched"	"Detected in many"	221	"memory B-cell: 2988.8;naive B-cell: 2094.9"	"Lineage enriched"	"Detected in all"	260	"B-cells: 2988.8"	"Cancer enriched"	"Detected in single"	43	"lymphoma: 42.9"	"Adipose visceral - Plasma cells, Breast - Plasma cells, Colon - Plasma cells, Liver - Plasma cells, Lung - Plasma cells, Minor Salivary Gland - Plasma cells, Pancreas - Plasma cells, Prostate - Plasma cells, Spleen - Plasma cells, Stomach - Plasma cells, Thyroid gland - Plasma cells"														"Immunoglobulin genes"	Immunity	NA	NA		4200000000	"Cluster 17: B-cells - Immunoglobulins"		"Cluster 29: Forebrain - Mixed function"	"Cluster 46: Lymphoma - Humoral immune response"	"Cluster 77: Plasma cells - Protein processing"					"unprognostic (2.81e-1)"	"unprognostic (1.18e-2)"		"unprognostic (1.96e-2)"	"unprognostic (2.34e-1)"	"unprognostic (1.45e-1)"	"unprognostic (2.38e-1)"	"unprognostic (7.39e-2)"	"potential prognostic favorable (1.63e-5)"		"unprognostic (4.83e-2)"	"unprognostic (7.18e-2)"	"unprognostic (3.49e-2)"	"unprognostic (1.59e-1)"		"unprognostic (9.35e-2)"	"unprognostic (9.16e-3)"	"unprognostic (1.20e-1)"	"unprognostic (1.04e-1)"	"unprognostic (1.47e-2)"	"unprognostic (4.00e-1)"	"unprognostic (9.94e-2)"	"unprognostic (2.36e-1)"	"unprognostic (1.88e-1)"	"unprognostic (1.29e-2)"	"unprognostic (5.76e-2)"	"unprognostic (1.23e-1)"	"unprognostic (1.86e-1)"	"unprognostic (2.66e-1)"	"unprognostic (7.09e-2)"	"unprognostic (4.47e-1)"
IGKV2D-29		ENSG00000243264	"Immunoglobulin kappa variable 2D-29"	A0A075B6S2	2	89947512-89948269	"Immunoglobulin genes, Predicted secreted proteins"	"Adaptive immunity, Immunity"			"Evidence at protein level"	"Evidence at transcript level"	"No human protein/transcript evidence"	"Evidence at protein level"	"Tissue enhanced"	"Detected in many"		"intestine: 241.4;lymphoid tissue: 449.3"	"Cell type enriched"	"Detected in some"	24	"Plasma cells: 348.3"	"Not detected"	"Not detected"			"Low cancer specificity"	"Detected in many"			"Low region specificity"	"Detected in some"			"Group enriched"	"Detected in some"	261	"memory B-cell: 356.8;naive B-cell: 487.7"	"Lineage enriched"	"Detected in many"	302	"B-cells: 487.7"	"Group enriched"	"Detected in some"	23	"lymphoma: 5.8;Myeloma: 2.4"	"Adipose visceral - Plasma cells, Adrenal gland - Plasma cells, Breast - Plasma cells, Colon - Plasma cells, Kidney - Plasma cells, Liver - Plasma cells, Lung - Plasma cells, Minor Salivary Gland - Plasma cells, Pancreas - Plasma cells, Pituitary gland - Plasma cells, Prostate - Plasma cells, Skin - Plasma cells, Spleen - Plasma cells, Stomach - Plasma cells, Thyroid gland - Plasma cells"														"Immunoglobulin genes"	Immunity	NA	NA		2500000000	"Cluster 23: B-cells - Immunoglobulins"		"Cluster 8: Immune cells - Immune response"	"Cluster 46: Lymphoma - Humoral immune response"	"Cluster 61: Plasma cells - Immunoglobulins & histones"					"unprognostic (6.78e-2)"	"potential prognostic favorable (3.86e-5)"		"potential prognostic favorable (9.54e-4)"	"unprognostic (2.19e-2)"	"unprognostic (2.77e-1)"			"unprognostic (2.97e-3)"	"unprognostic (2.73e-1)"	"unprognostic (7.75e-2)"	"unprognostic (2.23e-1)"	"unprognostic (7.72e-3)"	"potential prognostic favorable (5.34e-4)"		"unprognostic (2.62e-2)"	"unprognostic (7.31e-3)"	"unprognostic (3.42e-1)"	"unprognostic (9.68e-2)"	"unprognostic (2.68e-2)"	"unprognostic (2.09e-1)"	"unprognostic (1.48e-1)"	"unprognostic (5.42e-3)"	"unprognostic (1.78e-1)"	"unprognostic (5.82e-2)"	"unprognostic (4.56e-1)"	"unprognostic (3.35e-1)"	"unprognostic (1.49e-1)"	"unprognostic (3.31e-1)"	"unprognostic (3.03e-1)"	"unprognostic (2.15e-1)"
IGKV2D-30		ENSG00000239571	"Immunoglobulin kappa variable 2D-30"	A0A075B6S6	2	89936859-89937679	"Immunoglobulin genes, Predicted secreted proteins"	"Adaptive immunity, Immunity"			"Evidence at protein level"	"Evidence at transcript level"	"No human protein/transcript evidence"	"Evidence at protein level"	"Tissue enhanced"	"Detected in some"		"intestine: 14.8;lymphoid tissue: 32.5;stomach 1: 21.6"	"Cell type enriched"	"Detected in some"	483	"Plasma cells: 1937.8"	"Not detected"	"Not detected"			"Low cancer specificity"	"Detected in many"			"Not detected"	"Not detected"			"Group enriched"	"Detected in some"	376	"memory B-cell: 124.5;naive B-cell: 164.2"	"Lineage enriched"	"Detected in single"	428	"B-cells: 164.2"	"Cancer enriched"	"Detected in single"	86	"lymphoma: 35.7"	"Adipose visceral - Plasma cells, Breast - Plasma cells, Liver - Plasma cells, Lung - Plasma cells, Minor Salivary Gland - Plasma cells, Pancreas - Plasma cells, Prostate - Plasma cells, Spleen - Plasma cells, Stomach - Plasma cells, Thyroid gland - Plasma cells"														"Immunoglobulin genes"	Immunity	NA	NA		3000000000	"Cluster 17: B-cells - Immunoglobulins"			"Cluster 55: Lymphoma - Immune response"	"Cluster 77: Plasma cells - Protein processing"					"unprognostic (6.58e-1)"	"unprognostic (3.87e-3)"		"unprognostic (3.30e-3)"	"unprognostic (2.41e-1)"	"unprognostic (4.54e-2)"			"unprognostic (3.43e-3)"		"unprognostic (2.03e-1)"	"unprognostic (1.56e-1)"				"unprognostic (2.69e-2)"	"unprognostic (1.58e-2)"	"unprognostic (4.35e-2)"	"unprognostic (9.49e-2)"	"unprognostic (1.46e-2)"		"unprognostic (3.18e-1)"				"unprognostic (1.99e-1)"		"unprognostic (1.43e-1)"	"unprognostic (2.73e-1)"	"unprognostic (2.92e-1)"	
IGKV3-15		ENSG00000244437	"Immunoglobulin kappa variable 3-15"	P01624	2	89085177-89085787	"Immunoglobulin genes, Predicted secreted proteins"	"Adaptive immunity, Immunity"			"Evidence at protein level"	"Evidence at transcript level"	"Evidence at protein level"	"Evidence at protein level"	"Tissue enhanced"	"Detected in many"		"intestine: 757.4;lymphoid tissue: 1934.6;urinary bladder: 758.7"	"Cell type enriched"	"Detected in some"	67	"Plasma cells: 14173.3"	"Not detected"	"Not detected"			"Low cancer specificity"	"Detected in all"			"Low region specificity"	"Detected in some"			"Group enriched"	"Detected in many"	562	"memory B-cell: 2253.6;naive B-cell: 1663.0"	"Lineage enriched"	"Detected in all"	646	"B-cells: 2253.6"	"Cancer enriched"	"Detected in some"	37	"Myeloma: 745.1"	"Adipose subcutaneous - Plasma cells, Adipose visceral - Plasma cells, Adrenal gland - Plasma cells, Breast - Plasma cells, Colon - Plasma cells, Heart muscle - Plasma cells, Liver - Plasma cells, Lung - Plasma cells, Minor Salivary Gland - Plasma cells, Pancreas - Plasma cells, Pituitary gland - Plasma cells, Prostate - Plasma cells, Skeletal muscle - Plasma cells, Skin - Plasma cells, Spleen - Plasma cells, Stomach - Plasma cells, Thyroid gland - Plasma cells"									HPA047702	Approved		Approved	"Plasma membrane,Cytosol"	"Immunoglobulin genes"	Immunity	NA	NA		17000000000	"Cluster 17: B-cells - Immunoglobulins"		"Cluster 22: Non-specific - Mixed function"	"Cluster 51: Myeloma - Immunoglobulins"	"Cluster 23: Plasma cells - Humoral immune response"		"Plasma membrane, Cytosol"		"HPA047702: "	"unprognostic (2.83e-2)"	"unprognostic (1.40e-3)"		"unprognostic (2.48e-2)"	"unprognostic (1.24e-1)"	"unprognostic (1.04e-1)"	"potential prognostic unfavorable (4.17e-5)"	"unprognostic (1.30e-1)"	"unprognostic (1.61e-3)"	"unprognostic (1.80e-1)"	"unprognostic (2.59e-3)"	"unprognostic (7.70e-2)"	"unprognostic (4.78e-2)"	"unprognostic (6.36e-2)"		"unprognostic (2.87e-2)"	"potential prognostic favorable (9.54e-4)"	"unprognostic (1.49e-1)"	"unprognostic (6.59e-2)"	"unprognostic (1.38e-2)"	"unprognostic (1.19e-1)"	"unprognostic (9.73e-2)"	"unprognostic (2.12e-2)"	"unprognostic (4.32e-1)"	"unprognostic (3.95e-2)"	"unprognostic (4.74e-2)"	"unprognostic (2.60e-1)"	"unprognostic (1.65e-1)"	"unprognostic (2.15e-1)"	"unprognostic (1.92e-1)"	"unprognostic (3.51e-1)"
IGKV3-20		ENSG00000239951	"Immunoglobulin kappa variable 3-20"	P01619	2	89142574-89143160	"Immunoglobulin genes, Predicted secreted proteins"	"Adaptive immunity, Immunity"			"Evidence at protein level"	"Evidence at transcript level"	"Evidence at protein level"	"Evidence at protein level"	"Tissue enhanced"	"Detected in many"		"intestine: 2965.7;lymphoid tissue: 5079.6"	"Cell type enriched"	"Detected in some"	120	"Plasma cells: 38821.5"	"Not detected"	"Not detected"			"Low cancer specificity"	"Detected in all"			"Region enhanced"	"Detected in many"		"spinal cord: 17.6"	"Group enriched"	"Detected in many"	327	"memory B-cell: 1609.9;naive B-cell: 1229.8"	"Lineage enriched"	"Detected in many"	370	"B-cells: 1609.9"	"Group enriched"	"Detected in many"	367	"lymphoma: 353.5;Myeloma: 1322.2"	"Adipose subcutaneous - Plasma cells, Adipose visceral - Plasma cells, Adrenal gland - Plasma cells, Breast - Plasma cells, Colon - Plasma cells, Heart muscle - Plasma cells, Kidney - Plasma cells, Liver - Plasma cells, Lung - Plasma cells, Minor Salivary Gland - Plasma cells, Pancreas - Plasma cells, Pituitary gland - Plasma cells, Prostate - Plasma cells, Skeletal muscle - Plasma cells, Skin - Plasma cells, Spleen - Plasma cells, Stomach - Plasma cells, Thyroid gland - Plasma cells"									HPA047702	Approved		Approved	"Plasma membrane,Cytosol"	"Immunoglobulin genes"	Immunity	NA	NA		36000000000	"Cluster 17: B-cells - Immunoglobulins"		"Cluster 8: Immune cells - Immune response"	"Cluster 20: Myeloma - Immune response"	"Cluster 77: Plasma cells - Protein processing"		"Plasma membrane, Cytosol"		"HPA047702: "	"unprognostic (1.24e-1)"	"potential prognostic favorable (8.23e-5)"		"unprognostic (1.17e-2)"	"unprognostic (6.22e-2)"	"unprognostic (8.91e-2)"	"unprognostic (1.65e-2)"	"unprognostic (1.88e-1)"	"unprognostic (2.00e-3)"	"unprognostic (2.59e-1)"	"unprognostic (2.04e-2)"	"unprognostic (1.79e-1)"	"potential prognostic unfavorable (6.94e-4)"	"unprognostic (1.34e-1)"		"unprognostic (6.55e-2)"	"unprognostic (4.69e-2)"	"unprognostic (2.17e-1)"	"unprognostic (9.18e-2)"	"unprognostic (1.47e-2)"	"unprognostic (2.41e-1)"	"unprognostic (1.22e-1)"	"unprognostic (1.02e-2)"	"unprognostic (1.57e-1)"	"unprognostic (6.56e-2)"	"unprognostic (1.39e-1)"	"unprognostic (2.24e-2)"	"unprognostic (4.84e-2)"	"unprognostic (1.67e-1)"	"unprognostic (5.75e-2)"	"unprognostic (2.90e-1)"
IGKV3-7		ENSG00000243063	"Immunoglobulin kappa variable 3-7 (non-functional)"	A0A075B6H7	2	88978468-88979081	"Immunoglobulin genes, Predicted secreted proteins"	"Adaptive immunity, Immunity"			"Evidence at protein level"	"Evidence at transcript level"	"Evidence at protein level"	"Evidence at protein level"	"Tissue enhanced"	"Detected in some"		"intestine: 18.0;lymphoid tissue: 21.5;salivary gland: 15.4"	"Cell type enriched"	"Detected in some"	8	"Plasma cells: 10.5"	"Not detected"	"Not detected"			"Low cancer specificity"	"Detected in many"			"Not detected"	"Not detected"			"Group enriched"	"Detected in some"	61	"memory B-cell: 28.0;naive B-cell: 24.5"	"Lineage enriched"	"Detected in single"	65	"B-cells: 28.0"	"Cancer enriched"	"Detected in single"	48	"Myeloma: 27.2"	"Adipose subcutaneous - Plasma cells, Adipose visceral - Plasma cells, Adrenal gland - Plasma cells, Breast - Plasma cells, Colon - Plasma cells, Liver - Plasma cells, Lung - Plasma cells, Minor Salivary Gland - Plasma cells, Pancreas - Plasma cells, Pituitary gland - Plasma cells, Prostate - Plasma cells, Skin - Plasma cells, Spleen - Plasma cells, Stomach - Plasma cells, Thyroid gland - Plasma cells"									HPA047702	Approved		Approved	"Plasma membrane,Cytosol"	"Immunoglobulin genes"	Immunity	NA	NA		1900000000	"Cluster 17: B-cells - Immunoglobulins"			"Cluster 51: Myeloma - Immunoglobulins"	"Cluster 61: Plasma cells - Immunoglobulins & histones"		"Plasma membrane, Cytosol"		"HPA047702: "	"unprognostic (1.99e-1)"	"potential prognostic favorable (5.56e-4)"		"unprognostic (5.32e-3)"	"unprognostic (1.19e-1)"	"unprognostic (3.74e-2)"			"unprognostic (3.87e-3)"		"unprognostic (5.66e-2)"	"unprognostic (1.24e-1)"	"potential prognostic unfavorable (5.65e-4)"			"unprognostic (1.53e-2)"	"unprognostic (1.88e-2)"	"unprognostic (1.77e-1)"	"unprognostic (1.79e-2)"	"unprognostic (9.65e-2)"		"unprognostic (1.20e-1)"			"unprognostic (7.50e-2)"	"unprognostic (9.04e-2)"	"unprognostic (1.74e-1)"	"unprognostic (1.95e-2)"	"unprognostic (2.29e-1)"	"unprognostic (1.06e-1)"	"unprognostic (3.15e-1)"
IGKV3D-11		ENSG00000211632	"Immunoglobulin kappa variable 3D-11"	A0A0A0MRZ8	2	90172802-90173414	"Immunoglobulin genes, Predicted secreted proteins"	"Adaptive immunity, Immunity"			"Evidence at transcript level"	"Evidence at transcript level"	"No human protein/transcript evidence"	"Evidence at transcript level"	"Tissue enhanced"	"Detected in many"		"intestine: 37.2;lymphoid tissue: 56.7;stomach 1: 26.9"	"Cell type enriched"	"Detected in some"	89	"Plasma cells: 387.1"	"Not detected"	"Not detected"			"Low cancer specificity"	"Detected in many"			"Not detected"	"Not detected"			"Group enriched"	"Detected in some"	469	"memory B-cell: 153.1;naive B-cell: 147.2"	"Lineage enriched"	"Detected in single"	479	"B-cells: 153.1"	"Cancer enriched"	"Detected in some"	317	"Myeloma: 396.6"	"Adipose subcutaneous - Plasma cells, Adipose visceral - Plasma cells, Adrenal gland - Plasma cells, Breast - Plasma cells, Colon - Plasma cells, Kidney - Plasma cells, Liver - Plasma cells, Lung - Plasma cells, Minor Salivary Gland - Plasma cells, Pancreas - Plasma cells, Prostate - Plasma cells, Spleen - Plasma cells, Stomach - Plasma cells, Thyroid gland - Plasma cells"									HPA047702	Approved		Approved	"Plasma membrane,Cytosol"	"Immunoglobulin genes"	Immunity	NA	NA		11000000000	"Cluster 17: B-cells - Immunoglobulins"			"Cluster 51: Myeloma - Immunoglobulins"	"Cluster 61: Plasma cells - Immunoglobulins & histones"		"Plasma membrane, Cytosol"		"HPA047702: "	"unprognostic (5.53e-2)"	"potential prognostic favorable (1.25e-4)"		"unprognostic (1.42e-3)"	"unprognostic (3.02e-2)"	"unprognostic (3.72e-1)"			"potential prognostic favorable (2.70e-4)"		"unprognostic (2.62e-2)"	"unprognostic (7.99e-2)"	"unprognostic (1.01e-3)"	"unprognostic (3.97e-1)"		"unprognostic (1.83e-2)"	"unprognostic (8.55e-2)"	"unprognostic (2.35e-1)"	"unprognostic (3.26e-3)"	"unprognostic (4.06e-2)"	"unprognostic (9.06e-2)"	"unprognostic (1.83e-1)"	"unprognostic (2.38e-2)"	"unprognostic (1.20e-1)"	"unprognostic (1.59e-2)"	"unprognostic (2.21e-1)"	"unprognostic (5.40e-1)"	"unprognostic (9.14e-2)"	"unprognostic (3.62e-1)"	"unprognostic (2.17e-1)"	"unprognostic (1.54e-2)"
IGKV3D-20		ENSG00000211625	"Immunoglobulin kappa variable 3D-20"	A0A0C4DH25	2	90038848-90039479	"Immunoglobulin genes, Predicted secreted proteins"	"Adaptive immunity, Immunity"			"Evidence at protein level"	"Evidence at transcript level"	"No human protein/transcript evidence"	"Evidence at protein level"	"Tissue enhanced"	"Detected in many"		"intestine: 127.0;lymphoid tissue: 267.0"	"Cell type enriched"	"Detected in some"	53	"Plasma cells: 417.5"	"Not detected"	"Not detected"			"Low cancer specificity"	"Detected in many"			"Region enhanced"	"Detected in single"		"cerebral cortex: 1.1"	"Group enriched"	"Detected in some"	1034	"memory B-cell: 198.1;naive B-cell: 99.4"	"Lineage enriched"	"Detected in single"	1377	"B-cells: 198.1"	"Cancer enriched"	"Detected in some"	711	"Myeloma: 2737.4"	"Adipose subcutaneous - Plasma cells, Adipose visceral - Plasma cells, Adrenal gland - Plasma cells, Breast - Plasma cells, Colon - Plasma cells, Kidney - Plasma cells, Liver - Plasma cells, Lung - Plasma cells, Minor Salivary Gland - Plasma cells, Pancreas - Plasma cells, Pituitary gland - Plasma cells, Prostate - Plasma cells, Skin - Plasma cells, Spleen - Plasma cells, Stomach - Plasma cells, Thyroid gland - Plasma cells"									HPA047702	Approved		Approved	"Plasma membrane,Cytosol"	"Immunoglobulin genes"	Immunity	NA	NA		16000000000	"Cluster 23: B-cells - Immunoglobulins"		"Cluster 12: Non-specific - Vasculature"	"Cluster 51: Myeloma - Immunoglobulins"	"Cluster 77: Plasma cells - Protein processing"		"Plasma membrane, Cytosol"		"HPA047702: "	"potential prognostic favorable (8.91e-4)"	"unprognostic (1.94e-3)"		"unprognostic (7.91e-2)"	"unprognostic (9.32e-2)"	"unprognostic (1.33e-1)"			"unprognostic (2.78e-3)"	"unprognostic (4.19e-1)"	"unprognostic (6.12e-3)"	"unprognostic (2.57e-2)"	"unprognostic (2.01e-2)"	"unprognostic (2.71e-1)"		"unprognostic (1.23e-2)"	"unprognostic (7.81e-2)"	"unprognostic (1.64e-1)"	"unprognostic (1.97e-2)"	"unprognostic (1.21e-1)"	"unprognostic (7.10e-2)"	"unprognostic (2.44e-1)"	"unprognostic (1.36e-3)"	"unprognostic (1.07e-1)"	"unprognostic (9.32e-2)"	"unprognostic (1.70e-1)"	"unprognostic (8.76e-2)"	"unprognostic (4.53e-2)"	"unprognostic (3.52e-1)"	"unprognostic (8.47e-2)"	"unprognostic (3.99e-1)"
IGKV3D-7		ENSG00000228325	"Immunoglobulin kappa variable 3D-7"	A0A0C4DH55	2	90234812-90235370	"Immunoglobulin genes, Predicted secreted proteins"	"Adaptive immunity, Immunity"			"Evidence at protein level"	"Evidence at transcript level"	"No human protein/transcript evidence"	"Evidence at protein level"	"Tissue enhanced"	"Detected in some"		"intestine: 4.5;lymphoid tissue: 5.3;stomach 1: 4.3;urinary bladder: 5.3"	"Cell type enriched"	"Detected in single"	455	"Plasma cells: 82.0"	"Not detected"	"Not detected"			"Low cancer specificity"	"Detected in some"			"Not detected"	"Not detected"			"Group enriched"	"Detected in some"	37	"memory B-cell: 2.9;naive B-cell: 4.4"	"Lineage enriched"	"Detected in single"	44	"B-cells: 4.4"	"Group enriched"	"Detected in some"	24	"lymphoma: 2.6;Myeloma: 3.7"	"Adipose visceral - Plasma cells, Breast - Plasma cells, Kidney - Plasma cells, Liver - Plasma cells, Lung - Plasma cells, Minor Salivary Gland - Plasma cells, Pancreas - Plasma cells, Prostate - Plasma cells, Spleen - Plasma cells, Stomach - Plasma cells, Thyroid gland - Plasma cells"									HPA047702	Approved		Approved	"Plasma membrane,Cytosol"	"Immunoglobulin genes"	Immunity	NA	NA		4800000000	"Cluster 34: B-cells - Unknown function"			"Cluster 55: Lymphoma - Immune response"	"Cluster 23: Plasma cells - Humoral immune response"		"Plasma membrane, Cytosol"		"HPA047702: "						"unprognostic (1.97e-1)"										"unprognostic (5.35e-3)"	"unprognostic (8.03e-2)"	"unprognostic (1.01e-2)"	"unprognostic (1.39e-1)"							"unprognostic (3.75e-1)"		"unprognostic (3.01e-1)"			
IGKV3OR2-268	"IGKV268, IGKV3/OR2-268, IGKV3/OR2-268A, IGKV3OR2-268A"	ENSG00000233999	"Immunoglobulin kappa variable 3/OR2-268 (non-functional)"		2	87338511-87339035	"Immunoglobulin genes, Predicted intracellular proteins"				"Evidence at transcript level"	"Evidence at transcript level"			"Tissue enhanced"	"Detected in many"		"intestine: 96.9;lymphoid tissue: 82.9"	"Cell type enriched"	"Detected in some"	299	"Plasma cells: 1588.1"	"Not detected"	"Not detected"			"Low cancer specificity"	"Detected in many"			"Low region specificity"	"Detected in some"			"Group enriched"	"Detected in some"	5	"memory B-cell: 221.3;naive B-cell: 79.4"	"Lineage enriched"	"Detected in many"	7	"B-cells: 221.3"	"Group enriched"	"Detected in some"	53	"lymphoma: 35.4;Myeloma: 40.1"	"Breast - Plasma cells, Lung - Plasma cells, Minor Salivary Gland - Plasma cells, Spleen - Plasma cells, Stomach - Plasma cells, Thyroid gland - Plasma cells"									HPA047702	Approved		Approved	"Plasma membrane,Cytosol"			NA	NA			"Cluster 17: B-cells - Immunoglobulins"		"Cluster 51: Neurons - Mixed function"	"Cluster 20: Myeloma - Immune response"	"Cluster 23: Plasma cells - Humoral immune response"		"Plasma membrane, Cytosol"		"HPA047702: "	"unprognostic (7.86e-2)"	"potential prognostic favorable (1.56e-4)"		"unprognostic (2.81e-3)"	"unprognostic (2.64e-1)"	"unprognostic (3.50e-2)"			"potential prognostic favorable (5.32e-4)"		"unprognostic (1.99e-2)"	"unprognostic (4.18e-2)"	"unprognostic (1.88e-2)"	"unprognostic (2.63e-1)"		"unprognostic (1.34e-2)"	"unprognostic (3.52e-3)"	"unprognostic (2.30e-2)"	"unprognostic (4.37e-2)"	"unprognostic (7.17e-2)"		"unprognostic (6.21e-2)"	"unprognostic (5.77e-2)"	"unprognostic (1.77e-1)"	"unprognostic (4.80e-2)"	"unprognostic (1.80e-1)"	"unprognostic (1.38e-1)"	"unprognostic (1.28e-1)"	"unprognostic (2.72e-1)"	"unprognostic (1.03e-1)"	"unprognostic (6.90e-3)"
IGKV4-1	"B3, IGKV41"	ENSG00000211598	"Immunoglobulin kappa variable 4-1"	P06312	2	88885397-88886153	"Immunoglobulin genes, Predicted secreted proteins"	"Adaptive immunity, Immunity"			"Evidence at protein level"	"Evidence at transcript level"	"Evidence at protein level"	"Evidence at protein level"	"Tissue enhanced"	"Detected in many"		"intestine: 1742.2;lymphoid tissue: 3074.1"	"Cell type enriched"	"Detected in some"	33	"Plasma cells: 27833.7"	"Not detected"	"Not detected"			"Cancer enhanced"	"Detected in all"		"Testicular Germ Cell Tumor (TCGA): 2591.6"	"Low region specificity"	"Detected in many"			"Group enriched"	"Detected in many"	590	"memory B-cell: 3048.7;naive B-cell: 3092.7"	"Lineage enriched"	"Detected in all"	595	"B-cells: 3092.7"	"Cancer enriched"	"Detected in some"	11	"lymphoma: 582.0"	"Adipose subcutaneous - Plasma cells, Adipose visceral - Plasma cells, Adrenal gland - Plasma cells, Breast - Plasma cells, Colon - Plasma cells, Heart muscle - Plasma cells, Kidney - Plasma cells, Liver - Plasma cells, Lung - Plasma cells, Minor Salivary Gland - Plasma cells, Pancreas - Plasma cells, Pituitary gland - Plasma cells, Prostate - Plasma cells, Skeletal muscle - Plasma cells, Skin - Plasma cells, Spleen - Plasma cells, Stomach - Plasma cells, Thyroid gland - Plasma cells"	"Not detected"	"Not detected"												"Immunoglobulin genes"	Immunity	NA	NA		18000000000	"Cluster 17: B-cells - Immunoglobulins"		"Cluster 8: Immune cells - Immune response"	"Cluster 46: Lymphoma - Humoral immune response"	"Cluster 77: Plasma cells - Protein processing"					"unprognostic (1.40e-2)"	"potential prognostic favorable (2.30e-4)"		"unprognostic (1.86e-1)"	"unprognostic (3.54e-2)"	"unprognostic (8.33e-2)"	"unprognostic (4.76e-3)"	"unprognostic (2.30e-1)"	"potential prognostic favorable (8.42e-4)"	"unprognostic (1.11e-1)"	"unprognostic (9.95e-2)"	"unprognostic (3.74e-1)"	"unprognostic (1.76e-3)"	"unprognostic (2.97e-2)"		"unprognostic (1.09e-2)"	"unprognostic (4.32e-2)"	"unprognostic (1.25e-1)"	"unprognostic (1.13e-1)"	"unprognostic (5.13e-3)"	"unprognostic (2.57e-1)"	"unprognostic (9.30e-2)"	"unprognostic (3.84e-2)"	"unprognostic (2.45e-1)"	"unprognostic (3.81e-2)"	"unprognostic (6.91e-2)"	"unprognostic (1.76e-1)"	"unprognostic (3.57e-1)"	"unprognostic (3.83e-2)"	"unprognostic (4.70e-2)"	"unprognostic (3.10e-2)"
IGKV5-2	"B2, IGKV52"	ENSG00000211599	"Immunoglobulin kappa variable 5-2"	P06315	2	88897232-88897784	"Immunoglobulin genes, Predicted secreted proteins"	"Adaptive immunity, Immunity"			"Evidence at protein level"	"Evidence at transcript level"	"Evidence at protein level"	"Evidence at protein level"	"Tissue enhanced"	"Detected in many"		"intestine: 34.8;lymphoid tissue: 80.5"	"Cell type enriched"	"Detected in some"	164	"Plasma cells: 969.2"	"Not detected"	"Not detected"			"Cancer enhanced"	"Detected in many"		"Testicular Germ Cell Tumor (TCGA): 22.0"	"Not detected"	"Not detected"			"Group enriched"	"Detected in some"	19	"memory B-cell: 21.5;naive B-cell: 17.4"	"Lineage enriched"	"Detected in many"	21	"B-cells: 21.5"	"Cancer enriched"	"Detected in single"	24	"lymphoma: 11.0"	"Adipose visceral - Plasma cells, Breast - Plasma cells, Liver - Plasma cells, Lung - Plasma cells, Minor Salivary Gland - Plasma cells, Pancreas - Plasma cells, Spleen - Plasma cells, Stomach - Plasma cells, Thyroid gland - Plasma cells"	"Not detected"	"Not detected"			"Not detected"	"Not detected"								"Immunoglobulin genes"	Immunity	NA	NA		6600000	"Cluster 23: B-cells - Immunoglobulins"			"Cluster 46: Lymphoma - Humoral immune response"	"Cluster 23: Plasma cells - Humoral immune response"					"unprognostic (1.55e-1)"	"unprognostic (2.65e-3)"		"unprognostic (2.80e-2)"	"unprognostic (1.10e-1)"	"unprognostic (4.41e-2)"			"potential prognostic favorable (6.14e-5)"		"unprognostic (1.23e-3)"	"unprognostic (1.18e-1)"				"unprognostic (2.57e-2)"	"unprognostic (1.18e-1)"	"unprognostic (2.37e-2)"	"unprognostic (4.66e-2)"	"unprognostic (2.49e-1)"	"unprognostic (1.31e-1)"	"unprognostic (1.15e-1)"	"unprognostic (1.10e-1)"		"unprognostic (7.37e-3)"	"unprognostic (1.11e-1)"	"unprognostic (2.62e-1)"	"unprognostic (2.28e-1)"	"unprognostic (2.14e-2)"	"unprognostic (4.49e-2)"	"unprognostic (1.52e-1)"
IGKV6-21	"A26, IGKV621"	ENSG00000211611	"Immunoglobulin kappa variable 6-21 (non-functional)"	A0A0C4DH24	2	89159751-89160366	"Immunoglobulin genes, Predicted secreted proteins"	"Adaptive immunity, Immunity"			"Evidence at protein level"	"Evidence at transcript level"	"No human protein/transcript evidence"	"Evidence at protein level"	"Tissue enhanced"	"Detected in many"		"intestine: 93.7;lymphoid tissue: 136.6"	"Cell type enriched"	"Detected in some"	82	"Plasma cells: 945.0"	"Not detected"	"Not detected"			"Low cancer specificity"	"Detected in many"			"Not detected"	"Not detected"			"Group enriched"	"Detected in some"	195	"memory B-cell: 29.0;naive B-cell: 9.9"	"Lineage enriched"	"Detected in single"	290	"B-cells: 29.0"	"Cancer enriched"	"Detected in single"	9	"Myeloma: 1.0"	"Adipose visceral - Plasma cells, Breast - Plasma cells, Colon - Plasma cells, Kidney - Plasma cells, Liver - Plasma cells, Lung - Plasma cells, Minor Salivary Gland - Plasma cells, Pancreas - Plasma cells, Prostate - Plasma cells, Spleen - Plasma cells, Stomach - Plasma cells, Thyroid gland - Plasma cells"														"Immunoglobulin genes"	Immunity	NA	NA		420000000	"Cluster 23: B-cells - Immunoglobulins"			"Cluster 20: Myeloma - Immune response"	"Cluster 23: Plasma cells - Humoral immune response"					"unprognostic (2.16e-1)"	"potential prognostic favorable (8.09e-5)"		"unprognostic (3.62e-2)"	"unprognostic (7.29e-2)"	"unprognostic (2.45e-1)"			"potential prognostic favorable (3.61e-4)"		"unprognostic (2.49e-2)"	"unprognostic (1.21e-1)"	"potential prognostic unfavorable (3.04e-4)"	"unprognostic (2.25e-1)"		"unprognostic (4.35e-2)"	"unprognostic (4.85e-2)"	"unprognostic (2.83e-1)"	"unprognostic (2.74e-1)"	"unprognostic (5.59e-2)"	"unprognostic (6.25e-2)"	"unprognostic (7.02e-2)"	"unprognostic (2.02e-2)"	"unprognostic (9.03e-2)"	"unprognostic (7.95e-3)"	"unprognostic (1.18e-1)"	"unprognostic (3.50e-1)"	"unprognostic (2.81e-1)"	"unprognostic (1.19e-1)"	"unprognostic (3.42e-1)"	"unprognostic (4.18e-1)"
IGKV6D-41		ENSG00000211626	"Immunoglobulin kappa variable 6D-41 (non-functional)"	A0A0C4DH26	2	90069662-90070238	"Immunoglobulin genes, Predicted secreted proteins"	"Adaptive immunity, Immunity"			"Evidence at protein level"	"Evidence at transcript level"	"Evidence at protein level"	"Evidence at protein level"	"Tissue enhanced"	"Detected in some"		"cervix: 4.5;intestine: 3.2;lymphoid tissue: 2.1"	"Not detected"	"Not detected"			"Not detected"	"Not detected"			"Cancer enhanced"	"Detected in single"		"Lung Adenocarcinoma (TCGA): 1.6"	"Not detected"	"Not detected"			"Group enriched"	"Detected in some"	40	"memory B-cell: 3.0;naive B-cell: 4.9"	"Lineage enriched"	"Detected in single"	49	"B-cells: 4.9"	"Cancer enriched"	"Detected in single"	13	"lymphoma: 1.2"	"Breast - Plasma cells, Lung - Plasma cells, Minor Salivary Gland - Plasma cells, Spleen - Plasma cells, Stomach - Plasma cells"														"Immunoglobulin genes"	Immunity	NA	NA		53000000	"Cluster 34: B-cells - Unknown function"			"Cluster 46: Lymphoma - Humoral immune response"	"Cluster 61: Plasma cells - Immunoglobulins & histones"																				"unprognostic (7.83e-2)"	"unprognostic (8.55e-2)"		"unprognostic (3.81e-1)"							"unprognostic (5.64e-1)"					
IGLC1	IGLC	ENSG00000211675	"Immunoglobulin lambda constant 1"		22	22895375-22895834	"Immunoglobulin genes, Predicted intracellular proteins, Predicted secreted proteins"				"Evidence at transcript level"	"Evidence at transcript level"			"Tissue enhanced"	"Detected in many"		"intestine: 3166.8;lymphoid tissue: 5425.9;stomach 1: 2268.6"	"Not detected"	"Not detected"							"Low cancer specificity"	"Detected in all"			"Low region specificity"	"Detected in all"			"Group enriched"	"Detected in all"	745	"memory B-cell: 5791.3;naive B-cell: 5907.8"	"Lineage enriched"	"Detected in all"	752	"B-cells: 5907.8"	"Cancer enriched"	"Detected in many"	46	"Myeloma: 14011.1"	"Adipose subcutaneous - Plasma cells, Adipose visceral - Plasma cells, Adrenal gland - Plasma cells, Breast - Plasma cells, Colon - Plasma cells, Heart muscle - Plasma cells, Kidney - Plasma cells, Liver - Plasma cells, Lung - Plasma cells, Minor Salivary Gland - Plasma cells, Pancreas - Plasma cells, Pituitary gland - Plasma cells, Prostate - Plasma cells, Skeletal muscle - Plasma cells, Skin - Plasma cells, Spleen - Plasma cells, Stomach - Plasma cells, Thyroid gland - Plasma cells"														"Immunoglobulin genes"		NA	NA			"Cluster 17: B-cells - Immunoglobulins"		"Cluster 8: Immune cells - Immune response"	"Cluster 51: Myeloma - Immunoglobulins"						"unprognostic (3.06e-2)"	"potential prognostic favorable (3.49e-5)"		"unprognostic (1.25e-3)"	"unprognostic (1.18e-1)"	"unprognostic (2.24e-1)"	"potential prognostic unfavorable (1.80e-4)"		"potential prognostic favorable (4.22e-5)"	"unprognostic (2.63e-1)"	"potential prognostic unfavorable (9.24e-4)"	"unprognostic (3.53e-2)"	"unprognostic (3.69e-3)"	"unprognostic (6.64e-2)"		"unprognostic (9.06e-2)"	"unprognostic (2.66e-3)"	"unprognostic (1.73e-2)"	"unprognostic (4.56e-2)"	"unprognostic (2.67e-2)"	"unprognostic (8.26e-2)"	"unprognostic (9.70e-2)"	"unprognostic (3.93e-3)"	"unprognostic (2.89e-1)"	"unprognostic (2.44e-2)"	"unprognostic (3.72e-1)"	"unprognostic (1.45e-1)"	"unprognostic (1.24e-1)"	"unprognostic (4.26e-1)"	"unprognostic (6.30e-2)"	"unprognostic (1.08e-1)"
IGLC2	IGLC	ENSG00000211677	"Immunoglobulin lambda constant 2"	P0DOY2	22	22900976-22901437	"Immunoglobulin genes, Predicted intracellular proteins, Predicted secreted proteins"	"Adaptive immunity, Immunity"	"Bence-Jones protein"		"Evidence at protein level"	"Evidence at transcript level"	"Evidence at protein level"	"Evidence at protein level"	"Tissue enhanced"	"Detected in many"		"intestine: 9437.0;lymphoid tissue: 19382.3;stomach 1: 10530.9"	"Cell type enriched"	"Detected in many"	8	"Plasma cells: 107273.2"	"Cell type enriched"	"Detected in some"	14	"leukocyte: 23.8"	"Low cancer specificity"	"Detected in all"			"Low region specificity"	"Detected in many"			"Group enriched"	"Detected in all"	36	"memory B-cell: 11410.9;naive B-cell: 10729.1"	"Lineage enriched"	"Detected in all"	37	"B-cells: 11410.9"	"Cancer enriched"	"Detected in many"	10	"Myeloma: 14457.7"	"Adipose subcutaneous - Plasma cells, Adipose visceral - Plasma cells, Adrenal gland - Plasma cells, Breast - Plasma cells, Colon - Plasma cells, Heart muscle - Plasma cells, Kidney - Plasma cells, Liver - Plasma cells, Lung - Plasma cells, Minor Salivary Gland - Plasma cells, Pancreas - Plasma cells, Pituitary gland - Plasma cells, Prostate - Plasma cells, Skeletal muscle - Plasma cells, Skin - Plasma cells, Spleen - Plasma cells, Stomach - Plasma cells, Thyroid gland - Plasma cells"														"Immunoglobulin genes"	Immunity	NA	NA			"Cluster 17: B-cells - Immunoglobulins"		"Cluster 8: Immune cells - Immune response"	"Cluster 20: Myeloma - Immune response"	"Cluster 77: Plasma cells - Protein processing"					"unprognostic (4.70e-2)"	"potential prognostic favorable (6.65e-6)"		"unprognostic (3.41e-3)"	"unprognostic (8.27e-2)"	"unprognostic (3.34e-1)"	"unprognostic (6.09e-3)"	"unprognostic (3.33e-1)"	"potential prognostic favorable (2.12e-4)"	"unprognostic (2.30e-1)"	"unprognostic (2.13e-3)"	"unprognostic (2.24e-1)"	"unprognostic (1.53e-3)"	"unprognostic (4.63e-2)"		"unprognostic (3.05e-2)"	"unprognostic (1.67e-2)"	"unprognostic (6.89e-2)"	"unprognostic (3.29e-2)"	"unprognostic (3.10e-2)"	"unprognostic (1.22e-2)"	"unprognostic (1.85e-1)"	"unprognostic (1.15e-2)"	"unprognostic (1.20e-1)"	"unprognostic (8.05e-3)"	"unprognostic (2.17e-1)"	"unprognostic (1.36e-1)"	"unprognostic (1.31e-1)"	"unprognostic (3.50e-1)"	"unprognostic (1.23e-1)"	"unprognostic (1.94e-2)"
IGLC3	IGLC	ENSG00000211679	"Immunoglobulin lambda constant 3 (Kern-Oz+ marker)"	P0DOY3	22	22906342-22906803	"Immunoglobulin genes, Predicted intracellular proteins, Predicted secreted proteins"	"Adaptive immunity, Immunity"	"Bence-Jones protein"		"Evidence at protein level"	"Evidence at protein level"	"Evidence at protein level"	"Evidence at protein level"	"Tissue enhanced"	"Detected in many"		"intestine: 3970.7;lymphoid tissue: 7928.0;stomach 1: 4009.5;urinary bladder: 3601.8"	"Cell type enriched"	"Detected in many"	11	"Plasma cells: 37474.7"	"Cell type enriched"	"Detected in single"	245	"leukocyte: 24.5"	"Low cancer specificity"	"Detected in all"			"Low region specificity"	"Detected in many"			"Group enriched"	"Detected in all"	34	"memory B-cell: 7287.2;naive B-cell: 6162.3"	"Lineage enriched"	"Detected in all"	37	"B-cells: 7287.2"	"Cancer enriched"	"Detected in many"	19	"Myeloma: 12802.2"	"Adipose subcutaneous - Plasma cells, Adipose visceral - Plasma cells, Adrenal gland - Plasma cells, Breast - Plasma cells, Colon - Plasma cells, Heart muscle - Plasma cells, Liver - Plasma cells, Lung - Plasma cells, Minor Salivary Gland - Plasma cells, Pancreas - Plasma cells, Pituitary gland - Plasma cells, Prostate - Plasma cells, Skeletal muscle - Plasma cells, Skin - Plasma cells, Spleen - Plasma cells, Stomach - Plasma cells, Thyroid gland - Plasma cells"									"CAB000050, CAB016533"	Supported				"Immunoglobulin genes"	Immunity	NA	NA			"Cluster 17: B-cells - Immunoglobulins"		"Cluster 8: Immune cells - Immune response"	"Cluster 51: Myeloma - Immunoglobulins"	"Cluster 77: Plasma cells - Protein processing"				"CAB000050: , CAB016533: AB_629719"	"unprognostic (1.27e-2)"	"potential prognostic favorable (7.64e-5)"		"unprognostic (4.45e-3)"	"unprognostic (1.24e-1)"	"unprognostic (1.64e-1)"	"unprognostic (1.60e-2)"	"unprognostic (2.07e-1)"	"potential prognostic favorable (4.07e-4)"	"unprognostic (2.78e-2)"	"potential prognostic unfavorable (6.38e-5)"	"unprognostic (7.22e-3)"	"potential prognostic unfavorable (6.01e-5)"	"unprognostic (5.04e-2)"		"unprognostic (5.03e-3)"	"unprognostic (7.16e-3)"	"unprognostic (2.53e-1)"	"unprognostic (4.90e-2)"	"unprognostic (3.91e-2)"	"unprognostic (2.92e-2)"	"unprognostic (1.92e-1)"	"unprognostic (2.00e-1)"	"unprognostic (3.55e-1)"	"unprognostic (2.07e-2)"	"unprognostic (4.47e-2)"	"unprognostic (8.58e-2)"	"unprognostic (2.93e-2)"	"unprognostic (2.57e-1)"	"unprognostic (1.41e-1)"	"unprognostic (1.20e-1)"
IGLC7		ENSG00000211685	"Immunoglobulin lambda constant 7"		22	22922594-22923034	"Immunoglobulin genes, Predicted intracellular proteins, Predicted secreted proteins"				"Evidence at transcript level"	"Evidence at transcript level"			"Tissue enhanced"	"Detected in many"		"intestine: 86.7;lymphoid tissue: 101.3;salivary gland: 68.3;stomach 1: 110.2"	"Cell type enriched"	"Detected in some"	4	"Plasma cells: 141.5"	"Not detected"	"Not detected"			"Low cancer specificity"	"Detected in many"			"Low region specificity"	"Detected in all"			"Group enriched"	"Detected in some"	244	"memory B-cell: 129.9;naive B-cell: 134.9"	"Lineage enriched"	"Detected in single"	249	"B-cells: 134.9"	"Cancer enriched"	"Detected in some"	24	"Myeloma: 3425.5"	"Adipose subcutaneous - Plasma cells, Adipose visceral - Plasma cells, Adrenal gland - Plasma cells, Breast - Plasma cells, Colon - Plasma cells, Liver - Plasma cells, Lung - Plasma cells, Minor Salivary Gland - Plasma cells, Pancreas - Plasma cells, Pituitary gland - Plasma cells, Prostate - Plasma cells, Skin - Plasma cells, Spleen - Plasma cells, Stomach - Plasma cells, Thyroid gland - Plasma cells"														"Immunoglobulin genes"		NA	NA			"Cluster 23: B-cells - Immunoglobulins"		"Cluster 4: Non-specific - mRNA splicing & Cell cycle"	"Cluster 51: Myeloma - Immunoglobulins"	"Cluster 77: Plasma cells - Protein processing"					"unprognostic (1.08e-1)"	"unprognostic (3.68e-3)"		"potential prognostic favorable (1.59e-4)"	"unprognostic (1.05e-1)"	"unprognostic (4.97e-3)"			"potential prognostic favorable (2.98e-4)"		"potential prognostic unfavorable (1.68e-4)"	"unprognostic (6.67e-2)"	"unprognostic (7.86e-3)"	"unprognostic (1.61e-1)"		"unprognostic (3.91e-2)"	"unprognostic (1.16e-1)"	"unprognostic (4.38e-2)"	"unprognostic (3.32e-2)"	"unprognostic (4.40e-2)"	"unprognostic (1.76e-1)"	"unprognostic (3.14e-1)"	"unprognostic (1.17e-1)"	"unprognostic (3.41e-1)"	"unprognostic (2.25e-1)"	"unprognostic (2.11e-2)"	"unprognostic (3.33e-2)"	"unprognostic (1.47e-1)"	"unprognostic (1.30e-1)"	"unprognostic (9.05e-2)"	"unprognostic (1.42e-1)"
IGLJ2		ENSG00000211676	"Immunoglobulin lambda joining 2"		22	22899481-22899655	"Immunoglobulin genes, Predicted intracellular proteins"				"Evidence at transcript level"	"Evidence at transcript level"			"Tissue enhanced"	"Detected in many"		"intestine: 253.4;lymphoid tissue: 184.4;stomach 1: 206.9"	"Not detected"	"Not detected"			"Not detected"	"Not detected"			"Cancer enhanced"	"Detected in many"		"Lung Squamous Cell Carcinoma (TCGA): 331.3"	"Low region specificity"	"Detected in some"			"Group enriched"	"Detected in many"	12	"memory B-cell: 882.3;naive B-cell: 871.4"	"Lineage enriched"	"Detected in many"	12	"B-cells: 882.3"	"Group enriched"	"Detected in some"	10	"lymphoma: 106.5;Myeloma: 122.9"	"Adipose subcutaneous - Plasma cells, Adipose visceral - Plasma cells, Adrenal gland - Plasma cells, Breast - Plasma cells, Colon - Plasma cells, Liver - Plasma cells, Lung - Plasma cells, Minor Salivary Gland - Plasma cells, Pancreas - Plasma cells, Pituitary gland - Plasma cells, Prostate - Plasma cells, Skin - Plasma cells, Spleen - Plasma cells, Stomach - Plasma cells, Thyroid gland - Plasma cells"																NA	NA			"Cluster 17: B-cells - Immunoglobulins"		"Cluster 43: Hindbrain - Mixed function"	"Cluster 51: Myeloma - Immunoglobulins"	"Cluster 23: Plasma cells - Humoral immune response"					"unprognostic (3.09e-1)"	"potential prognostic favorable (5.28e-4)"		"unprognostic (2.20e-2)"	"unprognostic (7.28e-2)"	"unprognostic (2.49e-1)"	"potential prognostic unfavorable (8.27e-4)"		"potential prognostic favorable (1.54e-5)"		"unprognostic (5.87e-3)"	"unprognostic (5.39e-2)"	"unprognostic (1.51e-1)"	"unprognostic (3.10e-1)"		"unprognostic (3.26e-2)"	"unprognostic (4.06e-2)"	"unprognostic (1.93e-1)"	"unprognostic (2.27e-1)"	"unprognostic (1.05e-2)"		"unprognostic (3.26e-1)"		"unprognostic (6.74e-2)"	"unprognostic (1.58e-2)"	"unprognostic (2.69e-1)"	"unprognostic (8.12e-2)"	"unprognostic (1.59e-1)"	"unprognostic (5.51e-1)"	"unprognostic (1.05e-1)"	"unprognostic (2.83e-2)"
IGLJ5		ENSG00000211681	"Immunoglobulin lambda joining 5 (non-functional)"		22	22914237-22914308	"Immunoglobulin genes, Predicted intracellular proteins"				"Evidence at transcript level"	"Evidence at transcript level"			"Tissue enhanced"	"Detected in some"		"breast: 1.6;lymphoid tissue: 3.7;stomach 1: 1.6"	"Not detected"	"Not detected"			"Not detected"	"Not detected"			"Not detected"	"Not detected"			"Not detected"	"Not detected"			"Group enriched"	"Detected in some"	118	"memory B-cell: 15.3;naive B-cell: 14.3;plasmacytoid DC: 5.8"	"Group enriched"	"Detected in many"	106	"B-cells: 15.3;dendritic cells: 5.8"	"Group enriched"	"Detected in some"	9	"Leukemia: 1.7;lymphoma: 5.6;Myeloma: 2.2"	"Minor Salivary Gland - Plasma cells"																NA	NA			"Cluster 23: B-cells - Immunoglobulins"			"Cluster 46: Lymphoma - Humoral immune response"																																				
IGLJ7		ENSG00000211684	"Immunoglobulin lambda joining 7"		22	22921390-22921435	"Immunoglobulin genes, Predicted intracellular proteins"				"Evidence at transcript level"	"Evidence at transcript level"			"Tissue enhanced"	"Detected in some"		"intestine: 11.9;lymphoid tissue: 18.1;stomach 1: 15.0"	"Not detected"	"Not detected"			"Not detected"	"Not detected"			"Cancer enhanced"	"Detected in many"		"Skin Cuteneous Melanoma (TCGA): 11.4;Stomach Adenocarcinoma (TCGA): 13.0"	"Region enhanced"	"Detected in many"		"cerebral cortex: 6.5"	"Group enriched"	"Detected in some"	222	"memory B-cell: 314.3;naive B-cell: 372.7"	"Lineage enriched"	"Detected in many"	240	"B-cells: 372.7"	"Group enriched"	"Detected in some"	64	"Leukemia: 10.2;lymphoma: 40.8"	"Breast - Plasma cells, Minor Salivary Gland - Plasma cells, Spleen - Plasma cells, Thyroid gland - Plasma cells"																NA	NA			"Cluster 14: Non-specific - Unknown function"		"Cluster 52: Neurons & Synapses - Synaptic function"	"Cluster 46: Lymphoma - Humoral immune response"							"unprognostic (6.50e-2)"			"unprognostic (7.63e-1)"				"potential prognostic favorable (1.75e-4)"		"unprognostic (4.41e-1)"					"unprognostic (9.86e-2)"	"unprognostic (5.32e-1)"	"unprognostic (2.09e-1)"	"unprognostic (2.86e-1)"	"unprognostic (3.59e-1)"		"unprognostic (3.14e-1)"			"unprognostic (4.60e-1)"			"unprognostic (3.41e-1)"		"unprognostic (3.88e-1)"	
IGLL5		ENSG00000254709	"Immunoglobulin lambda like polypeptide 5"	B9A064	22	22887780-22896111	"Predicted intracellular proteins, Predicted secreted proteins"				"Evidence at protein level"	"Evidence at transcript level"	"Evidence at transcript level"	"Evidence at protein level"	"Tissue enhanced"	"Detected in many"		"intestine: 397.1;lymphoid tissue: 656.5;stomach 1: 300.1"	"Cell type enriched"	"Detected in some"	9	"Plasma cells: 1531.4"	"Cell type enriched"	"Detected in single"	164	"leukocyte: 34.2"	"Low cancer specificity"	"Detected in all"			"Low region specificity"	"Detected in single"			"Group enriched"	"Detected in some"	227	"memory B-cell: 517.6;naive B-cell: 619.6"	"Lineage enriched"	"Detected in many"	247	"B-cells: 619.6"	"Cancer enriched"	"Detected in some"	4	"Myeloma: 1179.4"															"Secreted to blood"	"No annotated function"	NA	NA		42000000000	"Cluster 23: B-cells - Immunoglobulins"	"Cluster 70: Lymphoid tissue - Immune response"	"Cluster 8: Immune cells - Immune response"	"Cluster 51: Myeloma - Immunoglobulins"	"Cluster 77: Plasma cells - Protein processing"	36				"unprognostic (1.09e-2)"	"unprognostic (1.76e-3)"		"unprognostic (3.48e-2)"	"unprognostic (1.87e-1)"	"unprognostic (1.78e-1)"	"unprognostic (1.74e-3)"	"unprognostic (1.62e-1)"	"potential prognostic favorable (5.40e-5)"	"unprognostic (1.07e-1)"	"unprognostic (1.19e-3)"	"unprognostic (6.57e-2)"	"unprognostic (4.75e-3)"	"unprognostic (4.06e-2)"	"unprognostic (1.06e-2)"	"unprognostic (1.17e-1)"	"unprognostic (5.79e-3)"	"unprognostic (1.80e-1)"	"unprognostic (4.54e-2)"	"unprognostic (4.70e-2)"	"unprognostic (9.33e-2)"	"unprognostic (1.84e-1)"	"unprognostic (3.75e-3)"	"unprognostic (4.67e-1)"	"unprognostic (1.76e-2)"	"unprognostic (2.95e-1)"	"unprognostic (7.78e-2)"	"unprognostic (1.10e-1)"	"unprognostic (4.12e-1)"	"unprognostic (1.17e-1)"	"unprognostic (1.70e-1)"
IGLV1-36		ENSG00000211655	"Immunoglobulin lambda variable 1-36"	A0A0B4J1U3	22	22431958-22432465	"Immunoglobulin genes, Predicted secreted proteins"	"Adaptive immunity, Immunity"			"Evidence at protein level"	"Evidence at transcript level"	"Evidence at protein level"	"Evidence at protein level"	"Tissue enhanced"	"Detected in many"		"lymphoid tissue: 260.0;stomach 1: 118.7;urinary bladder: 83.6"	"Cell type enriched"	"Detected in some"	31	"Plasma cells: 313.3"	"Not detected"	"Not detected"			"Cancer enhanced"	"Detected in many"		"Lung Adenocarcinoma (TCGA): 41.4"	"Not detected"	"Not detected"			"Group enriched"	"Detected in some"	625	"memory B-cell: 61.2;naive B-cell: 86.2"	"Lineage enriched"	"Detected in single"	731	"B-cells: 86.2"	"Cancer enriched"	"Detected in some"	45	"lymphoma: 117.2"	"Adipose subcutaneous - Plasma cells, Adipose visceral - Plasma cells, Adrenal gland - Plasma cells, Breast - Plasma cells, Colon - Plasma cells, Liver - Plasma cells, Lung - Plasma cells, Minor Salivary Gland - Plasma cells, Pancreas - Plasma cells, Prostate - Plasma cells, Skin - Plasma cells, Spleen - Plasma cells, Stomach - Plasma cells, Thyroid gland - Plasma cells"														"Immunoglobulin genes"	Immunity	NA	NA		1500000000	"Cluster 34: B-cells - Unknown function"			"Cluster 55: Lymphoma - Immune response"	"Cluster 61: Plasma cells - Immunoglobulins & histones"					"unprognostic (2.65e-1)"	"potential prognostic favorable (6.18e-5)"		"unprognostic (3.74e-2)"	"unprognostic (3.58e-1)"	"unprognostic (1.87e-1)"			"potential prognostic favorable (6.22e-4)"		"unprognostic (1.26e-2)"	"unprognostic (4.56e-1)"	"potential prognostic unfavorable (4.34e-4)"	"unprognostic (5.02e-2)"		"unprognostic (2.14e-3)"	"unprognostic (4.77e-2)"	"unprognostic (1.52e-1)"	"unprognostic (1.69e-1)"	"unprognostic (2.48e-1)"	"unprognostic (1.99e-1)"	"unprognostic (3.23e-2)"	"unprognostic (3.15e-2)"	"unprognostic (1.90e-1)"	"unprognostic (8.05e-2)"	"unprognostic (1.78e-1)"	"unprognostic (4.80e-2)"	"unprognostic (3.31e-2)"	"unprognostic (7.33e-2)"	"unprognostic (1.18e-1)"	"unprognostic (2.78e-1)"
IGLV1-40		ENSG00000211653	"Immunoglobulin lambda variable 1-40"	P01703	22	22409766-22410282	"Immunoglobulin genes, Predicted secreted proteins"	"Adaptive immunity, Immunity"			"Evidence at protein level"	"Evidence at transcript level"	"Evidence at protein level"	"Evidence at protein level"	"Tissue enhanced"	"Detected in many"		"lymphoid tissue: 1251.4;stomach 1: 1249.5"	"Cell type enriched"	"Detected in some"	237	"Plasma cells: 27451.2"	"Not detected"	"Not detected"			"Low cancer specificity"	"Detected in all"			"Low region specificity"	"Detected in many"			"Group enriched"	"Detected in some"	493	"memory B-cell: 669.2;naive B-cell: 580.6"	"Lineage enriched"	"Detected in many"	528	"B-cells: 669.2"	"Cancer enriched"	"Detected in some"	14	"Myeloma: 2249.4"	"Adipose subcutaneous - Plasma cells, Adipose visceral - Plasma cells, Adrenal gland - Plasma cells, Breast - Plasma cells, Colon - Plasma cells, Heart muscle - Plasma cells, Kidney - Plasma cells, Liver - Plasma cells, Lung - Plasma cells, Minor Salivary Gland - Plasma cells, Pancreas - Plasma cells, Pituitary gland - Plasma cells, Prostate - Plasma cells, Skeletal muscle - Plasma cells, Skin - Plasma cells, Spleen - Plasma cells, Stomach - Plasma cells, Thyroid gland - Plasma cells"														"Immunoglobulin genes"	Immunity	NA	NA		4000000000	"Cluster 17: B-cells - Immunoglobulins"		"Cluster 8: Immune cells - Immune response"	"Cluster 51: Myeloma - Immunoglobulins"	"Cluster 77: Plasma cells - Protein processing"					"unprognostic (1.54e-2)"	"potential prognostic favorable (6.30e-4)"		"unprognostic (4.53e-2)"	"unprognostic (1.79e-1)"	"unprognostic (1.11e-1)"	"potential prognostic unfavorable (7.14e-4)"	"unprognostic (4.18e-2)"	"potential prognostic favorable (4.27e-5)"	"unprognostic (4.25e-1)"	"unprognostic (4.12e-3)"	"unprognostic (2.72e-2)"	"unprognostic (1.59e-3)"	"unprognostic (1.36e-2)"		"unprognostic (2.97e-2)"	"unprognostic (2.46e-2)"	"unprognostic (1.33e-2)"	"unprognostic (1.31e-2)"	"unprognostic (6.86e-2)"	"unprognostic (1.54e-1)"	"unprognostic (1.28e-1)"	"unprognostic (3.16e-3)"	"unprognostic (2.00e-1)"	"unprognostic (2.08e-2)"	"unprognostic (4.52e-2)"	"unprognostic (1.28e-1)"	"unprognostic (1.25e-1)"	"unprognostic (1.48e-1)"	"unprognostic (1.56e-1)"	"unprognostic (2.80e-1)"
IGLV1-47		ENSG00000211648	"Immunoglobulin lambda variable 1-47"	P01700	22	22357739-22358260	"Immunoglobulin genes, Predicted secreted proteins"	"Adaptive immunity, Immunity"			"Evidence at protein level"	"Evidence at transcript level"	"Evidence at protein level"	"Evidence at protein level"	"Tissue enhanced"	"Detected in many"		"intestine: 683.5;lymphoid tissue: 1747.6"	"Cell type enriched"	"Detected in some"	10	"Plasma cells: 8877.5"	"Not detected"	"Not detected"			"Low cancer specificity"	"Detected in all"			"Low region specificity"	"Detected in many"			"Group enriched"	"Detected in some"	639	"memory B-cell: 1525.2;naive B-cell: 824.7"	"Lineage enriched"	"Detected in many"	830	"B-cells: 1525.2"	"Cancer enriched"	"Detected in some"	235	"Myeloma: 3497.7"	"Adipose subcutaneous - Plasma cells, Adipose visceral - Plasma cells, Adrenal gland - Plasma cells, Breast - Plasma cells, Colon - Plasma cells, Heart muscle - Plasma cells, Kidney - Plasma cells, Liver - Plasma cells, Lung - Plasma cells, Minor Salivary Gland - Plasma cells, Pancreas - Plasma cells, Pituitary gland - Plasma cells, Prostate - Plasma cells, Skeletal muscle - Plasma cells, Skin - Plasma cells, Spleen - Plasma cells, Stomach - Plasma cells, Thyroid gland - Plasma cells"														"Immunoglobulin genes"	Immunity	NA	NA		5400000000	"Cluster 17: B-cells - Immunoglobulins"		"Cluster 8: Immune cells - Immune response"	"Cluster 51: Myeloma - Immunoglobulins"	"Cluster 61: Plasma cells - Immunoglobulins & histones"					"unprognostic (1.85e-2)"	"unprognostic (1.86e-3)"		"unprognostic (1.20e-1)"	"unprognostic (1.44e-1)"	"unprognostic (2.05e-1)"	"unprognostic (2.49e-2)"	"unprognostic (2.90e-1)"	"potential prognostic favorable (3.49e-4)"	"unprognostic (3.31e-1)"	"unprognostic (6.12e-3)"	"unprognostic (8.88e-2)"	"unprognostic (5.87e-3)"	"unprognostic (2.79e-2)"		"unprognostic (1.13e-1)"	"unprognostic (6.98e-2)"	"unprognostic (6.25e-2)"	"unprognostic (2.76e-1)"	"unprognostic (4.90e-2)"	"unprognostic (4.44e-2)"	"unprognostic (2.23e-1)"	"unprognostic (1.39e-3)"	"unprognostic (4.17e-1)"	"unprognostic (2.99e-2)"	"unprognostic (1.42e-1)"	"unprognostic (1.23e-1)"	"unprognostic (2.53e-3)"	"unprognostic (1.88e-1)"	"unprognostic (1.02e-1)"	"unprognostic (2.13e-1)"
IGLV1-50		ENSG00000211645	"Immunoglobulin lambda variable 1-50 (non-functional)"	A0A075B6I6	22	22327300-22327814	"Immunoglobulin genes, Predicted secreted proteins"	"Adaptive immunity, Immunity"			"Evidence at protein level"	"Evidence at transcript level"	"Evidence at protein level"	"Evidence at protein level"	"Tissue enhanced"	"Detected in some"		"intestine: 15.9;lymphoid tissue: 14.2;stomach 1: 19.8"	"Cell type enriched"	"Detected in single"	1496	"Plasma cells: 882.2"	"Not detected"	"Not detected"			"Low cancer specificity"	"Detected in many"			"Low region specificity"	"Detected in all"			"Group enriched"	"Detected in some"	21	"memory B-cell: 11.0;naive B-cell: 2.9"	"Lineage enriched"	"Detected in single"	33	"B-cells: 11.0"	"Group enriched"	"Detected in some"	7	"lymphoma: 2.1;Myeloma: 4.3"	"Breast - Plasma cells, Lung - Plasma cells, Minor Salivary Gland - Plasma cells, Spleen - Plasma cells, Stomach - Plasma cells"														"Immunoglobulin genes"	Immunity	NA	NA			"Cluster 17: B-cells - Immunoglobulins"		"Cluster 37: Neurons - Mixed function"	"Cluster 51: Myeloma - Immunoglobulins"	"Cluster 77: Plasma cells - Protein processing"					"unprognostic (6.52e-1)"	"potential prognostic favorable (7.37e-4)"		"unprognostic (7.87e-2)"	"unprognostic (4.97e-2)"	"unprognostic (1.10e-1)"		"unprognostic (1.78e-2)"	"potential prognostic favorable (2.04e-4)"		"unprognostic (2.08e-2)"	"unprognostic (1.11e-1)"	"potential prognostic unfavorable (2.55e-5)"			"unprognostic (1.59e-1)"	"unprognostic (8.88e-2)"	"unprognostic (4.08e-2)"	"unprognostic (3.70e-1)"	"unprognostic (2.09e-2)"		"unprognostic (2.54e-1)"			"unprognostic (7.91e-3)"	"unprognostic (8.19e-2)"		"unprognostic (1.41e-2)"	"unprognostic (1.15e-1)"	"unprognostic (1.24e-1)"	"unprognostic (1.48e-1)"
IGLV1-51		ENSG00000211644	"Immunoglobulin lambda variable 1-51"	P01701	22	22322472-22322969	"Immunoglobulin genes, Predicted secreted proteins"	"Adaptive immunity, Immunity"			"Evidence at protein level"	"Evidence at transcript level"	"Evidence at protein level"	"Evidence at protein level"	"Tissue enhanced"	"Detected in all"		"intestine: 1270.8;lymphoid tissue: 2930.7;urinary bladder: 1531.4"	"Cell type enriched"	"Detected in some"	262	"Plasma cells: 14574.2"	"Not detected"	"Not detected"			"Low cancer specificity"	"Detected in all"			"Low region specificity"	"Detected in all"			"Group enriched"	"Detected in some"	9	"memory B-cell: 277.1;naive B-cell: 179.3"	"Lineage enriched"	"Detected in many"	11	"B-cells: 277.1"	"Group enriched"	"Detected in many"	52	"lymphoma: 181.2;Myeloma: 189.3"	"Adipose subcutaneous - Plasma cells, Adipose visceral - Plasma cells, Adrenal gland - Plasma cells, Breast - Plasma cells, Colon - Plasma cells, Heart muscle - Plasma cells, Liver - Plasma cells, Lung - Plasma cells, Minor Salivary Gland - Plasma cells, Pancreas - Plasma cells, Pituitary gland - Plasma cells, Prostate - Plasma cells, Skin - Plasma cells, Spleen - Plasma cells, Stomach - Plasma cells, Thyroid gland - Plasma cells"														"Immunoglobulin genes"	Immunity	NA	NA		3000000000	"Cluster 17: B-cells - Immunoglobulins"		"Cluster 37: Neurons - Mixed function"	"Cluster 55: Lymphoma - Immune response"	"Cluster 77: Plasma cells - Protein processing"					"unprognostic (1.95e-1)"	"potential prognostic favorable (3.19e-4)"		"unprognostic (3.60e-2)"	"unprognostic (9.59e-2)"	"unprognostic (3.30e-2)"	"unprognostic (1.02e-2)"	"unprognostic (3.34e-3)"	"potential prognostic favorable (1.48e-4)"	"unprognostic (2.62e-1)"	"unprognostic (4.85e-2)"	"unprognostic (7.82e-2)"	"unprognostic (1.83e-2)"	"unprognostic (3.17e-2)"		"unprognostic (1.27e-3)"	"unprognostic (1.41e-2)"	"unprognostic (2.09e-1)"	"unprognostic (4.88e-2)"	"unprognostic (1.94e-2)"	"unprognostic (2.60e-1)"	"unprognostic (6.17e-2)"	"unprognostic (5.79e-2)"	"unprognostic (3.97e-1)"	"unprognostic (4.99e-2)"	"unprognostic (3.29e-1)"	"unprognostic (8.23e-2)"	"unprognostic (6.88e-2)"	"unprognostic (8.10e-2)"	"unprognostic (1.45e-1)"	"unprognostic (9.60e-2)"
IGLV2-11		ENSG00000211668	"Immunoglobulin lambda variable 2-11"	P01706	22	22792491-22793007	"Immunoglobulin genes, Predicted secreted proteins"	"Adaptive immunity, Immunity"			"Evidence at protein level"	"Evidence at transcript level"	"Evidence at protein level"	"Evidence at protein level"	"Tissue enhanced"	"Detected in many"		"intestine: 1495.9;lymphoid tissue: 2834.1"	"Cell type enriched"	"Detected in some"	97	"Plasma cells: 5094.4"	"Not detected"	"Not detected"			"Low cancer specificity"	"Detected in all"			"Low region specificity"	"Detected in many"			"Group enriched"	"Detected in many"	37	"memory B-cell: 1408.5;naive B-cell: 855.5"	"Lineage enriched"	"Detected in many"	46	"B-cells: 1408.5"	"Cancer enriched"	"Detected in some"	12	"Myeloma: 2659.7"	"Adipose subcutaneous - Plasma cells, Adipose visceral - Plasma cells, Adrenal gland - Plasma cells, Breast - Plasma cells, Colon - Plasma cells, Heart muscle - Plasma cells, Liver - Plasma cells, Lung - Plasma cells, Minor Salivary Gland - Plasma cells, Pancreas - Plasma cells, Pituitary gland - Plasma cells, Prostate - Plasma cells, Skeletal muscle - Plasma cells, Skin - Plasma cells, Spleen - Plasma cells, Stomach - Plasma cells, Thyroid gland - Plasma cells"														"Immunoglobulin genes"	Immunity	NA	NA		2400000000	"Cluster 17: B-cells - Immunoglobulins"		"Cluster 8: Immune cells - Immune response"	"Cluster 51: Myeloma - Immunoglobulins"	"Cluster 23: Plasma cells - Humoral immune response"					"unprognostic (5.58e-2)"	"unprognostic (4.50e-3)"		"unprognostic (5.87e-2)"	"unprognostic (2.71e-2)"	"unprognostic (2.06e-1)"	"potential prognostic unfavorable (6.99e-4)"	"unprognostic (2.66e-1)"	"potential prognostic favorable (8.44e-5)"	"unprognostic (3.47e-1)"	"unprognostic (2.43e-2)"	"unprognostic (5.54e-2)"	"unprognostic (3.37e-3)"	"unprognostic (5.07e-3)"		"unprognostic (6.97e-2)"	"unprognostic (5.46e-2)"	"unprognostic (1.21e-1)"	"unprognostic (1.13e-1)"	"unprognostic (3.53e-2)"	"unprognostic (4.48e-1)"	"unprognostic (2.68e-1)"	"unprognostic (3.16e-3)"	"unprognostic (3.30e-1)"	"unprognostic (5.48e-2)"	"unprognostic (6.48e-2)"	"unprognostic (7.05e-2)"	"unprognostic (4.98e-2)"	"unprognostic (1.33e-1)"	"unprognostic (3.23e-1)"	"unprognostic (1.20e-1)"
IGLV2-14		ENSG00000211666	"Immunoglobulin lambda variable 2-14"	P01704	22	22758700-22759218	"Immunoglobulin genes, Predicted secreted proteins"	"Adaptive immunity, Immunity"			"Evidence at protein level"	"Evidence at transcript level"	"Evidence at protein level"	"Evidence at protein level"	"Tissue enhanced"	"Detected in many"		"intestine: 2526.6;lymphoid tissue: 5207.0;stomach 1: 2455.6"	"Cell type enriched"	"Detected in some"	143	"Plasma cells: 38146.2"	"Not detected"	"Not detected"			"Low cancer specificity"	"Detected in all"			"Low region specificity"	"Detected in many"			"Group enriched"	"Detected in all"	51	"memory B-cell: 3671.8;naive B-cell: 2675.2"	"Lineage enriched"	"Detected in all"	59	"B-cells: 3671.8"	"Cancer enriched"	"Detected in many"	10	"Myeloma: 6526.2"	"Adipose subcutaneous - Plasma cells, Adipose visceral - Plasma cells, Adrenal gland - Plasma cells, Breast - Plasma cells, Colon - Plasma cells, Heart muscle - Plasma cells, Kidney - Plasma cells, Liver - Plasma cells, Lung - Plasma cells, Minor Salivary Gland - Plasma cells, Pancreas - Plasma cells, Pituitary gland - Plasma cells, Prostate - Plasma cells, Skeletal muscle - Plasma cells, Skin - Plasma cells, Spleen - Plasma cells, Stomach - Plasma cells, Thyroid gland - Plasma cells"														"Immunoglobulin genes"	Immunity	NA	NA		3400000000	"Cluster 17: B-cells - Immunoglobulins"		"Cluster 8: Immune cells - Immune response"	"Cluster 51: Myeloma - Immunoglobulins"	"Cluster 77: Plasma cells - Protein processing"					"unprognostic (1.45e-2)"	"unprognostic (1.18e-3)"		"unprognostic (1.56e-3)"	"unprognostic (9.59e-2)"	"unprognostic (3.79e-2)"	"unprognostic (1.21e-2)"	"unprognostic (1.65e-1)"	"potential prognostic favorable (4.87e-4)"	"unprognostic (5.08e-1)"	"unprognostic (3.42e-2)"	"unprognostic (9.72e-2)"	"unprognostic (1.55e-3)"	"unprognostic (3.49e-1)"		"unprognostic (1.95e-1)"	"unprognostic (3.39e-2)"	"unprognostic (1.78e-1)"	"unprognostic (1.73e-2)"	"unprognostic (1.35e-2)"	"unprognostic (1.52e-1)"	"unprognostic (1.02e-1)"	"potential prognostic favorable (4.72e-4)"	"unprognostic (3.04e-1)"	"unprognostic (5.22e-2)"	"unprognostic (1.93e-1)"	"unprognostic (6.26e-2)"	"unprognostic (2.16e-1)"	"unprognostic (8.97e-2)"	"unprognostic (1.34e-1)"	"unprognostic (2.05e-1)"
IGLV2-18		ENSG00000211664	"Immunoglobulin lambda variable 2-18"	A0A075B6J9	22	22734607-22735089	"Immunoglobulin genes, Predicted secreted proteins"	"Adaptive immunity, Immunity"			"Evidence at protein level"	"Evidence at transcript level"	"No human protein/transcript evidence"	"Evidence at protein level"	"Tissue enhanced"	"Detected in many"		"intestine: 261.4;lymphoid tissue: 217.0"	"Cell type enriched"	"Detected in some"	192	"Plasma cells: 1809.1"	"Not detected"	"Not detected"			"Low cancer specificity"	"Detected in many"			"Not detected"	"Not detected"			"Group enriched"	"Detected in many"	44	"memory B-cell: 322.8;naive B-cell: 127.9"	"Lineage enriched"	"Detected in many"	64	"B-cells: 322.8"	"Cancer enriched"	"Detected in some"	1869	"Myeloma: 5114.0"	"Adipose visceral - Plasma cells, Adrenal gland - Plasma cells, Breast - Plasma cells, Kidney - Plasma cells, Liver - Plasma cells, Lung - Plasma cells, Minor Salivary Gland - Plasma cells, Pancreas - Plasma cells, Pituitary gland - Plasma cells, Prostate - Plasma cells, Spleen - Plasma cells, Stomach - Plasma cells, Thyroid gland - Plasma cells"														"Immunoglobulin genes"	Immunity	NA	NA		1100000000	"Cluster 17: B-cells - Immunoglobulins"			"Cluster 51: Myeloma - Immunoglobulins"	"Cluster 23: Plasma cells - Humoral immune response"					"unprognostic (1.86e-1)"	"potential prognostic favorable (1.10e-4)"		"unprognostic (1.33e-2)"	"unprognostic (1.64e-1)"	"unprognostic (4.47e-2)"			"unprognostic (2.11e-3)"	"unprognostic (1.99e-1)"	"unprognostic (2.65e-2)"	"unprognostic (1.49e-1)"	"unprognostic (2.80e-3)"	"unprognostic (8.75e-3)"		"unprognostic (3.82e-2)"	"unprognostic (2.51e-2)"	"unprognostic (1.72e-1)"	"unprognostic (1.76e-1)"	"unprognostic (7.34e-2)"	"unprognostic (1.07e-1)"	"unprognostic (4.36e-2)"	"unprognostic (2.10e-3)"	"unprognostic (6.70e-2)"	"unprognostic (3.62e-2)"	"unprognostic (2.54e-1)"	"unprognostic (1.20e-1)"	"unprognostic (1.93e-1)"	"unprognostic (1.03e-1)"	"unprognostic (1.76e-1)"	"unprognostic (1.02e-1)"
IGLV2-23		ENSG00000211660	"Immunoglobulin lambda variable 2-23"	P01705	22	22697789-22698407	"Immunoglobulin genes, Predicted secreted proteins"	"Adaptive immunity, Immunity"			"Evidence at protein level"	"Evidence at transcript level"	"Evidence at protein level"	"Evidence at protein level"	"Tissue enhanced"	"Detected in many"		"intestine: 670.1;lymphoid tissue: 1550.8;stomach 1: 652.8"	"Cell type enriched"	"Detected in some"	75	"Plasma cells: 7101.2"	"Not detected"	"Not detected"			"Low cancer specificity"	"Detected in all"			"Low region specificity"	"Detected in some"			"Group enriched"	"Detected in many"	368	"memory B-cell: 2082.0;naive B-cell: 2618.1"	"Lineage enriched"	"Detected in all"	410	"B-cells: 2618.1"	"Cancer enriched"	"Detected in some"	24	"Myeloma: 4664.0"	"Adipose subcutaneous - Plasma cells, Adipose visceral - Plasma cells, Adrenal gland - Plasma cells, Breast - Plasma cells, Colon - Plasma cells, Heart muscle - Plasma cells, Kidney - Plasma cells, Liver - Plasma cells, Lung - Plasma cells, Minor Salivary Gland - Plasma cells, Pancreas - Plasma cells, Pituitary gland - Plasma cells, Prostate - Plasma cells, Skeletal muscle - Plasma cells, Skin - Plasma cells, Spleen - Plasma cells, Stomach - Plasma cells, Thyroid gland - Plasma cells"														"Immunoglobulin genes"	Immunity	NA	NA		1200000000	"Cluster 17: B-cells - Immunoglobulins"		"Cluster 8: Immune cells - Immune response"	"Cluster 51: Myeloma - Immunoglobulins"	"Cluster 77: Plasma cells - Protein processing"					"unprognostic (3.11e-1)"	"potential prognostic favorable (1.36e-4)"		"unprognostic (9.40e-2)"	"unprognostic (2.78e-1)"	"unprognostic (7.17e-2)"	"unprognostic (5.03e-3)"	"unprognostic (7.34e-2)"	"unprognostic (7.93e-3)"	"unprognostic (2.15e-1)"	"unprognostic (2.37e-2)"	"unprognostic (2.51e-1)"	"potential prognostic unfavorable (4.71e-5)"	"unprognostic (7.10e-3)"		"unprognostic (1.17e-2)"	"unprognostic (8.90e-2)"	"unprognostic (9.85e-2)"	"unprognostic (6.51e-2)"	"unprognostic (4.40e-2)"	"unprognostic (4.26e-1)"	"unprognostic (9.91e-2)"	"potential prognostic favorable (5.76e-5)"	"unprognostic (1.87e-2)"	"unprognostic (3.08e-2)"	"unprognostic (1.80e-1)"	"unprognostic (8.61e-2)"	"unprognostic (1.60e-1)"	"unprognostic (9.61e-2)"	"unprognostic (1.62e-1)"	"unprognostic (1.72e-1)"
IGLV2-33		ENSG00000211656	"Immunoglobulin lambda variable 2-33 (non-functional)"	A0A075B6J2	22	22588155-22588688	"Immunoglobulin genes, Predicted secreted proteins"	"Adaptive immunity, Immunity"			"Evidence at protein level"	"Evidence at transcript level"	"Evidence at protein level"	"Evidence at protein level"	"Tissue enhanced"	"Detected in some"		"intestine: 4.1;lymphoid tissue: 2.7;salivary gland: 2.5"	"Not detected"	"Not detected"			"Not detected"	"Not detected"			"Cancer enhanced"	"Detected in some"		"Lung Adenocarcinoma (TCGA): 2.4;Lung Squamous Cell Carcinoma (TCGA): 2.2"	"Not detected"	"Not detected"			"Group enriched"	"Detected in some"	25	"memory B-cell: 3.0;naive B-cell: 1.9"	"Lineage enriched"	"Detected in single"	30	"B-cells: 3.0"	"Not detected"	"Not detected"			"Breast - Plasma cells, Lung - Plasma cells, Minor Salivary Gland - Plasma cells, Spleen - Plasma cells, Stomach - Plasma cells, Thyroid gland - Plasma cells"														"Immunoglobulin genes"	Immunity	NA	NA			"Cluster 17: B-cells - Immunoglobulins"			"Cluster 20: Myeloma - Immune response"	"Cluster 61: Plasma cells - Immunoglobulins & histones"										"unprognostic (2.69e-1)"										"unprognostic (2.15e-1)"	"unprognostic (7.69e-2)"	"unprognostic (6.85e-2)"	"unprognostic (3.43e-1)"							"unprognostic (1.15e-1)"					
IGLV2-8		ENSG00000278196	"Immunoglobulin lambda variable 2-8"	P01709	22	22822658-22823289	"Immunoglobulin genes, Predicted secreted proteins"	"Adaptive immunity, Immunity"			"Evidence at protein level"	"Evidence at transcript level"	"Evidence at protein level"	"Evidence at protein level"	"Tissue enhanced"	"Detected in many"		"intestine: 1104.8;lymphoid tissue: 982.2"	"Cell type enriched"	"Detected in some"	72	"Plasma cells: 3424.7"	"Not detected"	"Not detected"			"Low cancer specificity"	"Detected in all"			"Low region specificity"	"Detected in many"			"Group enriched"	"Detected in many"	125	"memory B-cell: 1445.0;naive B-cell: 2116.3"	"Lineage enriched"	"Detected in all"	149	"B-cells: 2116.3"	"Cancer enriched"	"Detected in many"	82	"Myeloma: 4571.8"	"Adipose subcutaneous - Plasma cells, Adipose visceral - Plasma cells, Adrenal gland - Plasma cells, Breast - Plasma cells, Colon - Plasma cells, Heart muscle - Plasma cells, Kidney - Plasma cells, Liver - Plasma cells, Lung - Plasma cells, Minor Salivary Gland - Plasma cells, Pancreas - Plasma cells, Pituitary gland - Plasma cells, Prostate - Plasma cells, Skeletal muscle - Plasma cells, Skin - Plasma cells, Spleen - Plasma cells, Stomach - Plasma cells, Thyroid gland - Plasma cells"														"Immunoglobulin genes"	Immunity	NA	NA		2900000000	"Cluster 17: B-cells - Immunoglobulins"		"Cluster 8: Immune cells - Immune response"	"Cluster 20: Myeloma - Immune response"	"Cluster 23: Plasma cells - Humoral immune response"					"unprognostic (6.71e-2)"	"potential prognostic favorable (3.42e-4)"		"unprognostic (3.19e-2)"	"unprognostic (1.80e-1)"	"unprognostic (1.55e-1)"	"unprognostic (6.52e-2)"		"potential prognostic favorable (5.79e-5)"	"unprognostic (1.13e-1)"	"unprognostic (4.95e-2)"	"unprognostic (3.08e-1)"	"unprognostic (4.90e-3)"	"unprognostic (1.43e-2)"		"unprognostic (9.04e-2)"	"unprognostic (5.53e-3)"	"unprognostic (1.13e-1)"	"unprognostic (7.75e-2)"	"unprognostic (5.24e-2)"		"unprognostic (1.91e-1)"		"unprognostic (1.96e-1)"	"unprognostic (2.35e-1)"	"unprognostic (2.32e-1)"	"unprognostic (8.30e-2)"	"unprognostic (6.14e-2)"	"unprognostic (3.15e-1)"	"unprognostic (1.00e-1)"	"unprognostic (2.86e-1)"
IGLV3-1		ENSG00000211673	"Immunoglobulin lambda variable 3-1"	P01715	22	22880706-22881396	"Immunoglobulin genes, Predicted secreted proteins"	"Adaptive immunity, Immunity"			"Evidence at protein level"	"Evidence at transcript level"	"Evidence at protein level"	"Evidence at protein level"	"Tissue enhanced"	"Detected in many"		"intestine: 1188.7;lymphoid tissue: 3222.6;stomach 1: 1416.9"	"Cell type enriched"	"Detected in some"	61	"Plasma cells: 32733.6"	"Not detected"	"Not detected"			"Low cancer specificity"	"Detected in all"			"Low region specificity"	"Detected in many"			"Group enriched"	"Detected in some"	728	"memory B-cell: 783.5;naive B-cell: 1045.8"	"Lineage enriched"	"Detected in many"	833	"B-cells: 1045.8"	"Cancer enriched"	"Detected in some"	4	"lymphoma: 146.5"	"Adipose subcutaneous - Plasma cells, Adipose visceral - Plasma cells, Adrenal gland - Plasma cells, Breast - Plasma cells, Colon - Plasma cells, Heart muscle - Plasma cells, Kidney - Plasma cells, Liver - Plasma cells, Lung - Plasma cells, Minor Salivary Gland - Plasma cells, Pancreas - Plasma cells, Pituitary gland - Plasma cells, Prostate - Plasma cells, Skeletal muscle - Plasma cells, Skin - Plasma cells, Spleen - Plasma cells, Stomach - Plasma cells, Thyroid gland - Plasma cells"									HPA003285	Approved				"Immunoglobulin genes"	Immunity	NA	NA		5100000000	"Cluster 23: B-cells - Immunoglobulins"		"Cluster 8: Immune cells - Immune response"	"Cluster 46: Lymphoma - Humoral immune response"	"Cluster 23: Plasma cells - Humoral immune response"				"HPA003285: AB_1079122"	"unprognostic (9.31e-3)"	"potential prognostic favorable (2.68e-4)"		"unprognostic (1.52e-1)"	"unprognostic (7.50e-2)"	"unprognostic (2.59e-1)"	"unprognostic (1.17e-2)"	"unprognostic (5.02e-1)"	"potential prognostic favorable (5.40e-4)"	"unprognostic (4.45e-2)"	"unprognostic (2.19e-3)"	"unprognostic (2.69e-1)"	"unprognostic (1.92e-3)"	"unprognostic (3.83e-2)"		"unprognostic (6.28e-2)"	"unprognostic (2.25e-2)"	"unprognostic (4.27e-1)"	"unprognostic (4.83e-2)"	"unprognostic (3.22e-2)"	"unprognostic (3.86e-1)"	"unprognostic (2.85e-1)"	"unprognostic (2.70e-3)"	"unprognostic (1.15e-1)"	"unprognostic (7.63e-3)"	"unprognostic (3.94e-2)"	"unprognostic (1.47e-1)"	"unprognostic (4.62e-2)"	"unprognostic (4.43e-1)"	"unprognostic (1.45e-1)"	"unprognostic (3.59e-1)"
IGLV3-10		ENSG00000211669	"Immunoglobulin lambda variable 3-10"	A0A075B6K4	22	22811747-22812281	"Immunoglobulin genes, Predicted secreted proteins"	"Adaptive immunity, Immunity"			"Evidence at protein level"	"Evidence at transcript level"	"No human protein/transcript evidence"	"Evidence at protein level"	"Tissue enhanced"	"Detected in many"		"intestine: 305.5;lymphoid tissue: 684.8;stomach 1: 280.3"	"Cell type enriched"	"Detected in some"	89	"Plasma cells: 1050.5"	"Not detected"	"Not detected"			"Low cancer specificity"	"Detected in all"			"Region enhanced"	"Detected in some"		"medulla oblongata: 3.4"	"Group enriched"	"Detected in some"	785	"memory B-cell: 550.8;naive B-cell: 316.8"	"Lineage enriched"	"Detected in single"	997	"B-cells: 550.8"	"Cancer enriched"	"Detected in some"	67	"Myeloma: 3522.7"	"Adipose visceral - Plasma cells, Adrenal gland - Plasma cells, Breast - Plasma cells, Colon - Plasma cells, Heart muscle - Plasma cells, Kidney - Plasma cells, Liver - Plasma cells, Lung - Plasma cells, Minor Salivary Gland - Plasma cells, Pancreas - Plasma cells, Pituitary gland - Plasma cells, Prostate - Plasma cells, Skin - Plasma cells, Spleen - Plasma cells, Stomach - Plasma cells, Thyroid gland - Plasma cells"									HPA003285	Approved				"Immunoglobulin genes"	Immunity	NA	NA		3200000000	"Cluster 17: B-cells - Immunoglobulins"		"Cluster 12: Non-specific - Vasculature"	"Cluster 51: Myeloma - Immunoglobulins"	"Cluster 23: Plasma cells - Humoral immune response"				"HPA003285: AB_1079122"	"unprognostic (2.28e-2)"	"unprognostic (4.68e-2)"		"unprognostic (5.86e-3)"	"unprognostic (9.25e-2)"	"unprognostic (1.02e-1)"	"unprognostic (2.06e-2)"		"potential prognostic favorable (4.80e-4)"	"unprognostic (3.17e-1)"	"potential prognostic unfavorable (4.90e-4)"	"unprognostic (3.55e-2)"	"unprognostic (1.18e-2)"	"unprognostic (5.34e-3)"		"unprognostic (1.56e-2)"	"unprognostic (3.92e-3)"	"unprognostic (2.80e-1)"	"unprognostic (9.22e-2)"	"unprognostic (1.72e-1)"	"unprognostic (3.67e-2)"	"unprognostic (3.11e-1)"	"unprognostic (2.25e-3)"	"unprognostic (2.10e-1)"	"unprognostic (9.16e-3)"	"unprognostic (1.41e-1)"	"unprognostic (2.09e-1)"	"unprognostic (1.12e-1)"	"unprognostic (1.88e-1)"	"unprognostic (2.36e-1)"	"unprognostic (2.61e-1)"
IGLV3-12		ENSG00000211667	"Immunoglobulin lambda variable 3-12"	A0A075B6K2	22	22771824-22772582	"Immunoglobulin genes, Predicted secreted proteins"	"Adaptive immunity, Immunity"			"Evidence at protein level"	"Evidence at transcript level"	"No human protein/transcript evidence"	"Evidence at protein level"	"Tissue enhanced"	"Detected in many"		"lymphoid tissue: 29.2"	"Cell type enhanced"	"Detected in single"		"B-cells: 1.2"	"Not detected"	"Not detected"			"Low cancer specificity"	"Detected in many"			"Not detected"	"Not detected"			"Group enriched"	"Detected in many"	5	"gdT-cell: 4.3;memory B-cell: 9.2;memory CD8 T-cell: 4.0;naive B-cell: 6.8;NK-cell: 5.7"	"Group enriched"	"Detected in many"	64	"B-cells: 9.2;NK-cells: 5.7;T-cells: 4.3"	"Not detected"	"Not detected"			"Breast - Plasma cells, Liver - Plasma cells, Lung - Plasma cells, Minor Salivary Gland - Plasma cells, Pancreas - Plasma cells, Spleen - Plasma cells, Stomach - Plasma cells, Thyroid gland - Plasma cells"														"Immunoglobulin genes"	Immunity	NA	NA		1300000000	"Cluster 17: B-cells - Immunoglobulins"			"Cluster 46: Lymphoma - Humoral immune response"	"Cluster 73: B-cells - B-cell function"					"unprognostic (2.79e-1)"	"potential prognostic favorable (3.83e-4)"		"unprognostic (4.25e-2)"	"unprognostic (3.86e-1)"	"unprognostic (6.74e-2)"			"potential prognostic favorable (3.03e-4)"		"unprognostic (2.43e-2)"	"unprognostic (1.80e-1)"				"unprognostic (3.27e-1)"	"unprognostic (2.67e-1)"	"unprognostic (5.62e-2)"	"unprognostic (7.41e-2)"	"unprognostic (8.62e-2)"		"unprognostic (7.35e-2)"			"unprognostic (8.01e-2)"	"unprognostic (3.80e-1)"		"unprognostic (4.38e-2)"	"unprognostic (1.69e-1)"	"unprognostic (3.43e-1)"	"unprognostic (5.21e-1)"
IGLV3-19		ENSG00000211663	"Immunoglobulin lambda variable 3-19"	P01714	22	22720623-22721145	"Immunoglobulin genes, Predicted secreted proteins"	"Adaptive immunity, Immunity"			"Evidence at protein level"	"Evidence at transcript level"	"Evidence at protein level"	"Evidence at protein level"	"Tissue enhanced"	"Detected in many"		"intestine: 988.5;lymphoid tissue: 1915.1;stomach 1: 1203.4"	"Cell type enriched"	"Detected in some"	171	"Plasma cells: 7331.9"	"Not detected"	"Not detected"			"Low cancer specificity"	"Detected in all"			"Low region specificity"	"Detected in some"			"Group enriched"	"Detected in some"	353	"memory B-cell: 621.3;naive B-cell: 506.4"	"Lineage enriched"	"Detected in many"	389	"B-cells: 621.3"	"Cancer enriched"	"Detected in single"	272	"lymphoma: 199.2"	"Adipose subcutaneous - Plasma cells, Adipose visceral - Plasma cells, Adrenal gland - Plasma cells, Breast - Plasma cells, Colon - Plasma cells, Heart muscle - Plasma cells, Liver - Plasma cells, Lung - Plasma cells, Minor Salivary Gland - Plasma cells, Pancreas - Plasma cells, Pituitary gland - Plasma cells, Prostate - Plasma cells, Skeletal muscle - Plasma cells, Skin - Plasma cells, Spleen - Plasma cells, Stomach - Plasma cells, Thyroid gland - Plasma cells"														"Immunoglobulin genes"	Immunity	NA	NA		1700000000	"Cluster 17: B-cells - Immunoglobulins"		"Cluster 22: Non-specific - Mixed function"	"Cluster 46: Lymphoma - Humoral immune response"	"Cluster 77: Plasma cells - Protein processing"					"unprognostic (3.86e-2)"	"potential prognostic favorable (4.91e-4)"		"unprognostic (5.45e-2)"	"unprognostic (5.58e-2)"	"unprognostic (3.38e-1)"	"unprognostic (6.91e-2)"	"unprognostic (2.49e-1)"	"unprognostic (1.29e-3)"	"unprognostic (2.07e-1)"	"potential prognostic unfavorable (4.28e-4)"	"unprognostic (1.53e-1)"	"potential prognostic unfavorable (7.35e-4)"	"unprognostic (4.41e-3)"		"unprognostic (1.38e-1)"	"unprognostic (9.79e-3)"	"unprognostic (5.78e-2)"	"unprognostic (4.41e-2)"	"unprognostic (1.53e-1)"	"unprognostic (2.66e-1)"	"unprognostic (3.83e-1)"	"potential prognostic favorable (1.28e-4)"	"unprognostic (2.09e-1)"	"unprognostic (1.55e-2)"	"unprognostic (1.34e-1)"	"unprognostic (1.81e-1)"	"unprognostic (2.39e-1)"	"unprognostic (2.49e-1)"	"unprognostic (1.06e-1)"	"unprognostic (2.12e-2)"
IGLV3-21		ENSG00000211662	"Immunoglobulin lambda variable 3-21"	P80748	22	22711689-22713203	"Immunoglobulin genes, Predicted secreted proteins"	"Adaptive immunity, Immunity"			"Evidence at protein level"	"Evidence at transcript level"	"Evidence at protein level"	"Evidence at protein level"	"Tissue enhanced"	"Detected in many"		"lymphoid tissue: 1760.6;urinary bladder: 747.9"	"Cell type enriched"	"Detected in some"	118	"Plasma cells: 5888.7"	"Not detected"	"Not detected"			"Low cancer specificity"	"Detected in all"			"Low region specificity"	"Detected in some"			"Group enriched"	"Detected in some"	337	"memory B-cell: 433.3;naive B-cell: 225.5"	"Lineage enriched"	"Detected in single"	444	"B-cells: 433.3"	"Cancer enriched"	"Detected in some"	15	"Myeloma: 691.2"	"Adipose subcutaneous - Plasma cells, Adipose visceral - Plasma cells, Adrenal gland - Plasma cells, Breast - Plasma cells, Colon - Plasma cells, Heart muscle - Plasma cells, Liver - Plasma cells, Lung - Plasma cells, Minor Salivary Gland - Plasma cells, Pancreas - Plasma cells, Pituitary gland - Plasma cells, Prostate - Plasma cells, Skeletal muscle - Plasma cells, Skin - Plasma cells, Spleen - Plasma cells, Stomach - Plasma cells, Testis - Early spermatids, Thyroid gland - Plasma cells"														"Immunoglobulin genes"	Immunity	NA	NA		9500000000	"Cluster 17: B-cells - Immunoglobulins"		"Cluster 8: Immune cells - Immune response"	"Cluster 51: Myeloma - Immunoglobulins"	"Cluster 23: Plasma cells - Humoral immune response"					"unprognostic (2.06e-2)"	"potential prognostic favorable (9.94e-4)"		"unprognostic (5.34e-2)"	"unprognostic (1.77e-1)"	"unprognostic (5.83e-2)"	"potential prognostic unfavorable (9.80e-5)"	"unprognostic (2.25e-1)"	"potential prognostic favorable (1.58e-6)"	"unprognostic (1.06e-1)"	"potential prognostic unfavorable (7.42e-6)"	"unprognostic (2.78e-2)"	"unprognostic (2.90e-3)"	"unprognostic (2.01e-1)"		"unprognostic (8.08e-3)"	"unprognostic (8.52e-3)"	"unprognostic (1.97e-1)"	"unprognostic (1.82e-1)"	"unprognostic (4.23e-2)"	"unprognostic (7.62e-2)"	"unprognostic (3.41e-1)"	"unprognostic (6.28e-2)"	"unprognostic (2.26e-1)"	"unprognostic (1.52e-2)"	"unprognostic (7.03e-2)"	"unprognostic (2.76e-1)"	"unprognostic (5.54e-2)"	"unprognostic (1.46e-1)"	"unprognostic (2.21e-1)"	"unprognostic (1.07e-1)"
IGLV3-22		ENSG00000211661	"Immunoglobulin lambda variable 3-22"	A0A075B6J6	22	22704265-22704822	"Immunoglobulin genes, Predicted secreted proteins"	"Adaptive immunity, Immunity"			"Evidence at protein level"	"Evidence at transcript level"	"No human protein/transcript evidence"	"Evidence at protein level"	"Tissue enhanced"	"Detected in some"		"breast: 2.5;lymphoid tissue: 9.2"	"Cell type enriched"	"Detected in single"	8	"Plasma cells: 3.2"	"Not detected"	"Not detected"			"Cancer enhanced"	"Detected in some"		"Lung Squamous Cell Carcinoma (TCGA): 3.8;Ovary Serous Cystadenocarcinoma (TCGA): 3.8"	"Not detected"	"Not detected"			"Group enriched"	"Detected in some"	72	"memory B-cell: 6.6;naive B-cell: 7.8"	"Lineage enriched"	"Detected in single"	78	"B-cells: 7.8"	"Cancer enriched"	"Detected in single"	11	"Myeloma: 3.0"	"Breast - Plasma cells, Lung - Plasma cells, Minor Salivary Gland - Plasma cells, Spleen - Plasma cells, Thyroid gland - Plasma cells"														"Immunoglobulin genes"	Immunity	NA	NA		1200000000	"Cluster 17: B-cells - Immunoglobulins"			"Cluster 51: Myeloma - Immunoglobulins"	"Cluster 61: Plasma cells - Immunoglobulins & histones"																				"unprognostic (1.19e-1)"	"unprognostic (5.88e-3)"	"unprognostic (3.12e-1)"	"unprognostic (4.15e-2)"	"unprognostic (2.85e-1)"								"unprognostic (4.49e-2)"			
IGLV3-25		ENSG00000211659	"Immunoglobulin lambda variable 3-25"	P01717	22	22686726-22687271	"Immunoglobulin genes, Predicted secreted proteins"	"Adaptive immunity, Immunity"			"Evidence at protein level"	"Evidence at transcript level"	"Evidence at protein level"	"Evidence at protein level"	"Tissue enhanced"	"Detected in many"		"lymphoid tissue: 2361.4;stomach 1: 986.3"	"Cell type enriched"	"Detected in some"	50	"Plasma cells: 11187.0"	"Not detected"	"Not detected"			"Low cancer specificity"	"Detected in all"			"Low region specificity"	"Detected in some"			"Group enriched"	"Detected in some"	45	"memory B-cell: 547.5;naive B-cell: 799.3"	"Lineage enriched"	"Detected in many"	53	"B-cells: 799.3"	"Cancer enriched"	"Detected in some"	14	"Myeloma: 1932.5"	"Adipose subcutaneous - Plasma cells, Adipose visceral - Plasma cells, Adrenal gland - Plasma cells, Breast - Plasma cells, Colon - Plasma cells, Heart muscle - Plasma cells, Liver - Plasma cells, Lung - Plasma cells, Minor Salivary Gland - Plasma cells, Pancreas - Plasma cells, Pituitary gland - Plasma cells, Prostate - Plasma cells, Skeletal muscle - Plasma cells, Skin - Plasma cells, Spleen - Plasma cells, Stomach - Plasma cells, Thyroid gland - Plasma cells"									HPA003285	Approved				"Immunoglobulin genes"	Immunity	NA	NA		6100000000	"Cluster 23: B-cells - Immunoglobulins"		"Cluster 8: Immune cells - Immune response"	"Cluster 51: Myeloma - Immunoglobulins"	"Cluster 23: Plasma cells - Humoral immune response"				"HPA003285: AB_1079122"	"unprognostic (1.71e-2)"	"potential prognostic favorable (1.29e-4)"		"unprognostic (2.08e-1)"	"unprognostic (3.03e-2)"	"unprognostic (1.24e-1)"	"unprognostic (7.02e-3)"	"unprognostic (3.10e-1)"	"potential prognostic favorable (3.02e-4)"	"unprognostic (5.36e-2)"	"unprognostic (5.52e-3)"	"unprognostic (2.21e-1)"	"unprognostic (1.61e-3)"	"unprognostic (4.04e-2)"		"unprognostic (4.19e-2)"	"unprognostic (1.24e-3)"	"unprognostic (1.87e-2)"	"unprognostic (3.22e-2)"	"unprognostic (9.74e-3)"	"unprognostic (1.51e-2)"	"unprognostic (1.70e-1)"	"unprognostic (3.55e-2)"	"unprognostic (3.08e-1)"	"unprognostic (1.18e-3)"	"unprognostic (7.85e-2)"	"unprognostic (1.21e-1)"	"unprognostic (1.37e-1)"	"unprognostic (1.25e-1)"	"unprognostic (1.97e-1)"	"unprognostic (1.67e-1)"
IGLV3-9		ENSG00000211670	"Immunoglobulin lambda variable 3-9"	A0A075B6K5	22	22819010-22819756	"Immunoglobulin genes, Predicted secreted proteins"	"Adaptive immunity, Immunity"			"Evidence at protein level"	"Evidence at transcript level"	"No human protein/transcript evidence"	"Evidence at protein level"	"Tissue enhanced"	"Detected in many"		"lymphoid tissue: 304.0;stomach 1: 113.8"	"Cell type enriched"	"Detected in some"	120	"Plasma cells: 251.9"	"Not detected"	"Not detected"			"Low cancer specificity"	"Detected in many"			"Region enriched"	"Detected in single"	4	"medulla oblongata: 1.6"	"Group enriched"	"Detected in many"	52	"memory B-cell: 64.9;naive B-cell: 170.3"	"Lineage enriched"	"Detected in many"	75	"B-cells: 170.3"	"Cancer enriched"	"Detected in some"	4	"Myeloma: 5.0"	"Adipose visceral - Plasma cells, Adrenal gland - Plasma cells, Breast - Plasma cells, Colon - Plasma cells, Liver - Plasma cells, Lung - Plasma cells, Minor Salivary Gland - Plasma cells, Pancreas - Plasma cells, Pituitary gland - Plasma cells, Prostate - Plasma cells, Skin - Plasma cells, Spleen - Plasma cells, Stomach - Plasma cells, Thyroid gland - Plasma cells"									HPA003285	Approved				"Immunoglobulin genes"	Immunity	NA	NA		2700000000	"Cluster 17: B-cells - Immunoglobulins"		"Cluster 18: Non-specific - Mixed function"	"Cluster 20: Myeloma - Immune response"	"Cluster 61: Plasma cells - Immunoglobulins & histones"				"HPA003285: AB_1079122"	"unprognostic (2.05e-3)"	"potential prognostic favorable (2.42e-5)"		"potential prognostic favorable (9.58e-5)"	"unprognostic (4.20e-1)"	"unprognostic (1.03e-1)"			"potential prognostic favorable (4.91e-5)"	"unprognostic (2.51e-1)"	"unprognostic (9.99e-3)"	"unprognostic (7.55e-2)"	"unprognostic (4.86e-2)"	"unprognostic (3.53e-2)"		"unprognostic (2.35e-1)"	"unprognostic (6.05e-3)"	"unprognostic (1.79e-1)"	"unprognostic (1.90e-2)"	"unprognostic (1.37e-1)"	"unprognostic (2.59e-1)"	"unprognostic (1.75e-2)"	"unprognostic (3.97e-2)"	"unprognostic (1.75e-1)"	"unprognostic (4.56e-3)"	"unprognostic (1.49e-1)"	"unprognostic (1.33e-2)"	"unprognostic (4.13e-3)"	"unprognostic (5.78e-2)"	"unprognostic (4.18e-2)"	"unprognostic (3.40e-1)"
IGLV4-60		ENSG00000211639	"Immunoglobulin lambda variable 4-60"	A0A075B6I1	22	22162199-22162681	"Immunoglobulin genes, Predicted secreted proteins"	"Adaptive immunity, Immunity"			"Evidence at protein level"	"Evidence at transcript level"	"No human protein/transcript evidence"	"Evidence at protein level"	"Tissue enhanced"	"Detected in many"		"intestine: 187.1;lymphoid tissue: 113.2;urinary bladder: 179.2"	"Cell type enriched"	"Detected in some"	79	"Plasma cells: 726.7"	"Not detected"	"Not detected"			"Low cancer specificity"	"Detected in many"			"Not detected"	"Not detected"			"Group enriched"	"Detected in some"	77	"memory B-cell: 79.7;naive B-cell: 49.2"	"Lineage enriched"	"Detected in single"	95	"B-cells: 79.7"	"Group enriched"	"Detected in some"	16	"Leukemia: 234.7;lymphoma: 729.3"	"Breast - Plasma cells, Kidney - Plasma cells, Liver - Plasma cells, Lung - Plasma cells, Minor Salivary Gland - Plasma cells, Pancreas - Plasma cells, Prostate - Plasma cells, Spleen - Plasma cells, Thyroid gland - Plasma cells"														"Immunoglobulin genes"	Immunity	NA	NA		130000000	"Cluster 23: B-cells - Immunoglobulins"			"Cluster 55: Lymphoma - Immune response"	"Cluster 23: Plasma cells - Humoral immune response"					"unprognostic (5.28e-1)"	"unprognostic (3.56e-3)"		"unprognostic (1.00e-2)"	"unprognostic (2.28e-2)"	"unprognostic (8.30e-2)"			"potential prognostic favorable (6.77e-5)"		"unprognostic (4.78e-3)"	"unprognostic (5.15e-2)"	"potential prognostic unfavorable (3.08e-4)"	"unprognostic (5.69e-2)"		"unprognostic (1.19e-2)"	"unprognostic (5.47e-3)"	"unprognostic (1.04e-1)"	"unprognostic (9.74e-2)"	"unprognostic (1.55e-1)"	"unprognostic (2.34e-1)"	"unprognostic (8.31e-2)"	"unprognostic (7.78e-3)"	"unprognostic (1.15e-1)"	"unprognostic (9.63e-3)"	"unprognostic (1.11e-1)"	"unprognostic (6.33e-1)"	"unprognostic (1.51e-1)"	"unprognostic (2.28e-2)"	"unprognostic (3.56e-1)"	"unprognostic (1.27e-1)"
IGLV5-45		ENSG00000211650	"Immunoglobulin lambda variable 5-45"	A0A087WSX0	22	22375986-22376505	"Immunoglobulin genes, Predicted secreted proteins"	"Adaptive immunity, Immunity"			"Evidence at protein level"	"Evidence at transcript level"	"No human protein/transcript evidence"	"Evidence at protein level"	"Tissue enhanced"	"Detected in some"		"esophagus: 39.1;salivary gland: 8.3;urinary bladder: 11.5"	"Cell type enriched"	"Detected in some"	68	"Plasma cells: 4034.3"	"Not detected"	"Not detected"			"Low cancer specificity"	"Detected in some"			"Not detected"	"Not detected"			"Group enriched"	"Detected in some"	11	"memory B-cell: 1.2;naive B-cell: 1.1"	"Lineage enriched"	"Detected in single"	11	"B-cells: 1.2"	"Cancer enriched"	"Detected in single"	16	"Myeloma: 2.2"	"Adipose visceral - Plasma cells, Adrenal gland - Plasma cells, Breast - Plasma cells, Colon - Plasma cells, Kidney - Plasma cells, Liver - Plasma cells, Lung - Plasma cells, Minor Salivary Gland - Plasma cells, Pancreas - Plasma cells, Pituitary gland - Plasma cells, Prostate - Plasma cells, Spleen - Plasma cells, Stomach - Plasma cells, Thyroid gland - Plasma cells"														"Immunoglobulin genes"	Immunity	NA	NA		190000000				"Cluster 51: Myeloma - Immunoglobulins"	"Cluster 23: Plasma cells - Humoral immune response"					"unprognostic (1.27e-1)"			"unprognostic (5.59e-1)"		"unprognostic (1.64e-1)"											"unprognostic (2.00e-1)"	"unprognostic (3.27e-1)"	"unprognostic (5.64e-1)"		"unprognostic (8.76e-2)"		"potential prognostic favorable (4.09e-4)"			"unprognostic (6.63e-1)"	"unprognostic (7.78e-2)"		"unprognostic (3.16e-1)"		
IGLV5-48		ENSG00000211647	"Immunoglobulin lambda variable 5-48 (non-functional)"	A0A075B6I7	22	22352940-22353433	"Immunoglobulin genes, Predicted secreted proteins"	"Adaptive immunity, Immunity"			"Evidence at protein level"	"Evidence at transcript level"	"Evidence at protein level"	"Evidence at protein level"	"Tissue enhanced"	"Detected in some"		"intestine: 3.2;lymphoid tissue: 5.1;urinary bladder: 2.6"	"Cell type enriched"	"Detected in some"	10	"Plasma cells: 32.8"	"Not detected"	"Not detected"			"Low cancer specificity"	"Detected in some"			"Not detected"	"Not detected"			"Group enriched"	"Detected in some"	62	"memory B-cell: 5.4;naive B-cell: 6.8"	"Lineage enriched"	"Detected in single"	69	"B-cells: 6.8"	"Cancer enhanced"	"Detected in single"		"Myeloma: 1.3"	"Breast - Plasma cells, Liver - Plasma cells, Lung - Plasma cells, Minor Salivary Gland - Plasma cells, Spleen - Plasma cells, Stomach - Plasma cells, Thyroid gland - Plasma cells"														"Immunoglobulin genes"	Immunity	NA	NA			"Cluster 17: B-cells - Immunoglobulins"			"Cluster 51: Myeloma - Immunoglobulins"	"Cluster 61: Plasma cells - Immunoglobulins & histones"					"unprognostic (7.04e-1)"			"unprognostic (5.01e-3)"		"unprognostic (1.28e-1)"										"unprognostic (3.51e-2)"	"potential prognostic favorable (9.85e-4)"	"unprognostic (2.01e-2)"	"unprognostic (1.71e-1)"							"unprognostic (3.04e-1)"			"unprognostic (5.53e-1)"		
IGLV5-52		ENSG00000211643	"Immunoglobulin lambda variable 5-52"	A0A0A0MRZ9	22	22318727-22319226	"Immunoglobulin genes, Predicted secreted proteins"	"Adaptive immunity, Immunity"			"Evidence at protein level"	"Evidence at transcript level"	"No human protein/transcript evidence"	"Evidence at protein level"	"Low tissue specificity"	"Detected in all"			"Group enriched"	"Detected in some"	25	"B-cells: 1.5;Plasma cells: 3.5"	"Not detected"	"Not detected"			"Low cancer specificity"	"Detected in all"			"Low region specificity"	"Detected in all"			"Group enriched"	"Detected in many"	6	"memory B-cell: 11.7;naive B-cell: 10.3"	"Lineage enriched"	"Detected in many"	6	"B-cells: 11.7"	"Low cancer specificity"	"Detected in all"																	"Immunoglobulin genes"	Immunity	NA	NA		4600000	"Cluster 14: Non-specific - Unknown function"		"Cluster 34: Non-specific - Mixed function"	"Cluster 6: Leukemia - Signal transduction"	"Cluster 61: Plasma cells - Immunoglobulins & histones"					"unprognostic (1.72e-2)"	"unprognostic (1.45e-1)"		"unprognostic (2.70e-2)"	"unprognostic (5.24e-2)"	"unprognostic (2.61e-1)"	"unprognostic (2.23e-1)"	"unprognostic (6.94e-2)"	"unprognostic (2.73e-3)"	"unprognostic (1.71e-2)"	"unprognostic (2.28e-2)"	"unprognostic (8.54e-2)"	"unprognostic (7.16e-2)"	"potential prognostic unfavorable (1.77e-4)"		"unprognostic (5.45e-2)"	"unprognostic (7.93e-2)"	"unprognostic (2.06e-1)"	"unprognostic (2.21e-1)"	"unprognostic (1.79e-2)"		"unprognostic (4.86e-2)"		"unprognostic (3.30e-1)"	"unprognostic (4.16e-3)"	"unprognostic (1.08e-2)"	"unprognostic (1.70e-1)"	"unprognostic (1.18e-2)"	"unprognostic (4.35e-1)"	"unprognostic (1.19e-1)"	"unprognostic (1.52e-1)"
IGLV6-57		ENSG00000211640	"Immunoglobulin lambda variable 6-57"	P01721	22	22195799-22196276	"Immunoglobulin genes, Predicted secreted proteins"	"Adaptive immunity, Immunity"			"Evidence at protein level"	"Evidence at protein level"	"Evidence at protein level"	"Evidence at protein level"	"Tissue enhanced"	"Detected in many"		"lymphoid tissue: 1752.9;urinary bladder: 652.7"	"Cell type enriched"	"Detected in some"	150	"Plasma cells: 7810.2"	"Not detected"	"Not detected"			"Low cancer specificity"	"Detected in all"			"Low region specificity"	"Detected in some"			"Group enriched"	"Detected in some"	11	"memory B-cell: 355.6;naive B-cell: 294.1"	"Lineage enriched"	"Detected in many"	13	"B-cells: 355.6"	"Cancer enriched"	"Detected in some"	6	"lymphoma: 204.4"	"Adipose subcutaneous - Plasma cells, Adipose visceral - Plasma cells, Adrenal gland - Plasma cells, Breast - Plasma cells, Colon - Plasma cells, Heart muscle - Plasma cells, Kidney - Plasma cells, Liver - Plasma cells, Lung - Plasma cells, Minor Salivary Gland - Plasma cells, Pancreas - Plasma cells, Pituitary gland - Plasma cells, Prostate - Plasma cells, Skeletal muscle - Plasma cells, Skin - Plasma cells, Spleen - Plasma cells, Stomach - Plasma cells, Thyroid gland - Plasma cells"									HPA028862	Supported				"Immunoglobulin genes"	Immunity	NA	NA		2800000000	"Cluster 23: B-cells - Immunoglobulins"		"Cluster 49: Hindbrain - Mixed function"	"Cluster 46: Lymphoma - Humoral immune response"	"Cluster 23: Plasma cells - Humoral immune response"	8			"HPA028862: "	"unprognostic (2.00e-2)"	"potential prognostic favorable (3.05e-6)"		"unprognostic (1.18e-1)"	"unprognostic (1.07e-1)"	"unprognostic (1.56e-1)"	"unprognostic (7.07e-3)"		"potential prognostic favorable (3.42e-5)"	"unprognostic (1.25e-2)"	"unprognostic (1.34e-3)"	"unprognostic (8.11e-2)"	"unprognostic (3.19e-3)"	"unprognostic (6.80e-3)"		"unprognostic (3.40e-1)"	"unprognostic (2.19e-3)"	"unprognostic (2.19e-1)"	"unprognostic (8.32e-2)"	"unprognostic (4.33e-2)"	"unprognostic (1.74e-1)"	"unprognostic (1.47e-1)"	"potential prognostic favorable (4.49e-4)"	"unprognostic (1.42e-1)"	"unprognostic (1.91e-2)"	"unprognostic (1.51e-1)"	"unprognostic (3.51e-2)"	"unprognostic (9.84e-2)"	"unprognostic (1.46e-1)"	"unprognostic (1.29e-1)"	"unprognostic (2.40e-1)"
IGLV7-43		ENSG00000211652	"Immunoglobulin lambda variable 7-43"	P04211	22	22395018-22395489	"Immunoglobulin genes, Predicted secreted proteins"	"Adaptive immunity, Immunity"			"Evidence at protein level"	"Evidence at transcript level"	"No human protein/transcript evidence"	"Evidence at protein level"	"Tissue enhanced"	"Detected in many"		"intestine: 155.8;lymphoid tissue: 231.1;stomach 1: 112.5"	"Cell type enriched"	"Detected in some"	49	"Plasma cells: 902.3"	"Not detected"	"Not detected"			"Low cancer specificity"	"Detected in many"			"Not detected"	"Not detected"			"Group enriched"	"Detected in some"	324	"memory B-cell: 132.7;naive B-cell: 54.5"	"Lineage enriched"	"Detected in single"	459	"B-cells: 132.7"	"Cancer enhanced"	"Detected in single"		"lymphoma: 1.8"	"Adipose visceral - Plasma cells, Adrenal gland - Plasma cells, Breast - Plasma cells, Colon - Plasma cells, Kidney - Plasma cells, Liver - Plasma cells, Lung - Plasma cells, Minor Salivary Gland - Plasma cells, Pancreas - Plasma cells, Pituitary gland - Plasma cells, Prostate - Plasma cells, Spleen - Plasma cells, Stomach - Plasma cells, Thyroid gland - Plasma cells"									HPA003182	Approved				"Immunoglobulin genes"	Immunity	NA	NA		530000000	"Cluster 23: B-cells - Immunoglobulins"			"Cluster 10: Ciliated cells - Ion channel activity"	"Cluster 61: Plasma cells - Immunoglobulins & histones"				"HPA003182: "	"unprognostic (9.94e-2)"	"potential prognostic favorable (1.68e-5)"		"potential prognostic favorable (9.05e-5)"	"unprognostic (1.47e-2)"	"unprognostic (1.42e-1)"		"unprognostic (2.13e-1)"	"potential prognostic favorable (2.18e-4)"		"unprognostic (1.82e-1)"	"unprognostic (1.32e-1)"	"unprognostic (7.00e-3)"	"unprognostic (2.37e-3)"		"unprognostic (8.14e-2)"	"unprognostic (1.99e-2)"	"unprognostic (1.75e-1)"	"unprognostic (1.58e-1)"	"unprognostic (1.77e-1)"	"unprognostic (1.98e-1)"	"unprognostic (1.37e-1)"	"unprognostic (4.25e-3)"	"unprognostic (4.58e-1)"	"unprognostic (3.46e-2)"	"unprognostic (2.81e-1)"	"unprognostic (4.52e-2)"	"unprognostic (1.53e-1)"	"unprognostic (4.17e-2)"	"unprognostic (1.35e-1)"	"unprognostic (4.59e-2)"
IGLV7-46		ENSG00000211649	"Immunoglobulin lambda variable 7-46"	A0A075B6I9	22	22369614-22370087	"Immunoglobulin genes, Predicted secreted proteins"	"Adaptive immunity, Immunity"			"Evidence at protein level"	"Evidence at transcript level"	"No human protein/transcript evidence"	"Evidence at protein level"	"Tissue enhanced"	"Detected in many"		"intestine: 385.9;lymphoid tissue: 444.8;stomach 1: 243.4;urinary bladder: 428.8"	"Cell type enriched"	"Detected in some"	202	"Plasma cells: 5326.7"	"Not detected"	"Not detected"			"Low cancer specificity"	"Detected in many"			"Region enhanced"	"Detected in some"		"hypothalamus: 3.1"	"Group enriched"	"Detected in some"	378	"memory B-cell: 184.5;naive B-cell: 82.7"	"Lineage enriched"	"Detected in single"	522	"B-cells: 184.5"	"Cancer enriched"	"Detected in single"	5	"lymphoma: 2.9"	"Adipose visceral - Plasma cells, Adrenal gland - Plasma cells, Breast - Plasma cells, Colon - Plasma cells, Kidney - Plasma cells, Liver - Plasma cells, Lung - Plasma cells, Minor Salivary Gland - Plasma cells, Pancreas - Plasma cells, Pituitary gland - Plasma cells, Prostate - Plasma cells, Spleen - Plasma cells, Stomach - Plasma cells, Thyroid gland - Plasma cells"									HPA003182	Approved				"Immunoglobulin genes"	Immunity	NA	NA		760000000	"Cluster 23: B-cells - Immunoglobulins"		"Cluster 56: Hypothalamus - Neuropeptide signaling"	"Cluster 46: Lymphoma - Humoral immune response"	"Cluster 23: Plasma cells - Humoral immune response"				"HPA003182: "	"unprognostic (1.63e-1)"	"potential prognostic favorable (4.11e-6)"		"unprognostic (1.11e-3)"	"unprognostic (6.20e-2)"	"unprognostic (1.64e-1)"	"unprognostic (5.27e-3)"	"unprognostic (8.25e-2)"	"unprognostic (4.47e-3)"		"unprognostic (1.50e-1)"	"unprognostic (2.09e-1)"	"unprognostic (8.68e-3)"	"unprognostic (1.03e-1)"		"unprognostic (1.08e-1)"	"unprognostic (7.24e-2)"	"unprognostic (1.10e-1)"	"unprognostic (2.34e-2)"	"unprognostic (2.04e-1)"	"unprognostic (6.27e-2)"	"unprognostic (7.39e-2)"	"unprognostic (6.95e-3)"	"unprognostic (1.60e-1)"	"unprognostic (1.35e-2)"	"unprognostic (3.18e-1)"	"unprognostic (1.11e-2)"	"unprognostic (3.14e-1)"	"unprognostic (1.22e-1)"	"unprognostic (3.24e-1)"	"unprognostic (1.24e-1)"
IGLV8-61		ENSG00000211638	"Immunoglobulin lambda variable 8-61"	A0A075B6I0	22	22098700-22099212	"Immunoglobulin genes, Predicted secreted proteins"	"Adaptive immunity, Immunity"			"Evidence at protein level"	"Evidence at transcript level"	"No human protein/transcript evidence"	"Evidence at protein level"	"Tissue enhanced"	"Detected in many"		"intestine: 781.2;lymphoid tissue: 951.8"	"Group enriched"	"Detected in some"	5	"B-cells: 9.3;Plasma cells: 12.5"	"Not detected"	"Not detected"			"Low cancer specificity"	"Detected in many"			"Group enriched"	"Detected in many"	4	"cerebral cortex: 3.3;choroid plexus: 1.7;pons: 1.3;spinal cord: 1.3;white matter: 1.6"	"Group enriched"	"Detected in some"	633	"memory B-cell: 259.2;naive B-cell: 534.4"	"Lineage enriched"	"Detected in single"	852	"B-cells: 534.4"	"Cancer enriched"	"Detected in some"	6	"lymphoma: 12.1"	"Adipose visceral - Plasma cells, Adrenal gland - Plasma cells, Breast - Plasma cells, Colon - Plasma cells, Liver - Plasma cells, Lung - Plasma cells, Minor Salivary Gland - Plasma cells, Pancreas - Plasma cells, Pituitary gland - Plasma cells, Prostate - Plasma cells, Spleen - Plasma cells, Stomach - Plasma cells, Thyroid gland - Plasma cells"					"Low region specificity"	"Detected in all"								"Immunoglobulin genes"	Immunity	NA	NA		1100000000	"Cluster 14: Non-specific - Unknown function"		"Cluster 20: Macrophages & Microglia - Immune response"	"Cluster 46: Lymphoma - Humoral immune response"	"Cluster 73: B-cells - B-cell function"					"unprognostic (4.77e-3)"	"potential prognostic favorable (1.65e-5)"		"potential prognostic favorable (1.23e-4)"	"unprognostic (3.04e-2)"	"unprognostic (2.82e-1)"	"unprognostic (3.79e-2)"	"unprognostic (7.19e-2)"	"potential prognostic favorable (7.15e-4)"		"unprognostic (5.78e-2)"	"unprognostic (2.41e-2)"	"unprognostic (5.34e-3)"	"unprognostic (7.46e-2)"		"unprognostic (1.22e-2)"	"unprognostic (4.96e-2)"	"potential prognostic favorable (8.71e-4)"	"unprognostic (7.46e-3)"	"unprognostic (1.84e-1)"	"unprognostic (1.27e-1)"	"unprognostic (2.93e-1)"	"unprognostic (1.19e-2)"	"unprognostic (1.97e-1)"	"unprognostic (2.81e-3)"	"unprognostic (3.94e-1)"	"unprognostic (2.47e-1)"	"unprognostic (8.85e-2)"	"unprognostic (1.24e-1)"	"unprognostic (1.73e-1)"	"unprognostic (1.49e-1)"
IGLV9-49		ENSG00000223350	"Immunoglobulin lambda variable 9-49"	A0A0B4J1Y8	22	22343187-22343732	"Immunoglobulin genes, Predicted secreted proteins"	"Adaptive immunity, Immunity"			"Evidence at protein level"	"Evidence at transcript level"	"Evidence at protein level"	"Evidence at protein level"	"Tissue enhanced"	"Detected in many"		"adrenal gland: 121.1;lymphoid tissue: 114.9"	"Cell type enriched"	"Detected in some"	7	"Plasma cells: 40.3"	"Not detected"	"Not detected"			"Cancer enhanced"	"Detected in many"		"Lung Adenocarcinoma (TCGA): 79.7"	"Low region specificity"	"Detected in single"			"Group enriched"	"Detected in some"	674	"memory B-cell: 70.6;naive B-cell: 88.6"	"Lineage enriched"	"Detected in single"	751	"B-cells: 88.6"	"Cancer enriched"	"Detected in single"	89	"lymphoma: 40.8"	"Adipose visceral - Plasma cells, Adrenal gland - Plasma cells, Breast - Plasma cells, Colon - Plasma cells, Kidney - Plasma cells, Liver - Plasma cells, Lung - Plasma cells, Minor Salivary Gland - Plasma cells, Pancreas - Plasma cells, Prostate - Plasma cells, Spleen - Plasma cells, Stomach - Plasma cells, Thyroid gland - Plasma cells"														"Immunoglobulin genes"	Immunity	NA	NA		150000000	"Cluster 14: Non-specific - Unknown function"		"Cluster 37: Neurons - Mixed function"	"Cluster 46: Lymphoma - Humoral immune response"	"Cluster 77: Plasma cells - Protein processing"					"unprognostic (4.28e-1)"	"potential prognostic favorable (9.90e-5)"		"unprognostic (1.38e-3)"	"unprognostic (3.89e-1)"	"unprognostic (5.94e-2)"			"potential prognostic favorable (1.94e-5)"		"potential prognostic unfavorable (3.18e-4)"	"unprognostic (1.23e-1)"	"unprognostic (3.10e-3)"	"unprognostic (1.50e-1)"		"unprognostic (1.68e-2)"	"unprognostic (1.47e-2)"	"unprognostic (5.48e-2)"	"unprognostic (3.06e-2)"	"unprognostic (3.00e-2)"	"unprognostic (1.64e-1)"	"unprognostic (2.34e-1)"	"unprognostic (1.33e-2)"	"unprognostic (3.56e-1)"	"unprognostic (3.67e-2)"	"unprognostic (1.07e-1)"	"unprognostic (2.64e-1)"	"unprognostic (1.48e-1)"	"unprognostic (2.40e-1)"	"unprognostic (7.64e-2)"	"unprognostic (3.94e-1)"
IL6	"BSF2, HGF, HSF, IFNB2, IL-6"	ENSG00000136244	"Interleukin 6"	P05231	7	22725884-22732002	"Cancer-related genes, Candidate cardiovascular disease genes, Disease related genes, FDA approved drug targets, Human disease related genes, Plasma proteins, Predicted intracellular proteins, Predicted membrane proteins, Predicted secreted proteins"	"Acute phase"	"Cytokine, Growth factor"	"Cancer-related genes, FDA approved drug targets"	"Evidence at protein level"	"Evidence at protein level"	"Evidence at protein level"	"Evidence at protein level"	"Tissue enhanced"	"Detected in many"		"adipose tissue: 210.6;urinary bladder: 265.7"	"Cell type enhanced"	"Detected in many"		"Adipocytes: 182.3;Endothelial cells: 239.2;Fibroblasts: 109.1;Glandular and luminal cells: 328.1;monocytes: 160.7;Smooth muscle cells: 310.9"	"Group enriched"	"Detected in some"	12	"central nervous system macrophage: 3.4;choroid plexus epithelial cell: 2.1;endothelial cell: 3.1;vascular associated smooth muscle cell: 5.1"	"Low cancer specificity"	"Detected in many"			"Region enhanced"	"Detected in all"		"choroid plexus: 15.1"	"Group enriched"	"Detected in some"	47	"memory B-cell: 4.1;naive B-cell: 5.2"	"Lineage enriched"	"Detected in single"	52	"B-cells: 5.2"	"Cancer enhanced"	"Detected in many"		"Kidney cancer: 219.1"	"Colon - Neutrophils"	"Not detected"	"Not detected"			"Low region specificity"	"Detected in many"			"CAB023406, CAB072821"	Supported		Approved	Vesicles	"Secreted to blood"	"Acute phase"	NA	NA	5700	91000	"Cluster 14: Non-specific - Unknown function"	"Cluster 7: Adipose tissue - Mixed function"	"Cluster 36: Choroid plexus - Mixed function"	"Cluster 53: Squamous epithelial cells - Keratinization"	"Cluster 48: Smooth muscle cells - Signal transduction"	7	Vesicles		"CAB023406: AB_617317, CAB072821: "	"unprognostic (3.09e-1)"	"unprognostic (2.74e-2)"	"unprognostic (5.92e-3)"	"unprognostic (2.89e-2)"	"unprognostic (2.90e-1)"	"unprognostic (3.00e-1)"	"unprognostic (3.88e-3)"	"unprognostic (7.66e-2)"	"unprognostic (1.96e-2)"	"unprognostic (1.11e-1)"	"potential prognostic unfavorable (2.42e-6)"	"unprognostic (3.56e-2)"	"unprognostic (3.64e-2)"		"unprognostic (1.64e-2)"	"unprognostic (6.65e-2)"	"unprognostic (2.31e-2)"	"unprognostic (6.49e-3)"	"unprognostic (4.43e-1)"	"unprognostic (1.91e-1)"	"unprognostic (2.06e-1)"	"unprognostic (1.00e-2)"	"unprognostic (1.43e-2)"	"unprognostic (4.08e-2)"	"unprognostic (2.84e-1)"	"unprognostic (5.49e-2)"	"unprognostic (2.62e-1)"	"unprognostic (1.44e-3)"	"unprognostic (1.28e-2)"	"unprognostic (4.01e-2)"	"unprognostic (1.51e-2)"
INKA1	"C3orf54, FAM212A"	ENSG00000185614	"Inka box actin regulator 1"		3	49803261-49805030	"Predicted intracellular proteins"				"Evidence at transcript level"	"Evidence at transcript level"			"Tissue enhanced"	"Detected in many"		"esophagus: 19.1;skin 1: 23.4"	"Cell type enhanced"	"Detected in many"		"Basal keratinocytes: 21.6;Basal respiratory cells: 23.3;granulocytes: 30.6;Hofbauer cells: 50.6;Squamous epithelial cells: 23.8;Suprabasal keratinocytes: 28.0"	"Cell type enhanced"	"Detected in many"		"central nervous system macrophage: 25.1;pericyte: 9.6"	"Low cancer specificity"	"Detected in all"			"Low region specificity"	"Detected in all"			"Group enriched"	"Detected in many"	5	"basophil: 59.8;memory B-cell: 66.1;naive B-cell: 64.7"	"Group enriched"	"Detected in many"	7	"B-cells: 66.1;granulocytes: 59.8"	"Group enriched"	"Detected in many"	4	"Gallbladder cancer: 30.9;Leukemia: 34.5"	"Skin - Keratinocyte (other), Spleen - B-cells (Spleen)"	"Low region specificity"	"Detected in all"			"Low region specificity"	"Detected in many"			HPA041879	Uncertain		Approved	Nucleoplasm,Vesicles			NA	NA			"Cluster 32: Basophils - Transcription"	"Cluster 27: Squamous epithelium - Keratinization"	"Cluster 20: Macrophages & Microglia - Immune response"	"Cluster 35: RS4;11 - Unknown function"	"Cluster 57: Platelets - Hemostasis"	1	"Nucleoplasm, Vesicles"		"HPA041879: AB_10797269"	"unprognostic (2.83e-2)"	"unprognostic (3.28e-1)"		"unprognostic (2.33e-3)"	"unprognostic (4.54e-2)"	"unprognostic (3.01e-2)"	"unprognostic (7.64e-2)"	"unprognostic (1.89e-1)"	"potential prognostic favorable (2.80e-4)"	"unprognostic (4.31e-2)"	"unprognostic (4.18e-2)"	"unprognostic (8.05e-3)"	"unprognostic (1.67e-1)"	"unprognostic (9.09e-3)"		"unprognostic (2.60e-1)"	"unprognostic (2.63e-1)"	"unprognostic (7.41e-2)"	"unprognostic (1.82e-1)"	"unprognostic (4.05e-1)"	"unprognostic (4.86e-2)"	"unprognostic (1.48e-3)"	"unprognostic (1.81e-1)"	"unprognostic (1.09e-1)"	"unprognostic (1.58e-2)"	"unprognostic (9.74e-3)"	"unprognostic (1.75e-1)"	"unprognostic (3.82e-2)"	"unprognostic (1.87e-1)"	"unprognostic (1.48e-1)"	"unprognostic (2.47e-2)"
IRF4	"LSIRF, MUM1"	ENSG00000137265	"Interferon regulatory factor 4"	Q15306	6	391739-411443	"Cancer-related genes, Disease related genes, Predicted intracellular proteins, Transcription factors"	"Transcription, Transcription regulation"	"Activator, DNA-binding"	"Cancer-related genes"	"Evidence at protein level"	"Evidence at protein level"	"Evidence at protein level"	"Evidence at protein level"	"Tissue enhanced"	"Detected in many"		"bone marrow: 40.3;cervix: 18.4;lymphoid tissue: 25.4"	"Cell type enriched"	"Detected in some"	5	"dendritic cells: 1174.0"	"Cell type enriched"	"Detected in some"	22	"leukocyte: 30.2"	"Cancer enriched"	"Detected in many"	10	"Skin Cuteneous Melanoma (TCGA): 42.8"	"Low region specificity"	"Detected in all"			"Group enriched"	"Detected in many"	5	"memory B-cell: 10.6;myeloid DC: 11.0;naive B-cell: 11.1;plasmacytoid DC: 12.7;T-reg: 5.9"	"Group enriched"	"Detected in many"	5	"B-cells: 11.1;dendritic cells: 12.7;T-cells: 5.9"	"Group enriched"	"Detected in some"	10	"lymphoma: 164.6;Myeloma: 389.3"	"Minor Salivary Gland - Plasma cells, Stomach - Plasma cells, Testis - Spermatogonia"	"Not detected"	"Not detected"			"Low region specificity"	"Detected in all"			"HPA002038, HPA002698, CAB013508"	Enhanced		Supported	Nucleoplasm,Cytosol			NA	NA			"Cluster 23: B-cells - Immunoglobulins"	"Cluster 81: Lymphoid tissue & Bone marrow - Innate immune response"	"Cluster 6: Non-specific - Immune response"	"Cluster 51: Myeloma - Immunoglobulins"	"Cluster 28: Dendritic cells - Antigen presentation"	21	Nucleoplasm	Cytosol	"CAB013508: , HPA002038: AB_1079148, HPA002698: AB_1851893"		"unprognostic (3.60e-3)"	"unprognostic (3.08e-2)"	"unprognostic (1.05e-3)"	"unprognostic (2.00e-2)"	"unprognostic (2.40e-1)"		"unprognostic (2.04e-2)"	"potential prognostic favorable (1.15e-6)"		"unprognostic (3.45e-3)"	"unprognostic (5.60e-2)"			"unprognostic (4.86e-2)"	"unprognostic (7.52e-3)"	"potential prognostic favorable (1.95e-4)"	"unprognostic (7.72e-2)"	"unprognostic (1.63e-1)"			"unprognostic (2.70e-2)"	"potential prognostic unfavorable (8.43e-4)"		"unprognostic (1.68e-2)"	"unprognostic (3.65e-1)"	"unprognostic (5.14e-2)"	"unprognostic (1.38e-1)"	"unprognostic (4.47e-2)"	"unprognostic (2.49e-1)"	
JCHAIN	"IGCJ, IGJ, JCH"	ENSG00000132465	"Joining chain of multimeric IgA and IgM"	P01591	4	70655541-70681817	"Plasma proteins, Predicted secreted proteins"				"Evidence at protein level"	"Evidence at protein level"	"Evidence at protein level"	"Evidence at protein level"	"Tissue enhanced"	"Detected in many"		"breast: 2922.1;intestine: 7701.3;stomach 1: 5747.7"	"Cell type enriched"	"Detected in many"	13	"Plasma cells: 78745.1"	"Cell type enriched"	"Detected in single"	25	"leukocyte: 17.5"	"Low cancer specificity"	"Detected in all"			"Region enhanced"	"Detected in many"		"spinal cord: 13.1"	"Group enriched"	"Detected in all"	122	"memory B-cell: 4194.2;naive B-cell: 2578.5;plasmacytoid DC: 3595.4"	"Group enriched"	"Detected in all"	137	"B-cells: 4194.2;dendritic cells: 3595.4"	"Cancer enriched"	"Detected in many"	10	"Myeloma: 12971.3"	"Adipose subcutaneous - Plasma cells, Adipose visceral - Plasma cells, Adrenal gland - Plasma cells, Breast - Plasma cells, Colon - Plasma cells, Heart muscle - Plasma cells, Kidney - Plasma cells, Liver - Plasma cells, Lung - Plasma cells, Minor Salivary Gland - Plasma cells, Pancreas - Plasma cells, Pituitary gland - Plasma cells, Prostate - Plasma cells, Skeletal muscle - Plasma cells, Skin - Plasma cells, Spleen - Plasma cells, Stomach - Plasma cells, Thyroid gland - Plasma cells"	"Not detected"	"Not detected"			"Low region specificity"	"Detected in all"			"CAB034436, HPA044132"	Enhanced				"Secreted to blood"	"No annotated function"	NA	NA		2400000000	"Cluster 23: B-cells - Immunoglobulins"	"Cluster 45: Intestine - Digestion"	"Cluster 8: Immune cells - Immune response"	"Cluster 51: Myeloma - Immunoglobulins"	"Cluster 77: Plasma cells - Protein processing"	10			"CAB034436: AB_2233368, HPA044132: AB_2678826"	"unprognostic (1.20e-2)"	"potential prognostic favorable (1.61e-5)"		"unprognostic (1.98e-2)"	"unprognostic (3.81e-3)"	"unprognostic (8.29e-2)"	"unprognostic (1.36e-2)"	"unprognostic (3.24e-1)"	"potential prognostic favorable (1.40e-6)"	"unprognostic (2.55e-1)"	"unprognostic (9.76e-2)"	"unprognostic (1.93e-1)"	"unprognostic (3.05e-3)"	"unprognostic (2.98e-2)"		"unprognostic (1.84e-3)"	"potential prognostic favorable (2.45e-4)"	"unprognostic (1.22e-1)"	"unprognostic (4.86e-2)"	"unprognostic (7.84e-3)"	"unprognostic (1.24e-1)"	"unprognostic (2.48e-1)"	"unprognostic (9.51e-2)"	"unprognostic (2.14e-1)"	"unprognostic (1.48e-2)"	"unprognostic (3.80e-1)"	"unprognostic (1.87e-1)"	"unprognostic (1.62e-1)"	"unprognostic (3.99e-2)"	"unprognostic (2.19e-1)"	"unprognostic (8.77e-2)"
JUP	"CTNNG, DP3, DPIII, PDGB, PG, PKGB"	ENSG00000173801	"Junction plakoglobin"	P14923	17	41754604-41786931	"Cancer-related genes, Disease related genes, Human disease related genes, Plasma proteins, Predicted intracellular proteins"	"Cell adhesion"		"Cancer-related genes, Cardiomyopathy, Disease variant, Palmoplantar keratoderma"	"Evidence at protein level"	"Evidence at protein level"	"Evidence at protein level"	"Evidence at protein level"	"Tissue enhanced"	"Detected in all"		"esophagus: 925.5;skin 1: 902.6"	"Cell type enhanced"	"Detected in many"		"Basal keratinocytes: 376.1;Squamous epithelial cells: 354.3;Suprabasal keratinocytes: 852.2"	"Cell type enhanced"	"Detected in many"		"bergmann glia: 36.7;fibroblast: 44.6;pericyte: 38.9"	"Low cancer specificity"	"Detected in all"			"Low region specificity"	"Detected in all"			"Group enriched"	"Detected in many"	5	"classical monocyte: 13.2;eosinophil: 28.8;intermediate monocyte: 22.6;memory B-cell: 13.5;myeloid DC: 14.6;naive B-cell: 11.7;non-classical monocyte: 44.2"	"Low lineage specificity"	"Detected in many"			"Low cancer specificity"	"Detected in all"			"Heart muscle - Cardiomyocytes, Liver - Hepatocytes, Lung - Alveolar cells type 1, Prostate - Prostate basal glandular cells, Skin - Keratinocyte (other), Stomach - Gastric mucous cells, Thyroid gland - Thyroid glandular cells"	"Low region specificity"	"Detected in all"			"Low region specificity"	"Detected in all"			"CAB002139, HPA032047"	Supported		Supported	"Vesicles,Plasma membrane,Cell Junctions"			NA	NA		59000000	"Cluster 23: B-cells - Immunoglobulins"	"Cluster 27: Squamous epithelium - Keratinization"	"Cluster 11: White matter - Signal transduction"	"Cluster 53: Squamous epithelial cells - Keratinization"	"Cluster 12: Squamous epithelial cells - Keratinization"	75	"Plasma membrane, Cell Junctions"	Vesicles	"CAB002139: AB_563468, HPA032047: AB_2674124"	"unprognostic (1.20e-1)"	"unprognostic (3.23e-3)"	"unprognostic (5.99e-2)"	"unprognostic (1.03e-1)"	"unprognostic (1.12e-1)"	"unprognostic (6.25e-2)"	"unprognostic (4.77e-2)"	"unprognostic (2.88e-2)"	"unprognostic (9.80e-2)"	"unprognostic (1.36e-1)"	"validated prognostic favorable (3.52e-8)"	"validated prognostic favorable (3.75e-4)"	"unprognostic (3.24e-2)"	"unprognostic (2.80e-1)"	"potential prognostic unfavorable (4.87e-5)"	"unprognostic (1.41e-2)"	"unprognostic (1.72e-1)"	"unprognostic (2.02e-1)"	"unprognostic (2.60e-1)"	"unprognostic (4.75e-3)"	"unprognostic (1.29e-1)"	"unprognostic (2.49e-3)"	"unprognostic (1.47e-2)"	"unprognostic (1.83e-1)"	"unprognostic (2.17e-2)"	"unprognostic (1.70e-2)"	"unprognostic (1.20e-2)"	"unprognostic (1.35e-1)"	"unprognostic (1.15e-1)"	"unprognostic (1.46e-1)"	"unprognostic (1.50e-1)"
KCNA3	"HLK3, HPCN3, Kv1.3, MK3"	ENSG00000177272	"Potassium voltage-gated channel subfamily A member 3"	P22001	1	110653560-110674940	"FDA approved drug targets, Predicted membrane proteins, Transporters, Voltage-gated ion channels"	"Ion transport, Potassium transport, Transport"	"Ion channel, Potassium channel, Voltage-gated channel"	"FDA approved drug targets"	"Evidence at protein level"	"Evidence at transcript level"	"Evidence at protein level"	"Evidence at protein level"	"Tissue enhanced"	"Detected in some"		"intestine: 1.9;lung: 2.1;lymphoid tissue: 2.5"	"Cell type enhanced"	"Detected in some"		"Excitatory neurons: 12.7;Inhibitory neurons: 57.6;Plasma cells: 49.8;T-cells: 24.0"	"Cell type enhanced"	"Detected in some"		"leukocyte: 6.2"	"Low cancer specificity"	"Detected in some"			"Low region specificity"	"Detected in many"			"Group enriched"	"Detected in many"	5	"gdT-cell: 5.6;MAIT T-cell: 5.3;memory CD4 T-cell: 8.5;memory CD8 T-cell: 9.6;naive B-cell: 2.6;naive CD4 T-cell: 5.0;naive CD8 T-cell: 4.6;T-reg: 8.5"	"Group enriched"	"Detected in many"	6	"B-cells: 2.6;T-cells: 9.6"	"Cancer enriched"	"Detected in some"	5	"Myeloma: 5.6"	"Adipose subcutaneous - T-cells, Adipose visceral - T-cells, Colon - T-cells, Minor Salivary Gland - Plasma cells, Skin - T-cells, Testis - Spermatocytes, Thyroid gland - T-cells"	"Low region specificity"	"Detected in all"			"Low region specificity"	"Detected in all"			HPA016625	Approved						NA	NA			"Cluster 11: T-cells - Unknown function"	"Cluster 47: Spleen - Immune response"	"Cluster 1: Neurons - Mixed function"	"Cluster 51: Myeloma - Immunoglobulins"	"Cluster 7: T-cells - T-cell receptor"	102			"HPA016625: AB_2669407"			"unprognostic (7.90e-2)"			"unprognostic (1.03e-1)"		"unprognostic (4.85e-2)"				"unprognostic (2.23e-2)"				"unprognostic (8.41e-3)"	"unprognostic (1.07e-3)"		"unprognostic (4.17e-1)"				"unprognostic (1.42e-1)"			"unprognostic (7.88e-2)"		"unprognostic (4.08e-2)"	"unprognostic (2.81e-2)"		
KHDRBS2	"MGC26664, SLM-1, SLM1"	ENSG00000112232	"KH RNA binding domain containing, signal transduction associated 2"	Q5VWX1	6	61679961-62286225	"Predicted intracellular proteins"	"mRNA processing, Transcription, Transcription regulation"	RNA-binding		"Evidence at protein level"	"Evidence at protein level"	"Evidence at protein level"	"Evidence at protein level"	"Tissue enhanced"	"Detected in some"		"brain: 6.6;retina: 3.9;thyroid gland: 4.0"	"Group enriched"	"Detected in some"	4	"Excitatory neurons: 1374.9;Inhibitory neurons: 691.2"	"Low cell type specificity"	"Detected in all"			"Cancer enhanced"	"Detected in single"		"Thyroid Carcinoma (TCGA): 1.7"	"Low region specificity"	"Detected in many"			"Group enriched"	"Detected in some"	13	"memory B-cell: 5.9;naive B-cell: 6.9;plasmacytoid DC: 1.9"	"Group enriched"	"Detected in many"	12	"B-cells: 6.9;dendritic cells: 1.9"	"Not detected"	"Not detected"			"Adrenal gland - Adrenal cortex cells, Kidney - Proximal tubular cells, Kidney - Proximal tubular cells"	"Low region specificity"	"Detected in all"			"Low region specificity"	"Detected in all"			"HPA000500, HPA029392"	Supported						NA	NA			"Cluster 14: Non-specific - Unknown function"	"Cluster 17: Neuronal - Synaptic function"	"Cluster 53: Neurons - Mixed function"	"Cluster 10: Ciliated cells - Ion channel activity"	"Cluster 34: Neurons - Neuronal signaling"	57			"HPA000500: AB_1079184, HPA029392: AB_10600816"								"unprognostic (2.11e-3)"									"unprognostic (1.66e-3)"													"unprognostic (4.85e-3)"	
KLHL14	KIAA1384	ENSG00000197705	"Kelch like family member 14"	Q9P2G3	18	32672673-32773023	"Predicted intracellular proteins"				"Evidence at protein level"	"Evidence at protein level"	"Evidence at protein level"	"Evidence at protein level"	"Tissue enhanced"	"Detected in many"		"seminal vesicle: 12.3;thyroid gland: 13.4"	"Cell type enhanced"	"Detected in some"		"B-cells: 17.6;Inhibitory neurons: 9.4;Lymphatic endothelial cells: 18.5;Muller glia cells: 19.3;Plasma cells: 34.8"	"Cell type enhanced"	"Detected in many"		"deep-layer near-projecting: 14.3;MGE interneuron: 14.4"	"Group enriched"	"Detected in many"	8	"Ovary Serous Cystadenocarcinoma (TCGA): 27.0;Thyroid Carcinoma (TCGA): 12.3;Uterine Corpus Endometrial Carcinoma (TCGA): 12.7"	"Low region specificity"	"Detected in many"			"Group enriched"	"Detected in some"	90	"memory B-cell: 10.6;naive B-cell: 7.3"	"Lineage enriched"	"Detected in single"	106	"B-cells: 10.6"	"Cancer enhanced"	"Detected in some"		"lymphoma: 10.8;ovarian cancer: 10.6;Uterine cancer: 6.6"	"Thyroid gland - Thyroid glandular cells"	"Low region specificity"	"Detected in many"			"Group enriched"	"Detected in many"	9	"hippocampal formation: 19.5;olfactory bulb: 10.9"	HPA024777	Uncertain		Supported	"Actin filaments,Cytosol"			NA	NA			"Cluster 23: B-cells - Immunoglobulins"	"Cluster 51: Thyroid gland - Unknown function"	"Cluster 41: Monoamines - Neurotransmitter signalling"	"Cluster 55: Lymphoma - Immune response"	"Cluster 61: Plasma cells - Immunoglobulins & histones"	1	Cytosol	"Actin filaments"	"HPA024777: AB_1852576"			"unprognostic (2.13e-2)"	"unprognostic (1.98e-1)"				"unprognostic (3.44e-1)"					"unprognostic (8.48e-2)"							"potential prognostic unfavorable (8.84e-4)"	"unprognostic (3.86e-1)"						"unprognostic (1.07e-1)"		"unprognostic (1.40e-1)"	"unprognostic (2.32e-3)"	"unprognostic (1.47e-1)"
KRTCAP3	KCP3	ENSG00000157992	"Keratinocyte associated protein 3"	Q53RY4	2	27442366-27446481	"Predicted intracellular proteins, Predicted membrane proteins"				"Evidence at protein level"	"Evidence at protein level"	"Evidence at protein level"	"Evidence at protein level"	"Low tissue specificity"	"Detected in many"			"Cell type enhanced"	"Detected in many"		"Exocrine glandular cells: 153.5;Proximal enterocytes: 170.2;Undifferentiated cells: 179.5"	"Low cell type specificity"	"Detected in many"			"Low cancer specificity"	"Detected in all"			"Low region specificity"	"Detected in all"			"Group enriched"	"Detected in many"	8	"MAIT T-cell: 6.8;memory B-cell: 4.5;memory CD4 T-cell: 5.7;memory CD8 T-cell: 2.6;naive B-cell: 6.5;naive CD4 T-cell: 6.6;naive CD8 T-cell: 2.7;T-reg: 4.4"	"Group enriched"	"Detected in many"	13	"B-cells: 6.5;T-cells: 6.8"	"Low cancer specificity"	"Detected in all"			"Lung - Alveolar cells type 2, Stomach - Gastric mucous cells"	"Not detected"	"Not detected"			"Low region specificity"	"Detected in many"			"HPA047136, HPA060203"	Enhanced		Approved	Nucleoplasm,Cytosol			NA	NA			"Cluster 43: Non-specific - Transcription & Translation"	"Cluster 48: Stomach - Proteolysis"	"Cluster 6: Non-specific - Immune response"	"Cluster 53: Squamous epithelial cells - Keratinization"	"Cluster 35: Respiratory epithelial cells - Unknown function"	1	"Nucleoplasm, Cytosol"		"HPA047136: AB_2679949, HPA060203: AB_2684221"	"unprognostic (2.03e-1)"	"potential prognostic favorable (1.67e-4)"	"unprognostic (3.04e-1)"	"unprognostic (5.51e-2)"	"unprognostic (7.80e-2)"	"unprognostic (8.35e-2)"	"unprognostic (1.13e-1)"	"unprognostic (1.28e-3)"	"unprognostic (9.44e-2)"	"unprognostic (1.21e-1)"	"unprognostic (3.89e-2)"	"unprognostic (7.77e-2)"	"unprognostic (7.60e-2)"	"unprognostic (1.07e-1)"	"unprognostic (2.38e-1)"	"unprognostic (2.67e-2)"	"unprognostic (2.13e-1)"	"unprognostic (1.62e-1)"	"unprognostic (2.50e-1)"	"unprognostic (1.51e-2)"	"unprognostic (1.90e-2)"	"unprognostic (3.47e-3)"	"unprognostic (2.27e-1)"	"unprognostic (1.61e-1)"	"unprognostic (1.51e-1)"	"unprognostic (1.05e-1)"	"unprognostic (3.29e-1)"	"unprognostic (1.21e-2)"	"unprognostic (1.84e-1)"	"unprognostic (1.76e-1)"	"unprognostic (2.22e-1)"
KYNU		ENSG00000115919	Kynureninase	Q16719	2	142877657-143055833	"Disease related genes, Enzymes, Human disease related genes, Metabolic proteins, Plasma proteins, Potential drug targets, Predicted intracellular proteins"	"Pyridine nucleotide biosynthesis"	Hydrolase	"Disease variant"	"Evidence at protein level"	"Evidence at protein level"	"Evidence at protein level"	"Evidence at protein level"	"Tissue enhanced"	"Detected in many"		"liver: 85.7;urinary bladder: 49.7"	"Cell type enhanced"	"Detected in many"		"Basal respiratory cells: 172.2;Ionocytes: 231.6;Langerhans cells: 293.4;Macrophages: 105.0;monocytes: 408.7;Syncytiotrophoblasts: 202.4"	"Group enriched"	"Detected in some"	15	"central nervous system macrophage: 180.0;endothelial cell: 66.6;leukocyte: 143.9"	"Low cancer specificity"	"Detected in all"			"Low region specificity"	"Detected in all"			"Group enriched"	"Detected in many"	17	"classical monocyte: 109.6;intermediate monocyte: 142.9;memory B-cell: 73.8;myeloid DC: 111.3;naive B-cell: 51.6;non-classical monocyte: 124.0;plasmacytoid DC: 77.8"	"Group enriched"	"Detected in many"	19	"B-cells: 73.8;dendritic cells: 111.3;monocytes: 142.9"	"Low cancer specificity"	"Detected in many"			"Adipose subcutaneous - Macrophages, Adipose visceral - Macrophages, Heart muscle - Macrophages, Kidney - Proximal tubular cells, Kidney - Proximal tubular cells, Skeletal muscle - Macrophages, Stomach - Macrophages, Testis - Early spermatids"	"Not detected"	"Not detected"			"Low region specificity"	"Detected in all"			HPA031686	Enhanced		Supported	Nucleoplasm,Cytosol			NA	NA		400000	"Cluster 10: Non-specific - Membrane trafficking"	"Cluster 11: Liver - Plasma proteins"	"Cluster 48: Non-specific - Mixed function"	"Cluster 7: Liver cancer - Metabolism"	"Cluster 29: Monocytes - Innate immune response"	2	Cytosol	Nucleoplasm	"HPA031686: AB_2673995"	"unprognostic (1.59e-1)"	"unprognostic (2.26e-2)"	"unprognostic (1.25e-1)"	"potential prognostic unfavorable (8.56e-4)"	"unprognostic (3.59e-1)"	"unprognostic (7.51e-2)"	"unprognostic (4.08e-2)"	"unprognostic (3.24e-1)"	"unprognostic (7.38e-2)"	"unprognostic (1.60e-2)"	"unprognostic (1.82e-2)"	"unprognostic (1.97e-1)"	"potential prognostic unfavorable (4.65e-4)"	"unprognostic (2.63e-2)"	"unprognostic (3.29e-1)"	"potential prognostic unfavorable (1.51e-4)"	"unprognostic (1.35e-1)"	"unprognostic (8.47e-2)"	"unprognostic (1.48e-1)"	"unprognostic (1.91e-1)"	"unprognostic (8.76e-2)"	"unprognostic (1.10e-3)"	"potential prognostic unfavorable (6.85e-5)"	"unprognostic (5.28e-2)"	"unprognostic (8.72e-2)"	"unprognostic (1.89e-2)"	"unprognostic (3.05e-2)"	"unprognostic (1.01e-2)"	"unprognostic (5.05e-2)"	"unprognostic (2.97e-2)"	"unprognostic (2.97e-1)"
LBH		ENSG00000213626	"LBH regulator of WNT signaling pathway"	Q53QV2	2	30231534-30323730	"Predicted intracellular proteins"	"Transcription, Transcription regulation"	"Developmental protein"		"Evidence at protein level"	"Evidence at transcript level"	"Evidence at protein level"	"Evidence at protein level"	"Low tissue specificity"	"Detected in all"			"Cell type enhanced"	"Detected in many"		"Cone photoreceptor cells: 482.6;Smooth muscle cells: 274.1;T-cells: 199.3"	"Group enriched"	"Detected in many"	4	"leukocyte: 140.6;pericyte: 210.7;vascular associated smooth muscle cell: 314.7"	"Low cancer specificity"	"Detected in all"			"Low region specificity"	"Detected in all"			"Group enriched"	"Detected in many"	6	"gdT-cell: 112.6;MAIT T-cell: 110.5;memory B-cell: 92.3;memory CD4 T-cell: 84.1;memory CD8 T-cell: 86.1;naive B-cell: 123.3;naive CD4 T-cell: 140.7;naive CD8 T-cell: 125.0;T-reg: 89.5"	"Group enriched"	"Detected in all"	7	"B-cells: 123.3;T-cells: 140.7"	"Cancer enhanced"	"Detected in many"		"Bone cancer: 140.9"	"Adipose visceral - Smooth muscle cells, Kidney - Fibroblasts"	"Low region specificity"	"Detected in all"			"Low region specificity"	"Detected in all"			HPA034669	Approved		Approved	Vesicles			NA	NA			"Cluster 43: Non-specific - Transcription & Translation"	"Cluster 70: Lymphoid tissue - Immune response"	"Cluster 41: Monoamines - Neurotransmitter signalling"	"Cluster 64: Connective tissue cells - ECM organization"	"Cluster 48: Smooth muscle cells - Signal transduction"	1	Vesicles		"HPA034669: AB_10600820"	"unprognostic (1.18e-3)"	"unprognostic (4.30e-2)"	"unprognostic (3.62e-1)"	"unprognostic (4.79e-2)"	"unprognostic (1.26e-2)"	"unprognostic (1.75e-1)"	"unprognostic (2.02e-3)"	"unprognostic (1.06e-1)"	"unprognostic (8.64e-2)"	"unprognostic (1.72e-1)"	"validated prognostic favorable (2.31e-6)"	"validated prognostic favorable (1.27e-4)"	"unprognostic (1.35e-1)"	"unprognostic (2.81e-1)"	"unprognostic (6.54e-2)"	"unprognostic (2.66e-2)"	"unprognostic (1.40e-1)"	"unprognostic (2.78e-2)"	"unprognostic (2.60e-1)"	"unprognostic (3.09e-2)"	"unprognostic (1.57e-1)"	"unprognostic (1.81e-1)"	"unprognostic (2.20e-1)"	"unprognostic (5.07e-2)"	"unprognostic (2.44e-1)"	"unprognostic (5.43e-2)"	"unprognostic (1.43e-1)"	"potential prognostic unfavorable (8.86e-4)"	"unprognostic (5.38e-2)"	"unprognostic (3.26e-2)"	"unprognostic (5.62e-3)"
LCN10		ENSG00000187922	"Lipocalin 10"	Q6JVE6	9	136738167-136743356	"Predicted secreted proteins"	Transport			"Evidence at protein level"	"Evidence at transcript level"	"Evidence at protein level"	"Evidence at protein level"	"Tissue enhanced"	"Detected in many"		"epididymis: 31.5"	"Cell type enriched"	"Detected in single"	8	"B-cells: 6.4"	"Group enriched"	"Detected in some"	11	"endothelial cell: 2.8;leukocyte: 1.5;vascular associated smooth muscle cell: 1.3"	"Cancer enriched"	"Detected in some"	7	"Thyroid Carcinoma (TCGA): 13.5"	"Not detected"	"Not detected"			"Group enriched"	"Detected in some"	18	"memory B-cell: 6.5;naive B-cell: 6.4"	"Lineage enriched"	"Detected in single"	18	"B-cells: 6.5"	"Cancer enhanced"	"Detected in single"		"Leukemia: 1.9"	"Testis - Endothelial cells"	"Not detected"	"Not detected"			"Low region specificity"	"Detected in single"			HPA055919	Approved				"Secreted in male reproductive system"	Transport	NA	NA			"Cluster 34: B-cells - Unknown function"	"Cluster 50: Epididymis - Male reproductive secretion"		"Cluster 35: RS4;11 - Unknown function"	"Cluster 73: B-cells - B-cell function"				"HPA055919: AB_2682969"			"potential prognostic favorable (5.38e-4)"							"unprognostic (1.99e-1)"											"unprognostic (3.77e-1)"									"unprognostic (2.21e-1)"	
LTBP3	LTBP2	ENSG00000168056	"Latent transforming growth factor beta binding protein 3"	Q9NS15	11	65538559-65558930	"Disease related genes, Human disease related genes, Predicted intracellular proteins, Predicted secreted proteins"		"Growth factor binding"	"Amelogenesis imperfecta, Disease variant, Dwarfism"	"Evidence at protein level"	"Evidence at transcript level"	"Evidence at protein level"	"Evidence at protein level"	"Low tissue specificity"	"Detected in all"			"Low cell type specificity"	"Detected in all"			"Low cell type specificity"	"Detected in all"			"Low cancer specificity"	"Detected in all"			"Low region specificity"	"Detected in all"			"Group enriched"	"Detected in many"	4	"memory B-cell: 55.7;naive B-cell: 44.7"	"Lineage enriched"	"Detected in all"	5	"B-cells: 55.7"	"Low cancer specificity"	"Detected in all"			"Kidney - Fibroblasts, Prostate - Fibroblasts, Skeletal muscle - Fibroblasts"	"Low region specificity"	"Detected in all"			"Low region specificity"	"Detected in all"								"Secreted to blood"	Other	NA	NA		20000000	"Cluster 23: B-cells - Immunoglobulins"	"Cluster 64: Neuronal - Transcription"	"Cluster 39: Astrocytes - Mixed function"	"Cluster 53: Squamous epithelial cells - Keratinization"	"Cluster 53: Fibroblasts - ECM organization"					"unprognostic (1.02e-2)"	"unprognostic (1.74e-1)"	"unprognostic (4.17e-2)"	"unprognostic (1.01e-2)"	"unprognostic (6.08e-3)"	"unprognostic (6.20e-3)"	"unprognostic (2.38e-1)"	"unprognostic (2.58e-1)"	"unprognostic (4.10e-1)"	"unprognostic (1.50e-1)"	"unprognostic (1.06e-1)"	"unprognostic (3.07e-2)"	"unprognostic (1.31e-1)"	"unprognostic (4.32e-2)"	"unprognostic (3.38e-1)"	"unprognostic (3.92e-1)"	"unprognostic (1.73e-1)"	"unprognostic (6.64e-2)"	"unprognostic (2.34e-1)"	"unprognostic (2.75e-2)"	"unprognostic (1.06e-1)"	"unprognostic (4.01e-2)"	"unprognostic (2.65e-2)"	"unprognostic (1.27e-1)"	"unprognostic (7.83e-2)"	"unprognostic (1.35e-2)"	"unprognostic (1.38e-1)"	"unprognostic (1.11e-2)"	"unprognostic (1.09e-1)"	"unprognostic (2.63e-2)"	"unprognostic (8.97e-2)"
LY9	"CD229, hly9, mLY9, SLAMF3"	ENSG00000122224	"Lymphocyte antigen 9"	Q9HBG7	1	160796074-160828261	"CD markers, Predicted membrane proteins, Predicted secreted proteins"	"Adaptive immunity, Cell adhesion, Immunity, Innate immunity"			"Evidence at protein level"	"Evidence at protein level"	"Evidence at protein level"	"Evidence at protein level"	"Tissue enhanced"	"Detected in many"		"bone marrow: 11.3;intestine: 11.7;lymphoid tissue: 30.3"	"Cell type enhanced"	"Detected in some"		"B-cells: 242.6;dendritic cells: 61.9;Langerhans cells: 37.4;Plasma cells: 84.4;T-cells: 44.6"	"Cell type enriched"	"Detected in single"	149	"leukocyte: 105.7"	"Low cancer specificity"	"Detected in many"			"Not detected"	"Not detected"			"Group enriched"	"Detected in many"	4	"gdT-cell: 113.2;MAIT T-cell: 113.7;memory B-cell: 56.2;memory CD4 T-cell: 97.8;memory CD8 T-cell: 109.8;naive B-cell: 53.0;naive CD4 T-cell: 110.0;naive CD8 T-cell: 112.6;plasmacytoid DC: 73.0;T-reg: 80.5"	"Low lineage specificity"	"Detected in all"			"Cancer enhanced"	"Detected in some"		"lymphoma: 15.9;Myeloma: 38.0"	"Adipose visceral - T-cells, Adrenal gland - T-cells, Colon - T-cells, Heart muscle - T-cells, Liver - T-cells, Minor Salivary Gland - Plasma cells, Pancreas - T-cells, Skin - T-cells, Spleen - B-cells (Spleen), Thyroid gland - T-cells"	"Not detected"	"Not detected"			"Not detected"	"Not detected"			HPA050917	Approved		Approved	"Plasma membrane,Centriolar satellite"	"Secreted - unknown location"	Immunity	NA	NA		22000	"Cluster 11: T-cells - Unknown function"	"Cluster 36: Lymphoid tissue - Cytokine signaling"		"Cluster 51: Myeloma - Immunoglobulins"	"Cluster 73: B-cells - B-cell function"	1	"Plasma membrane"	"Centriolar satellite"	"HPA050917: AB_2681272"	"unprognostic (8.79e-2)"	"unprognostic (2.67e-3)"	"unprognostic (1.12e-1)"	"potential prognostic favorable (4.94e-4)"	"unprognostic (5.62e-2)"	"unprognostic (2.44e-1)"			"potential prognostic favorable (1.37e-4)"		"unprognostic (1.07e-1)"	"unprognostic (8.10e-2)"	"unprognostic (2.28e-1)"		"unprognostic (3.03e-3)"	"potential prognostic favorable (1.86e-4)"	"unprognostic (1.42e-2)"	"unprognostic (1.66e-1)"	"unprognostic (5.74e-2)"			"unprognostic (2.82e-1)"	"unprognostic (5.85e-2)"	"unprognostic (2.86e-1)"		"unprognostic (1.11e-3)"	"potential prognostic favorable (3.48e-4)"	"unprognostic (4.69e-2)"	"unprognostic (5.81e-2)"	"unprognostic (2.47e-2)"	
MACROD2	"C20orf133, dJ631M13.5"	ENSG00000172264	"Mono-ADP ribosylhydrolase 2"	A1Z1Q3	20	13995369-16053197	"Metabolic proteins, Predicted intracellular proteins"	"DNA damage"	Hydrolase		"Evidence at protein level"	"Evidence at protein level"	"Evidence at protein level"	"Evidence at protein level"	"Low tissue specificity"	"Detected in many"			"Group enriched"	"Detected in many"	5	"Alveolar cells type 2: 255.7;Astrocytes: 331.6;Excitatory neurons: 727.0;Inhibitory neurons: 1009.8;Oligodendrocyte precursor cells: 630.6;Oligodendrocytes: 280.5"	"Low cell type specificity"	"Detected in all"			"Low cancer specificity"	"Detected in all"			"Low region specificity"	"Detected in all"			"Group enriched"	"Detected in some"	4	"memory B-cell: 8.7;naive B-cell: 11.8;neutrophil: 3.6"	"Group enriched"	"Detected in many"	4	"B-cells: 11.8;granulocytes: 3.6"	"Cancer enhanced"	"Detected in many"		"Kidney cancer: 31.9"	"Lung - Alveolar cells type 2, Minor Salivary Gland - Minor salivary gland ductal cells"	"Low region specificity"	"Detected in all"			"Low region specificity"	"Detected in all"			HPA049076	Enhanced		Supported	Nucleoplasm,Nucleoli			NA	NA			"Cluster 14: Non-specific - Unknown function"	"Cluster 64: Neuronal - Transcription"	"Cluster 33: Neurons - Mixed function"	"Cluster 15: Kidney cancer - Membrane components"	"Cluster 65: Neurons - Synaptic function"		"Nucleoplasm, Nucleoli"		"HPA049076: "	"unprognostic (8.53e-3)"	"unprognostic (4.77e-2)"	"unprognostic (1.05e-1)"	"unprognostic (5.32e-3)"	"unprognostic (3.19e-3)"	"unprognostic (3.06e-1)"	"unprognostic (1.57e-1)"	"potential prognostic favorable (3.65e-4)"	"unprognostic (2.81e-1)"	"potential prognostic unfavorable (4.94e-4)"	"unprognostic (3.35e-2)"	"unprognostic (3.07e-3)"	"unprognostic (2.14e-1)"	"unprognostic (2.02e-2)"	"unprognostic (1.16e-3)"	"unprognostic (1.11e-2)"	"unprognostic (6.34e-2)"	"unprognostic (4.65e-3)"	"unprognostic (2.01e-1)"	"unprognostic (1.37e-1)"	"unprognostic (9.36e-2)"	"unprognostic (1.06e-1)"	"unprognostic (9.55e-2)"	"unprognostic (1.67e-1)"	"validated prognostic favorable (5.55e-5)"	"validated prognostic favorable (7.17e-4)"	"unprognostic (1.88e-2)"	"unprognostic (5.98e-2)"	"unprognostic (1.40e-1)"	"unprognostic (4.29e-1)"	"unprognostic (4.63e-2)"
MARCHF1	"FLJ20668, MARCH-I, MARCH1, RNF171"	ENSG00000145416	"Membrane associated ring-CH-type finger 1"	Q8TCQ1	4	163524298-164384050	"Enzymes, Metabolic proteins, Predicted intracellular proteins, Predicted membrane proteins, Transporters"	"Immunity, Ubl conjugation pathway"	Transferase		"Evidence at protein level"	"Evidence at protein level"	"Evidence at protein level"	"Evidence at protein level"	"Tissue enhanced"	"Detected in many"		"lymphoid tissue: 30.6;retina: 22.3"	"Cell type enhanced"	"Detected in many"		"B-cells: 226.2;Excitatory neurons: 466.6;Oligodendrocyte precursor cells: 929.6;Oligodendrocytes: 1211.0"	"Low cell type specificity"	"Detected in all"			"Low cancer specificity"	"Detected in many"			"Low region specificity"	"Detected in all"			"Group enriched"	"Detected in many"	94	"classical monocyte: 41.8;eosinophil: 25.5;intermediate monocyte: 41.0;memory B-cell: 42.4;myeloid DC: 44.2;naive B-cell: 35.9;non-classical monocyte: 45.6;plasmacytoid DC: 16.5"	"Low lineage specificity"	"Detected in many"			"Low cancer specificity"	"Detected in many"			"Adipose subcutaneous - Macrophages, Adrenal gland - Macrophages"	"Low region specificity"	"Detected in all"			"Low region specificity"	"Detected in all"			"HPA014600, HPA048024"	Uncertain		Supported	"Endoplasmic reticulum,Golgi apparatus,Vesicles"			NA	NA			"Cluster 29: Non-specific - Unknown function"	"Cluster 70: Lymphoid tissue - Immune response"	"Cluster 28: Oligodendrocytes - Mixed function"	"Cluster 55: Lymphoma - Immune response"	"Cluster 73: B-cells - B-cell function"	2	Vesicles	"Endoplasmic reticulum, Golgi apparatus"	"HPA014600: AB_1853573, HPA048024: "	"unprognostic (7.88e-3)"	"unprognostic (6.06e-2)"		"unprognostic (4.79e-2)"	"unprognostic (2.95e-2)"	"unprognostic (6.81e-2)"	"unprognostic (2.35e-1)"	"unprognostic (5.98e-3)"	"unprognostic (7.91e-2)"	"unprognostic (4.01e-1)"	"unprognostic (8.76e-2)"	"unprognostic (1.11e-1)"	"unprognostic (1.84e-1)"			"unprognostic (1.46e-2)"	"unprognostic (3.18e-2)"	"unprognostic (4.25e-2)"	"unprognostic (3.76e-1)"	"unprognostic (1.41e-1)"	"unprognostic (3.06e-2)"	"unprognostic (2.09e-1)"	"unprognostic (6.37e-2)"	"unprognostic (7.34e-2)"	"unprognostic (6.15e-2)"	"unprognostic (1.71e-2)"	"unprognostic (7.25e-2)"	"unprognostic (7.25e-2)"	"unprognostic (2.73e-2)"	"unprognostic (4.65e-2)"	"unprognostic (1.34e-1)"
MEF2C		ENSG00000081189	"Myocyte enhancer factor 2C"	Q06413	5	88717117-88904257	"Disease related genes, Human disease related genes, Predicted intracellular proteins, Transcription factors"	"Apoptosis, Differentiation, Neurogenesis, Transcription, Transcription regulation"	"Activator, Developmental protein, DNA-binding"	"Disease variant, Epilepsy, Intellectual disability"	"Evidence at protein level"	"Evidence at protein level"	"Evidence at protein level"	"Evidence at protein level"	"Tissue enhanced"	"Detected in all"		"skeletal muscle: 537.8;tongue: 238.2"	"Cell type enhanced"	"Detected in many"		"B-cells: 431.8;Excitatory neurons: 711.2;Inhibitory neurons: 729.1;Microglial cells: 697.8;Skeletal myocytes: 616.7"	"Cell type enhanced"	"Detected in all"		"central nervous system macrophage: 3465.1"	"Low cancer specificity"	"Detected in all"			"Low region specificity"	"Detected in all"			"Group enriched"	"Detected in many"	4	"classical monocyte: 72.1;intermediate monocyte: 82.7;memory B-cell: 142.1;myeloid DC: 95.3;naive B-cell: 188.5;non-classical monocyte: 71.9;plasmacytoid DC: 100.4"	"Group enriched"	"Detected in many"	5	"B-cells: 188.5;dendritic cells: 100.4;monocytes: 82.7"	"Cancer enhanced"	"Detected in many"		"Leukemia: 105.1;lymphoma: 81.8;Myeloma: 177.5"	"Adipose subcutaneous - Endothelial cells, Breast - Endothelial cells, Kidney - Endothelial cells, Skeletal muscle - Skeletal myocytes, Skin - Endothelial cells"	"Low region specificity"	"Detected in all"			"Group enriched"	"Detected in all"	4	"amygdala: 112.9;cerebral cortex: 397.9;hippocampal formation: 346.6;olfactory bulb: 109.7"	"HPA005533, CAB068196, CAB068197"	Enhanced		Supported	Nucleoplasm,Vesicles			NA	NA			"Cluster 23: B-cells - Immunoglobulins"	"Cluster 14: Skeletal muscle - Muscle contraction"	"Cluster 53: Neurons - Mixed function"	"Cluster 6: Leukemia - Signal transduction"	"Cluster 73: B-cells - B-cell function"	16	"Nucleoplasm, Vesicles"		"CAB068196: AB_2665646, CAB068197: AB_2665645, HPA005533: AB_1079352"	"unprognostic (2.10e-2)"	"unprognostic (1.25e-1)"	"unprognostic (2.26e-1)"	"unprognostic (1.24e-1)"	"unprognostic (5.57e-2)"	"unprognostic (1.74e-1)"	"unprognostic (3.08e-1)"	"unprognostic (6.50e-2)"	"unprognostic (1.13e-1)"	"unprognostic (7.10e-2)"	"validated prognostic favorable (2.47e-5)"	"validated prognostic favorable (1.26e-4)"	"unprognostic (1.17e-1)"	"unprognostic (5.04e-2)"	"unprognostic (8.07e-2)"	"unprognostic (3.65e-3)"	"unprognostic (1.27e-2)"	"unprognostic (7.72e-2)"	"unprognostic (5.34e-2)"	"unprognostic (2.17e-1)"	"unprognostic (1.96e-2)"	"unprognostic (1.05e-1)"	"unprognostic (1.59e-1)"	"unprognostic (1.34e-1)"	"unprognostic (6.10e-2)"	"unprognostic (7.49e-2)"	"unprognostic (6.77e-2)"	"unprognostic (1.71e-2)"	"unprognostic (1.11e-1)"	"unprognostic (1.27e-1)"	"unprognostic (2.59e-1)"
METTL7A	DKFZP586A0522	ENSG00000185432	"Methyltransferase like 7A"	Q9H8H3	12	50923472-50932510	"Predicted membrane proteins"	"Host-virus interaction"	"Methyltransferase, Transferase"		"Evidence at protein level"	"Evidence at protein level"	"Evidence at protein level"	"Evidence at protein level"	"Tissue enhanced"	"Detected in all"		"liver: 410.2"	"Cell type enhanced"	"Detected in all"		"Hepatocytes: 802.8;Kupffer cells: 327.6"	"Cell type enhanced"	"Detected in all"		"ependymal cell: 157.0"	"Low cancer specificity"	"Detected in all"			"Low region specificity"	"Detected in all"			"Group enriched"	"Detected in many"	5	"basophil: 94.8;classical monocyte: 34.9;eosinophil: 69.9;intermediate monocyte: 37.4;memory B-cell: 31.8;myeloid DC: 30.4;naive B-cell: 34.1;non-classical monocyte: 59.0;plasmacytoid DC: 25.0"	"Low lineage specificity"	"Detected in all"			"Cancer enhanced"	"Detected in many"		"Myeloma: 88.0"	"Adrenal gland - Adrenal cortex cells, Liver - Hepatocytes, Spleen - Fibroblast_2, Thyroid gland - Thyroid glandular cells"	"Not detected"	"Not detected"			"Low region specificity"	"Detected in many"			HPA017434			Supported	"Lipid droplets"			NA	NA		27000	"Cluster 10: Non-specific - Membrane trafficking"	"Cluster 1: Liver & Kidney - Metabolism"	"Cluster 44: Non-specific - Mixed function"	"Cluster 44: Connective tissue cells - ECM organization"	"Cluster 53: Fibroblasts - ECM organization"	16	"Lipid droplets"		"HPA017434: AB_1853835"	"unprognostic (1.40e-3)"	"unprognostic (3.36e-2)"	"unprognostic (3.75e-1)"	"unprognostic (2.20e-1)"	"unprognostic (4.84e-2)"	"unprognostic (4.29e-2)"	"unprognostic (9.04e-2)"	"unprognostic (6.02e-2)"	"unprognostic (1.91e-2)"	"unprognostic (4.03e-2)"	"validated prognostic favorable (1.16e-11)"	"validated prognostic favorable (2.85e-5)"	"potential prognostic favorable (5.67e-5)"	"unprognostic (3.52e-3)"	"unprognostic (2.37e-1)"	"potential prognostic favorable (1.90e-4)"	"unprognostic (4.32e-3)"	"unprognostic (9.94e-2)"	"unprognostic (1.70e-1)"	"unprognostic (1.28e-1)"	"unprognostic (2.66e-1)"	"unprognostic (4.96e-2)"	"unprognostic (1.38e-2)"	"unprognostic (1.24e-1)"	"unprognostic (6.08e-2)"	"unprognostic (1.87e-1)"	"unprognostic (2.49e-2)"	"unprognostic (1.47e-1)"	"unprognostic (1.76e-1)"	"unprognostic (7.80e-2)"	"unprognostic (8.17e-2)"
METTL7B	"ALDI, MGC17301"	ENSG00000170439	"Methyltransferase like 7B"	Q6UX53	12	55681736-55684611	"Enzymes, Predicted intracellular proteins"		"Methyltransferase, Transferase"		"Evidence at protein level"	"Evidence at protein level"	"Evidence at protein level"	"Evidence at protein level"	"Tissue enhanced"	"Detected in many"		"epididymis: 130.4;heart muscle: 119.9;liver: 277.3"	"Cell type enhanced"	"Detected in some"		"Cardiomyocytes: 29.8;Distal enterocytes: 40.3;Hepatocytes: 73.8;Hofbauer cells: 65.1;Proximal enterocytes: 197.3;Proximal tubular cells: 32.3"	"Cell type enhanced"	"Detected in some"		"hippocampal CA1-3: 5.0;hippocampal CA4: 11.0;hippocampal dentate gyrus: 12.2"	"Cancer enhanced"	"Detected in many"		"Glioblastoma Multiforme (TCGA): 181.1"	"Low region specificity"	"Detected in all"			"Group enriched"	"Detected in some"	5	"intermediate monocyte: 4.5;myeloid DC: 7.0;naive B-cell: 1.7;non-classical monocyte: 3.3"	"Group enriched"	"Detected in many"	44	"B-cells: 1.7;dendritic cells: 7.0;monocytes: 4.5"	"Cancer enhanced"	"Detected in many"		"colorectal cancer: 44.0"	"Kidney - Proximal tubular cells, Skin - Sebaceous gland cells"	"Not detected"	"Not detected"			"Not detected"	"Not detected"			HPA038644	Enhanced		Approved	Vesicles,Microtubules			NA	NA			"Cluster 2: Dendritic cells - Unknown function"	"Cluster 83: Liver - Metabolism"	"Cluster 29: Forebrain - Mixed function"	"Cluster 57: Stomach & Colon cancer - Digestion"	"Cluster 22: Proximal enterocytes - Digestion"		Microtubules	Vesicles	"HPA038644: AB_2676130"	"unprognostic (7.50e-3)"	"unprognostic (7.09e-2)"	"unprognostic (1.97e-1)"	"unprognostic (1.29e-1)"	"unprognostic (1.48e-1)"	"unprognostic (5.22e-2)"	"unprognostic (4.46e-2)"	"potential prognostic unfavorable (6.59e-4)"	"potential prognostic unfavorable (4.27e-4)"	"unprognostic (1.72e-1)"	"unprognostic (1.60e-3)"	"unprognostic (2.63e-1)"	"unprognostic (5.92e-2)"	"unprognostic (2.09e-1)"	"unprognostic (3.07e-2)"	"unprognostic (3.50e-1)"	"unprognostic (5.31e-2)"	"unprognostic (1.64e-2)"	"unprognostic (1.22e-1)"	"unprognostic (1.50e-1)"	"unprognostic (1.77e-1)"	"unprognostic (1.50e-2)"	"unprognostic (2.33e-2)"		"unprognostic (1.31e-1)"	"unprognostic (1.84e-1)"	"unprognostic (1.21e-1)"	"unprognostic (4.22e-2)"	"unprognostic (2.07e-1)"	"potential prognostic favorable (4.84e-4)"	"unprognostic (2.92e-2)"
MOXD1	"dJ248E1.1, DKFZP564G202, MOX"	ENSG00000079931	"Monooxygenase DBH like 1"	Q6UVY6	6	132296055-132401475	"Predicted intracellular proteins, Predicted membrane proteins"		"Monooxygenase, Oxidoreductase"		"Evidence at protein level"	"Evidence at transcript level"	"Evidence at protein level"	"Evidence at protein level"	"Tissue enhanced"	"Detected in many"		"endometrium 1: 62.2;smooth muscle: 75.8"	"Cell type enhanced"	"Detected in many"		"Astrocytes: 87.9;Basal squamous epithelial cells: 79.6;Early spermatids: 90.8;Endometrial stromal cells: 53.0;Excitatory neurons: 34.9;Oligodendrocyte precursor cells: 31.6"	"Cell type enhanced"	"Detected in many"		"amygdala excitatory: 94.4"	"Low cancer specificity"	"Detected in all"			"Low region specificity"	"Detected in many"			"Group enriched"	"Detected in some"	33	"memory B-cell: 3.1;naive B-cell: 1.7;plasmacytoid DC: 5.1"	"Group enriched"	"Detected in many"	41	"B-cells: 3.1;dendritic cells: 5.1"	"Cancer enhanced"	"Detected in many"		"skin cancer: 61.1"	"Adipose subcutaneous - Adipose progenitor cells, Adrenal gland - Fibroblasts, Colon - Enteric glia cells, Heart muscle - Fibroblasts, Kidney - Fibroblasts, Stomach - Fibroblasts, Testis - Early spermatids, Testis - Late spermatids"	"Low region specificity"	"Detected in all"			"Low region specificity"	"Detected in all"			HPA035740	Approved		Approved	Cytosol			NA	NA			"Cluster 44: Plasmacytoid DCs - Plasma membrane proteins"	"Cluster 62: Connective tissue - ECM organization"	"Cluster 51: Neurons - Mixed function"	"Cluster 64: Connective tissue cells - ECM organization"	"Cluster 9: Endometrial stromal cells - Transcription"	5	Cytosol		"HPA035740: AB_10610141"	"unprognostic (1.41e-2)"	"unprognostic (1.14e-1)"	"unprognostic (2.39e-1)"	"unprognostic (3.04e-2)"	"unprognostic (5.83e-2)"	"unprognostic (1.56e-1)"	"unprognostic (4.46e-2)"	"potential prognostic unfavorable (1.01e-5)"	"potential prognostic favorable (3.75e-4)"	"unprognostic (5.42e-2)"	"unprognostic (9.01e-2)"	"unprognostic (2.41e-3)"	"unprognostic (2.06e-3)"	"unprognostic (1.01e-1)"	"unprognostic (2.66e-2)"	"unprognostic (1.33e-1)"	"unprognostic (1.97e-1)"	"unprognostic (4.23e-2)"	"unprognostic (6.60e-3)"	"unprognostic (4.68e-2)"	"potential prognostic unfavorable (2.33e-5)"	"unprognostic (1.61e-1)"	"unprognostic (1.39e-1)"	"unprognostic (7.59e-2)"	"unprognostic (1.71e-1)"	"unprognostic (7.09e-3)"	"unprognostic (6.99e-2)"	"unprognostic (1.06e-3)"	"unprognostic (5.33e-2)"	"unprognostic (6.94e-2)"	"unprognostic (9.07e-2)"
N4BP3	LZTS4	ENSG00000145911	"NEDD4 binding protein 3"	O15049	5	178113532-178126081	"Predicted intracellular proteins"	"Immunity, Innate immunity, Neurogenesis"	"Developmental protein"		"Evidence at protein level"	"Evidence at protein level"	"Evidence at protein level"	"Evidence at protein level"	"Tissue enhanced"	"Detected in many"		"esophagus: 15.2"	"Cell type enriched"	"Detected in many"	4	"Extravillous trophoblasts: 155.1"	"Low cell type specificity"	"Detected in many"			"Low cancer specificity"	"Detected in many"			"Low region specificity"	"Detected in all"			"Group enriched"	"Detected in some"	4	"memory B-cell: 1.7;naive B-cell: 1.6;naive CD8 T-cell: 1.2;plasmacytoid DC: 2.1"	"Group enriched"	"Detected in many"	16	"B-cells: 1.7;dendritic cells: 2.1;T-cells: 1.2"	"Cancer enhanced"	"Detected in many"		"lymphoma: 12.4"	"Skin - Keratinocyte (granular), Spleen - B-cells (Spleen), Testis - Spermatogonia"	"Low region specificity"	"Detected in all"			"Low region specificity"	"Detected in all"			"HPA030972, HPA030973, HPA061387"	Approved		Supported	Nucleoplasm,Centrosome			NA	NA			"Cluster 34: B-cells - Unknown function"	"Cluster 27: Squamous epithelium - Keratinization"	"Cluster 52: Neurons & Synapses - Synaptic function"	"Cluster 46: Lymphoma - Humoral immune response"	"Cluster 4: Extravillous trophoblasts - Unknown function"	31	Nucleoplasm	Centrosome	"HPA030972: AB_2673680, HPA030973: AB_10603574, HPA061387: "	"unprognostic (3.02e-2)"	"unprognostic (6.45e-2)"	"unprognostic (1.43e-1)"	"unprognostic (4.38e-1)"	"unprognostic (5.05e-3)"	"unprognostic (6.43e-3)"		"unprognostic (3.01e-1)"	"unprognostic (7.17e-3)"	"unprognostic (4.63e-2)"	"unprognostic (1.59e-2)"	"unprognostic (5.07e-2)"	"unprognostic (6.00e-3)"			"unprognostic (1.12e-1)"	"unprognostic (1.03e-1)"	"unprognostic (1.28e-2)"	"unprognostic (2.17e-1)"	"unprognostic (1.33e-2)"	"unprognostic (1.09e-3)"	"unprognostic (8.92e-3)"	"unprognostic (3.52e-2)"		"unprognostic (1.58e-1)"	"unprognostic (3.33e-1)"	"unprognostic (2.43e-1)"	"unprognostic (1.86e-1)"	"unprognostic (8.74e-2)"	"unprognostic (3.27e-1)"	"unprognostic (1.39e-1)"
NEIL1	"FLJ22402, FPG1, hFPG1, NEI1"	ENSG00000140398	"Nei like DNA glycosylase 1"	Q96FI4	15	75346955-75357115	"Enzymes, Plasma proteins, Predicted intracellular proteins"	"DNA damage, DNA repair"	"DNA-binding, Glycosidase, Hydrolase, Lyase, Multifunctional enzyme"		"Evidence at protein level"	"Evidence at protein level"	"Evidence at protein level"	"Evidence at protein level"	"Low tissue specificity"	"Detected in many"			"Low cell type specificity"	"Detected in many"			"Low cell type specificity"	"Detected in all"			"Low cancer specificity"	"Detected in all"			"Low region specificity"	"Detected in all"			"Group enriched"	"Detected in many"	5	"gdT-cell: 5.3;memory B-cell: 4.9;naive B-cell: 6.7;NK-cell: 16.3"	"Group enriched"	"Detected in many"	11	"B-cells: 6.7;NK-cells: 16.3;T-cells: 5.3"	"Low cancer specificity"	"Detected in many"				"Low region specificity"	"Detected in all"			"Low region specificity"	"Detected in all"			HPA054084	Approved		Supported	Nucleoplasm			NA	NA			"Cluster 24: Non-specific - Transcription"	"Cluster 66: Non-specific - Transcription"	"Cluster 15: Non-specific - Transcription"	"Cluster 71: Lymphoma - Inflammatory response"	"Cluster 73: B-cells - B-cell function"	178	Nucleoplasm		"HPA054084: AB_2682372"	"unprognostic (9.69e-3)"	"unprognostic (4.30e-2)"	"unprognostic (8.28e-3)"	"unprognostic (7.85e-3)"	"unprognostic (7.58e-3)"	"unprognostic (2.18e-1)"	"unprognostic (2.31e-1)"	"unprognostic (2.36e-1)"	"unprognostic (6.34e-2)"	"unprognostic (2.49e-3)"	"unprognostic (3.54e-3)"	"potential prognostic favorable (2.41e-4)"	"potential prognostic favorable (7.59e-6)"	"unprognostic (3.61e-2)"	"unprognostic (8.16e-2)"	"potential prognostic favorable (1.48e-4)"	"unprognostic (4.31e-2)"	"unprognostic (6.62e-2)"	"unprognostic (3.13e-2)"	"unprognostic (1.47e-1)"	"unprognostic (3.25e-1)"	"potential prognostic favorable (4.05e-4)"	"unprognostic (4.00e-1)"	"unprognostic (3.98e-2)"	"unprognostic (7.91e-2)"	"unprognostic (2.78e-1)"	"unprognostic (1.98e-1)"	"unprognostic (4.58e-2)"	"unprognostic (4.43e-2)"	"unprognostic (1.57e-1)"	"unprognostic (5.62e-2)"
NIPAL4	"ICHYN, SLC57A6"	ENSG00000172548	"NIPA like domain containing 4"	Q0D2K0	5	157460213-157474722	"Disease related genes, Human disease related genes, Potential drug targets, Predicted membrane proteins, Transporters"	"Ion transport, Transport"	Receptor	"Disease variant, Ichthyosis"	"Evidence at protein level"	"Evidence at transcript level"	"Evidence at protein level"	"Evidence at protein level"	"Tissue enhanced"	"Detected in many"		"brain: 19.3;skin 1: 59.4"	"Cell type enhanced"	"Detected in some"		"Basal keratinocytes: 23.8;Oligodendrocytes: 19.5;Squamous epithelial cells: 8.9;Suprabasal keratinocytes: 37.1"	"Cell type enriched"	"Detected in some"	5	"oligodendrocyte: 30.2"	"Cancer enhanced"	"Detected in many"		"Bladder Urothelial Carcinoma (TCGA): 20.5;Head and Neck Squamous Cell Carcinoma (TCGA): 31.8"	"Low region specificity"	"Detected in many"			"Group enriched"	"Detected in some"	25	"memory B-cell: 1.6;naive B-cell: 4.9"	"Lineage enriched"	"Detected in single"	37	"B-cells: 4.9"	"Cancer enhanced"	"Detected in many"		"Bladder cancer: 10.5;head and neck cancer: 9.6"		"Low region specificity"	"Detected in all"			"Low region specificity"	"Detected in all"			HPA038259	Approved						NA	NA			"Cluster 34: B-cells - Unknown function"	"Cluster 13: Skin - Cornification"	"Cluster 30: White matter - Myelination"	"Cluster 53: Squamous epithelial cells - Keratinization"	"Cluster 12: Squamous epithelial cells - Keratinization"	15			"HPA038259: AB_10672510"	"unprognostic (5.59e-2)"		"unprognostic (3.68e-2)"	"unprognostic (9.27e-2)"			"unprognostic (8.44e-2)"	"unprognostic (2.72e-1)"	"unprognostic (4.26e-2)"									"unprognostic (8.14e-3)"	"unprognostic (2.34e-2)"				"unprognostic (4.28e-2)"			"unprognostic (1.84e-2)"	"unprognostic (2.65e-1)"	"unprognostic (5.61e-2)"			
NOTCH2NLA	"N2N, NOTCH2NL"	ENSG00000264343	"Notch 2 N-terminal like A"	Q7Z3S9	1	146146203-146229041	"Disease related genes, Predicted intracellular proteins, Predicted secreted proteins"	"Differentiation, Notch signaling pathway"	"Developmental protein"		"Evidence at protein level"	"Evidence at transcript level"	"Evidence at protein level"	"Evidence at protein level"	"Low tissue specificity"	"Detected in all"			"Cell type enhanced"	"Detected in many"		"Basal squamous epithelial cells: 33.9;monocytes: 28.4;Paneth cells: 23.4;Squamous epithelial cells: 47.5"	"Not detected"	"Not detected"			"Low cancer specificity"	"Detected in all"			"Low region specificity"	"Detected in all"			"Group enriched"	"Detected in all"	4	"basophil: 40.4;classical monocyte: 46.9;eosinophil: 90.4;intermediate monocyte: 40.9;memory B-cell: 76.3;myeloid DC: 61.1;naive B-cell: 44.2;neutrophil: 42.9;non-classical monocyte: 42.1;plasmacytoid DC: 49.0"	"Low lineage specificity"	"Detected in all"			"Low cancer specificity"	"Detected in all"												CAB004669	Uncertain				"Secreted to blood"	"Developmental protein"	NA	NA			"Cluster 29: Non-specific - Unknown function"	"Cluster 21: Testis - Unknown function"	"Cluster 12: Non-specific - Vasculature"	"Cluster 45: Non-specific - Nuclear processes"	"Cluster 49: Non-specific - Transcription"	203			"CAB004669: AB_426149"	"unprognostic (9.89e-3)"	"unprognostic (2.16e-1)"		"unprognostic (1.12e-2)"	"unprognostic (3.75e-1)"	"unprognostic (1.06e-2)"	"unprognostic (2.43e-1)"		"unprognostic (2.62e-1)"	"unprognostic (3.25e-2)"	"unprognostic (6.27e-3)"	"unprognostic (1.65e-1)"	"unprognostic (2.52e-1)"	"unprognostic (6.93e-2)"		"unprognostic (1.33e-1)"	"unprognostic (2.14e-2)"	"unprognostic (1.98e-1)"	"unprognostic (2.82e-1)"	"unprognostic (2.19e-3)"		"unprognostic (7.16e-3)"		"unprognostic (7.29e-2)"	"unprognostic (5.80e-1)"	"unprognostic (1.08e-1)"	"unprognostic (1.42e-1)"	"unprognostic (5.14e-2)"	"unprognostic (2.58e-1)"	"unprognostic (1.21e-1)"	"unprognostic (9.91e-2)"
ORAI2	"C7orf19, CBCIP2, FLJ12474, FLJ14733, H_NH0514P08.8, TMEM142B"	ENSG00000160991	"ORAI calcium release-activated calcium modulator 2"	Q96SN7	7	102433106-102456825	"Predicted intracellular proteins, Predicted membrane proteins"	"Calcium transport, Ion transport, Transport"	"Calcium channel, Ion channel"		"Evidence at protein level"	"Evidence at protein level"	"Evidence at protein level"	"Evidence at protein level"	"Tissue enhanced"	"Detected in many"		"pituitary gland: 37.9"	"Cell type enhanced"	"Detected in many"		"B-cells: 114.7;Glandular and luminal cells: 68.2;Plasma cells: 76.6"	"Low cell type specificity"	"Detected in all"			"Low cancer specificity"	"Detected in all"			"Low region specificity"	"Detected in all"			"Group enriched"	"Detected in many"	4	"basophil: 7.0;eosinophil: 24.9;memory B-cell: 10.2;naive B-cell: 11.4;neutrophil: 27.7;NK-cell: 8.3"	"Group enriched"	"Detected in all"	5	"B-cells: 11.4;granulocytes: 27.7;NK-cells: 8.3"	"Low cancer specificity"	"Detected in all"			"Heart muscle - Endothelial cells, Spleen - B-cells (Spleen)"	"Low region specificity"	"Detected in all"			"Low region specificity"	"Detected in all"			"HPA065937, HPA074525"	Uncertain		Supported	Nucleoplasm,Mitochondria,Cytosol			NA	NA			"Cluster 21: Neutrophils - Unknown function"	"Cluster 34: Non-specific - Mixed function"	"Cluster 29: Forebrain - Mixed function"	"Cluster 39: Non-specific - Transcription"	"Cluster 73: B-cells - B-cell function"		"Nucleoplasm, Mitochondria"	Cytosol	"HPA065937: AB_2685581, HPA074525: "	"potential prognostic favorable (7.25e-4)"	"unprognostic (9.22e-3)"	"unprognostic (3.16e-3)"	"unprognostic (4.00e-3)"	"unprognostic (8.60e-2)"	"unprognostic (3.02e-1)"	"unprognostic (2.80e-2)"	"unprognostic (7.12e-2)"	"unprognostic (6.09e-2)"	"unprognostic (2.96e-2)"	"unprognostic (5.29e-2)"	"unprognostic (4.04e-2)"	"unprognostic (1.54e-1)"	"unprognostic (3.68e-2)"	"unprognostic (1.76e-2)"	"unprognostic (3.08e-1)"	"unprognostic (4.93e-2)"	"unprognostic (1.41e-2)"	"unprognostic (2.87e-1)"	"unprognostic (2.40e-2)"	"unprognostic (2.04e-3)"	"unprognostic (4.62e-3)"	"unprognostic (3.58e-2)"	"unprognostic (2.42e-1)"	"unprognostic (1.50e-1)"	"unprognostic (2.65e-2)"	"unprognostic (1.81e-1)"	"unprognostic (6.71e-2)"	"unprognostic (1.75e-1)"	"unprognostic (2.69e-2)"	"unprognostic (1.59e-1)"
OSBPL10		ENSG00000144645	"Oxysterol binding protein like 10"	Q9BXB5	3	31657912-32077580	"Predicted intracellular proteins"	"Lipid biosynthesis, Lipid metabolism, Lipid transport, Transport"			"Evidence at protein level"	"Evidence at transcript level"	"Evidence at protein level"	"Evidence at protein level"	"Low tissue specificity"	"Detected in all"			"Cell type enriched"	"Detected in many"	4	"Late spermatids: 1242.6"	"Low cell type specificity"	"Detected in many"			"Low cancer specificity"	"Detected in all"			"Low region specificity"	"Detected in all"			"Group enriched"	"Detected in some"	17	"memory B-cell: 11.5;naive B-cell: 6.8"	"Lineage enriched"	"Detected in single"	22	"B-cells: 11.5"	"Low cancer specificity"	"Detected in many"			"Testis - Late spermatids"	"Low region specificity"	"Detected in all"			"Low region specificity"	"Detected in all"										NA	NA			"Cluster 23: B-cells - Immunoglobulins"	"Cluster 62: Connective tissue - ECM organization"	"Cluster 53: Neurons - Mixed function"	"Cluster 15: Kidney cancer - Membrane components"	"Cluster 36: Late spermatids - Unknown function"	12				"unprognostic (2.27e-2)"	"unprognostic (1.21e-2)"	"unprognostic (2.34e-1)"	"unprognostic (1.09e-2)"	"unprognostic (3.03e-1)"	"potential prognostic unfavorable (3.39e-4)"	"unprognostic (3.07e-1)"	"potential prognostic unfavorable (1.80e-4)"	"unprognostic (2.41e-1)"	"unprognostic (5.86e-2)"	"potential prognostic favorable (1.41e-5)"	"unprognostic (5.81e-2)"	"unprognostic (3.58e-3)"	"unprognostic (6.77e-2)"	"unprognostic (5.06e-2)"	"unprognostic (5.72e-2)"	"potential prognostic unfavorable (3.88e-4)"	"unprognostic (2.35e-1)"	"unprognostic (2.35e-2)"	"unprognostic (1.40e-2)"	"potential prognostic unfavorable (8.08e-4)"	"potential prognostic unfavorable (2.08e-4)"	"unprognostic (9.99e-2)"	"unprognostic (3.49e-1)"	"unprognostic (5.44e-2)"	"potential prognostic favorable (4.21e-4)"	"unprognostic (4.72e-2)"	"unprognostic (1.59e-1)"	"unprognostic (3.52e-1)"	"unprognostic (2.33e-2)"	"unprognostic (1.55e-1)"
P2RX5	"LRH-1, P2X5"	ENSG00000083454	"Purinergic receptor P2X 5"	Q93086	17	3672199-3696240	"Predicted intracellular proteins, Predicted membrane proteins, Transporters"	"Ion transport, Transport"	"Ion channel, Ligand-gated ion channel, Receptor"		"Evidence at protein level"	"Evidence at protein level"	"Evidence at transcript level"	"Evidence at protein level"	"Tissue enhanced"	"Detected in many"		"intestine: 24.0;lymphoid tissue: 77.2"	"Group enriched"	"Detected in some"	4	"B-cells: 114.0;Plasma cells: 35.4"	"Not detected"	"Not detected"			"Low cancer specificity"	"Detected in many"			"Low region specificity"	"Detected in many"			"Group enriched"	"Detected in many"	19	"memory B-cell: 76.8;naive B-cell: 85.6"	"Lineage enriched"	"Detected in many"	20	"B-cells: 85.6"	"Cancer enhanced"	"Detected in many"		"lymphoma: 68.0"	"Breast - Plasma cells, Lung - B-cells (Lung), Minor Salivary Gland - Plasma cells, Spleen - B-cells (Spleen), Thyroid gland - Plasma cells"	"Low region specificity"	"Detected in many"			"Low region specificity"	"Detected in all"			"HPA021948, HPA067827"	Supported		Approved	"Plasma membrane,Cytosol"			NA	NA			"Cluster 34: B-cells - Unknown function"	"Cluster 70: Lymphoid tissue - Immune response"	"Cluster 24: Neurons - Mixed function"	"Cluster 55: Lymphoma - Immune response"	"Cluster 73: B-cells - B-cell function"	1	"Plasma membrane, Cytosol"		"HPA021948: AB_1854878, HPA067827: AB_2685908"	"unprognostic (1.60e-1)"	"unprognostic (7.73e-2)"	"unprognostic (2.65e-3)"		"unprognostic (3.79e-2)"	"unprognostic (1.40e-1)"			"unprognostic (2.40e-1)"						"unprognostic (1.00e-1)"	"unprognostic (3.33e-2)"	"unprognostic (2.18e-1)"	"unprognostic (3.08e-2)"	"unprognostic (3.36e-2)"			"unprognostic (2.42e-1)"	"potential prognostic unfavorable (3.97e-6)"		"unprognostic (2.44e-2)"	"unprognostic (1.82e-2)"		"unprognostic (1.87e-1)"	"unprognostic (9.76e-3)"		
PARM1	"Cipar1, DKFZP564O0823, WSC4"	ENSG00000169116	"Prostate androgen-regulated mucin-like protein 1"	Q6UWI2	4	74933095-75050115	"Predicted membrane proteins"				"Evidence at protein level"	"Evidence at protein level"	"Evidence at protein level"	"Evidence at protein level"	"Low tissue specificity"	"Detected in many"			"Cell type enhanced"	"Detected in many"		"Cardiomyocytes: 188.3;Distal enterocytes: 299.9;Intestinal goblet cells: 102.0"	"Cell type enhanced"	"Detected in many"		"vascular associated smooth muscle cell: 151.9"	"Low cancer specificity"	"Detected in all"			"Low region specificity"	"Detected in all"			"Group enriched"	"Detected in some"	15	"memory B-cell: 8.1;myeloid DC: 4.0;naive B-cell: 5.6"	"Group enriched"	"Detected in many"	16	"B-cells: 8.1;dendritic cells: 4.0"	"Cancer enhanced"	"Detected in many"		"Myeloma: 39.2"	"Adipose visceral - Endothelial cells, Breast - Endothelial cells, Heart muscle - Cardiomyocytes, Kidney - Fibroblasts, Lung - Alveolar cells type 2, Minor Salivary Gland - Minor salivary glandular cells, Skin - Outer root sheath cells, Thyroid gland - Thyroid glandular cells"	"Low region specificity"	"Detected in all"			"Low region specificity"	"Detected in all"			HPA038236	Approved		Approved	Nucleoplasm,Vesicles,Cytosol			NA	NA			"Cluster 23: B-cells - Immunoglobulins"	"Cluster 51: Thyroid gland - Unknown function"	"Cluster 56: Hypothalamus - Neuropeptide signaling"	"Cluster 55: Lymphoma - Immune response"	"Cluster 9: Endometrial stromal cells - Transcription"	1	"Nucleoplasm, Vesicles, Cytosol"		"HPA038236: AB_10675789"	"unprognostic (6.46e-2)"	"unprognostic (3.61e-2)"	"unprognostic (8.43e-2)"	"unprognostic (1.36e-1)"	"unprognostic (2.27e-3)"	"unprognostic (2.59e-2)"	"unprognostic (1.19e-1)"	"potential prognostic favorable (7.62e-5)"	"unprognostic (3.06e-2)"	"unprognostic (4.44e-2)"	"validated prognostic favorable (1.06e-5)"	"validated prognostic favorable (7.22e-4)"	"unprognostic (5.66e-2)"	"unprognostic (2.83e-1)"	"unprognostic (1.39e-1)"	"unprognostic (1.60e-3)"	"unprognostic (1.51e-3)"	"unprognostic (6.80e-2)"	"unprognostic (2.87e-1)"	"unprognostic (8.70e-2)"	"unprognostic (5.14e-2)"	"unprognostic (3.56e-2)"	"unprognostic (2.99e-2)"	"unprognostic (7.42e-2)"	"unprognostic (2.97e-2)"	"unprognostic (6.79e-3)"	"unprognostic (3.70e-1)"	"unprognostic (3.38e-1)"	"unprognostic (2.71e-1)"	"potential prognostic unfavorable (8.11e-4)"	"unprognostic (1.41e-1)"
PAWR	"par-4, PAR4"	ENSG00000177425	"Pro-apoptotic WT1 regulator"	Q96IZ0	12	79574979-79690964	"Predicted intracellular proteins"	"Apoptosis, Transcription, Transcription regulation"			"Evidence at protein level"	"Evidence at protein level"	"Evidence at protein level"	"Evidence at protein level"	"Low tissue specificity"	"Detected in many"			"Low cell type specificity"	"Detected in many"			"Cell type enhanced"	"Detected in many"		"pericyte: 263.1;vascular associated smooth muscle cell: 264.8"	"Low cancer specificity"	"Detected in all"			"Low region specificity"	"Detected in all"			"Group enriched"	"Detected in some"	5	"memory B-cell: 2.7;naive B-cell: 2.8;NK-cell: 1.4"	"Group enriched"	"Detected in many"	5	"B-cells: 2.8;NK-cells: 1.4"	"Low cancer specificity"	"Detected in all"			"Minor Salivary Gland - Minor salivary glandular cells"	"Low region specificity"	"Detected in all"			"Low region specificity"	"Detected in all"			"HPA012640, CAB020779"	Approved		Supported	"Plasma membrane,Actin filaments,Primary cilium tip,Cytosol"			NA	NA			"Cluster 34: B-cells - Unknown function"	"Cluster 62: Connective tissue - ECM organization"	"Cluster 42: Choroid plexus - Mitochondria"	"Cluster 72: Neuronal - Signal transduction"	"Cluster 37: Glandular & Luminal cells - Unknown function"	32	"Actin filaments, Cytosol"	"Plasma membrane, Primary cilium tip"	"CAB020779: , HPA012640: AB_1855748"	"unprognostic (2.06e-1)"	"unprognostic (2.08e-1)"	"unprognostic (1.42e-2)"	"potential prognostic unfavorable (9.65e-4)"	"unprognostic (2.02e-2)"	"unprognostic (6.95e-2)"	"unprognostic (2.95e-2)"	"unprognostic (1.93e-1)"	"unprognostic (1.67e-1)"	"unprognostic (1.36e-1)"	"unprognostic (1.11e-2)"	"potential prognostic favorable (5.02e-4)"	"unprognostic (1.35e-2)"	"unprognostic (8.52e-2)"	"unprognostic (4.50e-2)"	"unprognostic (5.60e-3)"	"unprognostic (3.78e-2)"	"unprognostic (3.15e-2)"	"unprognostic (2.09e-2)"	"unprognostic (9.26e-2)"	"unprognostic (1.01e-2)"	"unprognostic (1.53e-2)"	"unprognostic (3.53e-2)"	"unprognostic (9.66e-2)"	"unprognostic (5.91e-3)"	"unprognostic (2.60e-1)"	"unprognostic (4.30e-1)"	"unprognostic (2.53e-1)"	"unprognostic (3.81e-1)"	"unprognostic (2.91e-2)"	"unprognostic (1.96e-1)"
PDLIM1	"CLIM1, CLP-36, CLP36, hCLIM1"	ENSG00000107438	"PDZ and LIM domain 1"	O00151	10	95237572-95291012	"Plasma proteins, Predicted intracellular proteins"				"Evidence at protein level"	"Evidence at protein level"	"Evidence at protein level"	"Evidence at protein level"	"Tissue enhanced"	"Detected in all"		"skeletal muscle: 651.3"	"Cell type enhanced"	"Detected in many"		"Basal respiratory cells: 703.7;Paneth cells: 692.8;Proximal enterocytes: 1075.1"	"Cell type enhanced"	"Detected in many"		"endothelial cell: 74.5;fibroblast: 57.8;vascular associated smooth muscle cell: 44.2"	"Low cancer specificity"	"Detected in all"			"Low region specificity"	"Detected in all"			"Group enriched"	"Detected in many"	7	"eosinophil: 190.2;memory B-cell: 224.6;naive B-cell: 213.9"	"Group enriched"	"Detected in all"	7	"B-cells: 224.6;granulocytes: 190.2"	"Low cancer specificity"	"Detected in all"			"Lung - Endothelial cells, Pituitary gland - Endothelial cells"	"Low region specificity"	"Detected in all"			"Low region specificity"	"Detected in all"			"HPA017010, CAB072838, CAB072840"	Approved		Supported	"Plasma membrane,Cell Junctions,Actin filaments"			NA	NA		83000000	"Cluster 22: Eosinophils - Transcription"	"Cluster 19: Non-specific - Basic cellular processes"	"Cluster 42: Choroid plexus - Mitochondria"	"Cluster 53: Squamous epithelial cells - Keratinization"	"Cluster 57: Platelets - Hemostasis"	27	"Actin filaments"	"Plasma membrane, Cell Junctions"	"CAB072838: , CAB072840: , HPA017010: AB_1855147"	"unprognostic (2.36e-3)"	"unprognostic (1.59e-1)"	"unprognostic (1.40e-1)"	"unprognostic (9.29e-2)"	"unprognostic (7.60e-2)"	"unprognostic (7.63e-2)"	"unprognostic (1.40e-2)"	"unprognostic (1.07e-2)"	"unprognostic (4.91e-2)"	"unprognostic (1.91e-1)"	"potential prognostic favorable (1.99e-5)"	"unprognostic (1.20e-1)"	"unprognostic (1.67e-2)"	"unprognostic (6.61e-2)"	"unprognostic (2.02e-2)"	"unprognostic (4.22e-1)"	"potential prognostic unfavorable (4.17e-5)"	"unprognostic (1.99e-1)"	"unprognostic (1.22e-2)"	"unprognostic (6.27e-2)"	"unprognostic (6.01e-2)"	"unprognostic (4.88e-2)"	"unprognostic (1.36e-1)"	"unprognostic (5.20e-2)"	"unprognostic (6.39e-2)"	"unprognostic (2.82e-1)"	"unprognostic (4.99e-2)"	"unprognostic (2.72e-2)"	"unprognostic (2.70e-1)"	"unprognostic (4.83e-2)"	"unprognostic (1.84e-2)"
PIK3AP1	"BCAP, FLJ35564"	ENSG00000155629	"Phosphoinositide-3-kinase adaptor protein 1"	Q6ZUJ8	10	96593315-96720514	"Predicted intracellular proteins"				"Evidence at protein level"	"Evidence at protein level"	"Evidence at protein level"	"Evidence at protein level"	"Tissue enhanced"	"Detected in many"		"liver: 80.7;lymphoid tissue: 60.6;salivary gland: 71.6"	"Cell type enhanced"	"Detected in many"		"Hepatocytes: 63.9;Hofbauer cells: 62.8;Kupffer cells: 138.7;Macrophages: 95.5;Microglial cells: 58.2;monocytes: 136.4;Serous glandular cells: 68.9"	"Group enriched"	"Detected in many"	12	"central nervous system macrophage: 313.6;leukocyte: 148.9"	"Low cancer specificity"	"Detected in all"			"Low region specificity"	"Detected in all"			"Group enriched"	"Detected in many"	4	"intermediate monocyte: 44.6;memory B-cell: 48.4;naive B-cell: 44.6;non-classical monocyte: 123.7"	"Group enriched"	"Detected in all"	6	"B-cells: 48.4;monocytes: 123.7"	"Cancer enhanced"	"Detected in many"		"Leukemia: 54.3;lymphoma: 97.4"	"Adipose subcutaneous - Macrophages, Adipose visceral - Macrophages, Adrenal gland - Macrophages, Colon - Macrophages, Heart muscle - Macrophages, Lung - Neutrophil_2, Minor Salivary Gland - Minor salivary glandular cells, Skeletal muscle - Macrophages, Spleen - Macrophages, Stomach - Macrophages, Thyroid gland - Macrophages"	"Low region specificity"	"Detected in many"			"Low region specificity"	"Detected in all"			"CAB026136, HPA038452"	Enhanced		Approved	"Nucleoplasm,Plasma membrane,Cytosol"			No	No			"Cluster 40: Monocytes - Innate immune response"	"Cluster 70: Lymphoid tissue - Immune response"	"Cluster 20: Macrophages & Microglia - Immune response"	"Cluster 71: Lymphoma - Inflammatory response"	"Cluster 29: Monocytes - Innate immune response"	9	"Nucleoplasm, Cytosol"	"Plasma membrane"	"CAB026136: , HPA038452: AB_2676019"	"unprognostic (6.24e-2)"	"unprognostic (2.15e-1)"	"unprognostic (3.45e-1)"	"unprognostic (3.98e-3)"	"unprognostic (2.04e-1)"	"unprognostic (2.07e-1)"	"unprognostic (1.30e-1)"	"unprognostic (1.33e-1)"	"unprognostic (3.22e-2)"	"unprognostic (1.02e-1)"	"unprognostic (3.56e-2)"	"unprognostic (1.19e-1)"	"unprognostic (1.51e-2)"	"unprognostic (1.47e-1)"	"unprognostic (3.36e-3)"	"unprognostic (7.50e-2)"	"unprognostic (1.16e-2)"	"unprognostic (1.97e-1)"	"unprognostic (1.95e-1)"	"unprognostic (1.25e-1)"	"unprognostic (1.76e-1)"	"unprognostic (7.42e-2)"	"unprognostic (9.52e-2)"	"unprognostic (1.16e-1)"	"unprognostic (5.70e-3)"	"unprognostic (2.69e-2)"	"unprognostic (3.15e-1)"	"unprognostic (1.09e-1)"	"unprognostic (1.01e-2)"	"unprognostic (1.35e-1)"	"unprognostic (4.42e-1)"
PKIG		ENSG00000168734	"CAMP-dependent protein kinase inhibitor gamma"	Q9Y2B9	20	44531785-44624247	"Predicted intracellular proteins"		"Protein kinase inhibitor"		"Evidence at protein level"	"Evidence at transcript level"	"Evidence at protein level"	"Evidence at protein level"	"Low tissue specificity"	"Detected in all"			"Cell type enhanced"	"Detected in all"		"Cardiomyocytes: 229.0"	"Low cell type specificity"	"Detected in all"			"Low cancer specificity"	"Detected in all"			"Low region specificity"	"Detected in all"			"Group enriched"	"Detected in many"	11	"memory B-cell: 371.9;naive B-cell: 378.7"	"Lineage enriched"	"Detected in all"	11	"B-cells: 378.7"	"Low cancer specificity"	"Detected in all"			"Minor Salivary Gland - Endothelial cells, Testis - Early spermatids"	"Low region specificity"	"Detected in all"			"Low region specificity"	"Detected in all"			"HPA042703, HPA063690"	Uncertain		Approved	"Nucleoplasm,Vesicles,Plasma membrane,Cytosol"			No	No			"Cluster 18: Non-specific - Translation"	"Cluster 30: Heart muscle - Heart development"	"Cluster 40: Astrocytes - Astrocyte-neuron interactions"	"Cluster 55: Lymphoma - Immune response"	"Cluster 32: Smooth muscle cells - Muscle contraction"	6	"Nucleoplasm, Cytosol"	"Vesicles, Plasma membrane"	"HPA042703: AB_10797018, HPA063690: AB_2685091"	"unprognostic (7.22e-3)"	"unprognostic (2.55e-1)"	"unprognostic (3.39e-2)"	"unprognostic (1.35e-1)"	"unprognostic (1.89e-1)"	"unprognostic (5.21e-2)"	"unprognostic (7.30e-2)"	"unprognostic (3.81e-1)"	"unprognostic (5.89e-2)"	"unprognostic (8.69e-2)"	"validated prognostic favorable (6.07e-6)"	"validated prognostic favorable (1.21e-4)"	"potential prognostic favorable (2.69e-4)"	"unprognostic (4.38e-3)"	"unprognostic (5.40e-2)"	"unprognostic (1.56e-2)"	"unprognostic (1.94e-1)"	"unprognostic (1.02e-3)"	"unprognostic (1.55e-1)"	"unprognostic (1.43e-1)"	"unprognostic (5.04e-3)"	"unprognostic (1.40e-3)"	"unprognostic (2.07e-1)"	"unprognostic (1.27e-1)"	"unprognostic (2.89e-1)"	"unprognostic (1.27e-2)"	"unprognostic (2.06e-1)"	"unprognostic (5.25e-3)"	"unprognostic (2.25e-1)"	"unprognostic (2.16e-1)"	"unprognostic (4.03e-2)"
PLEKHG1	"ARHGEF41, KIAA1209"	ENSG00000120278	"Pleckstrin homology and RhoGEF domain containing G1"	Q9ULL1	6	150599883-150843665	"Predicted intracellular proteins"		"Guanine-nucleotide releasing factor"		"Evidence at protein level"	"Evidence at protein level"	"Evidence at protein level"	"Evidence at protein level"	"Tissue enhanced"	"Detected in all"		"lymphoid tissue: 27.9"	"Group enriched"	"Detected in many"	4	"Adipocytes: 85.5;Astrocytes: 93.5;B-cells: 57.8;Endothelial cells: 58.5;Lymphatic endothelial cells: 58.3;Microglial cells: 125.2;Oligodendrocytes: 156.9"	"Cell type enhanced"	"Detected in all"		"endothelial cell: 640.9;fibroblast: 371.7"	"Low cancer specificity"	"Detected in all"			"Low region specificity"	"Detected in all"			"Group enriched"	"Detected in some"	30	"memory B-cell: 22.9;naive B-cell: 21.7"	"Lineage enriched"	"Detected in single"	31	"B-cells: 22.9"	"Low cancer specificity"	"Detected in many"			"Adipose visceral - Endothelial cells, Adrenal gland - Endothelial cells, Breast - Endothelial cells, Colon - Endothelial cells, Heart muscle - Endothelial cells, Kidney - Endothelial cells, Liver - Vascular Endothelial cells, Lung - Endothelial cells, Pituitary gland - Endothelial cells, Prostate - Endothelial cells, Skeletal muscle - Endothelial cells, Spleen - Endothelial cells, Stomach - Endothelial cells, Testis - Sertoli cells"	"Region enhanced"	"Detected in all"		"thalamus: 51.3"	"Low region specificity"	"Detected in all"			"HPA027128, HPA027319, HPA028270"	Approved		Enhanced	Nucleoplasm			Yes	No			"Cluster 14: Non-specific - Unknown function"	"Cluster 70: Lymphoid tissue - Immune response"	"Cluster 45: Non-specific - Mixed function"	"Cluster 72: Neuronal - Signal transduction"	"Cluster 73: B-cells - B-cell function"	3	Nucleoplasm		"HPA027128: AB_2672124, HPA027319: AB_10600306, HPA028270: AB_10611388"	"unprognostic (9.12e-3)"	"unprognostic (4.12e-2)"	"unprognostic (8.13e-2)"	"unprognostic (1.84e-1)"	"unprognostic (8.34e-2)"	"unprognostic (2.54e-1)"	"unprognostic (1.05e-1)"	"potential prognostic unfavorable (1.51e-4)"	"unprognostic (3.95e-3)"	"unprognostic (1.90e-1)"	"validated prognostic favorable (7.96e-6)"	"validated prognostic favorable (1.67e-5)"	"unprognostic (8.30e-3)"	"unprognostic (2.10e-1)"	"unprognostic (1.12e-2)"	"unprognostic (7.76e-2)"	"unprognostic (7.21e-3)"	"unprognostic (1.17e-1)"	"unprognostic (2.48e-1)"	"unprognostic (7.07e-2)"	"unprognostic (3.38e-1)"	"unprognostic (2.83e-2)"	"unprognostic (1.70e-1)"	"unprognostic (1.62e-1)"	"unprognostic (4.01e-2)"	"unprognostic (1.64e-3)"	"unprognostic (8.45e-2)"	"unprognostic (2.49e-1)"	"unprognostic (9.37e-2)"	"unprognostic (6.44e-2)"	"unprognostic (6.07e-2)"
PLEKHG7	"C12orf74, FLJ46688"	ENSG00000187510	"Pleckstrin homology and RhoGEF domain containing G7"	Q6ZR37	12	92702843-92772455	"Predicted intracellular proteins"				"Evidence at protein level"	"Evidence at transcript level"	"Evidence at protein level"	"Evidence at protein level"	"Tissue enhanced"	"Detected in some"		"epididymis: 1.8;fallopian tube: 2.5"	"Cell type enhanced"	"Detected in some"		"B-cells: 11.1;Basal respiratory cells: 8.3;Ciliated cells: 53.7;Club cells: 12.8;Ionocytes: 21.7"	"Cell type enhanced"	"Detected in some"		"ependymal cell: 1.8;leukocyte: 2.4"	"Low cancer specificity"	"Detected in some"			"Not detected"	"Not detected"			"Group enriched"	"Detected in some"	17	"memory B-cell: 1.8;naive B-cell: 1.6"	"Lineage enriched"	"Detected in single"	19	"B-cells: 1.8"	"Not detected"	"Not detected"			"Lung - Respiratory ciliated cells, Spleen - B-cells (Spleen)"									"HPA047623, HPA060632"	Uncertain		Uncertain	Centrosome			NA	NA			"Cluster 17: B-cells - Immunoglobulins"	"Cluster 53: Non-specific - Glycosylation"		"Cluster 55: Lymphoma - Immune response"	"Cluster 42: Ciliated cells - Cilium assembly"	18	Centrosome		"HPA047623: , HPA060632: AB_2684333"			"potential prognostic favorable (2.17e-4)"			"unprognostic (1.81e-1)"										"unprognostic (7.37e-2)"	"unprognostic (3.11e-1)"	"unprognostic (2.14e-1)"	"unprognostic (2.40e-1)"				"unprognostic (2.90e-1)"			"unprognostic (1.37e-3)"					
PLPP3	"LPP3, PAP-2b, PPAP2B"	ENSG00000162407	"Phospholipid phosphatase 3"	O14495	1	56494761-56645301	"Enzymes, Metabolic proteins, Plasma proteins, Predicted membrane proteins"	"Lipid metabolism"	Hydrolase		"Evidence at protein level"	"Evidence at protein level"	"Evidence at protein level"	"Evidence at protein level"	"Low tissue specificity"	"Detected in all"			"Cell type enhanced"	"Detected in many"		"Astrocytes: 354.8;Fibroblasts: 410.5;Leydig cells: 864.7;Peritubular cells: 305.9"	"Cell type enhanced"	"Detected in all"		"astrocyte: 313.9;bergmann glia: 310.9"	"Cancer enhanced"	"Detected in all"		"Thyroid Carcinoma (TCGA): 405.4"	"Low region specificity"	"Detected in all"			"Group enriched"	"Detected in some"	6	"memory B-cell: 2.4;naive B-cell: 2.3"	"Lineage enriched"	"Detected in single"	6	"B-cells: 2.4"	"Cancer enhanced"	"Detected in many"		"thyroid cancer: 65.5"	"Kidney - Endothelial cells, Prostate - Fibroblasts, Skin - Fibroblast_2, Thyroid gland - Thyroid glandular cells"	"Low region specificity"	"Detected in all"			"Low region specificity"	"Detected in all"			HPA072751	Approved		Supported	"Golgi apparatus,Mid piece,Principal piece"			NA	Yes			"Cluster 23: B-cells - Immunoglobulins"	"Cluster 62: Connective tissue - ECM organization"	"Cluster 39: Astrocytes - Mixed function"	"Cluster 64: Connective tissue cells - ECM organization"	"Cluster 53: Fibroblasts - ECM organization"	7	"Golgi apparatus"	"Mid piece, Principal piece"	"HPA072751: AB_2686555"	"unprognostic (1.22e-2)"	"unprognostic (8.74e-2)"		"unprognostic (9.95e-2)"	"unprognostic (1.81e-1)"	"unprognostic (5.20e-3)"	"unprognostic (1.46e-1)"	"unprognostic (1.28e-2)"	"unprognostic (2.81e-3)"	"unprognostic (1.48e-1)"	"validated prognostic favorable (3.94e-13)"	"validated prognostic favorable (5.01e-7)"	"unprognostic (3.43e-1)"	"unprognostic (1.91e-2)"		"unprognostic (8.13e-2)"	"unprognostic (2.38e-2)"	"unprognostic (1.29e-1)"	"unprognostic (8.05e-2)"	"unprognostic (2.24e-2)"	"unprognostic (5.66e-3)"	"unprognostic (5.63e-2)"	"unprognostic (1.87e-2)"	"unprognostic (2.20e-1)"	"unprognostic (1.26e-2)"	"unprognostic (3.84e-2)"	"unprognostic (1.58e-1)"	"unprognostic (1.40e-2)"	"unprognostic (1.55e-1)"	"unprognostic (7.51e-2)"	"unprognostic (3.93e-1)"
PLPP5	"DPPL1, HTPAP, PPAPDC1B"	ENSG00000147535	"Phospholipid phosphatase 5"	Q8NEB5	8	38263130-38269243	"Enzymes, Metabolic proteins, Predicted membrane proteins"	"Lipid metabolism"	Hydrolase	"Tumor suppressor"	"Evidence at protein level"	"Evidence at transcript level"	"Evidence at protein level"	"Evidence at protein level"	"Low tissue specificity"	"Detected in all"			"Cell type enhanced"	"Detected in all"		"Plasma cells: 288.3;Prostatic glandular cells: 182.3;Serous glandular cells: 193.7"	"Cell type enhanced"	"Detected in all"		"choroid plexus epithelial cell: 82.8"	"Low cancer specificity"	"Detected in all"			"Low region specificity"	"Detected in all"			"Group enriched"	"Detected in all"	8	"basophil: 80.7;memory B-cell: 212.7;naive B-cell: 307.0"	"Group enriched"	"Detected in all"	7	"B-cells: 307.0;granulocytes: 80.7"	"Low cancer specificity"	"Detected in all"			"Minor Salivary Gland - Minor salivary glandular cells, Prostate - Prostate glandular cells, Stomach - Chief cells"	"Low region specificity"	"Detected in all"			"Low region specificity"	"Detected in all"			HPA055777			Approved	Vesicles			NA	NA			"Cluster 32: Basophils - Transcription"	"Cluster 68: Non-specific - Protein processing"	"Cluster 23: Choroid plexus - Mixed function"	"Cluster 63: Non-specific - Protein processing"	"Cluster 77: Plasma cells - Protein processing"	1	Vesicles		"HPA055777: AB_2682915"	"unprognostic (2.57e-2)"	"unprognostic (2.06e-3)"		"unprognostic (1.56e-1)"	"unprognostic (4.84e-1)"	"unprognostic (2.77e-2)"	"potential prognostic unfavorable (1.83e-4)"	"unprognostic (8.44e-2)"	"unprognostic (2.84e-2)"	"unprognostic (1.45e-1)"	"unprognostic (2.13e-2)"	"unprognostic (1.24e-2)"	"potential prognostic unfavorable (3.26e-4)"	"unprognostic (1.98e-2)"		"unprognostic (1.85e-1)"	"unprognostic (6.70e-2)"	"unprognostic (1.29e-2)"	"unprognostic (5.59e-3)"	"unprognostic (1.29e-2)"	"unprognostic (1.93e-1)"	"unprognostic (7.05e-2)"	"unprognostic (2.72e-2)"	"unprognostic (4.19e-2)"	"unprognostic (1.43e-1)"	"unprognostic (1.85e-1)"	"unprognostic (1.04e-1)"	"unprognostic (2.50e-1)"	"unprognostic (1.47e-1)"	"unprognostic (2.19e-2)"	"unprognostic (2.46e-1)"
PMEPA1	"STAG1, TMEPAI"	ENSG00000124225	"Prostate transmembrane protein, androgen induced 1"	Q969W9	20	57648392-57711536	"Cancer-related genes, Predicted intracellular proteins, Predicted membrane proteins"	"Ubl conjugation pathway"	"Signal transduction inhibitor"	"Cancer-related genes"	"Evidence at protein level"	"Evidence at protein level"	"Evidence at protein level"	"Evidence at protein level"	"Tissue enhanced"	"Detected in all"		"prostate: 106.0"	"Cell type enhanced"	"Detected in many"		"Alveolar cells type 1: 287.9;dendritic cells: 258.7;Ductal cells: 322.4;Muller glia cells: 312.7;Prostatic glandular cells: 636.7"	"Cell type enhanced"	"Detected in all"		"pericyte: 206.7"	"Cancer enhanced"	"Detected in all"		"Prostate Adenocarcinoma (TCGA): 277.4"	"Low region specificity"	"Detected in all"			"Group enriched"	"Detected in some"	6	"naive B-cell: 6.3;plasmacytoid DC: 23.9"	"Group enriched"	"Detected in many"	8	"B-cells: 6.3;dendritic cells: 23.9"	"Low cancer specificity"	"Detected in all"			"Colon - Enteric glia cells, Prostate - Prostate glandular cells, Thyroid gland - Fibroblasts"	"Low region specificity"	"Detected in all"			"Low region specificity"	"Detected in all"			HPA072291			Supported	Vesicles	"Intracellular and membrane"	Other	NA	NA			"Cluster 13: Non-specific - Mitochondria"	"Cluster 34: Non-specific - Mixed function"	"Cluster 19: Astrocytes - Mixed function"	"Cluster 15: Kidney cancer - Membrane components"	"Cluster 45: Non-specific - Mixed function"	7	Vesicles		"HPA072291: AB_2686509"	"unprognostic (1.07e-1)"	"unprognostic (2.69e-2)"	"unprognostic (4.21e-2)"	"potential prognostic unfavorable (3.40e-6)"	"unprognostic (1.80e-1)"	"unprognostic (4.07e-1)"	"unprognostic (3.73e-2)"	"unprognostic (5.82e-3)"	"unprognostic (2.25e-2)"	"unprognostic (1.01e-2)"	"unprognostic (7.48e-2)"	"potential prognostic favorable (9.65e-4)"	"unprognostic (7.51e-3)"	"unprognostic (8.28e-2)"	"unprognostic (7.85e-2)"	"validated prognostic unfavorable (3.37e-5)"	"validated prognostic unfavorable (1.03e-4)"	"unprognostic (3.18e-3)"	"unprognostic (3.58e-2)"	"unprognostic (1.81e-2)"	"potential prognostic unfavorable (9.37e-4)"	"unprognostic (7.48e-3)"	"unprognostic (4.58e-2)"	"unprognostic (1.81e-1)"	"unprognostic (2.56e-1)"	"unprognostic (3.04e-3)"	"unprognostic (1.71e-1)"	"unprognostic (1.91e-1)"	"unprognostic (8.30e-2)"	"unprognostic (1.49e-1)"	"unprognostic (2.05e-1)"
POF1B	"FLJ22792, POF"	ENSG00000124429	"POF1B actin binding protein"	Q8WVV4	X	85277396-85379717	"Disease related genes, Human disease related genes, Predicted intracellular proteins"		Actin-binding	"Disease variant, Premature ovarian failure"	"Evidence at protein level"	"Evidence at protein level"	"Evidence at protein level"	"Evidence at protein level"	"Tissue enhanced"	"Detected in many"		"intestine: 52.5;skin 1: 120.7"	"Cell type enhanced"	"Detected in many"		"Distal enterocytes: 130.2;Gastric mucus-secreting cells: 45.4;Intestinal goblet cells: 64.9;Paneth cells: 58.6;Proximal enterocytes: 60.3;Squamous epithelial cells: 40.3;Suprabasal keratinocytes: 66.8"	"Low cell type specificity"	"Detected in some"			"Cancer enhanced"	"Detected in many"		"Colon Adenocarcinoma (TCGA): 65.6;Rectum Adenocarcinoma (TCGA): 71.1"	"Low region specificity"	"Detected in all"			"Group enriched"	"Detected in some"	6	"memory B-cell: 2.9;naive B-cell: 2.2"	"Lineage enriched"	"Detected in single"	7	"B-cells: 2.9"	"Cancer enhanced"	"Detected in many"		"colorectal cancer: 60.1;Gastric cancer: 41.4"	"Adipose subcutaneous - Smooth muscle cells, Colon - Colon enterocytes, Liver - Cholangiocyte, Stomach - Gastric mucous cells"	"Not detected"	"Not detected"			"Not detected"	"Not detected"			"HPA002033, HPA050027"	Approved		Supported	"Nucleoplasm,Golgi apparatus"			NA	NA		670000	"Cluster 14: Non-specific - Unknown function"	"Cluster 13: Skin - Cornification"	"Cluster 10: Cerebellum - Nucleic acid binding"	"Cluster 57: Stomach & Colon cancer - Digestion"	"Cluster 59: Suprabasal keratinocytes - Cornification"	1	"Golgi apparatus"	Nucleoplasm	"HPA002033: AB_1079650, HPA050027: "	"unprognostic (2.17e-2)"	"unprognostic (2.11e-1)"	"unprognostic (2.13e-1)"	"unprognostic (1.31e-1)"	"unprognostic (1.54e-2)"	"unprognostic (1.69e-2)"			"unprognostic (1.14e-1)"		"unprognostic (8.62e-2)"	"unprognostic (3.78e-1)"	"unprognostic (1.30e-2)"	"potential prognostic unfavorable (7.56e-5)"	"unprognostic (7.00e-2)"	"unprognostic (1.61e-1)"	"unprognostic (4.16e-2)"	"unprognostic (5.03e-2)"	"unprognostic (1.94e-1)"	"unprognostic (4.59e-2)"	"unprognostic (2.78e-1)"	"unprognostic (3.55e-3)"	"potential prognostic favorable (8.87e-4)"	"unprognostic (1.71e-1)"	"unprognostic (7.89e-3)"	"unprognostic (1.21e-1)"	"unprognostic (1.25e-1)"	"unprognostic (9.43e-3)"	"unprognostic (1.58e-1)"		"unprognostic (7.53e-2)"
PPP1R14A	"CPI-17, PPP1INL"	ENSG00000167641	"Protein phosphatase 1 regulatory inhibitor subunit 14A"	Q96A00	19	38251237-38256532	"Plasma proteins, Predicted intracellular proteins"		"Protein phosphatase inhibitor"		"Evidence at protein level"	"Evidence at protein level"	"Evidence at protein level"	"Evidence at protein level"	"Tissue enhanced"	"Detected in many"		"brain: 576.8;intestine: 435.2"	"Cell type enhanced"	"Detected in many"		"Adipocytes: 298.4;Breast myoepithelial cells: 245.6;Endometrial stromal cells: 253.9;Granulosa cells: 227.9;Leydig cells: 329.1;Ovarian stromal cells: 340.7;Peritubular cells: 629.2;Sertoli cells: 543.9;Smooth muscle cells: 697.9"	"Cell type enhanced"	"Detected in all"		"oligodendrocyte: 601.6;vascular associated smooth muscle cell: 285.7"	"Low cancer specificity"	"Detected in all"			"Low region specificity"	"Detected in all"			"Group enriched"	"Detected in many"	6	"memory B-cell: 300.8;naive B-cell: 285.6;plasmacytoid DC: 247.5"	"Group enriched"	"Detected in many"	24	"B-cells: 300.8;dendritic cells: 247.5"	"Cancer enhanced"	"Detected in many"		"Rhabdoid: 99.5"	"Colon - Smooth muscle cells, Lung - Smooth muscle cells, Minor Salivary Gland - Smooth muscle cells, Prostate - Smooth muscle cells, Skeletal muscle - Smooth muscle cells, Spleen - Fibroblast_1, Spleen - Fibroblast_2, Thyroid gland - Smooth muscle cells"	"Low region specificity"	"Detected in all"			"Low region specificity"	"Detected in all"			"CAB005044, CAB009803, HPA042097, HPA054534"	Enhanced		Supported	"Nucleoplasm,Nuclear bodies"			NA	NA		630000	"Cluster 23: B-cells - Immunoglobulins"	"Cluster 34: Non-specific - Mixed function"	"Cluster 11: White matter - Signal transduction"	"Cluster 64: Connective tissue cells - ECM organization"	"Cluster 32: Smooth muscle cells - Muscle contraction"	7	Nucleoplasm	"Nuclear bodies"	"CAB005044: AB_562091, CAB009803: AB_2168720, HPA042097: AB_2677846, HPA054534: AB_2682518"	"unprognostic (7.26e-2)"	"unprognostic (1.30e-2)"	"unprognostic (7.60e-2)"	"unprognostic (4.88e-3)"	"unprognostic (7.63e-2)"	"unprognostic (1.03e-2)"	"unprognostic (1.76e-1)"	"unprognostic (2.65e-1)"	"unprognostic (2.44e-2)"	"unprognostic (2.15e-1)"	"unprognostic (8.90e-2)"	"potential prognostic favorable (5.16e-4)"	"potential prognostic unfavorable (9.52e-4)"	"unprognostic (2.83e-3)"	"unprognostic (8.60e-3)"	"unprognostic (1.17e-1)"	"unprognostic (2.80e-1)"	"unprognostic (3.74e-2)"	"unprognostic (8.50e-3)"	"unprognostic (2.35e-1)"	"unprognostic (8.67e-2)"	"unprognostic (2.44e-1)"	"unprognostic (8.96e-3)"	"unprognostic (5.93e-2)"	"unprognostic (7.62e-2)"	"unprognostic (4.84e-2)"	"unprognostic (1.64e-1)"	"unprognostic (2.44e-3)"	"unprognostic (3.74e-1)"	"unprognostic (3.47e-2)"	"unprognostic (2.84e-1)"
PTPRK	R-PTP-kappa	ENSG00000152894	"Protein tyrosine phosphatase receptor type K"	Q15262	6	127968785-128520616	"Cancer-related genes, Enzymes, Plasma proteins, Predicted intracellular proteins, Predicted membrane proteins"		"Hydrolase, Protein phosphatase, Receptor"	"Cancer-related genes"	"Evidence at protein level"	"Evidence at protein level"	"Evidence at protein level"	"Evidence at protein level"	"Low tissue specificity"	"Detected in many"			"Cell type enhanced"	"Detected in many"		"Excitatory neurons: 861.9;Oligodendrocyte precursor cells: 293.8;Oligodendrocytes: 1189.5"	"Cell type enhanced"	"Detected in all"		"pericyte: 3521.5"	"Low cancer specificity"	"Detected in all"			"Low region specificity"	"Detected in all"			"Group enriched"	"Detected in some"	6	"memory B-cell: 1.6;naive B-cell: 2.9"	"Lineage enriched"	"Detected in single"	7	"B-cells: 2.9"	"Low cancer specificity"	"Detected in all"			"Adrenal gland - Adrenal cortex cells, Liver - Hepatocytes, Minor Salivary Gland - Minor salivary glandular cells"	"Low region specificity"	"Detected in all"			"Low region specificity"	"Detected in all"			"HPA054056, HPA054822"	Uncertain		Supported	"Vesicles,Plasma membrane,Cell Junctions,Connecting piece,Flagellar centriole"			NA	NA		10000000	"Cluster 18: Non-specific - Translation"	"Cluster 45: Intestine - Digestion"	"Cluster 11: White matter - Signal transduction"	"Cluster 53: Squamous epithelial cells - Keratinization"	"Cluster 34: Neurons - Neuronal signaling"	9	"Cell Junctions"	"Vesicles, Plasma membrane, Connecting piece, Flagellar centriole"	"HPA054056: AB_2682359, HPA054822: AB_2682614"	"unprognostic (7.09e-2)"	"unprognostic (2.33e-1)"	"unprognostic (2.49e-1)"	"unprognostic (3.10e-2)"	"unprognostic (4.87e-3)"	"unprognostic (2.23e-2)"	"unprognostic (1.07e-1)"	"unprognostic (2.14e-2)"	"unprognostic (8.02e-2)"	"unprognostic (6.36e-2)"	"validated prognostic favorable (5.57e-9)"	"validated prognostic favorable (9.10e-5)"	"unprognostic (2.55e-1)"	"unprognostic (5.64e-1)"	"unprognostic (5.82e-3)"	"unprognostic (1.23e-1)"	"unprognostic (1.68e-2)"	"unprognostic (9.56e-2)"	"unprognostic (5.09e-2)"	"unprognostic (7.76e-3)"	"unprognostic (1.15e-3)"	"potential prognostic unfavorable (3.10e-4)"	"unprognostic (1.49e-1)"	"unprognostic (3.71e-1)"	"unprognostic (2.81e-3)"	"unprognostic (2.99e-1)"	"unprognostic (9.52e-2)"	"unprognostic (9.47e-2)"	"unprognostic (1.78e-1)"	"unprognostic (2.58e-1)"	"unprognostic (8.51e-3)"
QRSL1	"DKFZP564C1278, FLJ10989, FLJ12189, FLJ13447, GatA"	ENSG00000130348	"Glutaminyl-tRNA amidotransferase subunit QRSL1"	Q9H0R6	6	106629578-106668417	"Disease related genes, Enzymes, Human disease related genes, Potential drug targets, Predicted intracellular proteins"	"Protein biosynthesis"	Ligase	"Disease variant, Primary mitochondrial disease"	"Evidence at protein level"	"Evidence at transcript level"	"Evidence at protein level"	"Evidence at protein level"	"Low tissue specificity"	"Detected in all"			"Cell type enhanced"	"Detected in all"		"B-cells: 67.6"	"Low cell type specificity"	"Detected in all"			"Low cancer specificity"	"Detected in all"			"Low region specificity"	"Detected in all"			"Group enriched"	"Detected in all"	6	"memory B-cell: 86.6;naive B-cell: 71.2"	"Lineage enriched"	"Detected in all"	7	"B-cells: 86.6"	"Low cancer specificity"	"Detected in all"			"Spleen - B-cells (Spleen), Testis - Early spermatids"	"Low region specificity"	"Detected in all"			"Low region specificity"	"Detected in all"			"HPA029585, HPA029587"	Approved		Approved	Vesicles,Centrosome			NA	NA			"Cluster 23: B-cells - Immunoglobulins"	"Cluster 35: Non-specific - Mitochondria"	"Cluster 28: Oligodendrocytes - Mixed function"	"Cluster 27: Breast cancer - Unknown function"	"Cluster 73: B-cells - B-cell function"	52	Vesicles	Centrosome	"HPA029585: AB_10599823, HPA029587: AB_10602311"	"unprognostic (1.47e-1)"	"unprognostic (1.01e-3)"	"unprognostic (7.63e-2)"	"unprognostic (1.08e-1)"	"unprognostic (2.94e-2)"	"potential prognostic favorable (5.74e-4)"	"unprognostic (2.11e-2)"	"unprognostic (5.60e-2)"	"unprognostic (1.59e-1)"	"unprognostic (1.47e-1)"	"potential prognostic favorable (1.01e-6)"	"unprognostic (1.08e-2)"	"unprognostic (2.27e-3)"	"potential prognostic unfavorable (1.50e-4)"	"unprognostic (3.62e-3)"	"unprognostic (1.34e-1)"	"unprognostic (2.13e-1)"	"unprognostic (1.10e-1)"	"unprognostic (1.07e-1)"	"unprognostic (1.76e-1)"	"unprognostic (4.98e-3)"	"unprognostic (1.44e-1)"	"unprognostic (3.78e-3)"	"unprognostic (1.56e-1)"	"unprognostic (2.79e-3)"	"unprognostic (5.04e-2)"	"unprognostic (2.02e-1)"	"unprognostic (2.35e-1)"	"unprognostic (2.58e-1)"	"unprognostic (1.58e-1)"	"unprognostic (2.53e-1)"
RAB30		ENSG00000137502	"RAB30, member RAS oncogene family"	Q15771	11	82973133-83071923	"Predicted intracellular proteins"				"Evidence at protein level"	"Evidence at protein level"	"Evidence at protein level"	"Evidence at protein level"	"Low tissue specificity"	"Detected in all"			"Cell type enhanced"	"Detected in many"		"Astrocytes: 83.3;Inhibitory neurons: 75.0;Oligodendrocyte precursor cells: 75.5;Oligodendrocytes: 226.3;Plasma cells: 217.0"	"Cell type enhanced"	"Detected in all"		"oligodendrocyte: 200.9"	"Cancer enhanced"	"Detected in all"		"Breast Invasive Carcinoma (TCGA): 25.4"	"Low region specificity"	"Detected in all"			"Group enriched"	"Detected in many"	5	"memory B-cell: 54.7;naive B-cell: 55.3"	"Lineage enriched"	"Detected in many"	5	"B-cells: 55.3"	"Cancer enhanced"	"Detected in all"		"lymphoma: 45.4"	"Adrenal gland - Adrenal cortex cells"	"Low region specificity"	"Detected in all"			"Low region specificity"	"Detected in all"			"HPA054514, HPA060565"	Approved		Enhanced	Vesicles			NA	NA			"Cluster 14: Non-specific - Unknown function"	"Cluster 70: Lymphoid tissue - Immune response"	"Cluster 28: Oligodendrocytes - Mixed function"	"Cluster 55: Lymphoma - Immune response"	"Cluster 77: Plasma cells - Protein processing"	2	Vesicles		"HPA054514: AB_2682512, HPA060565: AB_2684320"	"unprognostic (1.63e-1)"	"unprognostic (1.96e-1)"	"unprognostic (1.54e-1)"	"unprognostic (1.97e-1)"	"unprognostic (6.83e-2)"	"unprognostic (4.05e-2)"	"unprognostic (1.01e-1)"	"unprognostic (1.04e-1)"	"unprognostic (4.54e-2)"	"potential prognostic unfavorable (7.45e-4)"	"unprognostic (3.14e-3)"	"unprognostic (5.46e-2)"	"unprognostic (5.09e-2)"	"unprognostic (5.92e-2)"	"unprognostic (1.25e-2)"	"unprognostic (1.90e-3)"	"unprognostic (5.29e-2)"	"unprognostic (5.57e-2)"	"unprognostic (1.19e-1)"	"unprognostic (9.74e-3)"	"unprognostic (1.50e-2)"	"unprognostic (4.77e-2)"	"unprognostic (3.08e-1)"	"unprognostic (2.37e-1)"	"unprognostic (2.05e-1)"	"unprognostic (5.12e-2)"	"unprognostic (1.46e-1)"	"unprognostic (2.34e-1)"	"unprognostic (8.96e-2)"	"unprognostic (3.19e-1)"	"unprognostic (3.22e-1)"
RALGPS2	"FLJ10244, FLJ25604, KIAA0351"	ENSG00000116191	"Ral GEF with PH domain and SH3 binding motif 2"	Q86X27	1	178725165-178921842	"Disease related genes, Predicted intracellular proteins"		"Guanine-nucleotide releasing factor"	"Alzheimer disease"	"Evidence at protein level"	"Evidence at protein level"	"Evidence at protein level"	"Evidence at protein level"	"Tissue enhanced"	"Detected in all"		"lymphoid tissue: 50.7;retina: 52.1;testis: 69.6"	"Cell type enhanced"	"Detected in all"		"B-cells: 269.6;Late spermatids: 183.5;Rod photoreceptor cells: 407.7"	"Low cell type specificity"	"Detected in all"			"Low cancer specificity"	"Detected in all"			"Low region specificity"	"Detected in all"			"Group enriched"	"Detected in some"	10	"memory B-cell: 29.0;naive B-cell: 23.9"	"Lineage enriched"	"Detected in many"	11	"B-cells: 29.0"	"Low cancer specificity"	"Detected in all"			"Colon - Enteric glia cells, Liver - Hepatocytes, Spleen - B-cells (Spleen), Testis - Early spermatids"	"Low region specificity"	"Detected in all"			"Low region specificity"	"Detected in all"			"HPA027143, HPA028328"	Enhanced		Uncertain	Nucleoplasm,Cytosol			NA	NA			"Cluster 14: Non-specific - Unknown function"	"Cluster 16: Non-specific - Transcription"	"Cluster 29: Forebrain - Mixed function"	"Cluster 46: Lymphoma - Humoral immune response"	"Cluster 73: B-cells - B-cell function"	23	"Nucleoplasm, Cytosol"		"HPA027143: AB_10602071, HPA028328: AB_10601889"	"unprognostic (4.05e-2)"	"unprognostic (2.78e-2)"	"unprognostic (1.60e-1)"	"unprognostic (3.55e-3)"	"unprognostic (7.06e-3)"	"unprognostic (2.78e-1)"	"unprognostic (1.78e-1)"	"unprognostic (2.35e-2)"	"unprognostic (4.37e-2)"	"unprognostic (2.09e-1)"	"unprognostic (1.45e-2)"	"unprognostic (9.74e-2)"	"unprognostic (8.56e-3)"	"unprognostic (1.06e-1)"	"unprognostic (2.38e-1)"	"unprognostic (2.35e-3)"	"unprognostic (8.96e-3)"	"unprognostic (2.77e-1)"	"unprognostic (7.93e-2)"	"unprognostic (1.47e-1)"	"unprognostic (1.71e-2)"	"unprognostic (5.81e-2)"	"potential prognostic unfavorable (9.29e-4)"	"unprognostic (5.85e-2)"	"unprognostic (2.24e-2)"	"unprognostic (1.52e-1)"	"unprognostic (6.97e-2)"	"unprognostic (1.87e-1)"	"unprognostic (1.15e-1)"	"unprognostic (2.76e-2)"	"unprognostic (2.21e-2)"
RASGEF1B	"FLJ31695, GPIG4"	ENSG00000138670	"RasGEF domain family member 1B"	Q0VAM2	4	81426393-82044244	"Predicted intracellular proteins, Predicted membrane proteins"		"Guanine-nucleotide releasing factor"		"Evidence at protein level"	"Evidence at protein level"	"Evidence at protein level"	"Evidence at protein level"	"Tissue enhanced"	"Detected in all"		"liver: 40.5"	"Cell type enhanced"	"Detected in many"		"granulocytes: 220.6;Langerhans cells: 321.3;Macrophages: 187.0;monocytes: 520.6"	"Group enriched"	"Detected in all"	4	"cerebellar inhibitory: 446.0;committed oligodendrocyte precursor: 1111.9;lower rhombic lip: 1106.4"	"Low cancer specificity"	"Detected in all"			"Low region specificity"	"Detected in all"			"Group enriched"	"Detected in many"	4	"intermediate monocyte: 11.9;memory B-cell: 9.7;naive B-cell: 12.4;non-classical monocyte: 20.7;plasmacytoid DC: 27.9"	"Group enriched"	"Detected in all"	5	"B-cells: 12.4;dendritic cells: 27.9;monocytes: 20.7"	"Low cancer specificity"	"Detected in many"				"Low region specificity"	"Detected in all"			"Low region specificity"	"Detected in all"			HPA044574	Uncertain		Approved	Nucleoplasm,Vesicles			NA	NA			"Cluster 8: Plasmacytoid DCs - Unknown function"	"Cluster 77: Bone marrow - Cell proliferation"	"Cluster 49: Hindbrain - Mixed function"	"Cluster 1: Neuronal - Visual perception"	"Cluster 29: Monocytes - Innate immune response"		Nucleoplasm	Vesicles	"HPA044574: AB_10794292"	"unprognostic (1.05e-1)"	"unprognostic (2.80e-1)"	"unprognostic (3.10e-1)"	"unprognostic (1.91e-2)"	"unprognostic (6.46e-2)"	"unprognostic (1.10e-2)"	"unprognostic (2.44e-1)"	"unprognostic (2.79e-2)"	"potential prognostic favorable (9.14e-4)"	"unprognostic (1.97e-1)"	"potential prognostic favorable (1.70e-7)"	"unprognostic (5.04e-3)"	"potential prognostic favorable (8.92e-7)"	"unprognostic (9.87e-2)"	"potential prognostic favorable (7.96e-4)"	"unprognostic (1.46e-1)"	"unprognostic (2.90e-2)"	"unprognostic (1.11e-1)"	"unprognostic (2.96e-1)"	"unprognostic (1.98e-1)"	"unprognostic (3.24e-1)"	"unprognostic (2.88e-2)"	"unprognostic (8.45e-2)"	"unprognostic (5.10e-2)"	"unprognostic (2.09e-1)"	"unprognostic (1.83e-1)"	"unprognostic (3.23e-1)"	"unprognostic (5.06e-2)"	"unprognostic (5.21e-2)"	"unprognostic (2.51e-2)"	"unprognostic (5.06e-2)"
RASGRP3	"CalDAG-GEFIII, GRP3, KIAA0846"	ENSG00000152689	"RAS guanyl releasing protein 3"	Q8IV61	2	33436324-33564750	"Predicted intracellular proteins, RAS pathway related proteins"		"Guanine-nucleotide releasing factor"		"Evidence at protein level"	"Evidence at transcript level"	"Evidence at protein level"	"Evidence at protein level"	"Tissue enhanced"	"Detected in many"		"brain: 45.6;skeletal muscle: 40.4"	"Cell type enhanced"	"Detected in many"		"Cardiomyocytes: 56.4;Exocrine glandular cells: 72.2;Lymphatic endothelial cells: 103.4;Oligodendrocytes: 173.6;Plasma cells: 66.8"	"Cell type enhanced"	"Detected in all"		"endothelial cell: 236.8;oligodendrocyte: 343.0"	"Low cancer specificity"	"Detected in all"			"Low region specificity"	"Detected in all"			"Group enriched"	"Detected in some"	17	"basophil: 13.4;memory B-cell: 12.3;naive B-cell: 15.1"	"Group enriched"	"Detected in many"	18	"B-cells: 15.1;granulocytes: 13.4"	"Group enriched"	"Detected in many"	6	"lymphoma: 53.5;Myeloma: 43.2"	"Adipose visceral - Endothelial cells, Adrenal gland - Endothelial cells, Kidney - Endothelial cells, Skeletal muscle - Skeletal myocytes"	"Low region specificity"	"Detected in all"			"Low region specificity"	"Detected in all"			HPA039136			Approved	"Golgi apparatus,Cytosol"			NA	NA			"Cluster 32: Basophils - Transcription"	"Cluster 54: Non-specific - Basic cellular processes"	"Cluster 11: White matter - Signal transduction"	"Cluster 46: Lymphoma - Humoral immune response"	"Cluster 54: Lymphatic endothelial cells - Lymph vessel development"	5	Cytosol	"Golgi apparatus"	"HPA039136: "	"unprognostic (2.00e-2)"	"unprognostic (3.67e-1)"	"unprognostic (5.21e-3)"	"unprognostic (3.05e-1)"	"unprognostic (2.43e-2)"	"unprognostic (2.77e-1)"	"unprognostic (7.00e-2)"	"unprognostic (2.41e-1)"	"potential prognostic favorable (6.07e-4)"	"unprognostic (1.63e-1)"	"validated prognostic favorable (4.91e-9)"	"validated prognostic favorable (2.37e-6)"	"unprognostic (6.53e-2)"	"unprognostic (9.51e-2)"	"unprognostic (2.24e-3)"	"unprognostic (4.09e-2)"	"unprognostic (2.96e-1)"	"unprognostic (4.92e-2)"	"unprognostic (6.20e-3)"	"unprognostic (2.91e-2)"	"unprognostic (2.11e-1)"	"unprognostic (3.27e-1)"	"unprognostic (3.69e-3)"	"unprognostic (1.75e-1)"	"unprognostic (6.37e-2)"	"unprognostic (4.27e-2)"	"unprognostic (4.12e-2)"	"unprognostic (5.60e-3)"	"unprognostic (9.76e-2)"	"unprognostic (1.13e-1)"	"unprognostic (1.54e-2)"
RHOQ	"ARHQ, RASL7A, TC10"	ENSG00000119729	"Ras homolog family member Q"	P17081	2	46541806-46584688	"Predicted intracellular proteins"				"Evidence at protein level"	"Evidence at transcript level"	"Evidence at protein level"	"Evidence at protein level"	"Low tissue specificity"	"Detected in all"			"Cell type enhanced"	"Detected in many"		"Cardiomyocytes: 275.2;monocytes: 275.6"	"Cell type enhanced"	"Detected in all"		"central nervous system macrophage: 244.9"	"Low cancer specificity"	"Detected in all"			"Low region specificity"	"Detected in all"			"Group enriched"	"Detected in many"	4	"basophil: 1.5;classical monocyte: 2.5;eosinophil: 4.2;intermediate monocyte: 2.7;memory B-cell: 1.8;myeloid DC: 1.6;naive B-cell: 2.4;neutrophil: 4.9;non-classical monocyte: 2.0"	"Low lineage specificity"	"Detected in many"			"Low cancer specificity"	"Detected in all"			"Adipose subcutaneous - Adipocytes (Subcutaneous), Skin - Endothelial cells"	"Low region specificity"	"Detected in all"			"Low region specificity"	"Detected in all"			HPA044938			Approved	Vesicles,Cytosol			No	No			"Cluster 2: Dendritic cells - Unknown function"	"Cluster 12: Heart muscle - Cardiac muscle contraction"	"Cluster 19: Astrocytes - Mixed function"	"Cluster 9: Skin cancer - Melanin biosynthesis"	"Cluster 29: Monocytes - Innate immune response"	13	"Vesicles, Cytosol"		"HPA044938: AB_2679149"	"unprognostic (1.89e-1)"	"unprognostic (1.64e-1)"	"unprognostic (1.51e-2)"	"unprognostic (9.79e-2)"	"unprognostic (5.59e-2)"	"unprognostic (1.76e-1)"	"unprognostic (2.19e-2)"	"unprognostic (6.42e-3)"	"unprognostic (1.98e-2)"	"unprognostic (1.72e-2)"	"potential prognostic unfavorable (5.53e-4)"	"unprognostic (1.29e-2)"	"unprognostic (5.03e-1)"	"potential prognostic unfavorable (1.55e-4)"	"unprognostic (4.29e-2)"	"unprognostic (8.98e-2)"	"unprognostic (2.35e-1)"	"unprognostic (7.87e-2)"	"unprognostic (2.33e-1)"	"unprognostic (1.29e-1)"	"unprognostic (4.57e-1)"	"unprognostic (2.09e-1)"	"unprognostic (6.28e-2)"	"unprognostic (3.07e-1)"	"unprognostic (1.09e-1)"	"unprognostic (1.85e-2)"	"unprognostic (1.18e-1)"	"unprognostic (2.32e-3)"	"unprognostic (1.52e-1)"	"unprognostic (9.19e-3)"	"unprognostic (1.03e-2)"
RIPOR1	"FAM65A, FLJ13725"	ENSG00000039523	"RHO family interacting cell polarization regulator 1"	Q6ZS17	16	67518418-67546788	"Predicted intracellular proteins"				"Evidence at protein level"	"Evidence at protein level"	"Evidence at protein level"	"Evidence at protein level"	"Low tissue specificity"	"Detected in all"			"Cell type enhanced"	"Detected in many"		"Endothelial cells: 64.5"	"Low cell type specificity"	"Detected in all"			"Low cancer specificity"	"Detected in all"			"Low region specificity"	"Detected in all"			"Group enriched"	"Detected in many"	7	"classical monocyte: 11.2;eosinophil: 9.4;intermediate monocyte: 15.6;memory B-cell: 15.9;myeloid DC: 10.2;naive B-cell: 9.5;neutrophil: 6.6;non-classical monocyte: 15.2;plasmacytoid DC: 14.4"	"Low lineage specificity"	"Detected in all"			"Low cancer specificity"	"Detected in all"			"Adipose visceral - Endothelial cells, Breast - Endothelial cells, Lung - Endothelial cells, Minor Salivary Gland - Endothelial cells, Testis - Sertoli cells, Thyroid gland - Endothelial cells"	"Low region specificity"	"Detected in all"			"Low region specificity"	"Detected in all"			HPA005923	Uncertain		Supported	"Golgi apparatus,Cytosol"			NA	NA			"Cluster 29: Non-specific - Unknown function"	"Cluster 66: Non-specific - Transcription"	"Cluster 32: Cerebral cortex - Mixed function"	"Cluster 68: Non-specific - Cell cycle regulation"	"Cluster 41: Adipocytes & Endothelial cells - Mixed function"		"Golgi apparatus"	Cytosol	"HPA005923: AB_1078809"	"unprognostic (2.09e-1)"	"unprognostic (1.74e-1)"		"unprognostic (3.20e-3)"	"unprognostic (1.01e-2)"	"unprognostic (1.43e-2)"	"unprognostic (1.25e-1)"	"unprognostic (1.24e-1)"	"unprognostic (2.39e-3)"	"unprognostic (1.27e-2)"	"potential prognostic favorable (1.12e-7)"	"unprognostic (4.98e-2)"	"unprognostic (8.83e-3)"	"unprognostic (7.14e-3)"		"unprognostic (3.07e-2)"	"unprognostic (6.94e-2)"	"potential prognostic unfavorable (5.18e-5)"	"unprognostic (1.40e-1)"	"unprognostic (6.35e-2)"	"unprognostic (2.16e-1)"	"unprognostic (1.58e-1)"	"potential prognostic unfavorable (4.12e-4)"	"unprognostic (3.24e-1)"	"unprognostic (2.42e-1)"	"unprognostic (3.68e-2)"	"unprognostic (7.22e-2)"	"unprognostic (6.94e-2)"	"unprognostic (1.77e-1)"	"unprognostic (1.57e-2)"	"unprognostic (3.26e-1)"
RLN2	"bA12D24.1.1, bA12D24.1.2, H2, RLXH2"	ENSG00000107014	"Relaxin 2"	P04090	9	5299864-5304716	"Predicted intracellular proteins, Predicted secreted proteins"		Hormone		"Evidence at protein level"	"Evidence at transcript level"	"Evidence at protein level"	"Evidence at protein level"	"Tissue enhanced"	"Detected in some"		"fallopian tube: 5.0"	"Cell type enhanced"	"Detected in many"		"Early spermatids: 16.0;Oocytes: 48.5;Spermatocytes: 14.6;Syncytiotrophoblasts: 12.2"	"Cell type enhanced"	"Detected in some"		"choroid plexus epithelial cell: 1.6;endothelial cell: 1.9;ependymal cell: 1.6"	"Group enriched"	"Detected in many"	5	"Breast Invasive Carcinoma (TCGA): 8.2;Prostate Adenocarcinoma (TCGA): 19.9"	"Not detected"	"Not detected"			"Group enriched"	"Detected in many"	26	"gdT-cell: 1.4;MAIT T-cell: 4.2;memory B-cell: 1.9;memory CD4 T-cell: 2.8;memory CD8 T-cell: 2.3;naive B-cell: 1.4;naive CD4 T-cell: 4.0;naive CD8 T-cell: 3.0;NK-cell: 3.5;T-reg: 1.4"	"Group enriched"	"Detected in many"	33	"B-cells: 1.9;NK-cells: 3.5;T-cells: 4.2"	"Cancer enhanced"	"Detected in many"		"prostate cancer: 6.3"	"Breast - Breast glandular cells, Prostate - Prostate glandular cells, Testis - Early spermatids"														"Secreted to blood"	Hormone	NA	NA	24400		"Cluster 24: Non-specific - Transcription"	"Cluster 16: Non-specific - Transcription"		"Cluster 27: Breast cancer - Unknown function"	"Cluster 70: Spermatocytes & Spermatids - Spermatid development"	2				"unprognostic (6.18e-2)"	"unprognostic (1.80e-2)"	"unprognostic (2.87e-1)"		"unprognostic (1.59e-1)"						"validated prognostic favorable (7.85e-6)"	"validated prognostic favorable (1.26e-5)"	"potential prognostic favorable (1.22e-6)"			"unprognostic (2.28e-1)"	"unprognostic (1.70e-1)"	"unprognostic (3.32e-2)"	"unprognostic (6.70e-2)"	"unprognostic (8.21e-3)"	"unprognostic (7.20e-2)"			"unprognostic (1.16e-1)"	"unprognostic (7.75e-3)"			"unprognostic (1.33e-1)"	"unprognostic (1.59e-1)"	"unprognostic (7.83e-3)"	"unprognostic (5.70e-2)"
RUBCNL	"C13orf18, FLJ21562, KIAA0226L, PACER"	ENSG00000102445	"Rubicon like autophagy enhancer"	Q9H714	13	46334681-46438190	"Predicted intracellular proteins"	"Autophagy, Lipid metabolism"			"Evidence at protein level"	"Evidence at protein level"	"Evidence at protein level"	"Evidence at protein level"	"Tissue enhanced"	"Detected in many"		"lymphoid tissue: 40.2"	"Cell type enhanced"	"Detected in many"		"B-cells: 131.1;dendritic cells: 90.6;Early spermatids: 39.9;Late spermatids: 124.8;Microglial cells: 60.8;Schwann cells: 55.4"	"Group enriched"	"Detected in many"	7	"bergmann glia: 147.7;central nervous system macrophage: 318.5"	"Group enriched"	"Detected in many"	5	"Colon Adenocarcinoma (TCGA): 43.7;Rectum Adenocarcinoma (TCGA): 54.6"	"Low region specificity"	"Detected in all"			"Group enriched"	"Detected in many"	15	"memory B-cell: 161.8;naive B-cell: 156.3;neutrophil: 124.6;plasmacytoid DC: 106.4"	"Group enriched"	"Detected in many"	15	"B-cells: 161.8;dendritic cells: 106.4;granulocytes: 124.6"	"Cancer enriched"	"Detected in many"	5	"lymphoma: 144.9"	"Adrenal gland - Macrophages, Breast - T-cells, Spleen - B-cells (Spleen), Testis - Early spermatids, Testis - Late spermatids, Thyroid gland - T-cells"	"Low region specificity"	"Detected in some"			"Low region specificity"	"Detected in all"			HPA026614	Approved		Approved	Cytosol			NA	NA			"Cluster 23: B-cells - Immunoglobulins"	"Cluster 36: Lymphoid tissue - Cytokine signaling"	"Cluster 20: Macrophages & Microglia - Immune response"	"Cluster 46: Lymphoma - Humoral immune response"	"Cluster 74: Neutrophils - Degranulation"	4	Cytosol		"HPA026614: AB_10602693"	"potential prognostic favorable (7.11e-4)"	"unprognostic (8.34e-2)"		"unprognostic (4.60e-2)"	"unprognostic (7.67e-2)"	"potential prognostic favorable (2.30e-5)"	"unprognostic (4.59e-2)"	"unprognostic (1.25e-2)"	"unprognostic (2.71e-3)"		"unprognostic (1.73e-1)"	"unprognostic (1.63e-1)"	"unprognostic (2.78e-3)"			"unprognostic (1.06e-3)"	"unprognostic (2.83e-2)"	"unprognostic (1.01e-1)"	"unprognostic (6.04e-3)"	"unprognostic (2.48e-2)"	"unprognostic (4.32e-3)"	"unprognostic (1.78e-1)"	"unprognostic (3.90e-3)"	"unprognostic (3.61e-1)"	"unprognostic (2.51e-3)"	"unprognostic (4.04e-2)"	"unprognostic (1.28e-1)"	"unprognostic (1.26e-1)"	"unprognostic (5.38e-2)"	"unprognostic (1.10e-1)"	"unprognostic (1.07e-1)"
SCIMP	"C17orf87, DTFT5783, FLJ32580, MGC163426, MGC163428, UNQ5783"	ENSG00000161929	"SLP adaptor and CSK interacting membrane protein"	Q6UWF3	17	5208920-5234860	"Predicted membrane proteins"				"Evidence at protein level"	"Evidence at protein level"	"Evidence at protein level"	"Evidence at protein level"	"Tissue enhanced"	"Detected in many"		"lymphoid tissue: 47.9"	"Group enriched"	"Detected in many"	6	"B-cells: 77.8;Hofbauer cells: 42.2;Kupffer cells: 116.7;Macrophages: 58.1;monocytes: 87.8"	"Low cell type specificity"	"Detected in all"			"Low cancer specificity"	"Detected in all"			"Low region specificity"	"Detected in all"			"Group enriched"	"Detected in many"	8	"classical monocyte: 110.6;intermediate monocyte: 239.0;memory B-cell: 146.0;myeloid DC: 84.1;naive B-cell: 124.7;non-classical monocyte: 267.0"	"Group enriched"	"Detected in all"	8	"B-cells: 146.0;dendritic cells: 84.1;monocytes: 267.0"	"Cancer enhanced"	"Detected in many"		"Leukemia: 11.8;lymphoma: 16.5"	"Adipose subcutaneous - Macrophages, Adipose visceral - Macrophages, Adrenal gland - Macrophages, Colon - Macrophages, Heart muscle - Macrophages, Kidney - Macrophages, Liver - Kupffer cells, Lung - Macrophages, Minor Salivary Gland - Macrophages, Pancreas - Macrophages, Pituitary gland - Macrophages, Prostate - Macrophages, Skeletal muscle - Macrophages, Spleen - Macrophages, Stomach - Macrophages"	"Not detected"	"Not detected"			"Low region specificity"	"Detected in all"			HPA006117	Enhanced						NA	NA			"Cluster 40: Monocytes - Innate immune response"	"Cluster 70: Lymphoid tissue - Immune response"	"Cluster 4: Non-specific - mRNA splicing & Cell cycle"	"Cluster 55: Lymphoma - Immune response"	"Cluster 73: B-cells - B-cell function"	3			"HPA006117: AB_1858633"	"unprognostic (9.25e-3)"	"unprognostic (1.11e-1)"		"unprognostic (6.80e-2)"	"unprognostic (3.84e-2)"	"unprognostic (1.10e-1)"	"unprognostic (1.24e-2)"	"unprognostic (3.15e-1)"	"unprognostic (3.86e-2)"	"unprognostic (3.87e-1)"	"unprognostic (1.43e-1)"	"unprognostic (1.12e-1)"	"unprognostic (3.97e-3)"	"unprognostic (1.33e-1)"		"potential prognostic favorable (2.33e-4)"	"unprognostic (7.25e-2)"	"unprognostic (6.80e-2)"	"unprognostic (2.99e-1)"	"unprognostic (1.42e-1)"	"unprognostic (8.35e-2)"	"unprognostic (1.01e-3)"	"unprognostic (3.13e-3)"	"unprognostic (2.77e-2)"	"unprognostic (7.42e-3)"	"potential prognostic favorable (7.32e-4)"	"unprognostic (2.13e-2)"	"unprognostic (1.30e-1)"	"unprognostic (2.15e-1)"	"unprognostic (8.44e-3)"	"unprognostic (1.34e-1)"
SCN3A	Nav1.3	ENSG00000153253	"Sodium voltage-gated channel alpha subunit 3"	Q9NY46	2	165087526-165204050	"Disease related genes, FDA approved drug targets, Human disease related genes, Plasma proteins, Predicted membrane proteins, Voltage-gated ion channels"	"Ion transport, Sodium transport, Transport"	"Ion channel, Sodium channel, Voltage-gated channel"	"Disease variant, Epilepsy, FDA approved drug targets"	"Evidence at protein level"	"Evidence at transcript level"	"Evidence at protein level"	"Evidence at protein level"	"Tissue enhanced"	"Detected in some"		"brain: 8.9;lymphoid tissue: 3.9"	"Cell type enhanced"	"Detected in many"		"Early spermatids: 103.5;Excitatory neurons: 219.5;Inhibitory neurons: 161.8;Oligodendrocyte precursor cells: 336.3"	"Low cell type specificity"	"Detected in all"			"Cancer enhanced"	"Detected in single"		"Glioblastoma Multiforme (TCGA): 3.1"	"Low region specificity"	"Detected in all"			"Group enriched"	"Detected in some"	30	"memory B-cell: 13.3;naive B-cell: 15.4"	"Lineage enriched"	"Detected in single"	32	"B-cells: 15.4"	"Cancer enhanced"	"Detected in many"		"lung cancer: 9.7"	"Pituitary gland - Lactotropes, Spleen - B-cells (Spleen), Testis - Early spermatids, Testis - Late spermatids"	"Low region specificity"	"Detected in many"			"Low region specificity"	"Detected in all"			HPA035396	Uncertain						NA	NA			"Cluster 34: B-cells - Unknown function"	"Cluster 61: Brain - Neuronal signaling"	"Cluster 1: Neurons - Mixed function"	"Cluster 10: Ciliated cells - Ion channel activity"	"Cluster 34: Neurons - Neuronal signaling"	1			"HPA035396: AB_2674607"			"unprognostic (5.07e-3)"			"unprognostic (3.91e-2)"	"unprognostic (1.28e-1)"	"potential prognostic favorable (3.01e-4)"									"unprognostic (1.31e-2)"									"unprognostic (4.18e-1)"					
SDR16C5	"EPHD-2, RDH-E2, RDHE2"	ENSG00000170786	"Short chain dehydrogenase/reductase family 16C member 5"	Q8N3Y7	8	56300005-56320776	"Enzymes, Metabolic proteins, Predicted membrane proteins"		Oxidoreductase		"Evidence at protein level"	"Evidence at protein level"	"Evidence at protein level"	"Evidence at protein level"	"Tissue enhanced"	"Detected in many"		"esophagus: 50.4;lung: 33.4;skin 1: 60.6"	"Cell type enhanced"	"Detected in many"		"Alveolar cells type 1: 213.2;Alveolar cells type 2: 467.7;Basal respiratory cells: 330.7;Ionocytes: 287.9;Suprabasal keratinocytes: 235.7"	"Cell type enhanced"	"Detected in many"		"lower rhombic lip: 21.3"	"Cancer enhanced"	"Detected in many"		"Lung Adenocarcinoma (TCGA): 36.1"	"Low region specificity"	"Detected in many"			"Group enriched"	"Detected in some"	36	"memory B-cell: 4.7;naive B-cell: 2.3"	"Lineage enriched"	"Detected in single"	48	"B-cells: 4.7"	"Cancer enhanced"	"Detected in many"		"Bile duct cancer: 15.5"	"Breast - Breast glandular cells, Breast - Breast glandular cells, Lung - Alveolar cells type 2, Minor Salivary Gland - Minor salivary gland basal cells, Prostate - Urothelial cells, Stomach - Gastric mucous cells"	"Not detected"	"Not detected"			"Not detected"	"Not detected"			HPA025224	Enhanced						NA	NA			"Cluster 17: B-cells - Immunoglobulins"	"Cluster 27: Squamous epithelium - Keratinization"	"Cluster 52: Neurons & Synapses - Synaptic function"	"Cluster 30: Non-specific - Gene expression regulation"	"Cluster 35: Respiratory epithelial cells - Unknown function"	18			"HPA025224: AB_1856163"	"unprognostic (9.79e-2)"	"unprognostic (2.32e-1)"	"unprognostic (1.37e-1)"	"unprognostic (2.64e-1)"	"unprognostic (9.32e-2)"	"potential prognostic unfavorable (7.13e-4)"			"unprognostic (1.28e-3)"							"unprognostic (1.08e-1)"	"unprognostic (7.14e-2)"	"unprognostic (5.50e-2)"	"unprognostic (2.04e-1)"			"unprognostic (1.19e-3)"	"unprognostic (4.43e-1)"		"unprognostic (3.96e-1)"	"unprognostic (6.64e-3)"	"unprognostic (2.45e-1)"	"unprognostic (2.19e-1)"			
SEL1L3	KIAA0746	ENSG00000091490	"SEL1L family member 3"	Q68CR1	4	25747433-25863760	"Predicted intracellular proteins, Predicted membrane proteins"				"Evidence at protein level"	"Evidence at transcript level"	"Evidence at protein level"	"Evidence at protein level"	"Tissue enhanced"	"Detected in all"		"lymphoid tissue: 124.7"	"Cell type enhanced"	"Detected in many"		"dendritic cells: 426.1;Oligodendrocyte precursor cells: 120.7;Plasma cells: 272.9"	"Cell type enhanced"	"Detected in all"		"deep-layer near-projecting: 305.2;upper rhombic lip: 382.3"	"Low cancer specificity"	"Detected in all"			"Region enriched"	"Detected in all"	6	"cerebellum: 175.6"	"Group enriched"	"Detected in many"	4	"memory B-cell: 42.1;naive B-cell: 42.0;plasmacytoid DC: 38.3"	"Group enriched"	"Detected in many"	4	"B-cells: 42.1;dendritic cells: 38.3"	"Low cancer specificity"	"Detected in many"			"Breast - Plasma cells, Lung - Alveolar cells type 2"	"Low region specificity"	"Detected in all"			"Region enriched"	"Detected in all"	7	"cerebellum: 129.1"	"HPA039355, HPA040045, HPA058792"	Approved		Uncertain	Mitochondria			NA	NA			"Cluster 23: B-cells - Immunoglobulins"	"Cluster 70: Lymphoid tissue - Immune response"	"Cluster 35: Non-specific - DNA binding"	"Cluster 46: Lymphoma - Humoral immune response"	"Cluster 28: Dendritic cells - Antigen presentation"		Mitochondria		"HPA039355: , HPA040045: AB_10796116, HPA058792: AB_2683822"	"unprognostic (4.05e-3)"	"unprognostic (3.87e-2)"	"unprognostic (3.64e-1)"	"unprognostic (1.05e-1)"	"unprognostic (5.53e-3)"	"unprognostic (5.86e-1)"	"unprognostic (1.17e-3)"	"unprognostic (1.65e-3)"	"unprognostic (2.35e-1)"	"unprognostic (5.67e-2)"	"potential prognostic favorable (2.11e-6)"	"unprognostic (9.76e-2)"	"unprognostic (8.22e-2)"	"unprognostic (4.48e-2)"	"unprognostic (3.58e-2)"	"unprognostic (1.20e-1)"	"unprognostic (1.41e-1)"	"unprognostic (5.24e-2)"	"unprognostic (9.01e-2)"	"unprognostic (6.59e-2)"	"unprognostic (3.26e-1)"	"unprognostic (3.25e-2)"	"unprognostic (4.27e-1)"	"unprognostic (7.75e-2)"	"unprognostic (2.70e-2)"	"unprognostic (1.83e-1)"	"unprognostic (3.35e-2)"	"unprognostic (2.40e-2)"	"unprognostic (2.80e-1)"	"unprognostic (1.48e-2)"	"unprognostic (1.46e-1)"
SEMA4B	"KIAA1745, MGC131831, SEMAC, SemC"	ENSG00000185033	"Semaphorin 4B"	Q9NPR2	15	90160604-90229679	"Predicted intracellular proteins, Predicted membrane proteins"	"Differentiation, Neurogenesis"	"Developmental protein"		"Evidence at protein level"	"Evidence at transcript level"	"Evidence at protein level"	"Evidence at protein level"	"Tissue enhanced"	"Detected in all"		"esophagus: 120.9"	"Cell type enhanced"	"Detected in many"		"Extravillous trophoblasts: 80.5"	"Low cell type specificity"	"Detected in all"			"Low cancer specificity"	"Detected in all"			"Low region specificity"	"Detected in all"			"Group enriched"	"Detected in many"	4	"memory B-cell: 17.0;naive B-cell: 15.0;neutrophil: 5.2"	"Low lineage specificity"	"Detected in many"			"Low cancer specificity"	"Detected in all"			"Breast - Breast glandular cells, Prostate - Urothelial cells, Skin - Keratinocyte (other), Spleen - Fibroblast_2"	"Low region specificity"	"Detected in all"			"Low region specificity"	"Detected in all"			HPA013372	Approved		Approved	"Nucleoplasm,Vesicles,Cell Junctions"			NA	NA		120000000	"Cluster 23: B-cells - Immunoglobulins"	"Cluster 27: Squamous epithelium - Keratinization"	"Cluster 19: Astrocytes - Mixed function"	"Cluster 15: Kidney cancer - Membrane components"	"Cluster 12: Squamous epithelial cells - Keratinization"		"Cell Junctions"	"Nucleoplasm, Vesicles"	"HPA013372: AB_1856670"	"unprognostic (3.36e-1)"	"unprognostic (2.34e-1)"	"unprognostic (2.66e-2)"	"unprognostic (1.83e-3)"	"unprognostic (1.98e-2)"	"unprognostic (1.59e-2)"	"unprognostic (1.26e-1)"	"unprognostic (2.23e-1)"	"unprognostic (2.05e-2)"	"unprognostic (1.16e-1)"	"unprognostic (3.40e-3)"	"unprognostic (1.49e-2)"	"unprognostic (4.22e-3)"	"unprognostic (1.09e-3)"	"potential prognostic unfavorable (5.35e-4)"	"validated prognostic unfavorable (2.10e-4)"	"validated prognostic unfavorable (1.30e-7)"	"unprognostic (5.03e-2)"	"unprognostic (1.13e-1)"	"unprognostic (1.61e-1)"	"unprognostic (3.23e-2)"	"unprognostic (1.66e-3)"	"unprognostic (4.19e-3)"	"unprognostic (6.40e-2)"	"unprognostic (6.72e-2)"	"unprognostic (1.99e-2)"	"unprognostic (1.76e-1)"	"unprognostic (1.21e-1)"	"unprognostic (2.79e-1)"	"unprognostic (1.80e-2)"	"unprognostic (5.19e-2)"
SGCE	DYT11	ENSG00000127990	"Sarcoglycan epsilon"	O43556	7	94524204-94656572	"Disease related genes, Human disease related genes, Predicted intracellular proteins, Predicted membrane proteins"			"Disease variant, Dystonia"	"Evidence at protein level"	"Evidence at protein level"	"Evidence at protein level"	"Evidence at protein level"	"Low tissue specificity"	"Detected in many"			"Cell type enhanced"	"Detected in many"		"Ovarian stromal cells: 175.7"	"Low cell type specificity"	"Detected in all"			"Low cancer specificity"	"Detected in all"			"Low region specificity"	"Detected in all"			"Group enriched"	"Detected in some"	4	"gdT-cell: 2.1;memory B-cell: 4.5;naive B-cell: 6.7"	"Group enriched"	"Detected in many"	4	"B-cells: 6.7;T-cells: 2.1"	"Low cancer specificity"	"Detected in all"			"Thyroid gland - Fibroblasts"	"Low region specificity"	"Detected in all"			"Low region specificity"	"Detected in all"			HPA074790			Approved	"Nucleoplasm,Golgi apparatus,Vesicles,Plasma membrane"			Yes	No		110000	"Cluster 34: B-cells - Unknown function"	"Cluster 64: Neuronal - Transcription"	"Cluster 30: White matter - Myelination"	"Cluster 15: Kidney cancer - Membrane components"	"Cluster 53: Fibroblasts - ECM organization"		"Vesicles, Plasma membrane"	"Nucleoplasm, Golgi apparatus"	"HPA074790: AB_2686713"	"unprognostic (3.28e-2)"	"unprognostic (2.66e-3)"	"unprognostic (1.55e-1)"	"unprognostic (4.71e-2)"	"unprognostic (9.55e-3)"	"unprognostic (2.64e-1)"	"unprognostic (7.49e-2)"	"unprognostic (1.60e-1)"	"potential prognostic unfavorable (4.74e-4)"	"unprognostic (4.71e-2)"	"potential prognostic favorable (1.56e-4)"	"unprognostic (1.33e-1)"	"unprognostic (1.45e-1)"	"unprognostic (1.27e-2)"	"potential prognostic unfavorable (5.49e-4)"	"unprognostic (2.06e-1)"	"unprognostic (4.04e-3)"	"unprognostic (7.89e-3)"	"unprognostic (1.07e-1)"	"unprognostic (1.49e-2)"	"unprognostic (1.60e-1)"	"unprognostic (8.77e-3)"	"unprognostic (6.87e-3)"	"unprognostic (1.54e-1)"	"unprognostic (8.73e-2)"	"unprognostic (3.65e-2)"	"unprognostic (3.95e-1)"	"potential prognostic unfavorable (8.74e-4)"	"unprognostic (1.62e-1)"	"unprognostic (1.01e-1)"	"unprognostic (3.08e-1)"
SGO1	"NY-BR-85, SGOL1"	ENSG00000129810	"Shugoshin 1"	Q5FBB7	3	20160593-20186206	"Disease related genes, Human disease related genes, Predicted intracellular proteins"	"Cell cycle, Cell division, Chromosome partition, Mitosis"		"Disease variant"	"Evidence at protein level"	"Evidence at protein level"	"Evidence at protein level"	"Evidence at protein level"	"Tissue enhanced"	"Detected in some"		"bone marrow: 8.6;lymphoid tissue: 12.6;testis: 6.5"	"Cell type enhanced"	"Detected in many"		"Erythroid cells: 33.5;Extravillous trophoblasts: 47.8;Oocytes: 148.5;Spermatocytes: 69.5;Spermatogonia: 43.3"	"Cell type enhanced"	"Detected in some"		"leukocyte: 2.4;oligodendrocyte: 2.3;oligodendrocyte precursor cell: 3.9"	"Low cancer specificity"	"Detected in many"			"Low region specificity"	"Detected in all"			"Group enriched"	"Detected in many"	5	"basophil: 10.2;memory B-cell: 8.9;naive B-cell: 9.0;plasmacytoid DC: 4.2;T-reg: 2.6"	"Low lineage specificity"	"Detected in many"			"Low cancer specificity"	"Detected in all"			"Adrenal gland - Mitotic cells (Adrenal gland), Colon - Mitotic cells (Colon), Lung - Mitotic cells (Lung), Minor Salivary Gland - Mitotic cells (Minor salivary gland), Skin - Mitotic cells (Skin), Spleen - Mitotic cells (Spleen), Stomach - Mitotic cells (Stomach), Testis - Spermatocytes, Thyroid gland - Mitotic cells (Thyroid)"	"Not detected"	"Not detected"			"Not detected"	"Not detected"			"HPA035501, HPA069302, HPA069857"	Enhanced		Approved	Nucleoplasm,Kinetochore,Cytosol			Yes	Yes			"Cluster 17: B-cells - Immunoglobulins"	"Cluster 67: Lymphoid tissue & Bone marrow - Cell proliferation"	"Cluster 6: Non-specific - Immune response"	"Cluster 8: Non-specific - Basic cellular processes"	"Cluster 52: Non-specific - Cell proliferation"	24	Nucleoplasm	"Kinetochore, Cytosol"	"HPA035501: AB_2732469, HPA069302: , HPA069857: AB_2686214"	"unprognostic (3.88e-2)"	"unprognostic (5.99e-2)"		"unprognostic (2.08e-1)"	"unprognostic (1.31e-1)"	"unprognostic (2.18e-1)"	"unprognostic (3.82e-2)"	"unprognostic (4.53e-3)"	"unprognostic (1.19e-1)"					"potential prognostic unfavorable (3.79e-6)"		"potential prognostic unfavorable (1.42e-5)"	"unprognostic (3.58e-3)"	"unprognostic (3.27e-2)"	"unprognostic (7.30e-2)"	"unprognostic (7.24e-2)"	"unprognostic (3.62e-1)"	"potential prognostic unfavorable (6.26e-5)"	"unprognostic (1.48e-2)"		"unprognostic (2.22e-2)"	"unprognostic (2.64e-2)"	"unprognostic (2.36e-2)"	"unprognostic (1.90e-2)"	"unprognostic (4.82e-2)"		"unprognostic (2.27e-2)"
SLC25A42	MGC26694	ENSG00000181035	"Solute carrier family 25 member 42"	Q86VD7	19	19063994-19113030	"Disease related genes, Metabolic proteins, Potential drug targets, Predicted membrane proteins, Transporters"	Transport		"Disease variant"	"Evidence at protein level"	"Evidence at protein level"	"Evidence at protein level"	"Evidence at protein level"	"Tissue enhanced"	"Detected in all"		"liver: 80.0"	"Cell type enhanced"	"Detected in many"		"Bipolar cells: 65.0;Hepatocytes: 52.3;Rod photoreceptor cells: 43.2"	"Low cell type specificity"	"Detected in all"			"Low cancer specificity"	"Detected in all"			"Low region specificity"	"Detected in all"			"Group enriched"	"Detected in many"	5	"gdT-cell: 2.8;MAIT T-cell: 1.5;memory B-cell: 3.3;memory CD4 T-cell: 1.6;memory CD8 T-cell: 2.4;naive B-cell: 3.2;naive CD4 T-cell: 1.0;naive CD8 T-cell: 1.5;NK-cell: 1.8;T-reg: 1.7"	"Group enriched"	"Detected in many"	6	"B-cells: 3.3;NK-cells: 1.8;T-cells: 2.8"	"Cancer enhanced"	"Detected in all"		"Myeloma: 22.5"	"Heart muscle - Cardiomyocytes, Kidney - Proximal tubular cells, Minor Salivary Gland - Minor salivary glandular cells, Spleen - B-cells (Spleen)"	"Low region specificity"	"Detected in all"			"Low region specificity"	"Detected in all"			HPA049449	Approved		Supported	Mitochondria			Yes	No			"Cluster 16: Non-specific - Cell proliferation"	"Cluster 19: Non-specific - Basic cellular processes"	"Cluster 40: Astrocytes - Astrocyte-neuron interactions"	"Cluster 51: Myeloma - Immunoglobulins"	"Cluster 55: Non-specific - Transcription"	3	Mitochondria		"HPA049449: AB_2680772"	"unprognostic (1.23e-1)"	"unprognostic (1.74e-1)"	"unprognostic (5.14e-3)"	"unprognostic (3.12e-3)"	"unprognostic (9.57e-2)"	"unprognostic (2.94e-2)"	"unprognostic (1.75e-1)"	"unprognostic (2.50e-2)"	"unprognostic (1.27e-3)"	"unprognostic (8.74e-3)"	"potential prognostic favorable (8.43e-8)"	"unprognostic (1.36e-3)"	"unprognostic (3.02e-3)"	"potential prognostic favorable (9.81e-4)"	"unprognostic (2.67e-3)"	"potential prognostic favorable (3.35e-4)"	"unprognostic (2.94e-1)"	"unprognostic (3.17e-1)"	"unprognostic (3.37e-3)"	"unprognostic (7.87e-2)"	"unprognostic (3.02e-2)"	"unprognostic (1.01e-2)"	"unprognostic (4.21e-2)"	"unprognostic (1.33e-2)"	"unprognostic (2.41e-1)"	"unprognostic (6.88e-2)"	"unprognostic (1.77e-1)"	"unprognostic (1.95e-2)"	"unprognostic (6.35e-2)"	"unprognostic (1.83e-3)"	"unprognostic (2.21e-1)"
SLC38A11	"AVT2, FLJ39822"	ENSG00000169507	"Solute carrier family 38 member 11"	Q08AI6	2	164894354-164955525	"Predicted membrane proteins, Transporters"	"Amino-acid transport, Ion transport, Sodium transport, Transport"			"Evidence at protein level"	"Evidence at transcript level"	"Evidence at protein level"	"Evidence at protein level"	"Tissue enhanced"	"Detected in many"		"choroid plexus: 25.1;epididymis: 31.5"	"Cell type enhanced"	"Detected in many"		"Cholangiocytes: 32.4;Enteroendocrine cells: 135.5;Excitatory neurons: 51.7;granulocytes: 41.0;Sertoli cells: 29.9;Smooth muscle cells: 24.6"	"Group enriched"	"Detected in many"	16	"choroid plexus epithelial cell: 1236.5;pericyte: 1722.3;vascular associated smooth muscle cell: 1915.6"	"Cancer enhanced"	"Detected in many"		"Prostate Adenocarcinoma (TCGA): 18.3"	"Group enriched"	"Detected in all"	5	"cerebral cortex: 16.5;choroid plexus: 50.8"	"Group enriched"	"Detected in some"	27	"memory B-cell: 1.6;naive B-cell: 3.8"	"Lineage enriched"	"Detected in single"	38	"B-cells: 3.8"	"Cancer enriched"	"Detected in some"	6	"Rhabdoid: 10.1"	"Liver - Hepatocytes, Spleen - B-cells (Spleen)"	"Low region specificity"	"Detected in all"			"Low region specificity"	"Detected in many"			HPA043432	Uncertain						NA	NA			"Cluster 34: B-cells - Unknown function"	"Cluster 50: Epididymis - Male reproductive secretion"	"Cluster 23: Choroid plexus - Mixed function"	"Cluster 10: Ciliated cells - Ion channel activity"	"Cluster 20: Enteroendocrine cells - Hormone signaling"				"HPA043432: AB_10793948"			"unprognostic (2.66e-2)"		"unprognostic (3.34e-2)"	"unprognostic (2.08e-1)"	"unprognostic (3.79e-1)"	"unprognostic (1.45e-1)"		"unprognostic (7.13e-2)"	"validated prognostic favorable (2.15e-6)"	"validated prognostic favorable (4.51e-4)"	"unprognostic (7.33e-3)"	"unprognostic (1.87e-3)"	"unprognostic (8.39e-2)"		"unprognostic (5.97e-2)"	"unprognostic (1.19e-1)"	"unprognostic (3.92e-2)"			"unprognostic (2.77e-3)"	"unprognostic (2.70e-1)"	"unprognostic (8.93e-2)"	"unprognostic (3.33e-2)"	"unprognostic (1.99e-1)"		"unprognostic (1.70e-1)"	"unprognostic (3.96e-1)"	"unprognostic (1.46e-1)"	
SNX22	FLJ13952	ENSG00000157734	"Sorting nexin 22"	Q96L94	15	64151715-64157481	"Predicted intracellular proteins"	"Protein transport, Transport"			"Evidence at protein level"	"Evidence at transcript level"	"Evidence at protein level"	"Evidence at protein level"	"Tissue enhanced"	"Detected in many"		"brain: 27.7;thyroid gland: 37.6"	"Group enriched"	"Detected in many"	4	"Alveolar cells type 1: 69.4;B-cells: 38.8;Erythroid cells: 91.1;Oligodendrocyte precursor cells: 89.6"	"Group enriched"	"Detected in many"	4	"committed oligodendrocyte precursor: 109.9;oligodendrocyte precursor cell: 175.2"	"Cancer enriched"	"Detected in many"	7	"Thyroid Carcinoma (TCGA): 78.7"	"Low region specificity"	"Detected in all"			"Group enriched"	"Detected in some"	5	"memory B-cell: 3.3;naive B-cell: 6.1"	"Lineage enriched"	"Detected in many"	6	"B-cells: 6.1"	"Cancer enhanced"	"Detected in some"		"lymphoma: 7.0"	"Pituitary gland - Corticotropes, Spleen - B-cells (Spleen), Thyroid gland - Thyroid glandular cells"	"Low region specificity"	"Detected in all"			"Low region specificity"	"Detected in all"			HPA038470			Approved	Nucleoplasm,Vesicles			NA	NA			"Cluster 18: Non-specific - Translation"	"Cluster 9: Oligodendrocytes - Myelination"	"Cluster 43: Hindbrain - Mixed function"	"Cluster 46: Lymphoma - Humoral immune response"	"Cluster 1: Erythroid cells - Oxygen transport"	2	Vesicles	Nucleoplasm	"HPA038470: AB_10673174"		"potential prognostic favorable (1.47e-4)"	"unprognostic (1.71e-1)"				"unprognostic (7.86e-2)"	"unprognostic (8.69e-3)"			"unprognostic (2.48e-3)"	"unprognostic (3.61e-2)"	"unprognostic (2.61e-1)"	"unprognostic (5.71e-2)"	"unprognostic (1.65e-3)"	"potential prognostic favorable (8.29e-5)"	"unprognostic (1.83e-1)"	"unprognostic (5.67e-2)"				"unprognostic (6.77e-3)"	"unprognostic (1.39e-1)"	"unprognostic (5.90e-2)"			"unprognostic (4.35e-2)"			"unprognostic (3.56e-3)"	"unprognostic (2.19e-2)"
SOX5	"L-SOX5, MGC35153"	ENSG00000134532	"SRY-box transcription factor 5"	P35711	12	23529504-24562544	"Disease related genes, Human disease related genes, Predicted intracellular proteins, Transcription factors"	"Differentiation, Transcription, Transcription regulation"	"Activator, DNA-binding"	"Intellectual disability"	"Evidence at protein level"	"Evidence at protein level"	"Evidence at protein level"	"Evidence at protein level"	"Tissue enhanced"	"Detected in many"		"testis: 29.5"	"Cell type enhanced"	"Detected in many"		"Astrocytes: 1452.5;Excitatory neurons: 594.2;Inhibitory neurons: 689.9;Microglial cells: 266.6;Oligodendrocyte precursor cells: 1348.5"	"Low cell type specificity"	"Detected in all"			"Cancer enhanced"	"Detected in many"		"Skin Cuteneous Melanoma (TCGA): 8.9"	"Low region specificity"	"Detected in all"			"Group enriched"	"Detected in some"	4	"memory B-cell: 1.4;naive B-cell: 1.3"	"Lineage enriched"	"Detected in single"	4	"B-cells: 1.4"	"Cancer enhanced"	"Detected in many"		"skin cancer: 14.5"	"Liver - Hepatocytes, Skin - Keratinocyte (other), Testis - Early spermatids"	"Low region specificity"	"Detected in all"			"Low region specificity"	"Detected in all"			HPA060499			Supported	Nucleoplasm			NA	NA			"Cluster 17: B-cells - Immunoglobulins"	"Cluster 78: Testis - Transcription"	"Cluster 40: Astrocytes - Astrocyte-neuron interactions"	"Cluster 69: Skin cancer - ECM organization"	"Cluster 8: Neurons - Neuronal signaling"	31	Nucleoplasm		"HPA060499: AB_2684294"		"unprognostic (1.12e-2)"	"unprognostic (1.61e-1)"			"unprognostic (3.52e-2)"	"unprognostic (4.31e-1)"	"unprognostic (2.73e-1)"		"unprognostic (1.35e-1)"	"unprognostic (3.64e-2)"	"unprognostic (1.26e-3)"		"unprognostic (3.08e-2)"	"unprognostic (2.18e-1)"		"unprognostic (2.22e-1)"	"unprognostic (1.95e-3)"	"unprognostic (2.70e-3)"	"unprognostic (1.90e-1)"	"unprognostic (4.03e-1)"	"unprognostic (4.13e-2)"	"unprognostic (1.09e-2)"			"unprognostic (6.96e-2)"	"unprognostic (3.06e-2)"	"unprognostic (1.84e-2)"	"unprognostic (1.97e-1)"		"unprognostic (3.24e-1)"
SSPN	"KRAG, SPN1, SPN2"	ENSG00000123096	Sarcospan	Q14714	12	26121991-26299290	"Predicted membrane proteins"				"Evidence at protein level"	"Evidence at transcript level"	"Evidence at transcript level"	"Evidence at protein level"	"Tissue enhanced"	"Detected in many"		"tongue: 75.9"	"Cell type enhanced"	"Detected in many"		"Fibroblasts: 143.3;Leydig cells: 185.3;Peritubular cells: 264.8;Skeletal myocytes: 169.8"	"Cell type enhanced"	"Detected in all"		"astrocyte: 122.1;ependymal cell: 139.8"	"Low cancer specificity"	"Detected in many"			"Low region specificity"	"Detected in all"			"Group enriched"	"Detected in some"	12	"memory B-cell: 57.7;naive B-cell: 17.1"	"Lineage enriched"	"Detected in many"	19	"B-cells: 57.7"	"Low cancer specificity"	"Detected in many"			"Kidney - Fibroblasts, Liver - Hepatic stellate cells, Minor Salivary Gland - Fibroblasts, Prostate - Fibroblasts, Thyroid gland - Fibroblasts"	"Low region specificity"	"Detected in all"			"Low region specificity"	"Detected in all"			HPA066432			Approved	"Nucleoplasm,Nuclear membrane"			No	No			"Cluster 17: B-cells - Immunoglobulins"	"Cluster 12: Heart muscle - Cardiac muscle contraction"	"Cluster 39: Astrocytes - Mixed function"	"Cluster 15: Kidney cancer - Membrane components"	"Cluster 53: Fibroblasts - ECM organization"		"Nuclear membrane"	Nucleoplasm	"HPA066432: AB_2685669"	"potential prognostic favorable (2.81e-5)"	"unprognostic (5.25e-3)"	"unprognostic (1.79e-1)"	"unprognostic (7.97e-2)"	"unprognostic (1.32e-1)"	"unprognostic (1.15e-1)"	"unprognostic (5.49e-1)"	"potential prognostic unfavorable (3.61e-5)"	"unprognostic (4.97e-2)"	"unprognostic (1.43e-1)"	"validated prognostic favorable (7.84e-4)"	"validated prognostic favorable (4.98e-6)"	"unprognostic (5.07e-2)"		"unprognostic (9.92e-2)"	"unprognostic (5.26e-2)"	"unprognostic (4.59e-2)"	"unprognostic (6.37e-3)"	"unprognostic (3.69e-3)"	"unprognostic (6.19e-2)"	"unprognostic (1.64e-1)"	"unprognostic (7.23e-3)"	"unprognostic (1.31e-2)"	"unprognostic (1.21e-1)"	"unprognostic (8.03e-2)"	"unprognostic (2.40e-2)"	"unprognostic (2.50e-1)"	"unprognostic (1.41e-3)"	"unprognostic (3.93e-2)"	"unprognostic (1.11e-1)"	"unprognostic (6.26e-2)"
STEAP1B		ENSG00000105889	"STEAP family member 1B"	Q6NZ63	7	22419444-22727613	"Predicted membrane proteins"				"Evidence at protein level"	"Evidence at transcript level"	"Evidence at protein level"	"Evidence at protein level"	"Tissue enhanced"	"Detected in some"		"choroid plexus: 5.5"	"Cell type enriched"	"Detected in some"	4	"Oligodendrocytes: 121.0"	"Group enriched"	"Detected in all"	5	"central nervous system macrophage: 169.6;choroid plexus epithelial cell: 285.6;oligodendrocyte: 84.4"	"Cancer enhanced"	"Detected in many"		"Skin Cuteneous Melanoma (TCGA): 17.2"	"Low region specificity"	"Detected in all"			"Group enriched"	"Detected in some"	67	"memory B-cell: 8.4;naive B-cell: 4.9"	"Lineage enriched"	"Detected in single"	85	"B-cells: 8.4"	"Cancer enhanced"	"Detected in many"		"skin cancer: 30.8"	"Breast - Endothelial cells, Testis - Spermatocytes"																NA	NA			"Cluster 34: B-cells - Unknown function"	"Cluster 60: Choroid plexus - Transmembrane transport"	"Cluster 28: Oligodendrocytes - Mixed function"	"Cluster 72: Neuronal - Signal transduction"	"Cluster 51: Oligodendrocytes - Unknown function"	3				"potential prognostic unfavorable (5.39e-4)"			"unprognostic (1.07e-2)"		"unprognostic (2.58e-2)"	"unprognostic (4.56e-2)"	"unprognostic (1.25e-1)"	"unprognostic (1.09e-1)"							"unprognostic (4.68e-3)"	"unprognostic (6.36e-3)"	"unprognostic (2.99e-1)"	"unprognostic (7.53e-2)"	"unprognostic (6.61e-3)"				"unprognostic (5.44e-2)"		"unprognostic (8.62e-2)"	"unprognostic (4.37e-2)"		"unprognostic (1.68e-2)"		"potential prognostic unfavorable (3.55e-6)"
STK33		ENSG00000130413	"Serine/threonine kinase 33"	Q9BYT3	11	8391868-8594289	"Enzymes, Predicted intracellular proteins"		"Kinase, Serine/threonine-protein kinase, Transferase"		"Evidence at protein level"	"Evidence at protein level"	"Evidence at protein level"	"Evidence at protein level"	"Tissue enhanced"	"Detected in many"		"choroid plexus: 39.5;testis: 47.0"	"Cell type enhanced"	"Detected in many"		"Astrocytes: 202.8;Ciliated cells: 166.6;Early spermatids: 111.2;Late spermatids: 152.4;Oligodendrocyte precursor cells: 110.4;Rod photoreceptor cells: 84.1;Spermatocytes: 132.5"	"Cell type enhanced"	"Detected in all"		"choroid plexus epithelial cell: 1194.0;ependymal cell: 1309.6"	"Low cancer specificity"	"Detected in many"			"Low region specificity"	"Detected in all"			"Group enriched"	"Detected in some"	4	"memory B-cell: 3.4;naive B-cell: 2.0"	"Lineage enriched"	"Detected in single"	5	"B-cells: 3.4"	"Low cancer specificity"	"Detected in many"			"Adipose visceral - Mesothelial cells, Heart muscle - Cardiomyocytes, Lung - Respiratory ciliated cells, Testis - Early spermatids, Thyroid gland - Thyroid glandular cells"	"Low region specificity"	"Detected in many"			"Low region specificity"	"Detected in all"			"HPA015742, HPA056855"	Uncertain		Approved	"Nucleoplasm,Nucleoli,Cytosol,Flagellar centriole,Mid piece"			NA	NA			"Cluster 43: Non-specific - Transcription & Translation"	"Cluster 8: Ciliated cells - Cilium organization"	"Cluster 3: Choroid plexus - Cilium"	"Cluster 65: Non-specific - Unknown function"	"Cluster 42: Ciliated cells - Cilium assembly"	8	"Nucleoplasm, Flagellar centriole"	"Nucleoli, Cytosol, Mid piece"	"HPA015742: AB_1857592, HPA056855: AB_2683257"	"unprognostic (2.35e-1)"		"unprognostic (3.34e-2)"	"unprognostic (4.96e-1)"	"unprognostic (8.89e-3)"	"unprognostic (4.71e-2)"	"unprognostic (2.17e-1)"	"unprognostic (2.18e-1)"		"unprognostic (5.01e-2)"	"unprognostic (7.01e-2)"	"unprognostic (1.18e-1)"	"unprognostic (3.81e-2)"			"potential prognostic favorable (5.51e-5)"	"unprognostic (6.66e-2)"	"unprognostic (1.69e-2)"	"unprognostic (1.28e-1)"	"unprognostic (7.30e-2)"	"unprognostic (1.75e-1)"	"unprognostic (5.47e-2)"	"unprognostic (2.51e-3)"	"unprognostic (7.07e-2)"		"unprognostic (1.29e-1)"		"unprognostic (4.62e-2)"	"unprognostic (3.87e-1)"	"unprognostic (1.80e-1)"	"unprognostic (2.09e-2)"
STX7		ENSG00000079950	"Syntaxin 7"	O15400	6	132445867-132513198	"Plasma proteins, Predicted intracellular proteins, Predicted membrane proteins"				"Evidence at protein level"	"Evidence at protein level"	"Evidence at protein level"	"Evidence at protein level"	"Low tissue specificity"	"Detected in all"			"Low cell type specificity"	"Detected in many"			"Cell type enhanced"	"Detected in all"		"central nervous system macrophage: 569.5"	"Low cancer specificity"	"Detected in all"			"Low region specificity"	"Detected in all"			"Group enriched"	"Detected in all"	5	"basophil: 53.6;classical monocyte: 51.6;eosinophil: 49.2;intermediate monocyte: 58.1;memory B-cell: 86.2;myeloid DC: 61.6;naive B-cell: 107.2;neutrophil: 83.5;non-classical monocyte: 61.9;plasmacytoid DC: 74.0"	"Low lineage specificity"	"Detected in all"			"Low cancer specificity"	"Detected in all"				"Low region specificity"	"Detected in all"			"Low region specificity"	"Detected in all"			"HPA001467, CAB062564"	Enhanced		Supported	Lysosomes			NA	NA		500000	"Cluster 2: Dendritic cells - Unknown function"	"Cluster 70: Lymphoid tissue - Immune response"	"Cluster 28: Oligodendrocytes - Mixed function"	"Cluster 9: Skin cancer - Melanin biosynthesis"	"Cluster 73: B-cells - B-cell function"	148	Lysosomes		"CAB062564: AB_2665605, HPA001467: AB_1857623"	"unprognostic (4.36e-2)"	"unprognostic (1.94e-2)"	"unprognostic (5.61e-2)"	"potential prognostic unfavorable (6.87e-6)"	"unprognostic (2.00e-1)"	"unprognostic (2.48e-1)"	"unprognostic (2.70e-1)"	"unprognostic (2.24e-1)"	"unprognostic (4.09e-1)"	"unprognostic (4.07e-3)"	"potential prognostic favorable (1.82e-10)"	"unprognostic (2.99e-3)"	"unprognostic (3.30e-2)"	"potential prognostic unfavorable (6.53e-5)"	"unprognostic (3.51e-2)"	"unprognostic (2.01e-1)"	"unprognostic (3.75e-1)"	"potential prognostic unfavorable (1.12e-4)"	"unprognostic (7.30e-3)"	"unprognostic (5.58e-3)"	"unprognostic (1.47e-3)"	"unprognostic (2.46e-2)"	"unprognostic (5.33e-2)"	"unprognostic (3.90e-1)"	"unprognostic (1.53e-2)"	"unprognostic (1.21e-1)"	"unprognostic (9.52e-2)"	"unprognostic (1.61e-1)"	"unprognostic (3.52e-1)"	"unprognostic (2.75e-1)"	"unprognostic (1.02e-1)"
SYBU	"FLJ20366, GOLSYN, KIAA1472, OCSYN, SNPHL"	ENSG00000147642	Syntabulin	Q9NX95	8	109573978-109691791	"Predicted intracellular proteins, Predicted membrane proteins"				"Evidence at protein level"	"Evidence at protein level"	"Evidence at protein level"	"Evidence at protein level"	"Tissue enhanced"	"Detected in many"		"brain: 94.8;pancreas: 136.1"	"Cell type enhanced"	"Detected in many"		"Excitatory neurons: 193.8;Inhibitory neurons: 124.2"	"Low cell type specificity"	"Detected in all"			"Low cancer specificity"	"Detected in all"			"Low region specificity"	"Detected in all"			"Group enriched"	"Detected in some"	21	"memory B-cell: 6.5;naive B-cell: 3.2"	"Lineage enriched"	"Detected in single"	27	"B-cells: 6.5"	"Low cancer specificity"	"Detected in many"			"Adrenal gland - Adrenal cortex cells"	"Low region specificity"	"Detected in all"			"Low region specificity"	"Detected in all"			HPA053057	Uncertain		Supported	Vesicles			NA	NA			"Cluster 17: B-cells - Immunoglobulins"	"Cluster 32: Endocrine & Neural - Unknown function"	"Cluster 56: Hypothalamus - Neuropeptide signaling"	"Cluster 57: Stomach & Colon cancer - Digestion"	"Cluster 8: Neurons - Neuronal signaling"	6	Vesicles		"HPA053057: AB_2682028"	"unprognostic (1.19e-1)"	"unprognostic (2.03e-1)"	"unprognostic (1.23e-1)"	"unprognostic (1.24e-1)"	"unprognostic (2.66e-1)"	"unprognostic (1.16e-1)"	"unprognostic (9.39e-2)"	"unprognostic (2.00e-2)"	"unprognostic (8.55e-2)"	"unprognostic (1.86e-1)"	"unprognostic (1.05e-2)"	"unprognostic (3.52e-3)"	"unprognostic (3.42e-3)"	"unprognostic (1.25e-3)"	"unprognostic (3.63e-1)"	"unprognostic (2.52e-1)"	"unprognostic (1.65e-1)"	"unprognostic (5.62e-2)"	"unprognostic (7.60e-2)"	"unprognostic (2.27e-2)"	"unprognostic (1.36e-1)"	"unprognostic (2.05e-1)"	"unprognostic (1.59e-2)"	"unprognostic (8.71e-2)"	"unprognostic (6.17e-2)"	"unprognostic (2.74e-1)"	"unprognostic (1.58e-1)"	"unprognostic (2.47e-1)"	"unprognostic (1.11e-1)"	"unprognostic (6.65e-2)"	"unprognostic (9.65e-2)"
SYK		ENSG00000165025	"Spleen associated tyrosine kinase"	P43405	9	90801787-90898549	"Cancer-related genes, Disease related genes, Enzymes, FDA approved drug targets, Human disease related genes, Predicted intracellular proteins"	"Adaptive immunity, Angiogenesis, Host-virus interaction, Immunity, Innate immunity"	"Kinase, Transferase, Tyrosine-protein kinase"	"Cancer-related genes, Disease variant, FDA approved drug targets"	"Evidence at protein level"	"Evidence at protein level"	"Evidence at protein level"	"Evidence at protein level"	"Tissue enhanced"	"Detected in many"		"lymphoid tissue: 71.8;parathyroid gland: 84.6"	"Cell type enhanced"	"Detected in many"		"B-cells: 89.8;dendritic cells: 120.6;Hofbauer cells: 79.8;Kupffer cells: 86.8;Macrophages: 101.8;Microglial cells: 109.1;Plasma cells: 83.1"	"Cell type enriched"	"Detected in many"	9	"central nervous system macrophage: 863.3"	"Low cancer specificity"	"Detected in all"			"Low region specificity"	"Detected in all"			"Group enriched"	"Detected in many"	13	"classical monocyte: 77.3;eosinophil: 83.6;intermediate monocyte: 64.0;memory B-cell: 74.7;myeloid DC: 85.1;naive B-cell: 58.6;neutrophil: 112.4;NK-cell: 30.2;non-classical monocyte: 60.5;plasmacytoid DC: 63.3"	"Low lineage specificity"	"Detected in many"			"Cancer enhanced"	"Detected in many"		"lymphoma: 87.6"	"Adipose subcutaneous - Macrophages, Adipose visceral - Macrophages, Adrenal gland - Macrophages, Heart muscle - Macrophages, Lung - Macrophages, Skeletal muscle - Macrophages, Spleen - B-cells (Spleen), Testis - Sertoli cells, Thyroid gland - Thyroid glandular cells"	"Low region specificity"	"Detected in many"			"Low region specificity"	"Detected in many"			"HPA001384, CAB007773"	Enhanced		Approved	"Vesicles,Plasma membrane,Cytosol"			No	NA		240000	"Cluster 2: Dendritic cells - Unknown function"	"Cluster 16: Non-specific - Transcription"	"Cluster 20: Macrophages & Microglia - Immune response"	"Cluster 55: Lymphoma - Immune response"	"Cluster 73: B-cells - B-cell function"	62	"Plasma membrane, Cytosol"	Vesicles	"CAB007773: AB_562232, HPA001384: AB_1080144"	"unprognostic (6.27e-2)"	"unprognostic (2.37e-2)"	"unprognostic (4.53e-1)"	"unprognostic (5.02e-2)"	"unprognostic (2.18e-1)"	"unprognostic (2.01e-1)"	"unprognostic (1.65e-1)"	"unprognostic (2.28e-1)"	"unprognostic (6.54e-2)"	"unprognostic (2.96e-1)"	"unprognostic (5.34e-3)"	"unprognostic (1.63e-1)"	"unprognostic (6.25e-2)"	"unprognostic (1.47e-1)"	"unprognostic (2.07e-1)"	"unprognostic (2.39e-2)"	"unprognostic (7.45e-2)"	"unprognostic (6.36e-2)"	"unprognostic (2.53e-1)"	"unprognostic (6.92e-2)"	"unprognostic (5.50e-2)"	"unprognostic (4.90e-2)"	"unprognostic (1.88e-3)"	"unprognostic (2.17e-1)"	"unprognostic (5.82e-2)"	"unprognostic (3.26e-1)"	"unprognostic (2.47e-3)"	"unprognostic (1.77e-1)"	"unprognostic (2.77e-2)"	"unprognostic (1.50e-2)"	"unprognostic (1.13e-2)"
SYT17	Syt-17	ENSG00000103528	"Synaptotagmin 17"	Q9BSW7	16	19167971-19268332	"Predicted intracellular proteins"	Differentiation			"Evidence at protein level"	"Evidence at protein level"	"Evidence at protein level"	"Evidence at protein level"	"Tissue enhanced"	"Detected in many"		"brain: 28.4;parathyroid gland: 24.4"	"Cell type enhanced"	"Detected in many"		"Astrocytes: 86.1;Microglial cells: 49.2;Oligodendrocyte precursor cells: 107.1;Oocytes: 55.1"	"Low cell type specificity"	"Detected in all"			"Cancer enhanced"	"Detected in all"		"Kidney Chromophobe (TCGA): 57.7"	"Low region specificity"	"Detected in all"			"Group enriched"	"Detected in some"	6	"intermediate monocyte: 6.2;memory B-cell: 7.8;naive B-cell: 19.0;non-classical monocyte: 20.2"	"Group enriched"	"Detected in many"	9	"B-cells: 19.0;monocytes: 20.2"	"Low cancer specificity"	"Detected in many"			"Heart muscle - Fibroblasts"	"Low region specificity"	"Detected in all"			"Low region specificity"	"Detected in all"			HPA042059			Approved	Nucleoplasm,Cytosol			NA	NA			"Cluster 23: B-cells - Immunoglobulins"	"Cluster 33: Brain - Neuronal signaling"	"Cluster 51: Neurons - Mixed function"	"Cluster 46: Lymphoma - Humoral immune response"	"Cluster 76: Oligodendrocyte precursor - Unknown function"	37	"Nucleoplasm, Cytosol"		"HPA042059: AB_2677827"	"unprognostic (4.18e-2)"	"unprognostic (1.15e-1)"	"unprognostic (2.26e-1)"	"unprognostic (1.11e-1)"	"unprognostic (5.18e-2)"	"unprognostic (5.41e-2)"	"unprognostic (2.43e-1)"	"unprognostic (8.91e-3)"	"unprognostic (4.43e-2)"	"unprognostic (1.11e-3)"	"unprognostic (1.39e-2)"	"unprognostic (1.62e-2)"	"unprognostic (2.20e-1)"	"unprognostic (5.89e-2)"	"potential prognostic favorable (2.80e-4)"	"unprognostic (1.96e-1)"	"unprognostic (5.21e-2)"	"unprognostic (1.49e-1)"	"unprognostic (1.35e-1)"	"unprognostic (5.52e-2)"	"unprognostic (2.11e-1)"	"unprognostic (3.80e-1)"	"potential prognostic unfavorable (6.91e-6)"	"unprognostic (6.45e-2)"	"unprognostic (1.54e-1)"	"unprognostic (8.66e-3)"	"unprognostic (2.20e-1)"	"unprognostic (5.25e-2)"	"unprognostic (2.44e-1)"	"unprognostic (1.23e-3)"	"unprognostic (1.87e-1)"
TCF4	"bHLHb19, E2-2, ITF2, SEF2-1B"	ENSG00000196628	"Transcription factor 4"	P15884	18	55222185-55664787	"Disease related genes, Human disease related genes, Predicted intracellular proteins, Predicted secreted proteins, Transcription factors"	"Differentiation, Neurogenesis, Transcription, Transcription regulation"	"Activator, DNA-binding"	"Corneal dystrophy, Disease variant, Epilepsy, Intellectual disability, Primary microcephaly"	"Evidence at protein level"	"Evidence at protein level"	"Evidence at protein level"	"Evidence at protein level"	"Low tissue specificity"	"Detected in all"			"Cell type enhanced"	"Detected in many"		"Adipocytes: 788.5;dendritic cells: 1062.4;Inhibitory neurons: 1126.8;Oligodendrocyte precursor cells: 675.4"	"Low cell type specificity"	"Detected in all"			"Low cancer specificity"	"Detected in many"			"Low region specificity"	"Detected in all"			"Group enriched"	"Detected in many"	14	"memory B-cell: 174.1;naive B-cell: 147.6;plasmacytoid DC: 560.8"	"Group enriched"	"Detected in many"	33	"B-cells: 174.1;dendritic cells: 560.8"	"Cancer enhanced"	"Detected in all"		"Neuroblastoma: 66.6"	"Adipose subcutaneous - Endothelial cells, Adipose visceral - Endothelial cells, Breast - Endothelial cells, Kidney - Endothelial cells"	"Low region specificity"	"Detected in all"			"Low region specificity"	"Detected in all"			"CAB020722, HPA025958"	Approved		Supported	Nucleoplasm,Cytosol	"Secreted - unknown location"	Transcription	NA	NA			"Cluster 44: Plasmacytoid DCs - Plasma membrane proteins"	"Cluster 62: Connective tissue - ECM organization"	"Cluster 34: Non-specific - Mixed function"	"Cluster 55: Lymphoma - Immune response"	"Cluster 41: Adipocytes & Endothelial cells - Mixed function"	189	"Nucleoplasm, Cytosol"		"CAB020722: , HPA025958: AB_1857849"	"unprognostic (2.61e-2)"	"unprognostic (6.41e-2)"	"unprognostic (7.41e-3)"	"unprognostic (5.76e-3)"	"unprognostic (2.68e-1)"	"unprognostic (1.28e-1)"	"unprognostic (1.87e-1)"	"unprognostic (2.02e-2)"	"unprognostic (2.03e-2)"	"unprognostic (2.94e-3)"	"validated prognostic favorable (3.28e-7)"	"validated prognostic favorable (4.79e-6)"	"unprognostic (1.46e-1)"		"unprognostic (3.86e-2)"	"unprognostic (2.36e-2)"	"unprognostic (7.40e-2)"	"unprognostic (2.35e-1)"	"unprognostic (1.09e-2)"	"unprognostic (7.80e-2)"	"unprognostic (3.48e-3)"	"unprognostic (9.78e-2)"	"unprognostic (1.08e-1)"	"unprognostic (9.92e-2)"	"unprognostic (1.15e-1)"	"unprognostic (1.48e-2)"	"unprognostic (9.04e-3)"	"unprognostic (4.39e-2)"	"unprognostic (2.78e-1)"	"unprognostic (2.85e-3)"	"unprognostic (2.10e-1)"
TCL1B	TML1	ENSG00000213231	"TCL1 family AKT coactivator B"	O95988	14	95686426-95692628	"Predicted intracellular proteins"			Proto-oncogene	"Evidence at protein level"	"Evidence at transcript level"	"Evidence at protein level"	"Evidence at protein level"	"Tissue enhanced"	"Detected in some"		"bone marrow: 1.1;lymphoid tissue: 2.4;testis: 2.5"	"Cell type enriched"	"Detected in some"	6	"Syncytiotrophoblasts: 9.4"	"Not detected"	"Not detected"			"Cancer enriched"	"Detected in some"	43	"Testicular Germ Cell Tumor (TCGA): 84.0"	"Low region specificity"	"Detected in many"			"Group enriched"	"Detected in some"	24	"naive B-cell: 11.8;plasmacytoid DC: 6.2"	"Group enriched"	"Detected in many"	24	"B-cells: 11.8;dendritic cells: 6.2"	"Cancer enriched"	"Detected in some"	6	"lymphoma: 105.6"	"Kidney - Proximal tubular cells"					"Not detected"	"Not detected"			HPA053163	Uncertain		Approved	Cytosol			NA	NA			"Cluster 34: B-cells - Unknown function"	"Cluster 70: Lymphoid tissue - Immune response"	"Cluster 11: White matter - Signal transduction"	"Cluster 55: Lymphoma - Immune response"	"Cluster 27: Syncytiotrophoblasts - Pregnancy"	14	Cytosol		"HPA053163: AB_2682064"		"unprognostic (8.01e-2)"	"unprognostic (5.00e-1)"																										"unprognostic (2.09e-1)"		"unprognostic (1.68e-1)"
TEAD2	"ETF, TEF-4, TEF4"	ENSG00000074219	"TEA domain transcription factor 2"	Q15562	19	49340595-49362457	"Predicted intracellular proteins, Transcription factors"	"Transcription, Transcription regulation"	"Activator, DNA-binding"		"Evidence at protein level"	"Evidence at protein level"	"Evidence at protein level"	"Evidence at protein level"	"Low tissue specificity"	"Detected in many"			"Cell type enhanced"	"Detected in many"		"Ductal cells: 48.3;Early spermatids: 75.6;Late spermatids: 38.8;Lymphatic endothelial cells: 38.6"	"Cell type enhanced"	"Detected in some"		"endothelial cell: 19.4;pericyte: 30.2;vascular associated smooth muscle cell: 19.5"	"Low cancer specificity"	"Detected in all"			"Low region specificity"	"Detected in all"			"Group enriched"	"Detected in some"	22	"memory B-cell: 1.7;naive B-cell: 2.7"	"Lineage enriched"	"Detected in single"	27	"B-cells: 2.7"	"Low cancer specificity"	"Detected in many"			"Kidney - Endothelial cells, Minor Salivary Gland - Minor salivary glandular cells, Pituitary gland - Endothelial cells, Skin - Endothelial cells, Testis - Early spermatids, Testis - Late spermatids"	"Low region specificity"	"Detected in all"			"Low region specificity"	"Detected in all"			"HPA066292, HPA069963"			Supported	Nucleoplasm			NA	NA			"Cluster 23: B-cells - Immunoglobulins"	"Cluster 41: Smooth muscle tissue - ECM organization"	"Cluster 42: Choroid plexus - Mitochondria"	"Cluster 5: Rhabdoid - Unknown function"	"Cluster 45: Non-specific - Mixed function"	12	Nucleoplasm		"HPA066292: AB_2685651, HPA069963: AB_2686222"	"unprognostic (1.79e-1)"	"unprognostic (2.11e-1)"	"unprognostic (7.74e-2)"	"unprognostic (2.38e-2)"	"unprognostic (1.99e-1)"	"unprognostic (1.40e-1)"	"unprognostic (2.41e-2)"	"unprognostic (2.73e-2)"	"unprognostic (3.66e-1)"	"unprognostic (1.27e-2)"	"unprognostic (3.16e-2)"	"unprognostic (4.39e-2)"	"unprognostic (2.66e-2)"	"potential prognostic unfavorable (2.41e-4)"	"unprognostic (2.91e-2)"	"unprognostic (1.64e-1)"	"unprognostic (2.07e-1)"	"unprognostic (1.96e-1)"	"unprognostic (1.85e-1)"	"unprognostic (3.08e-1)"	"unprognostic (3.38e-1)"	"unprognostic (4.41e-3)"	"unprognostic (5.42e-2)"	"unprognostic (1.36e-1)"	"unprognostic (4.41e-1)"	"unprognostic (2.56e-1)"	"unprognostic (1.40e-2)"	"unprognostic (2.19e-2)"	"unprognostic (7.16e-2)"	"unprognostic (1.71e-1)"	"unprognostic (1.86e-1)"
TEX9		ENSG00000151575	"Testis expressed 9"	Q8N6V9	15	56243971-56445997	"Predicted intracellular proteins"				"Evidence at protein level"	"Evidence at transcript level"	"Evidence at protein level"	"Evidence at protein level"	"Low tissue specificity"	"Detected in many"			"Cell type enhanced"	"Detected in many"		"Ciliated cells: 93.8;Early spermatids: 117.0;Oocytes: 55.9;Spermatocytes: 70.5"	"Cell type enhanced"	"Detected in all"		"ependymal cell: 500.8"	"Low cancer specificity"	"Detected in many"			"Low region specificity"	"Detected in all"			"Group enriched"	"Detected in some"	4	"memory B-cell: 10.0;naive B-cell: 8.5"	"Lineage enriched"	"Detected in many"	5	"B-cells: 10.0"	"Low cancer specificity"	"Detected in all"			"Lung - Respiratory ciliated cells, Skeletal muscle - Fibroblasts, Testis - Early spermatids"	"Low region specificity"	"Detected in all"			"Low region specificity"	"Detected in all"			"HPA039415, HPA042036"	Uncertain		Approved	"Nucleoplasm,Nucleoli fibrillar center,Vesicles,Primary cilium,Centrosome,Basal body,Cytosol"			NA	NA			"Cluster 32: Basophils - Transcription"	"Cluster 74: Spermatids - Flagellum assembly"	"Cluster 3: Choroid plexus - Cilium"	"Cluster 10: Ciliated cells - Ion channel activity"	"Cluster 42: Ciliated cells - Cilium assembly"	14	"Primary cilium, Centrosome, Cytosol"	"Nucleoplasm, Nucleoli fibrillar center, Vesicles, Basal body"	"HPA039415: AB_10672775, HPA042036: "	"unprognostic (2.81e-1)"	"unprognostic (1.08e-1)"	"unprognostic (1.18e-1)"	"unprognostic (1.02e-1)"	"unprognostic (3.24e-1)"	"unprognostic (5.00e-2)"	"unprognostic (2.21e-1)"	"unprognostic (2.18e-1)"	"unprognostic (9.42e-2)"	"unprognostic (1.21e-3)"	"potential prognostic favorable (1.05e-6)"	"unprognostic (2.61e-3)"	"unprognostic (4.91e-2)"		"unprognostic (4.28e-1)"	"unprognostic (5.79e-2)"	"unprognostic (6.87e-2)"	"unprognostic (2.14e-1)"	"unprognostic (9.62e-2)"	"unprognostic (1.11e-1)"	"unprognostic (4.40e-2)"	"unprognostic (2.41e-2)"	"unprognostic (1.69e-1)"	"unprognostic (4.30e-2)"	"unprognostic (1.22e-2)"	"unprognostic (4.02e-1)"	"unprognostic (2.58e-2)"	"unprognostic (2.28e-1)"	"unprognostic (6.78e-2)"	"unprognostic (3.38e-2)"	"unprognostic (1.66e-1)"
TFEB	"bHLHe35, TCFEB"	ENSG00000112561	"Transcription factor EB"	P19484	6	41683978-41736259	"Cancer-related genes, Predicted intracellular proteins, Transcription factors"	"Adaptive immunity, Autophagy, Immunity, Transcription, Transcription regulation"	"Activator, DNA-binding"	"Cancer-related genes"	"Evidence at protein level"	"Evidence at protein level"	"Evidence at protein level"	"Evidence at protein level"	"Tissue enhanced"	"Detected in all"		"skeletal muscle: 86.7"	"Cell type enhanced"	"Detected in many"		"Oligodendrocytes: 90.6;Syncytiotrophoblasts: 103.0"	"Cell type enhanced"	"Detected in many"		"central nervous system macrophage: 101.2;committed oligodendrocyte precursor: 132.0;oligodendrocyte: 207.2"	"Low cancer specificity"	"Detected in all"			"Low region specificity"	"Detected in all"			"Group enriched"	"Detected in many"	6	"classical monocyte: 16.1;eosinophil: 17.0;intermediate monocyte: 16.4;memory B-cell: 34.3;myeloid DC: 14.8;naive B-cell: 22.7;neutrophil: 47.5;non-classical monocyte: 14.2"	"Low lineage specificity"	"Detected in all"			"Cancer enhanced"	"Detected in all"		"lymphoma: 44.7"	"Spleen - B-cells (Spleen)"	"Low region specificity"	"Detected in all"			"Low region specificity"	"Detected in all"			HPA067082			Supported	Cytosol			NA	NA			"Cluster 7: Non-specific - Innate immune response"	"Cluster 54: Non-specific - Basic cellular processes"	"Cluster 11: White matter - Signal transduction"	"Cluster 55: Lymphoma - Immune response"	"Cluster 73: B-cells - B-cell function"	9	Cytosol		"HPA067082: "	"unprognostic (1.54e-1)"	"potential prognostic favorable (9.05e-4)"	"unprognostic (1.06e-1)"	"unprognostic (4.40e-3)"	"unprognostic (3.76e-1)"	"unprognostic (2.95e-2)"	"unprognostic (9.97e-2)"	"unprognostic (3.81e-3)"	"unprognostic (1.47e-1)"	"unprognostic (1.01e-1)"	"potential prognostic favorable (3.93e-8)"	"unprognostic (7.49e-3)"	"unprognostic (4.60e-3)"	"unprognostic (1.16e-1)"	"unprognostic (3.03e-1)"	"unprognostic (2.64e-3)"	"unprognostic (3.02e-2)"	"unprognostic (9.96e-2)"	"unprognostic (5.82e-2)"	"unprognostic (3.71e-2)"	"unprognostic (3.87e-1)"	"unprognostic (8.04e-3)"	"unprognostic (7.10e-3)"	"unprognostic (8.49e-2)"	"unprognostic (1.67e-1)"	"unprognostic (2.81e-2)"	"unprognostic (3.14e-3)"	"unprognostic (1.59e-1)"	"unprognostic (1.32e-3)"	"unprognostic (8.07e-2)"	"unprognostic (2.48e-2)"
TFEC	"bHLHe34, TCFEC, TFECL"	ENSG00000105967	"Transcription factor EC"	O14948	7	115935148-116159896	"Predicted intracellular proteins, Transcription factors"	"Transcription, Transcription regulation"	"Activator, DNA-binding, Repressor"		"Evidence at protein level"	"Evidence at protein level"	"Evidence at protein level"	"Evidence at protein level"	"Tissue enhanced"	"Detected in many"		"bone marrow: 17.0;kidney: 19.7;lymphoid tissue: 21.6"	"Cell type enhanced"	"Detected in some"		"dendritic cells: 23.0;Hofbauer cells: 47.7;Kupffer cells: 51.4;Macrophages: 68.8;Microglial cells: 57.3;Proximal tubular cells: 80.3"	"Cell type enriched"	"Detected in some"	13	"central nervous system macrophage: 315.3"	"Cancer enhanced"	"Detected in many"		"Kidney Renal Clear Cell Carcinoma (TCGA): 15.1"	"Low region specificity"	"Detected in all"			"Group enriched"	"Detected in many"	10	"classical monocyte: 7.1;intermediate monocyte: 2.8;memory B-cell: 3.8;myeloid DC: 6.3;naive B-cell: 2.5;plasmacytoid DC: 3.3"	"Group enriched"	"Detected in many"	29	"B-cells: 3.8;dendritic cells: 6.3;monocytes: 7.1"	"Group enriched"	"Detected in some"	13	"Leukemia: 12.5;lymphoma: 21.4;Rhabdoid: 6.6"	"Adipose subcutaneous - Macrophages, Adipose visceral - Macrophages, Adrenal gland - Macrophages, Breast - Macrophages, Colon - Macrophages, Heart muscle - Macrophages, Kidney - Proximal tubular cells, Liver - Kupffer cells, Lung - Macrophages, Minor Salivary Gland - Macrophages, Pancreas - Macrophages, Prostate - Macrophages, Skeletal muscle - Macrophages, Stomach - Macrophages, Thyroid gland - Macrophages"	"Not detected"	"Not detected"			"Low region specificity"	"Detected in many"			"CAB032260, HPA050528, HPA063577"	Approved		Supported	Nucleoplasm,Cytosol			NA	NA			"Cluster 2: Dendritic cells - Unknown function"	"Cluster 70: Lymphoid tissue - Immune response"	"Cluster 20: Macrophages & Microglia - Immune response"	"Cluster 55: Lymphoma - Immune response"	"Cluster 58: Macrophages - Innate immune response"	3	Nucleoplasm	Cytosol	"CAB032260: AB_2202845, HPA050528: , HPA063577: AB_2685047"	"unprognostic (2.57e-1)"	"unprognostic (1.01e-1)"	"unprognostic (1.90e-2)"	"unprognostic (9.86e-3)"	"unprognostic (6.54e-2)"	"unprognostic (1.62e-1)"	"unprognostic (7.37e-2)"	"unprognostic (1.82e-1)"	"unprognostic (4.71e-2)"		"potential prognostic favorable (1.89e-7)"	"unprognostic (7.76e-3)"	"unprognostic (7.05e-3)"		"unprognostic (1.32e-1)"	"unprognostic (9.83e-3)"	"unprognostic (5.99e-2)"	"unprognostic (1.09e-1)"	"unprognostic (4.23e-1)"	"unprognostic (1.34e-1)"	"unprognostic (8.23e-2)"	"unprognostic (3.18e-1)"	"unprognostic (1.68e-2)"			"unprognostic (8.69e-3)"		"unprognostic (3.01e-1)"	"unprognostic (2.33e-2)"	"unprognostic (1.74e-1)"	
THRB	"ERBA-BETA, ERBA2, GRTH, NR1A2, PRTH, THR1, THRB1, THRB2, TRbeta"	ENSG00000151090	"Thyroid hormone receptor beta"	P10828	3	24117153-24495756	"Cancer-related genes, Disease related genes, FDA approved drug targets, Human disease related genes, Nuclear receptors, Predicted intracellular proteins, Transcription factors"	"Transcription, Transcription regulation"	"DNA-binding, Receptor"	"Cancer-related genes, Deafness, Disease variant, FDA approved drug targets"	"Evidence at protein level"	"Evidence at protein level"	"Evidence at protein level"	"Evidence at protein level"	"Low tissue specificity"	"Detected in many"			"Cell type enhanced"	"Detected in many"		"Astrocytes: 188.9;Excitatory neurons: 665.2;Inhibitory neurons: 603.8;Oligodendrocyte precursor cells: 308.9"	"Low cell type specificity"	"Detected in all"			"Low cancer specificity"	"Detected in all"			"Low region specificity"	"Detected in all"			"Group enriched"	"Detected in some"	5	"basophil: 7.2;naive B-cell: 2.3"	"Group enriched"	"Detected in many"	15	"B-cells: 2.3;granulocytes: 7.2"	"Cancer enhanced"	"Detected in many"		"Gallbladder cancer: 36.0"	"Liver - Hepatocytes, Pituitary gland - Lactotropes, Thyroid gland - Fibroblasts"	"Low region specificity"	"Detected in all"			"Low region specificity"	"Detected in all"			"CAB002008, CAB002009, HPA061035"	Approved		Supported	"Nuclear bodies"			NA	NA			"Cluster 20: Non-specific - DNA binding"	"Cluster 3: Non-specific - Unknown function"	"Cluster 53: Neurons - Mixed function"	"Cluster 10: Ciliated cells - Ion channel activity"	"Cluster 69: Neurons - Neuronal signaling"	18	"Nuclear bodies"		"CAB002008: , CAB002009: , HPA061035: AB_2684422"	"unprognostic (4.40e-3)"	"unprognostic (1.87e-1)"	"unprognostic (1.16e-1)"	"unprognostic (9.05e-2)"	"unprognostic (4.98e-2)"	"unprognostic (1.24e-2)"	"unprognostic (2.97e-1)"	"unprognostic (6.13e-2)"	"unprognostic (3.55e-2)"	"unprognostic (8.18e-2)"	"validated prognostic favorable (1.53e-10)"	"validated prognostic favorable (5.86e-4)"	"unprognostic (1.74e-2)"	"unprognostic (1.92e-1)"	"unprognostic (1.44e-2)"	"unprognostic (1.92e-2)"	"unprognostic (2.23e-1)"	"unprognostic (2.58e-2)"	"unprognostic (2.63e-2)"	"unprognostic (7.72e-2)"	"unprognostic (8.92e-3)"	"unprognostic (1.94e-1)"	"unprognostic (9.52e-2)"	"unprognostic (6.19e-2)"	"unprognostic (1.87e-1)"	"unprognostic (5.30e-2)"	"unprognostic (1.17e-1)"	"potential prognostic unfavorable (7.53e-4)"	"unprognostic (1.98e-1)"	"unprognostic (2.79e-3)"	"unprognostic (1.37e-3)"
TNFRSF17	"BCM, BCMA, CD269, TNFRSF13A"	ENSG00000048462	"TNF receptor superfamily member 17"	Q02223	16	11965210-11968068	"Cancer-related genes, CD markers, Disease related genes, FDA approved drug targets, Predicted intracellular proteins, Predicted membrane proteins"	"Adaptive immunity, Immunity"	Receptor	"Cancer-related genes, FDA approved drug targets, Proto-oncogene"	"Evidence at protein level"	"Evidence at transcript level"	"Evidence at protein level"	"Evidence at protein level"	"Tissue enhanced"	"Detected in many"		"intestine: 28.2;lymphoid tissue: 46.5;stomach 1: 23.7"	"Cell type enriched"	"Detected in some"	15	"Plasma cells: 469.6"	"Not detected"	"Not detected"			"Low cancer specificity"	"Detected in many"			"Low region specificity"	"Detected in all"			"Group enriched"	"Detected in some"	63	"memory B-cell: 125.4;naive B-cell: 109.1;plasmacytoid DC: 103.5"	"Group enriched"	"Detected in many"	64	"B-cells: 125.4;dendritic cells: 103.5"	"Cancer enriched"	"Detected in some"	9	"Myeloma: 608.0"	"Adipose visceral - Plasma cells, Breast - Plasma cells, Liver - Plasma cells, Lung - Plasma cells, Minor Salivary Gland - Plasma cells, Pancreas - Plasma cells, Prostate - Plasma cells, Stomach - Plasma cells, Testis - Early spermatids, Thyroid gland - Plasma cells"	"Not detected"	"Not detected"			"Low region specificity"	"Detected in all"			HPA010569			Approved	"Golgi apparatus,Mitotic spindle"			Yes	NA		1200000	"Cluster 23: B-cells - Immunoglobulins"	"Cluster 70: Lymphoid tissue - Immune response"	"Cluster 34: Non-specific - Mixed function"	"Cluster 51: Myeloma - Immunoglobulins"	"Cluster 77: Plasma cells - Protein processing"	4	"Golgi apparatus"	"Mitotic spindle"	"HPA010569: AB_10602482"	"unprognostic (2.60e-1)"	"potential prognostic favorable (4.93e-6)"	"unprognostic (2.36e-1)"	"unprognostic (1.52e-2)"	"unprognostic (2.36e-2)"	"unprognostic (7.16e-2)"			"potential prognostic favorable (2.70e-6)"		"unprognostic (3.19e-3)"	"unprognostic (1.48e-1)"	"potential prognostic unfavorable (1.56e-4)"			"unprognostic (6.38e-3)"	"unprognostic (9.62e-3)"	"unprognostic (2.80e-1)"	"unprognostic (8.38e-2)"	"unprognostic (1.30e-2)"		"unprognostic (3.65e-1)"			"unprognostic (4.26e-3)"	"unprognostic (4.10e-1)"	"unprognostic (9.75e-2)"	"unprognostic (1.45e-1)"	"unprognostic (1.65e-1)"	"unprognostic (2.65e-2)"	"unprognostic (1.19e-1)"
TNS3	"FLJ13732, H_NH0549I23.2, TEM6, TENS1"	ENSG00000136205	"Tensin 3"	Q68CZ2	7	47275154-47582558	"Predicted intracellular proteins"		"Hydrolase, Protein phosphatase"		"Evidence at protein level"	"Evidence at protein level"	"Evidence at protein level"	"Evidence at protein level"	"Low tissue specificity"	"Detected in all"			"Cell type enhanced"	"Detected in many"		"Astrocytes: 86.1;Oligodendrocyte precursor cells: 141.5"	"Cell type enhanced"	"Detected in many"		"central nervous system macrophage: 440.5;committed oligodendrocyte precursor: 1548.4"	"Low cancer specificity"	"Detected in all"			"Low region specificity"	"Detected in all"			"Group enriched"	"Detected in many"	6	"classical monocyte: 4.3;intermediate monocyte: 2.8;memory B-cell: 2.3;myeloid DC: 3.2;naive B-cell: 1.8;non-classical monocyte: 4.0;plasmacytoid DC: 3.8"	"Group enriched"	"Detected in many"	6	"B-cells: 2.3;dendritic cells: 3.8;monocytes: 4.3"	"Low cancer specificity"	"Detected in all"			"Adipose subcutaneous - Adipocytes (Subcutaneous), Testis - Sertoli cells"	"Low region specificity"	"Detected in all"			"Low region specificity"	"Detected in all"			"HPA055338, HPA056015"	Approved		Enhanced	"Focal adhesion sites"			NA	NA		3600	"Cluster 2: Dendritic cells - Unknown function"	"Cluster 34: Non-specific - Mixed function"	"Cluster 44: Non-specific - Mixed function"	"Cluster 67: Non-specific - Unknown function"	"Cluster 58: Macrophages - Innate immune response"	17	"Focal adhesion sites"		"HPA055338: AB_2682789, HPA056015: AB_2683010"	"unprognostic (5.58e-3)"	"unprognostic (9.93e-2)"	"unprognostic (1.29e-1)"	"unprognostic (6.92e-3)"	"unprognostic (2.26e-1)"	"unprognostic (1.52e-1)"	"unprognostic (5.84e-2)"	"unprognostic (2.00e-1)"	"unprognostic (6.63e-2)"	"unprognostic (6.99e-2)"	"potential prognostic favorable (7.81e-6)"	"unprognostic (2.03e-3)"	"unprognostic (2.56e-1)"	"unprognostic (2.26e-1)"	"unprognostic (1.63e-1)"	"unprognostic (2.25e-1)"	"unprognostic (1.45e-3)"	"unprognostic (1.39e-1)"	"unprognostic (2.33e-1)"	"unprognostic (2.06e-2)"	"unprognostic (3.12e-2)"	"unprognostic (2.39e-1)"	"unprognostic (2.18e-2)"	"unprognostic (1.05e-1)"	"unprognostic (2.90e-2)"	"unprognostic (7.43e-3)"	"unprognostic (5.25e-2)"	"unprognostic (4.71e-2)"	"unprognostic (1.45e-1)"	"unprognostic (4.88e-2)"	"unprognostic (2.19e-1)"
TRBJ2-2P	TRBJ22P	ENSG00000211766	"T cell receptor beta joining 2-2P (non-functional)"		7	142796697-142796742	"Predicted intracellular proteins, T-cell receptor genes"				"Evidence at transcript level"	"Evidence at transcript level"			"Tissue enhanced"	"Detected in many"		"bone marrow: 17.1;intestine: 11.9;lymphoid tissue: 34.2"	"Not detected"	"Not detected"			"Not detected"	"Not detected"			"Low cancer specificity"	"Detected in many"			"Low region specificity"	"Detected in many"			"Group enriched"	"Detected in all"	28	"gdT-cell: 1438.8;MAIT T-cell: 471.3;memory B-cell: 1305.9;memory CD4 T-cell: 570.4;memory CD8 T-cell: 549.2;naive B-cell: 1403.5;naive CD4 T-cell: 517.8;naive CD8 T-cell: 583.7;NK-cell: 993.0;T-reg: 1286.1"	"Group enriched"	"Detected in all"	40	"B-cells: 1403.5;NK-cells: 993.0;T-cells: 1438.8"	"Group enriched"	"Detected in many"	6	"Leukemia: 33.8;lymphoma: 37.1;Myeloma: 13.7"																	NA	NA			"Cluster 24: Non-specific - Transcription"		"Cluster 38: Sub-cortical - Mixed function"	"Cluster 59: Leukemia - T-cell receptor"						"unprognostic (8.01e-1)"	"unprognostic (1.14e-1)"		"unprognostic (4.69e-1)"	"unprognostic (2.31e-1)"	"unprognostic (6.72e-2)"			"potential prognostic favorable (1.66e-4)"		"potential prognostic favorable (9.17e-4)"	"unprognostic (9.61e-2)"				"unprognostic (3.39e-3)"	"unprognostic (1.38e-2)"	"unprognostic (1.73e-1)"	"unprognostic (1.62e-1)"	"unprognostic (1.33e-1)"		"unprognostic (5.23e-2)"		"unprognostic (6.28e-1)"		"unprognostic (7.49e-2)"		"unprognostic (1.18e-1)"	"unprognostic (5.98e-2)"	"unprognostic (3.52e-2)"	
TRBJ2-3	"TCRBJ2S3, TRBJ23"	ENSG00000211767	"T cell receptor beta joining 2-3"	A0A0B4J200	7	142796847-142796895	"Predicted intracellular proteins, T-cell receptor genes"	"Adaptive immunity, Immunity"	Receptor		"Evidence at protein level"	"Evidence at transcript level"	"Evidence at protein level"	"Evidence at transcript level"	"Tissue enhanced"	"Detected in many"		"lymphoid tissue: 84.7"	"Not detected"	"Not detected"			"Not detected"	"Not detected"			"Low cancer specificity"	"Detected in all"			"Region enhanced"	"Detected in all"		"thalamus: 42.8"	"Group enriched"	"Detected in all"	12	"gdT-cell: 1491.2;MAIT T-cell: 910.2;memory B-cell: 1213.3;memory CD4 T-cell: 1125.9;memory CD8 T-cell: 1157.0;naive B-cell: 1432.5;naive CD4 T-cell: 1108.3;naive CD8 T-cell: 1034.7;NK-cell: 937.1;T-reg: 2323.3"	"Group enriched"	"Detected in all"	15	"B-cells: 1432.5;NK-cells: 937.1;T-cells: 2323.3"	"Group enriched"	"Detected in many"	6	"Leukemia: 77.1;lymphoma: 122.5;Myeloma: 45.1"	"Adipose visceral - T-cells, Breast - T-cells, Lung - T-cells, Spleen - T-cells, Thyroid gland - T-cells"																NA	NA			"Cluster 43: Non-specific - Transcription & Translation"		"Cluster 38: Sub-cortical - Mixed function"	"Cluster 59: Leukemia - T-cell receptor"	"Cluster 7: T-cells - T-cell receptor"					"unprognostic (5.34e-1)"	"unprognostic (2.17e-3)"		"unprognostic (1.12e-1)"	"unprognostic (8.93e-2)"	"unprognostic (2.42e-1)"	"unprognostic (2.40e-3)"		"potential prognostic favorable (7.53e-4)"	"unprognostic (4.20e-1)"	"unprognostic (4.71e-2)"	"unprognostic (1.16e-2)"	"unprognostic (1.16e-1)"	"unprognostic (3.07e-2)"		"unprognostic (5.14e-2)"	"unprognostic (3.43e-3)"	"unprognostic (1.91e-1)"	"unprognostic (7.06e-2)"	"unprognostic (2.19e-1)"		"unprognostic (2.98e-1)"		"unprognostic (3.35e-1)"	"unprognostic (1.89e-2)"	"unprognostic (1.98e-2)"	"unprognostic (1.36e-1)"	"unprognostic (1.90e-1)"	"unprognostic (5.09e-2)"	"unprognostic (2.22e-1)"	
TSPAN3	"TM4-A, TM4SF8, TSPAN-3"	ENSG00000140391	"Tetraspanin 3"	O60637	15	77041404-77083984	"Predicted intracellular proteins, Predicted membrane proteins, Transporters"				"Evidence at protein level"	"Evidence at transcript level"	"Evidence at transcript level"	"Evidence at protein level"	"Low tissue specificity"	"Detected in all"			"Cell type enhanced"	"Detected in all"		"Cone photoreceptor cells: 608.3;Mesothelial cells: 489.5;Muller glia cells: 467.7"	"Low cell type specificity"	"Detected in all"			"Low cancer specificity"	"Detected in all"			"Low region specificity"	"Detected in all"			"Group enriched"	"Detected in all"	4	"memory B-cell: 482.8;naive B-cell: 490.1;plasmacytoid DC: 313.6"	"Group enriched"	"Detected in all"	5	"B-cells: 490.1;dendritic cells: 313.6"	"Low cancer specificity"	"Detected in all"			"Adipose subcutaneous - Adipocytes (Subcutaneous), Breast - Adipocytes (Breast), Lung - Alveolar cells type 2, Skin - Fibroblast_1, Thyroid gland - Thyroid glandular cells"	"Low region specificity"	"Detected in all"			"Low region specificity"	"Detected in all"			HPA015996	Uncertain		Approved	"Nucleoplasm,Golgi apparatus"			NA	NA			"Cluster 14: Non-specific - Unknown function"	"Cluster 14: Skeletal muscle - Muscle contraction"	"Cluster 21: Non-specific - Metabolism"	"Cluster 57: Stomach & Colon cancer - Digestion"	"Cluster 45: Non-specific - Mixed function"	15	"Nucleoplasm, Golgi apparatus"		"HPA015996: AB_1858406"	"unprognostic (3.63e-2)"	"unprognostic (3.05e-2)"	"unprognostic (3.65e-1)"	"unprognostic (3.96e-2)"	"unprognostic (1.92e-1)"	"unprognostic (1.16e-1)"	"unprognostic (2.27e-1)"	"unprognostic (8.77e-3)"	"unprognostic (8.46e-2)"	"unprognostic (1.99e-2)"	"unprognostic (2.79e-3)"	"unprognostic (7.65e-3)"	"unprognostic (4.60e-1)"	"unprognostic (3.17e-2)"	"unprognostic (1.98e-3)"	"unprognostic (1.03e-1)"	"unprognostic (2.67e-2)"	"unprognostic (7.87e-2)"	"unprognostic (6.91e-2)"	"unprognostic (4.58e-2)"	"unprognostic (2.22e-1)"	"unprognostic (8.35e-3)"	"unprognostic (1.07e-1)"	"unprognostic (1.22e-1)"	"unprognostic (2.69e-1)"	"unprognostic (4.73e-2)"	"unprognostic (1.10e-2)"	"unprognostic (2.73e-1)"	"unprognostic (1.47e-1)"	"unprognostic (6.97e-2)"	"unprognostic (2.56e-1)"
TXNDC5	"EndoPDI, ERp46, FLJ21353, FLJ90810, Hcc-2, MGC3178, PDIA15"	ENSG00000239264	"Thioredoxin domain containing 5"	Q8NBS9	6	7881517-7910788	"Enzymes, Plasma proteins, Predicted intracellular proteins"		"Isomerase, Oxidoreductase"		"Evidence at protein level"	"Evidence at protein level"	"Evidence at protein level"	"Evidence at protein level"	"Low tissue specificity"	"Detected in all"			"Cell type enriched"	"Detected in many"	13	"Plasma cells: 755.2"	"Low cell type specificity"	"Detected in all"			"Low cancer specificity"	"Detected in all"			"Low region specificity"	"Detected in all"			"Group enriched"	"Detected in some"	14	"memory B-cell: 13.0;naive B-cell: 6.9;plasmacytoid DC: 26.8"	"Group enriched"	"Detected in many"	21	"B-cells: 13.0;dendritic cells: 26.8"	"Cancer enriched"	"Detected in all"	6	"Myeloma: 2947.3"	"Breast - Plasma cells, Minor Salivary Gland - Plasma cells"	"Low region specificity"	"Detected in all"			"Low region specificity"	"Detected in all"			"HPA034677, HPA034678"	Enhanced		Approved	"Endoplasmic reticulum"	"Intracellular and membrane"	Enzyme	NA	NA		6300000	"Cluster 12: Non-specific - Mitochondrial translation"	"Cluster 45: Intestine - Digestion"	"Cluster 44: Non-specific - Mixed function"	"Cluster 51: Myeloma - Immunoglobulins"	"Cluster 61: Plasma cells - Immunoglobulins & histones"	16	"Endoplasmic reticulum"		"HPA034677: AB_2674275, HPA034678: AB_2674276"	"unprognostic (4.70e-2)"	"unprognostic (1.52e-1)"	"unprognostic (1.11e-1)"	"unprognostic (1.83e-3)"	"unprognostic (1.64e-2)"	"unprognostic (1.27e-1)"	"unprognostic (1.20e-1)"	"unprognostic (2.78e-1)"	"unprognostic (2.14e-2)"	"unprognostic (1.15e-1)"	"unprognostic (7.23e-3)"	"unprognostic (4.03e-2)"	"unprognostic (7.87e-3)"	"unprognostic (7.13e-3)"	"unprognostic (5.98e-3)"	"potential prognostic favorable (8.07e-4)"	"unprognostic (4.99e-2)"	"unprognostic (2.99e-3)"	"unprognostic (3.90e-1)"	"unprognostic (1.04e-1)"	"unprognostic (5.01e-2)"	"unprognostic (1.04e-1)"	"unprognostic (2.05e-2)"	"unprognostic (1.53e-1)"	"unprognostic (1.33e-1)"	"unprognostic (1.57e-1)"	"unprognostic (2.81e-3)"	"unprognostic (4.47e-2)"	"unprognostic (2.83e-2)"	"unprognostic (1.06e-2)"	"unprognostic (5.14e-2)"
UBE2E2	"FLJ25157, UbcH8"	ENSG00000182247	"Ubiquitin conjugating enzyme E2 E2"	Q96LR5	3	23203020-23591794	"Enzymes, Metabolic proteins, Predicted intracellular proteins"	"Ubl conjugation pathway"	Transferase		"Evidence at protein level"	"Evidence at protein level"	"Evidence at protein level"	"Evidence at protein level"	"Low tissue specificity"	"Detected in all"			"Cell type enhanced"	"Detected in many"		"Excitatory neurons: 630.7;Inhibitory neurons: 383.4;Microglial cells: 384.7;Oligodendrocyte precursor cells: 481.6;Oligodendrocytes: 786.7;Oocytes: 450.0"	"Low cell type specificity"	"Detected in all"			"Low cancer specificity"	"Detected in all"			"Low region specificity"	"Detected in all"			"Group enriched"	"Detected in many"	6	"classical monocyte: 41.8;intermediate monocyte: 50.5;memory B-cell: 35.3;myeloid DC: 57.7;naive B-cell: 40.3;non-classical monocyte: 55.0;plasmacytoid DC: 74.3"	"Group enriched"	"Detected in all"	6	"B-cells: 40.3;dendritic cells: 74.3;monocytes: 55.0"	"Low cancer specificity"	"Detected in many"				"Low region specificity"	"Detected in all"			"Low region specificity"	"Detected in all"			"HPA003303, HPA028872, HPA030445, CAB073417"	Approved		Approved	Nucleoplasm			No	No			"Cluster 23: B-cells - Immunoglobulins"	"Cluster 64: Neuronal - Transcription"	"Cluster 34: Non-specific - Mixed function"	"Cluster 45: Non-specific - Nuclear processes"	"Cluster 51: Oligodendrocytes - Unknown function"	60	Nucleoplasm		"CAB073417: , HPA003303: AB_1858521, HPA028872: AB_10966277, HPA030445: AB_10669599"	"unprognostic (2.31e-1)"	"unprognostic (1.75e-1)"	"unprognostic (6.30e-3)"	"unprognostic (4.41e-2)"	"unprognostic (7.17e-2)"	"unprognostic (2.54e-1)"	"unprognostic (1.14e-1)"	"potential prognostic favorable (9.07e-6)"	"unprognostic (1.33e-2)"	"unprognostic (1.33e-1)"	"potential prognostic favorable (4.20e-5)"	"unprognostic (2.00e-1)"	"unprognostic (2.64e-2)"	"unprognostic (1.92e-2)"	"unprognostic (1.73e-2)"	"unprognostic (1.60e-1)"	"unprognostic (1.31e-2)"	"potential prognostic unfavorable (8.46e-4)"	"unprognostic (1.33e-2)"	"unprognostic (1.71e-1)"	"unprognostic (2.73e-2)"	"unprognostic (8.36e-2)"	"unprognostic (2.63e-3)"	"unprognostic (2.73e-1)"	"unprognostic (3.10e-2)"	"unprognostic (1.63e-1)"	"unprognostic (7.16e-2)"	"unprognostic (4.85e-2)"	"unprognostic (2.60e-1)"	"unprognostic (1.73e-1)"	"unprognostic (3.10e-1)"
USP6NL	"KIAA0019, RN-tre, RNTRE, TRE2NL, USP6NL-IT1"	ENSG00000148429	"USP6 N-terminal like"	Q92738	10	11460510-11611666	"Predicted intracellular proteins"		"GTPase activation"		"Evidence at protein level"	"Evidence at protein level"	"Evidence at protein level"	"Evidence at protein level"	"Low tissue specificity"	"Detected in all"			"Cell type enhanced"	"Detected in many"		"Microglial cells: 138.7;Oligodendrocyte precursor cells: 64.1"	"Cell type enhanced"	"Detected in all"		"central nervous system macrophage: 540.6;endothelial cell: 593.1"	"Low cancer specificity"	"Detected in all"			"Low region specificity"	"Detected in all"			"Group enriched"	"Detected in some"	4	"memory B-cell: 4.8;naive B-cell: 4.0"	"Lineage enriched"	"Detected in single"	5	"B-cells: 4.8"	"Low cancer specificity"	"Detected in all"			"Pituitary gland - Corticotropes, Testis - Early spermatids"	"Low region specificity"	"Detected in all"			"Low region specificity"	"Detected in all"			HPA039196	Approved						NA	NA			"Cluster 23: B-cells - Immunoglobulins"	"Cluster 16: Non-specific - Transcription"	"Cluster 45: Non-specific - Mixed function"	"Cluster 46: Lymphoma - Humoral immune response"	"Cluster 73: B-cells - B-cell function"	8			"HPA039196: AB_10795031"	"unprognostic (1.85e-2)"	"unprognostic (2.86e-2)"	"unprognostic (5.58e-2)"	"unprognostic (1.17e-3)"	"unprognostic (1.65e-1)"	"unprognostic (6.23e-3)"	"unprognostic (6.69e-3)"	"potential prognostic favorable (4.04e-4)"	"unprognostic (2.54e-3)"	"unprognostic (3.60e-2)"	"potential prognostic favorable (1.93e-4)"	"unprognostic (1.47e-2)"	"unprognostic (1.17e-1)"	"unprognostic (1.61e-1)"	"unprognostic (9.76e-2)"	"unprognostic (7.52e-2)"	"unprognostic (8.27e-2)"	"unprognostic (1.90e-1)"	"unprognostic (9.45e-2)"	"unprognostic (2.24e-1)"	"unprognostic (4.90e-2)"	"unprognostic (4.36e-2)"	"unprognostic (3.64e-3)"	"unprognostic (1.37e-1)"	"unprognostic (3.23e-2)"	"unprognostic (1.91e-1)"	"unprognostic (1.49e-1)"	"unprognostic (3.94e-2)"	"unprognostic (2.69e-2)"	"unprognostic (8.78e-2)"	"unprognostic (2.03e-2)"
UTS2B	"U2B, URP, UTS2D"	ENSG00000188958	"Urotensin 2B"	Q765I0	3	191267168-191330526	"Predicted secreted proteins"		Hormone		"Evidence at transcript level"	"Evidence at transcript level"	"No human protein/transcript evidence"	"Evidence at transcript level"	"Tissue enhanced"	"Detected in some"		"intestine: 3.3;retina: 6.1"	"Cell type enhanced"	"Detected in some"		"B-cells: 2.2;Early spermatids: 7.9;Granulosa cells: 2.2;Late spermatids: 2.5;Oligodendrocyte precursor cells: 2.8;Plasma cells: 1.7;Spermatocytes: 1.7;Spermatogonia: 2.1"	"Low cell type specificity"	"Detected in many"			"Low cancer specificity"	"Detected in many"			"Low region specificity"	"Detected in all"			"Group enriched"	"Detected in some"	4	"memory B-cell: 2.9;naive B-cell: 1.8"	"Lineage enriched"	"Detected in single"	5	"B-cells: 2.9"	"Group enriched"	"Detected in some"	4	"lymphoma: 9.8;Rhabdoid: 2.9"	"Testis - Early spermatids"	"Region enriched"	"Detected in some"	9	"pons and medulla: 11.3"	"Region enriched"	"Detected in single"	46	"spinal cord: 13.6"	HPA026992	Uncertain				"Secreted - unknown location"	Hormone	NA	NA			"Cluster 23: B-cells - Immunoglobulins"	"Cluster 39: Retina & Testis - Cilium"	"Cluster 9: Non-specific - Receptor signaling"	"Cluster 59: Leukemia - T-cell receptor"	"Cluster 73: B-cells - B-cell function"				"HPA026992: AB_1858703"						"unprognostic (5.56e-2)"	"unprognostic (4.06e-1)"					"unprognostic (1.00e-1)"		"unprognostic (2.25e-2)"			"unprognostic (2.23e-1)"	"potential prognostic favorable (9.86e-5)"	"unprognostic (1.70e-2)"	"unprognostic (5.33e-2)"			"unprognostic (2.58e-1)"	"unprognostic (6.10e-2)"		"unprognostic (2.40e-2)"		"unprognostic (1.30e-2)"	"unprognostic (2.27e-1)"		"unprognostic (1.64e-1)"
VPREB3	8HS20	ENSG00000128218	"V-set pre-B cell surrogate light chain 3"	Q9UKI3	22	23752743-23754425	"Predicted intracellular proteins"				"Evidence at protein level"	"Evidence at protein level"	"Evidence at transcript level"	"Evidence at protein level"	"Tissue enhanced"	"Detected in many"		"epididymis: 50.2;intestine: 70.5;lymphoid tissue: 115.0"	"Cell type enriched"	"Detected in some"	16	"B-cells: 279.7"	"Cell type enhanced"	"Detected in some"		"leukocyte: 1.5"	"Low cancer specificity"	"Detected in all"			"Low region specificity"	"Detected in all"			"Group enriched"	"Detected in some"	707	"memory B-cell: 756.8;naive B-cell: 807.5"	"Lineage enriched"	"Detected in many"	730	"B-cells: 807.5"	"Group enriched"	"Detected in some"	34	"Leukemia: 127.1;lymphoma: 273.1"	"Pituitary gland - Gonadotropes, Spleen - B-cells (Spleen)"	"Low region specificity"	"Detected in single"			"Low region specificity"	"Detected in all"			HPA003041	Supported				"Intracellular and membrane"	"No annotated function"	NA	NA			"Cluster 14: Non-specific - Unknown function"	"Cluster 70: Lymphoid tissue - Immune response"	"Cluster 18: Non-specific - Mixed function"	"Cluster 6: Leukemia - Signal transduction"	"Cluster 73: B-cells - B-cell function"				"HPA003041: AB_1080577"	"unprognostic (1.63e-1)"	"unprognostic (1.18e-2)"	"unprognostic (1.21e-3)"	"unprognostic (1.66e-2)"	"unprognostic (1.19e-1)"	"unprognostic (1.63e-1)"	"unprognostic (3.21e-2)"		"unprognostic (4.78e-2)"	"unprognostic (5.93e-2)"	"unprognostic (1.72e-2)"	"unprognostic (4.18e-2)"	"unprognostic (1.39e-3)"	"unprognostic (2.54e-1)"	"unprognostic (1.33e-1)"	"unprognostic (2.02e-2)"	"unprognostic (9.83e-2)"	"unprognostic (3.21e-2)"	"unprognostic (1.72e-2)"	"unprognostic (6.68e-2)"	"unprognostic (5.99e-3)"	"unprognostic (2.67e-1)"		"unprognostic (4.98e-2)"	"unprognostic (6.57e-2)"	"unprognostic (4.08e-2)"	"unprognostic (6.82e-3)"	"unprognostic (3.76e-2)"	"unprognostic (5.62e-2)"	"unprognostic (1.80e-1)"	"unprognostic (1.00e-1)"
WASF1	"KIAA0269, SCAR1, WAVE, WAVE1"	ENSG00000112290	"WASP family member 1"	Q92558	6	110099819-110180004	"Disease related genes, Human disease related genes, Predicted intracellular proteins"		Actin-binding	"Disease variant, Epilepsy, Intellectual disability"	"Evidence at protein level"	"Evidence at protein level"	"Evidence at protein level"	"Evidence at protein level"	"Tissue enhanced"	"Detected in all"		"brain: 106.8;testis: 76.3"	"Cell type enhanced"	"Detected in many"		"Early spermatids: 173.2;Excitatory neurons: 212.8;Late spermatids: 478.3;Oligodendrocytes: 99.1"	"Low cell type specificity"	"Detected in all"			"Low cancer specificity"	"Detected in all"			"Low region specificity"	"Detected in all"			"Group enriched"	"Detected in some"	8	"memory B-cell: 3.3;naive B-cell: 4.2;plasmacytoid DC: 8.4"	"Group enriched"	"Detected in many"	9	"B-cells: 4.2;dendritic cells: 8.4"	"Low cancer specificity"	"Detected in all"			"Testis - Early spermatids, Testis - Late spermatids"	"Low region specificity"	"Detected in all"			"Low region specificity"	"Detected in all"			"HPA004105, CAB022161"	Approved	Supported					NA	NA			"Cluster 8: Plasmacytoid DCs - Unknown function"	"Cluster 5: Brain & Testis - Signal transduction"	"Cluster 51: Neurons - Mixed function"	"Cluster 12: Bone cancer - Neuronal signaling"	"Cluster 34: Neurons - Neuronal signaling"	64			"CAB022161: , HPA004105: AB_1080583"	"unprognostic (1.12e-1)"	"unprognostic (1.59e-1)"	"unprognostic (8.24e-2)"	"unprognostic (1.07e-1)"	"unprognostic (1.17e-1)"	"unprognostic (1.74e-1)"	"unprognostic (1.71e-1)"	"unprognostic (4.54e-2)"	"unprognostic (1.10e-1)"	"unprognostic (3.42e-3)"	"unprognostic (1.26e-3)"	"unprognostic (1.04e-2)"	"unprognostic (1.69e-3)"	"potential prognostic unfavorable (4.08e-8)"	"unprognostic (1.38e-3)"	"potential prognostic unfavorable (6.50e-4)"	"unprognostic (3.04e-3)"	"unprognostic (1.21e-2)"	"unprognostic (2.85e-2)"	"unprognostic (3.56e-1)"	"unprognostic (2.70e-1)"	"unprognostic (1.31e-2)"	"potential prognostic unfavorable (8.91e-4)"	"unprognostic (5.01e-2)"	"unprognostic (9.50e-2)"	"unprognostic (1.24e-1)"	"unprognostic (9.41e-2)"	"unprognostic (2.65e-3)"	"unprognostic (3.17e-2)"	"unprognostic (2.81e-1)"	"unprognostic (1.32e-1)"
WDFY4	"C10orf64, Em:AC060234.3, FLJ45748, KIAA1607"	ENSG00000128815	"WDFY family member 4"	Q6ZS81	10	48684873-48982956	"Predicted intracellular proteins, Predicted membrane proteins"	Autophagy			"Evidence at protein level"	"Evidence at transcript level"	"Evidence at protein level"	"Evidence at protein level"	"Tissue enhanced"	"Detected in many"		"bone marrow: 11.6;lymphoid tissue: 27.8"	"Cell type enhanced"	"Detected in some"		"B-cells: 59.1;dendritic cells: 87.6;Early spermatids: 62.1;Microglial cells: 77.8;Schwann cells: 187.3"	"Group enriched"	"Detected in many"	4	"central nervous system macrophage: 546.4;pericyte: 215.2"	"Low cancer specificity"	"Detected in many"			"Low region specificity"	"Detected in all"			"Group enriched"	"Detected in many"	6	"memory B-cell: 14.2;myeloid DC: 11.3;naive B-cell: 20.9;neutrophil: 9.8;plasmacytoid DC: 32.1"	"Group enriched"	"Detected in many"	7	"B-cells: 20.9;dendritic cells: 32.1;granulocytes: 9.8"	"Group enriched"	"Detected in some"	9	"Leukemia: 13.8;lymphoma: 35.4"	"Adipose subcutaneous - Macrophages, Adipose visceral - Macrophages, Adrenal gland - Macrophages, Lung - Macrophages, Spleen - B-cells (Spleen), Stomach - Macrophages, Testis - Early spermatids, Testis - Late spermatids"	"Low region specificity"	"Detected in many"			"Low region specificity"	"Detected in many"			HPA040634	Uncertain		Approved	Nucleoplasm,Cytosol			NA	NA			"Cluster 2: Dendritic cells - Unknown function"	"Cluster 36: Lymphoid tissue - Cytokine signaling"	"Cluster 20: Macrophages & Microglia - Immune response"	"Cluster 55: Lymphoma - Immune response"	"Cluster 28: Dendritic cells - Antigen presentation"		Nucleoplasm	Cytosol	"HPA040634: AB_10795491"	"unprognostic (2.87e-1)"	"unprognostic (2.89e-2)"	"unprognostic (6.13e-3)"	"unprognostic (6.07e-2)"	"unprognostic (2.42e-1)"	"unprognostic (3.01e-1)"	"unprognostic (1.16e-1)"	"unprognostic (1.02e-1)"	"potential prognostic favorable (2.31e-5)"	"unprognostic (5.79e-2)"	"unprognostic (6.63e-2)"	"unprognostic (1.22e-1)"	"unprognostic (1.04e-2)"		"unprognostic (9.32e-3)"	"unprognostic (8.01e-3)"	"unprognostic (4.97e-2)"	"unprognostic (3.81e-1)"	"unprognostic (2.30e-1)"	"unprognostic (7.17e-2)"	"unprognostic (4.09e-1)"	"unprognostic (8.10e-2)"	"unprognostic (1.77e-1)"			"unprognostic (5.29e-2)"	"unprognostic (5.79e-3)"	"unprognostic (2.02e-1)"	"unprognostic (1.23e-2)"	"unprognostic (7.86e-2)"	"unprognostic (5.74e-2)"
XKRX	"XKR2, XPLAC"	ENSG00000182489	"XK related X-linked"	Q6PP77	X	100913445-100929433	"Predicted membrane proteins, Transporters"				"Evidence at transcript level"	"Evidence at transcript level"	"Evidence at transcript level"	"Evidence at transcript level"	"Tissue enhanced"	"Detected in some"		"lymphoid tissue: 3.4;skin 1: 9.3"	"Cell type enhanced"	"Detected in some"		"Alveolar cells type 1: 5.0;Alveolar cells type 2: 3.5;Astrocytes: 9.0;Excitatory neurons: 4.2;Inhibitory neurons: 5.8;Microglial cells: 3.6;Oligodendrocytes: 5.2;Syncytiotrophoblasts: 2.8"	"Cell type enhanced"	"Detected in many"		"ependymal cell: 8.0"	"Cancer enhanced"	"Detected in many"		"Lung Adenocarcinoma (TCGA): 8.4"	"Low region specificity"	"Detected in some"			"Group enriched"	"Detected in some"	5	"naive B-cell: 1.9;naive CD4 T-cell: 1.5;naive CD8 T-cell: 1.2"	"Group enriched"	"Detected in many"	18	"B-cells: 1.9;T-cells: 1.5"	"Low cancer specificity"	"Detected in some"			"Adrenal gland - Adrenal cortex cells, Skin - Keratinocyte (granular)"	"Low region specificity"	"Detected in some"			"Low region specificity"	"Detected in all"										NA	NA			"Cluster 34: B-cells - Unknown function"	"Cluster 13: Skin - Cornification"	"Cluster 56: Hypothalamus - Neuropeptide signaling"	"Cluster 30: Non-specific - Gene expression regulation"	"Cluster 65: Neurons - Synaptic function"							"unprognostic (2.91e-2)"	"unprognostic (1.31e-2)"	"unprognostic (2.61e-1)"	"unprognostic (5.74e-3)"		"unprognostic (1.76e-1)"	"unprognostic (7.57e-2)"							"unprognostic (1.26e-1)"	"unprognostic (2.63e-2)"	"unprognostic (3.07e-1)"	"unprognostic (8.74e-3)"						"unprognostic (4.42e-3)"	"unprognostic (6.38e-2)"				"unprognostic (5.81e-3)"	
ZBTB16	"PLZF, ZNF145"	ENSG00000109906	"Zinc finger and BTB domain containing 16"	Q05516	11	114059041-114256765	"Cancer-related genes, Disease related genes, Human disease related genes, Predicted intracellular proteins, Transcription factors"	"Transcription, Transcription regulation, Ubl conjugation pathway"	"DNA-binding, Repressor"	"Cancer-related genes, Disease variant, Intellectual disability, Proto-oncogene"	"Evidence at protein level"	"Evidence at transcript level"	"Evidence at protein level"	"Evidence at protein level"	"Low tissue specificity"	"Detected in many"			"Cell type enhanced"	"Detected in many"		"Basal prostatic cells: 337.4;monocytes: 399.4;Prostatic glandular cells: 326.2;Skeletal myocytes: 423.5"	"Cell type enhanced"	"Detected in all"		"endothelial cell: 807.9"	"Cancer enhanced"	"Detected in many"		"Prostate Adenocarcinoma (TCGA): 25.9"	"Low region specificity"	"Detected in all"			"Group enriched"	"Detected in many"	5	"gdT-cell: 22.5;MAIT T-cell: 37.5;naive B-cell: 10.8;NK-cell: 10.0"	"Group enriched"	"Detected in many"	5	"B-cells: 10.8;NK-cells: 10.0;T-cells: 37.5"	"Group enriched"	"Detected in some"	6	"Leukemia: 9.3;prostate cancer: 15.7"	"Adrenal gland - Adrenal cortex cells, Spleen - Fibroblast_2, Thyroid gland - Thyroid glandular cells"	"Low region specificity"	"Detected in all"			"Low region specificity"	"Detected in all"			"HPA001499, CAB004540"	Uncertain						NA	NA			"Cluster 24: Non-specific - Transcription"	"Cluster 19: Non-specific - Basic cellular processes"	"Cluster 53: Neurons - Mixed function"	"Cluster 14: Myeloid leukemia - Innate immune response"	"Cluster 53: Fibroblasts - ECM organization"	88			"CAB004540: AB_2218941, HPA001499: AB_1079640"	"unprognostic (1.68e-2)"	"unprognostic (2.71e-1)"	"unprognostic (2.01e-1)"			"unprognostic (1.40e-2)"	"unprognostic (6.96e-2)"	"unprognostic (1.85e-1)"		"unprognostic (6.71e-2)"	"potential prognostic favorable (6.38e-8)"	"unprognostic (7.96e-2)"	"unprognostic (3.69e-3)"	"unprognostic (3.60e-3)"	"potential prognostic favorable (1.99e-6)"	"unprognostic (1.32e-1)"	"unprognostic (2.84e-2)"	"unprognostic (7.78e-3)"	"unprognostic (1.54e-1)"	"potential prognostic unfavorable (6.54e-4)"	"unprognostic (6.93e-2)"	"unprognostic (5.62e-2)"	"unprognostic (1.15e-1)"	"unprognostic (6.47e-2)"		"unprognostic (7.93e-3)"		"unprognostic (1.21e-3)"	"unprognostic (2.20e-1)"	"unprognostic (9.48e-2)"	
ZNF821		ENSG00000102984	"Zinc finger protein 821"	O75541	16	71859680-71895336	"Predicted intracellular proteins"	"Transcription, Transcription regulation"	DNA-binding		"Evidence at protein level"	"Evidence at protein level"	"Evidence at protein level"	"Evidence at protein level"	"Tissue enhanced"	"Detected in all"		"brain: 26.2;testis: 20.6"	"Cell type enhanced"	"Detected in many"		"Early spermatids: 147.7;Late spermatids: 65.5;Spermatocytes: 68.7"	"Low cell type specificity"	"Detected in all"			"Low cancer specificity"	"Detected in all"			"Low region specificity"	"Detected in all"			"Group enriched"	"Detected in many"	4	"memory B-cell: 9.5;naive B-cell: 13.5;T-reg: 5.7"	"Group enriched"	"Detected in many"	9	"B-cells: 13.5;T-cells: 5.7"	"Low cancer specificity"	"Detected in all"			"Spleen - B-cells (Spleen), Testis - Early spermatids, Testis - Late spermatids"	"Low region specificity"	"Detected in all"			"Low region specificity"	"Detected in all"			"HPA036372, HPA042742"	Enhanced		Supported	"Nucleoplasm,Nuclear speckles"			NA	NA			"Cluster 43: Non-specific - Transcription & Translation"	"Cluster 65: Cerebellum - Nervous system development"	"Cluster 35: Non-specific - DNA binding"	"Cluster 68: Non-specific - Cell cycle regulation"	"Cluster 70: Spermatocytes & Spermatids - Spermatid development"	2	"Nucleoplasm, Nuclear speckles"		"HPA036372: AB_10669790, HPA042742: AB_2678140"	"unprognostic (1.13e-1)"	"unprognostic (3.08e-1)"	"unprognostic (1.21e-1)"	"unprognostic (1.05e-1)"	"unprognostic (3.65e-2)"	"unprognostic (2.12e-2)"	"unprognostic (8.15e-3)"	"unprognostic (2.00e-3)"	"unprognostic (2.10e-1)"	"unprognostic (4.42e-2)"	"validated prognostic favorable (9.17e-10)"	"validated prognostic favorable (1.95e-5)"	"unprognostic (1.02e-2)"	"unprognostic (1.14e-2)"	"unprognostic (8.83e-2)"	"unprognostic (1.27e-2)"	"unprognostic (8.81e-2)"	"unprognostic (2.53e-1)"	"unprognostic (3.44e-2)"	"unprognostic (6.17e-2)"	"unprognostic (2.64e-1)"	"unprognostic (2.58e-3)"	"unprognostic (4.50e-2)"	"unprognostic (1.74e-1)"	"unprognostic (4.11e-1)"	"unprognostic (6.79e-2)"	"unprognostic (6.18e-2)"	"unprognostic (1.95e-1)"	"unprognostic (2.57e-1)"	"unprognostic (3.44e-1)"	"unprognostic (1.52e-1)"
ZNF860		ENSG00000197385	"Zinc finger protein 860"	A6NHJ4	3	31981750-31991723	"Predicted intracellular proteins, Transcription factors"	"Transcription, Transcription regulation"	DNA-binding		"Evidence at protein level"	"Evidence at transcript level"	"Evidence at protein level"	"Evidence at protein level"	"Tissue enhanced"	"Detected in many"		"lymphoid tissue: 4.1"	"Cell type enhanced"	"Detected in many"		"B-cells: 19.7;Syncytiotrophoblasts: 5.1"	"Low cell type specificity"	"Detected in many"			"Low cancer specificity"	"Detected in many"			"Low region specificity"	"Detected in many"			"Group enriched"	"Detected in some"	49	"memory B-cell: 7.0;naive B-cell: 5.3"	"Lineage enriched"	"Detected in single"	56	"B-cells: 7.0"	"Low cancer specificity"	"Detected in many"			"Testis - Sertoli cells"									HPA063386	Uncertain		Approved	"Nucleoplasm,Nucleoli,Nucleoli rim"			NA	NA			"Cluster 17: B-cells - Immunoglobulins"	"Cluster 29: Squamous epithelium - Innate immune response"	"Cluster 1: Neurons - Mixed function"	"Cluster 34: Testis cancer - Unknown function"	"Cluster 73: B-cells - B-cell function"	2	"Nucleoli, Nucleoli rim"	Nucleoplasm	"HPA063386: AB_2684999"	"unprognostic (5.02e-2)"	"unprognostic (5.54e-2)"	"unprognostic (9.04e-2)"	"unprognostic (2.80e-2)"		"unprognostic (7.27e-3)"		"potential prognostic unfavorable (2.78e-4)"			"potential prognostic favorable (3.33e-4)"	"unprognostic (1.94e-1)"	"unprognostic (1.77e-2)"			"unprognostic (4.20e-2)"	"unprognostic (5.17e-3)"		"unprognostic (4.07e-2)"	"unprognostic (6.07e-2)"	"unprognostic (1.93e-1)"	"unprognostic (6.04e-3)"	"unprognostic (2.71e-2)"	"unprognostic (6.08e-2)"		"unprognostic (6.32e-2)"		"unprognostic (1.76e-1)"		"unprognostic (2.30e-1)"	"unprognostic (4.26e-2)"
