Gene	"Gene synonym"	Ensembl	"Gene description"	Uniprot	Chromosome	Position	"Protein class"	"Biological process"	"Molecular function"	"Disease involvement"	Evidence	"HPA evidence"	"UniProt evidence"	"NeXtProt evidence"	"RNA tissue specificity"	"RNA tissue distribution"	"RNA tissue specificity score"	"RNA tissue specific nTPM"	"RNA single cell type specificity"	"RNA single cell type distribution"	"RNA single cell type specificity score"	"RNA single cell type specific nTPM"	"RNA single nuclei brain specificity"	"RNA single nuclei brain distribution"	"RNA single nuclei brain specificity score"	"RNA single nuclei brain specific nTPM"	"RNA cancer specificity"	"RNA cancer distribution"	"RNA cancer specificity score"	"RNA cancer specific FPKM"	"RNA brain regional specificity"	"RNA brain regional distribution"	"RNA brain regional specificity score"	"RNA brain regional specific nTPM"	"RNA blood cell specificity"	"RNA blood cell distribution"	"RNA blood cell specificity score"	"RNA blood cell specific nTPM"	"RNA blood lineage specificity"	"RNA blood lineage distribution"	"RNA blood lineage specificity score"	"RNA blood lineage specific nTPM"	"RNA cell line specificity"	"RNA cell line distribution"	"RNA cell line specificity score"	"RNA cell line specific nTPM"	"RNA tissue cell type enrichment"	"RNA mouse brain regional specificity"	"RNA mouse brain regional distribution"	"RNA mouse brain regional specificity score"	"RNA mouse brain regional specific nTPM"	"RNA pig brain regional specificity"	"RNA pig brain regional distribution"	"RNA pig brain regional specificity score"	"RNA pig brain regional specific nTPM"	Antibody	"Reliability (IH)"	"Reliability (Mouse Brain)"	"Reliability (IF)"	"Subcellular location"	"Secretome location"	"Secretome function"	"CCD Protein"	"CCD Transcript"	"Blood concentration - Conc. blood IM [pg/L]"	"Blood concentration - Conc. blood MS [pg/L]"	"Blood expression cluster"	"Tissue expression cluster"	"Brain expression cluster"	"Cell line expression cluster"	"Single cell expression cluster"	Interactions	"Subcellular main location"	"Subcellular additional location"	"Antibody RRID"	"Cancer prognostics - Bladder Urothelial Carcinoma (TCGA)"	"Cancer prognostics - Breast Invasive Carcinoma (TCGA)"	"Cancer prognostics - Breast Invasive Carcinoma (validation)"	"Cancer prognostics - Cervical Squamous Cell Carcinoma and Endocervical Adenocarcinoma (TCGA)"	"Cancer prognostics - Colon Adenocarcinoma (TCGA)"	"Cancer prognostics - Colon Adenocarcinoma (validation)"	"Cancer prognostics - Glioblastoma Multiforme (TCGA)"	"Cancer prognostics - Glioblastoma Multiforme (validation)"	"Cancer prognostics - Head and Neck Squamous Cell Carcinoma (TCGA)"	"Cancer prognostics - Kidney Chromophobe (TCGA)"	"Cancer prognostics - Kidney Renal Clear Cell Carcinoma (TCGA)"	"Cancer prognostics - Kidney Renal Clear Cell Carcinoma (validation)"	"Cancer prognostics - Kidney Renal Papillary Cell Carcinoma (TCGA)"	"Cancer prognostics - Liver Hepatocellular Carcinoma (TCGA)"	"Cancer prognostics - Liver Hepatocellular Carcinoma (validation)"	"Cancer prognostics - Lung Adenocarcinoma (TCGA)"	"Cancer prognostics - Lung Adenocarcinoma (validation)"	"Cancer prognostics - Lung Squamous Cell Carcinoma (TCGA)"	"Cancer prognostics - Lung Squamous Cell Carcinoma (validation)"	"Cancer prognostics - Ovary Serous Cystadenocarcinoma (TCGA)"	"Cancer prognostics - Ovary Serous Cystadenocarcinoma (validation)"	"Cancer prognostics - Pancreatic Adenocarcinoma (TCGA)"	"Cancer prognostics - Pancreatic Adenocarcinoma (validation)"	"Cancer prognostics - Prostate Adenocarcinoma (TCGA)"	"Cancer prognostics - Rectum Adenocarcinoma (TCGA)"	"Cancer prognostics - Rectum Adenocarcinoma (validation)"	"Cancer prognostics - Skin Cuteneous Melanoma (TCGA)"	"Cancer prognostics - Stomach Adenocarcinoma (TCGA)"	"Cancer prognostics - Testicular Germ Cell Tumor (TCGA)"	"Cancer prognostics - Thyroid Carcinoma (TCGA)"	"Cancer prognostics - Uterine Corpus Endometrial Carcinoma (TCGA)"
FABP2	I-FABP	ENSG00000145384	"Fatty acid binding protein 2"	P12104	4	119317250-119322138	"Cancer-related genes, Metabolic proteins, Plasma proteins, Predicted intracellular proteins"	Transport		"Cancer-related genes"	"Evidence at protein level"	"Evidence at protein level"	"Evidence at protein level"	"Evidence at protein level"	"Tissue enriched"	"Detected in some"	173	"intestine: 534.5"	"Cell type enriched"	"Detected in some"	12	"Proximal enterocytes: 6752.6"	"Cell type enriched"	"Detected in single"	22	"choroid plexus epithelial cell: 8.2"	"Group enriched"	"Detected in some"	8	"Colon Adenocarcinoma (TCGA): 5.5;Pancreatic Adenocarcinoma (TCGA): 2.6;Rectum Adenocarcinoma (TCGA): 4.6;Stomach Adenocarcinoma (TCGA): 4.2"	"Low region specificity"	"Detected in all"			"Group enriched"	"Detected in some"	6	"basophil: 1.6;neutrophil: 4.2"	"Lineage enriched"	"Detected in single"	9	"granulocytes: 4.2"	"Group enriched"	"Detected in some"	5	"Bile duct cancer: 2.0;colorectal cancer: 1.8;Gastric cancer: 1.1"	"Colon - Colon enterocytes"	"Not detected"	"Not detected"			"Low region specificity"	"Detected in many"			"HPA034607, CAB047325, CAB047326"	Enhanced		Approved	"Plasma membrane,Actin filaments,Cytosol"			NA	NA		390000	"Cluster 35: Neutrophils - Protein binding"	"Cluster 25: Small intestine - Absorption"	"Cluster 9: Non-specific - Receptor signaling"	"Cluster 57: Stomach & Colon cancer - Digestion"	"Cluster 22: Proximal enterocytes - Digestion"	2	"Actin filaments, Cytosol"	"Plasma membrane"	"CAB047325: , CAB047326: , HPA034607: AB_10601317"					"unprognostic (5.26e-2)"	"unprognostic (6.08e-2)"																"unprognostic (3.15e-1)"	"unprognostic (1.05e-1)"		"unprognostic (5.42e-2)"	"unprognostic (1.52e-3)"		"unprognostic (1.29e-1)"			
ELANE	"ELA2, HLE, HNE, NE, PMN-E"	ENSG00000197561	"Elastase, neutrophil expressed"	P08246	19	851014-856247	"Cancer-related genes, Disease related genes, Enzymes, FDA approved drug targets, Human disease related genes, Plasma proteins, Predicted secreted proteins"		"Hydrolase, Protease, Serine protease"	"Cancer-related genes, Disease variant, FDA approved drug targets"	"Evidence at protein level"	"Evidence at protein level"	"Evidence at protein level"	"Evidence at protein level"	"Tissue enriched"	"Detected in many"	92	"bone marrow: 3840.6"	"Cell type enhanced"	"Detected in some"		"Fibroblasts: 12.5;Kupffer cells: 9.1;Langerhans cells: 5.5;Leydig cells: 6.8;Oocytes: 19.1"	"Not detected"	"Not detected"			"Group enriched"	"Detected in some"	9	"Pancreatic Adenocarcinoma (TCGA): 5.4;Stomach Adenocarcinoma (TCGA): 7.9"	"Not detected"	"Not detected"			"Group enriched"	"Detected in some"	9	"classical monocyte: 4.0;neutrophil: 12.2"	"Group enriched"	"Detected in many"	9	"granulocytes: 12.2;monocytes: 4.0"	"Cancer enriched"	"Detected in some"	227	"Leukemia: 236.6"	"Lung - Neutrophil_1, Pituitary gland - Neutrophils, Skin - Fibroblast_2, Spleen - Hematopoietic stem cells"	"Not detected"	"Not detected"			"Low region specificity"	"Detected in all"			"CAB015409, HPA066836, HPA073774"	Enhanced		Supported	"Golgi apparatus,Vesicles"	"Secreted to blood"	Enzyme	NA	NA	157000000	460000	"Cluster 38: Monocytes & Neutrophils - Degranulation"	"Cluster 6: Bone marrow - Innate immune response"		"Cluster 14: Myeloid leukemia - Innate immune response"	"Cluster 74: Neutrophils - Degranulation"	3	Vesicles	"Golgi apparatus"	"CAB015409: AB_831596, HPA066836: AB_2685733, HPA073774: "			"unprognostic (1.95e-1)"																			"unprognostic (2.50e-1)"						"unprognostic (1.86e-2)"			
BPI	BPIFD1	ENSG00000101425	"Bactericidal permeability increasing protein"	P17213	20	38304150-38337505	"Predicted intracellular proteins, Predicted secreted proteins, Transporters"	"Immunity, Innate immunity"	"Antibiotic, Antimicrobial"		"Evidence at protein level"	"Evidence at protein level"	"Evidence at protein level"	"Evidence at protein level"	"Tissue enriched"	"Detected in some"	89	"bone marrow: 1486.2"	"Group enriched"	"Detected in some"	54	"Early spermatids: 180.0;Late spermatids: 236.2;Proximal tubular cells: 87.3"	"Group enriched"	"Detected in some"	9	"fibroblast: 3.8;pericyte: 1.5"	"Low cancer specificity"	"Detected in single"			"Not detected"	"Not detected"			"Group enriched"	"Detected in some"	17	"classical monocyte: 14.5;neutrophil: 7.1"	"Group enriched"	"Detected in many"	17	"granulocytes: 7.1;monocytes: 14.5"	"Cancer enriched"	"Detected in some"	4	"Leukemia: 20.4"	"Liver - Erythroid cells, Lung - Neutrophil_1, Spleen - Hematopoietic stem cells, Testis - Early spermatids, Testis - Late spermatids"	"Not detected"	"Not detected"			"Low region specificity"	"Detected in single"			HPA061284	Enhanced				"Secreted to blood"	Immunity	NA	NA	7290000	54000	"Cluster 38: Monocytes & Neutrophils - Degranulation"	"Cluster 6: Bone marrow - Innate immune response"		"Cluster 14: Myeloid leukemia - Innate immune response"	"Cluster 11: Late spermatids - Unknown function"	3			"HPA061284: AB_2684465"		"potential prognostic favorable (7.63e-4)"	"unprognostic (2.66e-2)"																				"unprognostic (6.75e-2)"								
HBD		ENSG00000223609	"Hemoglobin subunit delta"	P02042	11	5232678-5243657	"Plasma proteins, Predicted intracellular proteins, Predicted membrane proteins"	"Oxygen transport, Transport"			"Evidence at protein level"	"Evidence at protein level"	"Evidence at protein level"	"Evidence at protein level"	"Tissue enriched"	"Detected in many"	57	"bone marrow: 2754.9"	"Cell type enriched"	"Detected in some"	522	"Erythroid cells: 8393.1"	"Not detected"	"Not detected"			"Cancer enhanced"	"Detected in some"		"Kidney Renal Clear Cell Carcinoma (TCGA): 1.9"	"Region enhanced"	"Detected in some"		"cerebral cortex: 5.1"	"Group enriched"	"Detected in some"	5	"eosinophil: 2.1;neutrophil: 2.3;plasmacytoid DC: 1.6"	"Group enriched"	"Detected in many"	8	"dendritic cells: 1.6;granulocytes: 2.3"	"Group enriched"	"Detected in some"	15	"Leukemia: 20.4;Myeloma: 39.7"	"Liver - Erythroid cells, Spleen - Erythrocytes"									"CAB037087, HPA043234"	Supported						NA	NA		10000000000		"Cluster 6: Bone marrow - Innate immune response"	"Cluster 52: Neurons & Synapses - Synaptic function"	"Cluster 47: Leukemia - Hemostasis"	"Cluster 1: Erythroid cells - Oxygen transport"	24			"CAB037087: AB_260051, HPA043234: AB_2678378"							"unprognostic (6.05e-2)"				"unprognostic (4.54e-2)"																		"unprognostic (1.90e-1)"		
SERPINA1	"A1A, A1AT, AAT, alpha-1-antitrypsin, alpha1AT, PI, PI1"	ENSG00000197249	"Serpin family A member 1"	P01009	14	94376747-94390693	"Cancer-related genes, Candidate cardiovascular disease genes, Disease related genes, Human disease related genes, Metabolic proteins, Plasma proteins, Predicted intracellular proteins, Predicted secreted proteins"	"Acute phase, Blood coagulation, Hemostasis"	"Protease inhibitor, Serine protease inhibitor"	"Cancer-related genes"	"Evidence at protein level"	"Evidence at protein level"	"Evidence at protein level"	"Evidence at protein level"	"Tissue enriched"	"Detected in all"	45	"liver: 33156.1"	"Cell type enriched"	"Detected in many"	7	"Hepatocytes: 38353.1"	"Group enriched"	"Detected in some"	8	"central nervous system macrophage: 14.8;leukocyte: 17.5"	"Cancer enriched"	"Detected in all"	10	"Liver Hepatocellular Carcinoma (TCGA): 15316.5"	"Low region specificity"	"Detected in all"			"Group enriched"	"Detected in all"	5	"classical monocyte: 2484.3;intermediate monocyte: 3414.0;neutrophil: 2835.2;non-classical monocyte: 4540.7"	"Group enriched"	"Detected in all"	5	"granulocytes: 2835.2;monocytes: 4540.7"	"Cancer enhanced"	"Detected in many"		"Gastric cancer: 303.1;liver cancer: 783.6;lymphoma: 293.1"	"Adipose visceral - Neutrophils, Liver - Hepatocytes, Skeletal muscle - Neutrophils, Spleen - Neutrophils"	"Not detected"	"Not detected"							"HPA000927, HPA001292, CAB013211, CAB016648, CAB073396"	Enhanced		Enhanced	Vesicles	"Secreted to blood"	"Blood coagulation"	NA	NA	1920000000000	180000000000	"Cluster 37: Monocytes & Neutrophils - Innate immune response"	"Cluster 83: Liver - Metabolism"	"Cluster 12: Non-specific - Vasculature"	"Cluster 18: Liver cancer - Metabolism"	"Cluster 62: Hepatocytes - Metabolism"	11	Vesicles		"CAB013211: , CAB016648: AB_1611888, CAB073396: , HPA000927: AB_1844761, HPA001292: AB_1844762"	"unprognostic (6.17e-2)"	"potential prognostic favorable (7.55e-5)"	"unprognostic (2.25e-1)"	"unprognostic (8.51e-2)"	"unprognostic (1.10e-2)"	"unprognostic (2.00e-1)"	"unprognostic (2.97e-2)"	"unprognostic (1.56e-1)"	"unprognostic (1.37e-2)"	"unprognostic (3.87e-2)"	"unprognostic (1.46e-3)"	"unprognostic (2.45e-2)"	"unprognostic (9.10e-3)"	"unprognostic (2.02e-2)"	"unprognostic (2.43e-2)"	"unprognostic (3.09e-1)"	"unprognostic (2.14e-1)"	"unprognostic (2.43e-3)"	"unprognostic (4.07e-2)"	"unprognostic (2.00e-1)"	"unprognostic (3.15e-1)"	"unprognostic (4.03e-2)"	"potential prognostic unfavorable (1.93e-4)"	"unprognostic (3.00e-1)"	"unprognostic (2.66e-1)"	"unprognostic (1.98e-3)"	"unprognostic (2.76e-2)"	"unprognostic (1.98e-1)"	"unprognostic (9.27e-3)"	"unprognostic (2.76e-2)"	"unprognostic (6.89e-2)"
CCN3	"IGFBP9, NOV"	ENSG00000136999	"Cellular communication network factor 3"	P48745	8	119416446-119424434	"Plasma proteins, Predicted secreted proteins, Transporters"		"Growth factor"		"Evidence at protein level"	"Evidence at protein level"	"Evidence at protein level"	"Evidence at protein level"	"Tissue enriched"	"Detected in many"	44	"adrenal gland: 1072.3"	"Cell type enhanced"	"Detected in many"		"Fibroblasts: 45.1;Glandular and luminal cells: 68.4;granulocytes: 82.3;Melanocytes: 115.1;Smooth muscle cells: 72.1"	"Low cell type specificity"	"Detected in many"			"Cancer enriched"	"Detected in all"	4	"Skin Cuteneous Melanoma (TCGA): 111.7"	"Low region specificity"	"Detected in all"			"Group enriched"	"Detected in some"	116	"eosinophil: 64.9;neutrophil: 30.9"	"Lineage enriched"	"Detected in single"	157	"granulocytes: 64.9"	"Cancer enhanced"	"Detected in many"		"lung cancer: 42.6;skin cancer: 67.9"	"Adipose visceral - Smooth muscle cells, Adrenal gland - Adrenal cortex cells, Kidney - Fibroblasts, Lung - Smooth muscle cells, Minor Salivary Gland - Fibroblasts, Thyroid gland - Fibroblasts"	"Group enriched"	"Detected in all"	6	"amygdala: 129.2;basal ganglia: 51.5;cerebral cortex: 99.5;hippocampal formation: 152.5;white matter: 85.1"	"Region enriched"	"Detected in all"	6	"spinal cord: 161.3"	"HPA019684, CAB034423, HPA072879"	Enhanced		Enhanced	Vesicles,Cytosol	"Secreted to blood"	"Growth factor"	NA	NA	269000000	3600000	"Cluster 36: Eosinophils - Protein ubiquitination"	"Cluster 26: Adrenal gland - Steroid metabolism"	"Cluster 51: Neurons - Mixed function"	"Cluster 7: Liver cancer - Metabolism"	"Cluster 32: Smooth muscle cells - Muscle contraction"	16	Vesicles	Cytosol	"CAB034423: AB_2151387, HPA019684: AB_1846190, HPA072879: "	"unprognostic (5.82e-2)"	"unprognostic (8.71e-3)"		"unprognostic (9.19e-2)"	"unprognostic (3.81e-2)"	"unprognostic (1.63e-2)"	"potential prognostic unfavorable (5.59e-4)"	"unprognostic (3.05e-1)"	"unprognostic (3.96e-1)"	"unprognostic (6.21e-3)"	"unprognostic (1.70e-3)"	"unprognostic (2.06e-2)"	"unprognostic (2.76e-2)"	"unprognostic (9.26e-2)"		"unprognostic (4.00e-3)"	"unprognostic (4.71e-3)"	"unprognostic (8.05e-2)"	"unprognostic (2.10e-1)"	"unprognostic (2.00e-1)"	"unprognostic (5.79e-2)"	"unprognostic (1.36e-1)"	"unprognostic (4.10e-2)"	"unprognostic (1.02e-1)"	"unprognostic (3.31e-2)"	"unprognostic (3.66e-1)"	"unprognostic (5.78e-2)"	"unprognostic (2.57e-3)"	"unprognostic (2.27e-1)"	"unprognostic (3.83e-2)"	"unprognostic (1.85e-1)"
CEACAM8	"CD66b, CGM6"	ENSG00000124469	"CEA cell adhesion molecule 8"	P31997	19	42580243-42595055	"CD markers, Plasma proteins, Predicted intracellular proteins"	"Cell adhesion"			"Evidence at protein level"	"Evidence at protein level"	"Evidence at protein level"	"Evidence at protein level"	"Tissue enriched"	"Detected in some"	36	"bone marrow: 214.4"	"Cell type enriched"	"Detected in single"	4	"Paneth cells: 3.9"	"Not detected"	"Not detected"			"Low cancer specificity"	"Detected in single"			"Low region specificity"	"Detected in all"			"Group enriched"	"Detected in some"	5	"neutrophil: 1.6;non-classical monocyte: 1.1"	"Group enriched"	"Detected in many"	6	"granulocytes: 1.6;monocytes: 1.1"	"Not detected"	"Not detected"			"Liver - Erythroid cells, Lung - Neutrophil_1, Pituitary gland - Neutrophils, Spleen - Hematopoietic stem cells"									"CAB033676, CAB080307"	Enhanced				"Intracellular and membrane"	"Cell adhesion"	NA	NA		4700000	"Cluster 37: Monocytes & Neutrophils - Innate immune response"	"Cluster 6: Bone marrow - Innate immune response"	"Cluster 34: Non-specific - Mixed function"	"Cluster 14: Myeloid leukemia - Innate immune response"	"Cluster 74: Neutrophils - Degranulation"	6			"CAB033676: AB_1125678, CAB080307: "						"unprognostic (1.38e-3)"											"unprognostic (5.34e-2)"									"unprognostic (1.22e-1)"					"unprognostic (9.43e-2)"
ZDHHC19	MGC33345	ENSG00000163958	"Zinc finger DHHC-type palmitoyltransferase 19"	Q8WVZ1	3	196197452-196211437	"Enzymes, Metabolic proteins, Predicted membrane proteins"		"Acyltransferase, Transferase"		"Evidence at protein level"	"Evidence at transcript level"	"Evidence at protein level"	"Evidence at protein level"	"Tissue enriched"	"Detected in some"	31	"testis: 48.7"	"Group enriched"	"Detected in some"	20	"Early spermatids: 293.2;Late spermatids: 809.8"	"Cell type enhanced"	"Detected in many"		"hippocampal dentate gyrus: 14.5"	"Not detected"	"Not detected"			"Not detected"	"Not detected"			"Group enriched"	"Detected in some"	20	"eosinophil: 1.2;memory B-cell: 2.5;naive B-cell: 2.4;neutrophil: 1.5"	"Group enriched"	"Detected in many"	21	"B-cells: 2.5;granulocytes: 1.5"	"Not detected"	"Not detected"			"Heart muscle - Neutrophils, Lung - Neutrophil_2, Pituitary gland - Gonadotropes, Spleen - Neutrophils, Testis - Late spermatids"	"Not detected"	"Not detected"			"Low region specificity"	"Detected in many"										NA	NA			"Cluster 22: Eosinophils - Transcription"	"Cluster 44: Testis - Spermatogenesis"		"Cluster 71: Lymphoma - Inflammatory response"	"Cluster 36: Late spermatids - Unknown function"	27																		"unprognostic (2.37e-1)"																
GNAT2	ACHM4	ENSG00000134183	"G protein subunit alpha transducin 2"	P19087	1	109603091-109619929	"Disease related genes, Human disease related genes, Predicted intracellular proteins"	"Sensory transduction, Vision"	Transducer		"Evidence at protein level"	"Evidence at transcript level"	"Evidence at protein level"	"Evidence at protein level"	"Tissue enriched"	"Detected in some"	29	"retina: 76.4"	"Cell type enriched"	"Detected in some"	25	"Cone photoreceptor cells: 321.1"	"Low cell type specificity"	"Detected in some"			"Not detected"	"Not detected"			"Low region specificity"	"Detected in all"			"Group enriched"	"Detected in some"	4	"basophil: 2.3;eosinophil: 2.5;neutrophil: 3.7"	"Lineage enriched"	"Detected in single"	5	"granulocytes: 3.7"	"Low cancer specificity"	"Detected in many"				"Not detected"	"Not detected"			"Low region specificity"	"Detected in all"										NA	NA			"Cluster 35: Neutrophils - Protein binding"	"Cluster 76: Retina - Visual perception"	"Cluster 23: Choroid plexus - Mixed function"	"Cluster 1: Neuronal - Visual perception"	"Cluster 66: Photoreceptor cells - Visual perception"	6									"unprognostic (8.19e-2)"																				"unprognostic (2.60e-1)"					
TSPAN16	"TM-8, TM4-B, TM4SF16"	ENSG00000130167	"Tetraspanin 16"	Q9UKR8	19	11296139-11326996	"Predicted membrane proteins"				"Evidence at protein level"	"Evidence at protein level"	"Evidence at transcript level"	"Evidence at protein level"	"Tissue enriched"	"Detected in some"	26	"testis: 130.9"	"Cell type enriched"	"Detected in some"	8	"Late spermatids: 4882.9"	"Low cell type specificity"	"Detected in many"			"Not detected"	"Not detected"			"Low region specificity"	"Detected in many"			"Group enriched"	"Detected in some"	11	"basophil: 16.6;eosinophil: 19.2;neutrophil: 37.6"	"Lineage enriched"	"Detected in many"	17	"granulocytes: 37.6"	"Not detected"	"Not detected"			"Spleen - Neutrophils, Testis - Late spermatids"					"Not detected"	"Not detected"			HPA076551	Enhanced		Approved	"Plasma membrane"			NA	NA			"Cluster 21: Neutrophils - Unknown function"	"Cluster 20: Testis - Spermatogenesis"	"Cluster 4: Non-specific - mRNA splicing & Cell cycle"	"Cluster 14: Myeloid leukemia - Innate immune response"	"Cluster 36: Late spermatids - Unknown function"	2	"Plasma membrane"		"HPA076551: "																															
CABYR	"CBP86, CT88, FSP-2"	ENSG00000154040	"Calcium binding tyrosine phosphorylation regulated"	O75952	18	24138987-24161600	"Predicted intracellular proteins"				"Evidence at protein level"	"Evidence at protein level"	"Evidence at protein level"	"Evidence at protein level"	"Tissue enriched"	"Detected in many"	23	"testis: 295.1"	"Group enriched"	"Detected in many"	22	"Early spermatids: 2003.5;Late spermatids: 3980.5"	"Low cell type specificity"	"Detected in all"			"Cancer enhanced"	"Detected in all"		"Testicular Germ Cell Tumor (TCGA): 34.0"	"Low region specificity"	"Detected in all"			"Group enriched"	"Detected in some"	5	"basophil: 5.6;memory B-cell: 4.8;naive B-cell: 5.4;neutrophil: 2.0"	"Group enriched"	"Detected in many"	6	"B-cells: 5.4;granulocytes: 5.6"	"Cancer enriched"	"Detected in many"	5	"Gallbladder cancer: 102.6"	"Testis - Early spermatids, Testis - Late spermatids"	"Low region specificity"	"Detected in single"			"Low region specificity"	"Detected in all"			"HPA040703, HPA047801"	Enhanced		Supported	"Nucleoplasm,Cytosol,Principal piece"			NA	NA			"Cluster 20: Non-specific - DNA binding"	"Cluster 20: Testis - Spermatogenesis"	"Cluster 53: Neurons - Mixed function"	"Cluster 7: Liver cancer - Metabolism"	"Cluster 36: Late spermatids - Unknown function"	2	"Nucleoplasm, Cytosol, Principal piece"		"HPA040703: AB_2677087, HPA047801: AB_2680159"	"unprognostic (4.12e-2)"	"unprognostic (4.82e-3)"	"unprognostic (1.66e-1)"	"unprognostic (7.58e-3)"	"unprognostic (1.82e-1)"	"unprognostic (8.00e-3)"	"unprognostic (4.24e-2)"	"unprognostic (3.84e-2)"	"unprognostic (4.15e-2)"	"potential prognostic unfavorable (9.09e-4)"	"potential prognostic unfavorable (1.86e-6)"	"unprognostic (1.50e-2)"	"unprognostic (4.18e-2)"	"potential prognostic unfavorable (4.26e-4)"	"unprognostic (6.12e-2)"	"unprognostic (5.05e-2)"	"unprognostic (1.76e-1)"	"unprognostic (3.59e-1)"	"unprognostic (1.20e-2)"	"unprognostic (1.16e-2)"	"unprognostic (5.30e-1)"	"unprognostic (3.18e-2)"	"unprognostic (1.14e-1)"	"unprognostic (1.58e-1)"	"unprognostic (2.78e-1)"	"unprognostic (8.12e-2)"	"unprognostic (2.53e-1)"	"unprognostic (4.86e-2)"	"unprognostic (1.54e-1)"	"unprognostic (2.70e-1)"	"unprognostic (2.15e-1)"
DPEP3		ENSG00000141096	"Dipeptidase 3"	Q9H4B8	16	67975663-67980549	"Metabolic proteins, Predicted intracellular proteins, Predicted membrane proteins"				"Evidence at protein level"	"Evidence at protein level"	"Evidence at protein level"	"Evidence at protein level"	"Tissue enriched"	"Detected in some"	23	"testis: 45.7"	"Group enriched"	"Detected in some"	7	"Spermatocytes: 335.4;Spermatogonia: 226.1"	"Not detected"	"Not detected"			"Group enriched"	"Detected in many"	6	"Ovary Serous Cystadenocarcinoma (TCGA): 25.5;Skin Cuteneous Melanoma (TCGA): 7.9;Testicular Germ Cell Tumor (TCGA): 9.1"	"Not detected"	"Not detected"			"Group enriched"	"Detected in some"	4	"neutrophil: 6.7;NK-cell: 1.8"	"Group enriched"	"Detected in many"	8	"granulocytes: 6.7;NK-cells: 1.8"	"Cancer enhanced"	"Detected in some"		"cervical cancer: 17.2"	"Testis - Spermatocytes"	"Not detected"	"Not detected"			"Low region specificity"	"Detected in some"			"HPA031870, HPA058607"	Enhanced						NA	NA		53000000	"Cluster 35: Neutrophils - Protein binding"	"Cluster 44: Testis - Spermatogenesis"		"Cluster 14: Myeloid leukemia - Innate immune response"	"Cluster 79: Spermatocytes & Spermatogonia - Spermatogenesis"	1			"HPA031870: AB_2674079, HPA058607: AB_2683775"	"unprognostic (5.89e-2)"																	"unprognostic (8.30e-3)"	"unprognostic (3.13e-1)"	"unprognostic (3.75e-2)"	"unprognostic (5.09e-2)"						"unprognostic (1.36e-1)"	"unprognostic (1.04e-3)"	"unprognostic (4.81e-2)"		"unprognostic (2.57e-1)"
GHRL	"ghrelin, MTLRP, obestatin"	ENSG00000157017	"Ghrelin and obestatin prepropeptide"	Q9UBU3	3	10285666-10292947	"Human disease related genes, Plasma proteins, Predicted intracellular proteins, Predicted secreted proteins"		Hormone		"Evidence at protein level"	"Evidence at protein level"	"Evidence at protein level"	"Evidence at protein level"	"Tissue enriched"	"Detected in many"	19	"stomach 1: 346.3"	"Cell type enriched"	"Detected in many"	73	"Gastric mucus-secreting cells: 1282.9"	"Cell type enhanced"	"Detected in many"		"central nervous system macrophage: 11.3"	"Low cancer specificity"	"Detected in many"			"Low region specificity"	"Detected in all"			"Group enriched"	"Detected in many"	4	"basophil: 17.6;classical monocyte: 11.1;eosinophil: 12.4;myeloid DC: 41.9;neutrophil: 25.9;plasmacytoid DC: 28.6"	"Group enriched"	"Detected in many"	6	"dendritic cells: 41.9;granulocytes: 25.9;monocytes: 11.1"	"Low cancer specificity"	"Detected in many"				"Low region specificity"	"Detected in single"			"Low region specificity"	"Detected in many"			"HPA014246, CAB022731"	Enhanced				"Secreted to blood"	Hormone	NA	NA	2580000	340000	"Cluster 2: Dendritic cells - Unknown function"	"Cluster 48: Stomach - Proteolysis"	"Cluster 48: Non-specific - Mixed function"	"Cluster 14: Myeloid leukemia - Innate immune response"	"Cluster 46: Gastric mucus-secreting cells - Digestion"	4			"CAB022731: , HPA014246: AB_1849659"	"unprognostic (1.25e-3)"	"unprognostic (5.37e-3)"	"unprognostic (6.12e-2)"	"unprognostic (2.56e-3)"	"unprognostic (1.31e-1)"	"unprognostic (2.28e-1)"	"unprognostic (2.27e-1)"	"unprognostic (7.07e-3)"	"potential prognostic favorable (3.74e-5)"		"potential prognostic unfavorable (3.12e-4)"	"unprognostic (4.13e-2)"	"unprognostic (5.09e-1)"	"unprognostic (2.74e-2)"	"unprognostic (1.32e-1)"	"unprognostic (1.78e-2)"	"unprognostic (2.64e-1)"	"unprognostic (1.97e-1)"	"unprognostic (6.56e-2)"	"unprognostic (8.39e-2)"		"unprognostic (1.09e-1)"	"unprognostic (2.73e-2)"	"unprognostic (2.21e-1)"	"unprognostic (1.67e-1)"	"unprognostic (1.10e-1)"	"unprognostic (2.22e-1)"	"unprognostic (1.16e-1)"	"unprognostic (9.37e-2)"	"unprognostic (3.42e-3)"	"unprognostic (1.93e-1)"
KCNC1	Kv3.1	ENSG00000129159	"Potassium voltage-gated channel subfamily C member 1"	P48547	11	17734774-17856804	"Disease related genes, FDA approved drug targets, Human disease related genes, Predicted intracellular proteins, Predicted membrane proteins, Transporters, Voltage-gated ion channels"	"Ion transport, Potassium transport, Transport"	"Ion channel, Potassium channel, Voltage-gated channel"	"Disease variant, Epilepsy, FDA approved drug targets, Neurodegeneration"	"Evidence at protein level"	"Evidence at protein level"	"Evidence at protein level"	"Evidence at protein level"	"Tissue enriched"	"Detected in some"	15	"brain: 102.0"	"Cell type enhanced"	"Detected in many"		"Bipolar cells: 55.7;Excitatory neurons: 46.6;Horizontal cells: 272.6;Inhibitory neurons: 115.5"	"Low cell type specificity"	"Detected in all"			"Low cancer specificity"	"Detected in some"			"Low region specificity"	"Detected in all"			"Group enriched"	"Detected in some"	5	"basophil: 3.3;neutrophil: 1.3"	"Lineage enriched"	"Detected in single"	7	"granulocytes: 3.3"	"Cancer enhanced"	"Detected in some"		"Neuroblastoma: 7.7"	"Adrenal gland - Adrenal medulla cells, Colon - Colon enteroendocrine cells, Pancreas - Alpha cells, Pituitary gland - Corticotropes, Testis - Early spermatids"	"Low region specificity"	"Detected in all"			"Low region specificity"	"Detected in all"			"HPA047634, HPA048249"	Enhanced		Approved	"Nucleoplasm,Nuclear membrane,Vesicles,Cytosol"			NA	NA			"Cluster 20: Non-specific - DNA binding"	"Cluster 65: Cerebellum - Nervous system development"	"Cluster 37: Neurons - Mixed function"	"Cluster 17: Neuroblastoma - Neuronal signaling"	"Cluster 71: Horizontal & Bipolar cells - Neuronal signaling"	2	"Nucleoplasm, Nuclear membrane"	"Vesicles, Cytosol"	"HPA047634: AB_2680109, HPA048249: "		"unprognostic (3.33e-2)"	"unprognostic (3.85e-1)"			"unprognostic (2.73e-2)"	"unprognostic (1.76e-1)"	"unprognostic (1.62e-2)"																		"unprognostic (5.10e-2)"			"unprognostic (1.18e-1)"		
PGLYRP1	"PGLYRP, PGRP, PGRP-S, PGRPS, TAG7, TNFSF3L"	ENSG00000008438	"Peptidoglycan recognition protein 1"	O75594	19	46019153-46023053	"Metabolic proteins, Plasma proteins, Predicted secreted proteins"	"Immunity, Innate immunity"	"Antibiotic, Antimicrobial"		"Evidence at protein level"	"Evidence at protein level"	"Evidence at protein level"	"Evidence at protein level"	"Tissue enriched"	"Detected in some"	15	"bone marrow: 622.9"	"Cell type enriched"	"Detected in some"	4	"Oocytes: 7.4"	"Low cell type specificity"	"Detected in many"			"Not detected"	"Not detected"			"Low region specificity"	"Detected in all"			"Group enriched"	"Detected in some"	202	"eosinophil: 445.1;neutrophil: 497.3"	"Lineage enriched"	"Detected in many"	213	"granulocytes: 497.3"	"Low cancer specificity"	"Detected in some"			"Adipose visceral - Neutrophils, Heart muscle - Neutrophils, Stomach - Neutrophils, Thyroid gland - Neutrophils"	"Low region specificity"	"Detected in all"			"Low region specificity"	"Detected in all"			"HPA045702, HPA070227"	Enhanced		Approved	Nucleoplasm,Vesicles,Cytosol	"Secreted to blood"	Immunity	NA	NA		23000000	"Cluster 21: Neutrophils - Unknown function"	"Cluster 6: Bone marrow - Innate immune response"	"Cluster 15: Non-specific - Transcription"	"Cluster 14: Myeloid leukemia - Innate immune response"	"Cluster 74: Neutrophils - Degranulation"	2	Vesicles	"Nucleoplasm, Cytosol"	"HPA045702: AB_10960204, HPA070227: "						"unprognostic (1.56e-1)"																				"unprognostic (1.51e-1)"					
ROPN1L	"ASP, FLJ25776, RSPH11"	ENSG00000145491	"Rhophilin associated tail protein 1 like"	Q96C74	5	10441524-10472029	"Predicted intracellular proteins"				"Evidence at protein level"	"Evidence at protein level"	"Evidence at protein level"	"Evidence at protein level"	"Tissue enriched"	"Detected in some"	12	"testis: 314.0"	"Cell type enhanced"	"Detected in many"		"Early spermatids: 3139.0;Late spermatids: 3370.4;Spermatocytes: 826.0"	"Cell type enriched"	"Detected in many"	13	"ependymal cell: 359.6"	"Cancer enhanced"	"Detected in many"		"Uterine Corpus Endometrial Carcinoma (TCGA): 13.4"	"Low region specificity"	"Detected in all"			"Group enriched"	"Detected in many"	12	"basophil: 45.2;eosinophil: 55.2;neutrophil: 105.7"	"Lineage enriched"	"Detected in many"	18	"granulocytes: 105.7"	"Low cancer specificity"	"Detected in some"			"Lung - Respiratory ciliated cells, Spleen - Neutrophils, Testis - Early spermatids, Testis - Late spermatids"	"Low region specificity"	"Detected in all"			"Low region specificity"	"Detected in all"			"HPA039193, HPA041830"	Enhanced		Supported	"Nucleoplasm,Vesicles,Primary cilium transition zone,Mid piece,Principal piece,End piece"			NA	NA			"Cluster 21: Neutrophils - Unknown function"	"Cluster 8: Ciliated cells - Cilium organization"	"Cluster 17: Choroid plexus - Cilium"	"Cluster 14: Myeloid leukemia - Innate immune response"	"Cluster 11: Late spermatids - Unknown function"	6	"Primary cilium transition zone, Mid piece, Principal piece, End piece"	"Nucleoplasm, Vesicles"	"HPA039193: AB_10673415, HPA041830: AB_2677695"		"potential prognostic favorable (2.74e-4)"	"unprognostic (3.32e-1)"				"unprognostic (7.34e-3)"	"unprognostic (1.13e-1)"			"unprognostic (7.73e-2)"	"unprognostic (1.18e-1)"	"unprognostic (5.54e-2)"			"unprognostic (5.81e-2)"	"unprognostic (9.42e-2)"	"unprognostic (1.86e-2)"		"unprognostic (1.19e-1)"	"unprognostic (2.10e-2)"			"unprognostic (4.87e-2)"					"unprognostic (2.56e-1)"		"unprognostic (4.42e-2)"
HAL	HIS	ENSG00000084110	"Histidine ammonia-lyase"	P42357	12	95972662-95996365	"Disease related genes, Enzymes, Human disease related genes, Metabolic proteins, Plasma proteins, Potential drug targets, Predicted intracellular proteins"	"Histidine metabolism"	Lyase	"Disease variant"	"Evidence at protein level"	"Evidence at protein level"	"Evidence at protein level"	"Evidence at protein level"	"Group enriched"	"Detected in some"	11	"liver: 193.3;skin 1: 59.5"	"Cell type enhanced"	"Detected in some"		"Glandular and luminal cells: 15.9;Hepatocytes: 97.9;Kupffer cells: 14.6;monocytes: 28.6"	"Cell type enhanced"	"Detected in some"		"endothelial cell: 1.6;leukocyte: 2.7"	"Cancer enriched"	"Detected in some"	10	"Liver Hepatocellular Carcinoma (TCGA): 40.4"	"Low region specificity"	"Detected in single"			"Group enriched"	"Detected in many"	4	"basophil: 57.0;neutrophil: 73.6"	"Lineage enriched"	"Detected in many"	5	"granulocytes: 73.6"	"Group enriched"	"Detected in some"	4	"Leukemia: 6.6;liver cancer: 3.0"	"Adipose visceral - Neutrophils, Heart muscle - Neutrophils, Lung - Neutrophil_2, Pituitary gland - Somatotropes, Skeletal muscle - Neutrophils, Skin - Keratinocyte (granular), Spleen - Neutrophils, Stomach - Neutrophils"	"Not detected"	"Not detected"			"Low region specificity"	"Detected in all"			"HPA038547, HPA038548"	Enhanced		Approved	Cytosol			NA	NA		220000	"Cluster 35: Neutrophils - Protein binding"	"Cluster 83: Liver - Metabolism"	"Cluster 15: Non-specific - Transcription"	"Cluster 14: Myeloid leukemia - Innate immune response"	"Cluster 62: Hepatocytes - Metabolism"	34	Cytosol		"HPA038547: AB_10669541, HPA038548: AB_10673175"			"unprognostic (1.39e-1)"			"unprognostic (1.64e-1)"			"unprognostic (2.76e-2)"					"unprognostic (1.02e-2)"	"unprognostic (1.24e-2)"	"unprognostic (4.59e-3)"	"unprognostic (8.64e-2)"		"unprognostic (1.96e-1)"				"unprognostic (1.05e-3)"			"unprognostic (2.80e-1)"	"unprognostic (6.54e-2)"				"unprognostic (7.82e-2)"
HBB	"beta-globin, CD113t-C"	ENSG00000244734	"Hemoglobin subunit beta"	P68871	11	5225464-5229395	"Disease related genes, FDA approved drug targets, Human disease related genes, Plasma proteins, Predicted intracellular proteins, Transporters"	"Oxygen transport, Transport"	"Hypotensive agent, Vasoactive"	"Congenital dyserythropoietic anemia, Disease variant, FDA approved drug targets, Hereditary hemolytic anemia"	"Evidence at protein level"	"Evidence at protein level"	"Evidence at protein level"	"Evidence at protein level"	"Tissue enriched"	"Detected in all"	11	"bone marrow: 131241.6"	"Cell type enriched"	"Detected in many"	216	"Erythroid cells: 265225.8"	"Cell type enhanced"	"Detected in many"		"endothelial cell: 66.8;pericyte: 24.6;vascular associated smooth muscle cell: 41.3"	"Cancer enhanced"	"Detected in all"		"Glioblastoma Multiforme (TCGA): 1324.2"	"Low region specificity"	"Detected in all"			"Group enriched"	"Detected in all"	5	"neutrophil: 662.1;plasmacytoid DC: 380.8"	"Group enriched"	"Detected in all"	11	"dendritic cells: 380.8;granulocytes: 662.1"	"Cancer enriched"	"Detected in many"	5	"Leukemia: 132.1"	"Liver - Erythroid cells, Spleen - Erythrocytes"									"CAB009526, HPA043234"	Enhanced						NA	NA		14000000000	"Cluster 35: Neutrophils - Protein binding"	"Cluster 77: Bone marrow - Cell proliferation"	"Cluster 42: Choroid plexus - Mitochondria"	"Cluster 47: Leukemia - Hemostasis"	"Cluster 1: Erythroid cells - Oxygen transport"	38			"CAB009526: AB_2143058, HPA043234: AB_2678378"	"unprognostic (2.19e-2)"	"unprognostic (2.83e-1)"	"unprognostic (2.45e-1)"	"unprognostic (5.89e-2)"	"unprognostic (9.95e-2)"	"unprognostic (4.90e-2)"	"unprognostic (2.08e-1)"	"unprognostic (1.29e-3)"	"unprognostic (4.10e-1)"	"unprognostic (2.98e-1)"	"potential prognostic favorable (4.13e-7)"	"unprognostic (1.09e-1)"	"unprognostic (2.15e-2)"	"unprognostic (1.23e-1)"	"unprognostic (8.02e-2)"	"unprognostic (4.04e-2)"	"unprognostic (2.00e-1)"	"unprognostic (5.63e-2)"	"unprognostic (9.17e-2)"	"unprognostic (1.71e-1)"	"unprognostic (5.58e-2)"	"unprognostic (7.82e-2)"	"unprognostic (2.30e-1)"	"unprognostic (3.54e-3)"	"unprognostic (5.07e-1)"	"unprognostic (7.81e-2)"	"unprognostic (2.71e-2)"	"unprognostic (4.90e-2)"	"unprognostic (2.42e-1)"	"unprognostic (3.08e-2)"	"unprognostic (3.31e-1)"
NLRP6	"CLR11.4, NALP6, PAN3, PYPAF5"	ENSG00000174885	"NLR family pyrin domain containing 6"	P59044	11	278407-285388	"Plasma proteins, Predicted intracellular proteins"	"Immunity, Inflammatory response, Innate immunity"			"Evidence at protein level"	"Evidence at protein level"	"Evidence at protein level"	"Evidence at protein level"	"Tissue enriched"	"Detected in some"	11	"intestine: 38.8"	"Cell type enhanced"	"Detected in some"		"B-cells: 1.4;monocytes: 2.0;Proximal enterocytes: 9.6;T-cells: 3.8"	"Cell type enriched"	"Detected in single"	7	"leukocyte: 2.8"	"Low cancer specificity"	"Detected in some"			"Region enriched"	"Detected in many"	5	"cerebral cortex: 8.4"	"Group enriched"	"Detected in many"	4	"neutrophil: 15.5;non-classical monocyte: 4.6"	"Group enriched"	"Detected in many"	4	"granulocytes: 15.5;monocytes: 4.6"	"Cancer enhanced"	"Detected in some"		"Leukemia: 1.2;Myeloma: 2.1"	"Adipose visceral - Neutrophils, Kidney - Proximal tubular cells, Lung - Neutrophil_2, Spleen - Neutrophils"	"Not detected"	"Not detected"			"Not detected"	"Not detected"			"HPA043681, HPA048500"	Supported						NA	NA			"Cluster 35: Neutrophils - Protein binding"	"Cluster 25: Small intestine - Absorption"	"Cluster 12: Non-specific - Vasculature"	"Cluster 46: Lymphoma - Humoral immune response"	"Cluster 7: T-cells - T-cell receptor"	7			"HPA043681: AB_2678614, HPA048500: AB_2680422"						"unprognostic (1.62e-1)"					"potential prognostic favorable (1.68e-6)"	"unprognostic (6.94e-3)"	"unprognostic (7.28e-3)"	"validated prognostic favorable (5.35e-5)"	"validated prognostic favorable (1.08e-4)"											"unprognostic (2.85e-1)"		"unprognostic (3.41e-2)"			
CMTM1	"CKLFH, CKLFH1a, CKLFSF1"	ENSG00000089505	"CKLF like MARVEL transmembrane domain containing 1"	Q8IZ96	16	66566393-66579137	"Predicted intracellular proteins, Predicted membrane proteins, Transporters"	Chemotaxis	Cytokine		"Evidence at protein level"	"Evidence at transcript level"	"Evidence at transcript level"	"Evidence at protein level"	"Tissue enriched"	"Detected in many"	10	"testis: 30.4"	"Group enriched"	"Detected in some"	5	"Early spermatids: 56.6;Late spermatids: 111.1"	"Low cell type specificity"	"Detected in all"			"Low cancer specificity"	"Detected in many"			"Low region specificity"	"Detected in all"			"Group enriched"	"Detected in many"	4	"basophil: 8.8;eosinophil: 6.2;neutrophil: 7.1"	"Lineage enriched"	"Detected in many"	5	"granulocytes: 8.8"	"Low cancer specificity"	"Detected in many"			"Testis - Early spermatids, Testis - Late spermatids"	"Not detected"	"Not detected"							"HPA013801, HPA017136"	Uncertain		Approved	Nucleoplasm			NA	NA			"Cluster 21: Neutrophils - Unknown function"	"Cluster 44: Testis - Spermatogenesis"	"Cluster 6: Non-specific - Immune response"	"Cluster 68: Non-specific - Cell cycle regulation"	"Cluster 70: Spermatocytes & Spermatids - Spermatid development"		Nucleoplasm		"HPA013801: AB_1846990, HPA017136: AB_1846992"	"unprognostic (2.89e-1)"	"unprognostic (1.97e-1)"	"unprognostic (2.56e-1)"	"unprognostic (8.46e-2)"	"unprognostic (2.80e-1)"	"unprognostic (1.62e-2)"	"unprognostic (3.27e-1)"	"potential prognostic favorable (1.98e-5)"	"unprognostic (2.09e-2)"		"unprognostic (1.29e-1)"	"unprognostic (2.50e-1)"	"unprognostic (1.88e-1)"		"unprognostic (1.85e-3)"	"potential prognostic unfavorable (5.08e-4)"	"unprognostic (2.54e-2)"	"unprognostic (1.17e-2)"	"unprognostic (5.51e-2)"	"unprognostic (3.28e-2)"	"unprognostic (1.22e-2)"	"unprognostic (1.24e-3)"	"unprognostic (3.21e-3)"		"unprognostic (6.02e-2)"	"unprognostic (2.02e-1)"	"unprognostic (6.79e-2)"	"unprognostic (2.33e-1)"	"unprognostic (1.62e-1)"	"unprognostic (7.33e-2)"	"unprognostic (1.32e-1)"
KCTD19	FLJ40162	ENSG00000168676	"Potassium channel tetramerization domain containing 19"	Q17RG1	16	67289428-67326760	"Predicted intracellular proteins"	"Differentiation, Meiosis, Spermatogenesis, Transcription, Transcription regulation"	Activator		"Evidence at protein level"	"Evidence at transcript level"	"Evidence at protein level"	"Evidence at protein level"	"Tissue enriched"	"Detected in some"	10	"testis: 32.0"	"Group enriched"	"Detected in some"	12	"Early spermatids: 66.6;Spermatocytes: 63.1"	"Low cell type specificity"	"Detected in many"			"Low cancer specificity"	"Detected in many"			"Low region specificity"	"Detected in all"			"Group enriched"	"Detected in some"	5	"basophil: 1.5;neutrophil: 2.7;plasmacytoid DC: 2.7"	"Group enriched"	"Detected in many"	6	"dendritic cells: 2.7;granulocytes: 2.7"	"Low cancer specificity"	"Detected in some"			"Adipose visceral - Mesothelial cells, Testis - Early spermatids"	"Not detected"	"Not detected"			"Not detected"	"Not detected"			"HPA049310, HPA053321"	Uncertain						NA	NA			"Cluster 2: Dendritic cells - Unknown function"	"Cluster 44: Testis - Spermatogenesis"	"Cluster 6: Non-specific - Immune response"	"Cluster 59: Leukemia - T-cell receptor"	"Cluster 31: Spermatocytes - Spermatogenesis"	1			"HPA049310: AB_2680706, HPA053321: AB_2682110"				"unprognostic (2.04e-1)"		"unprognostic (8.28e-2)"					"potential prognostic unfavorable (7.92e-4)"		"unprognostic (2.27e-1)"										"unprognostic (9.87e-2)"	"unprognostic (1.07e-1)"		"unprognostic (9.39e-2)"		"unprognostic (9.01e-2)"	"unprognostic (1.63e-1)"		"potential prognostic unfavorable (3.19e-4)"
MCEMP1	"C19orf59, MGC132456"	ENSG00000183019	"Mast cell expressed membrane protein 1"	Q8IX19	19	7677088-7679829	"Predicted membrane proteins"				"Evidence at protein level"	"Evidence at protein level"	"Evidence at protein level"	"Evidence at protein level"	"Group enriched"	"Detected in some"	10	"bone marrow: 81.0;lung: 85.3;lymphoid tissue: 34.3"	"Cell type enhanced"	"Detected in some"		"Hofbauer cells: 73.0;Kupffer cells: 31.6;Langerhans cells: 20.3;Macrophages: 114.3;monocytes: 29.3"	"Not detected"	"Not detected"			"Cancer enhanced"	"Detected in many"		"Lung Adenocarcinoma (TCGA): 10.2"	"Group enriched"	"Detected in some"	5	"cerebral cortex: 6.2;pons: 2.8;thalamus: 2.9"	"Group enriched"	"Detected in many"	5	"classical monocyte: 124.0;neutrophil: 57.5"	"Group enriched"	"Detected in many"	5	"granulocytes: 57.5;monocytes: 124.0"	"Cancer enriched"	"Detected in some"	6	"Leukemia: 17.5"	"Adipose visceral - Neutrophils, Adrenal gland - Neutrophils, Colon - Neutrophils, Heart muscle - Neutrophils, Liver - Neutrophils, Pituitary gland - Neutrophils, Skeletal muscle - Neutrophils, Spleen - Neutrophils, Thyroid gland - Neutrophils"	"Region enhanced"	"Detected in single"		"cerebellum: 1.3"	"Not detected"	"Not detected"			HPA014731	Enhanced		Supported	"Plasma membrane"			NA	NA			"Cluster 38: Monocytes & Neutrophils - Degranulation"	"Cluster 81: Lymphoid tissue & Bone marrow - Innate immune response"	"Cluster 12: Non-specific - Vasculature"	"Cluster 14: Myeloid leukemia - Innate immune response"	"Cluster 58: Macrophages - Innate immune response"	9	"Plasma membrane"		"HPA014731: AB_1845619"					"unprognostic (2.73e-1)"	"unprognostic (2.53e-1)"	"potential prognostic unfavorable (5.33e-4)"									"unprognostic (4.41e-3)"	"unprognostic (1.27e-1)"	"potential prognostic unfavorable (2.08e-5)"	"unprognostic (3.08e-2)"			"unprognostic (1.76e-2)"	"unprognostic (2.22e-2)"		"unprognostic (8.57e-3)"	"unprognostic (1.12e-1)"		"unprognostic (2.05e-3)"		"unprognostic (1.63e-2)"	
CAMKK2	"CAMKK, CAMKKB, KIAA0787, MGC15254"	ENSG00000110931	"Calcium/calmodulin dependent protein kinase kinase 2"	Q96RR4	12	121237675-121298308	"Enzymes, Predicted intracellular proteins, Predicted membrane proteins"		"Calmodulin-binding, Kinase, Serine/threonine-protein kinase, Transferase"		"Evidence at protein level"	"Evidence at protein level"	"Evidence at protein level"	"Evidence at protein level"	"Tissue enriched"	"Detected in all"	9	"brain: 363.3"	"Cell type enhanced"	"Detected in many"		"Late spermatids: 89.0"	"Cell type enhanced"	"Detected in all"		"upper rhombic lip: 220.7"	"Cancer enriched"	"Detected in all"	4	"Prostate Adenocarcinoma (TCGA): 120.5"	"Low region specificity"	"Detected in all"			"Group enriched"	"Detected in all"	4	"classical monocyte: 32.8;eosinophil: 62.2;intermediate monocyte: 42.3;myeloid DC: 15.9;neutrophil: 39.4;non-classical monocyte: 39.7"	"Group enriched"	"Detected in all"	5	"dendritic cells: 15.9;granulocytes: 62.2;monocytes: 42.3"	"Low cancer specificity"	"Detected in all"			"Thyroid gland - Fibroblasts"	"Low region specificity"	"Detected in all"			"Low region specificity"	"Detected in all"			"HPA017389, HPA063713"	Approved	Supported	Supported	Cytosol			NA	NA			"Cluster 25: Non-specific - Unknown function"	"Cluster 65: Cerebellum - Nervous system development"	"Cluster 15: Non-specific - Transcription"	"Cluster 38: Non-specific - Transcription"	"Cluster 34: Neurons - Neuronal signaling"	14	Cytosol		"HPA017389: AB_1845956, HPA063713: "	"unprognostic (7.87e-2)"	"unprognostic (1.65e-1)"	"unprognostic (3.00e-1)"	"unprognostic (4.47e-2)"	"unprognostic (9.93e-3)"	"unprognostic (8.32e-2)"	"unprognostic (2.71e-1)"	"unprognostic (1.20e-2)"	"unprognostic (2.38e-2)"	"unprognostic (7.47e-2)"	"unprognostic (1.24e-1)"	"unprognostic (7.47e-2)"	"unprognostic (4.41e-2)"	"potential prognostic unfavorable (6.19e-4)"	"unprognostic (7.05e-2)"	"unprognostic (1.38e-1)"	"unprognostic (5.97e-2)"	"unprognostic (8.15e-2)"	"unprognostic (2.25e-1)"	"unprognostic (1.67e-3)"	"unprognostic (1.87e-2)"	"unprognostic (1.87e-2)"	"unprognostic (3.12e-3)"	"unprognostic (7.12e-2)"	"unprognostic (8.59e-2)"	"unprognostic (4.20e-3)"	"unprognostic (1.44e-1)"	"unprognostic (2.16e-1)"	"unprognostic (5.35e-2)"	"unprognostic (2.38e-1)"	"unprognostic (3.03e-1)"
CAMP	"CAP18, FALL-39, FALL39, LL37"	ENSG00000164047	"Cathelicidin antimicrobial peptide"	P49913	3	48223347-48225491	"Plasma proteins, Predicted secreted proteins, Transporters"	"Immunity, Innate immunity"	"Antibiotic, Antimicrobial"		"Evidence at protein level"	"Evidence at protein level"	"Evidence at protein level"	"Evidence at protein level"	"Tissue enriched"	"Detected in many"	9	"bone marrow: 2882.0"	"Cell type enriched"	"Detected in some"	14	"Serous glandular cells: 278.0"	"Not detected"	"Not detected"			"Cancer enhanced"	"Detected in many"		"Testicular Germ Cell Tumor (TCGA): 14.7"	"Not detected"	"Not detected"			"Group enriched"	"Detected in many"	6	"eosinophil: 84.7;neutrophil: 337.5"	"Lineage enriched"	"Detected in many"	12	"granulocytes: 337.5"	"Cancer enhanced"	"Detected in some"		"breast cancer: 3.7;lymphoma: 11.9"	"Minor Salivary Gland - Minor salivary glandular cells"	"Not detected"	"Not detected"			"Not detected"	"Not detected"			"CAB015949, CAB016522, HPA029874"	Enhanced				"Secreted to blood"	Immunity	NA	NA	617000000	22000000	"Cluster 7: Non-specific - Innate immune response"	"Cluster 6: Bone marrow - Innate immune response"		"Cluster 46: Lymphoma - Humoral immune response"	"Cluster 75: Serous glandular cells - Salivary secretion"	2			"CAB015949: , CAB016522: , HPA029874: AB_10600859"		"unprognostic (5.59e-2)"	"unprognostic (7.66e-2)"	"potential prognostic favorable (3.20e-4)"			"unprognostic (2.57e-2)"	"unprognostic (4.71e-2)"	"potential prognostic favorable (1.08e-4)"				"unprognostic (4.82e-2)"			"unprognostic (3.35e-3)"	"unprognostic (1.07e-1)"	"unprognostic (3.34e-1)"	"unprognostic (3.41e-1)"								"unprognostic (7.47e-2)"		"unprognostic (7.93e-2)"	"unprognostic (9.66e-3)"	"unprognostic (1.14e-2)"
CLEC4D	"CD368, CLECSF8, Dectin-3, MCL, Mpcl"	ENSG00000166527	"C-type lectin domain family 4 member D"	Q8WXI8	12	8509475-8522366	"CD markers, Predicted intracellular proteins"	"Adaptive immunity, Immunity, Innate immunity"			"Evidence at protein level"	"Evidence at transcript level"	"Evidence at protein level"	"Evidence at protein level"	"Tissue enriched"	"Detected in some"	9	"bone marrow: 64.0"	"Cell type enhanced"	"Detected in some"		"Hofbauer cells: 8.0;Kupffer cells: 12.0;Macrophages: 10.1;monocytes: 2.6"	"Not detected"	"Not detected"			"Cancer enriched"	"Detected in single"	63	"Testicular Germ Cell Tumor (TCGA): 26.6"	"Not detected"	"Not detected"			"Group enriched"	"Detected in many"	17	"classical monocyte: 57.4;neutrophil: 99.4"	"Group enriched"	"Detected in many"	32	"granulocytes: 99.4;monocytes: 57.4"	"Cancer enhanced"	"Detected in some"		"lymphoma: 3.2;testis cancer: 8.4"	"Adipose visceral - Neutrophils, Colon - Neutrophils, Heart muscle - Neutrophils, Liver - Neutrophils, Lung - Neutrophil_2, Spleen - Neutrophils, Thyroid gland - Neutrophils"	"Not detected"	"Not detected"			"Low region specificity"	"Detected in all"			HPA004906	Approved						NA	NA			"Cluster 38: Monocytes & Neutrophils - Degranulation"	"Cluster 6: Bone marrow - Innate immune response"		"Cluster 71: Lymphoma - Inflammatory response"	"Cluster 74: Neutrophils - Degranulation"	54			"HPA004906: AB_1078535"																	"unprognostic (2.07e-1)"		"unprognostic (2.71e-1)"										"unprognostic (1.81e-1)"		
LIPN	"bA186O14.3, LIPL4"	ENSG00000204020	"Lipase family member N"	Q5VXI9	10	88759982-88779626	"Disease related genes, Human disease related genes, Predicted secreted proteins"	"Lipid degradation, Lipid metabolism"	Hydrolase	Ichthyosis	"Evidence at protein level"	"Evidence at transcript level"	"Evidence at transcript level"	"Evidence at protein level"	"Tissue enriched"	"Detected in some"	9	"skin 1: 26.0"	"Cell type enriched"	"Detected in some"	8	"monocytes: 186.5"	"Cell type enriched"	"Detected in some"	7	"leukocyte: 12.0"	"Not detected"	"Not detected"			"Not detected"	"Not detected"			"Group enriched"	"Detected in many"	6	"classical monocyte: 2.9;eosinophil: 10.3;intermediate monocyte: 7.5;neutrophil: 5.4;non-classical monocyte: 8.5"	"Group enriched"	"Detected in many"	8	"granulocytes: 10.3;monocytes: 8.5"	"Not detected"	"Not detected"			"Adipose visceral - Neutrophils, Skin - Keratinocyte (granular), Spleen - Neutrophils"	"Not detected"	"Not detected"			"Low region specificity"	"Detected in all"								"Secreted in other tissues"	Enzyme	NA	NA			"Cluster 40: Monocytes - Innate immune response"	"Cluster 82: Skin - Keratinization"		"Cluster 55: Lymphoma - Immune response"	"Cluster 29: Monocytes - Innate immune response"																																			
NPC2	"EDDM1, HE1, NP-C2"	ENSG00000119655	"NPC intracellular cholesterol transporter 2"	P61916	14	74476192-74494177	"Disease related genes, Human disease related genes, Plasma proteins, Potential drug targets, Predicted intracellular proteins, Predicted secreted proteins, Transporters"	"Cholesterol metabolism, Lipid metabolism, Lipid transport, Steroid metabolism, Sterol metabolism, Transport"		"Disease variant, Niemann-Pick disease"	"Evidence at protein level"	"Evidence at protein level"	"Evidence at protein level"	"Evidence at protein level"	"Tissue enriched"	"Detected in all"	9	"epididymis: 16376.6"	"Cell type enhanced"	"Detected in all"		"Alveolar cells type 2: 2445.0;Hofbauer cells: 3032.8;Kupffer cells: 1533.7"	"Cell type enhanced"	"Detected in all"		"central nervous system macrophage: 107.1;choroid plexus epithelial cell: 118.0"	"Cancer enhanced"	"Detected in all"		"Thyroid Carcinoma (TCGA): 4543.9"	"Low region specificity"	"Detected in all"			"Group enriched"	"Detected in all"	4	"basophil: 671.5;classical monocyte: 1304.7;intermediate monocyte: 1776.9;myeloid DC: 588.8;neutrophil: 678.2;non-classical monocyte: 1258.0;plasmacytoid DC: 2119.0"	"Group enriched"	"Detected in all"	5	"dendritic cells: 2119.0;granulocytes: 678.2;monocytes: 1776.9"	"Low cancer specificity"	"Detected in all"			"Adipose subcutaneous - Macrophages, Breast - Fibroblasts, Minor Salivary Gland - Macrophages, Spleen - Macrophages"	"Low region specificity"	"Detected in all"			"Low region specificity"	"Detected in all"			"HPA000835, CAB032888"	Enhanced				"Secreted to blood"	Transport	NA	NA		31000000	"Cluster 10: Non-specific - Membrane trafficking"	"Cluster 50: Epididymis - Male reproductive secretion"	"Cluster 21: Non-specific - Metabolism"	"Cluster 53: Squamous epithelial cells - Keratinization"	"Cluster 58: Macrophages - Innate immune response"	11			"CAB032888: AB_2157036, HPA000835: AB_1079499"	"unprognostic (1.44e-1)"	"unprognostic (2.61e-3)"	"unprognostic (2.68e-1)"	"unprognostic (4.09e-2)"	"unprognostic (4.57e-2)"	"unprognostic (1.42e-3)"	"unprognostic (3.05e-3)"	"unprognostic (8.59e-2)"	"unprognostic (4.89e-2)"	"unprognostic (1.03e-1)"	"potential prognostic favorable (5.11e-5)"	"unprognostic (3.47e-1)"	"unprognostic (3.57e-2)"	"potential prognostic unfavorable (2.36e-5)"	"unprognostic (4.88e-2)"	"potential prognostic favorable (9.10e-4)"	"unprognostic (2.83e-1)"	"unprognostic (7.52e-3)"	"potential prognostic unfavorable (2.55e-4)"	"unprognostic (1.28e-3)"	"unprognostic (5.51e-2)"	"unprognostic (1.34e-1)"	"unprognostic (1.01e-1)"	"unprognostic (5.80e-2)"	"unprognostic (5.99e-3)"	"unprognostic (8.28e-2)"	"unprognostic (1.33e-1)"	"unprognostic (1.65e-3)"	"unprognostic (1.94e-1)"	"unprognostic (1.46e-3)"	"unprognostic (1.22e-1)"
PADI4	"PAD, PADI5, PDI4, PDI5"	ENSG00000159339	"Peptidyl arginine deiminase 4"	Q9UM07	1	17308195-17364004	"Disease related genes, Enzymes, Metabolic proteins, Plasma proteins, Potential drug targets, Predicted intracellular proteins"	"Immunity, Innate immunity, Transcription, Transcription regulation"	"Chromatin regulator, Hydrolase"		"Evidence at protein level"	"Evidence at protein level"	"Evidence at protein level"	"Evidence at protein level"	"Group enriched"	"Detected in some"	9	"bone marrow: 104.1;lymphoid tissue: 29.2"	"Cell type enhanced"	"Detected in some"		"dendritic cells: 14.6;granulocytes: 6.3;Hofbauer cells: 7.8;Macrophages: 7.7;monocytes: 21.9;NK-cells: 8.5"	"Cell type enhanced"	"Detected in some"		"leukocyte: 4.7;upper-layer intratelencephalic: 3.0"	"Not detected"	"Not detected"			"Low region specificity"	"Detected in many"			"Group enriched"	"Detected in many"	8	"basophil: 80.1;classical monocyte: 71.3;eosinophil: 97.7;neutrophil: 183.5"	"Group enriched"	"Detected in all"	9	"granulocytes: 183.5;monocytes: 71.3"	"Cancer enriched"	"Detected in single"	10	"Leukemia: 3.7"	"Adipose visceral - Neutrophils, Heart muscle - Neutrophils, Liver - Neutrophils, Lung - Neutrophil_2, Minor Salivary Gland - Neutrophils, Pituitary gland - Neutrophils, Skeletal muscle - Neutrophils, Skin - Sebaceous gland cells, Stomach - Neutrophils, Thyroid gland - Neutrophils"	"Not detected"	"Not detected"			"Not detected"	"Not detected"			"HPA017007, HPA042825"	Enhanced						NA	NA		44000	"Cluster 21: Neutrophils - Unknown function"	"Cluster 6: Bone marrow - Innate immune response"	"Cluster 53: Neurons - Mixed function"	"Cluster 14: Myeloid leukemia - Innate immune response"	"Cluster 74: Neutrophils - Degranulation"	13			"HPA017007: AB_1854921, HPA042825: AB_2678189"																							"unprognostic (4.03e-2)"								
OSM	MGC20461	ENSG00000099985	"Oncostatin M"	P13725	22	30262829-30266851	"Cancer-related genes, Plasma proteins, Predicted intracellular proteins, Predicted secreted proteins"	"Growth regulation"	"Cytokine, Mitogen"	"Cancer-related genes"	"Evidence at protein level"	"Evidence at transcript level"	"Evidence at protein level"	"Evidence at protein level"	"Tissue enriched"	"Detected in many"	8	"bone marrow: 116.9"	"Cell type enhanced"	"Detected in some"		"granulocytes: 38.6;Hofbauer cells: 159.6;Macrophages: 52.3;monocytes: 33.4"	"Group enriched"	"Detected in some"	24	"central nervous system macrophage: 1.9;leukocyte: 3.5"	"Low cancer specificity"	"Detected in many"			"Low region specificity"	"Detected in many"			"Group enriched"	"Detected in many"	8	"basophil: 65.5;neutrophil: 35.0"	"Lineage enriched"	"Detected in many"	10	"granulocytes: 65.5"	"Cancer enhanced"	"Detected in some"		"Leukemia: 11.1;lymphoma: 6.2"	"Colon - Neutrophils"	"Not detected"	"Not detected"			"Region enriched"	"Detected in single"	6	"spinal cord: 3.3"						"Secreted to blood"	Cytokine	NA	NA	39700		"Cluster 35: Neutrophils - Protein binding"	"Cluster 77: Bone marrow - Cell proliferation"	"Cluster 12: Non-specific - Vasculature"	"Cluster 71: Lymphoma - Inflammatory response"	"Cluster 74: Neutrophils - Degranulation"	5				"unprognostic (2.05e-1)"	"unprognostic (1.50e-1)"	"unprognostic (3.31e-1)"	"unprognostic (1.26e-2)"	"unprognostic (4.54e-2)"	"unprognostic (5.19e-2)"	"unprognostic (1.56e-2)"	"unprognostic (1.04e-1)"	"unprognostic (9.11e-2)"	"unprognostic (1.27e-1)"	"potential prognostic unfavorable (5.74e-5)"	"unprognostic (1.05e-1)"	"unprognostic (1.25e-1)"		"unprognostic (1.39e-1)"	"unprognostic (3.92e-1)"	"unprognostic (1.53e-2)"	"unprognostic (5.85e-2)"	"unprognostic (1.49e-1)"	"unprognostic (7.62e-3)"	"unprognostic (3.13e-1)"	"unprognostic (9.08e-3)"	"unprognostic (1.98e-1)"	"unprognostic (8.26e-2)"	"unprognostic (1.46e-2)"	"unprognostic (3.13e-1)"	"unprognostic (6.54e-2)"	"unprognostic (3.23e-2)"	"unprognostic (6.58e-2)"	"unprognostic (6.60e-2)"	"unprognostic (2.48e-1)"
PRAM1	PML-RAR	ENSG00000133246	"PML-RARA regulated adaptor molecule 1"	Q96QH2	19	8490056-8502640	"Predicted intracellular proteins"				"Evidence at protein level"	"Evidence at transcript level"	"Evidence at protein level"	"Evidence at protein level"	"Tissue enriched"	"Detected in many"	8	"bone marrow: 95.8"	"Group enriched"	"Detected in some"	4	"Hofbauer cells: 50.1;Kupffer cells: 55.2;Macrophages: 44.7;monocytes: 75.2"	"Cell type enriched"	"Detected in many"	4	"central nervous system macrophage: 134.8"	"Low cancer specificity"	"Detected in many"			"Low region specificity"	"Detected in all"			"Group enriched"	"Detected in many"	7	"classical monocyte: 95.5;intermediate monocyte: 101.3;myeloid DC: 58.7;neutrophil: 54.2;non-classical monocyte: 122.0"	"Group enriched"	"Detected in many"	7	"dendritic cells: 58.7;granulocytes: 54.2;monocytes: 122.0"	"Cancer enriched"	"Detected in single"	91	"Leukemia: 42.6"	"Spleen - Neutrophils"	"Not detected"	"Not detected"			"Low region specificity"	"Detected in all"			"HPA045236, HPA050161"	Approved		Approved	"Golgi apparatus"			NA	NA			"Cluster 38: Monocytes & Neutrophils - Degranulation"	"Cluster 77: Bone marrow - Cell proliferation"	"Cluster 20: Macrophages & Microglia - Immune response"	"Cluster 14: Myeloid leukemia - Innate immune response"	"Cluster 29: Monocytes - Innate immune response"	26	"Golgi apparatus"		"HPA045236: AB_2679267, HPA050161: AB_2681036"	"unprognostic (2.76e-2)"	"unprognostic (3.29e-2)"	"unprognostic (4.64e-3)"	"unprognostic (1.20e-2)"		"unprognostic (7.62e-3)"	"unprognostic (1.03e-1)"	"unprognostic (6.12e-2)"			"unprognostic (1.46e-1)"	"unprognostic (1.71e-1)"	"potential prognostic favorable (4.37e-4)"		"unprognostic (2.15e-2)"	"unprognostic (8.65e-3)"	"unprognostic (1.79e-1)"	"unprognostic (8.85e-2)"	"unprognostic (3.14e-1)"	"unprognostic (9.88e-2)"	"unprognostic (1.42e-1)"	"unprognostic (8.29e-2)"	"unprognostic (1.56e-2)"	"unprognostic (3.38e-1)"		"unprognostic (2.86e-1)"		"unprognostic (1.17e-2)"	"unprognostic (8.78e-3)"	"unprognostic (1.79e-1)"	"unprognostic (1.21e-2)"
UPB1	BUP1	ENSG00000100024	"Beta-ureidopropionase 1"	Q9UBR1	22	24494107-24528390	"Disease related genes, Enzymes, Human disease related genes, Metabolic proteins, Potential drug targets, Predicted intracellular proteins"		Hydrolase	"Disease variant"	"Evidence at protein level"	"Evidence at protein level"	"Evidence at protein level"	"Evidence at protein level"	"Tissue enriched"	"Detected in some"	8	"liver: 210.8"	"Group enriched"	"Detected in some"	9	"Hepatocytes: 135.2;Oocytes: 151.5;Proximal tubular cells: 49.5"	"Cell type enriched"	"Detected in some"	4	"pericyte: 49.7"	"Cancer enriched"	"Detected in some"	4	"Liver Hepatocellular Carcinoma (TCGA): 36.7"	"Low region specificity"	"Detected in all"			"Group enriched"	"Detected in some"	13	"basophil: 2.1;neutrophil: 1.9"	"Lineage enriched"	"Detected in single"	14	"granulocytes: 2.1"	"Not detected"	"Not detected"			"Kidney - Proximal tubular cells, Liver - Hepatocytes, Pancreas - Alpha cells, Skin - Sebaceous gland cells, Testis - Spermatogonia"	"Low region specificity"	"Detected in single"			"Low region specificity"	"Detected in all"			"HPA000728, HPA076321"	Enhanced						NA	NA		1100000	"Cluster 35: Neutrophils - Protein binding"	"Cluster 1: Liver & Kidney - Metabolism"	"Cluster 15: Non-specific - Transcription"	"Cluster 51: Myeloma - Immunoglobulins"	"Cluster 56: Proximal tubular cells - Amino acid metabolism"				"HPA000728: AB_1080471, HPA076321: "			"unprognostic (2.51e-2)"								"validated prognostic favorable (2.43e-6)"	"validated prognostic favorable (1.28e-6)"		"validated prognostic favorable (9.73e-5)"	"validated prognostic favorable (2.54e-7)"								"unprognostic (8.08e-3)"								
ABHD12B	"BEM46L3, C14orf29"	ENSG00000131969	"Abhydrolase domain containing 12B"	Q7Z5M8	14	50872053-50904970	"Predicted intracellular proteins"		Hydrolase		"Evidence at protein level"	"Evidence at transcript level"	"Evidence at protein level"	"Evidence at protein level"	"Group enriched"	"Detected in some"	7	"brain: 6.6;retina: 13.9;skin 1: 10.1"	"Cell type enriched"	"Detected in some"	5	"Muller glia cells: 165.0"	"Cell type enhanced"	"Detected in many"		"medium spiny neuron: 29.7;thalamic excitatory: 39.1"	"Low cancer specificity"	"Detected in some"			"Low region specificity"	"Detected in all"			"Group enriched"	"Detected in some"	4	"eosinophil: 1.0;neutrophil: 2.2"	"Lineage enriched"	"Detected in single"	6	"granulocytes: 2.2"	"Cancer enriched"	"Detected in some"	5	"cervical cancer: 5.6"	"Adipose visceral - Mesothelial cells, Kidney - Podocytes, Skin - Keratinocyte (granular), Spleen - Neutrophils"	"Region enriched"	"Detected in single"	5	"thalamus: 2.1"	"Low region specificity"	"Detected in many"			HPA002873	Uncertain		Uncertain	Nucleoplasm			NA	NA			"Cluster 21: Neutrophils - Unknown function"	"Cluster 39: Retina & Testis - Cilium"	"Cluster 38: Sub-cortical - Mixed function"	"Cluster 32: Non-specific - Cell proliferation"	"Cluster 10: Muller glia cells - Visual perception"		Nucleoplasm		"HPA002873: AB_2220573"			"unprognostic (9.85e-2)"		"unprognostic (7.12e-2)"	"unprognostic (7.46e-2)"															"unprognostic (7.74e-2)"		"unprognostic (1.50e-2)"			"unprognostic (1.40e-2)"			"unprognostic (5.11e-2)"		
CASP5	ICE(rel)III	ENSG00000137757	"Caspase 5"	P51878	11	104994235-105023168	"Cancer-related genes, Enzymes, Plasma proteins, Predicted intracellular proteins"	Apoptosis	"Hydrolase, Protease, Thiol protease"	"Cancer-related genes"	"Evidence at protein level"	"Evidence at transcript level"	"Evidence at protein level"	"Evidence at protein level"	"Group enriched"	"Detected in some"	7	"intestine: 16.3;lymphoid tissue: 14.2"	"Cell type enhanced"	"Detected in some"		"Distal enterocytes: 21.2;Kupffer cells: 5.5;monocytes: 18.9;Paneth cells: 6.2;Proximal enterocytes: 19.1"	"Group enriched"	"Detected in some"	6	"central nervous system macrophage: 3.5;leukocyte: 5.2"	"Group enriched"	"Detected in some"	6	"Colon Adenocarcinoma (TCGA): 7.3;Rectum Adenocarcinoma (TCGA): 6.7;Stomach Adenocarcinoma (TCGA): 2.2"	"Group enriched"	"Detected in some"	5	"cerebral cortex: 9.1;pons: 2.3"	"Group enriched"	"Detected in some"	13	"intermediate monocyte: 18.1;neutrophil: 13.0;non-classical monocyte: 41.4"	"Group enriched"	"Detected in many"	15	"granulocytes: 13.0;monocytes: 41.4"	"Cancer enriched"	"Detected in single"	5	"colorectal cancer: 2.4"	"Spleen - Neutrophils"																NA	NA			"Cluster 37: Monocytes & Neutrophils - Innate immune response"	"Cluster 45: Intestine - Digestion"	"Cluster 12: Non-specific - Vasculature"	"Cluster 57: Stomach & Colon cancer - Digestion"	"Cluster 5: Enterocytes - Absorption"							"unprognostic (2.93e-1)"		"unprognostic (3.13e-2)"	"unprognostic (1.27e-2)"		"unprognostic (5.16e-1)"				"unprognostic (2.42e-2)"					"unprognostic (3.17e-2)"		"unprognostic (6.56e-2)"				"unprognostic (1.32e-3)"		"unprognostic (1.31e-1)"	"unprognostic (1.73e-3)"		"unprognostic (2.74e-2)"			
CFAP45	"CCDC19, NESG1"	ENSG00000213085	"Cilia and flagella associated protein 45"	Q9UL16	1	159872364-159900165	"Disease related genes, Human disease related genes, Predicted intracellular proteins"			"Ciliopathy, Disease variant, Heterotaxy"	"Evidence at protein level"	"Evidence at protein level"	"Evidence at protein level"	"Evidence at protein level"	"Group enriched"	"Detected in some"	7	"choroid plexus: 36.2;fallopian tube: 43.3;testis: 27.6"	"Group enriched"	"Detected in many"	4	"Ciliated cells: 161.4;Early spermatids: 299.7;Late spermatids: 78.6"	"Cell type enriched"	"Detected in some"	5	"ependymal cell: 158.8"	"Cancer enhanced"	"Detected in many"		"Uterine Corpus Endometrial Carcinoma (TCGA): 19.4"	"Low region specificity"	"Detected in many"			"Group enriched"	"Detected in some"	8	"eosinophil: 3.0;neutrophil: 2.4"	"Lineage enriched"	"Detected in single"	9	"granulocytes: 3.0"	"Cancer enhanced"	"Detected in many"		"Bile duct cancer: 7.3"	"Kidney - Podocytes, Lung - Respiratory ciliated cells, Testis - Early spermatids, Testis - Late spermatids"	"Low region specificity"	"Detected in many"			"Low region specificity"	"Detected in all"			"HPA042204, HPA043618"	Enhanced		Uncertain	"Nucleoplasm,Basal body,Cytosol,Mid piece,Principal piece,End piece"			NA	NA			"Cluster 21: Neutrophils - Unknown function"	"Cluster 8: Ciliated cells - Cilium organization"	"Cluster 3: Choroid plexus - Cilium"	"Cluster 10: Ciliated cells - Ion channel activity"	"Cluster 42: Ciliated cells - Cilium assembly"	1	"Nucleoplasm, Mid piece, Principal piece, End piece"	"Basal body, Cytosol"	"HPA042204: AB_10966555, HPA043618: AB_10959305"	"unprognostic (3.02e-2)"	"unprognostic (4.19e-2)"		"potential prognostic favorable (2.24e-4)"			"unprognostic (3.01e-2)"	"potential prognostic unfavorable (6.49e-5)"								"unprognostic (2.53e-1)"	"unprognostic (2.31e-1)"	"unprognostic (9.39e-2)"	"unprognostic (1.55e-1)"	"unprognostic (2.30e-1)"	"unprognostic (2.47e-3)"	"unprognostic (7.85e-2)"	"unprognostic (7.80e-3)"	"unprognostic (1.22e-1)"					"unprognostic (1.77e-1)"		"unprognostic (3.87e-2)"
DGAT2		ENSG00000062282	"Diacylglycerol O-acyltransferase 2"	Q96PD7	11	75759512-75801535	"Enzymes, FDA approved drug targets, Metabolic proteins, Predicted membrane proteins"	"Glycerol metabolism, Lipid biosynthesis, Lipid metabolism"	"Acyltransferase, Transferase"	"FDA approved drug targets"	"Evidence at protein level"	"Evidence at protein level"	"Evidence at protein level"	"Evidence at protein level"	"Group enriched"	"Detected in many"	7	"adipose tissue: 459.3;breast: 129.3;liver: 321.2;skin 1: 146.7"	"Cell type enhanced"	"Detected in many"		"Early spermatids: 277.3;Hepatocytes: 103.0;Late spermatids: 95.1;Spermatocytes: 56.1;Spermatogonia: 46.5"	"Cell type enhanced"	"Detected in many"		"medium spiny neuron: 16.7"	"Cancer enhanced"	"Detected in all"		"Liver Hepatocellular Carcinoma (TCGA): 96.8"	"Low region specificity"	"Detected in all"			"Group enriched"	"Detected in many"	11	"eosinophil: 138.1;neutrophil: 350.5"	"Lineage enriched"	"Detected in many"	16	"granulocytes: 350.5"	"Low cancer specificity"	"Detected in all"			"Adipose subcutaneous - Adipocytes (Subcutaneous), Adipose visceral - Adipocytes (Visceral), Breast - Adipocytes (Breast), Liver - Hepatocytes, Lung - Neutrophil_2, Minor Salivary Gland - Adipocytes (Minor salivary gland), Skin - Keratinocyte (granular), Spleen - Neutrophils, Testis - Early spermatids, Testis - Late spermatids"	"Low region specificity"	"Detected in all"			"Region enhanced"	"Detected in all"		"basal ganglia: 30.0"	HPA013351			Approved	Vesicles,Cytosol			NA	NA			"Cluster 21: Neutrophils - Unknown function"	"Cluster 11: Liver - Plasma proteins"	"Cluster 33: Neurons - Mixed function"	"Cluster 57: Stomach & Colon cancer - Digestion"	"Cluster 74: Neutrophils - Degranulation"		"Vesicles, Cytosol"		"HPA013351: AB_1847630"	"unprognostic (1.85e-2)"	"unprognostic (4.05e-2)"	"unprognostic (1.24e-1)"	"unprognostic (2.44e-2)"	"unprognostic (6.67e-2)"	"unprognostic (4.34e-1)"	"unprognostic (1.60e-1)"	"unprognostic (3.47e-1)"	"unprognostic (6.98e-2)"	"unprognostic (2.95e-1)"	"unprognostic (1.38e-2)"	"unprognostic (6.16e-2)"	"potential prognostic unfavorable (9.18e-4)"	"unprognostic (7.96e-3)"	"unprognostic (3.48e-3)"	"unprognostic (2.47e-1)"	"unprognostic (2.87e-2)"	"unprognostic (5.92e-3)"	"unprognostic (1.37e-1)"	"unprognostic (3.39e-2)"	"unprognostic (2.78e-1)"	"unprognostic (2.15e-1)"	"potential prognostic favorable (3.80e-4)"	"unprognostic (2.98e-1)"	"unprognostic (1.17e-2)"	"unprognostic (2.64e-1)"	"unprognostic (6.25e-2)"	"unprognostic (1.35e-1)"	"unprognostic (1.94e-1)"	"unprognostic (2.81e-2)"	"unprognostic (1.55e-1)"
ENO2	NSE	ENSG00000111674	"Enolase 2"	P09104	12	6913745-6923698	"Cancer-related genes, Candidate cardiovascular disease genes, Enzymes, Metabolic proteins, Plasma proteins, Predicted intracellular proteins"	Glycolysis	Lyase	"Cancer-related genes"	"Evidence at protein level"	"Evidence at protein level"	"Evidence at protein level"	"Evidence at protein level"	"Group enriched"	"Detected in all"	7	"brain: 844.5;retina: 1644.2"	"Group enriched"	"Detected in many"	5	"Bipolar cells: 350.8;Cone photoreceptor cells: 1162.2;Horizontal cells: 293.3;Rod photoreceptor cells: 643.6"	"Low cell type specificity"	"Detected in all"			"Low cancer specificity"	"Detected in all"			"Low region specificity"	"Detected in all"			"Group enriched"	"Detected in many"	4	"gdT-cell: 9.9;MAIT T-cell: 11.4;memory B-cell: 6.8;memory CD4 T-cell: 13.1;memory CD8 T-cell: 11.4;naive B-cell: 4.5;naive CD4 T-cell: 8.2;naive CD8 T-cell: 8.6;neutrophil: 7.0;T-reg: 7.5"	"Group enriched"	"Detected in many"	7	"B-cells: 6.8;granulocytes: 7.0;T-cells: 13.1"	"Low cancer specificity"	"Detected in all"			"Adipose visceral - Adipose progenitor cells, Spleen - B-cells (Spleen)"	"Low region specificity"	"Detected in all"			"Low region specificity"	"Detected in all"			"CAB000063, HPA068284, HPA068721, CAB073539, CAB079023"	Enhanced	Supported	Enhanced	"Plasma membrane,Cytosol"			NA	NA		61000000	"Cluster 43: Non-specific - Transcription & Translation"	"Cluster 28: Neuronal - Transcription"	"Cluster 52: Neurons & Synapses - Synaptic function"	"Cluster 15: Kidney cancer - Membrane components"	"Cluster 66: Photoreceptor cells - Visual perception"	11	"Plasma membrane, Cytosol"		"CAB000063: AB_2099322, CAB073539: , CAB079023: , HPA068284: , HPA068721: AB_2732119"	"potential prognostic favorable (6.50e-4)"	"unprognostic (2.31e-1)"	"unprognostic (1.22e-1)"	"unprognostic (4.55e-2)"	"unprognostic (1.57e-3)"	"unprognostic (7.86e-2)"	"potential prognostic unfavorable (9.52e-4)"	"unprognostic (2.33e-1)"	"unprognostic (1.73e-2)"	"unprognostic (4.55e-3)"	"potential prognostic unfavorable (6.20e-4)"	"unprognostic (3.11e-3)"	"unprognostic (1.61e-2)"	"unprognostic (1.03e-3)"	"unprognostic (1.45e-1)"	"unprognostic (8.18e-2)"	"unprognostic (3.68e-2)"	"unprognostic (2.06e-1)"	"unprognostic (2.21e-1)"	"unprognostic (1.71e-1)"	"unprognostic (1.32e-1)"	"unprognostic (3.16e-1)"	"potential prognostic unfavorable (6.28e-4)"	"unprognostic (5.19e-2)"	"unprognostic (1.25e-1)"	"unprognostic (1.82e-1)"	"unprognostic (1.05e-1)"	"unprognostic (9.28e-2)"	"unprognostic (3.58e-1)"	"unprognostic (1.14e-2)"	"unprognostic (9.17e-2)"
ENSG00000288796		ENSG00000288796	"Novel protein"		4	73981074-73988190	"Predicted intracellular proteins"				"Evidence at protein level"	"Evidence at protein level"			"Tissue enriched"	"Detected in some"	7	"bone marrow: 16.1"													"Low region specificity"	"Detected in single"			"Group enriched"	"Detected in many"	10	"basophil: 174.4;neutrophil: 71.6"	"Lineage enriched"	"Detected in many"	14	"granulocytes: 174.4"	"Not detected"	"Not detected"												"HPA008354, HPA052485"	Supported						NA	NA			"Cluster 21: Neutrophils - Unknown function"		"Cluster 42: Choroid plexus - Mitochondria"	"Cluster 57: Stomach & Colon cancer - Digestion"					"HPA008354: AB_1847353, HPA052485: AB_2681847"																															
GPR141	PGR13	ENSG00000187037	"G protein-coupled receptor 141"	Q7Z602	7	37683766-37833788	"G-protein coupled receptors, Predicted membrane proteins"		"G-protein coupled receptor, Receptor, Transducer"		"Evidence at protein level"	"Evidence at transcript level"	"Evidence at protein level"	"Evidence at protein level"	"Tissue enriched"	"Detected in many"	7	"bone marrow: 25.6"	"Cell type enhanced"	"Detected in some"		"granulocytes: 14.4;Langerhans cells: 8.9;Macrophages: 5.2;NK-cells: 13.7;Oligodendrocytes: 13.4"	"Group enriched"	"Detected in some"	10	"central nervous system macrophage: 1.0;leukocyte: 1.5"	"Low cancer specificity"	"Detected in many"			"Low region specificity"	"Detected in all"			"Group enriched"	"Detected in many"	6	"classical monocyte: 11.1;eosinophil: 8.0;gdT-cell: 4.4;memory CD8 T-cell: 4.3;myeloid DC: 5.9;naive CD8 T-cell: 2.9;neutrophil: 10.8"	"Low lineage specificity"	"Detected in many"			"Cancer enhanced"	"Detected in some"		"Leukemia: 4.8"	"Spleen - Neutrophils"	"Not detected"	"Not detected"			"Low region specificity"	"Detected in all"										NA	NA			"Cluster 38: Monocytes & Neutrophils - Degranulation"	"Cluster 77: Bone marrow - Cell proliferation"	"Cluster 30: White matter - Myelination"	"Cluster 49: HMC-1 - Innate immune response"	"Cluster 19: NK-cells - Adaptive immune response"	13					"unprognostic (1.42e-2)"	"unprognostic (2.71e-1)"	"unprognostic (6.55e-2)"		"unprognostic (1.95e-1)"	"unprognostic (5.60e-3)"	"unprognostic (1.32e-1)"			"unprognostic (2.04e-2)"	"unprognostic (1.38e-1)"				"unprognostic (1.11e-2)"	"unprognostic (3.47e-2)"	"unprognostic (1.26e-1)"	"unprognostic (2.05e-1)"	"unprognostic (2.35e-1)"	"unprognostic (4.79e-2)"		"unprognostic (3.83e-1)"			"unprognostic (9.13e-2)"		"unprognostic (1.11e-2)"	"unprognostic (2.73e-1)"	"unprognostic (2.59e-1)"	"unprognostic (4.73e-1)"
S100A12	"CAAF1, CAGC, CGRP, ENRAGE, MRP6, p6"	ENSG00000163221	"S100 calcium binding protein A12"	P80511	1	153373711-153375621	"Plasma proteins, Predicted intracellular proteins, Predicted secreted proteins"	"Immunity, Inflammatory response, Innate immunity"	"Antibiotic, Antimicrobial, Fungicide"		"Evidence at protein level"	"Evidence at protein level"	"Evidence at protein level"	"Evidence at protein level"	"Tissue enriched"	"Detected in many"	7	"bone marrow: 3451.3"	"Group enriched"	"Detected in many"	9	"Hofbauer cells: 388.2;Kupffer cells: 667.6;Macrophages: 386.5"	"Cell type enriched"	"Detected in single"	5	"leukocyte: 1.6"	"Cancer enhanced"	"Detected in many"		"Head and Neck Squamous Cell Carcinoma (TCGA): 109.1"	"Region enhanced"	"Detected in many"		"cerebral cortex: 7.2"	"Group enriched"	"Detected in many"	13	"classical monocyte: 1326.0;neutrophil: 1795.5"	"Group enriched"	"Detected in many"	13	"granulocytes: 1795.5;monocytes: 1326.0"	"Group enriched"	"Detected in some"	5	"cervical cancer: 3.9;head and neck cancer: 5.5;Leukemia: 2.0"	"Adipose visceral - Neutrophils, Colon - Neutrophils, Heart muscle - Neutrophils, Liver - Neutrophils, Lung - Neutrophil_2, Pituitary gland - Neutrophils, Skeletal muscle - Neutrophils, Spleen - Neutrophils, Stomach - Neutrophils, Thyroid gland - Neutrophils"					"Region enhanced"	"Detected in some"		"cerebral cortex: 5.5"	"HPA002881, CAB025872"	Enhanced				"Secreted to blood"	Immunity	NA	NA	28500000	5800000	"Cluster 38: Monocytes & Neutrophils - Degranulation"	"Cluster 6: Bone marrow - Innate immune response"	"Cluster 12: Non-specific - Vasculature"	"Cluster 53: Squamous epithelial cells - Keratinization"	"Cluster 74: Neutrophils - Degranulation"	1			"CAB025872: , HPA002881: AB_1848175"	"unprognostic (7.88e-2)"		"unprognostic (7.47e-2)"	"unprognostic (1.51e-1)"	"unprognostic (3.96e-1)"	"unprognostic (6.57e-2)"	"unprognostic (1.76e-2)"	"unprognostic (1.01e-2)"	"unprognostic (6.34e-2)"		"unprognostic (1.91e-1)"	"unprognostic (1.50e-1)"	"unprognostic (8.12e-2)"		"unprognostic (1.76e-2)"	"unprognostic (9.30e-3)"	"unprognostic (2.21e-2)"	"unprognostic (2.14e-1)"	"unprognostic (1.87e-1)"	"unprognostic (1.24e-1)"		"unprognostic (1.65e-1)"	"unprognostic (1.54e-1)"		"unprognostic (4.81e-2)"	"unprognostic (9.43e-2)"	"unprognostic (1.31e-1)"	"potential prognostic unfavorable (5.10e-4)"	"unprognostic (2.75e-1)"		"unprognostic (7.91e-2)"
SIGLEC5	"CD170, CD33L2, OB-BP2, SIGLEC-5"	ENSG00000268500	"Sialic acid binding Ig like lectin 5"	O15389	19	51610960-51630401	"CD markers, Predicted membrane proteins"	"Cell adhesion"			"Evidence at protein level"	"Evidence at transcript level"	"Evidence at protein level"	"Evidence at protein level"	"Group enriched"	"Detected in some"	7	"bone marrow: 28.9;lymphoid tissue: 12.5"	"Not detected"	"Not detected"			"Not detected"	"Not detected"			"Cancer enriched"	"Detected in some"	12	"Bladder Urothelial Carcinoma (TCGA): 26.7"	"Region enhanced"	"Detected in many"		"cerebral cortex: 9.5"	"Group enriched"	"Detected in many"	4	"neutrophil: 284.6;non-classical monocyte: 96.2"	"Group enriched"	"Detected in many"	6	"granulocytes: 284.6;monocytes: 96.2"	"Group enriched"	"Detected in some"	7	"Leukemia: 6.0;lymphoma: 1.6"										HPA009085	Approved						NA	NA			"Cluster 38: Monocytes & Neutrophils - Degranulation"	"Cluster 81: Lymphoid tissue & Bone marrow - Innate immune response"	"Cluster 12: Non-specific - Vasculature"	"Cluster 49: HMC-1 - Innate immune response"		7			"HPA009085: AB_1079965"	"unprognostic (1.65e-1)"			"unprognostic (1.70e-1)"		"unprognostic (1.13e-1)"							"unprognostic (2.39e-1)"													"unprognostic (5.98e-2)"			"unprognostic (1.73e-1)"		"unprognostic (1.94e-2)"
SLC6A12	BGT-1	ENSG00000111181	"Solute carrier family 6 member 12"	P48065	12	190077-214570	"Metabolic proteins, Predicted intracellular proteins, Predicted membrane proteins, Transporters"	"Neurotransmitter transport, Symport, Transport"			"Evidence at protein level"	"Evidence at protein level"	"Evidence at protein level"	"Evidence at protein level"	"Group enriched"	"Detected in many"	7	"brain: 30.8;kidney: 35.0;liver: 70.7"	"Cell type enhanced"	"Detected in many"		"Collecting duct cells: 37.0;Glandular and luminal cells: 8.4;Hepatocytes: 18.4;Oligodendrocytes: 8.5"	"Cell type enriched"	"Detected in many"	6	"pericyte: 1055.4"	"Cancer enhanced"	"Detected in many"		"Kidney Renal Clear Cell Carcinoma (TCGA): 25.5;Kidney Renal Papillary Cell Carcinoma (TCGA): 28.6"	"Low region specificity"	"Detected in all"			"Group enriched"	"Detected in some"	43	"classical monocyte: 4.9;intermediate monocyte: 4.8;myeloid DC: 2.1;neutrophil: 2.6;non-classical monocyte: 7.0"	"Group enriched"	"Detected in many"	40	"dendritic cells: 2.1;granulocytes: 2.6;monocytes: 7.0"	"Group enriched"	"Detected in some"	5	"liver cancer: 1.9;ovarian cancer: 4.2;testis cancer: 2.5;thyroid cancer: 2.3;Uterine cancer: 4.3"	"Adipose subcutaneous - Macrophages, Liver - Hepatocytes, Minor Salivary Gland - Macrophages"	"Low region specificity"	"Detected in many"			"Low region specificity"	"Detected in all"			HPA034973	Approved		Approved	Vesicles			NA	NA			"Cluster 40: Monocytes - Innate immune response"	"Cluster 69: Liver - Oxidoreductase activity"	"Cluster 47: Endothelial cells - Vasculature"	"Cluster 15: Kidney cancer - Membrane components"	"Cluster 37: Glandular & Luminal cells - Unknown function"	3	Vesicles		"HPA034973: AB_10610427"		"unprognostic (5.20e-2)"	"unprognostic (3.83e-2)"			"unprognostic (1.70e-1)"	"unprognostic (7.24e-2)"	"unprognostic (1.15e-1)"		"unprognostic (8.87e-3)"	"potential prognostic favorable (5.55e-5)"	"unprognostic (2.34e-2)"	"unprognostic (1.95e-2)"	"unprognostic (5.25e-2)"	"unprognostic (7.29e-2)"	"unprognostic (8.46e-2)"	"unprognostic (1.90e-1)"		"unprognostic (3.89e-2)"	"unprognostic (2.27e-2)"	"unprognostic (3.88e-2)"		"unprognostic (3.79e-2)"			"unprognostic (2.74e-1)"		"unprognostic (2.20e-1)"		"unprognostic (1.84e-1)"	"unprognostic (1.75e-3)"
SULT1A2	"HAST4, STP2"	ENSG00000197165	"Sulfotransferase family 1A member 2"	P50226	16	28591943-28597050	"Enzymes, Metabolic proteins, Predicted intracellular proteins"	"Catecholamine metabolism, Lipid metabolism, Steroid metabolism"	Transferase		"Evidence at protein level"	"Evidence at protein level"	"Evidence at protein level"	"Evidence at protein level"	"Group enriched"	"Detected in many"	7	"intestine: 50.7;liver: 48.9"	"Group enriched"	"Detected in some"	10	"Distal enterocytes: 54.4;Proximal enterocytes: 184.9"	"Low cell type specificity"	"Detected in many"			"Cancer enhanced"	"Detected in many"		"Liver Hepatocellular Carcinoma (TCGA): 22.8"	"Low region specificity"	"Detected in all"			"Group enriched"	"Detected in many"	6	"classical monocyte: 11.2;intermediate monocyte: 8.7;myeloid DC: 4.1;neutrophil: 15.4;non-classical monocyte: 4.7"	"Group enriched"	"Detected in many"	15	"dendritic cells: 4.1;granulocytes: 15.4;monocytes: 11.2"	"Low cancer specificity"	"Detected in many"			"Liver - Hepatocytes"									"HPA049500, HPA051051"	Supported						NA	NA			"Cluster 35: Neutrophils - Protein binding"	"Cluster 37: Liver & Intestine - Lipid metabolism"	"Cluster 48: Non-specific - Mixed function"	"Cluster 18: Liver cancer - Metabolism"	"Cluster 5: Enterocytes - Absorption"	3			"HPA049500: AB_2680796, HPA051051: AB_2681327"	"unprognostic (1.21e-2)"	"unprognostic (6.69e-3)"	"unprognostic (8.60e-2)"	"unprognostic (2.51e-1)"	"unprognostic (8.32e-3)"	"unprognostic (8.66e-3)"				"unprognostic (1.56e-1)"	"unprognostic (1.08e-3)"	"unprognostic (4.26e-2)"	"unprognostic (1.58e-1)"	"unprognostic (6.25e-2)"	"unprognostic (5.35e-2)"	"unprognostic (1.31e-2)"	"unprognostic (1.45e-2)"	"unprognostic (7.95e-2)"	"unprognostic (1.79e-1)"	"unprognostic (4.90e-3)"	"unprognostic (1.70e-1)"	"unprognostic (1.31e-1)"	"unprognostic (2.11e-2)"		"unprognostic (2.18e-1)"	"unprognostic (1.19e-2)"		"unprognostic (1.07e-1)"	"unprognostic (3.64e-2)"	"unprognostic (1.31e-1)"	"unprognostic (3.14e-2)"
TMEM145	FLJ90805	ENSG00000167619	"Transmembrane protein 145"	Q8NBT3	19	42313309-42325064	"Predicted intracellular proteins, Predicted membrane proteins, Transporters"				"Evidence at protein level"	"Evidence at protein level"	"Evidence at transcript level"	"Evidence at protein level"	"Tissue enriched"	"Detected in many"	7	"brain: 204.5"	"Cell type enhanced"	"Detected in some"		"Bipolar cells: 49.8;Cone photoreceptor cells: 25.5;Excitatory neurons: 25.6;Horizontal cells: 77.4;Inhibitory neurons: 52.1;Rod photoreceptor cells: 28.2"	"Low cell type specificity"	"Detected in many"			"Low cancer specificity"	"Detected in all"			"Low region specificity"	"Detected in all"			"Group enriched"	"Detected in some"	8	"basophil: 5.0;neutrophil: 13.6"	"Lineage enriched"	"Detected in many"	11	"granulocytes: 13.6"	"Cancer enhanced"	"Detected in many"		"Neuroblastoma: 23.6"	"Pancreas - Alpha cells"	"Low region specificity"	"Detected in all"			"Low region specificity"	"Detected in all"			HPA060462	Enhanced	Approved	Approved	Vesicles			NA	NA			"Cluster 35: Neutrophils - Protein binding"	"Cluster 65: Cerebellum - Nervous system development"	"Cluster 2: Neurons - Nucleosome"	"Cluster 17: Neuroblastoma - Neuronal signaling"	"Cluster 71: Horizontal & Bipolar cells - Neuronal signaling"		Vesicles		"HPA060462: AB_2684285"	"unprognostic (1.29e-1)"	"unprognostic (2.70e-1)"	"unprognostic (1.28e-2)"	"unprognostic (4.00e-2)"	"unprognostic (1.41e-3)"	"unprognostic (2.34e-1)"	"unprognostic (3.34e-1)"	"unprognostic (3.78e-2)"	"unprognostic (4.49e-2)"	"potential prognostic unfavorable (6.63e-5)"	"potential prognostic unfavorable (2.17e-6)"	"unprognostic (1.23e-2)"	"unprognostic (3.11e-1)"	"unprognostic (4.20e-2)"	"unprognostic (4.15e-2)"	"unprognostic (1.68e-1)"	"unprognostic (4.27e-2)"	"unprognostic (1.92e-3)"	"unprognostic (1.27e-1)"	"unprognostic (4.79e-1)"		"potential prognostic favorable (9.40e-5)"	"unprognostic (1.19e-2)"	"unprognostic (3.30e-2)"	"unprognostic (3.18e-1)"	"unprognostic (7.48e-3)"	"unprognostic (3.19e-1)"	"unprognostic (4.79e-2)"	"unprognostic (6.21e-2)"	"unprognostic (1.79e-1)"	"unprognostic (8.52e-2)"
BCL2A1	"ACC-1, ACC-2, ACC1, ACC2, BCL2L5, BFL1, GRS, HBPA1"	ENSG00000140379	"BCL2 related protein A1"	Q16548	15	79960892-79971196	"Cancer-related genes, Predicted intracellular proteins"	Apoptosis		"Cancer-related genes"	"Evidence at protein level"	"Evidence at transcript level"	"Evidence at protein level"	"Evidence at protein level"	"Tissue enriched"	"Detected in many"	6	"bone marrow: 611.1"	"Cell type enriched"	"Detected in many"	4	"monocytes: 3126.4"	"Cell type enriched"	"Detected in some"	8	"leukocyte: 37.5"	"Cancer enhanced"	"Detected in all"		"Skin Cuteneous Melanoma (TCGA): 100.3"	"Group enriched"	"Detected in all"	5	"cerebral cortex: 71.9;pons: 19.9"	"Group enriched"	"Detected in all"	5	"eosinophil: 293.8;intermediate monocyte: 197.3;neutrophil: 565.4;non-classical monocyte: 384.0"	"Group enriched"	"Detected in all"	7	"granulocytes: 565.4;monocytes: 384.0"	"Group enriched"	"Detected in many"	6	"lymphoma: 128.4;skin cancer: 99.8"	"Adipose visceral - Neutrophils, Adrenal gland - Neutrophils, Colon - Neutrophils, Heart muscle - Neutrophils, Lung - Neutrophil_2, Skeletal muscle - Neutrophils, Spleen - Neutrophils"	"Low region specificity"	"Detected in all"			"Low region specificity"	"Detected in single"										NA	NA			"Cluster 37: Monocytes & Neutrophils - Innate immune response"	"Cluster 77: Bone marrow - Cell proliferation"	"Cluster 12: Non-specific - Vasculature"	"Cluster 55: Lymphoma - Immune response"	"Cluster 29: Monocytes - Innate immune response"	14				"unprognostic (1.41e-1)"	"unprognostic (2.05e-2)"	"unprognostic (1.54e-1)"	"unprognostic (4.50e-1)"	"unprognostic (2.68e-1)"	"unprognostic (1.01e-1)"	"potential prognostic unfavorable (4.20e-4)"	"unprognostic (1.23e-1)"	"unprognostic (1.17e-1)"	"unprognostic (3.60e-1)"	"unprognostic (2.60e-3)"	"unprognostic (1.88e-1)"	"unprognostic (1.74e-1)"	"unprognostic (1.74e-1)"	"unprognostic (3.00e-1)"	"unprognostic (2.53e-1)"	"unprognostic (2.93e-3)"	"unprognostic (1.46e-1)"	"unprognostic (2.23e-1)"	"unprognostic (6.79e-2)"	"unprognostic (1.93e-1)"	"unprognostic (2.06e-2)"	"unprognostic (4.48e-2)"	"unprognostic (1.70e-1)"	"unprognostic (2.09e-3)"	"unprognostic (1.04e-1)"	"unprognostic (3.89e-1)"	"unprognostic (1.02e-1)"	"unprognostic (5.09e-2)"	"unprognostic (2.39e-1)"	"unprognostic (3.12e-1)"
CFP	PFC	ENSG00000126759	"Complement factor properdin"	P27918	X	47623172-47630305	"Disease related genes, Human disease related genes, Plasma proteins, Predicted intracellular proteins, Predicted secreted proteins"	"Complement alternate pathway, Immunity, Innate immunity"		"Disease variant"	"Evidence at protein level"	"Evidence at transcript level"	"Evidence at protein level"	"Evidence at protein level"	"Group enriched"	"Detected in many"	6	"bone marrow: 83.0;lymphoid tissue: 57.0"	"Cell type enhanced"	"Detected in some"		"Kupffer cells: 8.4;Langerhans cells: 21.9;Macrophages: 43.6;monocytes: 11.1"	"Cell type enriched"	"Detected in many"	4	"leukocyte: 16.4"	"Cancer enhanced"	"Detected in many"		"Testicular Germ Cell Tumor (TCGA): 6.3"	"Low region specificity"	"Detected in many"			"Group enriched"	"Detected in all"	8	"classical monocyte: 1169.0;intermediate monocyte: 1275.0;myeloid DC: 995.2;neutrophil: 733.0;non-classical monocyte: 872.6"	"Group enriched"	"Detected in all"	46	"dendritic cells: 995.2;granulocytes: 733.0;monocytes: 1275.0"	"Cancer enriched"	"Detected in some"	9	"Leukemia: 12.2"	"Adipose subcutaneous - Macrophages, Breast - Macrophages, Colon - Macrophages, Lung - Neutrophil_2, Minor Salivary Gland - Macrophages, Skeletal muscle - Macrophages, Spleen - Macrophages, Stomach - Macrophages"	"Low region specificity"	"Detected in many"			"Low region specificity"	"Detected in some"			HPA072644			Approved	Vesicles	"Secreted to blood"	Immunity	NA	NA	18400000000	4000000000	"Cluster 38: Monocytes & Neutrophils - Degranulation"	"Cluster 81: Lymphoid tissue & Bone marrow - Innate immune response"	"Cluster 15: Non-specific - Transcription"	"Cluster 14: Myeloid leukemia - Innate immune response"	"Cluster 29: Monocytes - Innate immune response"	23	Vesicles		"HPA072644: "	"unprognostic (3.34e-1)"		"unprognostic (1.84e-3)"			"unprognostic (3.61e-2)"		"unprognostic (8.29e-2)"	"unprognostic (1.36e-3)"		"potential prognostic favorable (1.40e-6)"	"unprognostic (7.87e-2)"	"unprognostic (2.21e-1)"	"unprognostic (8.88e-3)"	"unprognostic (1.16e-3)"	"potential prognostic favorable (7.15e-4)"		"unprognostic (1.02e-1)"	"unprognostic (2.71e-1)"		"unprognostic (1.53e-3)"	"unprognostic (3.44e-2)"	"unprognostic (1.41e-3)"			"unprognostic (1.50e-1)"	"unprognostic (3.08e-2)"	"unprognostic (1.68e-1)"	"unprognostic (2.58e-1)"	"unprognostic (2.94e-2)"	"unprognostic (3.15e-1)"
CLTCL1	"CHC22, CLH22, CLTCL, CLTD"	ENSG00000070371	"Clathrin heavy chain like 1"	P53675	22	19179473-19291719	"Cancer-related genes, Plasma proteins, Predicted intracellular proteins, Transporters"			"Cancer-related genes"	"Evidence at protein level"	"Evidence at protein level"	"Evidence at protein level"	"Evidence at protein level"	"Group enriched"	"Detected in many"	6	"skeletal muscle: 180.8;testis: 45.9;tongue: 59.0"	"Cell type enhanced"	"Detected in many"		"Early spermatids: 13.8;Late spermatids: 19.4;Oligodendrocyte precursor cells: 11.8;Oligodendrocytes: 11.6;Skeletal myocytes: 15.6;Spermatocytes: 12.5"	"Low cell type specificity"	"Detected in all"			"Low cancer specificity"	"Detected in all"			"Low region specificity"	"Detected in all"			"Group enriched"	"Detected in some"	8	"classical monocyte: 2.1;neutrophil: 5.2"	"Group enriched"	"Detected in many"	20	"granulocytes: 5.2;monocytes: 2.1"	"Low cancer specificity"	"Detected in all"			"Adrenal gland - Adrenal cortex cells, Pituitary gland - Somatotropes, Testis - Early spermatids"									"HPA075327, HPA075795"	Enhanced		Approved	Vesicles			NA	NA			"Cluster 38: Monocytes & Neutrophils - Degranulation"	"Cluster 2: Skeletal muscle - Striated muscle contraction"	"Cluster 45: Non-specific - Mixed function"	"Cluster 14: Myeloid leukemia - Innate immune response"	"Cluster 69: Neurons - Neuronal signaling"	13	Vesicles		"HPA075327: , HPA075795: AB_2686764"	"unprognostic (1.37e-1)"	"unprognostic (8.62e-3)"	"unprognostic (7.77e-2)"	"unprognostic (1.08e-1)"	"unprognostic (6.40e-2)"	"unprognostic (9.32e-2)"	"unprognostic (8.97e-2)"	"unprognostic (3.92e-2)"	"unprognostic (2.08e-3)"	"unprognostic (1.27e-2)"	"potential prognostic unfavorable (4.53e-4)"	"unprognostic (3.36e-2)"	"unprognostic (9.03e-3)"	"unprognostic (6.70e-2)"	"unprognostic (1.54e-3)"	"unprognostic (1.31e-3)"	"unprognostic (7.38e-2)"	"unprognostic (4.80e-2)"	"unprognostic (1.19e-3)"	"unprognostic (8.20e-3)"	"unprognostic (4.63e-3)"	"unprognostic (8.27e-2)"	"unprognostic (7.81e-3)"	"unprognostic (4.85e-2)"	"unprognostic (1.12e-1)"	"unprognostic (5.17e-2)"	"unprognostic (1.75e-2)"	"unprognostic (4.94e-3)"	"unprognostic (1.77e-1)"	"unprognostic (4.30e-2)"	"potential prognostic unfavorable (7.40e-4)"
F5		ENSG00000198734	"Coagulation factor V"	P12259	1	169511951-169586588	"Candidate cardiovascular disease genes, Disease related genes, FDA approved drug targets, Human disease related genes, Plasma proteins, Predicted secreted proteins"	"Blood coagulation, Hemostasis"		"Disease variant, FDA approved drug targets, Thrombophilia"	"Evidence at protein level"	"Evidence at transcript level"	"Evidence at protein level"	"Evidence at protein level"	"Group enriched"	"Detected in many"	6	"choroid plexus: 79.3;liver: 171.0;placenta: 45.4"	"Group enriched"	"Detected in many"	7	"Cholangiocytes: 95.4;Cytotrophoblasts: 83.4;Hepatocytes: 220.7;Syncytiotrophoblasts: 60.4"	"Cell type enriched"	"Detected in many"	7	"choroid plexus epithelial cell: 358.5"	"Cancer enriched"	"Detected in many"	6	"Liver Hepatocellular Carcinoma (TCGA): 78.0"	"Region enriched"	"Detected in all"	22	"choroid plexus: 306.3"	"Group enriched"	"Detected in some"	4	"classical monocyte: 4.1;eosinophil: 8.1;neutrophil: 7.0;T-reg: 6.2"	"Group enriched"	"Detected in many"	13	"granulocytes: 8.1;monocytes: 4.1;T-cells: 6.2"	"Cancer enhanced"	"Detected in many"		"liver cancer: 17.9"	"Adrenal gland - Neutrophils, Kidney - Podocytes, Liver - Hepatocytes, Lung - Neutrophil_2, Minor Salivary Gland - Minor salivary glandular cells, Prostate - Urothelial cells, Skin - Eccrine sweat gland cells, Spleen - Neutrophils"	"Group enriched"	"Detected in many"	5	"basal ganglia: 2.7;hippocampal formation: 6.6;pons and medulla: 4.4;thalamus: 5.5"	"Group enriched"	"Detected in all"	7	"amygdala: 53.1;basal ganglia: 46.2;cerebral cortex: 89.3;hippocampal formation: 80.9;olfactory bulb: 37.0"	HPA002036			Approved	"Golgi apparatus"	"Secreted to blood"	"Blood coagulation"	NA	NA	7670000000	9400000000	"Cluster 7: Non-specific - Innate immune response"	"Cluster 11: Liver - Plasma proteins"	"Cluster 36: Choroid plexus - Mixed function"	"Cluster 2: Mucus-secreting cells - Unknown function"	"Cluster 62: Hepatocytes - Metabolism"	4	"Golgi apparatus"		"HPA002036: AB_1078787"	"unprognostic (1.18e-1)"		"unprognostic (1.31e-1)"		"unprognostic (2.79e-1)"	"unprognostic (5.12e-2)"		"unprognostic (1.69e-1)"		"unprognostic (1.84e-1)"	"unprognostic (2.60e-2)"	"unprognostic (1.72e-1)"	"potential prognostic unfavorable (7.66e-5)"	"potential prognostic favorable (9.55e-4)"	"unprognostic (3.33e-1)"	"unprognostic (2.70e-2)"	"unprognostic (2.41e-2)"	"unprognostic (1.70e-2)"	"unprognostic (1.38e-1)"			"unprognostic (2.70e-2)"	"unprognostic (3.66e-2)"	"unprognostic (7.12e-2)"	"unprognostic (3.54e-2)"	"unprognostic (9.36e-2)"	"unprognostic (3.92e-1)"	"unprognostic (1.42e-3)"	"unprognostic (5.88e-2)"	"unprognostic (3.13e-1)"	"unprognostic (6.90e-2)"
IL1RAP	"C3orf13, IL-1RAcP, IL1R3"	ENSG00000196083	"Interleukin 1 receptor accessory protein"	Q9NPH3	3	190514051-190659750	"Enzymes, Plasma proteins, Predicted intracellular proteins, Predicted membrane proteins, Predicted secreted proteins"	"Immunity, Inflammatory response, Innate immunity"	"Hydrolase, Receptor"		"Evidence at protein level"	"Evidence at transcript level"	"Evidence at protein level"	"Evidence at protein level"	"Tissue enriched"	"Detected in all"	6	"liver: 218.9"	"Cell type enhanced"	"Detected in many"		"Extravillous trophoblasts: 125.7;Hepatocytes: 315.4;Oligodendrocyte precursor cells: 280.2"	"Cell type enhanced"	"Detected in all"		"oligodendrocyte precursor cell: 318.6"	"Low cancer specificity"	"Detected in all"			"Low region specificity"	"Detected in all"			"Group enriched"	"Detected in many"	5	"eosinophil: 23.9;neutrophil: 95.8"	"Lineage enriched"	"Detected in many"	15	"granulocytes: 95.8"	"Low cancer specificity"	"Detected in all"			"Skin - Keratinocyte (other)"	"Low region specificity"	"Detected in all"			"Low region specificity"	"Detected in all"			HPA035293	Uncertain		Approved	Vesicles,Cytosol	"Secreted to blood"	Receptor	NA	NA		240000000	"Cluster 21: Neutrophils - Unknown function"	"Cluster 83: Liver - Metabolism"	"Cluster 51: Neurons - Mixed function"	"Cluster 71: Lymphoma - Inflammatory response"	"Cluster 43: Hepatocytes - Metabolism"	10	"Vesicles, Cytosol"		"HPA035293: AB_10671511"	"potential prognostic unfavorable (6.29e-5)"	"unprognostic (2.07e-1)"	"unprognostic (2.84e-1)"	"unprognostic (1.36e-1)"	"unprognostic (8.37e-2)"	"unprognostic (2.86e-1)"	"unprognostic (7.99e-2)"	"potential prognostic unfavorable (2.17e-4)"	"unprognostic (3.37e-2)"	"unprognostic (3.36e-3)"	"unprognostic (1.66e-3)"	"unprognostic (5.63e-2)"	"unprognostic (1.62e-3)"	"unprognostic (2.69e-2)"	"unprognostic (8.57e-3)"	"unprognostic (4.73e-2)"	"potential prognostic unfavorable (5.41e-4)"	"unprognostic (3.19e-1)"	"unprognostic (2.23e-1)"	"unprognostic (1.60e-1)"	"unprognostic (3.84e-3)"	"potential prognostic unfavorable (4.45e-4)"	"unprognostic (4.34e-3)"	"unprognostic (5.42e-2)"	"unprognostic (2.04e-1)"	"unprognostic (9.44e-2)"	"unprognostic (1.28e-1)"	"unprognostic (2.82e-3)"	"unprognostic (2.30e-1)"	"unprognostic (1.56e-1)"	"unprognostic (2.56e-3)"
KRT26	KRT25B	ENSG00000186393	"Keratin 26"	Q7Z3Y9	17	40766238-40772201	"Predicted intracellular proteins"				"Evidence at protein level"	"Evidence at protein level"	"Evidence at protein level"	"Evidence at protein level"	"Tissue enriched"	"Detected in single"	6	"skin 1: 5.7"	"Not detected"	"Not detected"			"Not detected"	"Not detected"			"Not detected"	"Not detected"			"Low region specificity"	"Detected in single"			"Group enriched"	"Detected in some"	21	"basophil: 2.1;neutrophil: 3.4"	"Lineage enriched"	"Detected in single"	35	"granulocytes: 3.4"	"Not detected"	"Not detected"			"Testis - Spermatogonia"	"Not detected"	"Not detected"			"Low region specificity"	"Detected in all"			HPA026890	Enhanced						NA	NA			"Cluster 4: Neutrophils - Degranulation"	"Cluster 13: Skin - Cornification"	"Cluster 25: Non-specific - Transcription"		"Cluster 67: Spermatogonia - Spermatogenesis"	18			"HPA026890: AB_2672042"																															
NFE2	NF-E2	ENSG00000123405	"Nuclear factor, erythroid 2"	Q16621	12	54292111-54301015	"Predicted intracellular proteins, Transcription factors"	"Transcription, Transcription regulation"	"Activator, DNA-binding"		"Evidence at protein level"	"Evidence at protein level"	"Evidence at protein level"	"Evidence at protein level"	"Group enriched"	"Detected in many"	6	"bone marrow: 111.0;lymphoid tissue: 44.2"	"Cell type enriched"	"Detected in some"	7	"Erythroid cells: 155.5"	"Group enriched"	"Detected in some"	9	"choroid plexus epithelial cell: 2.6;leukocyte: 2.8"	"Cancer enhanced"	"Detected in many"		"Testicular Germ Cell Tumor (TCGA): 8.5"	"Low region specificity"	"Detected in some"			"Group enriched"	"Detected in many"	5	"basophil: 1493.0;neutrophil: 813.5"	"Lineage enriched"	"Detected in many"	6	"granulocytes: 1493.0"	"Cancer enriched"	"Detected in many"	7	"Leukemia: 95.2"	"Adipose visceral - Neutrophils, Colon - Neutrophils, Heart muscle - Neutrophils, Liver - Neutrophils, Lung - Neutrophil_2, Minor Salivary Gland - Neutrophils, Skin - Keratinocyte (granular), Spleen - Neutrophils, Stomach - Neutrophils, Testis - Late spermatids"	"Not detected"	"Not detected"			"Not detected"	"Not detected"			HPA001914	Enhanced		Approved	"Nucleoplasm,Actin filaments"			NA	NA			"Cluster 41: Basophils - Unknown function"	"Cluster 81: Lymphoid tissue & Bone marrow - Innate immune response"	"Cluster 42: Choroid plexus - Mitochondria"	"Cluster 47: Leukemia - Hemostasis"	"Cluster 1: Erythroid cells - Oxygen transport"	10	"Nucleoplasm, Actin filaments"		"HPA001914: AB_1079475"	"unprognostic (3.34e-2)"	"unprognostic (4.16e-3)"	"unprognostic (8.38e-2)"	"unprognostic (3.00e-2)"	"unprognostic (6.63e-2)"	"unprognostic (1.01e-1)"			"unprognostic (1.22e-1)"							"unprognostic (8.32e-3)"	"unprognostic (1.49e-1)"	"unprognostic (1.68e-2)"	"unprognostic (2.11e-1)"	"unprognostic (1.12e-1)"	"unprognostic (7.90e-2)"	"unprognostic (1.81e-2)"			"unprognostic (2.65e-3)"	"unprognostic (1.28e-2)"	"unprognostic (1.79e-1)"	"unprognostic (5.62e-3)"	"unprognostic (1.10e-1)"	"unprognostic (3.31e-3)"	"unprognostic (1.16e-1)"
STX11		ENSG00000135604	"Syntaxin 11"	O75558	6	144150487-144191939	"Disease related genes, Human disease related genes, Predicted intracellular proteins"	"Protein transport, Transport"		"Familial hemophagocytic lymphohistiocytosis"	"Evidence at protein level"	"Evidence at transcript level"	"Evidence at protein level"	"Evidence at protein level"	"Tissue enriched"	"Detected in many"	6	"bone marrow: 148.0"	"Cell type enhanced"	"Detected in many"		"Langerhans cells: 384.0;Macrophages: 175.2;monocytes: 778.8"	"Group enriched"	"Detected in some"	4	"central nervous system macrophage: 16.9;leukocyte: 40.6"	"Low cancer specificity"	"Detected in many"			"Low region specificity"	"Detected in all"			"Group enriched"	"Detected in all"	7	"basophil: 55.8;classical monocyte: 161.7;eosinophil: 102.7;intermediate monocyte: 181.5;myeloid DC: 60.8;neutrophil: 205.0;non-classical monocyte: 200.0"	"Group enriched"	"Detected in all"	8	"dendritic cells: 60.8;granulocytes: 205.0;monocytes: 200.0"	"Cancer enhanced"	"Detected in many"		"lymphoma: 15.2"	"Adipose subcutaneous - Adipocytes (Subcutaneous), Colon - Endothelial cells, Liver - Neutrophils, Prostate - Endothelial cells, Skeletal muscle - Endothelial cells"	"Not detected"	"Not detected"			"Low region specificity"	"Detected in many"			HPA007992	Approved						NA	NA		600000	"Cluster 37: Monocytes & Neutrophils - Innate immune response"	"Cluster 77: Bone marrow - Cell proliferation"	"Cluster 12: Non-specific - Vasculature"	"Cluster 71: Lymphoma - Inflammatory response"	"Cluster 29: Monocytes - Innate immune response"	107			"HPA007992: AB_1857620"	"unprognostic (2.52e-1)"	"unprognostic (5.80e-3)"	"unprognostic (4.30e-1)"	"unprognostic (1.64e-1)"		"unprognostic (3.38e-1)"	"unprognostic (1.19e-1)"	"unprognostic (2.37e-2)"	"unprognostic (1.18e-1)"		"unprognostic (3.98e-3)"	"unprognostic (9.57e-2)"	"unprognostic (3.23e-1)"		"unprognostic (1.52e-1)"	"unprognostic (2.13e-2)"	"unprognostic (9.14e-2)"	"unprognostic (7.91e-2)"	"unprognostic (8.76e-2)"		"unprognostic (1.20e-1)"	"unprognostic (6.83e-2)"	"unprognostic (5.74e-2)"			"unprognostic (4.80e-2)"	"unprognostic (3.28e-1)"	"unprognostic (1.20e-1)"	"unprognostic (6.73e-3)"	"unprognostic (5.72e-3)"	
C19orf38	HIDE1	ENSG00000214212	"Chromosome 19 open reading frame 38"	A8MVS5	19	10836575-10869790	"Predicted membrane proteins"				"Evidence at protein level"	"Evidence at transcript level"	"Evidence at protein level"	"Evidence at protein level"	"Tissue enriched"	"Detected in many"	5	"bone marrow: 96.9"	"Cell type enhanced"	"Detected in many"		"Hofbauer cells: 63.7;Kupffer cells: 78.8;Langerhans cells: 30.8;Macrophages: 49.4;monocytes: 214.2"	"Cell type enhanced"	"Detected in many"		"central nervous system macrophage: 16.3;leukocyte: 7.4"	"Low cancer specificity"	"Detected in all"			"Low region specificity"	"Detected in all"			"Group enriched"	"Detected in many"	20	"classical monocyte: 282.7;eosinophil: 169.8;intermediate monocyte: 312.8;myeloid DC: 162.4;neutrophil: 231.0;non-classical monocyte: 394.4"	"Group enriched"	"Detected in all"	20	"dendritic cells: 162.4;granulocytes: 231.0;monocytes: 394.4"	"Group enriched"	"Detected in some"	5	"Leukemia: 12.4;lymphoma: 6.1;Myeloma: 5.7"	"Kidney - Macrophages, Lung - Neutrophil_2, Spleen - Neutrophils"	"Low region specificity"	"Detected in single"			"Low region specificity"	"Detected in all"			"HPA012150, HPA055027"			Uncertain	"Golgi apparatus,Plasma membrane,Cytosol"			No	NA			"Cluster 38: Monocytes & Neutrophils - Degranulation"	"Cluster 77: Bone marrow - Cell proliferation"	"Cluster 30: White matter - Myelination"	"Cluster 14: Myeloid leukemia - Innate immune response"	"Cluster 29: Monocytes - Innate immune response"	1	Cytosol	"Golgi apparatus, Plasma membrane"	"HPA012150: AB_10603448, HPA055027: "	"unprognostic (1.82e-1)"	"unprognostic (4.32e-2)"	"unprognostic (4.24e-2)"	"potential prognostic favorable (6.29e-7)"	"unprognostic (6.33e-2)"	"unprognostic (2.43e-1)"	"unprognostic (3.60e-1)"	"unprognostic (8.12e-2)"	"unprognostic (1.84e-2)"	"unprognostic (3.86e-2)"	"potential prognostic unfavorable (3.97e-4)"	"unprognostic (4.71e-2)"	"unprognostic (7.28e-2)"	"unprognostic (2.57e-1)"	"unprognostic (8.90e-2)"	"unprognostic (4.07e-2)"	"unprognostic (1.74e-1)"	"unprognostic (4.57e-2)"	"unprognostic (3.77e-1)"	"unprognostic (3.08e-1)"	"unprognostic (1.97e-1)"	"unprognostic (2.72e-1)"	"unprognostic (8.93e-2)"	"unprognostic (3.11e-1)"	"unprognostic (5.47e-3)"	"unprognostic (4.27e-1)"	"unprognostic (3.58e-3)"	"unprognostic (2.38e-1)"	"unprognostic (5.92e-2)"	"unprognostic (1.14e-2)"	"unprognostic (4.31e-2)"
CRISP3	"Aeg2, CRISP-3, CRS3, dJ442L6.3, SGP28"	ENSG00000096006	"Cysteine rich secretory protein 3"	P54108	6	49727376-49744437	"Metabolic proteins, Plasma proteins, Predicted intracellular proteins, Predicted secreted proteins"				"Evidence at protein level"	"Evidence at protein level"	"Evidence at protein level"	"Evidence at protein level"	"Group enriched"	"Detected in many"	5	"fallopian tube: 1164.2;salivary gland: 2242.7"	"Group enriched"	"Detected in many"	7	"Glandular and luminal cells: 608.9;Mucus glandular cells: 895.5;Secretory cells: 1674.5"	"Not detected"	"Not detected"			"Group enriched"	"Detected in many"	4	"Breast Invasive Carcinoma (TCGA): 45.6;Pancreatic Adenocarcinoma (TCGA): 93.5;Prostate Adenocarcinoma (TCGA): 128.6"	"Not detected"	"Not detected"			"Group enriched"	"Detected in some"	19	"neutrophil: 2.6;non-classical monocyte: 1.2"	"Group enriched"	"Detected in many"	19	"granulocytes: 2.6;monocytes: 1.2"	"Cancer enhanced"	"Detected in many"		"breast cancer: 108.0;prostate cancer: 44.2"	"Lung - Neutrophil_1, Minor Salivary Gland - Minor salivary glandular cells, Pancreas - Ductal cells, Skin - Eccrine sweat gland cells"	"Not detected"	"Not detected"			"Not detected"	"Not detected"			HPA054392	Supported				"Secreted in other tissues"	"No annotated function"	NA	NA		490000000	"Cluster 37: Monocytes & Neutrophils - Innate immune response"	"Cluster 38: Salivary gland - Salivary secretion"		"Cluster 27: Breast cancer - Unknown function"	"Cluster 37: Glandular & Luminal cells - Unknown function"	1			"HPA054392: AB_2682472"	"unprognostic (1.16e-1)"	"unprognostic (8.29e-3)"	"unprognostic (3.13e-1)"	"unprognostic (1.15e-1)"					"unprognostic (5.88e-2)"					"unprognostic (7.73e-2)"		"unprognostic (1.69e-2)"		"unprognostic (3.21e-3)"		"unprognostic (8.49e-2)"	"unprognostic (1.19e-1)"	"unprognostic (1.12e-1)"	"unprognostic (1.28e-1)"	"unprognostic (2.29e-2)"				"unprognostic (1.56e-1)"			"unprognostic (2.27e-1)"
CYP27A1	"CP27, CTX, CYP27"	ENSG00000135929	"Cytochrome P450 family 27 subfamily A member 1"	Q02318	2	218781749-218815293	"Disease related genes, Enzymes, Human disease related genes, Metabolic proteins, Potential drug targets, Predicted intracellular proteins"	"Cholesterol metabolism, Lipid biosynthesis, Lipid metabolism, Steroid biosynthesis, Steroid metabolism, Sterol metabolism"	"Monooxygenase, Oxidoreductase"	"Cataract, Disease variant"	"Evidence at protein level"	"Evidence at protein level"	"Evidence at protein level"	"Evidence at protein level"	"Group enriched"	"Detected in all"	5	"choroid plexus: 199.0;liver: 576.0"	"Cell type enhanced"	"Detected in many"		"Hepatocytes: 363.4;Hofbauer cells: 147.0;Proximal enterocytes: 194.6"	"Cell type enhanced"	"Detected in all"		"choroid plexus epithelial cell: 168.2;oligodendrocyte: 201.3"	"Cancer enhanced"	"Detected in all"		"Liver Hepatocellular Carcinoma (TCGA): 337.8"	"Low region specificity"	"Detected in all"			"Group enriched"	"Detected in some"	8	"classical monocyte: 151.6;neutrophil: 126.9"	"Group enriched"	"Detected in many"	21	"granulocytes: 126.9;monocytes: 151.6"	"Cancer enhanced"	"Detected in many"		"liver cancer: 29.9;skin cancer: 65.6"	"Heart muscle - Fibroblasts, Liver - Hepatocytes, Lung - Macrophages"	"Low region specificity"	"Detected in all"			"Low region specificity"	"Detected in all"			HPA059155	Enhanced		Approved	Mitochondria,Cytosol			NA	NA			"Cluster 38: Monocytes & Neutrophils - Degranulation"	"Cluster 83: Liver - Metabolism"	"Cluster 30: White matter - Myelination"	"Cluster 18: Liver cancer - Metabolism"	"Cluster 58: Macrophages - Innate immune response"		Mitochondria	Cytosol	"HPA059155: AB_2683933"	"unprognostic (2.54e-1)"	"potential prognostic favorable (3.65e-4)"	"unprognostic (3.02e-2)"	"unprognostic (2.21e-2)"	"unprognostic (2.90e-1)"	"unprognostic (1.36e-2)"	"validated prognostic unfavorable (5.59e-4)"	"validated prognostic unfavorable (2.23e-7)"	"unprognostic (1.83e-2)"	"unprognostic (5.43e-3)"	"potential prognostic favorable (2.52e-7)"	"unprognostic (2.41e-3)"	"potential prognostic favorable (7.15e-6)"	"validated prognostic favorable (3.28e-5)"	"validated prognostic favorable (1.33e-5)"	"unprognostic (1.75e-3)"	"unprognostic (7.71e-2)"	"unprognostic (5.24e-3)"	"unprognostic (2.92e-1)"	"unprognostic (2.02e-1)"	"unprognostic (2.96e-3)"	"unprognostic (2.43e-2)"	"unprognostic (2.96e-1)"	"unprognostic (3.03e-3)"	"unprognostic (2.69e-1)"	"unprognostic (3.71e-2)"	"unprognostic (9.55e-2)"	"unprognostic (1.64e-2)"	"unprognostic (1.91e-1)"	"unprognostic (1.05e-1)"	"unprognostic (2.28e-1)"
GCA	GCL	ENSG00000115271	Grancalcin	P28676	2	162318840-162371595	"Plasma proteins, Predicted intracellular proteins"				"Evidence at protein level"	"Evidence at protein level"	"Evidence at protein level"	"Evidence at protein level"	"Tissue enriched"	"Detected in all"	5	"bone marrow: 322.6"	"Cell type enhanced"	"Detected in many"		"Early spermatids: 262.2;Hofbauer cells: 144.6;Kupffer cells: 181.9;Macrophages: 145.6"	"Cell type enhanced"	"Detected in all"		"oligodendrocyte: 122.3"	"Low cancer specificity"	"Detected in all"			"Low region specificity"	"Detected in all"			"Group enriched"	"Detected in all"	5	"eosinophil: 328.1;neutrophil: 867.8"	"Lineage enriched"	"Detected in all"	7	"granulocytes: 867.8"	"Low cancer specificity"	"Detected in all"			"Liver - Neutrophils, Lung - Neutrophil_2, Spleen - Neutrophils"	"Low region specificity"	"Detected in all"			"Low region specificity"	"Detected in all"			"HPA035033, HPA035034"	Enhanced		Supported	"Plasma membrane,Cytosol"			NA	NA		630000	"Cluster 21: Neutrophils - Unknown function"	"Cluster 77: Bone marrow - Cell proliferation"	"Cluster 30: White matter - Myelination"	"Cluster 10: Ciliated cells - Ion channel activity"	"Cluster 74: Neutrophils - Degranulation"	14	Cytosol	"Plasma membrane"	"HPA035033: AB_10669854, HPA035034: AB_10669900"	"unprognostic (1.76e-1)"	"unprognostic (1.52e-1)"	"unprognostic (1.14e-1)"	"unprognostic (1.09e-1)"	"unprognostic (1.09e-1)"	"unprognostic (1.17e-1)"	"unprognostic (5.01e-2)"	"unprognostic (3.55e-1)"	"unprognostic (1.66e-1)"	"unprognostic (8.31e-2)"	"potential prognostic favorable (2.51e-5)"	"unprognostic (1.13e-1)"	"unprognostic (7.86e-2)"	"potential prognostic unfavorable (7.81e-4)"	"unprognostic (1.04e-2)"	"unprognostic (4.96e-2)"	"unprognostic (8.25e-2)"	"unprognostic (1.31e-2)"	"unprognostic (2.34e-1)"	"unprognostic (1.04e-2)"	"unprognostic (4.80e-2)"	"unprognostic (1.18e-1)"	"unprognostic (1.31e-1)"	"unprognostic (1.83e-1)"	"unprognostic (3.87e-2)"	"unprognostic (3.21e-2)"	"unprognostic (1.46e-1)"	"unprognostic (1.34e-1)"	"unprognostic (2.71e-1)"	"unprognostic (9.48e-3)"	"unprognostic (1.08e-1)"
GP1BB	"CD42c, GPIbbeta"	ENSG00000203618	"Glycoprotein Ib platelet subunit beta"	P13224	22	19723539-19724771	"CD markers, Disease related genes, Human disease related genes, Predicted membrane proteins"	"Blood coagulation, Cell adhesion, Hemostasis"		"Bernard Soulier syndrome, Disease variant"	"Evidence at protein level"	"Evidence at transcript level"	"Evidence at protein level"	"Evidence at protein level"	"Tissue enriched"	"Detected in many"	5	"brain: 131.7"	"Not detected"	"Not detected"			"Low cell type specificity"	"Detected in all"			"Cancer enhanced"	"Detected in many"		"Testicular Germ Cell Tumor (TCGA): 4.9"	"Low region specificity"	"Detected in all"			"Group enriched"	"Detected in many"	6	"basophil: 73.7;neutrophil: 74.7"	"Lineage enriched"	"Detected in many"	6	"granulocytes: 74.7"	"Cancer enhanced"	"Detected in single"		"Leukemia: 3.0"		"Low region specificity"	"Detected in many"			"Low region specificity"	"Detected in many"										NA	NA		7000000	"Cluster 21: Neutrophils - Unknown function"	"Cluster 61: Brain - Neuronal signaling"	"Cluster 51: Neurons - Mixed function"	"Cluster 49: HMC-1 - Innate immune response"		5				"unprognostic (2.00e-1)"			"unprognostic (1.85e-2)"		"unprognostic (3.21e-2)"						"unprognostic (1.66e-1)"			"unprognostic (2.68e-1)"					"unprognostic (6.95e-2)"						"unprognostic (2.34e-1)"	"unprognostic (5.27e-1)"	"unprognostic (2.37e-2)"	"unprognostic (2.55e-1)"		"unprognostic (2.62e-1)"
HBA2	HBA-T2	ENSG00000188536	"Hemoglobin subunit alpha 2"	P69905	16	172876-173710	"Disease related genes, FDA approved drug targets, Human disease related genes, Plasma proteins, Predicted intracellular proteins, Transporters"	"Oxygen transport, Transport"		"Disease variant, FDA approved drug targets, Hereditary hemolytic anemia"	"Evidence at protein level"	"Evidence at protein level"	"Evidence at protein level"	"Evidence at protein level"	"Tissue enriched"	"Detected in all"	5	"bone marrow: 37617.4"	"Cell type enriched"	"Detected in many"	96	"Erythroid cells: 55683.9"	"Cell type enhanced"	"Detected in many"		"endothelial cell: 40.0;vascular associated smooth muscle cell: 14.1"	"Cancer enhanced"	"Detected in all"		"Glioblastoma Multiforme (TCGA): 937.8"	"Low region specificity"	"Detected in all"			"Group enriched"	"Detected in all"	5	"eosinophil: 316.7;neutrophil: 961.9;plasmacytoid DC: 488.2"	"Group enriched"	"Detected in all"	7	"dendritic cells: 488.2;granulocytes: 961.9"	"Cancer enriched"	"Detected in many"	34	"Leukemia: 1053.9"	"Liver - Erythroid cells, Spleen - Erythrocytes"									"CAB038417, HPA043780"	Enhanced						NA	NA		18000000000	"Cluster 22: Eosinophils - Transcription"	"Cluster 77: Bone marrow - Cell proliferation"	"Cluster 42: Choroid plexus - Mitochondria"	"Cluster 47: Leukemia - Hemostasis"	"Cluster 1: Erythroid cells - Oxygen transport"	32			"CAB038417: , HPA043780: AB_2678667"	"unprognostic (3.83e-3)"	"unprognostic (2.28e-1)"	"unprognostic (3.35e-2)"	"unprognostic (2.76e-1)"	"unprognostic (1.32e-1)"	"unprognostic (3.39e-2)"	"unprognostic (1.11e-1)"	"unprognostic (7.33e-3)"	"unprognostic (2.66e-1)"	"unprognostic (9.57e-2)"	"potential prognostic favorable (1.29e-4)"	"unprognostic (9.46e-2)"	"unprognostic (2.45e-1)"	"unprognostic (2.11e-1)"	"unprognostic (9.46e-2)"	"unprognostic (2.22e-1)"	"unprognostic (1.93e-1)"	"unprognostic (1.37e-1)"	"unprognostic (1.52e-1)"	"unprognostic (2.73e-1)"	"unprognostic (4.23e-2)"	"unprognostic (1.68e-2)"	"unprognostic (1.42e-1)"	"unprognostic (2.26e-2)"	"unprognostic (2.45e-1)"	"unprognostic (1.41e-1)"	"unprognostic (4.40e-2)"	"unprognostic (4.69e-2)"	"unprognostic (2.08e-1)"	"unprognostic (7.99e-2)"	"unprognostic (3.31e-1)"
KCNK7	K2p7.1	ENSG00000173338	"Potassium two pore domain channel subfamily K member 7"	Q9Y2U2	11	65592836-65595996	"Predicted intracellular proteins, Predicted membrane proteins, Voltage-gated ion channels"	"Ion transport, Potassium transport, Transport"	"Ion channel, Potassium channel, Voltage-gated channel"		"Evidence at protein level"	"Evidence at transcript level"	"Evidence at protein level"	"Evidence at protein level"	"Tissue enriched"	"Detected in many"	5	"skin 1: 87.3"	"Cell type enriched"	"Detected in some"	5	"Suprabasal keratinocytes: 128.1"	"Low cell type specificity"	"Detected in some"			"Cancer enhanced"	"Detected in many"		"Head and Neck Squamous Cell Carcinoma (TCGA): 11.3"	"Low region specificity"	"Detected in many"			"Group enriched"	"Detected in some"	15	"basophil: 2.1;naive B-cell: 2.2;neutrophil: 1.5"	"Group enriched"	"Detected in many"	16	"B-cells: 2.2;granulocytes: 2.1"	"Cancer enhanced"	"Detected in some"		"Esophageal cancer: 2.9"	"Minor Salivary Gland - Minor salivary gland basal cells, Skin - Keratinocyte (other)"	"Not detected"	"Not detected"			"Low region specificity"	"Detected in many"			HPA077577			Approved	"Plasma membrane"			NA	NA			"Cluster 41: Basophils - Unknown function"	"Cluster 13: Skin - Cornification"	"Cluster 6: Non-specific - Immune response"	"Cluster 53: Squamous epithelial cells - Keratinization"	"Cluster 59: Suprabasal keratinocytes - Cornification"		"Plasma membrane"		"HPA077577: AB_2686845"	"unprognostic (4.82e-3)"		"unprognostic (1.01e-1)"	"unprognostic (8.86e-2)"			"unprognostic (3.91e-2)"		"unprognostic (1.82e-1)"				"unprognostic (1.22e-1)"					"unprognostic (4.75e-2)"				"unprognostic (9.01e-2)"			"unprognostic (3.42e-3)"		"unprognostic (2.68e-1)"				"unprognostic (5.68e-2)"
LILRB2	"CD85d, ILT4, LIR-2, LIR2, MIR-10, MIR10"	ENSG00000131042	"Leukocyte immunoglobulin like receptor B2"	Q8N423	19	54273812-54281184	"CD markers, Predicted membrane proteins"	"Adaptive immunity, Immunity"	Receptor		"Evidence at protein level"	"Evidence at transcript level"	"Evidence at protein level"	"Evidence at protein level"	"Group enriched"	"Detected in many"	5	"bone marrow: 34.7;lung: 14.5;lymphoid tissue: 50.0"	"Cell type enriched"	"Detected in some"	4	"monocytes: 926.9"	"Group enriched"	"Detected in some"	144	"central nervous system macrophage: 17.8;leukocyte: 50.8"	"Low cancer specificity"	"Detected in some"			"Low region specificity"	"Detected in many"			"Group enriched"	"Detected in many"	5	"classical monocyte: 61.3;intermediate monocyte: 131.4;neutrophil: 63.2;non-classical monocyte: 152.2"	"Group enriched"	"Detected in many"	6	"granulocytes: 63.2;monocytes: 152.2"	"Not detected"	"Not detected"			"Adipose subcutaneous - Macrophages, Breast - Macrophages, Kidney - Macrophages, Lung - Neutrophil_2, Minor Salivary Gland - Macrophages, Pituitary gland - Macrophages, Stomach - Macrophages"																NA	NA		140000000	"Cluster 37: Monocytes & Neutrophils - Innate immune response"	"Cluster 81: Lymphoid tissue & Bone marrow - Innate immune response"	"Cluster 12: Non-specific - Vasculature"	"Cluster 14: Myeloid leukemia - Innate immune response"	"Cluster 29: Monocytes - Innate immune response"	6						"unprognostic (5.92e-3)"			"unprognostic (8.63e-2)"		"unprognostic (9.88e-2)"			"unprognostic (3.71e-3)"	"unprognostic (1.88e-1)"			"unprognostic (3.95e-2)"		"unprognostic (3.12e-2)"		"unprognostic (3.52e-1)"		"unprognostic (4.52e-2)"		"unprognostic (9.29e-2)"			"unprognostic (8.20e-2)"		"unprognostic (1.99e-1)"			
NKX3-1	"BAPX2, NKX3.1, NKX3A"	ENSG00000167034	"NK3 homeobox 1"	Q99801	8	23678697-23682938	"Cancer-related genes, Human disease related genes, Predicted intracellular proteins, Transcription factors"	"Transcription, Transcription regulation"	"DNA-binding, Repressor"	"Cancer-related genes, Tumor suppressor"	"Evidence at protein level"	"Evidence at protein level"	"Evidence at protein level"	"Evidence at protein level"	"Tissue enriched"	"Detected in many"	5	"prostate: 293.1"	"Cell type enriched"	"Detected in many"	26	"Prostatic glandular cells: 1303.4"	"Low cell type specificity"	"Detected in some"			"Cancer enriched"	"Detected in many"	61	"Prostate Adenocarcinoma (TCGA): 548.1"	"Low region specificity"	"Detected in all"			"Group enriched"	"Detected in many"	5	"eosinophil: 54.2;neutrophil: 51.7"	"Lineage enriched"	"Detected in many"	21	"granulocytes: 54.2"	"Cancer enriched"	"Detected in many"	26	"prostate cancer: 238.2"	"Minor Salivary Gland - Minor salivary glandular cells, Prostate - Prostate glandular cells, Testis - Sertoli cells"	"Low region specificity"	"Detected in some"			"Low region specificity"	"Detected in many"			"HPA025693, HPA078571"	Enhanced		Approved	Nucleoplasm,Cytosol			NA	NA			"Cluster 20: Non-specific - DNA binding"	"Cluster 64: Neuronal - Transcription"	"Cluster 45: Non-specific - Mixed function"	"Cluster 60: Prostate cancer - Unknown function"	"Cluster 40: Prostatic glandular cells - Transcription"	12	"Nucleoplasm, Cytosol"		"HPA025693: AB_1854522, HPA078571: AB_2732384"	"unprognostic (1.44e-1)"	"unprognostic (7.16e-2)"		"unprognostic (3.88e-2)"		"unprognostic (1.11e-1)"	"validated prognostic unfavorable (3.09e-6)"	"validated prognostic unfavorable (1.34e-4)"	"unprognostic (8.08e-3)"				"unprognostic (2.90e-2)"			"unprognostic (1.29e-3)"	"unprognostic (1.14e-1)"	"unprognostic (2.67e-1)"	"unprognostic (2.04e-1)"	"unprognostic (2.57e-1)"		"unprognostic (5.19e-2)"	"unprognostic (2.41e-2)"	"unprognostic (1.77e-1)"		"unprognostic (3.34e-2)"	"unprognostic (1.42e-1)"	"unprognostic (1.37e-1)"	"unprognostic (1.94e-1)"		"unprognostic (1.43e-2)"
OPRL1	"KOR-3, NOCIR, NOPr, OOR, ORL1, PNOCR"	ENSG00000125510	"Opioid related nociceptin receptor 1"	P41146	20	64080082-64100643	"G-protein coupled receptors, Predicted membrane proteins"	Behavior	"G-protein coupled receptor, Receptor, Transducer"		"Evidence at protein level"	"Evidence at transcript level"	"Evidence at protein level"	"Evidence at protein level"	"Group enriched"	"Detected in some"	5	"brain: 12.8;lymphoid tissue: 4.4;testis: 6.5"	"Cell type enhanced"	"Detected in some"		"Early spermatids: 12.2;Excitatory neurons: 6.0;Late spermatids: 31.6"	"Low cell type specificity"	"Detected in many"			"Cancer enhanced"	"Detected in some"		"Glioblastoma Multiforme (TCGA): 3.0"	"Low region specificity"	"Detected in all"			"Group enriched"	"Detected in many"	9	"classical monocyte: 3.9;eosinophil: 5.8;intermediate monocyte: 5.5;myeloid DC: 4.7;neutrophil: 4.9;non-classical monocyte: 12.5"	"Group enriched"	"Detected in many"	11	"dendritic cells: 4.7;granulocytes: 5.8;monocytes: 12.5"	"Low cancer specificity"	"Detected in many"			"Testis - Early spermatids, Testis - Late spermatids"	"Low region specificity"	"Detected in all"			"Low region specificity"	"Detected in all"			HPA064863			Approved	"Primary cilium,Primary cilium tip"			NA	NA			"Cluster 25: Non-specific - Unknown function"	"Cluster 5: Brain & Testis - Signal transduction"	"Cluster 38: Sub-cortical - Mixed function"	"Cluster 14: Myeloid leukemia - Innate immune response"	"Cluster 36: Late spermatids - Unknown function"	5	"Primary cilium, Primary cilium tip"		"HPA064863: "		"unprognostic (2.42e-1)"	"potential prognostic unfavorable (5.72e-4)"				"unprognostic (6.59e-2)"	"unprognostic (3.65e-1)"				"unprognostic (2.78e-1)"				"unprognostic (1.09e-1)"				"unprognostic (9.54e-2)"	"unprognostic (4.49e-2)"						"unprognostic (5.52e-2)"				
OSCAR		ENSG00000170909	"Osteoclast associated Ig-like receptor"	Q8IYS5	19	54094668-54102692	"Predicted intracellular proteins, Predicted membrane proteins"		Receptor		"Evidence at protein level"	"Evidence at transcript level"	"Evidence at protein level"	"Evidence at protein level"	"Group enriched"	"Detected in many"	5	"bone marrow: 13.2;lung: 27.5;lymphoid tissue: 29.0"	"Group enriched"	"Detected in some"	5	"Hofbauer cells: 49.4;Kupffer cells: 23.7;Langerhans cells: 16.0;Macrophages: 41.3;monocytes: 33.6"	"Cell type enhanced"	"Detected in many"		"central nervous system macrophage: 23.9;leukocyte: 11.7"	"Low cancer specificity"	"Detected in many"			"Low region specificity"	"Detected in all"			"Group enriched"	"Detected in many"	35	"classical monocyte: 41.9;eosinophil: 26.4;intermediate monocyte: 28.1;myeloid DC: 19.6;neutrophil: 38.8;non-classical monocyte: 26.7"	"Group enriched"	"Detected in many"	77	"dendritic cells: 19.6;granulocytes: 38.8;monocytes: 41.9"	"Group enriched"	"Detected in some"	4	"Leukemia: 8.2;ovarian cancer: 2.5;thyroid cancer: 5.9"	"Adipose subcutaneous - Macrophages, Kidney - Macrophages, Spleen - Neutrophils"	"Not detected"	"Not detected"			"Low region specificity"	"Detected in all"			HPA073996			Approved	"Nucleoplasm,Plasma membrane,Cytosol"	"Intracellular and membrane"	Receptor	NA	NA		49000000	"Cluster 7: Non-specific - Innate immune response"	"Cluster 81: Lymphoid tissue & Bone marrow - Innate immune response"	"Cluster 53: Neurons - Mixed function"	"Cluster 14: Myeloid leukemia - Innate immune response"	"Cluster 58: Macrophages - Innate immune response"		"Nucleoplasm, Plasma membrane, Cytosol"		"HPA073996: "	"unprognostic (4.26e-1)"	"unprognostic (3.02e-1)"	"unprognostic (1.53e-1)"		"unprognostic (1.08e-1)"	"unprognostic (3.19e-2)"	"unprognostic (1.86e-2)"	"unprognostic (9.16e-2)"	"unprognostic (2.79e-1)"		"unprognostic (1.63e-2)"	"unprognostic (2.87e-2)"	"unprognostic (1.39e-1)"		"unprognostic (8.68e-2)"	"unprognostic (6.57e-3)"	"unprognostic (5.93e-2)"	"unprognostic (5.86e-2)"	"unprognostic (1.24e-1)"	"unprognostic (1.43e-2)"	"unprognostic (1.54e-1)"	"unprognostic (2.75e-3)"	"unprognostic (1.54e-1)"		"unprognostic (1.12e-3)"	"unprognostic (1.92e-1)"		"unprognostic (2.76e-1)"	"unprognostic (4.79e-2)"	"unprognostic (3.11e-2)"	
PHOSPHO1		ENSG00000173868	"Phosphoethanolamine/phosphocholine phosphatase 1"	Q8TCT1	17	49223366-49230787	"Enzymes, Metabolic proteins, Predicted intracellular proteins"	"Mineral balance"	Hydrolase		"Evidence at protein level"	"Evidence at transcript level"	"Evidence at protein level"	"Evidence at protein level"	"Tissue enriched"	"Detected in many"	5	"testis: 100.1"	"Cell type enriched"	"Detected in some"	5	"Late spermatids: 1452.3"	"Cell type enhanced"	"Detected in some"		"lower rhombic lip: 3.2;mammillary body: 3.3"	"Low cancer specificity"	"Detected in many"			"Low region specificity"	"Detected in all"			"Group enriched"	"Detected in some"	160	"eosinophil: 171.7;neutrophil: 428.7"	"Lineage enriched"	"Detected in many"	228	"granulocytes: 428.7"	"Cancer enriched"	"Detected in many"	8	"Bone cancer: 39.9"	"Adipose visceral - Neutrophils, Testis - Late spermatids"	"Low region specificity"	"Detected in all"			"Low region specificity"	"Detected in many"			HPA065025			Approved	"Plasma membrane,Actin filaments"			NA	NA			"Cluster 21: Neutrophils - Unknown function"	"Cluster 44: Testis - Spermatogenesis"	"Cluster 45: Non-specific - Mixed function"	"Cluster 12: Bone cancer - Neuronal signaling"	"Cluster 36: Late spermatids - Unknown function"	1	"Actin filaments"	"Plasma membrane"	"HPA065025: AB_2732727"			"unprognostic (7.60e-3)"			"unprognostic (7.38e-2)"	"unprognostic (1.04e-1)"			"unprognostic (1.79e-1)"	"unprognostic (5.19e-2)"	"unprognostic (1.35e-1)"					"unprognostic (1.35e-1)"	"unprognostic (1.36e-1)"	"unprognostic (1.01e-1)"	"unprognostic (6.76e-2)"	"unprognostic (2.37e-2)"					"unprognostic (2.23e-1)"		"unprognostic (1.18e-1)"	"unprognostic (1.57e-1)"		
PLB1	"FLJ30866, PLB"	ENSG00000163803	"Phospholipase B1"	Q6P1J6	2	28457145-28644142	"Enzymes, Metabolic proteins, Predicted intracellular proteins, Predicted membrane proteins"	"Lipid metabolism, Phospholipid metabolism"	Hydrolase		"Evidence at protein level"	"Evidence at transcript level"	"Evidence at protein level"	"Evidence at protein level"	"Tissue enriched"	"Detected in many"	5	"intestine: 37.9"	"Cell type enhanced"	"Detected in many"		"Early spermatids: 28.5;Extravillous trophoblasts: 31.2;Late spermatids: 18.5;Proximal enterocytes: 119.5"	"Cell type enhanced"	"Detected in many"		"central nervous system macrophage: 78.5"	"Low cancer specificity"	"Detected in many"			"Low region specificity"	"Detected in all"			"Group enriched"	"Detected in many"	14	"classical monocyte: 3.0;eosinophil: 3.0;intermediate monocyte: 4.4;myeloid DC: 5.7;neutrophil: 8.9;non-classical monocyte: 5.0"	"Group enriched"	"Detected in many"	40	"dendritic cells: 5.7;granulocytes: 8.9;monocytes: 5.0"	"Low cancer specificity"	"Detected in some"			"Adrenal gland - Adrenal cortex cells, Kidney - Macrophages, Lung - Neutrophil_2, Pituitary gland - Corticotropes, Spleen - Neutrophils, Thyroid gland - Fibroblasts"	"Not detected"	"Not detected"			"Low region specificity"	"Detected in some"										NA	NA			"Cluster 38: Monocytes & Neutrophils - Degranulation"	"Cluster 25: Small intestine - Absorption"	"Cluster 33: Neurons - Mixed function"	"Cluster 70: DU4475 - Unknown function"	"Cluster 22: Proximal enterocytes - Digestion"	1				"unprognostic (1.61e-1)"	"unprognostic (2.39e-1)"	"unprognostic (1.20e-1)"	"unprognostic (5.69e-2)"	"unprognostic (2.86e-1)"	"unprognostic (6.71e-2)"	"unprognostic (1.81e-2)"	"unprognostic (5.47e-2)"	"unprognostic (1.28e-1)"			"unprognostic (9.07e-3)"	"unprognostic (3.21e-1)"		"unprognostic (9.14e-2)"	"unprognostic (3.15e-1)"	"unprognostic (5.60e-2)"	"unprognostic (1.46e-2)"	"unprognostic (1.10e-2)"	"unprognostic (7.14e-2)"	"unprognostic (2.48e-1)"	"unprognostic (6.05e-2)"	"unprognostic (9.88e-2)"		"unprognostic (2.70e-1)"	"unprognostic (3.12e-2)"	"unprognostic (2.61e-1)"	"unprognostic (1.88e-2)"	"unprognostic (4.05e-2)"		"unprognostic (9.57e-2)"
RPH3A	"exophilin-1, KIAA0985, rabphilin"	ENSG00000089169	"Rabphilin 3A"	Q9Y2J0	12	112570380-112898881	"Predicted intracellular proteins"	"Protein transport, Transport"			"Evidence at protein level"	"Evidence at protein level"	"Evidence at protein level"	"Evidence at protein level"	"Tissue enriched"	"Detected in many"	5	"brain: 116.9"	"Cell type enhanced"	"Detected in some"		"Bipolar cells: 18.1;Excitatory neurons: 69.1;Horizontal cells: 27.7;Inhibitory neurons: 95.9;monocytes: 24.9"	"Low cell type specificity"	"Detected in all"			"Cancer enriched"	"Detected in some"	7	"Glioblastoma Multiforme (TCGA): 16.1"	"Low region specificity"	"Detected in all"			"Group enriched"	"Detected in some"	5	"classical monocyte: 6.3;intermediate monocyte: 3.0;neutrophil: 2.2;non-classical monocyte: 4.6"	"Group enriched"	"Detected in many"	5	"granulocytes: 2.2;monocytes: 6.3"	"Group enriched"	"Detected in many"	5	"Myeloma: 7.4;Neuroblastoma: 17.0"	"Adrenal gland - Adrenal medulla cells, Colon - Colon enteroendocrine cells, Testis - Early spermatids, Testis - Late spermatids"	"Low region specificity"	"Detected in all"			"Low region specificity"	"Detected in all"			HPA002475	Enhanced						NA	NA			"Cluster 2: Dendritic cells - Unknown function"	"Cluster 22: Brain - Synaptic signal transduction"	"Cluster 38: Sub-cortical - Mixed function"	"Cluster 17: Neuroblastoma - Neuronal signaling"	"Cluster 65: Neurons - Synaptic function"	6			"HPA002475: AB_1079837"						"unprognostic (2.15e-1)"	"unprognostic (6.45e-3)"	"unprognostic (6.49e-2)"									"unprognostic (1.63e-1)"		"unprognostic (5.99e-2)"							"unprognostic (1.01e-3)"	"unprognostic (2.39e-3)"		"unprognostic (1.73e-1)"		
SPINK8		ENSG00000229453	"Serine peptidase inhibitor Kazal type 8 (putative)"	P0C7L1	3	48306842-48333661	"Predicted secreted proteins"		"Protease inhibitor, Serine protease inhibitor"		"Evidence at transcript level"	"Evidence at transcript level"	"No human protein/transcript evidence"	"Evidence at transcript level"	"Group enriched"	"Detected in many"	5	"bone marrow: 8.3;breast: 15.4;fallopian tube: 6.9;placenta: 5.3"	"Cell type enhanced"	"Detected in some"		"Breast glandular cells: 18.0;Breast myoepithelial cells: 6.1;Excitatory neurons: 2.6;Melanocytes: 3.4"	"Cell type enhanced"	"Detected in many"		"endothelial cell: 29.3;hippocampal dentate gyrus: 29.2"	"Cancer enhanced"	"Detected in some"		"Breast Invasive Carcinoma (TCGA): 15.7;Glioblastoma Multiforme (TCGA): 17.8"	"Low region specificity"	"Detected in all"			"Group enriched"	"Detected in some"	6	"eosinophil: 1.1;neutrophil: 1.8"	"Lineage enriched"	"Detected in single"	7	"granulocytes: 1.8"	"Low cancer specificity"	"Detected in all"			"Breast - Breast glandular cells"	"Region enriched"	"Detected in many"	9	"hippocampal formation: 73.7"	"Low region specificity"	"Detected in all"			HPA053151	Uncertain				"Secreted to blood"	"Enzyme inhibitor"	NA	NA			"Cluster 35: Neutrophils - Protein binding"	"Cluster 77: Bone marrow - Cell proliferation"	"Cluster 9: Non-specific - Receptor signaling"	"Cluster 27: Breast cancer - Unknown function"	"Cluster 17: Breast glandular cells - Lactation"				"HPA053151: AB_2682059"		"potential prognostic unfavorable (6.76e-4)"	"unprognostic (3.28e-1)"				"unprognostic (3.90e-2)"	"unprognostic (3.21e-2)"									"unprognostic (3.93e-1)"							"unprognostic (7.30e-2)"							"unprognostic (2.78e-1)"
STX3	STX3A	ENSG00000166900	"Syntaxin 3"	Q13277	11	59713456-59805882	"Disease related genes, Potential drug targets, Predicted intracellular proteins, Predicted membrane proteins, Transporters"	"Neurotransmitter transport, Transport"		"Disease variant"	"Evidence at protein level"	"Evidence at transcript level"	"Evidence at protein level"	"Evidence at protein level"	"Tissue enriched"	"Detected in all"	5	"retina: 303.5"	"Cell type enhanced"	"Detected in all"		"Bipolar cells: 321.4;Cone photoreceptor cells: 350.0;Rod photoreceptor cells: 354.4"	"Low cell type specificity"	"Detected in many"			"Low cancer specificity"	"Detected in all"			"Low region specificity"	"Detected in all"			"Group enriched"	"Detected in many"	8	"basophil: 42.5;eosinophil: 74.2;neutrophil: 60.9"	"Lineage enriched"	"Detected in many"	10	"granulocytes: 74.2"	"Low cancer specificity"	"Detected in all"			"Minor Salivary Gland - Minor salivary glandular cells, Spleen - Neutrophils"	"Low region specificity"	"Detected in all"			"Low region specificity"	"Detected in all"			"HPA002191, HPA069176"	Approved		Uncertain	"Nuclear membrane,Vesicles"			NA	NA			"Cluster 36: Eosinophils - Protein ubiquitination"	"Cluster 76: Retina - Visual perception"	"Cluster 37: Neurons - Mixed function"	"Cluster 57: Stomach & Colon cancer - Digestion"	"Cluster 25: Bipolar cells - Visual perception"	76	Vesicles	"Nuclear membrane"	"HPA002191: AB_1080165, HPA069176: AB_2686098"	"potential prognostic favorable (5.24e-5)"	"unprognostic (3.95e-2)"	"unprognostic (2.73e-2)"	"unprognostic (2.01e-3)"	"unprognostic (2.74e-2)"	"unprognostic (1.79e-2)"	"unprognostic (4.43e-2)"	"unprognostic (2.01e-1)"	"unprognostic (5.19e-2)"	"unprognostic (1.42e-3)"	"potential prognostic favorable (3.67e-7)"	"unprognostic (2.25e-2)"	"unprognostic (3.54e-2)"	"potential prognostic unfavorable (2.14e-6)"	"unprognostic (2.56e-3)"	"unprognostic (3.08e-2)"	"unprognostic (2.48e-2)"	"unprognostic (9.56e-3)"	"unprognostic (2.14e-1)"	"unprognostic (2.57e-1)"	"unprognostic (1.77e-2)"	"unprognostic (4.12e-3)"	"unprognostic (1.39e-1)"	"unprognostic (3.86e-2)"	"unprognostic (1.10e-1)"	"unprognostic (6.16e-2)"	"unprognostic (3.09e-1)"	"unprognostic (2.56e-1)"	"unprognostic (1.46e-1)"	"unprognostic (2.81e-2)"	"unprognostic (7.44e-2)"
TRPM6	"CHAK2, FLJ22628, HOMG, HSH"	ENSG00000119121	"Transient receptor potential cation channel subfamily M member 6"	Q9BX84	9	74722495-74888094	"Disease related genes, Enzymes, Human disease related genes, Plasma proteins, Potential drug targets, Predicted intracellular proteins, Predicted membrane proteins, Transporters, Voltage-gated ion channels"	"Calcium transport, Ion transport, Transport"	"Calcium channel, Ion channel, Kinase, Serine/threonine-protein kinase, Transferase"	"Disease variant, Primary hypomagnesemia"	"Evidence at protein level"	"Evidence at transcript level"	"Evidence at protein level"	"Evidence at protein level"	"Tissue enriched"	"Detected in some"	5	"intestine: 16.0"	"Group enriched"	"Detected in some"	9	"Distal enterocytes: 76.8;Glandular and luminal cells: 27.8;Microglial cells: 37.6;Oligodendrocytes: 75.5;Proximal enterocytes: 19.3"	"Group enriched"	"Detected in many"	9	"endothelial cell: 369.5;oligodendrocyte: 117.3"	"Cancer enhanced"	"Detected in some"		"Testicular Germ Cell Tumor (TCGA): 4.3"	"Low region specificity"	"Detected in all"			"Group enriched"	"Detected in some"	6	"basophil: 23.2;neutrophil: 7.5"	"Lineage enriched"	"Detected in single"	44	"granulocytes: 23.2"	"Cancer enhanced"	"Detected in single"		"Gallbladder cancer: 2.9"	"Kidney - Intercalated cells, Skeletal muscle - Endothelial cells, Skin - Outer root sheath cells, Spleen - Neutrophils"	"Low region specificity"	"Detected in single"			"Low region specificity"	"Detected in all"										NA	NA			"Cluster 46: Basophils - Proteolysis"	"Cluster 45: Intestine - Digestion"	"Cluster 26: Oligodendrocytes - Mixed function"	"Cluster 10: Ciliated cells - Ion channel activity"	"Cluster 5: Enterocytes - Absorption"							"unprognostic (1.44e-1)"		"unprognostic (4.39e-1)"	"unprognostic (5.32e-2)"		"unprognostic (9.62e-2)"		"unprognostic (1.25e-1)"													"unprognostic (3.10e-1)"		"potential prognostic favorable (2.86e-4)"	"unprognostic (1.66e-1)"			"unprognostic (1.92e-2)"		"unprognostic (8.36e-2)"
ALOX5AP	FLAP	ENSG00000132965	"Arachidonate 5-lipoxygenase activating protein"	P20292	13	30713478-30764426	"Disease related genes, Predicted membrane proteins"	"Leukotriene biosynthesis"			"Evidence at protein level"	"Evidence at protein level"	"Evidence at protein level"	"Evidence at protein level"	"Group enriched"	"Detected in all"	4	"bone marrow: 482.0;lung: 177.5;lymphoid tissue: 135.2"	"Cell type enhanced"	"Detected in many"		"dendritic cells: 1294.1;granulocytes: 863.6;Hofbauer cells: 495.3;Langerhans cells: 417.5;Macrophages: 607.8;NK-cells: 339.5;T-cells: 313.8"	"Group enriched"	"Detected in some"	43	"central nervous system macrophage: 118.7;leukocyte: 85.5"	"Cancer enhanced"	"Detected in all"		"Glioblastoma Multiforme (TCGA): 176.0"	"Low region specificity"	"Detected in all"			"Group enriched"	"Detected in all"	7	"basophil: 9738.9;eosinophil: 4044.4;neutrophil: 4992.0;plasmacytoid DC: 3563.5"	"Group enriched"	"Detected in all"	8	"dendritic cells: 3563.5;granulocytes: 9738.9"	"Cancer enhanced"	"Detected in many"		"Leukemia: 124.7;lymphoma: 190.4"	"Adipose subcutaneous - Macrophages, Adipose visceral - Macrophages, Adrenal gland - Macrophages, Breast - Macrophages, Colon - Macrophages, Heart muscle - Macrophages, Kidney - Macrophages, Liver - Neutrophils, Pancreas - Macrophages, Prostate - Macrophages, Skeletal muscle - Macrophages, Spleen - Neutrophils, Stomach - Macrophages, Thyroid gland - Macrophages"	"Low region specificity"	"Detected in all"			"Low region specificity"	"Detected in all"			HPA026592	Enhanced						NA	NA			"Cluster 41: Basophils - Unknown function"	"Cluster 81: Lymphoid tissue & Bone marrow - Innate immune response"	"Cluster 20: Macrophages & Microglia - Immune response"	"Cluster 14: Myeloid leukemia - Innate immune response"	"Cluster 58: Macrophages - Innate immune response"	6			"HPA026592: AB_10601115"	"unprognostic (1.44e-2)"	"unprognostic (1.53e-2)"	"unprognostic (1.77e-1)"	"unprognostic (1.73e-1)"	"unprognostic (3.47e-1)"	"unprognostic (7.28e-2)"	"unprognostic (3.36e-2)"	"unprognostic (6.88e-2)"	"unprognostic (5.98e-2)"	"potential prognostic unfavorable (1.91e-4)"	"unprognostic (3.36e-3)"	"unprognostic (9.85e-3)"	"unprognostic (1.24e-1)"	"unprognostic (6.71e-2)"	"unprognostic (4.22e-1)"	"unprognostic (3.55e-2)"	"unprognostic (3.81e-2)"	"unprognostic (3.91e-2)"	"unprognostic (3.51e-3)"	"unprognostic (2.02e-3)"	"unprognostic (2.47e-2)"	"unprognostic (7.24e-2)"	"unprognostic (1.94e-1)"	"unprognostic (3.36e-2)"	"unprognostic (3.73e-2)"	"unprognostic (4.01e-2)"	"unprognostic (4.45e-2)"	"unprognostic (1.61e-1)"	"unprognostic (4.43e-2)"	"unprognostic (2.06e-2)"	"unprognostic (3.23e-3)"
CLDN10	"CPETRL3, OSP-L"	ENSG00000134873	"Claudin 10"	P78369	13	95433604-95579759	"Disease related genes, Human disease related genes, Predicted intracellular proteins, Predicted membrane proteins"	"Ion transport, Transport"		"Disease variant, Ichthyosis"	"Evidence at protein level"	"Evidence at protein level"	"Evidence at protein level"	"Evidence at protein level"	"Group enriched"	"Detected in many"	4	"brain: 90.0;kidney: 131.4;pancreas: 210.3;salivary gland: 88.9"	"Cell type enhanced"	"Detected in many"		"Basal respiratory cells: 195.9;Cholangiocytes: 366.3;Ductal cells: 407.3;Glandular and luminal cells: 268.3;Ionocytes: 353.1;Oocytes: 322.8;Proximal tubular cells: 231.5;Secretory cells: 194.7;Serous glandular cells: 193.5"	"Group enriched"	"Detected in many"	5	"astrocyte: 85.3;bergmann glia: 95.4;oligodendrocyte precursor cell: 43.3"	"Cancer enhanced"	"Detected in many"		"Pancreatic Adenocarcinoma (TCGA): 44.4"	"Low region specificity"	"Detected in all"			"Group enriched"	"Detected in some"	7	"eosinophil: 1.3;neutrophil: 4.1"	"Lineage enriched"	"Detected in single"	11	"granulocytes: 4.1"	"Cancer enriched"	"Detected in many"	5	"testis cancer: 67.6"	"Liver - Cholangiocyte, Minor Salivary Gland - Minor salivary glandular cells, Skin - Eccrine sweat gland cells, Testis - Spermatocytes, Thyroid gland - Smooth muscle cells"	"Low region specificity"	"Detected in all"			"Low region specificity"	"Detected in all"			"CAB012969, HPA042348"	Enhanced						NA	NA			"Cluster 21: Neutrophils - Unknown function"	"Cluster 32: Endocrine & Neural - Unknown function"	"Cluster 40: Astrocytes - Astrocyte-neuron interactions"	"Cluster 15: Kidney cancer - Membrane components"	"Cluster 35: Respiratory epithelial cells - Unknown function"	14			"CAB012969: AB_2533386, HPA042348: AB_2677955"	"unprognostic (1.17e-1)"	"unprognostic (8.22e-2)"	"unprognostic (2.79e-1)"	"unprognostic (1.11e-2)"			"unprognostic (4.48e-2)"	"potential prognostic unfavorable (3.05e-4)"	"unprognostic (3.02e-3)"	"unprognostic (1.53e-2)"	"validated prognostic favorable (4.74e-11)"	"validated prognostic favorable (2.35e-4)"	"unprognostic (1.18e-1)"	"unprognostic (1.79e-2)"	"unprognostic (4.74e-2)"	"unprognostic (1.84e-1)"	"unprognostic (2.28e-1)"	"unprognostic (1.07e-1)"	"unprognostic (5.34e-2)"	"unprognostic (3.48e-2)"	"unprognostic (1.28e-1)"	"unprognostic (4.97e-3)"	"unprognostic (1.27e-1)"	"unprognostic (1.68e-1)"	"unprognostic (2.32e-1)"	"potential prognostic favorable (5.64e-5)"		"unprognostic (2.97e-2)"	"unprognostic (8.14e-2)"	"potential prognostic favorable (3.07e-5)"	"unprognostic (3.25e-2)"
FOLR3	"FR-G, FRgamma"	ENSG00000110203	"Folate receptor gamma"	P41439	11	72114869-72139892	"Metabolic proteins, Predicted secreted proteins"		Receptor		"Evidence at protein level"	"Evidence at transcript level"	"Evidence at protein level"	"Evidence at protein level"	"Tissue enriched"	"Detected in some"	4	"bone marrow: 94.5"	"Cell type enriched"	"Detected in some"	16	"Distal tubular cells: 387.3"	"Not detected"	"Not detected"			"Cancer enhanced"	"Detected in some"		"Head and Neck Squamous Cell Carcinoma (TCGA): 8.6;Kidney Chromophobe (TCGA): 13.1"	"Not detected"	"Not detected"			"Group enriched"	"Detected in many"	11	"classical monocyte: 325.3;neutrophil: 490.4"	"Group enriched"	"Detected in many"	11	"granulocytes: 490.4;monocytes: 325.3"	"Cancer enhanced"	"Detected in many"		"head and neck cancer: 11.2;Sarcoma: 5.6"	"Adipose visceral - Neutrophils, Heart muscle - Neutrophils, Spleen - Neutrophils"														"Secreted to blood"	Receptor	NA	NA		5900000	"Cluster 21: Neutrophils - Unknown function"	"Cluster 6: Bone marrow - Innate immune response"		"Cluster 53: Squamous epithelial cells - Keratinization"	"Cluster 74: Neutrophils - Degranulation"	1							"unprognostic (3.79e-1)"					"unprognostic (2.99e-1)"	"unprognostic (1.98e-1)"								"unprognostic (3.86e-2)"		"unprognostic (2.55e-1)"	"unprognostic (9.95e-2)"										"unprognostic (2.55e-3)"
IL1RN	"ICIL-1RA, IL-1RN, IL1F3, IL1RA, IRAP, MGC10430"	ENSG00000136689	"Interleukin 1 receptor antagonist"	P18510	2	113099315-113134016	"Cancer-related genes, Candidate cardiovascular disease genes, Disease related genes, Human disease related genes, Plasma proteins, Predicted intracellular proteins, Predicted secreted proteins"			"Cancer-related genes"	"Evidence at protein level"	"Evidence at protein level"	"Evidence at protein level"	"Evidence at protein level"	"Tissue enriched"	"Detected in many"	4	"esophagus: 1898.1"	"Cell type enhanced"	"Detected in many"		"Basal keratinocytes: 324.5;Hofbauer cells: 399.9;Langerhans cells: 377.6;Squamous epithelial cells: 526.1;Suprabasal keratinocytes: 1054.0"	"Cell type enriched"	"Detected in single"	4	"leukocyte: 2.0"	"Cancer enhanced"	"Detected in all"		"Head and Neck Squamous Cell Carcinoma (TCGA): 238.3"	"Low region specificity"	"Detected in many"			"Group enriched"	"Detected in many"	5	"classical monocyte: 69.8;myeloid DC: 66.9;neutrophil: 257.2"	"Group enriched"	"Detected in many"	738	"dendritic cells: 66.9;granulocytes: 257.2;monocytes: 69.8"	"Cancer enhanced"	"Detected in many"		"Gallbladder cancer: 164.8"	"Heart muscle - Neutrophils, Prostate - Urothelial cells, Skin - Keratinocyte (other), Spleen - Neutrophils, Stomach - Gastric mucous cells, Testis - Late spermatids"	"Not detected"	"Not detected"							"HPA001482, CAB009633, CAB080340"	Enhanced		Approved	Nucleoplasm,Centrosome,Cytosol	"Secreted to blood"	"No annotated function"	NA	NA	291000	830000	"Cluster 38: Monocytes & Neutrophils - Degranulation"	"Cluster 29: Squamous epithelium - Innate immune response"	"Cluster 12: Non-specific - Vasculature"	"Cluster 53: Squamous epithelial cells - Keratinization"	"Cluster 59: Suprabasal keratinocytes - Cornification"	5	"Nucleoplasm, Cytosol"	Centrosome	"CAB009633: AB_2125576, CAB080340: , HPA001482: AB_1078437"	"potential prognostic favorable (5.71e-4)"	"unprognostic (4.41e-2)"	"unprognostic (1.71e-1)"	"unprognostic (3.00e-2)"	"unprognostic (2.90e-1)"	"unprognostic (1.16e-1)"	"unprognostic (9.23e-2)"	"unprognostic (1.12e-1)"	"unprognostic (1.88e-1)"	"unprognostic (1.40e-1)"	"unprognostic (2.10e-3)"	"unprognostic (2.08e-1)"	"unprognostic (6.75e-3)"	"unprognostic (1.44e-2)"	"unprognostic (3.01e-2)"	"unprognostic (9.31e-2)"	"potential prognostic unfavorable (3.17e-4)"	"unprognostic (2.89e-1)"	"unprognostic (1.42e-2)"	"unprognostic (2.68e-2)"	"unprognostic (1.34e-2)"	"potential prognostic unfavorable (5.71e-4)"	"unprognostic (2.06e-1)"	"unprognostic (9.35e-3)"	"unprognostic (4.61e-2)"	"unprognostic (1.01e-1)"	"unprognostic (3.84e-2)"	"unprognostic (2.47e-1)"	"unprognostic (4.34e-3)"	"unprognostic (5.52e-2)"	"unprognostic (4.65e-2)"
KY	FLJ33207	ENSG00000174611	"Kyphoscoliosis peptidase"	Q8NBH2	3	134599923-134651636	"Disease related genes, Human disease related genes, Plasma proteins, Predicted intracellular proteins"		"Hydrolase, Protease"	"Myofibrillar myopathy"	"Evidence at protein level"	"Evidence at transcript level"	"Evidence at protein level"	"Evidence at protein level"	"Group enriched"	"Detected in many"	4	"skeletal muscle: 15.7;skin 1: 9.3;tongue: 26.6"	"Cell type enhanced"	"Detected in some"		"Astrocytes: 14.2;Cardiomyocytes: 6.0;Excitatory neurons: 9.6;Horizontal cells: 7.6;Inhibitory neurons: 11.1;Late spermatids: 6.3;Muller glia cells: 6.4;Oligodendrocyte precursor cells: 23.1;Skeletal myocytes: 10.7"	"Cell type enhanced"	"Detected in many"		"committed oligodendrocyte precursor: 104.2"	"Cancer enhanced"	"Detected in single"		"Thyroid Carcinoma (TCGA): 1.5"	"Low region specificity"	"Detected in all"			"Group enriched"	"Detected in some"	4	"basophil: 5.7;neutrophil: 2.2"	"Lineage enriched"	"Detected in single"	58	"granulocytes: 5.7"	"Not detected"	"Not detected"			"Breast - Breast myoepithelial cells, Heart muscle - Cardiomyocytes"	"Low region specificity"	"Detected in many"			"Region enhanced"	"Detected in many"		"cerebellum: 12.4"	"HPA036492, HPA036668"	Uncertain		Approved	Nucleoplasm			NA	NA			"Cluster 41: Basophils - Unknown function"	"Cluster 14: Skeletal muscle - Muscle contraction"	"Cluster 52: Neurons & Synapses - Synaptic function"	"Cluster 64: Connective tissue cells - ECM organization"	"Cluster 76: Oligodendrocyte precursor - Unknown function"		Nucleoplasm		"HPA036492: AB_10672222, HPA036668: AB_2675239"			"unprognostic (2.59e-1)"					"unprognostic (1.98e-1)"																						"unprognostic (1.80e-1)"	
LRRC25	"FLJ38116, MAPA"	ENSG00000175489	"Leucine rich repeat containing 25"	Q8N386	19	18391137-18397622	"Predicted membrane proteins"				"Evidence at protein level"	"Evidence at transcript level"	"Evidence at protein level"	"Evidence at protein level"	"Group enriched"	"Detected in many"	4	"bone marrow: 32.5;lymphoid tissue: 59.7"	"Group enriched"	"Detected in some"	7	"Hofbauer cells: 68.1;Kupffer cells: 100.6;Macrophages: 81.5;monocytes: 208.6"	"Group enriched"	"Detected in some"	39	"central nervous system macrophage: 14.0;leukocyte: 15.7"	"Low cancer specificity"	"Detected in all"			"Low region specificity"	"Detected in all"			"Group enriched"	"Detected in many"	8	"classical monocyte: 320.9;eosinophil: 357.0;intermediate monocyte: 512.1;myeloid DC: 229.7;neutrophil: 574.9;non-classical monocyte: 710.4"	"Group enriched"	"Detected in all"	60	"dendritic cells: 229.7;granulocytes: 574.9;monocytes: 710.4"	"Cancer enhanced"	"Detected in some"		"Leukemia: 2.3;lymphoma: 2.0"	"Adipose subcutaneous - Macrophages, Adipose visceral - Macrophages, Adrenal gland - Macrophages, Breast - Macrophages, Colon - Macrophages, Heart muscle - Macrophages, Kidney - Macrophages, Liver - Kupffer cells, Minor Salivary Gland - Macrophages, Pancreas - Macrophages, Pituitary gland - Macrophages, Prostate - Macrophages, Skin - Macrophages, Spleen - Macrophages, Stomach - Macrophages, Thyroid gland - Macrophages"	"Low region specificity"	"Detected in many"			"Low region specificity"	"Detected in all"			HPA029459	Approved		Approved	"Endoplasmic reticulum,Microtubules,Cytosol"			NA	NA		5500000	"Cluster 37: Monocytes & Neutrophils - Innate immune response"	"Cluster 81: Lymphoid tissue & Bone marrow - Innate immune response"	"Cluster 6: Non-specific - Immune response"	"Cluster 46: Lymphoma - Humoral immune response"	"Cluster 29: Monocytes - Innate immune response"	90	"Endoplasmic reticulum, Microtubules, Cytosol"		"HPA029459: AB_10610005"	"unprognostic (5.24e-1)"	"unprognostic (7.11e-2)"	"unprognostic (8.32e-2)"	"unprognostic (2.51e-1)"	"unprognostic (1.10e-1)"	"unprognostic (3.00e-1)"	"unprognostic (3.89e-2)"	"unprognostic (2.41e-1)"	"unprognostic (1.23e-1)"	"unprognostic (5.76e-3)"	"unprognostic (2.59e-2)"	"unprognostic (1.36e-1)"	"unprognostic (4.14e-2)"	"unprognostic (1.53e-2)"	"unprognostic (6.51e-2)"	"unprognostic (1.91e-2)"	"unprognostic (2.68e-2)"	"unprognostic (5.58e-2)"	"unprognostic (1.70e-1)"	"unprognostic (5.44e-2)"	"unprognostic (2.62e-1)"	"unprognostic (1.37e-1)"	"unprognostic (1.64e-1)"	"unprognostic (1.24e-1)"	"unprognostic (3.63e-2)"	"potential prognostic favorable (4.27e-4)"	"unprognostic (2.06e-2)"	"unprognostic (1.09e-1)"	"unprognostic (3.34e-3)"	"unprognostic (1.33e-1)"	"unprognostic (1.93e-1)"
LTF	HLF2	ENSG00000012223	Lactotransferrin	P02788	3	46435645-46485234	"Cancer-related genes, Plasma proteins, Predicted intracellular proteins, Predicted secreted proteins"	"Immunity, Ion transport, Iron transport, Osteogenesis, Transcription, Transcription regulation, Transport"	"Antibiotic, Antimicrobial, DNA-binding, Heparin-binding, Hydrolase, Protease, Serine protease"	"Cancer-related genes"	"Evidence at protein level"	"Evidence at protein level"	"Evidence at protein level"	"Evidence at protein level"	"Group enriched"	"Detected in many"	4	"bone marrow: 4212.2;salivary gland: 1128.6"	"Group enriched"	"Detected in many"	5	"Breast glandular cells: 1470.5;Club cells: 393.9;Mucus glandular cells: 1389.1;Serous glandular cells: 1532.1"	"Group enriched"	"Detected in some"	9	"astrocyte: 5.9;endothelial cell: 6.4"	"Cancer enhanced"	"Detected in all"		"Breast Invasive Carcinoma (TCGA): 588.3"	"Low region specificity"	"Detected in all"			"Group enriched"	"Detected in some"	23	"neutrophil: 5.4;non-classical monocyte: 17.0"	"Group enriched"	"Detected in many"	23	"granulocytes: 5.4;monocytes: 17.0"	"Cancer enhanced"	"Detected in some"		"Myeloma: 2.9"	"Lung - Neutrophil_1, Minor Salivary Gland - Minor salivary glandular cells"	"Not detected"	"Not detected"			"Low region specificity"	"Detected in many"			"CAB008646, CAB016201, HPA057177, HPA059976"	Enhanced				"Secreted to blood"	Transport	NA	NA		560000000	"Cluster 37: Monocytes & Neutrophils - Innate immune response"	"Cluster 6: Bone marrow - Innate immune response"	"Cluster 46: Brainstem - Mixed function"	"Cluster 51: Myeloma - Immunoglobulins"	"Cluster 17: Breast glandular cells - Lactation"	19			"CAB008646: AB_1618695, CAB016201: AB_629860, HPA057177: AB_2683361, HPA059976: AB_2684185"	"unprognostic (9.72e-3)"	"unprognostic (1.75e-3)"	"unprognostic (1.81e-1)"	"unprognostic (6.80e-2)"	"unprognostic (1.61e-1)"	"unprognostic (2.57e-1)"	"unprognostic (4.09e-3)"	"unprognostic (5.31e-3)"	"unprognostic (2.63e-2)"	"unprognostic (3.63e-1)"	"potential prognostic favorable (2.41e-4)"	"unprognostic (2.05e-2)"	"unprognostic (4.41e-2)"	"unprognostic (1.04e-2)"	"potential prognostic favorable (6.96e-4)"	"unprognostic (2.10e-1)"	"unprognostic (8.79e-2)"	"unprognostic (2.90e-2)"	"unprognostic (3.64e-2)"	"unprognostic (1.38e-1)"	"unprognostic (2.44e-2)"	"unprognostic (3.72e-1)"	"unprognostic (5.09e-2)"	"unprognostic (1.29e-1)"	"unprognostic (1.24e-1)"	"unprognostic (4.97e-2)"	"unprognostic (3.18e-1)"	"unprognostic (1.08e-2)"	"unprognostic (3.12e-1)"	"unprognostic (2.62e-1)"	"unprognostic (3.14e-1)"
MMP25	"MMP20, MMPL1, MT6-MMP"	ENSG00000008516	"Matrix metallopeptidase 25"	Q9NPA2	16	3046062-3060726	"Enzymes, Predicted secreted proteins"		"Hydrolase, Metalloprotease, Protease"		"Evidence at protein level"	"Evidence at protein level"	"Evidence at protein level"	"Evidence at protein level"	"Group enriched"	"Detected in many"	4	"bone marrow: 32.8;lymphoid tissue: 79.9"	"Cell type enhanced"	"Detected in some"		"Kupffer cells: 3.8;Langerhans cells: 3.5;Macrophages: 4.1;Schwann cells: 4.3;Serous glandular cells: 4.3;T-cells: 4.2"	"Cell type enhanced"	"Detected in many"		"leukocyte: 15.3"	"Cancer enriched"	"Detected in many"	4	"Testicular Germ Cell Tumor (TCGA): 11.9"	"Low region specificity"	"Detected in many"			"Group enriched"	"Detected in some"	5	"basophil: 18.3;neutrophil: 20.3"	"Lineage enriched"	"Detected in single"	39	"granulocytes: 20.3"	"Cancer enhanced"	"Detected in some"		"Leukemia: 2.6"	"Adipose visceral - Neutrophils, Heart muscle - Neutrophils, Liver - Neutrophils, Lung - Neutrophil_2, Skeletal muscle - Neutrophils, Spleen - Neutrophils, Stomach - Neutrophils, Thyroid gland - Neutrophils"	"Not detected"	"Not detected"			"Low region specificity"	"Detected in many"			"CAB025177, HPA055640"	Uncertain		Supported	"Plasma membrane"	"Secreted to blood"	Enzyme	NA	NA		3200000	"Cluster 35: Neutrophils - Protein binding"	"Cluster 81: Lymphoid tissue & Bone marrow - Innate immune response"	"Cluster 47: Endothelial cells - Vasculature"	"Cluster 49: HMC-1 - Innate immune response"	"Cluster 74: Neutrophils - Degranulation"		"Plasma membrane"		"CAB025177: , HPA055640: "	"unprognostic (1.81e-1)"	"unprognostic (2.81e-2)"	"unprognostic (3.82e-2)"	"unprognostic (8.63e-2)"	"unprognostic (1.00e-1)"	"unprognostic (1.21e-1)"	"unprognostic (3.16e-1)"	"unprognostic (6.46e-2)"	"potential prognostic favorable (9.34e-5)"		"unprognostic (6.11e-3)"	"unprognostic (3.71e-1)"			"unprognostic (3.49e-2)"	"unprognostic (1.78e-1)"	"unprognostic (1.06e-1)"	"unprognostic (3.56e-2)"	"unprognostic (3.42e-1)"				"unprognostic (6.93e-2)"		"unprognostic (2.42e-2)"	"unprognostic (3.12e-1)"	"unprognostic (6.18e-2)"	"unprognostic (1.16e-1)"	"unprognostic (5.07e-2)"		
NLRP12	"CLR19.3, Monarch1, NALP12, PAN6, PYPAF7, RNO2"	ENSG00000142405	"NLR family pyrin domain containing 12"	P59046	19	53793741-53824403	"Disease related genes, Human disease related genes, Predicted intracellular proteins"				"Evidence at protein level"	"Evidence at transcript level"	"Evidence at protein level"	"Evidence at protein level"	"Group enriched"	"Detected in some"	4	"bone marrow: 6.0;lymphoid tissue: 4.2"	"Cell type enhanced"	"Detected in some"		"Hofbauer cells: 6.6;Kupffer cells: 8.5;Macrophages: 6.2;monocytes: 5.2;Oocytes: 7.4"	"Cell type enhanced"	"Detected in some"		"leukocyte: 7.8"	"Cancer enriched"	"Detected in single"	6	"Testicular Germ Cell Tumor (TCGA): 4.4"	"Not detected"	"Not detected"			"Group enriched"	"Detected in many"	4	"basophil: 57.0;classical monocyte: 18.2;eosinophil: 23.2;neutrophil: 29.9"	"Group enriched"	"Detected in many"	5	"granulocytes: 57.0;monocytes: 18.2"	"Cancer enhanced"	"Detected in single"		"Leukemia: 1.8"	"Adipose visceral - Neutrophils, Liver - Neutrophils, Lung - Neutrophil_2, Spleen - Neutrophils"	"Not detected"	"Not detected"			"Not detected"	"Not detected"			HPA042981	Approved						NA	NA			"Cluster 35: Neutrophils - Protein binding"	"Cluster 81: Lymphoid tissue & Bone marrow - Innate immune response"		"Cluster 14: Myeloid leukemia - Innate immune response"	"Cluster 29: Monocytes - Innate immune response"	3			"HPA042981: AB_10795712"			"unprognostic (3.23e-1)"																				"unprognostic (6.80e-2)"						"unprognostic (2.23e-1)"		
NR6A1	"CT150, GCNF, GCNF1, RTR"	ENSG00000148200	"Nuclear receptor subfamily 6 group A member 1"	Q15406	9	124517275-124771311	"Nuclear receptors, Predicted intracellular proteins, Transcription factors"	"Transcription, Transcription regulation"	"DNA-binding, Receptor"		"Evidence at protein level"	"Evidence at protein level"	"Evidence at protein level"	"Evidence at protein level"	"Tissue enriched"	"Detected in many"	4	"testis: 22.2"	"Cell type enhanced"	"Detected in many"		"Excitatory neurons: 101.9;Extravillous trophoblasts: 171.8;Inhibitory neurons: 109.8;Oligodendrocyte precursor cells: 105.7;Spermatocytes: 75.7;Spermatogonia: 111.6"	"Low cell type specificity"	"Detected in all"			"Cancer enriched"	"Detected in many"	17	"Testicular Germ Cell Tumor (TCGA): 44.3"	"Low region specificity"	"Detected in all"			"Group enriched"	"Detected in some"	4	"eosinophil: 1.2;neutrophil: 4.8"	"Lineage enriched"	"Detected in single"	7	"granulocytes: 4.8"	"Cancer enhanced"	"Detected in all"		"testis cancer: 20.0"	"Pituitary gland - Corticotropes, Testis - Spermatocytes, Testis - Spermatogonia"	"Low region specificity"	"Detected in many"			"Low region specificity"	"Detected in many"			"HPA031461, HPA045145"			Approved	Nucleoplasm,Centrosome,Cytosol			NA	NA			"Cluster 21: Neutrophils - Unknown function"	"Cluster 46: Testis - Spermatogenesis"	"Cluster 23: Choroid plexus - Mixed function"	"Cluster 34: Testis cancer - Unknown function"	"Cluster 4: Extravillous trophoblasts - Unknown function"		Nucleoplasm	"Centrosome, Cytosol"	"HPA031461: AB_2673894, HPA045145: AB_2679233"	"unprognostic (2.64e-1)"	"unprognostic (1.05e-1)"	"unprognostic (2.99e-1)"	"unprognostic (1.18e-1)"	"unprognostic (2.33e-1)"	"unprognostic (1.69e-2)"		"unprognostic (3.48e-2)"	"unprognostic (3.80e-2)"				"unprognostic (1.20e-1)"	"validated prognostic unfavorable (6.21e-5)"	"validated prognostic unfavorable (3.72e-5)"	"unprognostic (2.35e-2)"	"unprognostic (3.82e-2)"	"unprognostic (4.14e-2)"	"unprognostic (1.30e-2)"	"unprognostic (4.34e-2)"		"unprognostic (3.15e-2)"	"unprognostic (1.57e-2)"		"unprognostic (2.74e-1)"	"unprognostic (3.80e-1)"	"unprognostic (1.45e-1)"	"unprognostic (5.71e-2)"	"unprognostic (2.25e-1)"	"unprognostic (2.12e-2)"	"unprognostic (1.35e-3)"
SEZ6		ENSG00000063015	"Seizure related 6 homolog"	Q53EL9	17	28954901-29006440	"Predicted intracellular proteins, Predicted membrane proteins"				"Evidence at protein level"	"Evidence at protein level"	"Evidence at protein level"	"Evidence at protein level"	"Tissue enriched"	"Detected in some"	4	"brain: 114.7"	"Cell type enhanced"	"Detected in some"		"Bipolar cells: 60.7;Cone photoreceptor cells: 22.1;Excitatory neurons: 15.3;Horizontal cells: 69.2;Inhibitory neurons: 23.3;Rod photoreceptor cells: 20.7"	"Low cell type specificity"	"Detected in all"			"Cancer enriched"	"Detected in many"	11	"Glioblastoma Multiforme (TCGA): 53.8"	"Low region specificity"	"Detected in all"			"Group enriched"	"Detected in some"	5	"basophil: 1.1;neutrophil: 2.0"	"Lineage enriched"	"Detected in single"	6	"granulocytes: 2.0"	"Cancer enhanced"	"Detected in many"		"lung cancer: 13.1;Neuroblastoma: 14.3;thyroid cancer: 21.0"	"Colon - Colon enteroendocrine cells, Pancreas - Alpha cells, Pancreas - Beta cells, Pituitary gland - Thyrotropes"	"Low region specificity"	"Detected in all"			"Low region specificity"	"Detected in all"			HPA011777	Enhanced						NA	NA		350000		"Cluster 65: Cerebellum - Nervous system development"	"Cluster 33: Neurons - Mixed function"	"Cluster 16: Thyroid cancer - Neuronal signaling"	"Cluster 71: Horizontal & Bipolar cells - Neuronal signaling"	1			"HPA011777: AB_1856758"	"unprognostic (4.47e-2)"	"unprognostic (4.05e-2)"					"unprognostic (3.53e-2)"	"unprognostic (1.28e-2)"						"unprognostic (1.31e-1)"	"unprognostic (6.61e-2)"					"unprognostic (3.32e-1)"		"unprognostic (5.54e-3)"				"unprognostic (2.29e-2)"		"unprognostic (3.36e-2)"	"unprognostic (3.91e-1)"		
SLC31A2	"COPT2, CTR2, hCTR2"	ENSG00000136867	"Solute carrier family 31 member 2"	O15432	9	113150976-113164140	"Predicted membrane proteins, Transporters"	"Copper transport, Ion transport, Transport"			"Evidence at protein level"	"Evidence at protein level"	"Evidence at protein level"	"Evidence at protein level"	"Group enriched"	"Detected in many"	4	"parathyroid gland: 550.1;salivary gland: 397.6"	"Cell type enhanced"	"Detected in many"		"Kupffer cells: 131.9;monocytes: 364.0;Oligodendrocytes: 105.9;Serous glandular cells: 227.4"	"Cell type enriched"	"Detected in all"	4	"oligodendrocyte: 222.0"	"Low cancer specificity"	"Detected in all"			"Low region specificity"	"Detected in all"			"Group enriched"	"Detected in all"	12	"classical monocyte: 225.9;intermediate monocyte: 331.5;myeloid DC: 134.5;neutrophil: 357.2;non-classical monocyte: 424.7"	"Group enriched"	"Detected in all"	46	"dendritic cells: 134.5;granulocytes: 357.2;monocytes: 424.7"	"Cancer enhanced"	"Detected in many"		"head and neck cancer: 27.7"	"Adrenal gland - Adrenal cortex cells, Colon - Macrophages, Lung - Macrophages, Minor Salivary Gland - Minor salivary glandular cells, Spleen - Macrophages"	"Low region specificity"	"Detected in all"			"Low region specificity"	"Detected in all"			"HPA014861, CAB080265, CAB080267"	Supported		Approved	"Nuclear speckles,Plasma membrane,Intermediate filaments"			NA	NA			"Cluster 37: Monocytes & Neutrophils - Innate immune response"	"Cluster 24: Parathyroid gland - Vesicular transport"	"Cluster 30: White matter - Myelination"	"Cluster 53: Squamous epithelial cells - Keratinization"	"Cluster 75: Serous glandular cells - Salivary secretion"	10	"Plasma membrane"	"Nuclear speckles, Intermediate filaments"	"CAB080265: , CAB080267: , HPA014861: AB_1857098"	"unprognostic (7.38e-2)"	"unprognostic (9.57e-2)"	"unprognostic (2.67e-2)"	"unprognostic (1.48e-1)"	"unprognostic (2.58e-1)"	"unprognostic (9.71e-2)"	"unprognostic (4.58e-2)"	"unprognostic (1.82e-1)"	"potential prognostic unfavorable (9.72e-4)"	"unprognostic (1.94e-2)"	"potential prognostic favorable (9.70e-6)"	"unprognostic (1.95e-3)"	"potential prognostic favorable (6.71e-4)"	"unprognostic (3.25e-1)"	"unprognostic (2.15e-2)"	"unprognostic (1.32e-1)"	"unprognostic (2.21e-1)"	"unprognostic (1.06e-2)"	"unprognostic (3.90e-2)"	"unprognostic (2.23e-3)"	"unprognostic (2.77e-1)"	"unprognostic (1.02e-1)"	"unprognostic (1.80e-1)"	"unprognostic (1.40e-1)"	"unprognostic (2.19e-2)"	"unprognostic (2.97e-1)"	"unprognostic (7.15e-2)"	"unprognostic (1.15e-1)"	"unprognostic (6.31e-2)"	"unprognostic (5.21e-2)"	"unprognostic (1.76e-1)"
TKT		ENSG00000163931	Transketolase	P29401	3	53224712-53256052	"Disease related genes, Enzymes, Human disease related genes, Metabolic proteins, Plasma proteins, Potential drug targets, Predicted intracellular proteins"		Transferase	"Disease variant, Dwarfism"	"Evidence at protein level"	"Evidence at protein level"	"Evidence at protein level"	"Evidence at protein level"	"Tissue enriched"	"Detected in all"	4	"bone marrow: 659.6"	"Cell type enhanced"	"Detected in all"		"Alveolar cells type 1: 873.7;Alveolar cells type 2: 667.1;monocytes: 804.2"	"Low cell type specificity"	"Detected in all"			"Low cancer specificity"	"Detected in all"			"Low region specificity"	"Detected in all"			"Group enriched"	"Detected in all"	6	"classical monocyte: 447.4;eosinophil: 274.7;intermediate monocyte: 198.7;myeloid DC: 204.0;neutrophil: 376.1;non-classical monocyte: 243.2"	"Group enriched"	"Detected in all"	9	"dendritic cells: 204.0;granulocytes: 376.1;monocytes: 447.4"	"Low cancer specificity"	"Detected in all"			"Adipose subcutaneous - Adipocytes (Subcutaneous), Adipose visceral - Adipocytes (Visceral), Breast - Adipocytes (Breast), Skin - Sebaceous gland cells"	"Low region specificity"	"Detected in all"			"Low region specificity"	"Detected in all"			"HPA029480, HPA029481"	Enhanced		Enhanced	Nucleoplasm			NA	NA		160000000	"Cluster 38: Monocytes & Neutrophils - Degranulation"	"Cluster 77: Bone marrow - Cell proliferation"	"Cluster 19: Astrocytes - Mixed function"	"Cluster 7: Liver cancer - Metabolism"	"Cluster 29: Monocytes - Innate immune response"	22	Nucleoplasm		"HPA029480: AB_10599307, HPA029481: AB_10601895"	"potential prognostic unfavorable (8.65e-4)"	"unprognostic (1.02e-2)"	"unprognostic (1.49e-1)"	"unprognostic (1.07e-2)"	"unprognostic (1.28e-3)"	"unprognostic (8.66e-2)"	"unprognostic (1.34e-1)"	"unprognostic (1.08e-1)"	"unprognostic (1.00e-2)"	"unprognostic (5.83e-2)"	"unprognostic (1.37e-2)"	"unprognostic (5.15e-3)"	"unprognostic (1.97e-3)"	"validated prognostic unfavorable (8.71e-6)"	"validated prognostic unfavorable (1.38e-5)"	"unprognostic (1.93e-1)"	"unprognostic (3.64e-2)"	"unprognostic (1.68e-1)"	"unprognostic (3.02e-1)"	"unprognostic (1.11e-1)"	"unprognostic (4.44e-2)"	"potential prognostic unfavorable (4.35e-4)"	"unprognostic (9.83e-2)"	"unprognostic (3.12e-2)"	"unprognostic (1.16e-2)"	"unprognostic (3.09e-2)"	"unprognostic (2.46e-1)"	"unprognostic (2.29e-1)"	"unprognostic (5.31e-2)"	"unprognostic (1.21e-1)"	"unprognostic (1.91e-1)"
VDR	"NR1I1, PPP1R163"	ENSG00000111424	"Vitamin D receptor"	P11473	12	47841537-47943048	"Disease related genes, FDA approved drug targets, Human disease related genes, Nuclear receptors, Predicted intracellular proteins, Transcription factors, Transporters"	"Transcription, Transcription regulation"	"DNA-binding, Receptor"	"Disease variant, FDA approved drug targets"	"Evidence at protein level"	"Evidence at protein level"	"Evidence at protein level"	"Evidence at protein level"	"Tissue enriched"	"Detected in many"	4	"parathyroid gland: 228.2"	"Cell type enhanced"	"Detected in many"		"Distal enterocytes: 125.5;monocytes: 89.1;Proximal enterocytes: 81.2;Schwann cells: 88.9;Undifferentiated cells: 56.2"	"Cell type enriched"	"Detected in some"	8	"leukocyte: 11.3"	"Low cancer specificity"	"Detected in all"			"Low region specificity"	"Detected in many"			"Group enriched"	"Detected in many"	7	"classical monocyte: 3.5;eosinophil: 1.9;intermediate monocyte: 6.5;myeloid DC: 5.1;neutrophil: 6.6;non-classical monocyte: 6.7"	"Group enriched"	"Detected in many"	8	"dendritic cells: 5.1;granulocytes: 6.6;monocytes: 6.7"	"Low cancer specificity"	"Detected in many"			"Adrenal gland - Adrenal cortex cells, Pituitary gland - Lactotropes, Prostate - Urothelial cells"	"Region enhanced"	"Detected in single"		"olfactory bulb: 2.1"	"Region enhanced"	"Detected in some"		"spinal cord: 5.8"	"CAB004617, HPA047740, HPA072102"			Supported	"Nucleoplasm,Intermediate filaments,Cytosol"			NA	NA			"Cluster 40: Monocytes - Innate immune response"	"Cluster 24: Parathyroid gland - Vesicular transport"	"Cluster 12: Non-specific - Vasculature"	"Cluster 57: Stomach & Colon cancer - Digestion"	"Cluster 28: Dendritic cells - Antigen presentation"	61	Nucleoplasm	"Intermediate filaments, Cytosol"	"CAB004617: AB_628040, HPA047740: AB_2680142, HPA072102: "	"potential prognostic favorable (6.06e-4)"	"unprognostic (3.22e-2)"	"unprognostic (1.47e-1)"	"unprognostic (2.04e-2)"	"unprognostic (3.81e-1)"	"unprognostic (1.67e-2)"	"potential prognostic unfavorable (4.25e-4)"	"unprognostic (1.57e-2)"	"unprognostic (8.25e-2)"	"unprognostic (2.76e-1)"	"unprognostic (1.54e-2)"	"unprognostic (9.02e-2)"	"unprognostic (1.68e-2)"	"unprognostic (4.41e-2)"	"unprognostic (6.06e-2)"	"unprognostic (3.23e-1)"	"potential prognostic unfavorable (2.06e-4)"	"unprognostic (8.72e-3)"	"unprognostic (1.36e-2)"	"unprognostic (7.09e-2)"	"unprognostic (1.40e-3)"	"unprognostic (9.50e-3)"	"unprognostic (9.44e-2)"	"unprognostic (3.30e-2)"	"unprognostic (7.66e-2)"	"unprognostic (1.01e-1)"	"unprognostic (2.49e-1)"	"unprognostic (1.88e-1)"	"unprognostic (5.12e-2)"	"unprognostic (1.33e-1)"	"unprognostic (3.41e-1)"
ABCA1	"ABC1, HDLDT1, TGD"	ENSG00000165029	"ATP binding cassette subfamily A member 1"	O95477	9	104781006-104928155	"Disease related genes, Enzymes, FDA approved drug targets, Human disease related genes, Metabolic proteins, Plasma proteins, Predicted intracellular proteins, Predicted membrane proteins, Transporters"	"Cholesterol metabolism, Lipid metabolism, Steroid metabolism, Sterol metabolism, Transport"	Translocase	"Atherosclerosis, Disease variant, FDA approved drug targets"	"Evidence at protein level"	"Evidence at protein level"	"Evidence at protein level"	"Evidence at protein level"	"Low tissue specificity"	"Detected in all"			"Cell type enhanced"	"Detected in many"		"granulocytes: 147.1;Hepatocytes: 135.0;Kupffer cells: 149.2;Langerhans cells: 126.1;Macrophages: 114.3"	"Cell type enhanced"	"Detected in all"		"astrocyte: 485.5;fibroblast: 338.6"	"Low cancer specificity"	"Detected in all"			"Low region specificity"	"Detected in all"			"Group enriched"	"Detected in many"	5	"eosinophil: 13.1;neutrophil: 10.7"	"Lineage enriched"	"Detected in many"	8	"granulocytes: 13.1"	"Low cancer specificity"	"Detected in many"			"Adrenal gland - Adrenal cortex cells, Minor Salivary Gland - Macrophages"	"Low region specificity"	"Detected in all"			"Low region specificity"	"Detected in all"			"CAB069889, HPA075201"	Approved		Supported	"Golgi apparatus,Plasma membrane"			NA	NA			"Cluster 22: Eosinophils - Transcription"	"Cluster 11: Liver - Plasma proteins"	"Cluster 39: Astrocytes - Mixed function"	"Cluster 15: Kidney cancer - Membrane components"	"Cluster 58: Macrophages - Innate immune response"	16	"Plasma membrane"	"Golgi apparatus"	"CAB069889: AB_10002789, HPA075201: "	"unprognostic (1.04e-2)"	"unprognostic (2.61e-2)"	"unprognostic (9.75e-2)"	"unprognostic (2.19e-1)"	"unprognostic (2.28e-1)"	"unprognostic (8.23e-2)"	"unprognostic (7.72e-2)"	"unprognostic (8.66e-2)"	"unprognostic (2.61e-1)"	"unprognostic (1.87e-2)"	"potential prognostic favorable (4.66e-4)"	"unprognostic (6.71e-3)"	"unprognostic (9.94e-3)"	"unprognostic (7.19e-2)"	"unprognostic (1.03e-1)"	"unprognostic (2.68e-1)"	"unprognostic (8.55e-3)"	"unprognostic (1.50e-1)"	"unprognostic (1.65e-1)"	"unprognostic (4.09e-3)"	"potential prognostic unfavorable (1.19e-4)"	"unprognostic (3.06e-1)"	"unprognostic (5.37e-2)"	"unprognostic (1.45e-1)"	"unprognostic (1.99e-1)"	"unprognostic (1.36e-2)"	"unprognostic (2.73e-1)"	"potential prognostic unfavorable (7.46e-4)"	"unprognostic (5.47e-2)"	"unprognostic (2.50e-1)"	"unprognostic (1.14e-1)"
ABCG1	ABC8	ENSG00000160179	"ATP binding cassette subfamily G member 1"	P45844	21	42199689-42297244	"Metabolic proteins, Predicted intracellular proteins, Predicted membrane proteins, Transporters"	"Lipid transport, Transport"	Translocase		"Evidence at protein level"	"Evidence at protein level"	"Evidence at protein level"	"Evidence at protein level"	"Low tissue specificity"	"Detected in all"			"Cell type enhanced"	"Detected in many"		"Rod photoreceptor cells: 118.8;Syncytiotrophoblasts: 76.7"	"Low cell type specificity"	"Detected in all"			"Low cancer specificity"	"Detected in all"			"Low region specificity"	"Detected in all"			"Group enriched"	"Detected in many"	5	"eosinophil: 35.7;neutrophil: 36.8"	"Lineage enriched"	"Detected in all"	5	"granulocytes: 36.8"	"Low cancer specificity"	"Detected in many"			"Kidney - Endothelial cells, Liver - Vascular Endothelial cells"	"Low region specificity"	"Detected in all"			"Low region specificity"	"Detected in all"			"HPA031470, HPA031471"	Approved		Approved	"Golgi apparatus,Vesicles"			NA	NA			"Cluster 21: Neutrophils - Unknown function"	"Cluster 24: Parathyroid gland - Vesicular transport"	"Cluster 13: Oligodendrocytes - Mixed function"	"Cluster 59: Leukemia - T-cell receptor"	"Cluster 58: Macrophages - Innate immune response"	2	"Golgi apparatus, Vesicles"		"HPA031470: AB_10599188, HPA031471: AB_10600201"	"unprognostic (5.88e-2)"	"unprognostic (2.82e-2)"	"unprognostic (2.57e-1)"	"unprognostic (1.11e-2)"	"unprognostic (2.77e-1)"	"unprognostic (5.22e-2)"	"unprognostic (7.28e-2)"	"unprognostic (8.56e-2)"	"unprognostic (3.81e-1)"	"unprognostic (1.62e-1)"	"validated prognostic favorable (8.64e-9)"	"validated prognostic favorable (9.01e-7)"	"unprognostic (6.39e-3)"	"unprognostic (2.75e-2)"	"unprognostic (9.36e-2)"	"unprognostic (1.28e-1)"	"unprognostic (4.21e-2)"	"unprognostic (2.08e-1)"	"unprognostic (4.41e-2)"	"unprognostic (2.27e-3)"	"potential prognostic unfavorable (6.54e-4)"	"unprognostic (1.93e-3)"	"unprognostic (2.99e-1)"	"unprognostic (1.01e-2)"	"unprognostic (2.76e-1)"	"unprognostic (1.17e-1)"	"unprognostic (6.32e-2)"	"unprognostic (1.08e-2)"	"unprognostic (2.41e-2)"	"unprognostic (1.08e-1)"	"unprognostic (1.31e-2)"
ACOX1	PALMCOX	ENSG00000161533	"Acyl-CoA oxidase 1"	Q15067	17	75941507-75979177	"Disease related genes, Enzymes, Human disease related genes, Metabolic proteins, Potential drug targets, Predicted intracellular proteins"	"Fatty acid metabolism, Lipid metabolism"	Oxidoreductase	"Deafness, Disease variant, Neuropathy"	"Evidence at protein level"	"Evidence at transcript level"	"Evidence at protein level"	"Evidence at protein level"	"Tissue enhanced"	"Detected in all"		"liver: 117.5"	"Cell type enhanced"	"Detected in all"		"Distal enterocytes: 156.1;Hepatocytes: 249.6;Proximal enterocytes: 212.9"	"Low cell type specificity"	"Detected in all"			"Low cancer specificity"	"Detected in all"			"Low region specificity"	"Detected in all"			"Group enriched"	"Detected in all"	5	"basophil: 61.8;neutrophil: 84.5"	"Lineage enriched"	"Detected in all"	6	"granulocytes: 84.5"	"Low cancer specificity"	"Detected in all"			"Adipose subcutaneous - Adipocytes (Subcutaneous), Adipose visceral - Adipocytes (Visceral), Adrenal gland - Adrenal cortex cells, Breast - Adipocytes (Breast), Liver - Hepatocytes, Minor Salivary Gland - Minor salivary gland basal cells, Spleen - Neutrophils"	"Low region specificity"	"Detected in all"			"Low region specificity"	"Detected in all"			"CAB021094, HPA021192, HPA021195, HPA028759"	Approved		Approved	Nucleoli,Peroxisomes			NA	NA		130000	"Cluster 35: Neutrophils - Protein binding"	"Cluster 83: Liver - Metabolism"	"Cluster 19: Astrocytes - Mixed function"	"Cluster 27: Breast cancer - Unknown function"	"Cluster 5: Enterocytes - Absorption"	3	Peroxisomes	Nucleoli	"CAB021094: AB_10261667, HPA021192: AB_1844527, HPA021195: AB_1844528, HPA028759: AB_10601352"	"unprognostic (2.48e-3)"	"unprognostic (4.80e-2)"	"unprognostic (2.03e-1)"	"unprognostic (6.86e-2)"	"unprognostic (6.60e-3)"	"unprognostic (1.86e-1)"	"unprognostic (1.81e-1)"	"unprognostic (2.27e-2)"	"unprognostic (1.32e-1)"	"unprognostic (1.11e-1)"	"potential prognostic favorable (7.42e-10)"	"unprognostic (1.49e-3)"	"potential prognostic favorable (9.04e-5)"	"unprognostic (2.49e-2)"	"unprognostic (2.25e-2)"	"unprognostic (2.19e-2)"	"unprognostic (1.12e-1)"	"unprognostic (1.84e-1)"	"unprognostic (2.23e-1)"	"unprognostic (2.64e-2)"	"unprognostic (6.77e-2)"	"unprognostic (4.28e-1)"	"unprognostic (9.81e-2)"	"unprognostic (1.01e-1)"	"unprognostic (3.43e-3)"	"unprognostic (3.09e-1)"	"unprognostic (2.63e-1)"	"unprognostic (6.14e-2)"	"unprognostic (6.67e-2)"	"unprognostic (1.32e-1)"	"unprognostic (2.47e-1)"
ACSS3	FLJ21963	ENSG00000111058	"Acyl-CoA synthetase short chain family member 3"	Q9H6R3	12	80936414-81261210	"Enzymes, Metabolic proteins, Predicted membrane proteins"	"Lipid metabolism"	Ligase		"Evidence at protein level"	"Evidence at protein level"	"Evidence at protein level"	"Evidence at protein level"	"Tissue enhanced"	"Detected in many"		"liver: 38.8"	"Cell type enhanced"	"Detected in many"		"Astrocytes: 159.2;Bipolar cells: 60.1;Early spermatids: 69.1;Hepatocytes: 50.4"	"Group enriched"	"Detected in many"	6	"astrocyte: 268.8;bergmann glia: 226.0;choroid plexus epithelial cell: 143.4;ependymal cell: 259.9;fibroblast: 278.4;pericyte: 312.5;vascular associated smooth muscle cell: 99.4"	"Cancer enhanced"	"Detected in many"		"Kidney Chromophobe (TCGA): 51.2"	"Low region specificity"	"Detected in all"			"Group enriched"	"Detected in some"	15	"basophil: 7.1;neutrophil: 2.2"	"Lineage enriched"	"Detected in single"	71	"granulocytes: 7.1"	"Cancer enhanced"	"Detected in many"		"liver cancer: 10.6"	"Adipose subcutaneous - Adipocytes (Subcutaneous), Adipose visceral - Adipocytes (Visceral), Adrenal gland - Adrenal cortex cells, Breast - Adipocytes (Breast), Prostate - Fibroblasts, Thyroid gland - Thyroid glandular cells"	"Low region specificity"	"Detected in many"			"Low region specificity"	"Detected in all"			"HPA039353, HPA047956, HPA061517"	Approved		Supported	Mitochondria			NA	NA			"Cluster 46: Basophils - Proteolysis"	"Cluster 1: Liver & Kidney - Metabolism"	"Cluster 39: Astrocytes - Mixed function"	"Cluster 18: Liver cancer - Metabolism"	"Cluster 47: Astrocytes - Unknown function"	2	Mitochondria		"HPA039353: AB_2676460, HPA047956: AB_2680223, HPA061517: AB_2684549"	"unprognostic (1.09e-1)"	"unprognostic (6.54e-2)"	"unprognostic (2.82e-2)"			"unprognostic (6.83e-3)"	"unprognostic (2.81e-2)"	"potential prognostic unfavorable (4.61e-6)"		"unprognostic (3.00e-3)"	"validated prognostic favorable (3.37e-10)"	"validated prognostic favorable (2.87e-6)"	"unprognostic (1.70e-3)"	"unprognostic (2.05e-1)"	"unprognostic (2.23e-1)"	"unprognostic (1.81e-3)"	"unprognostic (1.15e-1)"	"unprognostic (4.10e-3)"	"unprognostic (2.50e-3)"	"unprognostic (1.02e-2)"	"unprognostic (1.80e-2)"	"unprognostic (3.39e-2)"	"unprognostic (7.22e-2)"	"unprognostic (6.80e-2)"	"unprognostic (2.12e-1)"	"unprognostic (1.23e-1)"	"unprognostic (1.55e-1)"	"unprognostic (1.17e-3)"	"unprognostic (1.65e-1)"	"unprognostic (1.36e-1)"	"unprognostic (3.48e-2)"
ADAM19	MLTNB	ENSG00000135074	"ADAM metallopeptidase domain 19"	Q9H013	5	157395534-157575775	"Plasma proteins, Predicted membrane proteins"		"Hydrolase, Metalloprotease, Protease"		"Evidence at protein level"	"Evidence at transcript level"	"Evidence at protein level"	"Evidence at protein level"	"Low tissue specificity"	"Detected in many"			"Cell type enhanced"	"Detected in many"		"B-cells: 45.2;Cone photoreceptor cells: 51.0;dendritic cells: 63.5;Extravillous trophoblasts: 95.8;Langerhans cells: 52.2;Plasma cells: 56.4;Rod photoreceptor cells: 49.6"	"Low cell type specificity"	"Detected in all"			"Low cancer specificity"	"Detected in all"			"Low region specificity"	"Detected in all"			"Group enriched"	"Detected in many"	5	"basophil: 128.7;eosinophil: 140.1;memory B-cell: 51.0;naive B-cell: 53.7;neutrophil: 70.8;plasmacytoid DC: 66.9"	"Group enriched"	"Detected in many"	5	"B-cells: 53.7;dendritic cells: 66.9;granulocytes: 140.1"	"Low cancer specificity"	"Detected in many"			"Prostate - Smooth muscle cells"					"Low region specificity"	"Detected in all"			HPA055537			Approved	Vesicles			NA	NA		4900	"Cluster 41: Basophils - Unknown function"	"Cluster 36: Lymphoid tissue - Cytokine signaling"	"Cluster 37: Neurons - Mixed function"	"Cluster 71: Lymphoma - Inflammatory response"	"Cluster 77: Plasma cells - Protein processing"	6	Vesicles		"HPA055537: AB_2797253"	"unprognostic (1.09e-1)"	"unprognostic (3.83e-1)"	"unprognostic (2.08e-1)"	"unprognostic (5.09e-2)"	"unprognostic (9.69e-2)"	"unprognostic (9.72e-3)"	"unprognostic (7.92e-3)"	"unprognostic (2.41e-2)"	"unprognostic (3.40e-1)"	"unprognostic (4.17e-2)"	"unprognostic (1.47e-3)"	"unprognostic (1.30e-1)"	"potential prognostic unfavorable (7.10e-5)"	"unprognostic (7.44e-3)"	"unprognostic (1.20e-1)"	"unprognostic (2.77e-2)"	"unprognostic (1.12e-3)"	"unprognostic (8.81e-3)"	"unprognostic (3.86e-3)"	"unprognostic (3.75e-2)"	"unprognostic (1.18e-1)"	"unprognostic (1.17e-1)"	"unprognostic (6.66e-3)"	"unprognostic (2.59e-1)"	"unprognostic (1.29e-1)"	"unprognostic (1.01e-1)"	"unprognostic (1.20e-1)"	"unprognostic (5.70e-2)"	"unprognostic (1.25e-1)"	"unprognostic (9.31e-2)"	"unprognostic (1.41e-1)"
ADAM8	"CD156, CD156A, MS2"	ENSG00000151651	"ADAM metallopeptidase domain 8"	P78325	10	133262420-133276868	"CD markers, Plasma proteins, Predicted intracellular proteins, Predicted membrane proteins"		"Hydrolase, Metalloprotease, Protease"		"Evidence at protein level"	"Evidence at transcript level"	"Evidence at protein level"	"Evidence at protein level"	"Tissue enhanced"	"Detected in many"		"bone marrow: 67.8;lymphoid tissue: 47.3"	"Cell type enhanced"	"Detected in many"		"Extravillous trophoblasts: 105.8;Langerhans cells: 163.3;NK-cells: 68.3;T-cells: 36.5"	"Cell type enriched"	"Detected in many"	7	"leukocyte: 57.8"	"Low cancer specificity"	"Detected in all"			"Region enhanced"	"Detected in all"		"cerebral cortex: 44.4"	"Group enriched"	"Detected in many"	5	"basophil: 107.8;eosinophil: 259.4;neutrophil: 139.8"	"Lineage enriched"	"Detected in all"	7	"granulocytes: 259.4"	"Cancer enhanced"	"Detected in many"		"pancreatic cancer: 53.8"	"Adipose visceral - Neutrophils, Breast - T-cells, Heart muscle - Neutrophils, Spleen - Neutrophils, Thyroid gland - T-cells"	"Not detected"	"Not detected"			"Not detected"	"Not detected"			HPA064637	Approved				"Intracellular and membrane"	Enzyme	NA	NA		4000	"Cluster 21: Neutrophils - Unknown function"	"Cluster 81: Lymphoid tissue & Bone marrow - Innate immune response"	"Cluster 12: Non-specific - Vasculature"	"Cluster 53: Squamous epithelial cells - Keratinization"	"Cluster 14: Langerhans cells - Innate immune response"	4			"HPA064637: AB_2685306"	"unprognostic (2.31e-1)"	"unprognostic (1.16e-1)"	"unprognostic (1.49e-3)"	"unprognostic (4.25e-3)"	"unprognostic (1.94e-2)"	"unprognostic (2.45e-1)"	"unprognostic (8.06e-3)"	"unprognostic (1.08e-1)"	"unprognostic (6.14e-2)"	"unprognostic (5.25e-2)"	"potential prognostic unfavorable (3.37e-8)"	"unprognostic (3.28e-2)"	"unprognostic (7.71e-2)"	"unprognostic (4.30e-2)"	"unprognostic (4.33e-2)"	"unprognostic (1.21e-2)"	"unprognostic (1.90e-2)"	"unprognostic (2.20e-2)"	"unprognostic (1.53e-1)"	"unprognostic (3.85e-3)"	"unprognostic (1.65e-1)"	"unprognostic (3.84e-2)"	"unprognostic (2.91e-3)"	"unprognostic (1.70e-1)"	"unprognostic (2.36e-3)"	"unprognostic (1.32e-1)"	"unprognostic (1.39e-2)"	"unprognostic (2.86e-1)"	"unprognostic (3.96e-2)"	"unprognostic (1.80e-1)"	"unprognostic (3.25e-2)"
ADGRE2	"CD312, EMR2"	ENSG00000127507	"Adhesion G protein-coupled receptor E2"	Q9UHX3	19	14732392-14778560	"CD markers, Disease related genes, G-protein coupled receptors, Human disease related genes, Potential drug targets, Predicted membrane proteins"	"Cell adhesion, Inflammatory response"	"G-protein coupled receptor, Receptor, Transducer"	"Disease variant"	"Evidence at protein level"	"Evidence at transcript level"	"Evidence at protein level"	"Evidence at protein level"	"Tissue enhanced"	"Detected in many"		"lymphoid tissue: 18.8"	"Cell type enhanced"	"Detected in many"		"granulocytes: 72.9;Kupffer cells: 72.1;Macrophages: 72.3;monocytes: 238.9"	"Cell type enhanced"	"Detected in some"		"leukocyte: 43.5;oligodendrocyte: 21.8;pericyte: 23.3"	"Low cancer specificity"	"Detected in many"			"Low region specificity"	"Detected in all"			"Group enriched"	"Detected in many"	5	"basophil: 70.2;eosinophil: 74.8;intermediate monocyte: 46.9;neutrophil: 55.8;non-classical monocyte: 90.2"	"Group enriched"	"Detected in many"	9	"granulocytes: 74.8;monocytes: 90.2"	"Cancer enhanced"	"Detected in many"		"Leukemia: 7.7"	"Lung - Neutrophil_2"					"Low region specificity"	"Detected in many"			HPA055200			Uncertain	Vesicles,Cytosol			NA	NA			"Cluster 37: Monocytes & Neutrophils - Innate immune response"	"Cluster 70: Lymphoid tissue - Immune response"	"Cluster 6: Non-specific - Immune response"	"Cluster 71: Lymphoma - Inflammatory response"	"Cluster 29: Monocytes - Innate immune response"	18	Vesicles	Cytosol	"HPA055200: "	"unprognostic (2.68e-1)"	"unprognostic (7.32e-2)"		"potential prognostic unfavorable (6.87e-4)"	"unprognostic (1.26e-1)"	"unprognostic (1.66e-1)"	"unprognostic (4.26e-2)"	"unprognostic (4.01e-1)"	"unprognostic (1.66e-1)"	"unprognostic (1.06e-1)"	"unprognostic (1.31e-1)"	"unprognostic (3.19e-1)"	"unprognostic (6.61e-2)"			"unprognostic (7.02e-3)"	"unprognostic (1.14e-3)"	"unprognostic (5.34e-2)"	"unprognostic (1.26e-2)"	"unprognostic (1.77e-1)"		"unprognostic (2.34e-1)"	"unprognostic (3.50e-3)"	"unprognostic (7.29e-2)"	"unprognostic (2.15e-1)"	"unprognostic (7.23e-3)"	"unprognostic (6.68e-2)"	"unprognostic (5.94e-2)"	"unprognostic (6.74e-3)"	"unprognostic (1.91e-1)"	"unprognostic (3.25e-1)"
ADGRE3	EMR3	ENSG00000131355	"Adhesion G protein-coupled receptor E3"	Q9BY15	19	14619117-14690027	"G-protein coupled receptors, Predicted membrane proteins, Predicted secreted proteins"		"G-protein coupled receptor, Receptor, Transducer"		"Evidence at protein level"	"Evidence at transcript level"	"Evidence at transcript level"	"Evidence at protein level"	"Tissue enhanced"	"Detected in some"		"bone marrow: 3.1;lymphoid tissue: 5.9"	"Cell type enhanced"	"Detected in some"		"Macrophages: 7.7;Microglial cells: 3.6;monocytes: 21.0;Mucus glandular cells: 3.8"	"Cell type enhanced"	"Detected in some"		"leukocyte: 8.0"	"Not detected"	"Not detected"			"Region enhanced"	"Detected in single"		"cerebral cortex: 1.1"	"Group enriched"	"Detected in many"	7	"basophil: 282.8;eosinophil: 510.3;neutrophil: 491.6"	"Lineage enriched"	"Detected in many"	8	"granulocytes: 510.3"	"Cancer enriched"	"Detected in single"	7	"Leukemia: 1.0"	"Adipose visceral - Neutrophils, Minor Salivary Gland - Minor salivary glandular cells, Stomach - Neutrophils"					"Not detected"	"Not detected"			HPA015638	Uncertain				"Secreted to blood"	Receptor	NA	NA			"Cluster 21: Neutrophils - Unknown function"	"Cluster 70: Lymphoid tissue - Immune response"	"Cluster 12: Non-specific - Vasculature"	"Cluster 49: HMC-1 - Innate immune response"	"Cluster 58: Macrophages - Innate immune response"				"HPA015638: AB_1848039"						"unprognostic (5.26e-2)"											"unprognostic (4.13e-1)"		"unprognostic (2.49e-1)"				"unprognostic (2.34e-1)"			"unprognostic (1.77e-1)"					
AFF2	"FMR2, FRAXE"	ENSG00000155966	"ALF transcription elongation factor 2"	P51816	X	148500617-149000663	"Disease related genes, Human disease related genes, Plasma proteins, Predicted intracellular proteins"	"mRNA processing, mRNA splicing"	RNA-binding	"Intellectual disability"	"Evidence at protein level"	"Evidence at transcript level"	"Evidence at protein level"	"Evidence at protein level"	"Tissue enhanced"	"Detected in many"		"bone marrow: 11.9;epididymis: 11.6;placenta: 14.2"	"Cell type enhanced"	"Detected in some"		"Excitatory neurons: 28.6;Inhibitory neurons: 134.6;Oligodendrocyte precursor cells: 35.8;Rod photoreceptor cells: 18.6"	"Cell type enhanced"	"Detected in all"		"hippocampal CA4: 499.4"	"Low cancer specificity"	"Detected in some"			"Low region specificity"	"Detected in all"			"Group enriched"	"Detected in some"	7	"eosinophil: 1.0;neutrophil: 1.5"	"Lineage enriched"	"Detected in single"	12	"granulocytes: 1.5"	"Group enriched"	"Detected in some"	4	"Leukemia: 7.8;lymphoma: 16.5"		"Low region specificity"	"Detected in all"			"Low region specificity"	"Detected in all"			HPA003139	Approved						NA	NA			"Cluster 35: Neutrophils - Protein binding"	"Cluster 40: Non-specific - Transcription"	"Cluster 29: Forebrain - Mixed function"	"Cluster 46: Lymphoma - Humoral immune response"	"Cluster 65: Neurons - Synaptic function"				"HPA003139: AB_1078107"						"unprognostic (1.18e-3)"		"potential prognostic favorable (5.08e-5)"				"unprognostic (4.73e-3)"	"unprognostic (5.29e-2)"				"unprognostic (2.33e-2)"	"unprognostic (9.46e-2)"	"unprognostic (3.06e-2)"	"unprognostic (5.96e-3)"	"unprognostic (7.67e-2)"		"unprognostic (3.18e-2)"			"unprognostic (3.19e-1)"			"unprognostic (1.30e-2)"	"unprognostic (1.01e-1)"	"unprognostic (4.68e-2)"
AIF1	"AIF-1, Em:AF129756.17, IBA1, IRT-1"	ENSG00000204472	"Allograft inflammatory factor 1"	P55008	6	31615217-31617021	"Predicted intracellular proteins"		Actin-binding		"Evidence at protein level"	"Evidence at protein level"	"Evidence at protein level"	"Evidence at protein level"	"Tissue enhanced"	"Detected in all"		"bone marrow: 231.8;lymphoid tissue: 338.3"	"Group enriched"	"Detected in many"	7	"Hofbauer cells: 2428.1;Kupffer cells: 2004.2;Langerhans cells: 1668.3;Macrophages: 1445.6;monocytes: 3377.3"	"Group enriched"	"Detected in some"	17	"central nervous system macrophage: 129.5;leukocyte: 35.0"	"Low cancer specificity"	"Detected in all"			"Low region specificity"	"Detected in all"			"Group enriched"	"Detected in all"	26	"classical monocyte: 3836.5;intermediate monocyte: 6563.8;myeloid DC: 2046.7;neutrophil: 2962.5;non-classical monocyte: 7784.5"	"Group enriched"	"Detected in all"	74	"dendritic cells: 2046.7;granulocytes: 2962.5;monocytes: 7784.5"	"Cancer enriched"	"Detected in some"	28	"Leukemia: 86.0"	"Adipose subcutaneous - Macrophages, Adipose visceral - Macrophages, Adrenal gland - Macrophages, Breast - Macrophages, Colon - Macrophages, Heart muscle - Macrophages, Kidney - Podocytes, Liver - Kupffer cells, Minor Salivary Gland - Macrophages, Pancreas - Macrophages, Pituitary gland - Macrophages, Prostate - Macrophages, Skeletal muscle - Macrophages, Spleen - Macrophages, Stomach - Macrophages, Testis - Macrophages, Thyroid gland - Macrophages"	"Low region specificity"	"Detected in all"			"Low region specificity"	"Detected in all"			"HPA049234, HPA062949"	Enhanced		Uncertain	Cytosol			NA	NA		18000	"Cluster 37: Monocytes & Neutrophils - Innate immune response"	"Cluster 81: Lymphoid tissue & Bone marrow - Innate immune response"	"Cluster 20: Macrophages & Microglia - Immune response"	"Cluster 14: Myeloid leukemia - Innate immune response"	"Cluster 29: Monocytes - Innate immune response"	3	Cytosol		"HPA049234: AB_2680685, HPA062949: AB_2732694"	"unprognostic (1.02e-1)"	"unprognostic (1.84e-2)"	"unprognostic (1.15e-1)"	"potential prognostic favorable (6.65e-4)"	"unprognostic (5.90e-2)"	"unprognostic (2.65e-1)"	"unprognostic (2.30e-1)"	"unprognostic (9.85e-2)"	"unprognostic (1.87e-1)"	"unprognostic (2.41e-1)"	"unprognostic (2.08e-2)"	"unprognostic (4.61e-1)"	"unprognostic (1.39e-1)"	"unprognostic (5.58e-2)"	"unprognostic (2.86e-1)"	"unprognostic (1.10e-2)"	"unprognostic (3.72e-3)"	"unprognostic (1.03e-2)"	"unprognostic (1.07e-1)"	"unprognostic (1.88e-1)"	"unprognostic (2.73e-1)"	"unprognostic (2.20e-1)"	"unprognostic (1.03e-1)"	"unprognostic (7.93e-2)"	"unprognostic (8.45e-2)"	"unprognostic (1.43e-2)"	"unprognostic (3.97e-2)"	"unprognostic (8.51e-2)"	"potential prognostic unfavorable (4.53e-4)"	"unprognostic (8.34e-2)"	"unprognostic (6.83e-2)"
AMPD2	SPG63	ENSG00000116337	"Adenosine monophosphate deaminase 2"	Q01433	1	109616104-109632051	"Disease related genes, Enzymes, Human disease related genes, Metabolic proteins, Potential drug targets, Predicted intracellular proteins"	"Nucleotide metabolism"	Hydrolase	"Disease variant, Hereditary spastic paraplegia, Neurodegeneration"	"Evidence at protein level"	"Evidence at protein level"	"Evidence at protein level"	"Evidence at protein level"	"Tissue enhanced"	"Detected in all"		"choroid plexus: 51.4"	"Cell type enhanced"	"Detected in all"		"monocytes: 176.5"	"Low cell type specificity"	"Detected in all"			"Low cancer specificity"	"Detected in all"			"Low region specificity"	"Detected in all"			"Group enriched"	"Detected in many"	4	"classical monocyte: 19.4;eosinophil: 19.3;intermediate monocyte: 40.7;myeloid DC: 18.9;neutrophil: 61.2;non-classical monocyte: 44.8"	"Group enriched"	"Detected in all"	5	"dendritic cells: 18.9;granulocytes: 61.2;monocytes: 44.8"	"Low cancer specificity"	"Detected in all"				"Low region specificity"	"Detected in all"			"Low region specificity"	"Detected in all"			"HPA027137, HPA045760"	Approved		Approved	Cytosol			NA	NA		120000	"Cluster 37: Monocytes & Neutrophils - Innate immune response"	"Cluster 60: Choroid plexus - Transmembrane transport"	"Cluster 32: Cerebral cortex - Mixed function"	"Cluster 37: Non-specific - mRNA processing"	"Cluster 29: Monocytes - Innate immune response"	7	Cytosol		"HPA027137: AB_2672129, HPA045760: AB_2679443"	"unprognostic (2.88e-2)"	"unprognostic (1.59e-2)"	"unprognostic (4.52e-2)"	"unprognostic (2.03e-1)"	"unprognostic (4.83e-3)"	"unprognostic (1.16e-2)"	"unprognostic (1.21e-1)"	"unprognostic (2.65e-3)"	"unprognostic (3.98e-3)"	"unprognostic (3.83e-2)"	"unprognostic (8.77e-2)"	"unprognostic (3.36e-2)"	"unprognostic (1.97e-1)"	"unprognostic (7.72e-3)"	"unprognostic (2.61e-1)"	"unprognostic (4.96e-2)"	"unprognostic (1.50e-2)"	"unprognostic (1.97e-1)"	"unprognostic (6.10e-2)"	"unprognostic (6.38e-2)"	"unprognostic (1.13e-1)"	"unprognostic (1.19e-1)"	"unprognostic (9.13e-2)"	"unprognostic (1.24e-1)"	"unprognostic (3.81e-1)"	"unprognostic (5.90e-2)"	"unprognostic (3.91e-1)"	"unprognostic (8.00e-2)"	"unprognostic (1.04e-1)"	"unprognostic (1.17e-2)"	"unprognostic (1.70e-1)"
ARAP3	"CENTD3, DRAG1, FLJ21065"	ENSG00000120318	"ArfGAP with RhoGAP domain, ankyrin repeat and PH domain 3"	Q8WWN8	5	141653401-141682230	"Predicted intracellular proteins"		"GTPase activation"		"Evidence at protein level"	"Evidence at protein level"	"Evidence at protein level"	"Evidence at protein level"	"Low tissue specificity"	"Detected in all"			"Cell type enhanced"	"Detected in many"		"Adipocytes: 31.1;Endothelial cells: 29.7;Horizontal cells: 15.7;Lymphatic endothelial cells: 26.4;Microglial cells: 14.3"	"Group enriched"	"Detected in many"	6	"cerebellar inhibitory: 33.6;endothelial cell: 96.5"	"Low cancer specificity"	"Detected in all"			"Low region specificity"	"Detected in all"			"Group enriched"	"Detected in some"	5	"eosinophil: 3.3;neutrophil: 2.1"	"Lineage enriched"	"Detected in single"	7	"granulocytes: 3.3"	"Low cancer specificity"	"Detected in many"			"Adipose subcutaneous - Endothelial cells, Adipose visceral - Endothelial cells, Adrenal gland - Endothelial cells, Breast - Endothelial cells, Kidney - Endothelial cells, Liver - Vascular Endothelial cells, Minor Salivary Gland - Endothelial cells, Pancreas - Endothelial cells, Skin - Endothelial cells, Thyroid gland - Endothelial cells"	"Low region specificity"	"Detected in all"			"Low region specificity"	"Detected in all"			HPA042887	Uncertain						NA	NA			"Cluster 19: Eosinophils - Unknown function"	"Cluster 7: Adipose tissue - Mixed function"	"Cluster 32: Cerebral cortex - Mixed function"	"Cluster 48: Adipocytes & Endothelial cells - Angiogenesis"	"Cluster 54: Lymphatic endothelial cells - Lymph vessel development"	31			"HPA042887: AB_10796681"	"unprognostic (3.60e-3)"	"unprognostic (2.68e-2)"	"unprognostic (3.56e-2)"	"potential prognostic unfavorable (6.14e-4)"	"unprognostic (6.48e-2)"	"unprognostic (8.19e-2)"	"unprognostic (1.93e-1)"	"unprognostic (3.79e-3)"	"unprognostic (8.66e-2)"	"unprognostic (7.80e-2)"	"validated prognostic favorable (1.59e-5)"	"validated prognostic favorable (9.59e-4)"	"unprognostic (2.24e-2)"	"unprognostic (3.04e-1)"	"potential prognostic favorable (4.72e-4)"	"unprognostic (1.51e-1)"	"unprognostic (2.36e-1)"	"unprognostic (7.41e-3)"	"unprognostic (1.73e-1)"	"unprognostic (4.97e-2)"	"unprognostic (6.14e-2)"	"unprognostic (1.43e-1)"	"unprognostic (2.01e-3)"	"unprognostic (3.71e-1)"	"unprognostic (3.65e-1)"	"unprognostic (1.35e-1)"	"unprognostic (7.24e-2)"	"unprognostic (2.96e-2)"	"unprognostic (8.32e-2)"	"unprognostic (1.49e-2)"	"unprognostic (2.29e-1)"
ARHGAP26	"GRAF, KIAA0621, OPHN1L, OPHN1L1"	ENSG00000145819	"Rho GTPase activating protein 26"	Q9UNA1	5	142770377-143229011	"Cancer-related genes, Disease related genes, Human disease related genes, Predicted intracellular proteins, Predicted membrane proteins"		"GTPase activation"	"Cancer-related genes, Disease variant, Proto-oncogene"	"Evidence at protein level"	"Evidence at protein level"	"Evidence at protein level"	"Evidence at protein level"	"Low tissue specificity"	"Detected in all"			"Cell type enhanced"	"Detected in many"		"Astrocytes: 225.1;Excitatory neurons: 591.4;Inhibitory neurons: 250.7;Late spermatids: 210.9;Microglial cells: 311.3"	"Low cell type specificity"	"Detected in all"			"Low cancer specificity"	"Detected in all"			"Low region specificity"	"Detected in all"			"Group enriched"	"Detected in many"	4	"neutrophil: 24.8;NK-cell: 9.9"	"Group enriched"	"Detected in many"	4	"granulocytes: 24.8;NK-cells: 9.9"	"Low cancer specificity"	"Detected in many"			"Kidney - Endothelial cells, Spleen - Neutrophils, Testis - Sertoli cells"	"Low region specificity"	"Detected in all"			"Low region specificity"	"Detected in all"			"HPA035106, HPA035107"	Enhanced		Approved	Cytosol			NA	NA			"Cluster 35: Neutrophils - Protein binding"	"Cluster 81: Lymphoid tissue & Bone marrow - Innate immune response"	"Cluster 34: Non-specific - Mixed function"	"Cluster 53: Squamous epithelial cells - Keratinization"	"Cluster 34: Neurons - Neuronal signaling"	11	Cytosol		"HPA035106: AB_2674465, HPA035107: AB_10669855"	"unprognostic (8.23e-2)"	"unprognostic (2.99e-2)"	"unprognostic (1.06e-2)"	"unprognostic (9.74e-3)"	"unprognostic (1.22e-1)"	"unprognostic (2.01e-1)"	"unprognostic (1.35e-1)"	"unprognostic (1.15e-2)"	"unprognostic (1.84e-2)"	"potential prognostic unfavorable (4.14e-4)"	"validated prognostic favorable (4.39e-5)"	"validated prognostic favorable (4.38e-5)"	"unprognostic (1.76e-1)"	"unprognostic (3.32e-3)"	"unprognostic (1.57e-2)"	"unprognostic (6.86e-3)"	"unprognostic (5.09e-2)"	"unprognostic (2.13e-1)"	"unprognostic (8.41e-2)"	"unprognostic (5.50e-2)"	"unprognostic (2.72e-2)"	"unprognostic (4.09e-3)"	"unprognostic (2.77e-1)"	"unprognostic (5.23e-2)"	"unprognostic (4.42e-2)"	"unprognostic (2.07e-2)"	"unprognostic (1.11e-1)"	"unprognostic (2.49e-1)"	"unprognostic (1.83e-1)"	"unprognostic (1.14e-2)"	"unprognostic (4.85e-2)"
ARHGEF37	FLJ41603	ENSG00000183111	"Rho guanine nucleotide exchange factor 37"	A1IGU5	5	149551947-149634968	"Predicted intracellular proteins"		"Guanine-nucleotide releasing factor"		"Evidence at protein level"	"Evidence at transcript level"	"Evidence at transcript level"	"Evidence at protein level"	"Low tissue specificity"	"Detected in all"			"Cell type enhanced"	"Detected in many"		"Basal prostatic cells: 83.5;Oligodendrocytes: 58.0;Prostatic glandular cells: 45.8"	"Cell type enhanced"	"Detected in all"		"oligodendrocyte: 133.3"	"Low cancer specificity"	"Detected in all"			"Low region specificity"	"Detected in all"			"Group enriched"	"Detected in some"	8	"basophil: 9.3;neutrophil: 3.1"	"Lineage enriched"	"Detected in single"	12	"granulocytes: 9.3"	"Cancer enhanced"	"Detected in many"		"Gallbladder cancer: 22.3"	"Breast - Breast glandular cells"	"Region enhanced"	"Detected in many"		"cerebellum: 10.4"	"Low region specificity"	"Detected in all"			"HPA043885, HPA053487"	Uncertain		Approved	Cytosol			NA	NA			"Cluster 21: Neutrophils - Unknown function"	"Cluster 9: Oligodendrocytes - Myelination"	"Cluster 30: White matter - Myelination"	"Cluster 53: Squamous epithelial cells - Keratinization"	"Cluster 3: Basal prostatic cells - Lipid metabolism"	1	Cytosol		"HPA043885: AB_2678715, HPA053487: AB_2682167"	"unprognostic (1.78e-1)"	"unprognostic (3.69e-2)"	"unprognostic (9.37e-2)"	"unprognostic (3.73e-2)"	"unprognostic (2.71e-1)"	"unprognostic (2.30e-1)"	"unprognostic (4.61e-2)"	"unprognostic (9.11e-3)"	"unprognostic (1.75e-2)"	"unprognostic (7.05e-2)"	"validated prognostic favorable (6.23e-7)"	"validated prognostic favorable (6.28e-6)"	"potential prognostic favorable (9.05e-5)"	"unprognostic (1.04e-3)"	"unprognostic (3.85e-1)"	"unprognostic (1.28e-1)"	"unprognostic (3.90e-2)"	"unprognostic (2.10e-1)"	"unprognostic (2.44e-1)"	"unprognostic (3.85e-2)"	"unprognostic (4.05e-2)"	"unprognostic (4.92e-2)"	"unprognostic (3.56e-2)"	"unprognostic (4.58e-2)"	"unprognostic (6.19e-2)"	"unprognostic (4.11e-1)"	"unprognostic (2.56e-1)"	"unprognostic (7.04e-2)"	"unprognostic (1.06e-1)"	"unprognostic (4.54e-3)"	"unprognostic (2.29e-1)"
ARRDC4	FLJ36045	ENSG00000140450	"Arrestin domain containing 4"	Q8NCT1	15	97960703-97973833	"Predicted intracellular proteins"				"Evidence at protein level"	"Evidence at protein level"	"Evidence at protein level"	"Evidence at protein level"	"Tissue enhanced"	"Detected in all"		"brain: 74.4"	"Cell type enhanced"	"Detected in many"		"Distal enterocytes: 56.7"	"Low cell type specificity"	"Detected in all"			"Low cancer specificity"	"Detected in all"			"Low region specificity"	"Detected in all"			"Group enriched"	"Detected in many"	5	"basophil: 1.1;classical monocyte: 2.5;eosinophil: 1.5;intermediate monocyte: 1.7;myeloid DC: 1.1;neutrophil: 1.4"	"Group enriched"	"Detected in many"	8	"dendritic cells: 1.1;granulocytes: 1.5;monocytes: 2.5"	"Low cancer specificity"	"Detected in many"				"Low region specificity"	"Detected in all"			"Low region specificity"	"Detected in all"			"HPA039934, HPA042109"	Approved		Supported	"Vesicles,Plasma membrane"			NA	NA			"Cluster 29: Non-specific - Unknown function"	"Cluster 9: Oligodendrocytes - Myelination"	"Cluster 22: Non-specific - Mixed function"	"Cluster 53: Squamous epithelial cells - Keratinization"	"Cluster 58: Macrophages - Innate immune response"	4	"Plasma membrane"	Vesicles	"HPA039934: , HPA042109: AB_10795606"	"unprognostic (3.64e-2)"	"unprognostic (7.71e-2)"	"unprognostic (2.82e-3)"	"unprognostic (2.14e-3)"	"unprognostic (2.81e-2)"	"unprognostic (7.53e-2)"	"unprognostic (1.98e-3)"	"potential prognostic unfavorable (5.16e-4)"	"unprognostic (9.77e-2)"	"unprognostic (9.36e-2)"	"unprognostic (5.45e-3)"	"unprognostic (4.10e-1)"	"unprognostic (7.71e-2)"	"unprognostic (1.11e-2)"	"potential prognostic favorable (5.98e-8)"	"unprognostic (3.07e-1)"	"unprognostic (1.45e-1)"	"unprognostic (1.48e-1)"	"unprognostic (1.40e-1)"	"unprognostic (1.44e-1)"	"unprognostic (1.14e-1)"	"unprognostic (2.38e-2)"	"unprognostic (2.67e-2)"	"unprognostic (7.26e-3)"	"unprognostic (1.55e-1)"	"unprognostic (7.93e-2)"	"unprognostic (8.56e-2)"	"unprognostic (4.83e-2)"	"unprognostic (8.51e-2)"	"unprognostic (1.83e-2)"	"unprognostic (4.53e-2)"
B3GNT8	"B3GALT7, beta3Gn-T8, BGALT15"	ENSG00000177191	"UDP-GlcNAc:betaGal beta-1,3-N-acetylglucosaminyltransferase 8"	Q7Z7M8	19	41425359-41428730	"Metabolic proteins, Predicted intracellular proteins"		"Glycosyltransferase, Transferase"		"Evidence at protein level"	"Evidence at protein level"	"Evidence at protein level"	"Evidence at protein level"	"Tissue enhanced"	"Detected in many"		"esophagus: 43.3;intestine: 19.2;vagina: 18.9"	"Cell type enhanced"	"Detected in many"		"Alveolar cells type 2: 51.8;Distal enterocytes: 59.2;Intestinal goblet cells: 29.1;Paneth cells: 44.8;Proximal enterocytes: 63.8"	"Cell type enhanced"	"Detected in some"		"fibroblast: 2.5;leukocyte: 1.2;pericyte: 1.2"	"Low cancer specificity"	"Detected in many"			"Low region specificity"	"Detected in all"			"Group enriched"	"Detected in many"	4	"basophil: 117.8;eosinophil: 146.9;neutrophil: 198.3"	"Lineage enriched"	"Detected in many"	6	"granulocytes: 198.3"	"Cancer enhanced"	"Detected in many"		"colorectal cancer: 5.3;Leukemia: 5.2"	"Spleen - Neutrophils"	"Not detected"	"Not detected"			"Low region specificity"	"Detected in all"			HPA043669	Enhanced				"Intracellular and membrane"	Enzyme	NA	NA		34000000	"Cluster 21: Neutrophils - Unknown function"	"Cluster 75: Epithelium - Extracellular exosomes"	"Cluster 6: Non-specific - Immune response"	"Cluster 57: Stomach & Colon cancer - Digestion"	"Cluster 5: Enterocytes - Absorption"	1			"HPA043669: AB_2678608"	"unprognostic (8.89e-3)"	"unprognostic (1.37e-1)"	"unprognostic (2.08e-1)"	"unprognostic (3.43e-1)"	"unprognostic (1.90e-2)"	"unprognostic (8.47e-2)"			"unprognostic (2.55e-2)"	"unprognostic (3.97e-3)"	"potential prognostic unfavorable (1.92e-4)"	"unprognostic (5.59e-2)"	"unprognostic (3.70e-2)"		"unprognostic (2.32e-1)"	"unprognostic (3.26e-3)"	"unprognostic (1.82e-1)"	"unprognostic (6.06e-2)"	"unprognostic (2.94e-1)"	"unprognostic (1.99e-3)"	"unprognostic (7.19e-3)"	"potential prognostic favorable (5.37e-6)"	"unprognostic (2.55e-3)"	"unprognostic (5.13e-3)"	"unprognostic (3.51e-2)"	"unprognostic (3.79e-3)"	"unprognostic (1.33e-1)"	"unprognostic (1.76e-1)"	"unprognostic (6.18e-2)"	"unprognostic (8.42e-2)"	"unprognostic (1.09e-1)"
BATF2	MGC20410	ENSG00000168062	"Basic leucine zipper ATF-like transcription factor 2"	Q8N1L9	11	64987945-64997018	"Predicted intracellular proteins, Transcription factors"	"Differentiation, Transcription, Transcription regulation"	"Activator, DNA-binding"		"Evidence at protein level"	"Evidence at transcript level"	"Evidence at protein level"	"Evidence at protein level"	"Low tissue specificity"	"Detected in many"			"Cell type enhanced"	"Detected in many"		"Distal enterocytes: 18.9;Enteroendocrine cells: 13.2;Intestinal goblet cells: 8.6;Paneth cells: 10.1;Proximal enterocytes: 7.8"	"Cell type enhanced"	"Detected in some"		"endothelial cell: 5.1;fibroblast: 4.9;pericyte: 6.4"	"Low cancer specificity"	"Detected in all"			"Low region specificity"	"Detected in all"			"Group enriched"	"Detected in many"	4	"classical monocyte: 2.1;intermediate monocyte: 5.3;neutrophil: 7.4;non-classical monocyte: 2.8"	"Group enriched"	"Detected in many"	6	"granulocytes: 7.4;monocytes: 5.3"	"Cancer enriched"	"Detected in many"	5	"Myeloma: 29.4"		"Not detected"	"Not detected"			"Low region specificity"	"Detected in some"			HPA062496	Approved		Approved	Nucleoli			NA	NA			"Cluster 37: Monocytes & Neutrophils - Innate immune response"	"Cluster 47: Spleen - Immune response"	"Cluster 43: Hindbrain - Mixed function"	"Cluster 51: Myeloma - Immunoglobulins"	"Cluster 5: Enterocytes - Absorption"	12	Nucleoli		"HPA062496: AB_2684783"	"unprognostic (6.54e-2)"	"unprognostic (1.54e-1)"	"unprognostic (8.48e-3)"	"unprognostic (1.34e-1)"	"unprognostic (3.31e-1)"	"unprognostic (9.61e-3)"	"unprognostic (6.58e-2)"	"unprognostic (3.91e-1)"	"unprognostic (2.78e-2)"	"unprognostic (1.13e-1)"	"unprognostic (3.67e-2)"	"unprognostic (9.22e-2)"	"unprognostic (1.72e-1)"	"unprognostic (1.97e-2)"	"unprognostic (9.24e-2)"	"unprognostic (3.37e-3)"	"unprognostic (1.23e-2)"	"unprognostic (1.06e-1)"	"unprognostic (1.42e-1)"	"unprognostic (1.17e-3)"	"unprognostic (1.75e-2)"	"potential prognostic unfavorable (3.71e-4)"	"unprognostic (1.94e-1)"	"unprognostic (2.87e-1)"	"unprognostic (1.26e-1)"	"unprognostic (5.83e-3)"	"unprognostic (4.01e-1)"	"unprognostic (4.97e-3)"	"unprognostic (3.27e-2)"	"unprognostic (4.87e-2)"	"unprognostic (1.15e-1)"
BAZ2B	WALp4	ENSG00000123636	"Bromodomain adjacent to zinc finger domain 2B"	Q9UIF8	2	159318979-159616569	"Predicted intracellular proteins"	"Transcription, Transcription regulation"	DNA-binding		"Evidence at protein level"	"Evidence at transcript level"	"Evidence at protein level"	"Evidence at protein level"	"Low tissue specificity"	"Detected in all"			"Cell type enhanced"	"Detected in all"		"Astrocytes: 452.7;Oligodendrocytes: 562.5;Rod photoreceptor cells: 319.9"	"Low cell type specificity"	"Detected in all"			"Low cancer specificity"	"Detected in all"			"Low region specificity"	"Detected in all"			"Group enriched"	"Detected in all"	5	"basophil: 101.9;neutrophil: 197.0"	"Lineage enriched"	"Detected in all"	8	"granulocytes: 197.0"	"Low cancer specificity"	"Detected in all"			"Testis - Early spermatids"	"Low region specificity"	"Detected in all"			"Low region specificity"	"Detected in all"			"HPA019819, HPA059292"	Uncertain		Approved	Nucleoplasm,Cytosol			NA	NA			"Cluster 35: Neutrophils - Protein binding"	"Cluster 40: Non-specific - Transcription"	"Cluster 13: Oligodendrocytes - Mixed function"	"Cluster 14: Myeloid leukemia - Innate immune response"	"Cluster 66: Photoreceptor cells - Visual perception"	12	Nucleoplasm	Cytosol	"HPA019819: AB_1845282, HPA059292: AB_2683968"	"unprognostic (3.04e-2)"	"unprognostic (8.53e-2)"	"unprognostic (4.77e-2)"	"unprognostic (2.40e-1)"	"unprognostic (2.59e-1)"	"unprognostic (1.99e-1)"	"unprognostic (1.17e-1)"	"unprognostic (5.50e-2)"	"unprognostic (4.95e-2)"	"unprognostic (2.49e-1)"	"potential prognostic favorable (1.93e-4)"	"unprognostic (1.80e-2)"	"unprognostic (8.36e-2)"	"unprognostic (2.40e-1)"	"unprognostic (9.60e-3)"	"unprognostic (3.33e-2)"	"unprognostic (2.99e-1)"	"unprognostic (7.01e-2)"	"unprognostic (1.35e-1)"	"unprognostic (1.78e-2)"	"unprognostic (9.60e-2)"	"unprognostic (1.00e-1)"	"unprognostic (9.08e-3)"	"unprognostic (6.30e-1)"	"unprognostic (5.73e-2)"	"unprognostic (1.37e-1)"	"unprognostic (1.05e-1)"	"unprognostic (2.15e-1)"	"unprognostic (2.35e-1)"	"unprognostic (7.93e-2)"	"unprognostic (3.96e-1)"
BBC3	"JFY1, PUMA"	ENSG00000105327	"BCL2 binding component 3"	"Q96PG8, Q9BXH1"	19	47220822-47232766	"Plasma proteins, Predicted intracellular proteins"	Apoptosis			"Evidence at protein level"	"Evidence at protein level"	"Evidence at protein level"	"Evidence at protein level"	"Low tissue specificity"	"Detected in many"			"Cell type enhanced"	"Detected in many"		"Basal squamous epithelial cells: 100.6;Secretory cells: 157.9;Suprabasal keratinocytes: 100.4"	"Low cell type specificity"	"Detected in many"			"Low cancer specificity"	"Detected in all"			"Low region specificity"	"Detected in all"			"Group enriched"	"Detected in some"	6	"basophil: 4.6;neutrophil: 3.4"	"Lineage enriched"	"Detected in single"	7	"granulocytes: 4.6"	"Low cancer specificity"	"Detected in all"			"Minor Salivary Gland - Minor salivary glandular cells"	"Low region specificity"	"Detected in many"			"Low region specificity"	"Detected in all"			"CAB007752, HPA070403"	Approved		Approved	Cytosol			NA	NA			"Cluster 35: Neutrophils - Protein binding"	"Cluster 66: Non-specific - Transcription"	"Cluster 15: Non-specific - Transcription"	"Cluster 25: Non-specific - Ribosome"	"Cluster 37: Glandular & Luminal cells - Unknown function"	23	Cytosol		"CAB007752: AB_562336, HPA070403: "	"potential prognostic favorable (2.95e-4)"	"unprognostic (3.59e-2)"	"unprognostic (2.31e-2)"	"unprognostic (3.85e-2)"	"unprognostic (1.28e-1)"	"unprognostic (5.75e-2)"	"unprognostic (2.07e-2)"	"unprognostic (1.76e-2)"	"unprognostic (1.88e-2)"	"unprognostic (3.18e-2)"	"unprognostic (1.87e-1)"	"unprognostic (7.78e-2)"	"unprognostic (2.22e-3)"	"unprognostic (6.53e-2)"	"unprognostic (1.10e-1)"	"unprognostic (1.13e-1)"	"unprognostic (3.74e-1)"	"unprognostic (8.92e-2)"	"unprognostic (4.07e-1)"	"unprognostic (2.85e-2)"	"unprognostic (6.84e-3)"	"unprognostic (4.22e-2)"	"unprognostic (3.28e-2)"	"unprognostic (2.22e-1)"	"unprognostic (1.65e-1)"	"unprognostic (1.09e-2)"	"unprognostic (3.20e-1)"	"unprognostic (1.40e-3)"	"unprognostic (1.73e-1)"	"unprognostic (3.27e-1)"	"unprognostic (4.06e-2)"
BCL3	"BCL4, D19S37"	ENSG00000069399	"BCL3 transcription coactivator"	P20749	19	44747705-44760044	"Cancer-related genes, Disease related genes, Plasma proteins, Predicted intracellular proteins, Transcription factors"	"Transcription, Transcription regulation"	Activator	"Cancer-related genes, Proto-oncogene"	"Evidence at protein level"	"Evidence at protein level"	"Evidence at protein level"	"Evidence at protein level"	"Tissue enhanced"	"Detected in all"		"liver: 157.8"	"Cell type enhanced"	"Detected in many"		"Basal squamous epithelial cells: 158.7"	"Cell type enhanced"	"Detected in many"		"endothelial cell: 13.5;leukocyte: 9.4"	"Low cancer specificity"	"Detected in all"			"Low region specificity"	"Detected in all"			"Group enriched"	"Detected in many"	4	"eosinophil: 5.5;neutrophil: 19.8"	"Lineage enriched"	"Detected in all"	6	"granulocytes: 19.8"	"Low cancer specificity"	"Detected in all"				"Not detected"	"Not detected"			"Low region specificity"	"Detected in all"			"CAB002051, HPA047514"	Approved		Supported	"Nucleoplasm,Vesicles,Midbody,Basal body,Cytosol"			Yes	No			"Cluster 21: Neutrophils - Unknown function"	"Cluster 83: Liver - Metabolism"	"Cluster 12: Non-specific - Vasculature"	"Cluster 15: Kidney cancer - Membrane components"	"Cluster 41: Adipocytes & Endothelial cells - Mixed function"	25	Nucleoplasm	"Vesicles, Midbody, Basal body, Cytosol"	"CAB002051: AB_563428, HPA047514: AB_2680074"	"unprognostic (1.01e-1)"	"unprognostic (2.29e-3)"	"unprognostic (1.66e-2)"	"unprognostic (2.81e-1)"	"unprognostic (4.12e-3)"	"unprognostic (1.85e-1)"	"unprognostic (1.10e-3)"	"potential prognostic unfavorable (2.47e-4)"	"unprognostic (2.42e-2)"	"unprognostic (3.71e-2)"	"potential prognostic unfavorable (2.13e-6)"	"unprognostic (2.65e-2)"	"unprognostic (5.10e-2)"	"unprognostic (1.67e-3)"	"unprognostic (2.57e-2)"	"unprognostic (6.02e-2)"	"unprognostic (4.67e-3)"	"unprognostic (7.25e-2)"	"unprognostic (1.57e-1)"	"unprognostic (1.34e-2)"	"unprognostic (6.66e-2)"	"unprognostic (9.51e-2)"	"unprognostic (5.90e-2)"	"unprognostic (3.97e-1)"	"unprognostic (7.91e-2)"	"unprognostic (6.02e-2)"	"unprognostic (1.14e-1)"	"unprognostic (9.89e-2)"	"unprognostic (4.15e-2)"	"unprognostic (5.28e-3)"	"unprognostic (6.86e-2)"
BCL6	"BCL5, BCL6A, LAZ3, ZBTB27, ZNF51"	ENSG00000113916	"BCL6 transcription repressor"	P41182	3	187721377-187745725	"Cancer-related genes, Disease related genes, Human disease related genes, Predicted intracellular proteins, Transcription factors"	"Immunity, Inflammatory response, Transcription, Transcription regulation"	"Activator, DNA-binding, Repressor"	"Cancer-related genes, Proto-oncogene"	"Evidence at protein level"	"Evidence at protein level"	"Evidence at protein level"	"Evidence at protein level"	"Tissue enhanced"	"Detected in all"		"skeletal muscle: 468.9"	"Cell type enhanced"	"Detected in many"		"Basal squamous epithelial cells: 145.2;monocytes: 126.6;Skeletal myocytes: 209.8"	"Cell type enhanced"	"Detected in many"		"astrocyte: 355.9"	"Low cancer specificity"	"Detected in all"			"Low region specificity"	"Detected in all"			"Group enriched"	"Detected in all"	5	"neutrophil: 270.1;non-classical monocyte: 77.1"	"Group enriched"	"Detected in all"	7	"granulocytes: 270.1;monocytes: 77.1"	"Cancer enriched"	"Detected in all"	4	"lymphoma: 119.0"	"Colon - Neutrophils, Minor Salivary Gland - Minor salivary glandular cells, Spleen - Neutrophils, Testis - Endothelial cells"	"Low region specificity"	"Detected in all"			"Low region specificity"	"Detected in all"			"CAB000307, HPA004899, HPA050645"	Enhanced		Supported	"Nucleoplasm,Golgi apparatus"			NA	NA			"Cluster 28: Neutrophils - Unknown function"	"Cluster 19: Non-specific - Basic cellular processes"	"Cluster 25: Non-specific - Transcription"	"Cluster 46: Lymphoma - Humoral immune response"	"Cluster 74: Neutrophils - Degranulation"	81	Nucleoplasm	"Golgi apparatus"	"CAB000307: AB_2063451, HPA004899: AB_1078273, HPA050645: AB_2681199"	"unprognostic (1.80e-2)"	"unprognostic (4.09e-3)"	"unprognostic (2.47e-3)"	"unprognostic (2.19e-1)"	"unprognostic (1.31e-1)"	"unprognostic (8.33e-2)"	"unprognostic (3.49e-1)"	"unprognostic (2.07e-2)"	"unprognostic (3.50e-2)"	"unprognostic (4.60e-3)"	"unprognostic (1.01e-1)"	"unprognostic (7.52e-2)"	"unprognostic (2.72e-1)"	"unprognostic (6.98e-2)"	"unprognostic (1.38e-1)"	"unprognostic (1.98e-1)"	"unprognostic (2.20e-2)"	"unprognostic (5.56e-2)"	"unprognostic (5.12e-3)"	"unprognostic (1.37e-2)"	"unprognostic (3.27e-1)"	"unprognostic (3.23e-3)"	"unprognostic (3.87e-2)"	"unprognostic (3.12e-1)"	"unprognostic (1.48e-2)"	"unprognostic (6.97e-2)"	"unprognostic (1.26e-1)"	"unprognostic (6.72e-2)"	"unprognostic (7.44e-2)"	"unprognostic (4.11e-2)"	"unprognostic (3.03e-2)"
BRCA1	"BRCC1, FANCS, PPP1R53, RNF53"	ENSG00000012048	"BRCA1 DNA repair associated"	P38398	17	43044295-43170245	"Cancer-related genes, Disease related genes, Enzymes, Human disease related genes, Plasma proteins, Potential drug targets, Predicted intracellular proteins"	"Cell cycle, DNA damage, DNA recombination, DNA repair, Fatty acid biosynthesis, Fatty acid metabolism, Lipid biosynthesis, Lipid metabolism, Transcription, Transcription regulation, Ubl conjugation pathway"	"Activator, DNA-binding, Transferase"	"Cancer-related genes, Disease variant, Fanconi anemia, Tumor suppressor"	"Evidence at protein level"	"Evidence at protein level"	"Evidence at protein level"	"Evidence at protein level"	"Low tissue specificity"	"Detected in all"			"Cell type enhanced"	"Detected in many"		"Erythroid cells: 39.4;Spermatocytes: 115.7;Spermatogonia: 53.1"	"Low cell type specificity"	"Detected in all"			"Low cancer specificity"	"Detected in all"			"Low region specificity"	"Detected in all"			"Group enriched"	"Detected in many"	5	"basophil: 6.2;classical monocyte: 14.6;intermediate monocyte: 4.5;myeloid DC: 10.9;neutrophil: 10.9"	"Group enriched"	"Detected in all"	6	"dendritic cells: 10.9;granulocytes: 10.9;monocytes: 14.6"	"Low cancer specificity"	"Detected in all"			"Adrenal gland - Mitotic cells (Adrenal gland), Skin - Mitotic cells (Skin), Spleen - Mitotic cells (Spleen), Testis - Spermatocytes, Thyroid gland - Thyroid glandular cells"	"Low region specificity"	"Detected in many"			"Low region specificity"	"Detected in all"			"CAB001946, HPA004840, HPA034966, HPA057371, CAB080453, CAB080454"	Supported		Supported	"Nucleoplasm,Nuclear bodies"			NA	Yes			"Cluster 38: Monocytes & Neutrophils - Degranulation"	"Cluster 67: Lymphoid tissue & Bone marrow - Cell proliferation"	"Cluster 11: White matter - Signal transduction"	"Cluster 27: Breast cancer - Unknown function"	"Cluster 52: Non-specific - Cell proliferation"	387	"Nucleoplasm, Nuclear bodies"		"CAB001946: , CAB080453: , CAB080454: , HPA004840: , HPA034966: AB_10795287, HPA057371: AB_2732611"	"unprognostic (2.23e-1)"	"unprognostic (3.89e-3)"	"unprognostic (1.03e-1)"	"unprognostic (3.41e-2)"	"unprognostic (2.07e-1)"	"unprognostic (1.19e-2)"	"unprognostic (2.43e-1)"	"unprognostic (4.62e-2)"	"unprognostic (2.87e-2)"	"unprognostic (1.62e-3)"	"unprognostic (8.62e-2)"	"unprognostic (5.91e-2)"	"unprognostic (1.51e-2)"	"validated prognostic unfavorable (7.06e-4)"	"validated prognostic unfavorable (3.09e-5)"	"validated prognostic unfavorable (4.90e-4)"	"validated prognostic unfavorable (1.42e-4)"	"unprognostic (1.11e-1)"	"unprognostic (2.33e-2)"	"unprognostic (6.23e-2)"	"unprognostic (3.21e-1)"	"unprognostic (4.69e-2)"	"unprognostic (1.19e-2)"	"unprognostic (9.07e-2)"	"potential prognostic favorable (7.38e-5)"	"unprognostic (1.02e-3)"	"unprognostic (1.81e-3)"	"unprognostic (2.93e-2)"	"unprognostic (3.10e-1)"	"unprognostic (3.62e-1)"	"unprognostic (3.18e-2)"
C2orf88	"MGC13057, smAKAP"	ENSG00000187699	"Chromosome 2 open reading frame 88"	Q9BSF0	2	189879609-190203484	"Predicted intracellular proteins"				"Evidence at protein level"	"Evidence at transcript level"	"Evidence at protein level"	"Evidence at protein level"	"Tissue enhanced"	"Detected in all"		"testis: 71.1"	"Cell type enhanced"	"Detected in many"		"Distal enterocytes: 388.1;Early spermatids: 708.8;Glandular and luminal cells: 239.6;Late spermatids: 1567.5;Proximal enterocytes: 436.3"	"Low cell type specificity"	"Detected in all"			"Cancer enhanced"	"Detected in all"		"Ovary Serous Cystadenocarcinoma (TCGA): 35.5;Uterine Corpus Endometrial Carcinoma (TCGA): 47.1"	"Low region specificity"	"Detected in all"			"Group enriched"	"Detected in some"	4	"memory B-cell: 2.7;naive B-cell: 2.9;neutrophil: 7.3;plasmacytoid DC: 3.0"	"Group enriched"	"Detected in many"	8	"B-cells: 2.9;dendritic cells: 3.0;granulocytes: 7.3"	"Low cancer specificity"	"Detected in many"			"Adrenal gland - Adrenal cortex cells, Testis - Early spermatids, Testis - Late spermatids"	"Low region specificity"	"Detected in all"			"Low region specificity"	"Detected in all"			HPA049549	Approved						NA	NA		63000	"Cluster 20: Non-specific - DNA binding"	"Cluster 46: Testis - Spermatogenesis"	"Cluster 13: Oligodendrocytes - Mixed function"	"Cluster 47: Leukemia - Hemostasis"	"Cluster 11: Late spermatids - Unknown function"	3			"HPA049549: AB_2680812"	"unprognostic (2.39e-3)"	"potential prognostic favorable (8.83e-6)"	"unprognostic (6.13e-2)"	"unprognostic (4.67e-1)"	"unprognostic (4.71e-2)"	"unprognostic (1.91e-2)"	"unprognostic (1.41e-2)"	"unprognostic (1.19e-1)"	"unprognostic (9.28e-3)"	"unprognostic (2.92e-1)"	"potential prognostic favorable (3.07e-5)"	"unprognostic (1.41e-2)"	"unprognostic (3.28e-2)"	"unprognostic (1.21e-1)"	"unprognostic (6.49e-2)"	"unprognostic (1.61e-1)"	"unprognostic (6.61e-2)"	"unprognostic (1.32e-1)"	"unprognostic (3.37e-2)"	"unprognostic (1.86e-2)"	"unprognostic (7.36e-3)"	"unprognostic (5.88e-2)"	"potential prognostic favorable (1.95e-4)"	"unprognostic (1.54e-1)"	"unprognostic (1.47e-1)"	"unprognostic (1.03e-2)"	"potential prognostic unfavorable (1.86e-5)"	"unprognostic (9.70e-3)"	"unprognostic (7.17e-2)"	"unprognostic (7.37e-2)"	"unprognostic (1.15e-1)"
C5AR2	"C5L2, GPR77"	ENSG00000134830	"Complement C5a receptor 2"	Q9P296	19	47332175-47347329	"G-protein coupled receptors, Predicted membrane proteins"		"G-protein coupled receptor, Receptor, Transducer"		"Evidence at protein level"	"Evidence at transcript level"	"Evidence at protein level"	"Evidence at protein level"	"Tissue enhanced"	"Detected in many"		"lymphoid tissue: 13.8"	"Cell type enriched"	"Detected in many"	5	"monocytes: 266.2"	"Cell type enhanced"	"Detected in some"		"central nervous system macrophage: 20.0;deep-layer corticothalamic and 6b: 13.8"	"Low cancer specificity"	"Detected in many"			"Low region specificity"	"Detected in all"			"Group enriched"	"Detected in many"	5	"basophil: 17.8;eosinophil: 11.9;neutrophil: 33.1"	"Lineage enriched"	"Detected in many"	7	"granulocytes: 33.1"	"Cancer enhanced"	"Detected in some"		"breast cancer: 5.6;Leukemia: 3.4"	"Adipose subcutaneous - Macrophages, Adipose visceral - Macrophages, Minor Salivary Gland - Macrophages, Skeletal muscle - Macrophages, Stomach - Macrophages, Testis - Late spermatids"	"Not detected"	"Not detected"			"Low region specificity"	"Detected in all"			HPA016629	Uncertain						NA	NA			"Cluster 35: Neutrophils - Protein binding"	"Cluster 70: Lymphoid tissue - Immune response"	"Cluster 48: Non-specific - Mixed function"	"Cluster 27: Breast cancer - Unknown function"	"Cluster 29: Monocytes - Innate immune response"	1			"HPA016629: AB_1849312"	"unprognostic (2.85e-1)"	"unprognostic (1.47e-1)"		"unprognostic (1.72e-1)"		"unprognostic (1.47e-1)"	"unprognostic (8.12e-2)"	"unprognostic (2.79e-1)"	"unprognostic (1.18e-2)"	"unprognostic (1.18e-1)"	"potential prognostic favorable (2.48e-4)"	"unprognostic (2.57e-2)"	"unprognostic (1.67e-2)"	"unprognostic (2.38e-3)"		"unprognostic (1.49e-2)"	"unprognostic (1.18e-1)"	"unprognostic (2.77e-2)"	"unprognostic (1.31e-1)"			"unprognostic (1.55e-2)"	"potential prognostic unfavorable (3.24e-4)"			"unprognostic (2.68e-3)"	"unprognostic (4.82e-2)"	"unprognostic (2.11e-1)"	"unprognostic (2.75e-1)"	"unprognostic (1.70e-2)"	"unprognostic (2.30e-3)"
C9orf72	"DENND9, DENNL72, MGC23980"	ENSG00000147894	"C9orf72-SMCR8 complex subunit"	Q96LT7	9	27535640-27573866	"Disease related genes, Human disease related genes, Predicted intracellular proteins"	Autophagy	"Guanine-nucleotide releasing factor"	"Amyotrophic lateral sclerosis, Neurodegeneration"	"Evidence at protein level"	"Evidence at protein level"	"Evidence at protein level"	"Evidence at protein level"	"Low tissue specificity"	"Detected in all"			"Cell type enhanced"	"Detected in all"		"Langerhans cells: 151.2;monocytes: 373.8"	"Low cell type specificity"	"Detected in all"			"Low cancer specificity"	"Detected in all"			"Low region specificity"	"Detected in all"			"Group enriched"	"Detected in all"	7	"basophil: 24.3;classical monocyte: 32.0;intermediate monocyte: 44.8;myeloid DC: 25.2;neutrophil: 34.5;non-classical monocyte: 37.0"	"Group enriched"	"Detected in all"	8	"dendritic cells: 25.2;granulocytes: 34.5;monocytes: 44.8"	"Low cancer specificity"	"Detected in all"				"Low region specificity"	"Detected in all"			"Low region specificity"	"Detected in all"			HPA023873	Uncertain		Supported	"Vesicles,Midbody ring,Cytosol"	"Intracellular and membrane"	Other	Yes	NA			"Cluster 40: Monocytes - Innate immune response"	"Cluster 28: Neuronal - Transcription"	"Cluster 25: Non-specific - Transcription"	"Cluster 32: Non-specific - Cell proliferation"	"Cluster 29: Monocytes - Innate immune response"	42	"Vesicles, Cytosol"	"Midbody ring"	"HPA023873: AB_1845834"	"unprognostic (1.87e-1)"	"unprognostic (3.61e-2)"	"unprognostic (2.32e-1)"	"unprognostic (3.03e-1)"	"unprognostic (3.13e-1)"	"unprognostic (2.74e-2)"	"unprognostic (6.19e-3)"	"unprognostic (2.99e-2)"	"unprognostic (8.69e-3)"	"unprognostic (1.25e-1)"	"unprognostic (3.27e-2)"	"unprognostic (2.93e-2)"	"unprognostic (1.10e-2)"	"unprognostic (3.05e-1)"	"unprognostic (7.83e-2)"	"unprognostic (4.96e-2)"	"unprognostic (3.11e-2)"	"unprognostic (1.43e-1)"	"unprognostic (1.01e-1)"	"unprognostic (2.63e-1)"	"unprognostic (2.90e-1)"	"unprognostic (2.45e-2)"	"unprognostic (1.31e-2)"	"unprognostic (2.20e-1)"	"unprognostic (2.71e-2)"	"unprognostic (3.15e-2)"	"unprognostic (2.12e-1)"	"unprognostic (3.23e-2)"	"unprognostic (3.24e-1)"	"unprognostic (2.06e-2)"	"unprognostic (1.90e-1)"
CALML4	"MGC4809, NY-BR-20"	ENSG00000129007	"Calmodulin like 4"	Q96GE6	15	68190705-68206079	"Predicted intracellular proteins, RAS pathway related proteins"				"Evidence at protein level"	"Evidence at protein level"	"Evidence at transcript level"	"Evidence at protein level"	"Tissue enhanced"	"Detected in many"		"choroid plexus: 28.1;intestine: 37.9"	"Cell type enhanced"	"Detected in many"		"Distal enterocytes: 24.6;Gastric mucus-secreting cells: 22.4;Paneth cells: 12.2;Proximal enterocytes: 23.3;Proximal tubular cells: 32.0"	"Cell type enhanced"	"Detected in all"		"choroid plexus epithelial cell: 33.5"	"Low cancer specificity"	"Detected in all"			"Region enriched"	"Detected in many"	4	"choroid plexus: 13.7"	"Group enriched"	"Detected in some"	40	"classical monocyte: 30.8;intermediate monocyte: 56.6;myeloid DC: 18.4;neutrophil: 18.1;non-classical monocyte: 66.4"	"Group enriched"	"Detected in many"	59	"dendritic cells: 18.4;granulocytes: 18.1;monocytes: 66.4"	"Cancer enhanced"	"Detected in all"		"Myeloma: 61.4"	"Kidney - Proximal tubular cells, Kidney - Proximal tubular cells, Liver - Hepatocytes, Lung - Respiratory ciliated cells"	"Low region specificity"	"Detected in many"			"Low region specificity"	"Detected in all"			HPA051109	Enhanced		Approved	"Nucleoplasm,Golgi apparatus,Cytosol"			Yes	No			"Cluster 40: Monocytes - Innate immune response"	"Cluster 45: Intestine - Digestion"	"Cluster 23: Choroid plexus - Mixed function"	"Cluster 51: Myeloma - Immunoglobulins"	"Cluster 56: Proximal tubular cells - Amino acid metabolism"		"Golgi apparatus"	"Nucleoplasm, Cytosol"	"HPA051109: AB_2681346"	"unprognostic (1.13e-1)"	"unprognostic (3.94e-2)"	"unprognostic (4.38e-2)"	"unprognostic (2.92e-1)"	"unprognostic (3.11e-2)"	"unprognostic (5.16e-2)"	"unprognostic (3.84e-1)"	"unprognostic (6.59e-3)"	"unprognostic (7.17e-2)"	"unprognostic (6.16e-2)"	"potential prognostic favorable (5.96e-5)"	"unprognostic (4.20e-2)"	"unprognostic (4.44e-2)"	"unprognostic (4.96e-2)"	"unprognostic (2.05e-1)"	"unprognostic (6.56e-2)"	"unprognostic (1.77e-1)"	"unprognostic (2.00e-2)"	"unprognostic (1.07e-2)"	"unprognostic (1.89e-1)"	"unprognostic (1.28e-2)"	"unprognostic (1.78e-2)"	"unprognostic (3.20e-2)"	"unprognostic (5.76e-3)"	"unprognostic (1.26e-2)"	"unprognostic (1.32e-2)"	"unprognostic (2.66e-1)"	"unprognostic (1.39e-3)"	"unprognostic (2.00e-1)"	"unprognostic (3.15e-1)"	"unprognostic (1.29e-1)"
CAPN15	SOLH	ENSG00000103326	"Calpain 15"	O75808	16	527712-554636	"Disease related genes, Enzymes, Potential drug targets, Predicted intracellular proteins"		"Hydrolase, Protease, Thiol protease"	"Deafness, Microphthalmia"	"Evidence at protein level"	"Evidence at transcript level"	"Evidence at protein level"	"Evidence at protein level"	"Low tissue specificity"	"Detected in many"			"Cell type enhanced"	"Detected in many"		"Distal enterocytes: 48.9"	"Low cell type specificity"	"Detected in all"			"Low cancer specificity"	"Detected in all"			"Low region specificity"	"Detected in all"			"Group enriched"	"Detected in many"	5	"basophil: 4.7;neutrophil: 16.5"	"Lineage enriched"	"Detected in many"	7	"granulocytes: 16.5"	"Low cancer specificity"	"Detected in all"			"Skin - Keratinocyte (granular)"	"Low region specificity"	"Detected in all"			"Low region specificity"	"Detected in all"			"HPA011960, HPA074218"	Approved		Approved	Nucleoplasm			NA	NA			"Cluster 20: Non-specific - DNA binding"	"Cluster 66: Non-specific - Transcription"	"Cluster 15: Non-specific - Transcription"	"Cluster 54: Non-specific - Transcription"	"Cluster 33: Non-specific - DNA binding"	10	Nucleoplasm		"HPA011960: AB_10610556, HPA074218: "	"unprognostic (3.32e-2)"	"unprognostic (2.07e-1)"		"potential prognostic unfavorable (4.09e-4)"	"unprognostic (9.29e-2)"	"unprognostic (4.76e-1)"	"unprognostic (3.63e-1)"	"unprognostic (1.42e-2)"	"unprognostic (1.58e-2)"	"unprognostic (2.29e-1)"	"unprognostic (1.53e-2)"	"unprognostic (2.11e-2)"	"unprognostic (6.24e-2)"	"unprognostic (6.14e-3)"		"unprognostic (1.95e-2)"	"unprognostic (2.61e-1)"	"potential prognostic unfavorable (9.54e-4)"	"unprognostic (2.60e-1)"	"unprognostic (1.86e-1)"	"unprognostic (9.24e-2)"	"unprognostic (1.14e-1)"	"unprognostic (3.10e-1)"	"unprognostic (1.02e-1)"	"unprognostic (7.75e-3)"	"unprognostic (4.85e-2)"	"unprognostic (6.54e-2)"	"unprognostic (1.06e-2)"	"unprognostic (1.92e-1)"	"unprognostic (2.32e-2)"	"unprognostic (2.32e-1)"
CASS4	"C20orf32, HEFL, HEPL"	ENSG00000087589	"Cas scaffold protein family member 4"	Q9NQ75	20	56412112-56460387	"Plasma proteins, Predicted intracellular proteins"	"Cell adhesion"			"Evidence at protein level"	"Evidence at transcript level"	"Evidence at protein level"	"Evidence at protein level"	"Tissue enhanced"	"Detected in many"		"lung: 11.8;lymphoid tissue: 9.4"	"Cell type enhanced"	"Detected in some"		"Kupffer cells: 11.0;Langerhans cells: 19.5;Macrophages: 14.0;Microglial cells: 27.7;monocytes: 7.8;NK-cells: 8.0;T-cells: 17.4"	"Group enriched"	"Detected in many"	13	"central nervous system macrophage: 91.6;endothelial cell: 82.4;leukocyte: 31.5"	"Low cancer specificity"	"Detected in many"			"Low region specificity"	"Detected in all"			"Group enriched"	"Detected in many"	7	"eosinophil: 23.1;neutrophil: 69.1"	"Lineage enriched"	"Detected in many"	10	"granulocytes: 69.1"	"Group enriched"	"Detected in some"	7	"Leukemia: 4.6;Sarcoma: 2.2"	"Adrenal gland - Macrophages, Minor Salivary Gland - Macrophages"	"Not detected"	"Not detected"			"Low region specificity"	"Detected in all"			CAB034217	Approved						NA	NA		320000	"Cluster 21: Neutrophils - Unknown function"	"Cluster 70: Lymphoid tissue - Immune response"	"Cluster 44: Non-specific - Mixed function"	"Cluster 14: Myeloid leukemia - Innate immune response"	"Cluster 74: Neutrophils - Degranulation"				"CAB034217: AB_2071598"	"unprognostic (1.91e-2)"	"unprognostic (1.19e-1)"	"unprognostic (1.61e-1)"			"unprognostic (1.90e-1)"	"unprognostic (1.68e-1)"	"unprognostic (3.18e-1)"			"unprognostic (1.75e-2)"	"unprognostic (6.17e-2)"	"unprognostic (2.05e-1)"			"potential prognostic favorable (1.64e-4)"	"unprognostic (1.02e-1)"	"unprognostic (1.43e-2)"	"unprognostic (2.34e-1)"	"unprognostic (1.08e-1)"		"unprognostic (1.33e-1)"	"unprognostic (1.08e-1)"			"unprognostic (5.34e-2)"		"unprognostic (2.59e-2)"	"unprognostic (6.40e-2)"		
CAVIN2	"cavin-2, PS-p68, SDPR, SDR"	ENSG00000168497	"Caveolae associated protein 2"	O95810	2	191834310-191847088	"Plasma proteins, Predicted intracellular proteins"				"Evidence at protein level"	"Evidence at protein level"	"Evidence at protein level"	"Evidence at protein level"	"Tissue enhanced"	"Detected in all"		"adipose tissue: 159.1"	"Cell type enhanced"	"Detected in many"		"Adipocytes: 1254.8;Endothelial cells: 452.8;Lymphatic endothelial cells: 2159.9"	"Group enriched"	"Detected in some"	4	"endothelial cell: 237.5;fibroblast: 64.5"	"Cancer enhanced"	"Detected in all"		"Kidney Renal Clear Cell Carcinoma (TCGA): 48.3"	"Low region specificity"	"Detected in all"			"Group enriched"	"Detected in many"	12	"basophil: 48.8;neutrophil: 24.3"	"Lineage enriched"	"Detected in many"	15	"granulocytes: 48.8"	"Cancer enhanced"	"Detected in many"		"cervical cancer: 65.0"	"Adrenal gland - Endothelial cells, Breast - Endothelial cells, Kidney - Endothelial cells, Liver - Sinusoid Endothelial cells, Spleen - Endothelial cells"	"Low region specificity"	"Detected in all"			"Low region specificity"	"Detected in all"			"HPA039325, HPA062122"	Enhanced		Enhanced	"Plasma membrane,Cytosol"			Yes	No		110000000	"Cluster 21: Neutrophils - Unknown function"	"Cluster 7: Adipose tissue - Mixed function"	"Cluster 47: Endothelial cells - Vasculature"	"Cluster 48: Adipocytes & Endothelial cells - Angiogenesis"	"Cluster 57: Platelets - Hemostasis"	9	"Plasma membrane"	Cytosol	"HPA039325: AB_10805473, HPA062122: AB_2684688"	"unprognostic (2.07e-2)"	"unprognostic (8.24e-3)"		"unprognostic (1.25e-1)"	"unprognostic (1.66e-1)"	"unprognostic (5.34e-2)"	"unprognostic (9.46e-2)"	"unprognostic (1.45e-1)"	"unprognostic (5.41e-2)"	"unprognostic (7.79e-3)"	"potential prognostic favorable (4.16e-11)"	"unprognostic (1.10e-3)"	"unprognostic (1.09e-1)"	"unprognostic (5.63e-2)"		"unprognostic (7.23e-3)"	"unprognostic (1.28e-1)"	"unprognostic (9.33e-2)"	"unprognostic (4.55e-2)"	"unprognostic (1.30e-1)"	"unprognostic (1.62e-1)"	"unprognostic (4.76e-2)"	"unprognostic (3.06e-1)"	"unprognostic (2.36e-1)"	"unprognostic (2.51e-1)"	"unprognostic (7.86e-3)"	"unprognostic (9.38e-3)"	"unprognostic (6.55e-3)"	"unprognostic (8.69e-2)"	"unprognostic (2.14e-1)"	"unprognostic (6.66e-2)"
CCL3L1	"CCL3L3, D17S1718, G0S19-2, LD78BETA, MGC12815, SCYA3L, SCYA3L1"	ENSG00000276085	"C-C motif chemokine ligand 3 like 1"	P16619	17	36194869-36196758	"Predicted secreted proteins"	Chemotaxis	Cytokine		"Evidence at protein level"	"Evidence at transcript level"	"Evidence at protein level"	"Evidence at protein level"	"Tissue enhanced"	"Detected in some"		"bone marrow: 11.0;lung: 4.9"	"Cell type enhanced"	"Detected in many"		"Hofbauer cells: 796.8;Kupffer cells: 154.6;Langerhans cells: 385.1;Macrophages: 500.2;monocytes: 206.0"	"Cell type enriched"	"Detected in some"	4	"central nervous system macrophage: 8.1"	"Not detected"	"Not detected"			"Not detected"	"Not detected"			"Group enriched"	"Detected in some"	6	"eosinophil: 4.2;neutrophil: 1.2"	"Lineage enriched"	"Detected in single"	9	"granulocytes: 4.2"	"Group enriched"	"Detected in some"	11	"lymphoma: 2.3;Myeloma: 9.1"															"Secreted to blood"	Chemokine	NA	NA			"Cluster 21: Neutrophils - Unknown function"	"Cluster 81: Lymphoid tissue & Bone marrow - Innate immune response"		"Cluster 20: Myeloma - Immune response"	"Cluster 58: Macrophages - Innate immune response"	5						"unprognostic (7.63e-3)"			"unprognostic (4.70e-2)"						"unprognostic (1.02e-1)"			"unprognostic (4.51e-2)"																
CCNJL	FLJ14166	ENSG00000135083	"Cyclin J like"	Q8IV13	5	160249083-160345396	"Predicted intracellular proteins"		Cyclin		"Evidence at protein level"	"Evidence at protein level"	"Evidence at protein level"	"Evidence at protein level"	"Tissue enhanced"	"Detected in many"		"brain: 11.4"	"Cell type enhanced"	"Detected in many"		"Alveolar cells type 1: 16.4;Alveolar cells type 2: 33.9;Intestinal goblet cells: 33.1;Paneth cells: 31.9"	"Cell type enhanced"	"Detected in many"		"upper rhombic lip: 104.9"	"Low cancer specificity"	"Detected in many"			"Region enriched"	"Detected in all"	4	"cerebellum: 38.9"	"Group enriched"	"Detected in some"	17	"neutrophil: 12.5;NK-cell: 4.0"	"Group enriched"	"Detected in many"	83	"granulocytes: 12.5;NK-cells: 4.0"	"Low cancer specificity"	"Detected in many"			"Lung - Alveolar cells type 2, Stomach - Parietal cells, Testis - Sertoli cells"	"Low region specificity"	"Detected in many"			"Low region specificity"	"Detected in many"			HPA049970	Approved		Approved	"Nuclear speckles"			NA	NA			"Cluster 35: Neutrophils - Protein binding"	"Cluster 65: Cerebellum - Nervous system development"	"Cluster 35: Non-specific - DNA binding"	"Cluster 10: Ciliated cells - Ion channel activity"	"Cluster 16: Intestinal goblet cells - Mucin production"	13	"Nuclear speckles"		"HPA049970: AB_2680974"	"unprognostic (4.51e-2)"	"unprognostic (2.57e-2)"	"unprognostic (3.79e-2)"	"unprognostic (3.55e-3)"	"unprognostic (1.64e-2)"	"unprognostic (5.91e-2)"	"unprognostic (6.51e-2)"	"unprognostic (1.46e-1)"	"unprognostic (2.90e-2)"	"unprognostic (9.21e-2)"	"unprognostic (2.66e-1)"	"unprognostic (1.33e-1)"	"potential prognostic unfavorable (2.16e-4)"			"unprognostic (4.21e-2)"	"unprognostic (6.00e-2)"	"unprognostic (5.93e-3)"	"unprognostic (4.76e-3)"	"unprognostic (9.86e-2)"	"unprognostic (1.84e-1)"	"unprognostic (1.50e-1)"	"potential prognostic unfavorable (1.48e-4)"		"unprognostic (2.76e-2)"	"unprognostic (1.17e-3)"	"unprognostic (4.61e-2)"	"unprognostic (1.19e-3)"	"unprognostic (3.99e-1)"	"unprognostic (1.95e-1)"	"unprognostic (7.06e-2)"
CD46	"MCP, MGC26544, MIC10, TLX, TRA2.10"	ENSG00000117335	"CD46 molecule"	P15529	1	207752037-207795513	"Cancer-related genes, CD markers, Disease related genes, Human disease related genes, Plasma proteins, Predicted intracellular proteins, Predicted membrane proteins"	"Complement pathway, Fertilization, Host-virus interaction, Immunity, Innate immunity"	"Host cell receptor for virus entry, Receptor"	"Cancer-related genes, Disease variant, Hemolytic uremic syndrome"	"Evidence at protein level"	"Evidence at protein level"	"Evidence at protein level"	"Evidence at protein level"	"Low tissue specificity"	"Detected in all"			"Cell type enhanced"	"Detected in all"		"Mucus glandular cells: 507.0"	"Low cell type specificity"	"Detected in all"			"Low cancer specificity"	"Detected in all"			"Low region specificity"	"Detected in all"			"Group enriched"	"Detected in all"	4	"basophil: 301.2;eosinophil: 387.4;neutrophil: 404.1"	"Lineage enriched"	"Detected in all"	5	"granulocytes: 404.1"	"Low cancer specificity"	"Detected in all"			"Minor Salivary Gland - Minor salivary glandular cells"	"Low region specificity"	"Detected in single"							"CAB010401, HPA016903"	Enhanced		Approved	"Plasma membrane"			NA	NA		1100000	"Cluster 35: Neutrophils - Protein binding"	"Cluster 24: Parathyroid gland - Vesicular transport"	"Cluster 36: Choroid plexus - Mixed function"	"Cluster 57: Stomach & Colon cancer - Digestion"	"Cluster 74: Neutrophils - Degranulation"	4	"Plasma membrane"		"CAB010401: AB_2291289, HPA016903: AB_1846309"	"unprognostic (8.50e-2)"	"unprognostic (3.35e-3)"	"unprognostic (5.19e-2)"	"potential prognostic unfavorable (1.33e-4)"	"unprognostic (3.68e-1)"	"unprognostic (3.78e-2)"	"unprognostic (6.00e-2)"	"unprognostic (1.84e-1)"	"unprognostic (2.78e-2)"	"unprognostic (2.26e-1)"	"potential prognostic favorable (1.32e-6)"	"unprognostic (9.93e-3)"	"unprognostic (4.11e-2)"	"unprognostic (4.21e-2)"	"unprognostic (3.94e-2)"	"unprognostic (2.33e-1)"	"unprognostic (6.83e-2)"	"unprognostic (1.66e-2)"	"unprognostic (1.45e-1)"	"unprognostic (1.32e-1)"	"unprognostic (2.57e-3)"	"unprognostic (1.19e-1)"	"unprognostic (7.92e-2)"	"unprognostic (1.71e-1)"	"unprognostic (2.56e-1)"	"unprognostic (2.20e-2)"	"unprognostic (2.46e-1)"	"unprognostic (8.72e-3)"	"unprognostic (1.07e-1)"	"unprognostic (1.23e-1)"	"unprognostic (4.51e-1)"
CD93	"C1qR(P), C1QR1, C1qRP, CDw93, dJ737E23.1, ECSM3, MXRA4"	ENSG00000125810	"CD93 molecule"	Q9NPY3	20	23079360-23086324	"CD markers, Plasma proteins, Predicted membrane proteins"	"Cell adhesion, Host-virus interaction"	Receptor		"Evidence at protein level"	"Evidence at protein level"	"Evidence at protein level"	"Evidence at protein level"	"Tissue enhanced"	"Detected in all"		"placenta: 133.0"	"Cell type enhanced"	"Detected in many"		"Adipocytes: 312.1;Endothelial cells: 272.5;Kupffer cells: 141.1;Macrophages: 121.0;monocytes: 87.4"	"Group enriched"	"Detected in some"	21	"central nervous system macrophage: 10.9;endothelial cell: 34.4;leukocyte: 9.8;vascular associated smooth muscle cell: 15.1"	"Cancer enhanced"	"Detected in all"		"Kidney Renal Clear Cell Carcinoma (TCGA): 65.7"	"Low region specificity"	"Detected in all"			"Group enriched"	"Detected in many"	15	"classical monocyte: 25.8;intermediate monocyte: 16.8;myeloid DC: 9.1;neutrophil: 27.8;non-classical monocyte: 7.5"	"Group enriched"	"Detected in many"	41	"dendritic cells: 9.1;granulocytes: 27.8;monocytes: 25.8"	"Cancer enhanced"	"Detected in some"		"Leukemia: 17.2;lymphoma: 6.8"	"Adipose subcutaneous - Endothelial cells, Breast - Endothelial cells, Colon - Endothelial cells, Heart muscle - Endothelial cells, Kidney - Endothelial cells, Liver - Vascular Endothelial cells, Lung - Endothelial cells, Minor Salivary Gland - Endothelial cells, Pituitary gland - Endothelial cells, Prostate - Endothelial cells, Skeletal muscle - Endothelial cells, Stomach - Endothelial cells, Testis - Endothelial cells, Thyroid gland - Endothelial cells"	"Low region specificity"	"Detected in all"			"Low region specificity"	"Detected in all"			"HPA009300, HPA012368"	Enhanced		Approved	"Vesicles,Plasma membrane"			NA	NA		330000000	"Cluster 38: Monocytes & Neutrophils - Degranulation"	"Cluster 7: Adipose tissue - Mixed function"	"Cluster 12: Non-specific - Vasculature"	"Cluster 48: Adipocytes & Endothelial cells - Angiogenesis"	"Cluster 41: Adipocytes & Endothelial cells - Mixed function"	9	"Vesicles, Plasma membrane"		"HPA009300: AB_1846342, HPA012368: AB_1846341"	"unprognostic (7.45e-2)"	"unprognostic (2.24e-1)"	"unprognostic (5.33e-2)"	"unprognostic (1.01e-1)"	"unprognostic (1.02e-1)"	"unprognostic (4.14e-2)"	"unprognostic (1.31e-1)"	"unprognostic (1.54e-1)"	"unprognostic (8.87e-2)"	"unprognostic (4.81e-2)"	"potential prognostic favorable (3.00e-6)"	"unprognostic (1.42e-3)"	"unprognostic (5.89e-3)"	"unprognostic (8.97e-2)"	"unprognostic (1.79e-1)"	"unprognostic (7.47e-2)"	"unprognostic (2.51e-2)"	"unprognostic (1.19e-2)"	"unprognostic (2.64e-2)"	"unprognostic (2.62e-2)"	"unprognostic (6.68e-3)"	"unprognostic (2.25e-1)"	"unprognostic (1.00e-1)"	"unprognostic (1.09e-1)"	"unprognostic (4.47e-2)"	"unprognostic (8.62e-2)"	"unprognostic (7.62e-2)"	"unprognostic (1.30e-3)"	"unprognostic (1.83e-1)"	"unprognostic (1.68e-2)"	"unprognostic (4.21e-1)"
CDC42EP2	"BORG1, CEP2"	ENSG00000149798	"CDC42 effector protein 2"	O14613	11	65314866-65322417	"Predicted intracellular proteins"	"Cell shape"			"Evidence at protein level"	"Evidence at protein level"	"Evidence at protein level"	"Evidence at protein level"	"Low tissue specificity"	"Detected in many"			"Cell type enhanced"	"Detected in some"		"Basal squamous epithelial cells: 6.4;Fibroblasts: 5.2;Gastric mucus-secreting cells: 7.1;Macrophages: 10.9;Oligodendrocytes: 9.9;Squamous epithelial cells: 3.0"	"Cell type enhanced"	"Detected in many"		"endothelial cell: 15.9;fibroblast: 15.7;oligodendrocyte: 24.6;pericyte: 14.8"	"Low cancer specificity"	"Detected in all"			"Low region specificity"	"Detected in all"			"Group enriched"	"Detected in many"	10	"classical monocyte: 50.8;intermediate monocyte: 120.0;neutrophil: 172.5;non-classical monocyte: 90.7"	"Group enriched"	"Detected in many"	13	"granulocytes: 172.5;monocytes: 120.0"	"Low cancer specificity"	"Detected in all"			"Adipose subcutaneous - Adipocytes (Subcutaneous), Breast - Adipocytes (Breast)"	"Low region specificity"	"Detected in all"			"Low region specificity"	"Detected in all"			HPA038562	Approved		Supported	Microtubules,Cytosol			NA	NA			"Cluster 37: Monocytes & Neutrophils - Innate immune response"	"Cluster 7: Adipose tissue - Mixed function"	"Cluster 11: White matter - Signal transduction"	"Cluster 72: Neuronal - Signal transduction"	"Cluster 49: Non-specific - Transcription"	8	"Microtubules, Cytosol"		"HPA038562: AB_10671745"	"unprognostic (3.96e-2)"	"unprognostic (5.17e-1)"	"unprognostic (1.28e-1)"	"unprognostic (1.81e-3)"	"unprognostic (1.33e-1)"	"unprognostic (2.46e-1)"	"unprognostic (2.60e-2)"	"unprognostic (1.07e-2)"	"unprognostic (3.05e-2)"	"unprognostic (1.16e-1)"	"unprognostic (6.48e-3)"	"unprognostic (5.41e-3)"	"unprognostic (7.21e-2)"	"validated prognostic unfavorable (3.27e-5)"	"validated prognostic unfavorable (4.74e-5)"	"potential prognostic unfavorable (5.66e-5)"	"unprognostic (6.91e-2)"	"unprognostic (2.01e-1)"	"unprognostic (2.33e-1)"	"unprognostic (4.96e-3)"	"unprognostic (9.10e-3)"	"unprognostic (2.86e-3)"	"unprognostic (1.26e-1)"	"unprognostic (2.31e-1)"	"unprognostic (1.47e-1)"	"unprognostic (1.41e-1)"	"unprognostic (1.77e-1)"	"unprognostic (6.26e-2)"	"unprognostic (7.42e-2)"	"unprognostic (8.61e-2)"	"unprognostic (8.00e-2)"
CDH2	"CD325, CDHN, NCAD"	ENSG00000170558	"Cadherin 2"	P19022	18	27932879-28177946	"CD markers, Disease related genes, Human disease related genes, Plasma proteins, Predicted intracellular proteins, Predicted membrane proteins"	"Cell adhesion"		"Cardiomyopathy, Disease variant, Intellectual disability"	"Evidence at protein level"	"Evidence at protein level"	"Evidence at protein level"	"Evidence at protein level"	"Tissue enhanced"	"Detected in many"		"heart muscle: 189.1"	"Cell type enhanced"	"Detected in many"		"Astrocytes: 206.5;Cardiomyocytes: 382.4;Cone photoreceptor cells: 132.5;Excitatory neurons: 300.3;Inhibitory neurons: 189.4;Oligodendrocyte precursor cells: 251.4"	"Low cell type specificity"	"Detected in all"			"Cancer enhanced"	"Detected in many"		"Glioblastoma Multiforme (TCGA): 82.4"	"Low region specificity"	"Detected in all"			"Group enriched"	"Detected in some"	5	"basophil: 1.7;neutrophil: 1.3"	"Lineage enriched"	"Detected in single"	6	"granulocytes: 1.7"	"Low cancer specificity"	"Detected in many"			"Adrenal gland - Adrenal cortex cells, Colon - Enteric glia cells, Pituitary gland - Undifferentiated cells (Pituitary gland)"	"Low region specificity"	"Detected in all"			"Low region specificity"	"Detected in all"			"CAB000141, CAB018580, HPA058574, CAB078686, CAB080169"	Enhanced		Supported	"Plasma membrane,Cell Junctions"			NA	NA		160000000	"Cluster 35: Neutrophils - Protein binding"	"Cluster 30: Heart muscle - Heart development"	"Cluster 40: Astrocytes - Astrocyte-neuron interactions"	"Cluster 15: Kidney cancer - Membrane components"	"Cluster 34: Neurons - Neuronal signaling"	28	"Plasma membrane"	"Cell Junctions"	"CAB000141: , CAB018580: AB_626778, CAB078686: AB_2665849, CAB080169: , HPA058574: AB_2683760"	"unprognostic (2.90e-1)"	"unprognostic (1.34e-1)"	"unprognostic (7.28e-2)"	"unprognostic (2.13e-2)"	"unprognostic (1.19e-2)"	"unprognostic (2.48e-1)"	"unprognostic (2.32e-1)"	"unprognostic (2.66e-2)"	"unprognostic (7.64e-2)"		"potential prognostic favorable (7.16e-5)"	"unprognostic (2.92e-3)"	"unprognostic (5.18e-2)"	"unprognostic (4.40e-2)"	"unprognostic (1.11e-2)"	"unprognostic (2.64e-2)"	"unprognostic (7.69e-2)"	"unprognostic (2.48e-2)"	"unprognostic (7.27e-2)"	"unprognostic (4.31e-2)"	"unprognostic (1.22e-1)"	"unprognostic (2.90e-2)"	"unprognostic (3.81e-2)"	"unprognostic (7.90e-2)"		"unprognostic (1.71e-1)"	"unprognostic (1.08e-3)"	"unprognostic (5.44e-3)"	"unprognostic (9.80e-2)"	"unprognostic (1.48e-1)"	"unprognostic (4.22e-2)"
CDK14	"PFTAIRE1, PFTK1"	ENSG00000058091	"Cyclin dependent kinase 14"	O94921	7	90466424-91210590	"Enzymes, Predicted intracellular proteins"	"Cell cycle, Cell division, Wnt signaling pathway"	"Kinase, Serine/threonine-protein kinase, Transferase"		"Evidence at protein level"	"Evidence at protein level"	"Evidence at protein level"	"Evidence at protein level"	"Low tissue specificity"	"Detected in all"			"Cell type enhanced"	"Detected in many"		"Astrocytes: 112.1;Excitatory neurons: 527.3;Inhibitory neurons: 408.0;Oligodendrocyte precursor cells: 300.9"	"Low cell type specificity"	"Detected in all"			"Low cancer specificity"	"Detected in all"			"Low region specificity"	"Detected in all"			"Group enriched"	"Detected in some"	8	"basophil: 9.1;memory B-cell: 8.5;naive B-cell: 4.8;neutrophil: 4.8"	"Group enriched"	"Detected in many"	10	"B-cells: 8.5;granulocytes: 9.1"	"Low cancer specificity"	"Detected in all"			"Testis - Early spermatids"	"Low region specificity"	"Detected in all"			"Low region specificity"	"Detected in all"			HPA015267	Approved		Supported	Nucleoplasm,Cytosol			NA	NA			"Cluster 23: B-cells - Immunoglobulins"	"Cluster 22: Brain - Synaptic signal transduction"	"Cluster 52: Neurons & Synapses - Synaptic function"	"Cluster 46: Lymphoma - Humoral immune response"	"Cluster 65: Neurons - Synaptic function"	27	Nucleoplasm	Cytosol	"HPA015267: AB_1855249"	"unprognostic (1.23e-3)"	"unprognostic (2.18e-3)"	"unprognostic (1.18e-1)"	"unprognostic (1.52e-1)"	"unprognostic (2.16e-2)"	"unprognostic (2.22e-1)"	"unprognostic (1.53e-1)"	"unprognostic (1.97e-2)"	"unprognostic (2.55e-1)"	"unprognostic (1.39e-2)"	"potential prognostic favorable (1.99e-6)"	"unprognostic (5.10e-2)"	"unprognostic (1.08e-1)"	"unprognostic (8.19e-2)"	"potential prognostic unfavorable (3.89e-6)"	"unprognostic (7.87e-2)"	"unprognostic (8.95e-2)"	"unprognostic (2.49e-1)"	"unprognostic (4.65e-2)"	"unprognostic (2.45e-2)"	"unprognostic (2.14e-2)"	"unprognostic (4.47e-3)"	"unprognostic (4.13e-3)"	"unprognostic (9.46e-2)"	"unprognostic (1.44e-2)"	"unprognostic (3.41e-1)"	"unprognostic (1.33e-1)"	"potential prognostic unfavorable (7.32e-4)"	"unprognostic (2.47e-1)"	"unprognostic (1.21e-1)"	"unprognostic (3.69e-1)"
CEACAM1	"BGP, BGP1, CD66a"	ENSG00000079385	"CEA cell adhesion molecule 1"	P13688	19	42507304-42561234	"CD markers, Plasma proteins, Predicted intracellular proteins, Predicted membrane proteins"				"Evidence at protein level"	"Evidence at protein level"	"Evidence at protein level"	"Evidence at protein level"	"Tissue enhanced"	"Detected in many"		"intestine: 238.1"	"Group enriched"	"Detected in many"	5	"Distal enterocytes: 797.7;Paneth cells: 241.7"	"Low cell type specificity"	"Detected in many"			"Cancer enhanced"	"Detected in all"		"Colon Adenocarcinoma (TCGA): 122.5;Rectum Adenocarcinoma (TCGA): 128.5"	"Low region specificity"	"Detected in all"			"Group enriched"	"Detected in many"	10	"eosinophil: 44.1;neutrophil: 26.9"	"Lineage enriched"	"Detected in many"	13	"granulocytes: 44.1"	"Low cancer specificity"	"Detected in many"			"Adipose visceral - Endothelial cells, Adrenal gland - Endothelial cells, Colon - Colon enterocytes, Heart muscle - Endothelial cells, Kidney - Endothelial cells, Skin - Eccrine sweat gland cells"									"CAB002146, HPA011041"	Enhanced				"Intracellular and membrane"	"No annotated function"	NA	NA		61000000	"Cluster 21: Neutrophils - Unknown function"	"Cluster 45: Intestine - Digestion"	"Cluster 15: Non-specific - Transcription"	"Cluster 9: Skin cancer - Melanin biosynthesis"	"Cluster 5: Enterocytes - Absorption"	6			"CAB002146: AB_563614, HPA011041: AB_1078481"	"unprognostic (1.35e-1)"	"unprognostic (8.56e-3)"	"unprognostic (7.91e-3)"	"unprognostic (1.27e-1)"	"unprognostic (2.38e-1)"	"unprognostic (2.37e-2)"	"unprognostic (6.50e-2)"		"unprognostic (1.47e-2)"	"unprognostic (1.06e-1)"	"potential prognostic favorable (6.68e-7)"	"unprognostic (3.29e-3)"	"unprognostic (1.63e-2)"	"unprognostic (7.77e-2)"	"unprognostic (1.13e-2)"	"unprognostic (6.77e-2)"	"unprognostic (1.24e-1)"	"unprognostic (1.46e-1)"	"unprognostic (2.90e-1)"	"unprognostic (6.95e-2)"	"unprognostic (1.44e-1)"	"unprognostic (2.31e-2)"	"unprognostic (2.22e-2)"	"unprognostic (2.54e-1)"	"unprognostic (1.41e-1)"	"unprognostic (9.31e-2)"	"unprognostic (1.58e-1)"	"unprognostic (8.73e-2)"	"unprognostic (1.04e-1)"	"unprognostic (4.74e-2)"	"unprognostic (3.37e-1)"
CEP19	"C3orf34, MGC14126"	ENSG00000174007	"Centrosomal protein 19"	Q96LK0	3	196706277-196712250	"Disease related genes, Human disease related genes, Predicted intracellular proteins"	"Cilium biogenesis/degradation"		Obesity	"Evidence at protein level"	"Evidence at protein level"	"Evidence at protein level"	"Evidence at protein level"	"Low tissue specificity"	"Detected in many"			"Cell type enhanced"	"Detected in many"		"Early spermatids: 81.3;Spermatocytes: 61.0;Spermatogonia: 43.5"	"Low cell type specificity"	"Detected in all"			"Low cancer specificity"	"Detected in many"			"Low region specificity"	"Detected in all"			"Group enriched"	"Detected in all"	8	"basophil: 50.9;eosinophil: 58.8;neutrophil: 143.9"	"Lineage enriched"	"Detected in all"	13	"granulocytes: 143.9"	"Low cancer specificity"	"Detected in all"			"Testis - Early spermatids"	"Low region specificity"	"Detected in all"			"Low region specificity"	"Detected in all"			"HPA047614, HPA071138"	Enhanced		Supported	"Nucleoplasm,Centrosome,Basal body,Cytosol"			NA	NA			"Cluster 21: Neutrophils - Unknown function"	"Cluster 16: Non-specific - Transcription"	"Cluster 17: Choroid plexus - Cilium"	"Cluster 63: Non-specific - Protein processing"	"Cluster 70: Spermatocytes & Spermatids - Spermatid development"	64	"Centrosome, Basal body"	"Nucleoplasm, Cytosol"	"HPA047614: AB_2680103, HPA071138: AB_2686348"	"unprognostic (1.11e-1)"	"unprognostic (7.32e-2)"		"unprognostic (1.81e-1)"	"unprognostic (3.36e-2)"	"unprognostic (2.17e-1)"	"unprognostic (6.89e-3)"	"unprognostic (7.93e-2)"	"unprognostic (5.13e-2)"	"unprognostic (1.80e-2)"	"unprognostic (1.59e-1)"	"unprognostic (2.66e-1)"	"unprognostic (2.26e-1)"		"unprognostic (2.98e-3)"	"unprognostic (1.74e-1)"	"unprognostic (1.56e-2)"	"unprognostic (4.36e-3)"	"potential prognostic favorable (4.16e-4)"	"unprognostic (4.13e-1)"	"unprognostic (1.90e-1)"	"unprognostic (1.22e-1)"	"unprognostic (2.96e-2)"	"unprognostic (1.39e-1)"	"unprognostic (1.92e-1)"	"unprognostic (1.10e-1)"	"unprognostic (5.76e-2)"	"unprognostic (1.80e-1)"	"unprognostic (1.62e-1)"	"unprognostic (1.07e-1)"	"unprognostic (1.77e-1)"
CHST11	"C4ST, C4St-1, C4ST1, HSA269537"	ENSG00000171310	"Carbohydrate sulfotransferase 11"	Q9NPF2	12	104455295-104762014	"Disease related genes, Enzymes, Metabolic proteins, Potential drug targets, Predicted intracellular proteins"	"Carbohydrate metabolism"	Transferase	"Disease variant, Dwarfism"	"Evidence at protein level"	"Evidence at transcript level"	"Evidence at protein level"	"Evidence at protein level"	"Tissue enhanced"	"Detected in all"		"bone marrow: 38.5;choroid plexus: 33.8"	"Group enriched"	"Detected in many"	4	"Microglial cells: 268.4;Oligodendrocyte precursor cells: 950.4"	"Cell type enhanced"	"Detected in all"		"central nervous system macrophage: 1872.3;oligodendrocyte precursor cell: 1638.3"	"Low cancer specificity"	"Detected in all"			"Low region specificity"	"Detected in all"			"Group enriched"	"Detected in many"	4	"basophil: 12.8;eosinophil: 11.3;neutrophil: 15.7"	"Lineage enriched"	"Detected in all"	5	"granulocytes: 15.7"	"Low cancer specificity"	"Detected in all"			"Adipose visceral - Adipose progenitor cells, Minor Salivary Gland - Macrophages"	"Low region specificity"	"Detected in all"			"Low region specificity"	"Detected in all"			HPA052828	Approved		Approved	"Golgi apparatus"			NA	NA		21000	"Cluster 42: Non-specific - Vesicular transport"	"Cluster 81: Lymphoid tissue & Bone marrow - Innate immune response"	"Cluster 42: Choroid plexus - Mitochondria"	"Cluster 71: Lymphoma - Inflammatory response"	"Cluster 76: Oligodendrocyte precursor - Unknown function"		"Golgi apparatus"		"HPA052828: AB_2681966"	"unprognostic (5.12e-2)"	"unprognostic (1.15e-1)"	"unprognostic (2.83e-1)"	"unprognostic (4.46e-3)"	"unprognostic (1.65e-1)"	"unprognostic (2.33e-1)"	"unprognostic (2.57e-1)"	"unprognostic (8.39e-2)"	"unprognostic (8.23e-2)"	"unprognostic (3.24e-2)"	"unprognostic (2.56e-3)"	"unprognostic (1.35e-1)"	"unprognostic (5.06e-3)"	"potential prognostic unfavorable (9.98e-4)"	"unprognostic (1.70e-1)"	"unprognostic (2.75e-2)"	"unprognostic (7.58e-3)"	"unprognostic (4.69e-2)"	"unprognostic (4.80e-3)"	"unprognostic (4.13e-2)"	"unprognostic (1.17e-2)"	"unprognostic (8.85e-3)"	"unprognostic (1.39e-3)"	"unprognostic (9.79e-2)"	"unprognostic (6.97e-3)"	"unprognostic (2.23e-1)"	"unprognostic (6.56e-2)"	"unprognostic (6.64e-2)"	"unprognostic (1.38e-1)"	"unprognostic (2.11e-2)"	"unprognostic (1.11e-1)"
CLCN4	"ClC-4, CLC4"	ENSG00000073464	"Chloride voltage-gated channel 4"	P51793	X	10156975-10237660	"Disease related genes, Human disease related genes, Potential drug targets, Predicted membrane proteins, Transporters"	"Antiport, Ion transport, Transport"		"Disease variant, Intellectual disability"	"Evidence at protein level"	"Evidence at protein level"	"Evidence at protein level"	"Evidence at protein level"	"Tissue enhanced"	"Detected in many"		"brain: 28.2;retina: 36.7;skeletal muscle: 43.4;tongue: 32.9"	"Cell type enhanced"	"Detected in many"		"Bipolar cells: 74.0;Cone photoreceptor cells: 142.7;Excitatory neurons: 44.1;Horizontal cells: 57.9;Inhibitory neurons: 51.7;Oligodendrocytes: 71.3;Oocytes: 44.8;Rod photoreceptor cells: 44.6"	"Low cell type specificity"	"Detected in all"			"Low cancer specificity"	"Detected in many"			"Low region specificity"	"Detected in all"			"Group enriched"	"Detected in some"	4	"basophil: 1.7;memory B-cell: 1.0;naive B-cell: 2.6;neutrophil: 2.2"	"Group enriched"	"Detected in many"	6	"B-cells: 2.6;granulocytes: 2.2"	"Low cancer specificity"	"Detected in all"			"Testis - Sertoli cells, Thyroid gland - Thyroid glandular cells"	"Low region specificity"	"Detected in all"			"Low region specificity"	"Detected in all"			"HPA031313, HPA063637"	Enhanced	Approved	Supported	Vesicles			NA	NA			"Cluster 20: Non-specific - DNA binding"	"Cluster 3: Non-specific - Unknown function"	"Cluster 28: Oligodendrocytes - Mixed function"	"Cluster 70: DU4475 - Unknown function"	"Cluster 66: Photoreceptor cells - Visual perception"	3	Vesicles		"HPA031313: AB_10601358, HPA063637: AB_2685069"	"unprognostic (1.12e-2)"	"unprognostic (1.48e-1)"	"unprognostic (4.59e-3)"	"unprognostic (6.39e-2)"	"unprognostic (1.82e-1)"	"potential prognostic unfavorable (1.06e-4)"	"unprognostic (2.51e-1)"	"unprognostic (1.76e-1)"		"unprognostic (9.51e-2)"	"potential prognostic favorable (1.26e-5)"	"unprognostic (4.41e-3)"	"unprognostic (1.06e-1)"	"unprognostic (2.50e-3)"	"unprognostic (2.45e-2)"	"unprognostic (3.34e-1)"	"unprognostic (1.52e-1)"	"unprognostic (3.83e-2)"	"unprognostic (1.33e-1)"	"unprognostic (3.97e-1)"	"unprognostic (5.60e-3)"	"unprognostic (4.55e-2)"	"unprognostic (5.39e-2)"	"unprognostic (1.86e-1)"	"unprognostic (2.00e-1)"	"unprognostic (1.18e-3)"	"unprognostic (6.08e-2)"	"unprognostic (1.25e-1)"	"unprognostic (2.26e-1)"	"unprognostic (1.55e-1)"	"unprognostic (1.62e-1)"
CLDN5	"AWAL, BEC1, CPETRL1, TMVCF"	ENSG00000184113	"Claudin 5"	O00501	22	19523024-19527545	"Predicted membrane proteins, Transporters"				"Evidence at protein level"	"Evidence at protein level"	"Evidence at protein level"	"Evidence at protein level"	"Tissue enhanced"	"Detected in many"		"adipose tissue: 425.6;breast: 407.2;choroid plexus: 418.8;lung: 386.5"	"Group enriched"	"Detected in many"	12	"Adipocytes: 2773.0;Endothelial cells: 835.9;Lymphatic endothelial cells: 1261.5"	"Cell type enriched"	"Detected in many"	8	"endothelial cell: 1608.8"	"Cancer enriched"	"Detected in all"	4	"Glioblastoma Multiforme (TCGA): 131.6"	"Low region specificity"	"Detected in all"			"Group enriched"	"Detected in some"	24	"basophil: 19.0;naive CD4 T-cell: 4.8;neutrophil: 5.9"	"Group enriched"	"Detected in many"	29	"granulocytes: 19.0;T-cells: 4.8"	"Cancer enhanced"	"Detected in some"		"Bone cancer: 6.4;cervical cancer: 13.7"	"Adipose subcutaneous - Endothelial cells, Adipose visceral - Endothelial cells, Breast - Endothelial cells, Colon - Endothelial cells, Kidney - Endothelial cells, Liver - Vascular Endothelial cells, Minor Salivary Gland - Endothelial cells, Prostate - Endothelial cells, Testis - Endothelial cells"	"Low region specificity"	"Detected in all"			"Low region specificity"	"Detected in all"			CAB002607	Approved						NA	NA		210000	"Cluster 4: Neutrophils - Degranulation"	"Cluster 34: Non-specific - Mixed function"	"Cluster 42: Choroid plexus - Mitochondria"	"Cluster 12: Bone cancer - Neuronal signaling"	"Cluster 54: Lymphatic endothelial cells - Lymph vessel development"	33			"CAB002607: "	"unprognostic (3.69e-2)"	"unprognostic (6.97e-2)"	"unprognostic (3.90e-2)"	"potential prognostic favorable (5.01e-4)"	"unprognostic (4.48e-2)"	"unprognostic (1.63e-1)"	"unprognostic (1.08e-2)"	"unprognostic (2.91e-1)"	"unprognostic (1.17e-1)"	"unprognostic (8.02e-2)"	"potential prognostic favorable (3.97e-4)"	"unprognostic (1.38e-3)"	"unprognostic (9.05e-3)"	"unprognostic (9.64e-2)"	"unprognostic (5.56e-3)"	"unprognostic (2.51e-1)"	"unprognostic (4.18e-1)"	"potential prognostic unfavorable (2.57e-5)"	"unprognostic (2.48e-1)"	"unprognostic (3.60e-2)"	"unprognostic (2.01e-1)"	"unprognostic (4.98e-3)"	"unprognostic (8.80e-2)"	"unprognostic (1.64e-1)"	"unprognostic (5.64e-2)"	"unprognostic (6.76e-2)"	"unprognostic (3.58e-1)"	"unprognostic (1.55e-2)"	"unprognostic (3.85e-2)"	"unprognostic (1.10e-1)"	"unprognostic (2.73e-1)"
CLEC4A	"CD367, CLECSF6, DCIR, DDB27, hDCIR"	ENSG00000111729	"C-type lectin domain family 4 member A"	Q9UMR7	12	8123617-8138607	"CD markers, Predicted intracellular proteins, Predicted membrane proteins"	"Adaptive immunity, Host-virus interaction, Immunity, Innate immunity"			"Evidence at protein level"	"Evidence at transcript level"	"Evidence at protein level"	"Evidence at protein level"	"Tissue enhanced"	"Detected in all"		"bone marrow: 21.3;lymphoid tissue: 26.1"	"Group enriched"	"Detected in some"	4	"Hofbauer cells: 14.1;Kupffer cells: 28.8;Langerhans cells: 31.2;Macrophages: 35.2;monocytes: 12.6"	"Cell type enhanced"	"Detected in all"		"central nervous system macrophage: 21.1"	"Low cancer specificity"	"Detected in all"			"Low region specificity"	"Detected in all"			"Group enriched"	"Detected in many"	6	"basophil: 227.9;classical monocyte: 333.0;intermediate monocyte: 198.7;myeloid DC: 328.2;neutrophil: 300.4;non-classical monocyte: 130.7"	"Group enriched"	"Detected in all"	13	"dendritic cells: 328.2;granulocytes: 300.4;monocytes: 333.0"	"Low cancer specificity"	"Detected in some"				"Not detected"	"Not detected"			"Not detected"	"Not detected"			HPA007842	Uncertain						NA	NA			"Cluster 38: Monocytes & Neutrophils - Degranulation"	"Cluster 81: Lymphoid tissue & Bone marrow - Innate immune response"	"Cluster 7: Non-specific - Ribosome"	"Cluster 59: Leukemia - T-cell receptor"	"Cluster 29: Monocytes - Innate immune response"	37			"HPA007842: AB_1078534"	"unprognostic (2.90e-2)"	"unprognostic (9.08e-2)"	"unprognostic (2.18e-1)"	"potential prognostic favorable (6.05e-4)"	"unprognostic (2.18e-1)"	"unprognostic (9.85e-3)"	"unprognostic (1.14e-1)"	"unprognostic (4.52e-1)"	"unprognostic (3.73e-2)"	"unprognostic (1.36e-1)"	"unprognostic (2.22e-1)"	"unprognostic (2.01e-1)"	"unprognostic (4.55e-2)"	"unprognostic (1.48e-2)"	"unprognostic (2.87e-1)"	"potential prognostic favorable (2.05e-4)"	"unprognostic (9.66e-2)"	"unprognostic (1.70e-2)"	"unprognostic (2.39e-1)"	"unprognostic (1.89e-1)"	"unprognostic (5.76e-1)"	"unprognostic (6.08e-2)"	"unprognostic (3.40e-2)"	"unprognostic (3.14e-1)"	"unprognostic (1.11e-2)"	"unprognostic (1.67e-2)"	"unprognostic (2.51e-2)"	"unprognostic (5.37e-2)"	"unprognostic (1.48e-2)"	"unprognostic (1.32e-1)"	"unprognostic (1.29e-1)"
CLEC4E	"CLECSF9, MINCLE"	ENSG00000166523	"C-type lectin domain family 4 member E"	Q9ULY5	12	8533305-8540905	"Predicted intracellular proteins, Predicted membrane proteins"	"Immunity, Innate immunity"			"Evidence at protein level"	"Evidence at protein level"	"Evidence at protein level"	"Evidence at protein level"	"Tissue enhanced"	"Detected in many"		"bone marrow: 74.9;lymphoid tissue: 51.0"	"Cell type enhanced"	"Detected in many"		"Glandular and luminal cells: 39.5;Hofbauer cells: 52.8;Kupffer cells: 170.0;Macrophages: 104.7;monocytes: 203.2"	"Cell type enhanced"	"Detected in some"		"endothelial cell: 3.2;leukocyte: 3.9"	"Cancer enhanced"	"Detected in many"		"Testicular Germ Cell Tumor (TCGA): 20.2"	"Low region specificity"	"Detected in all"			"Group enriched"	"Detected in some"	16	"classical monocyte: 129.3;neutrophil: 451.9"	"Group enriched"	"Detected in many"	17	"granulocytes: 451.9;monocytes: 129.3"	"Group enriched"	"Detected in some"	8	"Kidney cancer: 30.8;ovarian cancer: 9.6"	"Adipose visceral - Neutrophils, Liver - Neutrophils, Lung - Neutrophil_2, Pancreas - Macrophages, Prostate - Macrophages, Skin - Macrophages, Spleen - Neutrophils, Thyroid gland - Thyroid glandular cells"	"Not detected"	"Not detected"			"Not detected"	"Not detected"			HPA004935	Uncertain						NA	NA			"Cluster 21: Neutrophils - Unknown function"	"Cluster 81: Lymphoid tissue & Bone marrow - Innate immune response"	"Cluster 9: Non-specific - Receptor signaling"	"Cluster 15: Kidney cancer - Membrane components"	"Cluster 29: Monocytes - Innate immune response"	101			"HPA004935: AB_2667299"	"unprognostic (1.36e-1)"	"unprognostic (5.81e-2)"	"potential prognostic favorable (3.95e-4)"	"unprognostic (3.17e-2)"	"unprognostic (1.47e-1)"	"unprognostic (4.86e-2)"	"unprognostic (5.96e-2)"	"unprognostic (3.27e-2)"	"unprognostic (1.54e-2)"		"unprognostic (2.64e-1)"	"unprognostic (1.63e-1)"	"unprognostic (6.22e-2)"	"unprognostic (9.87e-2)"	"unprognostic (1.04e-1)"	"unprognostic (2.58e-1)"	"unprognostic (5.65e-2)"	"unprognostic (1.73e-1)"	"unprognostic (3.23e-1)"	"unprognostic (2.07e-1)"	"unprognostic (4.68e-2)"	"unprognostic (2.07e-1)"	"unprognostic (1.26e-1)"	"unprognostic (1.20e-1)"	"unprognostic (2.35e-1)"	"unprognostic (3.22e-2)"	"unprognostic (2.32e-2)"	"unprognostic (2.57e-2)"	"unprognostic (3.75e-2)"	"unprognostic (1.78e-1)"	"unprognostic (1.41e-1)"
CLEC9A	"CD370, DNGR-1, HEEE9341, UNQ9341"	ENSG00000197992	"C-type lectin domain containing 9A"	Q6UXN8	12	10030678-10066031	"CD markers, Predicted membrane proteins"	Endocytosis	Receptor		"Evidence at protein level"	"Evidence at transcript level"	"Evidence at protein level"	"Evidence at protein level"	"Tissue enhanced"	"Detected in some"		"brain: 4.3;lymphoid tissue: 7.3"	"Cell type enriched"	"Detected in some"	13	"Schwann cells: 243.1"	"Cell type enriched"	"Detected in some"	35	"central nervous system macrophage: 137.6"	"Cancer enhanced"	"Detected in some"		"Testicular Germ Cell Tumor (TCGA): 4.4"	"Low region specificity"	"Detected in many"			"Group enriched"	"Detected in some"	96	"myeloid DC: 22.0;neutrophil: 7.9"	"Group enriched"	"Detected in many"	96	"dendritic cells: 22.0;granulocytes: 7.9"	"Group enriched"	"Detected in some"	6	"Leukemia: 3.6;Myeloma: 3.2"	"Testis - Early spermatids, Thyroid gland - T-cells"	"Not detected"	"Not detected"														NA	NA			"Cluster 38: Monocytes & Neutrophils - Degranulation"	"Cluster 36: Lymphoid tissue - Cytokine signaling"	"Cluster 39: Astrocytes - Mixed function"	"Cluster 14: Myeloid leukemia - Innate immune response"	"Cluster 28: Dendritic cells - Antigen presentation"							"unprognostic (5.34e-2)"				"unprognostic (1.38e-2)"	"unprognostic (1.49e-1)"			"unprognostic (1.50e-3)"	"unprognostic (9.52e-3)"																	"unprognostic (6.07e-2)"		
COQ7	"CAT5, CLK-1"	ENSG00000167186	"Coenzyme Q7, hydroxylase"	Q99807	16	19067614-19080095	"Disease related genes, Enzymes, Human disease related genes, Metabolic proteins, Potential drug targets, Predicted intracellular proteins, Predicted membrane proteins"	"Ubiquinone biosynthesis"	"Monooxygenase, Oxidoreductase"	"Disease variant, Neurodegeneration, Neuropathy, Primary mitochondrial disease"	"Evidence at protein level"	"Evidence at transcript level"	"Evidence at protein level"	"Evidence at protein level"	"Low tissue specificity"	"Detected in all"			"Low cell type specificity"	"Detected in all"			"Low cell type specificity"	"Detected in all"			"Low cancer specificity"	"Detected in all"			"Low region specificity"	"Detected in all"			"Group enriched"	"Detected in all"	5	"basophil: 40.4;neutrophil: 126.8"	"Lineage enriched"	"Detected in all"	8	"granulocytes: 126.8"	"Low cancer specificity"	"Detected in all"			"Adrenal gland - Adrenal cortex cells, Heart muscle - Cardiomyocytes, Testis - Spermatocytes, Thyroid gland - Thyroid glandular cells"	"Low region specificity"	"Detected in all"			"Low region specificity"	"Detected in all"			"HPA067252, HPA071922"	Approved		Approved	"Nucleoplasm,Plasma membrane"			NA	NA			"Cluster 35: Neutrophils - Protein binding"	"Cluster 14: Skeletal muscle - Muscle contraction"	"Cluster 3: Choroid plexus - Cilium"	"Cluster 54: Non-specific - Transcription"	"Cluster 61: Plasma cells - Immunoglobulins & histones"	7	"Plasma membrane"	Nucleoplasm	"HPA067252: AB_2685813, HPA071922: AB_2686473"	"unprognostic (4.06e-1)"	"unprognostic (7.63e-3)"	"unprognostic (2.06e-1)"	"unprognostic (5.00e-2)"	"unprognostic (1.44e-1)"	"unprognostic (2.72e-1)"	"unprognostic (1.43e-2)"	"unprognostic (2.23e-1)"	"unprognostic (1.08e-1)"	"unprognostic (6.45e-2)"	"potential prognostic favorable (7.56e-10)"	"unprognostic (1.81e-2)"	"unprognostic (3.23e-3)"	"unprognostic (3.11e-2)"	"unprognostic (9.42e-2)"	"unprognostic (1.03e-1)"	"unprognostic (5.98e-2)"	"unprognostic (2.79e-1)"	"unprognostic (2.46e-1)"	"unprognostic (4.30e-1)"	"unprognostic (3.18e-2)"	"unprognostic (4.57e-2)"	"unprognostic (2.66e-2)"	"unprognostic (1.10e-1)"	"unprognostic (2.00e-2)"	"unprognostic (3.05e-1)"	"unprognostic (8.72e-2)"	"unprognostic (4.29e-1)"	"unprognostic (2.78e-1)"	"unprognostic (1.97e-2)"	"unprognostic (1.42e-1)"
COTL1	CLP	ENSG00000103187	"Coactosin like F-actin binding protein 1"	Q14019	16	84565596-84618078	"Plasma proteins, Predicted intracellular proteins"		"Actin-binding, Chaperone"		"Evidence at protein level"	"Evidence at protein level"	"Evidence at protein level"	"Evidence at protein level"	"Tissue enhanced"	"Detected in all"		"lymphoid tissue: 365.3"	"Cell type enhanced"	"Detected in all"		"Extravillous trophoblasts: 1658.8;Hofbauer cells: 861.6;Kupffer cells: 848.6;Langerhans cells: 1303.9;Macrophages: 857.5;monocytes: 3363.2"	"Cell type enhanced"	"Detected in all"		"central nervous system macrophage: 222.6;leukocyte: 219.6"	"Low cancer specificity"	"Detected in all"			"Low region specificity"	"Detected in all"			"Group enriched"	"Detected in all"	4	"classical monocyte: 2442.3;eosinophil: 3426.1;intermediate monocyte: 4071.9;myeloid DC: 2397.3;neutrophil: 1764.5;non-classical monocyte: 4600.6"	"Group enriched"	"Detected in all"	5	"dendritic cells: 2397.3;granulocytes: 3426.1;monocytes: 4600.6"	"Low cancer specificity"	"Detected in all"			"Stomach - Gastric mucous cells, Thyroid gland - T-cells"	"Low region specificity"	"Detected in all"			"Low region specificity"	"Detected in all"			"HPA008918, CAB062328"	Enhanced		Supported	Cytosol			NA	NA		14000000	"Cluster 7: Non-specific - Innate immune response"	"Cluster 70: Lymphoid tissue - Immune response"	"Cluster 20: Macrophages & Microglia - Immune response"	"Cluster 68: Non-specific - Cell cycle regulation"	"Cluster 29: Monocytes - Innate immune response"	5	Cytosol		"CAB062328: AB_2084785, HPA008918: AB_2668176"	"unprognostic (1.39e-1)"	"unprognostic (1.19e-2)"	"unprognostic (3.54e-2)"	"unprognostic (4.28e-1)"	"unprognostic (3.24e-2)"	"unprognostic (2.92e-1)"	"unprognostic (9.16e-3)"	"unprognostic (2.99e-1)"	"unprognostic (1.95e-2)"	"unprognostic (2.01e-2)"	"unprognostic (1.27e-2)"	"unprognostic (3.62e-2)"	"unprognostic (1.69e-3)"	"unprognostic (1.39e-1)"	"unprognostic (1.60e-1)"	"unprognostic (1.64e-1)"	"unprognostic (7.64e-2)"	"unprognostic (5.75e-2)"	"unprognostic (5.60e-3)"	"unprognostic (3.59e-2)"	"unprognostic (2.59e-1)"	"unprognostic (3.89e-2)"	"unprognostic (1.66e-1)"	"unprognostic (1.03e-1)"	"unprognostic (6.34e-2)"	"unprognostic (4.48e-2)"	"unprognostic (1.58e-1)"	"unprognostic (1.55e-1)"	"unprognostic (1.02e-2)"	"potential prognostic unfavorable (6.69e-4)"	"unprognostic (1.10e-1)"
CR1	"CD35, KN"	ENSG00000203710	"Complement C3b/C4b receptor 1 (Knops blood group)"	P17927	1	207496147-207641765	"Blood group antigen proteins, CD markers, Plasma proteins, Predicted membrane proteins"	"Complement pathway, Host-virus interaction, Immunity, Innate immunity"	"Blood group antigen, Host cell receptor for virus entry, Receptor"		"Evidence at protein level"	"Evidence at protein level"	"Evidence at protein level"	"Evidence at protein level"	"Tissue enhanced"	"Detected in many"		"adipose tissue: 12.8;lymphoid tissue: 26.5"	"Cell type enhanced"	"Detected in some"		"B-cells: 40.6;Erythroid cells: 17.0;Hofbauer cells: 16.9;Kupffer cells: 96.2;Macrophages: 42.4;monocytes: 23.2"	"Cell type enhanced"	"Detected in some"		"fibroblast: 7.1;leukocyte: 12.1;oligodendrocyte: 8.2"	"Low cancer specificity"	"Detected in some"			"Low region specificity"	"Detected in all"			"Group enriched"	"Detected in many"	6	"basophil: 53.8;eosinophil: 17.2;neutrophil: 15.6"	"Lineage enriched"	"Detected in many"	12	"granulocytes: 53.8"	"Group enriched"	"Detected in some"	9	"Leukemia: 3.6;lymphoma: 1.0"	"Adipose subcutaneous - Macrophages, Adipose visceral - Macrophages, Adrenal gland - Macrophages, Breast - Macrophages, Colon - Macrophages, Kidney - Podocytes, Lung - Neutrophil_2, Pituitary gland - Macrophages, Prostate - Macrophages, Thyroid gland - Macrophages"	"Low region specificity"	"Detected in all"			"Not detected"	"Not detected"			"CAB002491, CAB016271, HPA042455, HPA043579, HPA049348"	Enhanced		Supported	"Plasma membrane"			NA	NA		69000000	"Cluster 20: Non-specific - DNA binding"	"Cluster 70: Lymphoid tissue - Immune response"	"Cluster 11: White matter - Signal transduction"	"Cluster 55: Lymphoma - Immune response"	"Cluster 74: Neutrophils - Degranulation"	1	"Plasma membrane"		"CAB002491: AB_563553, CAB016271: AB_627040, HPA042455: AB_2678006, HPA043579: AB_2678564, HPA049348: AB_2680723"	"unprognostic (3.19e-1)"		"unprognostic (6.73e-3)"			"unprognostic (2.40e-1)"		"potential prognostic unfavorable (3.09e-4)"				"unprognostic (6.59e-2)"				"unprognostic (1.20e-3)"	"unprognostic (6.21e-2)"	"unprognostic (3.54e-2)"	"unprognostic (3.00e-1)"			"unprognostic (4.72e-2)"	"unprognostic (3.66e-2)"			"unprognostic (1.23e-1)"		"unprognostic (5.13e-2)"	"unprognostic (2.49e-2)"		
CREG1	CREG	ENSG00000143162	"Cellular repressor of E1A stimulated genes 1"	O75629	1	167529117-167553805	"Predicted secreted proteins"	"Growth regulation"			"Evidence at protein level"	"Evidence at transcript level"	"Evidence at protein level"	"Evidence at protein level"	"Low tissue specificity"	"Detected in all"			"Cell type enhanced"	"Detected in all"		"Hofbauer cells: 494.0;Kupffer cells: 559.7"	"Low cell type specificity"	"Detected in all"			"Low cancer specificity"	"Detected in all"			"Low region specificity"	"Detected in all"			"Group enriched"	"Detected in all"	5	"basophil: 55.9;classical monocyte: 128.5;eosinophil: 75.9;intermediate monocyte: 75.6;myeloid DC: 89.9;neutrophil: 43.8;non-classical monocyte: 72.7"	"Group enriched"	"Detected in all"	6	"dendritic cells: 89.9;granulocytes: 75.9;monocytes: 128.5"	"Low cancer specificity"	"Detected in all"			"Adipose subcutaneous - Macrophages, Adrenal gland - Adrenal cortex cells, Liver - Hepatocytes, Lung - Macrophages, Prostate - Fibroblasts, Spleen - Macrophages, Thyroid gland - Thyroid glandular cells"	"Low region specificity"	"Detected in all"			"Low region specificity"	"Detected in all"			HPA056390			Approved	Vesicles,Microtubules	"Secreted to blood"	Other	NA	NA		500000	"Cluster 38: Monocytes & Neutrophils - Degranulation"	"Cluster 11: Liver - Plasma proteins"	"Cluster 50: Non-specific - Nucleic acid binding"	"Cluster 7: Liver cancer - Metabolism"	"Cluster 58: Macrophages - Innate immune response"	4	Microtubules	Vesicles	"HPA056390: AB_2683113"	"unprognostic (2.06e-1)"	"unprognostic (1.15e-1)"	"unprognostic (1.93e-1)"	"unprognostic (1.79e-1)"	"unprognostic (3.20e-1)"	"unprognostic (1.48e-2)"	"unprognostic (2.55e-2)"	"potential prognostic unfavorable (3.95e-4)"	"unprognostic (1.19e-2)"	"unprognostic (2.87e-2)"	"potential prognostic favorable (2.33e-5)"	"unprognostic (1.01e-1)"	"unprognostic (2.56e-3)"	"unprognostic (7.63e-2)"	"unprognostic (2.05e-3)"	"unprognostic (2.15e-1)"	"unprognostic (2.91e-1)"	"unprognostic (1.26e-1)"	"unprognostic (2.51e-2)"	"unprognostic (2.41e-1)"	"potential prognostic unfavorable (4.88e-4)"	"unprognostic (8.87e-2)"	"unprognostic (1.82e-2)"	"unprognostic (5.14e-2)"	"unprognostic (6.25e-2)"	"unprognostic (4.32e-2)"	"unprognostic (1.75e-2)"	"unprognostic (1.52e-1)"	"unprognostic (1.20e-1)"	"unprognostic (5.51e-3)"	"unprognostic (4.04e-1)"
CSF2RB	"betaGMR, CD131, IL3RB, IL5RB"	ENSG00000100368	"Colony stimulating factor 2 receptor subunit beta"	P32927	22	36913628-36940439	"CD markers, Disease related genes, FDA approved drug targets, Human disease related genes, Plasma proteins, Predicted intracellular proteins, Predicted membrane proteins"		Receptor	"FDA approved drug targets"	"Evidence at protein level"	"Evidence at protein level"	"Evidence at protein level"	"Evidence at protein level"	"Tissue enhanced"	"Detected in many"		"bone marrow: 53.9;lymphoid tissue: 63.7"	"Cell type enhanced"	"Detected in many"		"dendritic cells: 115.7;Extravillous trophoblasts: 43.3;granulocytes: 68.5;Kupffer cells: 36.9;Langerhans cells: 74.0;Late spermatids: 40.9;Macrophages: 36.3;monocytes: 36.6;Plasma cells: 43.1"	"Group enriched"	"Detected in some"	6	"central nervous system macrophage: 15.3;leukocyte: 5.2"	"Low cancer specificity"	"Detected in all"			"Low region specificity"	"Detected in all"			"Group enriched"	"Detected in many"	7	"basophil: 239.1;neutrophil: 76.3"	"Lineage enriched"	"Detected in many"	16	"granulocytes: 239.1"	"Group enriched"	"Detected in some"	47	"Leukemia: 43.7;lymphoma: 16.5;Myeloma: 15.2"	"Adrenal gland - Macrophages, Spleen - Neutrophils, Testis - Late spermatids"	"Low region specificity"	"Detected in single"			"Low region specificity"	"Detected in all"			HPA078677			Approved	"Golgi apparatus"			NA	NA			"Cluster 41: Basophils - Unknown function"	"Cluster 70: Lymphoid tissue - Immune response"	"Cluster 12: Non-specific - Vasculature"	"Cluster 49: HMC-1 - Innate immune response"	"Cluster 74: Neutrophils - Degranulation"	17	"Golgi apparatus"		"HPA078677: AB_2732389"	"unprognostic (3.93e-2)"	"unprognostic (1.56e-2)"	"unprognostic (5.87e-2)"	"unprognostic (2.98e-2)"	"unprognostic (6.20e-2)"	"unprognostic (6.34e-2)"	"unprognostic (6.50e-2)"	"unprognostic (9.21e-2)"	"potential prognostic favorable (4.95e-4)"	"unprognostic (3.53e-2)"	"unprognostic (2.35e-2)"	"unprognostic (4.95e-2)"	"unprognostic (6.49e-2)"	"unprognostic (1.20e-1)"	"unprognostic (1.32e-1)"	"potential prognostic favorable (5.00e-4)"	"unprognostic (2.38e-1)"	"unprognostic (5.43e-2)"	"unprognostic (1.09e-1)"	"unprognostic (9.58e-2)"	"unprognostic (4.46e-1)"	"unprognostic (1.18e-1)"	"unprognostic (9.71e-3)"	"unprognostic (1.35e-1)"	"unprognostic (1.25e-1)"	"unprognostic (9.41e-2)"	"unprognostic (4.39e-1)"	"unprognostic (3.74e-2)"	"unprognostic (9.69e-2)"	"unprognostic (1.93e-1)"	"unprognostic (2.35e-1)"
CSTA	"STF1, STFA"	ENSG00000121552	"Cystatin A"	P01040	3	122325248-122341969	"Cancer-related genes, Disease related genes, Human disease related genes, Plasma proteins, Predicted intracellular proteins"	"Cell adhesion"	"Protease inhibitor, Thiol protease inhibitor"	"Cancer-related genes, Ichthyosis"	"Evidence at protein level"	"Evidence at protein level"	"Evidence at protein level"	"Evidence at protein level"	"Tissue enhanced"	"Detected in many"		"esophagus: 5747.2;vagina: 1797.2"	"Cell type enhanced"	"Detected in many"		"Basal keratinocytes: 1673.9;Basal respiratory cells: 2164.0;Squamous epithelial cells: 3618.5;Suprabasal keratinocytes: 10175.1"	"Group enriched"	"Detected in some"	5	"central nervous system macrophage: 1.0;leukocyte: 2.7"	"Cancer enhanced"	"Detected in all"		"Cervical Squamous Cell Carcinoma and Endocervical Adenocarcinoma (TCGA): 834.3;Head and Neck Squamous Cell Carcinoma (TCGA): 1280.1"	"Low region specificity"	"Detected in some"			"Group enriched"	"Detected in many"	19	"classical monocyte: 516.2;intermediate monocyte: 269.6;myeloid DC: 383.7;neutrophil: 246.8;non-classical monocyte: 162.5"	"Group enriched"	"Detected in all"	193	"dendritic cells: 383.7;granulocytes: 246.8;monocytes: 516.2"	"Cancer enhanced"	"Detected in many"		"cervical cancer: 157.7;head and neck cancer: 297.3"	"Adipose subcutaneous - Adipocytes (Subcutaneous), Minor Salivary Gland - Minor salivary gland basal cells, Skin - Keratinocyte (other)"	"Not detected"	"Not detected"			"Not detected"	"Not detected"			"CAB000469, HPA001031, CAB047315"	Enhanced		Approved	Nucleoplasm,Cytosol			No	No		15000000	"Cluster 38: Monocytes & Neutrophils - Degranulation"	"Cluster 29: Squamous epithelium - Innate immune response"	"Cluster 20: Macrophages & Microglia - Immune response"	"Cluster 53: Squamous epithelial cells - Keratinization"	"Cluster 59: Suprabasal keratinocytes - Cornification"	24	"Nucleoplasm, Cytosol"		"CAB000469: , CAB047315: , HPA001031: AB_1078610"	"unprognostic (4.12e-1)"	"unprognostic (4.38e-3)"	"unprognostic (2.48e-1)"	"unprognostic (9.20e-2)"	"unprognostic (2.34e-1)"	"unprognostic (1.45e-1)"	"potential prognostic unfavorable (4.39e-4)"	"unprognostic (4.90e-2)"	"potential prognostic favorable (7.58e-4)"	"unprognostic (8.10e-2)"	"unprognostic (2.11e-3)"	"unprognostic (1.45e-1)"	"unprognostic (1.14e-1)"	"unprognostic (2.72e-1)"	"unprognostic (1.93e-1)"	"unprognostic (1.27e-1)"	"unprognostic (9.14e-2)"	"unprognostic (2.16e-3)"	"unprognostic (1.13e-1)"	"unprognostic (1.54e-1)"	"unprognostic (1.34e-2)"	"unprognostic (6.01e-2)"	"unprognostic (1.34e-2)"	"unprognostic (1.79e-1)"	"unprognostic (1.81e-1)"	"unprognostic (7.69e-2)"	"unprognostic (9.08e-2)"	"unprognostic (4.83e-2)"	"unprognostic (4.53e-2)"	"unprognostic (1.06e-2)"	"unprognostic (4.67e-2)"
CXCL16	"CXCLG16, SR-PSOX, SRPSOX"	ENSG00000161921	"C-X-C motif chemokine ligand 16"	Q9H2A7	17	4733533-4739928	"Predicted intracellular proteins, Predicted membrane proteins, Predicted secreted proteins, Transporters"	Chemotaxis	Cytokine		"Evidence at protein level"	"Evidence at transcript level"	"Evidence at transcript level"	"Evidence at protein level"	"Low tissue specificity"	"Detected in all"			"Cell type enriched"	"Detected in many"	6	"Late spermatids: 4051.1"	"Cell type enhanced"	"Detected in many"		"central nervous system macrophage: 65.8;ependymal cell: 26.0"	"Low cancer specificity"	"Detected in all"			"Low region specificity"	"Detected in all"			"Group enriched"	"Detected in many"	5	"classical monocyte: 63.2;intermediate monocyte: 107.3;myeloid DC: 38.2;neutrophil: 103.3;non-classical monocyte: 141.8"	"Group enriched"	"Detected in many"	7	"dendritic cells: 38.2;granulocytes: 103.3;monocytes: 141.8"	"Low cancer specificity"	"Detected in many"			"Minor Salivary Gland - Minor salivary glandular cells, Pancreas - Ductal cells, Spleen - Macrophages, Testis - Late spermatids"	"Low region specificity"	"Detected in many"			"Low region specificity"	"Detected in all"			"HPA053253, HPA066315"	Approved		Approved	"Golgi apparatus,Vesicles"	"Secreted to blood"	Chemokine	NA	NA	1100000	29000000	"Cluster 40: Monocytes - Innate immune response"	"Cluster 44: Testis - Spermatogenesis"	"Cluster 20: Macrophages & Microglia - Immune response"	"Cluster 53: Squamous epithelial cells - Keratinization"	"Cluster 36: Late spermatids - Unknown function"	4	"Golgi apparatus, Vesicles"		"HPA053253: AB_2682091, HPA066315: AB_2685657"	"unprognostic (1.16e-2)"	"potential prognostic favorable (7.87e-4)"	"unprognostic (2.52e-1)"	"unprognostic (3.32e-1)"	"unprognostic (1.74e-1)"	"unprognostic (2.24e-1)"	"unprognostic (1.25e-1)"	"potential prognostic unfavorable (8.79e-5)"	"unprognostic (1.07e-1)"	"unprognostic (8.57e-2)"	"unprognostic (2.58e-1)"	"unprognostic (1.18e-1)"	"unprognostic (8.28e-3)"	"unprognostic (1.70e-2)"	"unprognostic (1.02e-1)"	"unprognostic (1.42e-1)"	"unprognostic (3.19e-2)"	"unprognostic (1.41e-1)"	"unprognostic (1.03e-1)"	"unprognostic (2.67e-1)"	"unprognostic (1.29e-1)"	"unprognostic (1.41e-1)"	"unprognostic (5.23e-3)"	"unprognostic (3.07e-1)"	"unprognostic (2.36e-1)"	"unprognostic (3.71e-1)"	"unprognostic (8.75e-2)"	"unprognostic (3.09e-1)"	"unprognostic (3.38e-2)"	"unprognostic (2.76e-2)"	"unprognostic (6.40e-2)"
CYBRD1	"CYB561A2, DCYTB, FLJ23462, FRRS3"	ENSG00000071967	"Cytochrome b reductase 1"	Q53TN4	2	171522247-171558129	"Enzymes, Metabolic proteins, Predicted membrane proteins, Transporters"	"Electron transport, Transport"	"Oxidoreductase, Translocase"		"Evidence at protein level"	"Evidence at protein level"	"Evidence at protein level"	"Evidence at protein level"	"Low tissue specificity"	"Detected in all"			"Cell type enhanced"	"Detected in many"		"Fibroblasts: 229.2;Leydig cells: 193.7;Peritubular cells: 215.1;Proximal enterocytes: 691.4"	"Cell type enhanced"	"Detected in many"		"fibroblast: 169.3"	"Low cancer specificity"	"Detected in all"			"Low region specificity"	"Detected in all"			"Group enriched"	"Detected in many"	4	"classical monocyte: 17.4;intermediate monocyte: 17.8;myeloid DC: 16.8;neutrophil: 9.8;non-classical monocyte: 13.7"	"Group enriched"	"Detected in many"	4	"dendritic cells: 16.8;granulocytes: 9.8;monocytes: 17.8"	"Low cancer specificity"	"Detected in many"			"Breast - Fibroblasts, Heart muscle - Fibroblasts, Kidney - Fibroblasts, Liver - Hepatic stellate cells, Minor Salivary Gland - Macrophages, Pancreas - Fibroblasts, Prostate - Fibroblasts"	"Low region specificity"	"Detected in many"			"Low region specificity"	"Detected in all"			HPA014757	Approved		Supported	"Plasma membrane"			NA	NA			"Cluster 38: Monocytes & Neutrophils - Degranulation"	"Cluster 41: Smooth muscle tissue - ECM organization"	"Cluster 39: Astrocytes - Mixed function"	"Cluster 44: Connective tissue cells - ECM organization"	"Cluster 22: Proximal enterocytes - Digestion"	22	"Plasma membrane"		"HPA014757: AB_1847374"	"unprognostic (2.31e-2)"	"unprognostic (2.72e-1)"	"unprognostic (6.85e-2)"	"unprognostic (1.64e-2)"	"unprognostic (5.77e-2)"	"unprognostic (2.22e-2)"	"unprognostic (3.87e-2)"	"potential prognostic unfavorable (1.98e-4)"	"unprognostic (1.91e-2)"	"unprognostic (6.46e-2)"	"unprognostic (2.91e-2)"	"unprognostic (1.09e-1)"	"unprognostic (3.31e-3)"	"unprognostic (2.13e-1)"	"unprognostic (6.00e-3)"	"unprognostic (4.43e-2)"	"unprognostic (3.28e-2)"	"unprognostic (1.19e-2)"	"unprognostic (9.05e-2)"	"unprognostic (1.14e-3)"	"unprognostic (4.90e-3)"	"unprognostic (1.25e-1)"	"unprognostic (9.58e-2)"	"unprognostic (3.72e-1)"	"unprognostic (8.67e-2)"	"unprognostic (4.14e-3)"	"unprognostic (1.92e-2)"	"unprognostic (2.46e-2)"	"unprognostic (7.58e-2)"	"unprognostic (2.74e-2)"	"unprognostic (2.15e-1)"
DAPK2	"DRP-1, MGC119312"	ENSG00000035664	"Death associated protein kinase 2"	Q9UIK4	15	63907036-64072033	"Enzymes, Predicted intracellular proteins, Predicted membrane proteins"	Apoptosis	"Calmodulin-binding, Kinase, Serine/threonine-protein kinase, Transferase"		"Evidence at protein level"	"Evidence at protein level"	"Evidence at protein level"	"Evidence at protein level"	"Tissue enhanced"	"Detected in many"		"skeletal muscle: 48.4;thyroid gland: 40.7"	"Cell type enhanced"	"Detected in many"		"Alveolar cells type 1: 91.4;Late spermatids: 111.3;Oligodendrocytes: 92.9;Proximal enterocytes: 53.4"	"Cell type enhanced"	"Detected in many"		"fibroblast: 68.0;oligodendrocyte: 179.9"	"Cancer enriched"	"Detected in all"	14	"Thyroid Carcinoma (TCGA): 153.6"	"Low region specificity"	"Detected in all"			"Group enriched"	"Detected in many"	15	"basophil: 64.8;eosinophil: 138.6;neutrophil: 39.2"	"Lineage enriched"	"Detected in many"	26	"granulocytes: 138.6"	"Low cancer specificity"	"Detected in many"			"Lung - Alveolar cells type 1"	"Low region specificity"	"Detected in many"			"Low region specificity"	"Detected in all"			HPA071581			Supported	"Golgi apparatus,Vesicles"			NA	NA			"Cluster 36: Eosinophils - Protein ubiquitination"	"Cluster 19: Non-specific - Basic cellular processes"	"Cluster 11: White matter - Signal transduction"	"Cluster 57: Stomach & Colon cancer - Digestion"	"Cluster 63: Late spermatids - Spermatogenesis"	1	"Golgi apparatus, Vesicles"		"HPA071581: AB_2686421"	"unprognostic (6.78e-2)"	"unprognostic (1.55e-1)"	"unprognostic (5.16e-2)"	"unprognostic (3.07e-2)"	"unprognostic (5.00e-2)"	"unprognostic (2.83e-1)"	"unprognostic (4.20e-3)"	"unprognostic (1.76e-2)"	"unprognostic (8.97e-3)"	"unprognostic (9.46e-2)"	"unprognostic (7.74e-3)"	"unprognostic (3.39e-1)"	"unprognostic (3.70e-3)"	"unprognostic (3.87e-1)"	"unprognostic (1.50e-2)"	"potential prognostic favorable (1.03e-6)"	"unprognostic (4.16e-1)"	"unprognostic (4.02e-1)"	"unprognostic (1.80e-1)"	"unprognostic (1.65e-1)"	"unprognostic (1.52e-1)"	"unprognostic (1.21e-1)"	"unprognostic (3.26e-1)"	"unprognostic (1.51e-1)"	"unprognostic (2.69e-2)"	"unprognostic (5.16e-2)"	"unprognostic (3.72e-1)"	"unprognostic (8.45e-2)"	"unprognostic (1.74e-1)"	"unprognostic (1.43e-2)"	"unprognostic (3.64e-3)"
DGKG	DAGK3	ENSG00000058866	"Diacylglycerol kinase gamma"	P49619	3	186105668-186362234	"Enzymes, Metabolic proteins, Plasma proteins, Predicted intracellular proteins"	"Lipid metabolism"	"Kinase, Transferase"		"Evidence at protein level"	"Evidence at protein level"	"Evidence at protein level"	"Evidence at protein level"	"Tissue enhanced"	"Detected in many"		"brain: 26.7"	"Cell type enhanced"	"Detected in many"		"Astrocytes: 211.5;Excitatory neurons: 107.0;Inhibitory neurons: 60.6;Oligodendrocyte precursor cells: 314.1"	"Cell type enhanced"	"Detected in all"		"bergmann glia: 1684.0"	"Cancer enhanced"	"Detected in many"		"Glioblastoma Multiforme (TCGA): 8.2"	"Low region specificity"	"Detected in all"			"Group enriched"	"Detected in many"	6	"classical monocyte: 2.1;eosinophil: 1.2;intermediate monocyte: 1.2;myeloid DC: 1.5;neutrophil: 2.6;non-classical monocyte: 1.5"	"Group enriched"	"Detected in many"	7	"dendritic cells: 1.5;granulocytes: 2.6;monocytes: 2.1"	"Low cancer specificity"	"Detected in many"			"Adipose subcutaneous - Smooth muscle cells, Adipose visceral - Smooth muscle cells, Pituitary gland - Corticotropes"	"Low region specificity"	"Detected in all"			"Low region specificity"	"Detected in all"			HPA036577	Approved		Approved	"Vesicles,Plasma membrane"			NA	NA			"Cluster 38: Monocytes & Neutrophils - Degranulation"	"Cluster 65: Cerebellum - Nervous system development"	"Cluster 37: Neurons - Mixed function"	"Cluster 11: Neuronal - Sensory perception"	"Cluster 34: Neurons - Neuronal signaling"		"Vesicles, Plasma membrane"		"HPA036577: AB_10672358"			"unprognostic (1.39e-1)"			"unprognostic (8.38e-3)"	"unprognostic (2.15e-1)"	"unprognostic (3.20e-1)"			"unprognostic (3.83e-3)"	"unprognostic (1.66e-1)"				"unprognostic (4.77e-3)"	"unprognostic (3.78e-1)"	"unprognostic (3.81e-1)"	"unprognostic (4.64e-2)"	"unprognostic (1.60e-1)"			"unprognostic (1.69e-2)"			"unprognostic (2.97e-1)"	"unprognostic (3.16e-1)"	"unprognostic (1.10e-2)"			
DHRS9	"3alpha-HSD, RDH15, RDHL, RETSDR8, SDR9C4"	ENSG00000073737	"Dehydrogenase/reductase 9"	Q9BPW9	2	169064789-169096167	"Enzymes, Metabolic proteins, Predicted intracellular proteins, Predicted membrane proteins"	"Lipid metabolism, Steroid metabolism"	Oxidoreductase		"Evidence at protein level"	"Evidence at protein level"	"Evidence at protein level"	"Evidence at protein level"	"Tissue enhanced"	"Detected in many"		"heart muscle: 52.1;intestine: 68.1"	"Cell type enhanced"	"Detected in many"		"Club cells: 153.0;Distal enterocytes: 194.3;Early spermatids: 184.0;Ionocytes: 253.3;Syncytiotrophoblasts: 443.7"	"Cell type enriched"	"Detected in some"	49	"central nervous system macrophage: 119.0"	"Cancer enhanced"	"Detected in many"		"Pancreatic Adenocarcinoma (TCGA): 61.7"	"Low region specificity"	"Detected in many"			"Group enriched"	"Detected in many"	6	"basophil: 259.3;eosinophil: 99.5;neutrophil: 77.6"	"Lineage enriched"	"Detected in many"	10	"granulocytes: 259.3"	"Cancer enhanced"	"Detected in many"		"Gallbladder cancer: 144.7;pancreatic cancer: 82.9"	"Skin - Sebaceous gland cells, Spleen - Neutrophils, Testis - Early spermatids, Testis - Late spermatids"	"Not detected"	"Not detected"			"Low region specificity"	"Detected in many"			"HPA036491, HPA036667"	Approved						NA	NA			"Cluster 46: Basophils - Proteolysis"	"Cluster 45: Intestine - Digestion"	"Cluster 20: Macrophages & Microglia - Immune response"	"Cluster 53: Squamous epithelial cells - Keratinization"	"Cluster 35: Respiratory epithelial cells - Unknown function"				"HPA036491: AB_10673498, HPA036667: AB_10670237"	"unprognostic (8.22e-3)"	"unprognostic (1.61e-1)"	"unprognostic (3.00e-2)"	"unprognostic (1.90e-3)"	"unprognostic (2.12e-1)"	"unprognostic (3.95e-2)"	"unprognostic (6.57e-2)"	"unprognostic (4.69e-3)"	"unprognostic (3.56e-1)"		"unprognostic (5.24e-3)"	"unprognostic (4.56e-1)"	"unprognostic (8.29e-2)"	"unprognostic (1.55e-1)"	"unprognostic (1.63e-1)"	"unprognostic (1.31e-1)"	"unprognostic (2.32e-2)"	"unprognostic (4.32e-2)"	"unprognostic (2.11e-1)"	"potential prognostic unfavorable (9.63e-4)"	"unprognostic (3.06e-2)"	"potential prognostic unfavorable (1.05e-4)"	"unprognostic (1.00e-2)"	"unprognostic (1.48e-1)"	"unprognostic (8.06e-2)"	"unprognostic (6.24e-2)"	"unprognostic (2.18e-1)"	"unprognostic (3.70e-2)"	"unprognostic (1.06e-2)"	"unprognostic (5.32e-2)"	"unprognostic (8.51e-2)"
DMTN	"DMT, EPB49"	ENSG00000158856	"Dematin actin binding protein"	Q08495	8	22048995-22082527	"Plasma proteins, Predicted intracellular proteins"		"Actin capping, Actin-binding"	"Tumor suppressor"	"Evidence at protein level"	"Evidence at protein level"	"Evidence at protein level"	"Evidence at protein level"	"Tissue enhanced"	"Detected in all"		"brain: 330.7"	"Cell type enhanced"	"Detected in many"		"Erythroid cells: 125.3;Excitatory neurons: 44.2;Lymphatic endothelial cells: 68.0"	"Low cell type specificity"	"Detected in all"			"Cancer enhanced"	"Detected in all"		"Kidney Chromophobe (TCGA): 171.3"	"Low region specificity"	"Detected in all"			"Group enriched"	"Detected in many"	8	"gdT-cell: 1.7;MAIT T-cell: 1.7;memory CD4 T-cell: 3.7;memory CD8 T-cell: 1.6;naive CD4 T-cell: 1.5;naive CD8 T-cell: 1.5;neutrophil: 1.1;T-reg: 3.2"	"Group enriched"	"Detected in many"	9	"granulocytes: 1.1;T-cells: 3.7"	"Low cancer specificity"	"Detected in all"			"Adipose subcutaneous - Adipocytes (Subcutaneous), Heart muscle - Cardiomyocytes, Skin - Keratinocyte (other), Spleen - Erythrocytes, Testis - Late spermatids"	"Low region specificity"	"Detected in all"			"Low region specificity"	"Detected in all"			"HPA024290, HPA058487"	Uncertain						NA	NA		3400000	"Cluster 33: Non-specific - ATP binding"	"Cluster 61: Brain - Neuronal signaling"	"Cluster 53: Neurons - Mixed function"	"Cluster 47: Leukemia - Hemostasis"	"Cluster 57: Platelets - Hemostasis"	17			"HPA024290: AB_1847601, HPA058487: "	"potential prognostic favorable (5.75e-4)"	"unprognostic (2.37e-2)"		"unprognostic (7.29e-2)"	"unprognostic (1.28e-3)"	"unprognostic (1.37e-3)"	"unprognostic (5.56e-3)"	"unprognostic (6.61e-3)"	"unprognostic (1.57e-1)"	"unprognostic (3.73e-2)"	"potential prognostic favorable (8.44e-8)"	"unprognostic (3.49e-3)"	"unprognostic (1.13e-2)"	"unprognostic (1.25e-2)"		"unprognostic (3.18e-2)"	"unprognostic (1.60e-1)"	"unprognostic (3.53e-1)"	"unprognostic (4.88e-2)"	"unprognostic (8.24e-2)"	"unprognostic (4.55e-2)"	"unprognostic (2.66e-2)"	"unprognostic (1.77e-1)"	"unprognostic (2.54e-1)"	"unprognostic (6.79e-2)"	"unprognostic (1.89e-1)"	"unprognostic (2.49e-2)"	"unprognostic (5.30e-3)"	"unprognostic (1.74e-1)"	"unprognostic (2.17e-1)"	"unprognostic (7.22e-2)"
DMXL2	"DFNA71, KIAA0856, RC3"	ENSG00000104093	"Dmx like 2"	Q8TDJ6	15	51447711-51622833	"Disease related genes, Human disease related genes, Potential drug targets, Predicted membrane proteins, Transporters"			"Deafness, Diabetes mellitus, Disease variant, Epilepsy, Hypogonadotropic hypogonadism, Neuropathy, Non-syndromic deafness"	"Evidence at protein level"	"Evidence at transcript level"	"Evidence at protein level"	"Evidence at protein level"	"Low tissue specificity"	"Detected in all"			"Cell type enhanced"	"Detected in many"		"Excitatory neurons: 134.2;Inhibitory neurons: 117.8;Kupffer cells: 84.3;Macrophages: 102.6;monocytes: 175.0;Oligodendrocyte precursor cells: 90.6"	"Low cell type specificity"	"Detected in all"			"Low cancer specificity"	"Detected in many"			"Low region specificity"	"Detected in all"			"Group enriched"	"Detected in some"	4	"classical monocyte: 2.8;intermediate monocyte: 2.2;neutrophil: 2.2;non-classical monocyte: 2.7"	"Group enriched"	"Detected in many"	4	"granulocytes: 2.2;monocytes: 2.8"	"Low cancer specificity"	"Detected in all"			"Testis - Spermatocytes, Testis - Spermatogonia"	"Low region specificity"	"Detected in all"			"Low region specificity"	"Detected in all"			HPA039375	Approved						NA	NA			"Cluster 38: Monocytes & Neutrophils - Degranulation"	"Cluster 28: Neuronal - Transcription"	"Cluster 23: Choroid plexus - Mixed function"	"Cluster 14: Myeloid leukemia - Innate immune response"	"Cluster 29: Monocytes - Innate immune response"	13			"HPA039375: AB_10673610"	"unprognostic (1.61e-2)"	"unprognostic (7.89e-2)"	"unprognostic (9.19e-2)"	"unprognostic (3.70e-2)"	"unprognostic (5.77e-2)"	"unprognostic (1.82e-1)"	"unprognostic (1.55e-1)"	"unprognostic (1.48e-2)"	"unprognostic (3.71e-1)"	"unprognostic (2.73e-3)"	"unprognostic (4.48e-3)"	"unprognostic (4.53e-2)"	"unprognostic (1.92e-1)"		"unprognostic (1.08e-1)"	"unprognostic (7.57e-2)"	"unprognostic (2.19e-1)"	"unprognostic (1.07e-1)"	"unprognostic (3.86e-1)"	"unprognostic (4.84e-3)"	"unprognostic (6.16e-3)"	"unprognostic (3.90e-1)"	"unprognostic (1.58e-3)"	"unprognostic (1.23e-1)"	"unprognostic (4.77e-2)"	"unprognostic (1.54e-2)"	"unprognostic (1.83e-1)"	"unprognostic (1.89e-1)"	"unprognostic (1.44e-1)"	"unprognostic (2.22e-2)"	"unprognostic (1.06e-2)"
DNAJB5	Hsc40	ENSG00000137094	"DnaJ heat shock protein family (Hsp40) member B5"	O75953	9	34989641-34998900	"Predicted intracellular proteins"		Chaperone		"Evidence at protein level"	"Evidence at transcript level"	"Evidence at protein level"	"Evidence at protein level"	"Tissue enhanced"	"Detected in all"		"skeletal muscle: 158.7;tongue: 209.7"	"Group enriched"	"Detected in many"	4	"Cardiomyocytes: 49.4;Skeletal myocytes: 82.9"	"Low cell type specificity"	"Detected in many"			"Low cancer specificity"	"Detected in all"			"Low region specificity"	"Detected in all"			"Group enriched"	"Detected in some"	5	"myeloid DC: 5.5;neutrophil: 5.2"	"Group enriched"	"Detected in many"	5	"dendritic cells: 5.5;granulocytes: 5.2"	"Low cancer specificity"	"Detected in all"			"Adipose subcutaneous - Smooth muscle cells, Adipose visceral - Smooth muscle cells, Colon - Smooth muscle cells, Lung - Smooth muscle cells, Prostate - Smooth muscle cells, Spleen - Fibroblast_1, Testis - Sertoli cells"	"Low region specificity"	"Detected in all"			"Low region specificity"	"Detected in all"			"HPA023818, HPA050794"	Approved		Approved	Nucleoplasm,Cytosol			NA	NA			"Cluster 38: Monocytes & Neutrophils - Degranulation"	"Cluster 12: Heart muscle - Cardiac muscle contraction"	"Cluster 35: Non-specific - DNA binding"	"Cluster 72: Neuronal - Signal transduction"	"Cluster 2: Skeletal myocytes - Muscle contraction"	23	Nucleoplasm	Cytosol	"HPA023818: AB_1847793, HPA050794: AB_2681241"	"unprognostic (2.65e-1)"	"unprognostic (5.93e-3)"	"unprognostic (9.44e-2)"	"unprognostic (6.99e-2)"	"unprognostic (2.31e-2)"	"unprognostic (1.47e-2)"	"unprognostic (8.05e-2)"	"unprognostic (1.95e-3)"	"unprognostic (1.15e-2)"	"unprognostic (1.86e-2)"	"potential prognostic favorable (5.65e-4)"	"unprognostic (1.02e-1)"	"unprognostic (1.35e-2)"	"unprognostic (2.74e-1)"	"unprognostic (4.59e-2)"	"unprognostic (9.55e-2)"	"unprognostic (7.77e-2)"	"unprognostic (6.23e-2)"	"unprognostic (1.10e-1)"	"unprognostic (5.48e-2)"	"unprognostic (3.87e-1)"	"unprognostic (7.62e-3)"	"unprognostic (4.00e-2)"	"unprognostic (6.15e-2)"	"unprognostic (3.56e-2)"	"unprognostic (5.09e-2)"	"unprognostic (2.69e-1)"	"unprognostic (2.73e-3)"	"unprognostic (1.41e-1)"	"unprognostic (5.54e-2)"	"unprognostic (2.04e-2)"
DPEP2		ENSG00000167261	"Dipeptidase 2"	Q9H4A9	16	67987394-68000586	"Enzymes, Metabolic proteins, Plasma proteins, Predicted intracellular proteins, Predicted membrane proteins"	"Lipid metabolism"	"Dipeptidase, Hydrolase, Metalloprotease, Protease"		"Evidence at protein level"	"Evidence at transcript level"	"Evidence at protein level"	"Evidence at protein level"	"Tissue enhanced"	"Detected in many"		"bone marrow: 23.0;lymphoid tissue: 27.9"	"Cell type enhanced"	"Detected in many"		"Hofbauer cells: 43.1;Kupffer cells: 44.9;Langerhans cells: 27.3;Macrophages: 27.9;monocytes: 71.8;Syncytiotrophoblasts: 67.2"	"Group enriched"	"Detected in some"	8	"central nervous system macrophage: 38.2;endothelial cell: 32.1;leukocyte: 37.5"	"Low cancer specificity"	"Detected in all"			"Low region specificity"	"Detected in all"			"Group enriched"	"Detected in all"	4	"basophil: 411.4;eosinophil: 844.3;neutrophil: 361.3"	"Lineage enriched"	"Detected in all"	7	"granulocytes: 844.3"	"Cancer enriched"	"Detected in some"	5	"Leukemia: 6.0"	"Spleen - Neutrophils"	"Not detected"	"Not detected"			"Region enhanced"	"Detected in many"		"midbrain: 16.6"	HPA035644	Approved						NA	NA		200000000	"Cluster 36: Eosinophils - Protein ubiquitination"	"Cluster 70: Lymphoid tissue - Immune response"	"Cluster 20: Macrophages & Microglia - Immune response"	"Cluster 14: Myeloid leukemia - Innate immune response"	"Cluster 58: Macrophages - Innate immune response"				"HPA035644: AB_10670164"	"unprognostic (3.12e-2)"	"unprognostic (3.05e-1)"	"unprognostic (5.79e-2)"	"potential prognostic favorable (1.51e-5)"	"unprognostic (1.10e-1)"	"unprognostic (6.23e-2)"	"unprognostic (8.54e-2)"	"unprognostic (7.18e-2)"	"unprognostic (4.59e-2)"	"unprognostic (3.11e-1)"	"unprognostic (4.26e-3)"	"unprognostic (1.69e-2)"	"potential prognostic favorable (2.51e-4)"	"unprognostic (1.87e-1)"	"unprognostic (4.33e-2)"	"potential prognostic favorable (3.35e-4)"	"unprognostic (9.35e-2)"	"unprognostic (8.10e-2)"	"unprognostic (6.43e-2)"	"unprognostic (1.66e-1)"	"unprognostic (9.04e-2)"	"unprognostic (1.88e-2)"	"unprognostic (2.18e-1)"	"unprognostic (8.41e-2)"	"unprognostic (1.01e-1)"	"unprognostic (3.52e-2)"	"unprognostic (7.97e-2)"	"unprognostic (3.30e-2)"	"unprognostic (1.97e-3)"	"unprognostic (4.51e-2)"	"unprognostic (1.32e-1)"
DSC2	"CDHF2, DSC3"	ENSG00000134755	"Desmocollin 2"	Q02487	18	31058840-31102522	"Disease related genes, Human disease related genes, Plasma proteins, Predicted membrane proteins"	"Cell adhesion"		"Cardiomyopathy, Disease variant"	"Evidence at protein level"	"Evidence at protein level"	"Evidence at protein level"	"Evidence at protein level"	"Tissue enhanced"	"Detected in many"		"esophagus: 165.7;vagina: 94.4"	"Cell type enhanced"	"Detected in many"		"Basal keratinocytes: 467.2;Distal enterocytes: 308.6;Squamous epithelial cells: 821.6;Suprabasal keratinocytes: 1501.7"	"Cell type enhanced"	"Detected in many"		"central nervous system macrophage: 26.9"	"Cancer enhanced"	"Detected in all"		"Head and Neck Squamous Cell Carcinoma (TCGA): 142.2"	"Low region specificity"	"Detected in all"			"Group enriched"	"Detected in some"	9	"eosinophil: 29.9;neutrophil: 8.4"	"Lineage enriched"	"Detected in many"	14	"granulocytes: 29.9"	"Low cancer specificity"	"Detected in many"			"Prostate - Prostate glandular cells, Skin - Outer root sheath cells, Stomach - Gastric mucous cells"	"Not detected"	"Not detected"			"Low region specificity"	"Detected in all"			"HPA011911, HPA012615"	Enhanced		Supported	"Endoplasmic reticulum,Plasma membrane"			NA	NA		24000000	"Cluster 36: Eosinophils - Protein ubiquitination"	"Cluster 75: Epithelium - Extracellular exosomes"	"Cluster 39: Astrocytes - Mixed function"	"Cluster 53: Squamous epithelial cells - Keratinization"	"Cluster 59: Suprabasal keratinocytes - Cornification"	9	"Plasma membrane"	"Endoplasmic reticulum"	"HPA011911: AB_1847618, HPA012615: AB_1847619"	"unprognostic (1.77e-2)"	"unprognostic (1.48e-2)"	"unprognostic (3.79e-1)"	"unprognostic (1.95e-1)"	"validated prognostic favorable (6.39e-4)"	"validated prognostic favorable (6.93e-4)"	"unprognostic (5.42e-2)"	"unprognostic (2.80e-1)"	"unprognostic (5.56e-2)"	"unprognostic (1.23e-2)"	"potential prognostic favorable (3.24e-4)"	"unprognostic (1.17e-2)"	"unprognostic (1.02e-2)"	"unprognostic (6.58e-3)"	"potential prognostic unfavorable (3.82e-4)"	"potential prognostic unfavorable (1.05e-4)"	"unprognostic (1.28e-2)"	"unprognostic (8.34e-2)"	"unprognostic (1.85e-1)"	"unprognostic (1.59e-1)"	"unprognostic (1.12e-1)"	"unprognostic (2.92e-3)"	"unprognostic (5.03e-3)"	"unprognostic (2.26e-1)"	"unprognostic (1.21e-1)"	"unprognostic (5.45e-2)"	"unprognostic (5.65e-2)"	"unprognostic (3.54e-1)"	"unprognostic (1.46e-1)"	"unprognostic (1.44e-1)"	"unprognostic (7.58e-2)"
ELOVL7	FLJ23563	ENSG00000164181	"ELOVL fatty acid elongase 7"	A1L3X0	5	60751791-60844274	"Enzymes, Metabolic proteins, Predicted membrane proteins"	"Fatty acid biosynthesis, Fatty acid metabolism, Lipid biosynthesis, Lipid metabolism"	Transferase		"Evidence at protein level"	"Evidence at protein level"	"Evidence at protein level"	"Evidence at protein level"	"Low tissue specificity"	"Detected in many"			"Group enriched"	"Detected in many"	4	"Microglial cells: 181.6;Oligodendrocytes: 84.5"	"Cell type enriched"	"Detected in all"	5	"endothelial cell: 1911.7"	"Cancer enhanced"	"Detected in all"		"Kidney Chromophobe (TCGA): 51.4"	"Low region specificity"	"Detected in all"			"Group enriched"	"Detected in some"	5	"basophil: 1.9;neutrophil: 1.3"	"Lineage enriched"	"Detected in single"	17	"granulocytes: 1.9"	"Low cancer specificity"	"Detected in many"			"Liver - Cholangiocyte, Skeletal muscle - Endothelial cells, Skin - Keratinocyte (granular)"	"Low region specificity"	"Detected in all"			"Low region specificity"	"Detected in all"			HPA036337	Approved						NA	NA			"Cluster 35: Neutrophils - Protein binding"	"Cluster 9: Oligodendrocytes - Myelination"	"Cluster 47: Endothelial cells - Vasculature"	"Cluster 15: Kidney cancer - Membrane components"	"Cluster 51: Oligodendrocytes - Unknown function"	11			"HPA036337: AB_10670797"	"unprognostic (3.16e-2)"	"unprognostic (6.80e-2)"	"unprognostic (7.38e-2)"	"unprognostic (2.00e-1)"	"unprognostic (6.16e-2)"	"unprognostic (2.31e-2)"	"unprognostic (2.08e-1)"	"unprognostic (2.34e-2)"	"unprognostic (2.96e-1)"	"unprognostic (1.11e-2)"	"potential prognostic favorable (1.36e-9)"	"unprognostic (4.08e-3)"	"unprognostic (3.08e-2)"	"unprognostic (1.15e-2)"	"unprognostic (1.86e-2)"	"unprognostic (1.63e-2)"	"unprognostic (1.86e-2)"	"unprognostic (2.15e-1)"	"unprognostic (4.81e-2)"	"unprognostic (5.75e-2)"	"unprognostic (3.72e-1)"	"unprognostic (1.25e-1)"	"unprognostic (3.80e-2)"	"unprognostic (1.79e-1)"	"unprognostic (2.48e-2)"	"unprognostic (1.46e-2)"	"unprognostic (5.00e-1)"	"unprognostic (5.61e-2)"	"unprognostic (5.58e-2)"	"unprognostic (1.74e-1)"	"potential prognostic unfavorable (8.13e-4)"
ENSG00000282988		ENSG00000282988	"Novel protein"		6	26195595-26199293	"Predicted intracellular proteins"				"Evidence at transcript level"	"Evidence at transcript level"			"Tissue enhanced"	"Detected in some"		"esophagus: 3.3"	"Cell type enhanced"	"Detected in many"		"Distal enterocytes: 35.3;Paneth cells: 25.1;Prostatic glandular cells: 31.1;Proximal enterocytes: 29.7;Sertoli cells: 24.5"					"Low cancer specificity"	"Detected in many"			"Low region specificity"	"Detected in all"			"Group enriched"	"Detected in many"	5	"basophil: 17.0;neutrophil: 30.6"	"Lineage enriched"	"Detected in many"	6	"granulocytes: 30.6"	"Low cancer specificity"	"Detected in many"												HPA041189	Uncertain		Approved	Nucleoplasm			NA	Yes			"Cluster 35: Neutrophils - Protein binding"	"Cluster 27: Squamous epithelium - Keratinization"	"Cluster 55: Non-specific - Transcription"	"Cluster 41: Non-specific - Nucleosome assembly"	"Cluster 61: Plasma cells - Immunoglobulins & histones"		Nucleoplasm		"HPA041189: AB_2677357"	"unprognostic (5.28e-3)"	"unprognostic (3.44e-2)"		"potential prognostic favorable (5.77e-4)"		"unprognostic (1.23e-1)"			"unprognostic (1.17e-1)"					"unprognostic (3.29e-2)"		"unprognostic (1.08e-2)"		"unprognostic (2.00e-1)"		"unprognostic (1.42e-1)"				"unprognostic (5.38e-2)"		"unprognostic (7.38e-2)"	"unprognostic (2.42e-1)"	"unprognostic (6.97e-2)"	"unprognostic (4.54e-1)"		"unprognostic (8.01e-2)"
ENSG00000285133		ENSG00000285133	"Novel protein"	P0DPQ6	12	57517712-57520480	"Predicted intracellular proteins"				"Evidence at protein level"	"Evidence at transcript level"	"Evidence at protein level"	"Evidence at protein level"	"Tissue enhanced"	"Detected in some"		"intestine: 4.4;skeletal muscle: 17.7;stomach 1: 4.5"	"Not detected"	"Not detected"							"Cancer enhanced"	"Detected in some"		"Kidney Renal Papillary Cell Carcinoma (TCGA): 5.2;Stomach Adenocarcinoma (TCGA): 11.2"	"Low region specificity"	"Detected in many"			"Group enriched"	"Detected in some"	13	"basophil: 9.6;neutrophil: 21.5"	"Lineage enriched"	"Detected in many"	19	"granulocytes: 21.5"	"Cancer enhanced"	"Detected in many"		"Gastric cancer: 4.7"																	NA	NA			"Cluster 35: Neutrophils - Protein binding"		"Cluster 5: Non-specific - Mixed function"	"Cluster 61: BICR 18 - Protein kinases"											"unprognostic (1.37e-1)"																				"unprognostic (3.78e-1)"		"unprognostic (1.54e-2)"			
EPHB1	"EPHT2, Hek6"	ENSG00000154928	"EPH receptor B1"	P54762	3	134795260-135260467	"Enzymes, Predicted intracellular proteins, Predicted membrane proteins"	"Cell adhesion, Neurogenesis"	"Kinase, Receptor, Transferase, Tyrosine-protein kinase"		"Evidence at protein level"	"Evidence at protein level"	"Evidence at protein level"	"Evidence at protein level"	"Tissue enhanced"	"Detected in many"		"brain: 20.2"	"Cell type enhanced"	"Detected in many"		"Astrocytes: 188.6;dendritic cells: 110.3;Early spermatids: 45.0;Excitatory neurons: 46.3;Inhibitory neurons: 42.5;Late spermatids: 41.0;Oligodendrocyte precursor cells: 73.1"	"Cell type enhanced"	"Detected in all"		"committed oligodendrocyte precursor: 823.0"	"Cancer enriched"	"Detected in many"	6	"Glioblastoma Multiforme (TCGA): 18.5"	"Low region specificity"	"Detected in all"			"Group enriched"	"Detected in some"	23	"neutrophil: 10.1;plasmacytoid DC: 23.3"	"Group enriched"	"Detected in many"	23	"dendritic cells: 23.3;granulocytes: 10.1"	"Cancer enhanced"	"Detected in many"		"lymphoma: 10.5"	"Breast - Breast myoepithelial cells, Kidney - Fibroblasts, Skin - Keratinocyte (other)"	"Low region specificity"	"Detected in all"			"Low region specificity"	"Detected in all"			HPA067740	Enhanced		Supported	"Endoplasmic reticulum,Plasma membrane,Cytosol"			NA	NA			"Cluster 2: Dendritic cells - Unknown function"	"Cluster 22: Brain - Synaptic signal transduction"	"Cluster 2: Neurons - Nucleosome"	"Cluster 50: Lymphoma - Unknown function"	"Cluster 47: Astrocytes - Unknown function"	10	"Endoplasmic reticulum, Plasma membrane"	Cytosol	"HPA067740: AB_2685895"		"unprognostic (1.66e-1)"	"unprognostic (3.12e-1)"	"unprognostic (2.54e-2)"	"unprognostic (3.70e-1)"	"unprognostic (1.46e-1)"	"unprognostic (6.53e-2)"	"unprognostic (1.49e-3)"	"unprognostic (2.89e-1)"	"unprognostic (2.52e-1)"	"unprognostic (5.84e-2)"	"unprognostic (1.27e-1)"	"unprognostic (8.00e-2)"			"unprognostic (1.50e-1)"	"unprognostic (1.05e-1)"	"unprognostic (6.67e-3)"	"unprognostic (8.32e-2)"	"unprognostic (9.50e-2)"	"unprognostic (6.14e-2)"		"unprognostic (1.25e-1)"		"unprognostic (2.36e-1)"	"unprognostic (5.80e-3)"	"unprognostic (1.80e-1)"	"unprognostic (8.12e-2)"	"unprognostic (7.85e-2)"	"unprognostic (1.77e-3)"	"unprognostic (5.17e-2)"
EPN2	"EHB21, KIAA1065"	ENSG00000072134	"Epsin 2"	O95208	17	19215615-19336715	"Predicted intracellular proteins"	Endocytosis			"Evidence at protein level"	"Evidence at protein level"	"Evidence at protein level"	"Evidence at protein level"	"Low tissue specificity"	"Detected in all"			"Group enriched"	"Detected in many"	5	"Oligodendrocyte precursor cells: 815.0;Oligodendrocytes: 240.4"	"Cell type enhanced"	"Detected in all"		"oligodendrocyte precursor cell: 1848.7"	"Low cancer specificity"	"Detected in all"			"Low region specificity"	"Detected in all"			"Group enriched"	"Detected in many"	5	"basophil: 13.4;eosinophil: 28.4;neutrophil: 8.6"	"Lineage enriched"	"Detected in many"	8	"granulocytes: 28.4"	"Cancer enhanced"	"Detected in all"		"testis cancer: 117.5"	"Skin - Keratinocyte (other), Spleen - Endothelial cells"	"Low region specificity"	"Detected in all"			"Low region specificity"	"Detected in all"			"HPA049809, HPA053360"	Approved		Supported	Vesicles			NA	NA			"Cluster 22: Eosinophils - Transcription"	"Cluster 34: Non-specific - Mixed function"	"Cluster 11: White matter - Signal transduction"	"Cluster 42: Non-specific - Unknown function"	"Cluster 76: Oligodendrocyte precursor - Unknown function"	17	Vesicles		"HPA049809: AB_2680893, HPA053360: AB_2682126"	"unprognostic (2.77e-1)"	"unprognostic (2.49e-3)"	"unprognostic (4.34e-2)"	"potential prognostic unfavorable (4.76e-4)"	"unprognostic (2.77e-1)"	"potential prognostic unfavorable (1.01e-4)"	"unprognostic (1.16e-1)"	"potential prognostic favorable (8.89e-4)"	"unprognostic (4.58e-3)"	"unprognostic (8.47e-3)"	"potential prognostic favorable (1.48e-4)"	"unprognostic (3.27e-3)"	"unprognostic (8.16e-2)"	"unprognostic (1.84e-3)"	"unprognostic (1.83e-2)"	"unprognostic (1.70e-1)"	"unprognostic (6.82e-2)"	"unprognostic (2.37e-1)"	"unprognostic (5.05e-2)"	"unprognostic (2.64e-2)"	"unprognostic (5.42e-2)"	"unprognostic (2.55e-1)"	"potential prognostic unfavorable (7.39e-4)"	"unprognostic (2.24e-1)"	"unprognostic (2.69e-1)"	"unprognostic (1.18e-1)"	"unprognostic (2.01e-1)"	"unprognostic (2.53e-1)"	"unprognostic (2.55e-1)"	"unprognostic (2.08e-1)"	"unprognostic (1.62e-2)"
F11R	"CD321, JAM-1, JAM-A, JAM1, JAMA, JCAM, PAM-1"	ENSG00000158769	"F11 receptor"	Q9Y624	1	160995211-161021343	"CD markers, Plasma proteins, Predicted membrane proteins"	"Host-virus interaction"	"Host cell receptor for virus entry, Receptor"		"Evidence at protein level"	"Evidence at protein level"	"Evidence at protein level"	"Evidence at protein level"	"Low tissue specificity"	"Detected in all"			"Cell type enhanced"	"Detected in many"		"Extravillous trophoblasts: 200.3"	"Cell type enhanced"	"Detected in many"		"endothelial cell: 54.7;ependymal cell: 30.5"	"Low cancer specificity"	"Detected in all"			"Low region specificity"	"Detected in all"			"Group enriched"	"Detected in all"	4	"eosinophil: 166.2;neutrophil: 114.1"	"Lineage enriched"	"Detected in all"	5	"granulocytes: 166.2"	"Cancer enhanced"	"Detected in all"		"testis cancer: 214.6"	"Heart muscle - Endothelial cells, Skeletal muscle - Endothelial cells, Stomach - Gastric mucous cells"	"Low region specificity"	"Detected in all"			"Low region specificity"	"Detected in all"			"CAB004671, HPA043616, HPA061700"	Enhanced		Supported	"Cell Junctions,Microtubules"			NA	NA		1800000	"Cluster 21: Neutrophils - Unknown function"	"Cluster 75: Epithelium - Extracellular exosomes"	"Cluster 12: Non-specific - Vasculature"	"Cluster 53: Squamous epithelial cells - Keratinization"	"Cluster 37: Glandular & Luminal cells - Unknown function"	30	Microtubules	"Cell Junctions"	"CAB004671: AB_425964, HPA043616: , HPA061700: AB_2684589"	"unprognostic (2.88e-1)"	"unprognostic (1.56e-3)"	"unprognostic (5.01e-2)"	"unprognostic (1.28e-1)"	"unprognostic (5.52e-2)"	"unprognostic (2.86e-1)"	"unprognostic (7.60e-2)"	"unprognostic (2.79e-3)"	"unprognostic (1.32e-1)"	"unprognostic (4.69e-2)"	"potential prognostic favorable (8.87e-6)"	"unprognostic (5.87e-2)"	"unprognostic (1.95e-1)"	"unprognostic (1.82e-1)"	"unprognostic (1.52e-1)"	"unprognostic (1.59e-1)"	"unprognostic (3.71e-2)"	"unprognostic (1.82e-1)"	"unprognostic (1.42e-1)"	"unprognostic (1.59e-1)"	"unprognostic (3.65e-2)"	"potential prognostic unfavorable (4.26e-4)"	"unprognostic (1.38e-1)"	"unprognostic (4.38e-2)"	"unprognostic (4.10e-3)"	"unprognostic (1.35e-2)"	"unprognostic (3.68e-1)"	"unprognostic (9.89e-2)"	"unprognostic (2.07e-1)"	"unprognostic (1.22e-1)"	"unprognostic (1.21e-1)"
FAM114A1	Noxp20	ENSG00000197712	"Family with sequence similarity 114 member A1"	Q8IWE2	4	38867677-38945739	"Predicted intracellular proteins"				"Evidence at protein level"	"Evidence at protein level"	"Evidence at protein level"	"Evidence at protein level"	"Low tissue specificity"	"Detected in all"			"Cell type enhanced"	"Detected in many"		"Serous glandular cells: 131.9"	"Cell type enhanced"	"Detected in many"		"fibroblast: 134.9"	"Low cancer specificity"	"Detected in all"			"Low region specificity"	"Detected in all"			"Group enriched"	"Detected in some"	5	"classical monocyte: 3.2;intermediate monocyte: 3.6;myeloid DC: 2.6;neutrophil: 2.4;non-classical monocyte: 1.4"	"Group enriched"	"Detected in many"	7	"dendritic cells: 2.6;granulocytes: 2.4;monocytes: 3.6"	"Low cancer specificity"	"Detected in all"			"Adipose visceral - Adipose progenitor cells, Liver - Hepatocytes, Skeletal muscle - Fibroblasts, Spleen - Fibroblast_1"	"Low region specificity"	"Detected in all"			"Low region specificity"	"Detected in all"			"HPA067948, HPA069104, HPA069701"	Uncertain		Enhanced	"Nucleoplasm,Golgi apparatus,Cytosol"			No	No		33000	"Cluster 38: Monocytes & Neutrophils - Degranulation"	"Cluster 62: Connective tissue - ECM organization"	"Cluster 8: Immune cells - Immune response"	"Cluster 64: Connective tissue cells - ECM organization"	"Cluster 77: Plasma cells - Protein processing"	10	"Golgi apparatus, Cytosol"	Nucleoplasm	"HPA067948: AB_2685931, HPA069104: AB_2686087, HPA069701: AB_2686175"	"unprognostic (2.14e-2)"	"unprognostic (9.94e-3)"	"unprognostic (3.91e-1)"	"unprognostic (5.95e-3)"	"unprognostic (5.46e-2)"	"unprognostic (1.66e-2)"	"unprognostic (4.04e-2)"	"potential prognostic unfavorable (1.69e-4)"	"unprognostic (9.03e-2)"	"unprognostic (1.31e-2)"	"potential prognostic favorable (4.11e-4)"	"unprognostic (2.79e-1)"	"unprognostic (5.52e-3)"	"unprognostic (1.68e-1)"	"unprognostic (9.44e-2)"	"unprognostic (3.27e-2)"	"potential prognostic unfavorable (5.67e-4)"	"unprognostic (5.93e-2)"	"unprognostic (1.43e-1)"	"unprognostic (3.00e-1)"	"unprognostic (3.80e-2)"	"unprognostic (5.56e-2)"	"unprognostic (1.56e-1)"	"unprognostic (2.44e-1)"	"unprognostic (5.77e-2)"	"unprognostic (2.31e-1)"	"unprognostic (5.43e-2)"	"unprognostic (1.28e-1)"	"unprognostic (1.78e-1)"	"unprognostic (1.24e-2)"	"unprognostic (1.23e-1)"
FAM86B1	MGC16279	ENSG00000186523	"Family with sequence similarity 86 member B1"	Q8N7N1	8	12182096-12194133	"Predicted intracellular proteins"		"Methyltransferase, Transferase"		"Evidence at transcript level"	"Evidence at transcript level"	"Evidence at transcript level"	"Evidence at transcript level"	"Tissue enhanced"	"Detected in many"		"brain: 7.3;pituitary gland: 6.2"	"Cell type enhanced"	"Detected in some"		"Ciliated cells: 4.5;Proximal tubular cells: 4.5;Secretory cells: 3.8;Squamous epithelial cells: 3.9"	"Cell type enhanced"	"Detected in many"		"ependymal cell: 5.9"	"Low cancer specificity"	"Detected in some"			"Low region specificity"	"Detected in all"			"Group enriched"	"Detected in some"	4	"basophil: 1.1;eosinophil: 1.1;neutrophil: 1.3"	"Lineage enriched"	"Detected in single"	5	"granulocytes: 1.3"	"Low cancer specificity"	"Detected in many"												"HPA041610, HPA055718"	Uncertain		Uncertain	Vesicles			NA	NA			"Cluster 32: Basophils - Transcription"	"Cluster 66: Non-specific - Transcription"	"Cluster 32: Cerebral cortex - Mixed function"	"Cluster 27: Breast cancer - Unknown function"	"Cluster 49: Non-specific - Transcription"		Vesicles		"HPA041610: AB_2677581, HPA055718: AB_2682895"			"unprognostic (5.97e-3)"			"unprognostic (3.87e-2)"	"unprognostic (6.00e-2)"	"potential prognostic unfavorable (7.15e-4)"					"unprognostic (1.37e-1)"							"unprognostic (1.73e-1)"	"unprognostic (3.62e-2)"		"unprognostic (6.06e-2)"			"unprognostic (5.57e-2)"			"unprognostic (7.12e-2)"		"unprognostic (5.11e-1)"
FBXL13	"CFAP169, DRC6, Fbl13, MGC21636"	ENSG00000161040	"F-box and leucine rich repeat protein 13"	Q8NEE6	7	102811189-103074839	"Predicted intracellular proteins"	"Ubl conjugation pathway"			"Evidence at protein level"	"Evidence at transcript level"	"Evidence at transcript level"	"Evidence at protein level"	"Tissue enhanced"	"Detected in some"		"stomach 1: 4.9;testis: 3.8"	"Cell type enhanced"	"Detected in many"		"Early spermatids: 156.2;Excitatory neurons: 59.7;Late spermatids: 434.8;Oligodendrocyte precursor cells: 100.9;Oligodendrocytes: 81.9"	"Cell type enhanced"	"Detected in all"		"ependymal cell: 495.4"	"Low cancer specificity"	"Detected in single"			"Low region specificity"	"Detected in all"			"Group enriched"	"Detected in some"	51	"eosinophil: 14.8;neutrophil: 56.7"	"Lineage enriched"	"Detected in single"	148	"granulocytes: 56.7"	"Low cancer specificity"	"Detected in many"			"Lung - Respiratory ciliated cells, Testis - Early spermatids, Testis - Late spermatids"	"Not detected"	"Not detected"			"Low region specificity"	"Detected in some"			HPA057232	Uncertain						NA	NA			"Cluster 21: Neutrophils - Unknown function"	"Cluster 8: Ciliated cells - Cilium organization"	"Cluster 48: Non-specific - Mixed function"	"Cluster 71: Lymphoma - Inflammatory response"	"Cluster 63: Late spermatids - Spermatogenesis"	1			"HPA057232: AB_2683375"			"unprognostic (3.99e-1)"			"unprognostic (1.36e-1)"		"unprognostic (4.42e-2)"									"unprognostic (5.35e-2)"		"unprognostic (1.01e-1)"				"unprognostic (3.95e-2)"			"unprognostic (7.45e-3)"			"unprognostic (1.83e-1)"		
FCAR	"CD89, FcalphaR, FcalphaRI"	ENSG00000186431	"Fc alpha receptor"	P24071	19	54874235-54891420	"CD markers, Predicted intracellular proteins, Predicted membrane proteins"		"IgA-binding protein, Receptor"		"Evidence at protein level"	"Evidence at protein level"	"Evidence at protein level"	"Evidence at protein level"	"Tissue enhanced"	"Detected in some"		"bone marrow: 25.9;lung: 10.2;lymphoid tissue: 13.1"	"Group enriched"	"Detected in some"	5	"Kupffer cells: 13.9;Macrophages: 20.4;monocytes: 47.3"	"Group enriched"	"Detected in some"	4	"central nervous system macrophage: 5.4;leukocyte: 6.8"	"Not detected"	"Not detected"			"Not detected"	"Not detected"			"Group enriched"	"Detected in some"	8	"classical monocyte: 1.3;neutrophil: 4.1"	"Group enriched"	"Detected in many"	27	"granulocytes: 4.1;monocytes: 1.3"	"Not detected"	"Not detected"			"Adipose visceral - Neutrophils, Colon - Neutrophils, Heart muscle - Neutrophils, Liver - Neutrophils, Lung - Neutrophil_2, Minor Salivary Gland - Neutrophils, Pituitary gland - Neutrophils, Skeletal muscle - Neutrophils, Spleen - Neutrophils, Thyroid gland - Neutrophils"					"Not detected"	"Not detected"			HPA014050	Approved		Supported	"Plasma membrane"	"Intracellular and membrane"	Receptor	NA	NA			"Cluster 21: Neutrophils - Unknown function"	"Cluster 81: Lymphoid tissue & Bone marrow - Innate immune response"		"Cluster 14: Myeloid leukemia - Innate immune response"	"Cluster 29: Monocytes - Innate immune response"	1	"Plasma membrane"		"HPA014050: AB_1846338"			"unprognostic (1.77e-1)"					"unprognostic (2.25e-2)"															"unprognostic (2.14e-2)"								
FCGR1A	"CD64, CD64A, FCG1, FcgammaRI, FcgammaRIa, FCGR1"	ENSG00000150337	"Fc gamma receptor Ia"	P12314	1	149782671-149791675	"CD markers, FDA approved drug targets, Predicted membrane proteins"	"Immunity, Innate immunity"	"IgG-binding protein, Receptor"	"FDA approved drug targets"	"Evidence at protein level"	"Evidence at transcript level"	"Evidence at protein level"	"Evidence at protein level"	"Tissue enhanced"	"Detected in many"		"epididymis: 98.2"	"Group enriched"	"Detected in some"	5	"Hofbauer cells: 236.8;Kupffer cells: 103.7;Late spermatids: 60.3;Macrophages: 79.6"	"Cell type enriched"	"Detected in single"	27	"central nervous system macrophage: 24.2"	"Cancer enhanced"	"Detected in all"		"Glioblastoma Multiforme (TCGA): 65.4"	"Low region specificity"	"Detected in all"			"Group enriched"	"Detected in many"	6	"classical monocyte: 137.1;intermediate monocyte: 57.3;myeloid DC: 37.3;neutrophil: 98.7"	"Group enriched"	"Detected in many"	55	"dendritic cells: 37.3;granulocytes: 98.7;monocytes: 137.1"	"Cancer enriched"	"Detected in single"	27	"Leukemia: 25.7"	"Adipose visceral - Macrophages, Adrenal gland - Macrophages, Heart muscle - Macrophages, Kidney - Macrophages, Lung - Macrophages, Pituitary gland - Macrophages, Prostate - Macrophages, Stomach - Macrophages, Testis - Late spermatids, Thyroid gland - Macrophages"	"Low region specificity"	"Detected in all"			"Low region specificity"	"Detected in all"			HPA026910			Uncertain	"Golgi apparatus,Vesicles,Plasma membrane"			NA	NA			"Cluster 38: Monocytes & Neutrophils - Degranulation"	"Cluster 50: Epididymis - Male reproductive secretion"	"Cluster 20: Macrophages & Microglia - Immune response"	"Cluster 14: Myeloid leukemia - Innate immune response"	"Cluster 58: Macrophages - Innate immune response"	21	Vesicles	"Golgi apparatus, Plasma membrane"	"HPA026910: "	"unprognostic (5.28e-2)"	"unprognostic (5.91e-2)"	"unprognostic (1.22e-1)"	"unprognostic (1.68e-2)"	"unprognostic (3.77e-2)"	"unprognostic (3.53e-2)"	"unprognostic (1.74e-2)"	"unprognostic (3.24e-2)"	"unprognostic (8.62e-2)"	"unprognostic (3.13e-1)"	"unprognostic (5.95e-3)"	"unprognostic (1.16e-1)"	"unprognostic (1.87e-1)"	"unprognostic (2.51e-2)"	"unprognostic (5.11e-2)"	"unprognostic (1.49e-1)"	"unprognostic (1.57e-2)"	"unprognostic (4.07e-2)"	"unprognostic (2.05e-1)"	"unprognostic (9.91e-2)"	"unprognostic (3.07e-1)"	"unprognostic (1.57e-1)"	"unprognostic (4.21e-1)"	"unprognostic (1.21e-1)"	"unprognostic (2.77e-2)"	"unprognostic (2.69e-2)"	"unprognostic (6.35e-2)"	"unprognostic (3.73e-2)"	"unprognostic (7.51e-3)"	"unprognostic (5.60e-2)"	"unprognostic (1.35e-1)"
FFAR2	"FFA2R, GPR43"	ENSG00000126262	"Free fatty acid receptor 2"	O15552	19	35443907-35451767	"G-protein coupled receptors, Predicted membrane proteins"	"Immunity, Inflammatory response"	"G-protein coupled receptor, Receptor, Transducer"		"Evidence at protein level"	"Evidence at transcript level"	"Evidence at protein level"	"Evidence at protein level"	"Tissue enhanced"	"Detected in many"		"bone marrow: 20.0;lymphoid tissue: 21.7"	"Cell type enhanced"	"Detected in some"		"Enteroendocrine cells: 33.1;Hofbauer cells: 21.7;Intestinal goblet cells: 15.8;Macrophages: 14.7;monocytes: 77.8"	"Not detected"	"Not detected"			"Cancer enhanced"	"Detected in many"		"Prostate Adenocarcinoma (TCGA): 8.9"	"Low region specificity"	"Detected in all"			"Group enriched"	"Detected in many"	25	"eosinophil: 85.0;neutrophil: 249.8"	"Lineage enriched"	"Detected in many"	38	"granulocytes: 249.8"	"Cancer enhanced"	"Detected in some"		"Gastric cancer: 1.9;prostate cancer: 2.8"	"Breast - Endothelial cells, Heart muscle - Neutrophils, Liver - Neutrophils, Lung - Neutrophil_2, Pituitary gland - Neutrophils, Skeletal muscle - Neutrophils, Spleen - Neutrophils, Stomach - Neutrophils, Thyroid gland - Neutrophils"	"Not detected"	"Not detected"			"Low region specificity"	"Detected in some"			HPA023985	Approved						NA	NA			"Cluster 21: Neutrophils - Unknown function"	"Cluster 81: Lymphoid tissue & Bone marrow - Innate immune response"	"Cluster 11: White matter - Signal transduction"	"Cluster 10: Ciliated cells - Ion channel activity"	"Cluster 74: Neutrophils - Degranulation"	93			"HPA023985: AB_1849302"	"unprognostic (2.18e-1)"	"unprognostic (1.91e-3)"	"unprognostic (1.18e-2)"	"unprognostic (3.90e-2)"	"unprognostic (1.65e-3)"	"unprognostic (1.59e-1)"			"unprognostic (1.69e-2)"							"unprognostic (3.77e-2)"	"unprognostic (9.81e-2)"	"unprognostic (1.36e-1)"	"unprognostic (4.95e-1)"			"unprognostic (5.67e-3)"	"unprognostic (9.77e-2)"	"unprognostic (1.90e-1)"	"unprognostic (3.05e-2)"	"unprognostic (4.34e-1)"		"unprognostic (1.58e-1)"			"unprognostic (1.48e-1)"
FFAR3	"FFA3R, GPR41"	ENSG00000185897	"Free fatty acid receptor 3"	O14843	19	35358460-35360489	"G-protein coupled receptors, Predicted membrane proteins"	"Immunity, Inflammatory response"	"G-protein coupled receptor, Receptor, Transducer"		"Evidence at protein level"	"Evidence at transcript level"	"Evidence at protein level"	"Evidence at protein level"	"Tissue enhanced"	"Detected in some"		"adipose tissue: 3.9;lymphoid tissue: 2.4"	"Group enriched"	"Detected in some"	6	"Gastric mucus-secreting cells: 15.3;granulocytes: 11.2;Macrophages: 7.5;monocytes: 28.4"	"Not detected"	"Not detected"			"Not detected"	"Not detected"			"Low region specificity"	"Detected in some"			"Group enriched"	"Detected in some"	5	"eosinophil: 2.5;neutrophil: 2.8"	"Lineage enriched"	"Detected in single"	5	"granulocytes: 2.8"	"Not detected"	"Not detected"			"Breast - Endothelial cells"									HPA044681	Uncertain						NA	NA			"Cluster 28: Neutrophils - Unknown function"	"Cluster 57: Lung - Lung function"	"Cluster 11: White matter - Signal transduction"	"Cluster 50: Lymphoma - Unknown function"	"Cluster 29: Monocytes - Innate immune response"	12			"HPA044681: AB_2679043"			"unprognostic (1.29e-1)"																												
FGD4	"CMT4H, frabin, FRABP, ZFYVE6"	ENSG00000139132	"FYVE, RhoGEF and PH domain containing 4"	Q96M96	12	32399558-32646050	"Disease related genes, Human disease related genes, Predicted intracellular proteins"		"Actin-binding, Guanine-nucleotide releasing factor"	"Charcot-Marie-Tooth disease, Disease variant, Neurodegeneration, Neuropathy"	"Evidence at protein level"	"Evidence at transcript level"	"Evidence at protein level"	"Evidence at protein level"	"Low tissue specificity"	"Detected in all"			"Cell type enhanced"	"Detected in many"		"Astrocytes: 220.5;Early spermatids: 186.1;Late spermatids: 262.8;Microglial cells: 194.1;monocytes: 223.8"	"Cell type enhanced"	"Detected in all"		"central nervous system macrophage: 1071.7"	"Cancer enhanced"	"Detected in all"		"Testicular Germ Cell Tumor (TCGA): 35.3"	"Low region specificity"	"Detected in all"			"Group enriched"	"Detected in many"	6	"classical monocyte: 3.5;eosinophil: 8.2;intermediate monocyte: 5.8;myeloid DC: 3.4;neutrophil: 5.2;non-classical monocyte: 5.2"	"Group enriched"	"Detected in many"	6	"dendritic cells: 3.4;granulocytes: 8.2;monocytes: 5.8"	"Low cancer specificity"	"Detected in all"			"Testis - Early spermatids, Testis - Late spermatids"	"Low region specificity"	"Detected in all"			"Low region specificity"	"Detected in all"			HPA039235	Approved		Approved	"Actin filaments"			No	No			"Cluster 37: Monocytes & Neutrophils - Innate immune response"	"Cluster 39: Retina & Testis - Cilium"	"Cluster 20: Macrophages & Microglia - Immune response"	"Cluster 64: Connective tissue cells - ECM organization"	"Cluster 29: Monocytes - Innate immune response"		"Actin filaments"		"HPA039235: AB_10673420"	"unprognostic (5.62e-2)"	"unprognostic (4.61e-2)"	"unprognostic (6.23e-2)"	"unprognostic (1.81e-3)"	"unprognostic (2.65e-2)"	"unprognostic (3.52e-1)"	"unprognostic (3.51e-1)"	"unprognostic (1.24e-1)"	"unprognostic (1.71e-2)"	"unprognostic (3.60e-3)"	"potential prognostic favorable (1.16e-4)"	"unprognostic (6.96e-2)"	"unprognostic (1.60e-1)"	"unprognostic (6.19e-3)"	"potential prognostic favorable (8.05e-4)"	"unprognostic (1.04e-1)"	"unprognostic (2.16e-1)"	"unprognostic (5.78e-3)"	"unprognostic (4.17e-3)"	"unprognostic (8.45e-2)"	"unprognostic (1.61e-1)"	"unprognostic (2.21e-3)"	"unprognostic (1.02e-1)"	"unprognostic (8.65e-2)"	"unprognostic (4.24e-2)"	"unprognostic (7.17e-2)"	"unprognostic (1.34e-2)"	"unprognostic (2.16e-1)"	"unprognostic (1.16e-1)"	"unprognostic (1.12e-1)"	"unprognostic (3.60e-2)"
FGL2	"pT49, T49"	ENSG00000127951	"Fibrinogen like 2"	Q14314	7	77193369-77199848	"Plasma proteins, Predicted secreted proteins"				"Evidence at protein level"	"Evidence at protein level"	"Evidence at protein level"	"Evidence at protein level"	"Tissue enhanced"	"Detected in many"		"lymphoid tissue: 158.3"	"Cell type enhanced"	"Detected in many"		"Kupffer cells: 481.1;Langerhans cells: 675.1;Macrophages: 473.9;monocytes: 1350.3;Schwann cells: 285.7"	"Group enriched"	"Detected in many"	9	"central nervous system macrophage: 130.6;fibroblast: 105.0;leukocyte: 48.1"	"Low cancer specificity"	"Detected in all"			"Low region specificity"	"Detected in all"			"Group enriched"	"Detected in all"	45	"classical monocyte: 256.3;eosinophil: 226.5;intermediate monocyte: 380.2;myeloid DC: 159.9;neutrophil: 295.2;non-classical monocyte: 381.5"	"Group enriched"	"Detected in all"	59	"dendritic cells: 159.9;granulocytes: 295.2;monocytes: 381.5"	"Group enriched"	"Detected in some"	5	"breast cancer: 9.9;Leukemia: 3.5;skin cancer: 13.7"	"Minor Salivary Gland - Fibroblasts, Skeletal muscle - Fibroblasts, Spleen - Macrophages, Thyroid gland - Fibroblasts"	"Low region specificity"	"Detected in all"			"Low region specificity"	"Detected in all"			"HPA021011, HPA026682"	Enhanced				"Secreted to blood"	"No annotated function"	NA	NA	38800000	19000000	"Cluster 7: Non-specific - Innate immune response"	"Cluster 47: Spleen - Immune response"	"Cluster 25: Non-specific - Transcription"	"Cluster 70: DU4475 - Unknown function"	"Cluster 29: Monocytes - Innate immune response"	2			"HPA021011: AB_1848532, HPA026682: AB_1848533"	"unprognostic (4.02e-3)"	"unprognostic (4.22e-2)"	"unprognostic (1.48e-1)"	"unprognostic (3.36e-2)"	"unprognostic (2.55e-1)"	"unprognostic (3.16e-1)"	"unprognostic (2.89e-1)"	"unprognostic (3.97e-1)"	"unprognostic (2.64e-2)"	"unprognostic (1.23e-1)"	"potential prognostic favorable (2.00e-6)"	"unprognostic (8.02e-2)"	"unprognostic (4.20e-2)"	"unprognostic (1.02e-1)"	"unprognostic (2.76e-2)"	"potential prognostic favorable (4.01e-4)"	"unprognostic (6.57e-2)"	"unprognostic (2.25e-1)"	"unprognostic (4.91e-1)"	"unprognostic (3.10e-1)"	"unprognostic (6.14e-2)"	"unprognostic (1.80e-1)"	"unprognostic (2.54e-1)"	"unprognostic (2.44e-1)"	"unprognostic (2.16e-2)"	"unprognostic (1.66e-1)"	"unprognostic (2.44e-1)"	"unprognostic (3.05e-2)"	"unprognostic (1.83e-2)"	"unprognostic (1.08e-1)"	"unprognostic (7.33e-2)"
FKBP8	"FKBP38, FKBPr38"	ENSG00000105701	"FKBP prolyl isomerase 8"	Q14318	19	18531751-18544077	"Cancer-related genes, Enzymes, Metabolic proteins, Plasma proteins, Predicted intracellular proteins, Predicted membrane proteins"	"Apoptosis, Host-virus interaction"	"Isomerase, Rotamase"	"Cancer-related genes"	"Evidence at protein level"	"Evidence at protein level"	"Evidence at protein level"	"Evidence at protein level"	"Low tissue specificity"	"Detected in all"			"Cell type enhanced"	"Detected in many"		"Late spermatids: 1184.4"	"Low cell type specificity"	"Detected in all"			"Low cancer specificity"	"Detected in all"			"Low region specificity"	"Detected in all"			"Group enriched"	"Detected in all"	4	"eosinophil: 93.7;neutrophil: 78.5"	"Lineage enriched"	"Detected in all"	5	"granulocytes: 93.7"	"Low cancer specificity"	"Detected in all"			"Testis - Late spermatids"	"Low region specificity"	"Detected in all"			"Low region specificity"	"Detected in all"			"CAB025346, HPA045177"	Supported		Supported	"Endoplasmic reticulum,Mitochondria,Cytosol"			NA	NA		6200	"Cluster 19: Eosinophils - Unknown function"	"Cluster 5: Brain & Testis - Signal transduction"	"Cluster 52: Neurons & Synapses - Synaptic function"	"Cluster 23: Non-specific - Transcription"	"Cluster 39: Non-specific - Basic cellular processes"	166	Mitochondria	"Endoplasmic reticulum, Cytosol"	"CAB025346: , HPA045177: AB_2679244"	"unprognostic (2.21e-1)"	"unprognostic (2.23e-1)"	"unprognostic (1.18e-1)"	"unprognostic (2.17e-1)"	"unprognostic (7.18e-2)"	"unprognostic (6.15e-2)"	"unprognostic (1.55e-1)"	"unprognostic (3.39e-1)"	"unprognostic (4.64e-2)"	"unprognostic (7.65e-2)"	"unprognostic (1.94e-1)"	"unprognostic (3.06e-1)"	"unprognostic (1.94e-3)"	"unprognostic (1.17e-3)"	"unprognostic (7.12e-3)"	"unprognostic (1.74e-1)"	"unprognostic (3.16e-2)"	"unprognostic (1.39e-2)"	"unprognostic (1.79e-1)"	"unprognostic (8.79e-2)"	"unprognostic (2.37e-1)"	"unprognostic (2.20e-3)"	"unprognostic (1.55e-1)"	"unprognostic (8.83e-2)"	"unprognostic (6.20e-2)"	"unprognostic (5.97e-2)"	"unprognostic (1.12e-1)"	"unprognostic (3.79e-1)"	"unprognostic (4.94e-3)"	"unprognostic (4.99e-2)"	"unprognostic (1.25e-1)"
FRAT1		ENSG00000165879	"FRAT regulator of WNT signaling pathway 1"	Q92837	10	97319271-97321915	"Predicted intracellular proteins"	"Wnt signaling pathway"		Proto-oncogene	"Evidence at protein level"	"Evidence at protein level"	"Evidence at protein level"	"Evidence at protein level"	"Low tissue specificity"	"Detected in all"			"Cell type enhanced"	"Detected in many"		"Bipolar cells: 25.6;Kupffer cells: 25.3;Late spermatids: 74.1;monocytes: 58.8"	"Low cell type specificity"	"Detected in many"			"Low cancer specificity"	"Detected in all"			"Low region specificity"	"Detected in all"			"Group enriched"	"Detected in many"	5	"eosinophil: 8.7;neutrophil: 10.1"	"Lineage enriched"	"Detected in many"	5	"granulocytes: 10.1"	"Low cancer specificity"	"Detected in many"			"Liver - Hepatocytes, Spleen - Neutrophils, Testis - Late spermatids"	"Low region specificity"	"Detected in all"			"Low region specificity"	"Detected in all"			"CAB046472, HPA055258"	Approved		Approved	Vesicles,Cytosol			NA	NA			"Cluster 21: Neutrophils - Unknown function"	"Cluster 16: Non-specific - Transcription"	"Cluster 25: Non-specific - Transcription"	"Cluster 14: Myeloid leukemia - Innate immune response"	"Cluster 63: Late spermatids - Spermatogenesis"	9	"Vesicles, Cytosol"		"CAB046472: AB_1849131, HPA055258: AB_2682763"	"unprognostic (1.38e-1)"	"unprognostic (1.33e-1)"	"unprognostic (4.92e-2)"	"potential prognostic favorable (5.92e-4)"	"unprognostic (7.88e-2)"	"unprognostic (2.01e-1)"	"unprognostic (1.80e-1)"	"unprognostic (3.73e-3)"	"potential prognostic favorable (1.45e-4)"	"unprognostic (1.37e-2)"	"unprognostic (3.10e-3)"	"unprognostic (1.55e-2)"	"unprognostic (8.89e-2)"	"unprognostic (2.30e-2)"	"unprognostic (1.37e-2)"	"unprognostic (3.21e-3)"	"unprognostic (1.47e-2)"	"unprognostic (1.02e-1)"	"unprognostic (3.37e-2)"	"unprognostic (3.42e-2)"	"unprognostic (4.85e-2)"	"unprognostic (9.71e-3)"	"unprognostic (1.10e-2)"	"unprognostic (9.78e-2)"	"unprognostic (1.63e-2)"	"unprognostic (1.65e-1)"	"unprognostic (9.29e-2)"	"unprognostic (1.00e-1)"	"unprognostic (1.56e-1)"	"unprognostic (1.47e-1)"	"unprognostic (1.80e-3)"
FRAT2		ENSG00000181274	"FRAT regulator of WNT signaling pathway 2"	O75474	10	97332497-97334729	"Predicted intracellular proteins"	"Wnt signaling pathway"			"Evidence at protein level"	"Evidence at transcript level"	"Evidence at transcript level"	"Evidence at protein level"	"Low tissue specificity"	"Detected in all"			"Cell type enhanced"	"Detected in many"		"monocytes: 100.8"	"Low cell type specificity"	"Detected in all"			"Cancer enriched"	"Detected in all"	4	"Testicular Germ Cell Tumor (TCGA): 107.5"	"Low region specificity"	"Detected in all"			"Group enriched"	"Detected in many"	4	"eosinophil: 15.0;neutrophil: 58.4"	"Lineage enriched"	"Detected in all"	7	"granulocytes: 58.4"	"Low cancer specificity"	"Detected in all"			"Lung - Neutrophil_2, Spleen - Neutrophils, Testis - Late spermatids"	"Low region specificity"	"Detected in all"			"Low region specificity"	"Detected in all"			HPA049763	Uncertain		Approved	Nucleoplasm,Mitochondria			No	No			"Cluster 21: Neutrophils - Unknown function"	"Cluster 77: Bone marrow - Cell proliferation"	"Cluster 42: Choroid plexus - Mitochondria"	"Cluster 14: Myeloid leukemia - Innate immune response"	"Cluster 33: Non-specific - DNA binding"	2	Nucleoplasm	Mitochondria	"HPA049763: AB_2680868"	"unprognostic (2.98e-2)"	"unprognostic (1.01e-2)"	"unprognostic (8.44e-2)"	"unprognostic (3.90e-2)"	"unprognostic (2.22e-1)"	"unprognostic (1.36e-1)"	"unprognostic (5.08e-2)"	"unprognostic (2.61e-3)"	"unprognostic (5.25e-2)"	"unprognostic (1.89e-1)"	"potential prognostic favorable (2.53e-4)"	"unprognostic (7.98e-2)"	"unprognostic (1.77e-1)"	"unprognostic (1.20e-3)"	"unprognostic (1.12e-2)"	"unprognostic (2.18e-2)"	"unprognostic (1.89e-1)"	"unprognostic (9.35e-3)"	"unprognostic (1.14e-2)"	"unprognostic (1.71e-1)"	"unprognostic (2.08e-1)"	"unprognostic (9.45e-2)"	"potential prognostic favorable (3.31e-4)"	"unprognostic (5.24e-2)"	"unprognostic (5.58e-3)"	"unprognostic (1.40e-1)"	"unprognostic (2.08e-1)"	"unprognostic (3.09e-2)"	"unprognostic (1.69e-1)"	"unprognostic (7.12e-2)"	"unprognostic (6.64e-3)"
FRMD3	"EPB41L4O, MGC20553"	ENSG00000172159	"FERM domain containing 3"	A2A2Y4	9	83242990-83538546	"Predicted intracellular proteins, Predicted membrane proteins"				"Evidence at protein level"	"Evidence at protein level"	"Evidence at protein level"	"Evidence at protein level"	"Tissue enhanced"	"Detected in many"		"heart muscle: 82.1;skeletal muscle: 78.4;tongue: 71.7"	"Cell type enhanced"	"Detected in many"		"Bipolar cells: 93.1;Cardiomyocytes: 79.5;Cone photoreceptor cells: 107.0;Early spermatids: 107.6;Inhibitory neurons: 66.8;Late spermatids: 140.5;Oocytes: 105.9"	"Cell type enhanced"	"Detected in all"		"pericyte: 1293.7"	"Cancer enhanced"	"Detected in many"		"Thyroid Carcinoma (TCGA): 50.9"	"Low region specificity"	"Detected in all"			"Group enriched"	"Detected in some"	5	"classical monocyte: 2.0;intermediate monocyte: 3.4;neutrophil: 2.5;non-classical monocyte: 1.5"	"Group enriched"	"Detected in many"	7	"granulocytes: 2.5;monocytes: 3.4"	"Low cancer specificity"	"Detected in many"			"Adipose subcutaneous - Endothelial cells, Adipose visceral - Endothelial cells, Breast - Endothelial cells, Colon - Enteric glia cells, Minor Salivary Gland - Endothelial cells, Prostate - Endothelial cells, Skin - Endothelial cells, Testis - Early spermatids, Testis - Late spermatids"	"Low region specificity"	"Detected in all"			"Low region specificity"	"Detected in all"			HPA017285	Approved		Approved	"Golgi apparatus,Plasma membrane"			NA	NA			"Cluster 37: Monocytes & Neutrophils - Innate immune response"	"Cluster 12: Heart muscle - Cardiac muscle contraction"	"Cluster 44: Non-specific - Mixed function"	"Cluster 11: Neuronal - Sensory perception"	"Cluster 57: Platelets - Hemostasis"	11	"Golgi apparatus"	"Plasma membrane"	"HPA017285: AB_2669569"	"unprognostic (2.46e-1)"	"unprognostic (5.50e-2)"	"unprognostic (8.80e-2)"		"unprognostic (9.25e-2)"	"unprognostic (1.16e-1)"	"unprognostic (4.29e-1)"	"unprognostic (1.43e-1)"		"unprognostic (1.98e-1)"	"validated prognostic favorable (1.79e-8)"	"validated prognostic favorable (1.46e-5)"	"unprognostic (3.80e-2)"	"unprognostic (2.54e-1)"	"unprognostic (2.13e-2)"	"unprognostic (9.03e-2)"	"unprognostic (3.84e-2)"		"unprognostic (1.52e-3)"	"unprognostic (3.88e-2)"	"unprognostic (1.64e-1)"	"unprognostic (2.19e-1)"	"unprognostic (2.63e-2)"	"unprognostic (1.50e-2)"	"unprognostic (1.92e-2)"	"unprognostic (1.31e-2)"	"unprognostic (7.81e-3)"	"unprognostic (3.31e-1)"	"unprognostic (1.62e-1)"	"potential prognostic favorable (6.15e-4)"	"unprognostic (2.31e-2)"
FRY	"13CDNA73, bA37E23.1, C13orf14, CG003"	ENSG00000073910	"FRY microtubule binding protein"	Q5TBA9	13	31846713-32299125	"Predicted intracellular proteins"				"Evidence at protein level"	"Evidence at transcript level"	"Evidence at protein level"	"Evidence at protein level"	"Tissue enhanced"	"Detected in many"		"heart muscle: 25.2"	"Cell type enhanced"	"Detected in many"		"Excitatory neurons: 250.6;Inhibitory neurons: 260.8;Oligodendrocyte precursor cells: 215.1"	"Low cell type specificity"	"Detected in all"			"Low cancer specificity"	"Detected in many"			"Low region specificity"	"Detected in all"			"Group enriched"	"Detected in some"	8	"basophil: 7.7;eosinophil: 11.9;neutrophil: 8.4"	"Lineage enriched"	"Detected in many"	10	"granulocytes: 11.9"	"Low cancer specificity"	"Detected in many"			"Minor Salivary Gland - Endothelial cells"	"Low region specificity"	"Detected in all"			"Low region specificity"	"Detected in all"			HPA041635	Approved						NA	NA			"Cluster 22: Eosinophils - Transcription"	"Cluster 12: Heart muscle - Cardiac muscle contraction"	"Cluster 35: Non-specific - DNA binding"	"Cluster 14: Myeloid leukemia - Innate immune response"	"Cluster 65: Neurons - Synaptic function"				"HPA041635: AB_2677588"	"unprognostic (1.76e-3)"	"unprognostic (1.07e-1)"	"unprognostic (7.08e-2)"		"unprognostic (3.07e-1)"	"unprognostic (6.26e-3)"	"unprognostic (1.05e-2)"	"unprognostic (2.24e-3)"		"unprognostic (1.05e-1)"	"validated prognostic favorable (4.05e-6)"	"validated prognostic favorable (2.38e-4)"	"unprognostic (1.38e-1)"	"unprognostic (1.60e-1)"	"unprognostic (1.09e-1)"	"unprognostic (1.65e-1)"	"unprognostic (2.66e-1)"	"unprognostic (1.02e-1)"	"unprognostic (1.54e-1)"	"unprognostic (7.21e-3)"	"unprognostic (4.33e-2)"	"unprognostic (5.93e-2)"	"unprognostic (1.10e-1)"	"unprognostic (2.76e-2)"	"unprognostic (4.33e-1)"	"unprognostic (1.14e-2)"	"unprognostic (5.08e-2)"	"unprognostic (3.33e-2)"	"unprognostic (1.61e-1)"	"unprognostic (1.60e-2)"	
GAA		ENSG00000171298	"Alpha glucosidase"	P10253	17	80101556-80119881	"Disease related genes, Enzymes, FDA approved drug targets, Human disease related genes, Metabolic proteins, Plasma proteins, Predicted membrane proteins"		"Glycosidase, Hydrolase"	"Disease variant, FDA approved drug targets, Glycogen storage disease"	"Evidence at protein level"	"Evidence at protein level"	"Evidence at protein level"	"Evidence at protein level"	"Low tissue specificity"	"Detected in all"			"Cell type enhanced"	"Detected in all"		"Cytotrophoblasts: 151.0;Extravillous trophoblasts: 163.0;Syncytiotrophoblasts: 158.2"	"Cell type enhanced"	"Detected in all"		"central nervous system macrophage: 99.3"	"Low cancer specificity"	"Detected in all"			"Low region specificity"	"Detected in all"			"Group enriched"	"Detected in many"	5	"classical monocyte: 66.6;eosinophil: 22.9;intermediate monocyte: 50.3;myeloid DC: 39.8;neutrophil: 27.1;non-classical monocyte: 69.0"	"Group enriched"	"Detected in all"	10	"dendritic cells: 39.8;granulocytes: 27.1;monocytes: 69.0"	"Low cancer specificity"	"Detected in all"			"Lung - Macrophages, Spleen - Macrophages, Testis - Early spermatids"	"Low region specificity"	"Detected in all"			"Low region specificity"	"Detected in all"			"HPA026970, HPA029126"	Enhanced		Approved	Vesicles			NA	NA		6400000	"Cluster 38: Monocytes & Neutrophils - Degranulation"	"Cluster 44: Testis - Spermatogenesis"	"Cluster 20: Macrophages & Microglia - Immune response"	"Cluster 27: Breast cancer - Unknown function"	"Cluster 58: Macrophages - Innate immune response"	38	Vesicles		"HPA026970: AB_2672065, HPA029126: AB_2672918"	"unprognostic (7.79e-2)"	"unprognostic (3.90e-2)"	"unprognostic (5.84e-2)"	"unprognostic (2.48e-2)"	"unprognostic (9.18e-2)"	"unprognostic (1.74e-2)"	"unprognostic (3.09e-2)"	"unprognostic (1.12e-1)"	"unprognostic (1.35e-1)"	"unprognostic (9.13e-2)"	"unprognostic (7.29e-3)"	"unprognostic (3.29e-3)"	"unprognostic (6.43e-2)"	"unprognostic (1.50e-2)"	"unprognostic (6.82e-2)"	"unprognostic (5.99e-3)"	"unprognostic (8.95e-2)"	"unprognostic (8.61e-2)"	"unprognostic (3.71e-1)"	"unprognostic (3.20e-2)"	"unprognostic (2.65e-1)"	"unprognostic (4.74e-2)"	"unprognostic (2.18e-1)"	"unprognostic (6.29e-2)"	"unprognostic (7.76e-2)"	"unprognostic (2.51e-2)"	"unprognostic (2.92e-1)"	"unprognostic (7.70e-2)"	"unprognostic (2.20e-1)"	"unprognostic (2.36e-3)"	"unprognostic (3.25e-1)"
GNG11	GNGT11	ENSG00000127920	"G protein subunit gamma 11"	P61952	7	93921735-93928610	"Predicted intracellular proteins, RAS pathway related proteins"		Transducer		"Evidence at protein level"	"Evidence at transcript level"	"Evidence at protein level"	"Evidence at protein level"	"Low tissue specificity"	"Detected in all"			"Group enriched"	"Detected in many"	4	"Adipocytes: 1792.1;Endothelial cells: 1116.9;Lymphatic endothelial cells: 2285.9"	"Cell type enhanced"	"Detected in some"		"endothelial cell: 203.7;fibroblast: 90.9;pericyte: 271.2"	"Low cancer specificity"	"Detected in all"			"Low region specificity"	"Detected in all"			"Group enriched"	"Detected in many"	4	"basophil: 20.5;neutrophil: 9.8"	"Lineage enriched"	"Detected in many"	5	"granulocytes: 20.5"	"Cancer enhanced"	"Detected in many"		"Kidney cancer: 86.2"	"Adipose subcutaneous - Endothelial cells, Adipose visceral - Endothelial cells, Breast - Endothelial cells, Kidney - Endothelial cells, Liver - Vascular Endothelial cells, Minor Salivary Gland - Endothelial cells"	"Low region specificity"	"Detected in all"			"Low region specificity"	"Detected in all"			HPA045255	Uncertain						NA	NA		1800000	"Cluster 35: Neutrophils - Protein binding"	"Cluster 7: Adipose tissue - Mixed function"	"Cluster 47: Endothelial cells - Vasculature"	"Cluster 15: Kidney cancer - Membrane components"	"Cluster 57: Platelets - Hemostasis"	3			"HPA045255: AB_10794781"	"unprognostic (3.81e-1)"	"unprognostic (1.51e-1)"	"unprognostic (3.20e-1)"	"unprognostic (9.00e-2)"	"unprognostic (6.71e-2)"	"unprognostic (4.16e-1)"	"unprognostic (1.60e-2)"	"unprognostic (1.43e-3)"	"unprognostic (8.40e-2)"	"unprognostic (3.63e-2)"	"unprognostic (1.04e-3)"	"unprognostic (1.11e-1)"	"potential prognostic unfavorable (2.33e-4)"	"unprognostic (1.61e-2)"	"unprognostic (1.61e-2)"	"unprognostic (3.87e-2)"	"unprognostic (9.83e-2)"	"unprognostic (2.43e-3)"	"unprognostic (4.99e-2)"	"unprognostic (1.63e-1)"	"unprognostic (4.12e-2)"	"unprognostic (1.33e-1)"	"unprognostic (2.92e-1)"	"unprognostic (8.21e-2)"	"unprognostic (1.02e-1)"	"unprognostic (2.20e-1)"	"unprognostic (1.82e-2)"	"potential prognostic unfavorable (6.08e-4)"	"unprognostic (3.15e-1)"	"unprognostic (1.60e-1)"	"unprognostic (1.33e-1)"
GOLM1	"bA379P1.3, C9orf155, FLJ23608, GOLPH2, GP73"	ENSG00000135052	"Golgi membrane protein 1"	Q8NBJ4	9	86026146-86100173	"Plasma proteins, Predicted intracellular proteins"				"Evidence at protein level"	"Evidence at protein level"	"Evidence at protein level"	"Evidence at protein level"	"Tissue enhanced"	"Detected in all"		"stomach 1: 386.1"	"Cell type enhanced"	"Detected in many"		"Distal enterocytes: 397.1;Gastric mucus-secreting cells: 240.5;Late spermatids: 447.2;Paneth cells: 244.4"	"Low cell type specificity"	"Detected in all"			"Cancer enhanced"	"Detected in all"		"Prostate Adenocarcinoma (TCGA): 683.7"	"Low region specificity"	"Detected in all"			"Group enriched"	"Detected in many"	4	"basophil: 2.2;classical monocyte: 3.5;gdT-cell: 3.5;intermediate monocyte: 2.6;neutrophil: 4.3;non-classical monocyte: 4.2;plasmacytoid DC: 1.4"	"Low lineage specificity"	"Detected in many"			"Low cancer specificity"	"Detected in all"			"Adipose subcutaneous - Adipose progenitor cells, Minor Salivary Gland - Minor salivary glandular cells, Prostate - Prostate glandular cells, Spleen - Endothelial cells, Stomach - Gastric mucous cells"	"Low region specificity"	"Detected in all"			"Low region specificity"	"Detected in all"			"HPA010638, HPA011929, CAB015341"	Enhanced		Enhanced	"Golgi apparatus"			NA	NA		72000000	"Cluster 38: Monocytes & Neutrophils - Degranulation"	"Cluster 45: Intestine - Digestion"	"Cluster 56: Hypothalamus - Neuropeptide signaling"	"Cluster 7: Liver cancer - Metabolism"	"Cluster 45: Non-specific - Mixed function"	46	"Golgi apparatus"		"CAB015341: AB_2113334, HPA010638: AB_1849886, HPA011929: AB_1849888"	"unprognostic (4.31e-1)"	"unprognostic (7.37e-2)"	"unprognostic (4.76e-2)"	"unprognostic (3.69e-2)"	"unprognostic (3.14e-3)"	"unprognostic (1.19e-1)"	"unprognostic (1.24e-1)"	"unprognostic (9.61e-3)"	"unprognostic (2.00e-3)"	"unprognostic (1.04e-1)"	"unprognostic (2.16e-1)"	"unprognostic (3.04e-1)"	"unprognostic (4.12e-1)"	"potential prognostic unfavorable (9.53e-4)"	"unprognostic (2.07e-2)"	"potential prognostic unfavorable (2.26e-4)"	"unprognostic (8.65e-2)"	"unprognostic (1.17e-1)"	"unprognostic (7.90e-2)"	"unprognostic (3.64e-2)"	"unprognostic (2.09e-1)"	"unprognostic (1.79e-1)"	"unprognostic (7.08e-2)"	"unprognostic (1.46e-2)"	"unprognostic (3.42e-1)"	"unprognostic (4.88e-2)"	"unprognostic (6.75e-2)"	"unprognostic (1.15e-1)"	"unprognostic (1.68e-1)"	"unprognostic (1.02e-3)"	"unprognostic (1.01e-2)"
GP9	"CD42a, GPIX"	ENSG00000169704	"Glycoprotein IX platelet"	P14770	3	129060779-129062406	"CD markers, Disease related genes, Human disease related genes, Predicted membrane proteins"	"Blood coagulation, Cell adhesion, Hemostasis"		"Bernard Soulier syndrome, Disease variant"	"Evidence at protein level"	"Evidence at protein level"	"Evidence at protein level"	"Evidence at protein level"	"Tissue enhanced"	"Detected in some"		"bone marrow: 5.0;lung: 3.1;lymphoid tissue: 8.7"	"Group enriched"	"Detected in some"	8	"Early spermatids: 8.3;Late spermatids: 20.6"	"Not detected"	"Not detected"			"Not detected"	"Not detected"			"Region enhanced"	"Detected in single"		"choroid plexus: 1.3"	"Group enriched"	"Detected in some"	7	"basophil: 29.4;neutrophil: 14.0"	"Lineage enriched"	"Detected in many"	10	"granulocytes: 29.4"	"Cancer enriched"	"Detected in single"	97	"Leukemia: 9.6"	"Spleen - Platelets, Testis - Late spermatids"	"Low region specificity"	"Detected in many"			"Low region specificity"	"Detected in all"			HPA063182	Enhanced		Approved	"Nucleoplasm,Plasma membrane,Cytosol"			NA	NA		4300000	"Cluster 4: Neutrophils - Degranulation"	"Cluster 81: Lymphoid tissue & Bone marrow - Innate immune response"	"Cluster 23: Choroid plexus - Mixed function"	"Cluster 47: Leukemia - Hemostasis"	"Cluster 57: Platelets - Hemostasis"	57	"Plasma membrane, Cytosol"	Nucleoplasm	"HPA063182: AB_2684956"																															
GPD2		ENSG00000115159	"Glycerol-3-phosphate dehydrogenase 2"	P43304	2	156435290-156613735	"Enzymes, Metabolic proteins, Plasma proteins, Predicted intracellular proteins"		Oxidoreductase		"Evidence at protein level"	"Evidence at protein level"	"Evidence at protein level"	"Evidence at protein level"	"Low tissue specificity"	"Detected in all"			"Cell type enhanced"	"Detected in all"		"Astrocytes: 143.4;Late spermatids: 101.0;Oligodendrocyte precursor cells: 139.1"	"Low cell type specificity"	"Detected in all"			"Low cancer specificity"	"Detected in all"			"Low region specificity"	"Detected in all"			"Group enriched"	"Detected in many"	4	"classical monocyte: 3.3;eosinophil: 1.7;intermediate monocyte: 1.6;myeloid DC: 2.7;neutrophil: 1.1;non-classical monocyte: 2.3"	"Group enriched"	"Detected in many"	5	"dendritic cells: 2.7;granulocytes: 1.7;monocytes: 3.3"	"Low cancer specificity"	"Detected in all"			"Stomach - Gastric mucous cells, Testis - Early spermatids, Testis - Late spermatids, Thyroid gland - Thyroid glandular cells"	"Low region specificity"	"Detected in all"			"Low region specificity"	"Detected in all"			"HPA008012, HPA045506"	Enhanced		Supported	Mitochondria			NA	NA		600000	"Cluster 26: Monocytes - Plasma membrane proteins"	"Cluster 79: Non-specific - Transcription"	"Cluster 29: Forebrain - Mixed function"	"Cluster 53: Squamous epithelial cells - Keratinization"	"Cluster 76: Oligodendrocyte precursor - Unknown function"	1	Mitochondria		"HPA008012: AB_1079013, HPA045506: AB_2679355"	"unprognostic (2.11e-1)"	"unprognostic (5.10e-2)"	"unprognostic (3.20e-1)"	"unprognostic (3.48e-1)"	"unprognostic (2.15e-1)"	"unprognostic (2.72e-3)"	"unprognostic (2.64e-1)"	"unprognostic (4.64e-2)"	"unprognostic (5.57e-2)"	"unprognostic (7.81e-3)"	"potential prognostic favorable (3.02e-6)"	"unprognostic (3.44e-3)"	"unprognostic (3.01e-1)"	"potential prognostic unfavorable (2.94e-4)"	"unprognostic (1.13e-3)"	"potential prognostic unfavorable (8.05e-4)"	"unprognostic (7.67e-3)"	"unprognostic (3.19e-3)"	"unprognostic (1.47e-1)"	"unprognostic (6.75e-2)"	"unprognostic (3.58e-1)"	"unprognostic (3.14e-3)"	"unprognostic (4.79e-1)"	"unprognostic (1.04e-1)"	"unprognostic (9.33e-2)"	"unprognostic (7.87e-2)"	"unprognostic (2.53e-1)"	"unprognostic (3.09e-1)"	"unprognostic (2.35e-1)"	"unprognostic (3.70e-2)"	"unprognostic (3.68e-2)"
GPR27	SREB1	ENSG00000170837	"G protein-coupled receptor 27"	Q9NS67	3	71753855-71756496	"G-protein coupled receptors, Predicted membrane proteins"		"G-protein coupled receptor, Receptor, Transducer"		"Evidence at protein level"	"Evidence at protein level"	"Evidence at transcript level"	"Evidence at protein level"	"Tissue enhanced"	"Detected in many"		"brain: 39.7"	"Cell type enhanced"	"Detected in many"		"Bipolar cells: 8.7;Collecting duct cells: 9.7;Cone photoreceptor cells: 8.5;Glandular and luminal cells: 8.8;Granulosa cells: 15.8;Secretory cells: 9.6"	"Low cell type specificity"	"Detected in many"			"Low cancer specificity"	"Detected in many"			"Low region specificity"	"Detected in all"			"Group enriched"	"Detected in some"	9	"eosinophil: 2.8;neutrophil: 7.3"	"Lineage enriched"	"Detected in single"	12	"granulocytes: 7.3"	"Low cancer specificity"	"Detected in many"			"Spleen - Neutrophils, Thyroid gland - Thyroid glandular cells"	"Low region specificity"	"Detected in all"			"Low region specificity"	"Detected in all"			HPA029395	Approved		Approved	"Nucleoplasm,Plasma membrane,Actin filaments,Cytosol"			NA	NA			"Cluster 21: Neutrophils - Unknown function"	"Cluster 9: Oligodendrocytes - Myelination"	"Cluster 51: Neurons - Mixed function"	"Cluster 15: Kidney cancer - Membrane components"	"Cluster 74: Neutrophils - Degranulation"		Nucleoplasm	"Plasma membrane, Actin filaments, Cytosol"	"HPA029395: AB_10602907"	"unprognostic (1.97e-1)"	"unprognostic (1.16e-2)"	"unprognostic (9.88e-3)"	"unprognostic (7.15e-2)"			"unprognostic (3.10e-2)"	"unprognostic (1.51e-3)"	"unprognostic (8.42e-3)"	"unprognostic (1.59e-3)"	"unprognostic (1.18e-1)"	"unprognostic (6.53e-2)"	"unprognostic (3.80e-2)"			"unprognostic (3.82e-2)"	"unprognostic (4.89e-3)"	"unprognostic (2.85e-1)"	"unprognostic (1.37e-2)"	"potential prognostic favorable (3.71e-5)"	"unprognostic (6.66e-2)"	"unprognostic (3.29e-3)"	"unprognostic (9.17e-2)"	"unprognostic (2.84e-2)"			"unprognostic (5.65e-2)"	"unprognostic (2.65e-2)"	"unprognostic (2.64e-2)"	"unprognostic (1.27e-2)"	"unprognostic (1.28e-1)"
GPR84	EX33	ENSG00000139572	"G protein-coupled receptor 84"	Q9NQS5	12	54362445-54364487	"G-protein coupled receptors, Predicted membrane proteins"		"G-protein coupled receptor, Receptor, Transducer"		"Evidence at protein level"	"Evidence at protein level"	"Evidence at transcript level"	"Evidence at protein level"	"Tissue enhanced"	"Detected in many"		"bone marrow: 22.5;urinary bladder: 15.2"	"Group enriched"	"Detected in some"	6	"Hofbauer cells: 28.2;Langerhans cells: 21.7;Macrophages: 32.1;monocytes: 35.3"	"Cell type enriched"	"Detected in single"	12	"central nervous system macrophage: 3.7"	"Low cancer specificity"	"Detected in many"			"Low region specificity"	"Detected in many"			"Group enriched"	"Detected in some"	23	"basophil: 9.1;classical monocyte: 9.9;myeloid DC: 14.8;neutrophil: 6.0"	"Group enriched"	"Detected in many"	62	"dendritic cells: 14.8;granulocytes: 9.1;monocytes: 9.9"	"Group enriched"	"Detected in some"	6	"Leukemia: 3.9;lymphoma: 7.6"	"Adipose subcutaneous - Macrophages, Spleen - Neutrophils"					"Low region specificity"	"Detected in many"			HPA027603	Enhanced						NA	NA			"Cluster 38: Monocytes & Neutrophils - Degranulation"	"Cluster 81: Lymphoid tissue & Bone marrow - Innate immune response"	"Cluster 20: Macrophages & Microglia - Immune response"	"Cluster 71: Lymphoma - Inflammatory response"	"Cluster 29: Monocytes - Innate immune response"	1			"HPA027603: AB_10612115"	"unprognostic (1.44e-1)"	"unprognostic (5.88e-2)"	"unprognostic (8.70e-2)"	"unprognostic (3.19e-2)"	"unprognostic (3.27e-1)"	"unprognostic (2.36e-1)"	"unprognostic (5.00e-2)"	"unprognostic (6.11e-2)"	"unprognostic (1.09e-1)"		"potential prognostic unfavorable (5.24e-6)"	"unprognostic (1.29e-3)"			"unprognostic (2.48e-1)"	"unprognostic (2.24e-1)"	"unprognostic (7.33e-3)"	"unprognostic (5.13e-2)"	"unprognostic (6.26e-2)"	"unprognostic (3.11e-1)"	"unprognostic (3.17e-1)"	"unprognostic (2.79e-2)"			"unprognostic (5.94e-2)"	"unprognostic (3.50e-1)"	"unprognostic (7.93e-3)"	"unprognostic (1.80e-1)"	"unprognostic (4.79e-2)"		"unprognostic (1.37e-1)"
GRAMD1C	DKFZp434C0328	ENSG00000178075	"GRAM domain containing 1C"	Q8IYS0	3	113828182-113947174	"Predicted intracellular proteins, Predicted membrane proteins, Transporters"	"Lipid transport, Transport"			"Evidence at protein level"	"Evidence at protein level"	"Evidence at protein level"	"Evidence at protein level"	"Low tissue specificity"	"Detected in many"			"Cell type enhanced"	"Detected in many"		"Astrocytes: 172.5;Early spermatids: 113.3;Glandular and luminal cells: 56.9;Late spermatids: 78.7;Oligodendrocyte precursor cells: 77.4"	"Cell type enhanced"	"Detected in all"		"astrocyte: 343.5"	"Low cancer specificity"	"Detected in many"			"Low region specificity"	"Detected in all"			"Group enriched"	"Detected in some"	13	"memory B-cell: 2.7;naive B-cell: 3.0;neutrophil: 2.1"	"Group enriched"	"Detected in many"	13	"B-cells: 3.0;granulocytes: 2.1"	"Low cancer specificity"	"Detected in many"			"Adipose visceral - Mesothelial cells, Liver - Hepatocytes, Testis - Early spermatids"	"Low region specificity"	"Detected in many"			"Low region specificity"	"Detected in all"			HPA012316	Approved		Uncertain	"Plasma membrane,Cytosol"			NA	NA			"Cluster 20: Non-specific - DNA binding"	"Cluster 39: Retina & Testis - Cilium"	"Cluster 40: Astrocytes - Astrocyte-neuron interactions"	"Cluster 15: Kidney cancer - Membrane components"	"Cluster 37: Glandular & Luminal cells - Unknown function"	7	"Plasma membrane, Cytosol"		"HPA012316: AB_1849949"	"unprognostic (3.45e-1)"	"unprognostic (3.11e-2)"	"unprognostic (7.89e-2)"	"unprognostic (3.84e-2)"	"unprognostic (1.76e-1)"	"unprognostic (5.21e-2)"	"unprognostic (7.78e-2)"	"unprognostic (1.37e-1)"	"unprognostic (2.09e-2)"	"unprognostic (1.40e-1)"	"potential prognostic favorable (1.07e-10)"	"unprognostic (3.15e-3)"	"potential prognostic favorable (1.46e-4)"	"unprognostic (3.67e-3)"	"unprognostic (7.24e-3)"	"unprognostic (4.70e-1)"	"unprognostic (1.13e-1)"	"unprognostic (3.11e-1)"	"unprognostic (1.56e-1)"	"unprognostic (1.02e-1)"	"unprognostic (1.74e-1)"	"unprognostic (7.88e-3)"	"unprognostic (1.16e-2)"	"unprognostic (2.00e-1)"	"unprognostic (3.47e-1)"	"unprognostic (2.38e-1)"		"unprognostic (3.91e-2)"	"unprognostic (1.31e-1)"	"unprognostic (1.87e-1)"	"unprognostic (1.47e-1)"
GRN	"CLN11, PCDGF, PGRN"	ENSG00000030582	"Granulin precursor"	P28799	17	44345246-44353106	"Disease related genes, Human disease related genes, Plasma proteins, Predicted intracellular proteins, Predicted secreted proteins"		Cytokine	"Neurodegeneration, Neuronal ceroid lipofuscinosis"	"Evidence at protein level"	"Evidence at protein level"	"Evidence at protein level"	"Evidence at protein level"	"Low tissue specificity"	"Detected in all"			"Cell type enhanced"	"Detected in many"		"Hofbauer cells: 1429.9;Kupffer cells: 774.0"	"Cell type enhanced"	"Detected in all"		"central nervous system macrophage: 109.5"	"Low cancer specificity"	"Detected in all"			"Low region specificity"	"Detected in all"			"Group enriched"	"Detected in all"	6	"classical monocyte: 2059.0;intermediate monocyte: 1123.1;myeloid DC: 1535.9;neutrophil: 854.4;non-classical monocyte: 550.5;plasmacytoid DC: 1334.2"	"Group enriched"	"Detected in all"	8	"dendritic cells: 1535.9;granulocytes: 854.4;monocytes: 2059.0"	"Low cancer specificity"	"Detected in all"			"Adipose subcutaneous - Macrophages, Adipose visceral - Macrophages, Colon - Macrophages, Lung - Macrophages, Minor Salivary Gland - Mitotic cells (Minor salivary gland), Spleen - Macrophages, Stomach - Macrophages"	"Low region specificity"	"Detected in all"			"Low region specificity"	"Detected in all"			"HPA008763, CAB019394, HPA028747"	Uncertain		Enhanced	Endosomes,Lysosomes	"Secreted to blood"	Cytokine	NA	NA	138000000	66000000	"Cluster 38: Monocytes & Neutrophils - Degranulation"	"Cluster 77: Bone marrow - Cell proliferation"	"Cluster 20: Macrophages & Microglia - Immune response"	"Cluster 27: Breast cancer - Unknown function"	"Cluster 58: Macrophages - Innate immune response"	232	Lysosomes	Endosomes	"CAB019394: , HPA008763: AB_1850339, HPA028747: AB_10603767"	"unprognostic (3.89e-2)"	"unprognostic (8.10e-2)"	"unprognostic (8.46e-2)"	"unprognostic (1.57e-1)"	"unprognostic (2.33e-1)"	"unprognostic (2.58e-1)"	"unprognostic (1.87e-3)"	"unprognostic (7.71e-3)"	"unprognostic (1.37e-2)"	"unprognostic (9.42e-2)"	"unprognostic (3.48e-3)"	"unprognostic (8.24e-2)"	"unprognostic (9.12e-3)"	"unprognostic (2.55e-3)"	"unprognostic (1.15e-2)"	"unprognostic (1.05e-1)"	"unprognostic (3.57e-1)"	"unprognostic (2.56e-2)"	"unprognostic (1.43e-1)"	"unprognostic (1.23e-1)"	"unprognostic (1.38e-2)"	"unprognostic (6.56e-2)"	"unprognostic (9.70e-2)"	"unprognostic (3.01e-1)"	"unprognostic (1.56e-3)"	"unprognostic (2.43e-2)"	"unprognostic (2.90e-1)"	"unprognostic (9.14e-2)"	"unprognostic (9.58e-2)"	"unprognostic (1.21e-2)"	"unprognostic (1.35e-1)"
H1-2	"H1.2, H1c, H1F2, H1s-1, HIST1H1C"	ENSG00000187837	"H1.2 linker histone, cluster member"	P16403	6	26055740-26056470	"Plasma proteins, Predicted intracellular proteins"		DNA-binding		"Evidence at protein level"	"Evidence at protein level"	"Evidence at protein level"	"Evidence at protein level"	"Low tissue specificity"	"Detected in all"			"Cell type enhanced"	"Detected in many"		"Syncytiotrophoblasts: 472.0"	"Cell type enhanced"	"Detected in many"		"central nervous system macrophage: 15.2;endothelial cell: 13.0;vascular associated smooth muscle cell: 13.7"	"Low cancer specificity"	"Detected in all"			"Low region specificity"	"Detected in all"			"Group enriched"	"Detected in all"	4	"basophil: 259.2;eosinophil: 460.0;neutrophil: 230.5"	"Lineage enriched"	"Detected in all"	6	"granulocytes: 460.0"	"Cancer enhanced"	"Detected in all"		"Myeloma: 366.4"	"Adipose subcutaneous - Adipocytes (Subcutaneous), Prostate - Prostate glandular cells"	"Low region specificity"	"Detected in all"							"CAB011507, HPA055907"	Supported		Supported	"Nucleoplasm,Nucleoli rim"			NA	NA		19000000	"Cluster 22: Eosinophils - Transcription"	"Cluster 56: Non-specific - Unknown function"	"Cluster 25: Non-specific - Transcription"	"Cluster 41: Non-specific - Nucleosome assembly"	"Cluster 3: Basal prostatic cells - Lipid metabolism"	107	"Nucleoplasm, Nucleoli rim"		"CAB011507: AB_2117984, HPA055907: AB_2682966"	"unprognostic (6.63e-2)"	"unprognostic (2.00e-1)"		"potential prognostic favorable (9.10e-4)"	"unprognostic (1.50e-1)"	"unprognostic (1.18e-1)"	"unprognostic (3.88e-1)"	"unprognostic (3.79e-1)"	"unprognostic (7.74e-2)"	"unprognostic (6.15e-2)"	"unprognostic (1.16e-2)"	"unprognostic (1.48e-1)"	"unprognostic (2.14e-2)"	"unprognostic (2.43e-1)"		"unprognostic (2.31e-2)"	"unprognostic (1.37e-2)"	"unprognostic (1.14e-1)"	"unprognostic (4.85e-2)"	"unprognostic (4.98e-2)"	"unprognostic (3.47e-1)"	"unprognostic (1.93e-3)"	"unprognostic (1.54e-1)"	"unprognostic (2.37e-1)"	"unprognostic (2.05e-3)"	"unprognostic (6.66e-2)"	"unprognostic (1.81e-1)"	"unprognostic (6.76e-2)"	"unprognostic (9.72e-2)"	"unprognostic (1.06e-1)"	"unprognostic (7.98e-2)"
H3C10	"H3/k, H3F1K, H3FK, HIST1H3H"	ENSG00000278828	"H3 clustered histone 10"	P68431	6	27810051-27811300	"Disease related genes, Predicted intracellular proteins"		DNA-binding	"Disease variant"	"Evidence at protein level"	"Evidence at protein level"	"Evidence at protein level"	"Evidence at protein level"	"Low tissue specificity"	"Detected in many"			"Cell type enhanced"	"Detected in many"		"Distal enterocytes: 10.9;Gastric mucus-secreting cells: 33.6;Plasma cells: 21.2;Squamous epithelial cells: 12.3"	"Group enriched"	"Detected in some"	4	"central nervous system macrophage: 2.0;choroid plexus epithelial cell: 2.8;leukocyte: 2.0"	"Low cancer specificity"	"Detected in all"			"Low region specificity"	"Detected in all"			"Group enriched"	"Detected in all"	6	"basophil: 115.9;neutrophil: 51.1"	"Lineage enriched"	"Detected in all"	9	"granulocytes: 115.9"	"Low cancer specificity"	"Detected in all"												"HPA042570, HPA050968, HPA064058"	Approved		Supported	"Nucleoplasm,Acrosome,Principal piece"			NA	Yes			"Cluster 21: Neutrophils - Unknown function"	"Cluster 81: Lymphoid tissue & Bone marrow - Innate immune response"	"Cluster 23: Choroid plexus - Mixed function"	"Cluster 41: Non-specific - Nucleosome assembly"	"Cluster 57: Platelets - Hemostasis"	71	Nucleoplasm	"Acrosome, Principal piece"	"HPA042570: AB_2678056, HPA050968: , HPA064058: "	"potential prognostic unfavorable (6.77e-6)"	"unprognostic (1.72e-1)"		"potential prognostic favorable (8.82e-4)"	"unprognostic (5.21e-2)"	"unprognostic (1.11e-1)"	"unprognostic (1.21e-1)"		"unprognostic (2.65e-1)"	"unprognostic (3.32e-1)"	"unprognostic (2.95e-1)"	"unprognostic (6.43e-2)"	"potential prognostic unfavorable (4.61e-7)"	"unprognostic (2.28e-1)"		"unprognostic (1.74e-2)"	"unprognostic (4.39e-2)"	"unprognostic (1.11e-2)"	"unprognostic (1.32e-3)"	"unprognostic (9.59e-2)"		"potential prognostic unfavorable (5.14e-6)"		"unprognostic (1.81e-1)"	"unprognostic (1.60e-1)"	"unprognostic (2.14e-2)"	"unprognostic (2.38e-1)"	"unprognostic (2.48e-1)"	"unprognostic (1.73e-1)"	"unprognostic (2.22e-1)"	"unprognostic (2.04e-2)"
H4C1	"H4FA, HIST1H4A"	ENSG00000278637	"H4 clustered histone 1"	P62805	6	26021649-26022050	"Disease related genes, Predicted intracellular proteins"		DNA-binding	"Disease variant, Intellectual disability"	"Evidence at protein level"	"Evidence at protein level"	"Evidence at protein level"	"Evidence at protein level"	"Tissue enhanced"	"Detected in some"		"bone marrow: 1.6;lymphoid tissue: 3.4"	"Cell type enhanced"	"Detected in some"		"Distal enterocytes: 4.1;Erythroid cells: 5.0;Gastric mucus-secreting cells: 14.7;T-cells: 4.0"	"Not detected"	"Not detected"			"Cancer enhanced"	"Detected in some"		"Colon Adenocarcinoma (TCGA): 3.1;Uterine Corpus Endometrial Carcinoma (TCGA): 3.2"	"Region enhanced"	"Detected in all"		"cerebellum: 54.9"	"Group enriched"	"Detected in some"	6	"eosinophil: 2.9;neutrophil: 10.5"	"Lineage enriched"	"Detected in many"	9	"granulocytes: 10.5"	"Low cancer specificity"	"Detected in many"												"CAB021887, HPA042201"	Supported						NA	NA		120000000	"Cluster 21: Neutrophils - Unknown function"	"Cluster 67: Lymphoid tissue & Bone marrow - Cell proliferation"	"Cluster 2: Neurons - Nucleosome"	"Cluster 41: Non-specific - Nucleosome assembly"	"Cluster 61: Plasma cells - Immunoglobulins & histones"	445			"CAB021887: AB_2279758, HPA042201: AB_2677898"	"unprognostic (1.60e-2)"				"unprognostic (1.07e-1)"	"unprognostic (1.28e-1)"	"unprognostic (3.91e-2)"									"unprognostic (6.33e-3)"										"unprognostic (1.35e-1)"					"unprognostic (9.25e-3)"
H4C8	"H4/h, H4FH, HIST1H4H"	ENSG00000158406	"H4 clustered histone 8"	P62805	6	26277609-26285638	"Disease related genes, Predicted intracellular proteins"		DNA-binding	"Disease variant, Intellectual disability"	"Evidence at protein level"	"Evidence at protein level"	"Evidence at protein level"	"Evidence at protein level"	"Tissue enhanced"	"Detected in some"		"lymphoid tissue: 2.1;skeletal muscle: 2.3"	"Cell type enhanced"	"Detected in many"		"Oocytes: 50.0;Plasma cells: 27.3;Prostatic glandular cells: 32.8"	"Cell type enhanced"	"Detected in many"		"choroid plexus epithelial cell: 14.2"	"Cancer enhanced"	"Detected in many"		"Colon Adenocarcinoma (TCGA): 13.4"	"Low region specificity"	"Detected in all"			"Group enriched"	"Detected in some"	7	"eosinophil: 5.1;neutrophil: 12.2"	"Lineage enriched"	"Detected in many"	10	"granulocytes: 12.2"	"Low cancer specificity"	"Detected in many"			"Prostate - Prostate glandular cells"					"Low region specificity"	"Detected in all"			HPA042201	Supported						NA	NA		120000000	"Cluster 21: Neutrophils - Unknown function"	"Cluster 19: Non-specific - Basic cellular processes"	"Cluster 35: Non-specific - DNA binding"	"Cluster 41: Non-specific - Nucleosome assembly"	"Cluster 40: Prostatic glandular cells - Transcription"	61			"HPA042201: AB_2677898"	"unprognostic (1.36e-1)"			"unprognostic (1.35e-1)"	"unprognostic (1.22e-1)"	"unprognostic (1.73e-1)"	"unprognostic (1.03e-1)"	"unprognostic (8.43e-2)"								"unprognostic (8.99e-1)"					"unprognostic (1.47e-2)"		"unprognostic (1.73e-1)"	"unprognostic (5.33e-1)"		"unprognostic (6.86e-2)"			"unprognostic (4.25e-1)"		"unprognostic (2.73e-1)"
HCAR3	"GPR109B, HCA3, HM74"	ENSG00000255398	"Hydroxycarboxylic acid receptor 3"	P49019	12	122714756-122716811	"FDA approved drug targets, G-protein coupled receptors, Predicted membrane proteins"		"G-protein coupled receptor, Receptor, Transducer"	"FDA approved drug targets"	"Evidence at protein level"	"Evidence at transcript level"	"Evidence at protein level"	"Evidence at protein level"	"Tissue enhanced"	"Detected in many"		"bone marrow: 27.1;esophagus: 16.3;lymphoid tissue: 19.2;skin 1: 16.8"	"Cell type enhanced"	"Detected in many"		"Basal keratinocytes: 78.8;Basal prostatic cells: 190.1;Basal respiratory cells: 53.3;Basal squamous epithelial cells: 138.3;Langerhans cells: 71.4;monocytes: 57.9;Squamous epithelial cells: 45.4;Suprabasal keratinocytes: 87.0"	"Not detected"	"Not detected"			"Group enriched"	"Detected in many"	4	"Bladder Urothelial Carcinoma (TCGA): 12.9;Cervical Squamous Cell Carcinoma and Endocervical Adenocarcinoma (TCGA): 13.4;Head and Neck Squamous Cell Carcinoma (TCGA): 16.0;Kidney Chromophobe (TCGA): 4.7;Lung Squamous Cell Carcinoma (TCGA): 10.0"	"Region enriched"	"Detected in some"	5	"cerebral cortex: 10.1"	"Group enriched"	"Detected in many"	6	"basophil: 58.8;neutrophil: 177.8;non-classical monocyte: 84.6"	"Group enriched"	"Detected in many"	50	"granulocytes: 177.8;monocytes: 84.6"	"Cancer enhanced"	"Detected in some"		"Bladder cancer: 7.3;Gallbladder cancer: 6.8;head and neck cancer: 10.4"	"Adipose visceral - Adipocytes (Visceral), Lung - NK-cells (Lung), Prostate - Urothelial cells, Skin - Keratinocyte (other)"									HPA028660	Approved		Approved	"Cell Junctions"			NA	NA			"Cluster 28: Neutrophils - Unknown function"	"Cluster 77: Bone marrow - Cell proliferation"	"Cluster 12: Non-specific - Vasculature"	"Cluster 53: Squamous epithelial cells - Keratinization"	"Cluster 12: Squamous epithelial cells - Keratinization"		"Cell Junctions"		"HPA028660: AB_10602139"	"unprognostic (3.12e-2)"	"unprognostic (1.91e-1)"		"unprognostic (3.74e-2)"	"unprognostic (1.68e-1)"	"unprognostic (2.19e-2)"		"unprognostic (1.55e-1)"	"unprognostic (8.99e-2)"	"unprognostic (7.01e-2)"					"unprognostic (1.11e-1)"	"unprognostic (2.22e-1)"	"unprognostic (1.53e-1)"	"unprognostic (1.85e-1)"	"unprognostic (3.28e-1)"			"unprognostic (1.67e-2)"	"unprognostic (3.26e-2)"		"unprognostic (7.27e-2)"	"unprognostic (4.07e-2)"		"unprognostic (1.12e-1)"	"unprognostic (3.47e-1)"		
HCK	JTK9	ENSG00000101336	"HCK proto-oncogene, Src family tyrosine kinase"	P08631	20	32052197-32101856	"Disease related genes, Enzymes, Potential drug targets, Predicted intracellular proteins"	"Exocytosis, Host-virus interaction, Immunity, Inflammatory response, Innate immunity, Phagocytosis"	"Kinase, Transferase, Tyrosine-protein kinase"	Proto-oncogene	"Evidence at protein level"	"Evidence at protein level"	"Evidence at protein level"	"Evidence at protein level"	"Tissue enhanced"	"Detected in many"		"lymphoid tissue: 109.8"	"Cell type enhanced"	"Detected in many"		"Hofbauer cells: 185.0;Kupffer cells: 165.4;Langerhans cells: 102.7;Macrophages: 143.1;monocytes: 254.1"	"Group enriched"	"Detected in many"	6	"central nervous system macrophage: 286.3;leukocyte: 89.3"	"Low cancer specificity"	"Detected in all"			"Low region specificity"	"Detected in all"			"Group enriched"	"Detected in many"	16	"classical monocyte: 574.4;eosinophil: 708.2;intermediate monocyte: 1057.2;myeloid DC: 335.8;neutrophil: 803.1;non-classical monocyte: 1255.3"	"Group enriched"	"Detected in all"	16	"dendritic cells: 335.8;granulocytes: 803.1;monocytes: 1255.3"	"Group enriched"	"Detected in some"	7	"Leukemia: 25.5;lymphoma: 43.9"	"Adipose subcutaneous - Macrophages, Adipose visceral - Macrophages, Adrenal gland - Macrophages, Breast - Macrophages, Colon - Macrophages, Kidney - Macrophages, Lung - Neutrophil_2, Minor Salivary Gland - Macrophages, Pituitary gland - Macrophages, Prostate - Macrophages, Skeletal muscle - Macrophages, Stomach - Macrophages, Testis - Macrophages, Thyroid gland - Macrophages"	"Low region specificity"	"Detected in many"			"Low region specificity"	"Detected in all"			"CAB005195, HPA035534, HPA063768"	Approved		Supported	"Vesicles,Plasma membrane,Cytosol"			NA	NA		390000	"Cluster 37: Monocytes & Neutrophils - Innate immune response"	"Cluster 70: Lymphoid tissue - Immune response"	"Cluster 20: Macrophages & Microglia - Immune response"	"Cluster 55: Lymphoma - Immune response"	"Cluster 29: Monocytes - Innate immune response"	47	Vesicles	"Plasma membrane, Cytosol"	"CAB005195: AB_631619, HPA035534: , HPA063768: AB_2685118"	"unprognostic (2.79e-2)"	"unprognostic (5.35e-2)"	"unprognostic (1.17e-2)"	"unprognostic (1.40e-2)"	"unprognostic (1.32e-1)"	"unprognostic (5.35e-2)"	"unprognostic (4.34e-2)"	"unprognostic (1.70e-1)"	"unprognostic (1.86e-1)"	"unprognostic (4.12e-2)"	"unprognostic (2.97e-2)"	"unprognostic (4.77e-1)"	"unprognostic (4.09e-2)"	"unprognostic (1.99e-2)"	"unprognostic (1.94e-1)"	"unprognostic (1.44e-2)"	"unprognostic (2.35e-2)"	"unprognostic (3.97e-1)"	"unprognostic (1.58e-1)"	"unprognostic (6.78e-2)"	"unprognostic (4.63e-1)"	"unprognostic (5.84e-2)"	"unprognostic (3.56e-2)"	"unprognostic (2.71e-2)"	"unprognostic (1.93e-2)"	"unprognostic (1.32e-2)"	"unprognostic (7.90e-2)"	"unprognostic (7.14e-2)"	"unprognostic (4.50e-2)"	"unprognostic (1.61e-1)"	"unprognostic (4.94e-2)"
HDAC4	"BDMR, HA6116, HD4, HDAC-4, HDAC-A, HDACA, KIAA0288"	ENSG00000068024	"Histone deacetylase 4"	P56524	2	239048168-239401654	"Disease related genes, Enzymes, FDA approved drug targets, Human disease related genes, Predicted intracellular proteins"	"Transcription, Transcription regulation"	"Chromatin regulator, Hydrolase, Repressor"	"Disease variant, Epilepsy, FDA approved drug targets, Intellectual disability"	"Evidence at protein level"	"Evidence at protein level"	"Evidence at protein level"	"Evidence at protein level"	"Tissue enhanced"	"Detected in many"		"skeletal muscle: 56.2"	"Cell type enhanced"	"Detected in many"		"Astrocytes: 58.8;Excitatory neurons: 114.0;Inhibitory neurons: 81.4;Late spermatids: 71.8;Oligodendrocyte precursor cells: 80.2;Oligodendrocytes: 115.4"	"Low cell type specificity"	"Detected in all"			"Low cancer specificity"	"Detected in all"			"Low region specificity"	"Detected in all"			"Group enriched"	"Detected in many"	4	"basophil: 32.0;neutrophil: 47.0"	"Lineage enriched"	"Detected in many"	5	"granulocytes: 47.0"	"Low cancer specificity"	"Detected in all"			"Breast - Fibroblasts, Minor Salivary Gland - Endothelial cells, Prostate - Smooth muscle cells, Testis - Late spermatids"	"Low region specificity"	"Detected in all"			"Low region specificity"	"Detected in all"			"HPA048723, HPA071448"	Approved		Supported	"Nucleoplasm,Nuclear speckles,Cytosol"			NA	NA			"Cluster 35: Neutrophils - Protein binding"	"Cluster 2: Skeletal muscle - Striated muscle contraction"	"Cluster 32: Cerebral cortex - Mixed function"	"Cluster 59: Leukemia - T-cell receptor"	"Cluster 34: Neurons - Neuronal signaling"	89	"Nuclear speckles"	"Nucleoplasm, Cytosol"	"HPA048723: AB_2680501, HPA071448: "	"unprognostic (5.13e-2)"	"unprognostic (2.60e-1)"	"potential prognostic favorable (5.12e-4)"	"unprognostic (6.39e-2)"	"unprognostic (1.89e-1)"	"unprognostic (5.26e-2)"	"unprognostic (8.97e-2)"	"potential prognostic favorable (2.43e-4)"	"unprognostic (1.29e-2)"	"unprognostic (5.11e-2)"	"unprognostic (6.51e-3)"	"unprognostic (1.90e-2)"	"unprognostic (2.41e-1)"	"potential prognostic unfavorable (3.36e-4)"	"unprognostic (1.23e-2)"	"unprognostic (9.01e-2)"	"unprognostic (2.83e-1)"	"unprognostic (7.20e-2)"	"unprognostic (1.88e-3)"	"potential prognostic unfavorable (1.54e-4)"	"unprognostic (4.11e-1)"	"unprognostic (1.95e-3)"	"unprognostic (6.59e-2)"	"unprognostic (3.31e-2)"	"unprognostic (8.41e-3)"	"unprognostic (1.30e-2)"	"unprognostic (9.53e-2)"	"unprognostic (4.29e-1)"	"unprognostic (5.74e-2)"	"unprognostic (1.87e-2)"	"unprognostic (6.70e-2)"
HES2	bHLHb40	ENSG00000069812	"Hes family bHLH transcription factor 2"	Q9Y543	1	6412418-6424670	"Predicted intracellular proteins, Transcription factors"	"Transcription, Transcription regulation"	"DNA-binding, Repressor"		"Evidence at transcript level"	"Evidence at transcript level"	"Evidence at transcript level"	"Evidence at transcript level"	"Tissue enhanced"	"Detected in many"		"esophagus: 32.7;skin 1: 16.3;vagina: 18.2"	"Cell type enhanced"	"Detected in many"		"Basal keratinocytes: 33.0;Intestinal goblet cells: 45.0;Late spermatids: 46.0;Paneth cells: 38.6;Squamous epithelial cells: 62.1;Suprabasal keratinocytes: 43.3;Syncytiotrophoblasts: 112.9"	"Not detected"	"Not detected"			"Cancer enhanced"	"Detected in many"		"Cervical Squamous Cell Carcinoma and Endocervical Adenocarcinoma (TCGA): 41.8;Head and Neck Squamous Cell Carcinoma (TCGA): 34.4"	"Low region specificity"	"Detected in all"			"Group enriched"	"Detected in some"	8	"basophil: 2.7;neutrophil: 1.0"	"Lineage enriched"	"Detected in single"	11	"granulocytes: 2.7"	"Cancer enhanced"	"Detected in many"		"Gallbladder cancer: 36.3;head and neck cancer: 37.3"	"Colon - Colon enterocytes"	"Not detected"	"Not detected"			"Low region specificity"	"Detected in all"			HPA039462	Uncertain						NA	NA				"Cluster 27: Squamous epithelium - Keratinization"	"Cluster 48: Non-specific - Mixed function"	"Cluster 53: Squamous epithelial cells - Keratinization"	"Cluster 12: Squamous epithelial cells - Keratinization"				"HPA039462: AB_10673533"	"unprognostic (2.34e-1)"	"unprognostic (1.02e-1)"	"unprognostic (3.14e-2)"	"unprognostic (1.61e-2)"	"unprognostic (1.11e-1)"	"unprognostic (1.16e-3)"			"unprognostic (1.92e-1)"	"unprognostic (8.05e-2)"	"unprognostic (5.84e-2)"		"potential prognostic favorable (1.04e-4)"			"unprognostic (3.93e-2)"	"unprognostic (3.61e-2)"	"unprognostic (2.90e-1)"	"unprognostic (8.28e-3)"	"unprognostic (4.38e-2)"	"unprognostic (3.55e-1)"	"unprognostic (2.29e-3)"	"unprognostic (5.81e-3)"	"unprognostic (3.67e-2)"	"unprognostic (4.93e-1)"	"unprognostic (2.36e-1)"	"unprognostic (1.13e-2)"	"unprognostic (1.01e-1)"	"unprognostic (1.12e-1)"	"unprognostic (8.05e-2)"	"unprognostic (1.70e-1)"
HHEX	"HEX, HOX11L-PEN, PRHX"	ENSG00000152804	"Hematopoietically expressed homeobox"	Q03014	10	92689955-92695647	"Human disease related genes, Predicted intracellular proteins, Transcription factors"	"Differentiation, Transcription, Transcription regulation, Wnt signaling pathway"	"Developmental protein, DNA-binding, Repressor"		"Evidence at protein level"	"Evidence at transcript level"	"Evidence at protein level"	"Evidence at protein level"	"Tissue enhanced"	"Detected in many"		"bone marrow: 83.7;liver: 89.0;thyroid gland: 99.0"	"Cell type enhanced"	"Detected in many"		"B-cells: 77.8;Cholangiocytes: 145.0;dendritic cells: 57.8;Ductal cells: 108.7;Endothelial cells: 67.4;Hepatocytes: 55.7;Hofbauer cells: 71.4;Oocytes: 82.3"	"Group enriched"	"Detected in some"	6	"central nervous system macrophage: 34.4;endothelial cell: 34.8"	"Group enriched"	"Detected in all"	5	"Liver Hepatocellular Carcinoma (TCGA): 38.9;Thyroid Carcinoma (TCGA): 130.5"	"Low region specificity"	"Detected in all"			"Group enriched"	"Detected in many"	43	"basophil: 28.0;classical monocyte: 41.5;eosinophil: 61.9;intermediate monocyte: 45.7;memory B-cell: 59.5;myeloid DC: 30.9;naive B-cell: 66.0;neutrophil: 31.6;non-classical monocyte: 50.9;plasmacytoid DC: 36.4"	"Low lineage specificity"	"Detected in many"			"Cancer enhanced"	"Detected in many"		"Leukemia: 68.9"	"Colon - Endothelial cells, Heart muscle - Endothelial cells, Kidney - Endothelial cells, Prostate - Endothelial cells, Skeletal muscle - Endothelial cells, Thyroid gland - Thyroid glandular cells"					"Low region specificity"	"Detected in many"			"HPA003257, HPA051894"	Approved		Approved	"Nucleoplasm,Nuclear bodies"			NA	NA			"Cluster 29: Non-specific - Unknown function"	"Cluster 40: Non-specific - Transcription"	"Cluster 47: Endothelial cells - Vasculature"	"Cluster 14: Myeloid leukemia - Innate immune response"	"Cluster 73: B-cells - B-cell function"	27	Nucleoplasm	"Nuclear bodies"	"HPA003257: , HPA051894: AB_2681653"	"unprognostic (6.41e-3)"	"unprognostic (5.35e-3)"	"unprognostic (4.95e-3)"	"unprognostic (1.16e-3)"	"unprognostic (2.95e-1)"	"unprognostic (8.27e-2)"	"unprognostic (2.96e-1)"	"unprognostic (8.14e-2)"	"unprognostic (6.66e-3)"	"unprognostic (4.94e-2)"	"unprognostic (8.46e-3)"	"unprognostic (1.88e-2)"	"unprognostic (2.26e-2)"	"potential prognostic unfavorable (1.75e-4)"	"unprognostic (4.38e-2)"	"unprognostic (8.85e-3)"	"unprognostic (1.61e-1)"	"unprognostic (7.35e-2)"	"unprognostic (6.39e-2)"	"unprognostic (2.50e-1)"	"unprognostic (4.33e-2)"	"unprognostic (2.83e-3)"	"unprognostic (2.25e-1)"	"unprognostic (3.05e-1)"	"unprognostic (3.27e-2)"	"unprognostic (2.23e-1)"	"unprognostic (1.24e-1)"	"unprognostic (7.47e-2)"	"unprognostic (9.94e-2)"	"unprognostic (1.51e-1)"	"unprognostic (2.15e-2)"
HIP1	ILWEQ	ENSG00000127946	"Huntingtin interacting protein 1"	O00291	7	75533298-75738962	"Cancer-related genes, Disease related genes, Potential drug targets, Predicted intracellular proteins, Transporters"	"Apoptosis, Differentiation, Endocytosis, Transcription, Transcription regulation"	"Actin-binding, Activator"	"Cancer-related genes, Neurodegeneration"	"Evidence at protein level"	"Evidence at protein level"	"Evidence at protein level"	"Evidence at protein level"	"Low tissue specificity"	"Detected in all"			"Cell type enriched"	"Detected in many"	4	"Late spermatids: 1376.4"	"Cell type enhanced"	"Detected in all"		"oligodendrocyte: 575.9;oligodendrocyte precursor cell: 682.4;vascular associated smooth muscle cell: 744.0"	"Low cancer specificity"	"Detected in all"			"Low region specificity"	"Detected in all"			"Group enriched"	"Detected in many"	4	"basophil: 9.6;eosinophil: 6.9;neutrophil: 6.8;NK-cell: 3.0;plasmacytoid DC: 3.3"	"Low lineage specificity"	"Detected in many"			"Low cancer specificity"	"Detected in all"			"Testis - Late spermatids"	"Low region specificity"	"Detected in all"			"Low region specificity"	"Detected in all"			"HPA013606, CAB015334, CAB016402, HPA017964"	Enhanced		Supported	"Vesicles,Acrosome,Mid piece,Principal piece"			NA	NA			"Cluster 22: Eosinophils - Transcription"	"Cluster 44: Testis - Spermatogenesis"	"Cluster 11: White matter - Signal transduction"	"Cluster 39: Non-specific - Transcription"	"Cluster 36: Late spermatids - Unknown function"	70	Vesicles	"Acrosome, Mid piece, Principal piece"	"CAB015334: AB_2117565, CAB016402: AB_627725, HPA013606: AB_1850717, HPA017964: AB_1850719"	"unprognostic (2.40e-3)"	"unprognostic (1.50e-2)"	"unprognostic (1.49e-2)"	"unprognostic (4.97e-2)"	"unprognostic (2.43e-2)"	"unprognostic (2.99e-2)"	"unprognostic (3.94e-1)"	"unprognostic (2.04e-1)"	"unprognostic (1.24e-1)"	"unprognostic (1.07e-1)"	"validated prognostic favorable (4.60e-4)"	"validated prognostic favorable (6.80e-4)"	"unprognostic (1.40e-1)"	"unprognostic (1.37e-2)"	"unprognostic (2.91e-1)"	"unprognostic (2.84e-2)"	"unprognostic (2.97e-1)"	"unprognostic (2.05e-1)"	"unprognostic (1.26e-1)"	"unprognostic (3.13e-3)"	"unprognostic (4.39e-1)"	"unprognostic (1.30e-2)"	"unprognostic (2.56e-1)"	"unprognostic (1.45e-1)"	"unprognostic (6.69e-2)"	"unprognostic (7.24e-2)"	"unprognostic (7.90e-2)"	"unprognostic (1.63e-1)"	"unprognostic (1.86e-1)"	"unprognostic (5.41e-2)"	"unprognostic (3.06e-2)"
IFITM1	"9-27, CD225, DSPA2a, IFI17"	ENSG00000185885	"Interferon induced transmembrane protein 1"	P13164	11	310041-315272	"CD markers, Plasma proteins, Predicted membrane proteins, Transporters"	"Antiviral defense, Immunity, Innate immunity, Osteogenesis"			"Evidence at protein level"	"Evidence at protein level"	"Evidence at protein level"	"Evidence at protein level"	"Low tissue specificity"	"Detected in all"			"Cell type enhanced"	"Detected in many"		"Basal squamous epithelial cells: 347.5;Endothelial cells: 319.6;Leydig cells: 223.1;Mesothelial cells: 297.5;NK-cells: 253.8;T-cells: 487.1"	"Not detected"	"Not detected"			"Low cancer specificity"	"Detected in all"			"Low region specificity"	"Detected in all"			"Group enriched"	"Detected in all"	5	"eosinophil: 1500.1;gdT-cell: 2915.2;MAIT T-cell: 2008.6;memory CD4 T-cell: 3131.5;memory CD8 T-cell: 3002.0;naive CD4 T-cell: 2949.8;naive CD8 T-cell: 3007.1;neutrophil: 2758.0;NK-cell: 4694.8;T-reg: 1950.8"	"Group enriched"	"Detected in all"	7	"granulocytes: 2758.0;NK-cells: 4694.8;T-cells: 3131.5"	"Low cancer specificity"	"Detected in all"			"Colon - Endothelial cells, Heart muscle - Endothelial cells, Skeletal muscle - Endothelial cells"									"HPA004810, CAB017615"	Enhanced		Approved	"Golgi apparatus,Plasma membrane"			NA	NA			"Cluster 24: Non-specific - Transcription"	"Cluster 53: Non-specific - Glycosylation"	"Cluster 47: Endothelial cells - Vasculature"	"Cluster 31: Non-specific - Antiviral immune response"	"Cluster 7: T-cells - T-cell receptor"	36	"Golgi apparatus, Plasma membrane"		"CAB017615: AB_2264496, HPA004810: AB_1851419"	"unprognostic (2.90e-1)"	"unprognostic (2.71e-3)"	"unprognostic (7.60e-2)"	"unprognostic (8.33e-2)"	"unprognostic (1.38e-1)"	"unprognostic (7.76e-2)"	"unprognostic (7.24e-2)"	"unprognostic (9.56e-2)"	"unprognostic (3.54e-1)"	"unprognostic (8.98e-2)"	"unprognostic (2.04e-3)"	"unprognostic (3.38e-1)"	"potential prognostic unfavorable (2.43e-5)"	"unprognostic (1.06e-1)"	"unprognostic (8.64e-3)"	"unprognostic (9.45e-2)"	"unprognostic (4.53e-1)"	"unprognostic (2.86e-1)"	"unprognostic (3.81e-1)"	"unprognostic (2.23e-1)"	"unprognostic (1.15e-1)"	"unprognostic (2.78e-3)"	"unprognostic (1.55e-3)"	"unprognostic (5.94e-2)"	"unprognostic (2.46e-2)"	"unprognostic (2.38e-1)"	"unprognostic (6.09e-2)"	"unprognostic (2.02e-1)"	"unprognostic (6.49e-2)"	"unprognostic (1.03e-1)"	"unprognostic (2.50e-1)"
IFRD1	"PC4, TIS7"	ENSG00000006652	"Interferon related developmental regulator 1"	O00458	7	112422887-112481017	"Predicted intracellular proteins, Predicted membrane proteins"	Differentiation	"Developmental protein"		"Evidence at protein level"	"Evidence at protein level"	"Evidence at protein level"	"Evidence at protein level"	"Low tissue specificity"	"Detected in all"			"Low cell type specificity"	"Detected in many"			"Low cell type specificity"	"Detected in all"			"Low cancer specificity"	"Detected in all"			"Low region specificity"	"Detected in all"			"Group enriched"	"Detected in all"	4	"eosinophil: 64.3;neutrophil: 112.7"	"Lineage enriched"	"Detected in all"	13	"granulocytes: 112.7"	"Low cancer specificity"	"Detected in all"				"Low region specificity"	"Detected in all"			"Low region specificity"	"Detected in all"			"HPA024122, HPA072413"	Enhanced		Approved	"Endoplasmic reticulum,Plasma membrane,Cytosol"			No	No			"Cluster 21: Neutrophils - Unknown function"	"Cluster 68: Non-specific - Protein processing"	"Cluster 12: Non-specific - Vasculature"	"Cluster 7: Liver cancer - Metabolism"	"Cluster 80: Non-specific - Transcription"	2	"Plasma membrane"	"Endoplasmic reticulum, Cytosol"	"HPA024122: AB_1851452, HPA072413: "	"unprognostic (1.22e-1)"	"unprognostic (7.50e-2)"	"unprognostic (5.63e-2)"	"unprognostic (4.92e-2)"	"unprognostic (1.09e-1)"	"unprognostic (1.24e-1)"	"unprognostic (9.35e-2)"	"unprognostic (1.53e-2)"	"unprognostic (1.89e-1)"	"potential prognostic unfavorable (1.43e-4)"	"unprognostic (5.36e-3)"	"unprognostic (5.55e-2)"	"unprognostic (4.92e-2)"	"potential prognostic unfavorable (2.78e-4)"	"unprognostic (2.47e-2)"	"unprognostic (4.07e-2)"	"unprognostic (1.04e-1)"	"unprognostic (2.42e-1)"	"unprognostic (3.42e-1)"	"unprognostic (6.46e-2)"	"unprognostic (1.28e-1)"	"unprognostic (1.78e-1)"	"potential prognostic unfavorable (6.73e-5)"	"unprognostic (4.18e-2)"	"unprognostic (2.60e-2)"	"unprognostic (4.56e-2)"	"unprognostic (1.95e-2)"	"unprognostic (1.82e-1)"	"unprognostic (8.00e-2)"	"unprognostic (6.25e-2)"	"unprognostic (1.35e-1)"
IL13RA1	"CD213a1, IL-13Ra, NR4"	ENSG00000131724	"Interleukin 13 receptor subunit alpha 1"	P78552	X	118727133-118794535	"CD markers, Predicted intracellular proteins, Predicted membrane proteins, Transporters"		Receptor		"Evidence at protein level"	"Evidence at transcript level"	"Evidence at protein level"	"Evidence at protein level"	"Low tissue specificity"	"Detected in all"			"Cell type enhanced"	"Detected in many"		"Langerhans cells: 181.7;Macrophages: 147.4"	"Group enriched"	"Detected in many"	8	"central nervous system macrophage: 384.0;endothelial cell: 135.2"	"Low cancer specificity"	"Detected in all"			"Low region specificity"	"Detected in all"			"Group enriched"	"Detected in many"	6	"classical monocyte: 10.9;eosinophil: 12.1;myeloid DC: 17.2;neutrophil: 29.0"	"Group enriched"	"Detected in many"	7	"dendritic cells: 17.2;granulocytes: 29.0;monocytes: 10.9"	"Low cancer specificity"	"Detected in all"			"Liver - Hepatocytes, Skeletal muscle - Endothelial cells, Spleen - Fibroblast_2"	"Low region specificity"	"Detected in all"			"Low region specificity"	"Detected in all"								"Intracellular and membrane"	Receptor	NA	NA		11000000	"Cluster 7: Non-specific - Innate immune response"	"Cluster 1: Liver & Kidney - Metabolism"	"Cluster 44: Non-specific - Mixed function"	"Cluster 24: Non-specific - Unknown function"	"Cluster 28: Dendritic cells - Antigen presentation"	8				"unprognostic (1.41e-1)"	"unprognostic (7.71e-3)"	"unprognostic (2.68e-2)"	"unprognostic (5.22e-3)"	"unprognostic (9.54e-3)"	"unprognostic (1.72e-2)"	"unprognostic (3.63e-2)"	"unprognostic (1.54e-3)"	"unprognostic (1.84e-2)"	"potential prognostic unfavorable (1.42e-5)"	"unprognostic (3.17e-3)"	"unprognostic (4.29e-2)"	"unprognostic (4.68e-2)"	"unprognostic (6.18e-2)"	"unprognostic (2.91e-3)"	"unprognostic (1.07e-1)"	"unprognostic (2.09e-3)"	"unprognostic (6.14e-2)"	"unprognostic (1.01e-3)"	"unprognostic (6.11e-2)"	"unprognostic (1.35e-1)"	"unprognostic (1.80e-1)"	"unprognostic (2.32e-1)"	"unprognostic (5.47e-2)"	"unprognostic (7.50e-2)"	"unprognostic (7.70e-2)"	"unprognostic (1.03e-1)"	"unprognostic (8.81e-3)"	"unprognostic (2.86e-2)"	"unprognostic (9.92e-2)"	"unprognostic (1.48e-1)"
IMPDH1	"LCA11, RP10, sWSS2608"	ENSG00000106348	"Inosine monophosphate dehydrogenase 1"	P20839	7	128392277-128410252	"Disease related genes, Enzymes, FDA approved drug targets, Human disease related genes, Metabolic proteins, Predicted intracellular proteins"	"GMP biosynthesis, Purine biosynthesis"	"DNA-binding, Oxidoreductase, RNA-binding"	"Disease variant, FDA approved drug targets, Leber congenital amaurosis, Retinitis pigmentosa"	"Evidence at protein level"	"Evidence at protein level"	"Evidence at protein level"	"Evidence at protein level"	"Tissue enhanced"	"Detected in all"		"retina: 102.9"	"Cell type enhanced"	"Detected in many"		"Bipolar cells: 166.2;Cone photoreceptor cells: 175.0;Rod photoreceptor cells: 186.6"	"Low cell type specificity"	"Detected in all"			"Low cancer specificity"	"Detected in all"			"Low region specificity"	"Detected in all"			"Group enriched"	"Detected in all"	5	"classical monocyte: 89.2;eosinophil: 89.3;intermediate monocyte: 104.6;myeloid DC: 60.0;neutrophil: 198.3;non-classical monocyte: 136.7"	"Group enriched"	"Detected in all"	5	"dendritic cells: 60.0;granulocytes: 198.3;monocytes: 136.7"	"Low cancer specificity"	"Detected in all"			"Adipose subcutaneous - Adipocytes (Subcutaneous), Adipose visceral - Adipocytes (Visceral), Breast - Adipocytes (Breast), Pituitary gland - Gonadotropes, Spleen - Neutrophils"	"Low region specificity"	"Detected in all"			"Low region specificity"	"Detected in all"			HPA001400	Approved		Supported	"Cytosol,Rods & Rings"			NA	NA			"Cluster 7: Non-specific - Innate immune response"	"Cluster 76: Retina - Visual perception"	"Cluster 32: Cerebral cortex - Mixed function"	"Cluster 39: Non-specific - Transcription"	"Cluster 66: Photoreceptor cells - Visual perception"	4	Cytosol	"Rods & Rings"	"HPA001400: AB_1079139"	"unprognostic (1.05e-3)"	"unprognostic (1.83e-2)"	"unprognostic (3.79e-1)"	"unprognostic (2.27e-3)"	"unprognostic (1.00e-2)"	"unprognostic (1.10e-1)"	"unprognostic (1.14e-3)"	"unprognostic (2.16e-2)"	"unprognostic (1.87e-1)"	"unprognostic (3.04e-2)"	"validated prognostic unfavorable (2.02e-5)"	"validated prognostic unfavorable (1.09e-4)"	"unprognostic (3.12e-3)"	"potential prognostic unfavorable (2.75e-8)"	"unprognostic (3.46e-2)"	"unprognostic (1.55e-1)"	"unprognostic (1.30e-3)"	"unprognostic (5.22e-2)"	"unprognostic (9.50e-2)"	"unprognostic (3.77e-2)"	"unprognostic (1.10e-2)"	"unprognostic (6.14e-2)"	"unprognostic (4.74e-2)"	"unprognostic (3.20e-2)"	"unprognostic (2.89e-1)"	"unprognostic (4.40e-1)"	"unprognostic (8.84e-2)"	"unprognostic (3.50e-1)"	"unprognostic (2.40e-1)"	"unprognostic (1.37e-2)"	"unprognostic (1.76e-1)"
IRAK3	IRAK-M	ENSG00000090376	"Interleukin 1 receptor associated kinase 3"	Q9Y616	12	66189195-66254622	"Disease related genes, Enzymes, Human disease related genes, Plasma proteins, Potential drug targets, Predicted intracellular proteins"			Asthma	"Evidence at protein level"	"Evidence at transcript level"	"Evidence at protein level"	"Evidence at protein level"	"Tissue enhanced"	"Detected in many"		"bone marrow: 77.4"	"Cell type enriched"	"Detected in many"	6	"monocytes: 793.8"	"Cell type enhanced"	"Detected in many"		"central nervous system macrophage: 417.8;endothelial cell: 468.8"	"Low cancer specificity"	"Detected in many"			"Low region specificity"	"Detected in all"			"Group enriched"	"Detected in many"	5	"basophil: 12.7;classical monocyte: 23.5;intermediate monocyte: 24.2;myeloid DC: 11.5;neutrophil: 12.9;non-classical monocyte: 42.3"	"Group enriched"	"Detected in many"	12	"dendritic cells: 11.5;granulocytes: 12.9;monocytes: 42.3"	"Cancer enhanced"	"Detected in many"		"Leukemia: 15.6"	"Lung - Neutrophil_2"	"Low region specificity"	"Detected in some"			"Low region specificity"	"Detected in all"			HPA043097	Approved		Approved	Vesicles			NA	NA			"Cluster 40: Monocytes - Innate immune response"	"Cluster 81: Lymphoid tissue & Bone marrow - Innate immune response"	"Cluster 47: Endothelial cells - Vasculature"	"Cluster 14: Myeloid leukemia - Innate immune response"	"Cluster 29: Monocytes - Innate immune response"	7	Vesicles		"HPA043097: AB_10795612"	"unprognostic (1.48e-1)"	"unprognostic (2.72e-1)"	"unprognostic (1.07e-1)"	"unprognostic (2.50e-1)"	"unprognostic (3.43e-1)"	"unprognostic (4.83e-2)"	"unprognostic (4.61e-1)"	"unprognostic (2.09e-1)"	"unprognostic (3.31e-2)"		"potential prognostic favorable (4.50e-4)"	"unprognostic (7.90e-3)"	"unprognostic (1.43e-1)"		"unprognostic (4.55e-2)"	"unprognostic (1.59e-1)"	"unprognostic (1.41e-2)"	"unprognostic (6.35e-3)"	"unprognostic (1.54e-2)"	"unprognostic (8.43e-2)"		"unprognostic (2.76e-2)"	"unprognostic (2.63e-1)"	"unprognostic (1.13e-1)"	"unprognostic (7.30e-2)"	"unprognostic (1.24e-3)"	"unprognostic (1.22e-1)"	"unprognostic (4.54e-2)"	"unprognostic (1.18e-1)"	"unprognostic (2.38e-2)"	
ITGB3	"CD61, GP3A, GPIIIa"	ENSG00000259207	"Integrin subunit beta 3"	P05106	17	47253827-47313743	"Cancer-related genes, CD markers, Disease related genes, FDA approved drug targets, Human disease related genes, Plasma proteins, Predicted intracellular proteins, Predicted membrane proteins"	"Cell adhesion, Host-virus interaction"	"Host cell receptor for virus entry, Integrin, Receptor"	"Cancer-related genes, Disease variant, FDA approved drug targets"	"Evidence at protein level"	"Evidence at protein level"	"Evidence at protein level"	"Evidence at protein level"	"Tissue enhanced"	"Detected in many"		"thyroid gland: 54.6"	"Cell type enhanced"	"Detected in many"		"Collecting duct cells: 9.7;Pancreatic endocrine cells: 10.2;Proximal tubular cells: 19.4;Salivary duct cells: 14.8;Sertoli cells: 13.6"	"Not detected"	"Not detected"			"Cancer enhanced"	"Detected in all"		"Skin Cuteneous Melanoma (TCGA): 42.7;Thyroid Carcinoma (TCGA): 54.7"	"Low region specificity"	"Detected in all"			"Group enriched"	"Detected in some"	17	"basophil: 5.6;neutrophil: 3.0"	"Lineage enriched"	"Detected in single"	22	"granulocytes: 5.6"	"Cancer enhanced"	"Detected in many"		"Kidney cancer: 99.0;skin cancer: 125.1"	"Liver - Vascular Endothelial cells, Prostate - Smooth muscle cells, Spleen - Platelets, Testis - Spermatogonia"	"Low region specificity"	"Detected in many"			"Low region specificity"	"Detected in all"			HPA027852	Approved		Supported	"Nucleoplasm,Plasma membrane"	"Intracellular and membrane"	Receptor	NA	NA		54000000	"Cluster 35: Neutrophils - Protein binding"	"Cluster 51: Thyroid gland - Unknown function"	"Cluster 12: Non-specific - Vasculature"	"Cluster 69: Skin cancer - ECM organization"	"Cluster 57: Platelets - Hemostasis"	26	"Plasma membrane"	Nucleoplasm	"HPA027852: AB_10601760"	"unprognostic (3.07e-1)"	"unprognostic (5.14e-2)"	"unprognostic (1.97e-1)"	"potential prognostic unfavorable (1.29e-5)"	"unprognostic (2.03e-1)"	"unprognostic (1.00e-1)"	"unprognostic (1.08e-2)"	"unprognostic (2.19e-2)"	"unprognostic (6.47e-3)"	"potential prognostic unfavorable (6.40e-4)"	"unprognostic (1.20e-3)"	"unprognostic (2.55e-1)"	"unprognostic (1.55e-1)"	"unprognostic (4.08e-1)"	"unprognostic (8.90e-2)"	"unprognostic (1.38e-1)"	"potential prognostic unfavorable (1.51e-4)"	"unprognostic (6.12e-2)"	"potential prognostic unfavorable (8.56e-4)"	"unprognostic (3.74e-1)"	"unprognostic (2.11e-1)"	"unprognostic (4.34e-2)"	"unprognostic (1.34e-2)"	"unprognostic (2.33e-2)"	"unprognostic (8.62e-2)"	"unprognostic (8.26e-2)"	"unprognostic (5.73e-2)"	"unprognostic (6.30e-3)"	"unprognostic (3.24e-1)"	"unprognostic (2.20e-1)"	"unprognostic (3.83e-2)"
KATNIP	"JBTS26, KIAA0556"	ENSG00000047578	"Katanin interacting protein"	O60303	16	27550133-27780344	"Disease related genes, Human disease related genes, Predicted intracellular proteins"			"Ciliopathy, Joubert syndrome"	"Evidence at protein level"	"Evidence at protein level"	"Evidence at protein level"	"Evidence at protein level"	"Low tissue specificity"	"Detected in all"			"Cell type enhanced"	"Detected in many"		"Bipolar cells: 35.3;Ciliated cells: 39.2;Cone photoreceptor cells: 61.2;Oligodendrocytes: 50.0;Rod photoreceptor cells: 52.8"	"Low cell type specificity"	"Detected in all"			"Low cancer specificity"	"Detected in all"			"Low region specificity"	"Detected in all"			"Group enriched"	"Detected in many"	5	"basophil: 14.3;eosinophil: 3.6;neutrophil: 10.0;NK-cell: 5.0"	"Group enriched"	"Detected in all"	5	"granulocytes: 14.3;NK-cells: 5.0"	"Low cancer specificity"	"Detected in all"			"Lung - Respiratory ciliated cells, Testis - Early spermatids"	"Low region specificity"	"Detected in all"			"Low region specificity"	"Detected in all"			"HPA035089, HPA035090"	Enhanced		Approved	"Nucleoplasm,Primary cilium,Centriolar satellite,Basal body"			NA	NA			"Cluster 38: Monocytes & Neutrophils - Degranulation"	"Cluster 39: Retina & Testis - Cilium"	"Cluster 3: Choroid plexus - Cilium"	"Cluster 1: Neuronal - Visual perception"	"Cluster 42: Ciliated cells - Cilium assembly"	8	"Nucleoplasm, Basal body"	"Primary cilium, Centriolar satellite"	"HPA035089: AB_10671509, HPA035090: AB_10601129"	"unprognostic (9.64e-2)"	"unprognostic (2.34e-1)"		"unprognostic (2.17e-3)"	"unprognostic (1.19e-1)"	"unprognostic (2.97e-1)"	"unprognostic (1.15e-1)"	"unprognostic (1.44e-1)"	"unprognostic (8.25e-3)"	"potential prognostic unfavorable (5.69e-4)"	"unprognostic (1.19e-2)"	"unprognostic (2.83e-1)"	"unprognostic (1.14e-2)"	"unprognostic (6.34e-3)"		"unprognostic (4.23e-2)"	"unprognostic (7.67e-3)"	"unprognostic (1.35e-1)"	"unprognostic (1.54e-1)"	"unprognostic (4.63e-2)"	"unprognostic (3.56e-1)"	"unprognostic (1.11e-1)"	"unprognostic (6.79e-3)"	"unprognostic (2.02e-1)"	"unprognostic (1.83e-2)"	"unprognostic (1.06e-2)"	"unprognostic (4.19e-2)"	"unprognostic (2.49e-1)"	"unprognostic (2.35e-1)"	"unprognostic (5.52e-3)"	"unprognostic (9.39e-3)"
KCNE3	"HOKPP, MiRP2"	ENSG00000175538	"Potassium voltage-gated channel subfamily E regulatory subunit 3"	Q9Y6H6	11	74454841-74467729	"Disease related genes, Human disease related genes, Potential drug targets, Predicted intracellular proteins, Predicted membrane proteins, Transporters"	"Ion transport, Potassium transport, Transport"	"Ion channel, Potassium channel, Voltage-gated channel"	"Brugada syndrome, Disease variant"	"Evidence at protein level"	"Evidence at protein level"	"Evidence at protein level"	"Evidence at protein level"	"Tissue enhanced"	"Detected in all"		"intestine: 68.4;stomach 1: 54.6"	"Cell type enhanced"	"Detected in many"		"Gastric mucus-secreting cells: 43.6;Hofbauer cells: 48.7;Kupffer cells: 110.2;Macrophages: 36.9;monocytes: 50.3;Undifferentiated cells: 32.3"	"Group enriched"	"Detected in some"	4	"central nervous system macrophage: 27.9;endothelial cell: 9.8;fibroblast: 18.0;leukocyte: 7.2;pericyte: 20.2;vascular associated smooth muscle cell: 8.2"	"Low cancer specificity"	"Detected in all"			"Low region specificity"	"Detected in all"			"Group enriched"	"Detected in many"	49	"basophil: 51.7;classical monocyte: 38.6;eosinophil: 23.5;intermediate monocyte: 41.8;myeloid DC: 18.3;neutrophil: 53.4;non-classical monocyte: 36.8"	"Group enriched"	"Detected in many"	123	"dendritic cells: 18.3;granulocytes: 53.4;monocytes: 41.8"	"Cancer enhanced"	"Detected in many"		"Bone cancer: 68.1;cervical cancer: 61.1"	"Adipose subcutaneous - Macrophages, Adrenal gland - Macrophages"	"Not detected"	"Not detected"			"Low region specificity"	"Detected in all"			HPA014849	Approved		Supported	"Plasma membrane"			NA	NA			"Cluster 38: Monocytes & Neutrophils - Degranulation"	"Cluster 45: Intestine - Digestion"	"Cluster 20: Macrophages & Microglia - Immune response"	"Cluster 32: Non-specific - Cell proliferation"	"Cluster 29: Monocytes - Innate immune response"	72	"Plasma membrane"		"HPA014849: AB_1852112"	"unprognostic (7.59e-2)"	"unprognostic (1.99e-2)"	"unprognostic (2.20e-3)"	"unprognostic (4.99e-1)"	"unprognostic (2.87e-2)"	"unprognostic (1.96e-2)"	"unprognostic (1.27e-1)"	"unprognostic (2.31e-1)"	"unprognostic (1.58e-1)"	"unprognostic (3.71e-2)"	"unprognostic (1.20e-3)"	"potential prognostic favorable (3.11e-4)"	"unprognostic (2.58e-1)"	"unprognostic (1.74e-3)"	"unprognostic (1.86e-2)"	"unprognostic (1.93e-2)"	"unprognostic (3.30e-2)"	"unprognostic (5.58e-2)"	"unprognostic (2.25e-2)"	"unprognostic (1.55e-1)"	"unprognostic (1.76e-1)"	"unprognostic (3.96e-2)"	"potential prognostic favorable (7.95e-4)"	"unprognostic (2.22e-2)"	"unprognostic (2.26e-1)"	"unprognostic (4.59e-3)"	"potential prognostic unfavorable (1.73e-4)"	"unprognostic (3.25e-2)"	"unprognostic (1.11e-1)"	"unprognostic (1.18e-1)"	"unprognostic (3.22e-1)"
KDM6B	"JMJD3, KIAA0346"	ENSG00000132510	"Lysine demethylase 6B"	O15054	17	7834217-7854796	"Disease related genes, Enzymes, Human disease related genes, Potential drug targets, Predicted intracellular proteins"	"Inflammatory response"	"Chromatin regulator, Dioxygenase, Oxidoreductase"	"Disease variant, Intellectual disability"	"Evidence at protein level"	"Evidence at protein level"	"Evidence at protein level"	"Evidence at protein level"	"Low tissue specificity"	"Detected in all"			"Cell type enhanced"	"Detected in all"		"granulocytes: 414.0;Langerhans cells: 456.9;monocytes: 550.3"	"Low cell type specificity"	"Detected in all"			"Low cancer specificity"	"Detected in all"			"Low region specificity"	"Detected in all"			"Group enriched"	"Detected in some"	6	"basophil: 3.6;neutrophil: 8.9"	"Lineage enriched"	"Detected in single"	12	"granulocytes: 8.9"	"Low cancer specificity"	"Detected in all"				"Low region specificity"	"Detected in all"			"Low region specificity"	"Detected in all"			HPA037988	Supported		Approved	"Nuclear speckles"			NA	NA			"Cluster 21: Neutrophils - Unknown function"	"Cluster 66: Non-specific - Transcription"	"Cluster 15: Non-specific - Transcription"	"Cluster 42: Non-specific - Unknown function"	"Cluster 29: Monocytes - Innate immune response"	5	"Nuclear speckles"		"HPA037988: AB_10672502"	"unprognostic (2.27e-1)"	"unprognostic (2.09e-1)"	"unprognostic (8.97e-2)"	"unprognostic (1.01e-2)"	"unprognostic (1.23e-1)"	"unprognostic (4.75e-3)"	"unprognostic (1.62e-1)"	"unprognostic (2.17e-1)"	"unprognostic (2.80e-1)"	"unprognostic (8.73e-2)"	"potential prognostic favorable (5.02e-5)"	"unprognostic (2.36e-3)"	"unprognostic (4.43e-3)"	"unprognostic (6.59e-2)"	"unprognostic (4.73e-3)"	"unprognostic (1.36e-1)"	"unprognostic (1.43e-1)"	"unprognostic (1.59e-2)"	"unprognostic (1.87e-2)"	"unprognostic (4.12e-2)"	"unprognostic (4.59e-1)"	"unprognostic (9.04e-3)"	"unprognostic (7.59e-3)"	"unprognostic (1.27e-2)"	"unprognostic (1.53e-1)"	"unprognostic (1.48e-2)"	"unprognostic (2.24e-1)"	"unprognostic (6.94e-2)"	"unprognostic (1.56e-1)"	"potential prognostic unfavorable (1.22e-4)"	"unprognostic (7.39e-2)"
KLHL21	KIAA0469	ENSG00000162413	"Kelch like family member 21"	Q9UJP4	1	6590724-6614607	"Predicted intracellular proteins"	"Cell cycle, Cell division, Mitosis, Ubl conjugation pathway"			"Evidence at protein level"	"Evidence at protein level"	"Evidence at protein level"	"Evidence at protein level"	"Tissue enhanced"	"Detected in all"		"skeletal muscle: 162.9"	"Cell type enhanced"	"Detected in all"		"Basal keratinocytes: 82.8;Basal squamous epithelial cells: 78.7;Squamous epithelial cells: 97.8;Suprabasal keratinocytes: 80.4"	"Low cell type specificity"	"Detected in all"			"Low cancer specificity"	"Detected in all"			"Low region specificity"	"Detected in all"			"Group enriched"	"Detected in all"	5	"eosinophil: 21.4;neutrophil: 62.8"	"Lineage enriched"	"Detected in all"	8	"granulocytes: 62.8"	"Low cancer specificity"	"Detected in all"			"Prostate - Smooth muscle cells"	"Low region specificity"	"Detected in all"			"Low region specificity"	"Detected in all"			"HPA051364, HPA059307"	Uncertain		Supported	Centrosome			NA	NA			"Cluster 21: Neutrophils - Unknown function"	"Cluster 14: Skeletal muscle - Muscle contraction"	"Cluster 3: Choroid plexus - Cilium"	"Cluster 37: Non-specific - mRNA processing"	"Cluster 12: Squamous epithelial cells - Keratinization"	8	Centrosome		"HPA051364: AB_2681455, HPA059307: "	"unprognostic (3.24e-2)"	"unprognostic (8.54e-2)"	"unprognostic (1.11e-1)"	"unprognostic (4.71e-1)"	"unprognostic (1.12e-1)"	"potential prognostic unfavorable (5.17e-6)"	"unprognostic (3.74e-2)"	"unprognostic (2.91e-1)"	"unprognostic (2.38e-2)"	"unprognostic (5.95e-2)"	"potential prognostic favorable (7.04e-4)"	"unprognostic (1.02e-3)"	"unprognostic (5.31e-2)"	"unprognostic (4.26e-2)"	"unprognostic (6.51e-3)"	"unprognostic (1.19e-2)"	"unprognostic (5.16e-2)"	"unprognostic (9.76e-2)"	"unprognostic (1.22e-1)"	"unprognostic (2.74e-2)"	"unprognostic (1.84e-1)"	"unprognostic (2.88e-1)"	"unprognostic (1.89e-1)"	"unprognostic (1.33e-2)"	"unprognostic (1.65e-1)"	"unprognostic (1.40e-2)"	"unprognostic (1.51e-1)"	"unprognostic (2.18e-1)"	"unprognostic (3.83e-2)"	"unprognostic (2.32e-2)"	"unprognostic (2.11e-2)"
KREMEN1	"KREMEN, KRM1"	ENSG00000183762	"Kringle containing transmembrane protein 1"	Q96MU8	22	29073035-29168333	"Disease related genes, Human disease related genes, Predicted membrane proteins"	"Wnt signaling pathway"		"Disease variant, Ectodermal dysplasia"	"Evidence at protein level"	"Evidence at transcript level"	"Evidence at protein level"	"Evidence at protein level"	"Low tissue specificity"	"Detected in all"			"Cell type enhanced"	"Detected in many"		"Astrocytes: 56.0"	"Cell type enhanced"	"Detected in all"		"bergmann glia: 158.8;fibroblast: 168.8"	"Low cancer specificity"	"Detected in all"			"Low region specificity"	"Detected in all"			"Group enriched"	"Detected in some"	5	"basophil: 1.3;neutrophil: 4.5"	"Lineage enriched"	"Detected in single"	7	"granulocytes: 4.5"	"Cancer enhanced"	"Detected in all"		"cervical cancer: 55.4"	"Spleen - Fibroblast_2, Testis - Sertoli cells"	"Low region specificity"	"Detected in all"			"Low region specificity"	"Detected in all"										NA	No		640000	"Cluster 35: Neutrophils - Protein binding"	"Cluster 35: Non-specific - Mitochondria"	"Cluster 33: Neurons - Mixed function"	"Cluster 32: Non-specific - Cell proliferation"	"Cluster 75: Serous glandular cells - Salivary secretion"	1				"unprognostic (1.52e-1)"	"unprognostic (3.17e-1)"	"unprognostic (1.53e-1)"	"unprognostic (4.00e-2)"	"unprognostic (2.53e-1)"	"unprognostic (1.74e-1)"	"unprognostic (1.68e-1)"	"unprognostic (2.21e-1)"	"unprognostic (1.20e-2)"	"unprognostic (1.14e-1)"	"potential prognostic favorable (2.63e-4)"	"unprognostic (2.78e-2)"	"unprognostic (1.87e-1)"	"potential prognostic unfavorable (7.19e-4)"	"unprognostic (6.93e-2)"	"unprognostic (5.57e-3)"	"unprognostic (2.09e-2)"	"unprognostic (7.80e-2)"	"unprognostic (7.33e-3)"	"unprognostic (2.10e-1)"	"unprognostic (4.33e-2)"	"unprognostic (9.74e-2)"	"unprognostic (5.90e-2)"	"unprognostic (1.26e-1)"	"unprognostic (2.09e-2)"	"potential prognostic unfavorable (1.87e-4)"	"unprognostic (7.91e-3)"	"unprognostic (1.13e-1)"	"unprognostic (1.68e-1)"	"unprognostic (1.76e-1)"	"unprognostic (6.92e-3)"
LCN2	"24p3, NGAL"	ENSG00000148346	"Lipocalin 2"	P80188	9	128149071-128153453	"Candidate cardiovascular disease genes, Plasma proteins, Predicted secreted proteins"	"Apoptosis, Immunity, Innate immunity, Ion transport, Iron transport, Transport"			"Evidence at protein level"	"Evidence at protein level"	"Evidence at protein level"	"Evidence at protein level"	"Tissue enhanced"	"Detected in many"		"bone marrow: 2741.6;gallbladder: 2147.7;salivary gland: 1269.8"	"Cell type enhanced"	"Detected in many"		"Basal respiratory cells: 4540.1;Club cells: 6415.0;Ductal cells: 6544.0;Exocrine glandular cells: 2381.1;Ionocytes: 7173.7;Mucus glandular cells: 2129.9"	"Not detected"	"Not detected"			"Cancer enhanced"	"Detected in many"		"Stomach Adenocarcinoma (TCGA): 2769.6"	"Region enriched"	"Detected in single"	5	"choroid plexus: 4.2"	"Group enriched"	"Detected in some"	88	"basophil: 9.7;neutrophil: 11.9;non-classical monocyte: 4.7"	"Group enriched"	"Detected in many"	84	"granulocytes: 11.9;monocytes: 4.7"	"Cancer enhanced"	"Detected in many"		"Bile duct cancer: 2754.0;pancreatic cancer: 1459.4"	"Colon - Colon enterocytes, Prostate - Urothelial cells"	"Low region specificity"	"Detected in some"			"Group enriched"	"Detected in all"	6	"cerebellum: 275.8;spinal cord: 180.6"	"HPA002695, CAB016549, CAB016550"	Enhanced		Supported	"Endoplasmic reticulum"	"Secreted in other tissues"	Transport	NA	NA		340000000	"Cluster 37: Monocytes & Neutrophils - Innate immune response"	"Cluster 77: Bone marrow - Cell proliferation"	"Cluster 42: Choroid plexus - Mitochondria"	"Cluster 53: Squamous epithelial cells - Keratinization"	"Cluster 45: Non-specific - Mixed function"	49	"Endoplasmic reticulum"		"CAB016549: , CAB016550: , HPA002695: AB_1852758"	"unprognostic (2.10e-1)"	"unprognostic (1.88e-3)"	"unprognostic (4.91e-2)"	"unprognostic (1.95e-1)"	"unprognostic (4.47e-1)"	"unprognostic (1.15e-1)"			"unprognostic (4.79e-2)"	"unprognostic (1.32e-1)"	"potential prognostic unfavorable (7.35e-5)"	"unprognostic (1.15e-1)"	"unprognostic (2.62e-3)"	"unprognostic (1.35e-1)"	"unprognostic (1.48e-2)"	"unprognostic (1.74e-1)"	"unprognostic (8.65e-2)"	"unprognostic (2.60e-1)"	"potential prognostic unfavorable (6.82e-4)"	"unprognostic (1.56e-1)"	"unprognostic (6.97e-3)"	"unprognostic (1.65e-2)"	"unprognostic (1.44e-1)"	"unprognostic (6.23e-2)"	"unprognostic (1.52e-1)"	"unprognostic (2.84e-2)"	"unprognostic (2.93e-1)"	"unprognostic (8.08e-2)"	"unprognostic (2.62e-1)"	"unprognostic (2.86e-2)"	"unprognostic (1.88e-1)"
LGALS9C		ENSG00000171916	"Galectin 9C"	Q6DKI2	17	18476737-18494945	"Predicted intracellular proteins"				"Evidence at protein level"	"Evidence at protein level"	"Evidence at protein level"	"Evidence at protein level"	"Tissue enhanced"	"Detected in some"		"esophagus: 10.0;intestine: 9.1;stomach 1: 11.2"	"Cell type enhanced"	"Detected in some"		"Distal enterocytes: 23.3;Gastric mucus-secreting cells: 167.4;Intestinal goblet cells: 58.4;Paneth cells: 45.7"	"Group enriched"	"Detected in some"	9	"ependymal cell: 1.1;leukocyte: 2.7"	"Cancer enhanced"	"Detected in some"		"Rectum Adenocarcinoma (TCGA): 2.9"	"Not detected"	"Not detected"			"Group enriched"	"Detected in some"	6	"neutrophil: 1.9;NK-cell: 5.5"	"Group enriched"	"Detected in many"	6	"granulocytes: 1.9;NK-cells: 5.5"	"Not detected"	"Not detected"			"Colon - Colon enterocytes, Stomach - Gastric mucous cells"									"HPA046876, HPA047218"	Approved		Approved	Cytosol			NA	NA			"Cluster 35: Neutrophils - Protein binding"	"Cluster 75: Epithelium - Extracellular exosomes"		"Cluster 57: Stomach & Colon cancer - Digestion"	"Cluster 16: Intestinal goblet cells - Mucin production"	28	Cytosol		"HPA046876: AB_2679852, HPA047218: AB_2679988"			"potential prognostic favorable (3.67e-4)"		"unprognostic (9.56e-2)"	"unprognostic (1.02e-1)"			"unprognostic (8.92e-3)"														"unprognostic (3.50e-2)"		"potential prognostic favorable (2.94e-4)"	"unprognostic (2.24e-1)"		"unprognostic (8.56e-3)"			
LILRA5	"CD85, CD85f, ILT11, LILRB7, LIR9"	ENSG00000187116	"Leukocyte immunoglobulin like receptor A5"	A6NI73	19	54307070-54313166	"CD markers, Predicted membrane proteins, Predicted secreted proteins"	"Immunity, Innate immunity"	Receptor		"Evidence at protein level"	"Evidence at transcript level"	"Evidence at protein level"	"Evidence at protein level"	"Tissue enhanced"	"Detected in many"		"bone marrow: 42.4;lymphoid tissue: 74.5"	"Cell type enriched"	"Detected in some"	8	"monocytes: 824.8"	"Cell type enriched"	"Detected in single"	119	"leukocyte: 11.9"	"Low cancer specificity"	"Detected in some"			"Low region specificity"	"Detected in some"			"Group enriched"	"Detected in many"	5	"classical monocyte: 128.6;intermediate monocyte: 252.9;neutrophil: 137.5;non-classical monocyte: 312.7"	"Group enriched"	"Detected in many"	6	"granulocytes: 137.5;monocytes: 312.7"	"Not detected"	"Not detected"			"Adipose subcutaneous - Macrophages, Adrenal gland - Neutrophils, Breast - Macrophages, Heart muscle - Neutrophils, Liver - Neutrophils, Lung - Neutrophil_2, Skeletal muscle - Neutrophils, Spleen - Neutrophils, Thyroid gland - Neutrophils"														"Secreted to blood"	Receptor	NA	NA		700000	"Cluster 40: Monocytes - Innate immune response"	"Cluster 81: Lymphoid tissue & Bone marrow - Innate immune response"	"Cluster 12: Non-specific - Vasculature"	"Cluster 14: Myeloid leukemia - Innate immune response"	"Cluster 29: Monocytes - Innate immune response"							"unprognostic (1.11e-1)"			"unprognostic (3.22e-2)"		"potential prognostic unfavorable (9.55e-4)"			"unprognostic (3.03e-2)"	"unprognostic (1.02e-1)"			"unprognostic (2.59e-2)"	"unprognostic (3.22e-1)"	"unprognostic (6.25e-2)"	"unprognostic (6.64e-2)"	"unprognostic (5.63e-2)"		"unprognostic (8.45e-3)"	"unprognostic (1.47e-1)"	"unprognostic (9.43e-2)"			"unprognostic (1.79e-1)"		"unprognostic (3.69e-2)"			
LILRA6	"CD85b, ILT8, LILRB6"	ENSG00000244482	"Leukocyte immunoglobulin like receptor A6"	Q6PI73	19	54236592-54242791	"Predicted membrane proteins"	"Adaptive immunity, Immunity"	Receptor		"Evidence at protein level"	"Evidence at transcript level"	"Evidence at transcript level"	"Evidence at protein level"	"Tissue enhanced"	"Detected in some"		"lung: 8.7;lymphoid tissue: 16.5"	"Group enriched"	"Detected in some"	5	"Hofbauer cells: 19.9;Kupffer cells: 59.9;Macrophages: 28.2;monocytes: 23.2"	"Cell type enriched"	"Detected in some"	6	"leukocyte: 7.3"	"Not detected"	"Not detected"			"Not detected"	"Not detected"			"Group enriched"	"Detected in some"	6	"classical monocyte: 3.5;intermediate monocyte: 3.9;neutrophil: 8.4"	"Group enriched"	"Detected in many"	27	"granulocytes: 8.4;monocytes: 3.9"	"Not detected"	"Not detected"			"Adipose subcutaneous - Macrophages, Adipose visceral - Macrophages, Breast - Macrophages, Kidney - Macrophages, Lung - Neutrophil_2, Skeletal muscle - Macrophages, Spleen - Neutrophils"									HPA026985			Approved	"Plasma membrane,Cytosol"			NA	NA		13000000	"Cluster 38: Monocytes & Neutrophils - Degranulation"	"Cluster 47: Spleen - Immune response"		"Cluster 55: Lymphoma - Immune response"	"Cluster 29: Monocytes - Innate immune response"		"Plasma membrane"	Cytosol	"HPA026985: "			"unprognostic (2.46e-1)"					"unprognostic (9.16e-3)"							"unprognostic (1.51e-1)"						"unprognostic (7.33e-2)"		"unprognostic (8.22e-2)"								
LIMK2		ENSG00000182541	"LIM domain kinase 2"	P53671	22	31212239-31280080	"Enzymes, Predicted intracellular proteins"		"Kinase, Serine/threonine-protein kinase, Transferase"		"Evidence at protein level"	"Evidence at protein level"	"Evidence at protein level"	"Evidence at protein level"	"Low tissue specificity"	"Detected in all"			"Cell type enhanced"	"Detected in many"		"Syncytiotrophoblasts: 120.1"	"Cell type enhanced"	"Detected in all"		"choroid plexus epithelial cell: 110.1"	"Low cancer specificity"	"Detected in all"			"Low region specificity"	"Detected in all"			"Group enriched"	"Detected in all"	4	"eosinophil: 40.1;neutrophil: 97.2"	"Lineage enriched"	"Detected in all"	6	"granulocytes: 97.2"	"Low cancer specificity"	"Detected in all"			"Prostate - Prostate basal glandular cells, Spleen - Neutrophils, Stomach - Gastric mucous cells, Testis - Sertoli cells"	"Low region specificity"	"Detected in all"			"Low region specificity"	"Detected in all"			"HPA008183, CAB019313, HPA053882"	Approved		Supported	Nucleoplasm,Cytosol			NA	Yes			"Cluster 21: Neutrophils - Unknown function"	"Cluster 27: Squamous epithelium - Keratinization"	"Cluster 44: Non-specific - Mixed function"	"Cluster 71: Lymphoma - Inflammatory response"	"Cluster 74: Neutrophils - Degranulation"	15	Nucleoplasm	Cytosol	"CAB019313: , HPA008183: AB_1079252, HPA053882: AB_2682291"	"unprognostic (3.01e-2)"	"unprognostic (2.74e-1)"	"unprognostic (1.16e-1)"	"unprognostic (2.20e-3)"	"unprognostic (1.24e-1)"	"unprognostic (3.21e-2)"	"unprognostic (1.30e-1)"	"unprognostic (6.57e-2)"	"unprognostic (9.90e-2)"	"unprognostic (7.21e-2)"	"unprognostic (5.09e-3)"	"unprognostic (5.03e-3)"	"unprognostic (1.25e-2)"	"unprognostic (2.51e-2)"	"unprognostic (2.49e-2)"	"unprognostic (6.83e-2)"	"unprognostic (1.23e-1)"	"unprognostic (4.51e-2)"	"unprognostic (1.05e-1)"	"unprognostic (3.01e-1)"	"unprognostic (5.68e-3)"	"unprognostic (2.07e-1)"	"unprognostic (4.47e-1)"	"unprognostic (1.52e-1)"	"unprognostic (6.99e-2)"	"unprognostic (1.57e-1)"	"unprognostic (1.39e-1)"	"unprognostic (1.68e-1)"	"unprognostic (3.53e-1)"	"unprognostic (3.49e-3)"	"unprognostic (2.16e-1)"
LIN7A	"LIN-7A, MALS-1, TIP-33, VELI1"	ENSG00000111052	"Lin-7 homolog A, crumbs cell polarity complex component"	O14910	12	80792520-80937934	"Predicted intracellular proteins"	"Exocytosis, Protein transport, Transport"			"Evidence at protein level"	"Evidence at transcript level"	"Evidence at protein level"	"Evidence at protein level"	"Tissue enhanced"	"Detected in many"		"bone marrow: 27.6;retina: 25.8"	"Cell type enhanced"	"Detected in many"		"Bipolar cells: 68.1;Early spermatids: 113.6;Excitatory neurons: 131.1;Inhibitory neurons: 88.9;Late spermatids: 83.8;Spermatocytes: 49.4"	"Low cell type specificity"	"Detected in all"			"Cancer enhanced"	"Detected in many"		"Kidney Chromophobe (TCGA): 44.3"	"Low region specificity"	"Detected in all"			"Group enriched"	"Detected in some"	4	"basophil: 18.9;eosinophil: 15.8;neutrophil: 30.1"	"Lineage enriched"	"Detected in many"	6	"granulocytes: 30.1"	"Cancer enhanced"	"Detected in many"		"Bone cancer: 9.1"	"Prostate - Fibroblasts, Skeletal muscle - Endothelial cells, Skin - Endothelial cells, Testis - Early spermatids"	"Low region specificity"	"Detected in all"			"Low region specificity"	"Detected in all"			HPA071562	Approved						NA	NA			"Cluster 35: Neutrophils - Protein binding"	"Cluster 28: Neuronal - Transcription"	"Cluster 2: Neurons - Nucleosome"	"Cluster 59: Leukemia - T-cell receptor"	"Cluster 65: Neurons - Synaptic function"	31			"HPA071562: AB_2732181"	"unprognostic (4.00e-2)"	"unprognostic (4.37e-2)"	"unprognostic (2.38e-1)"		"unprognostic (3.06e-1)"	"unprognostic (2.08e-1)"	"unprognostic (2.71e-2)"	"unprognostic (2.50e-1)"		"unprognostic (7.97e-3)"	"validated prognostic favorable (5.31e-9)"	"validated prognostic favorable (2.84e-4)"	"unprognostic (6.40e-2)"	"unprognostic (6.85e-2)"	"unprognostic (8.80e-2)"	"unprognostic (2.45e-2)"	"unprognostic (1.40e-2)"	"unprognostic (1.58e-2)"	"unprognostic (2.21e-2)"			"unprognostic (1.29e-1)"	"potential prognostic unfavorable (5.46e-4)"	"unprognostic (3.92e-1)"	"unprognostic (5.71e-2)"	"unprognostic (9.34e-2)"		"potential prognostic unfavorable (7.81e-5)"		"unprognostic (2.45e-2)"	"unprognostic (1.62e-1)"
LINGO3	"LERN2, LRRN6B"	ENSG00000220008	"Leucine rich repeat and Ig domain containing 3"	P0C6S8	19	2287164-2308154	"Predicted membrane proteins"				"Evidence at protein level"	"Evidence at protein level"	"No human protein/transcript evidence"	"Evidence at protein level"	"Tissue enhanced"	"Detected in some"		"brain: 23.9;lymphoid tissue: 6.1"	"Cell type enhanced"	"Detected in some"		"Bipolar cells: 40.3;Cone photoreceptor cells: 8.5;Horizontal cells: 6.3;Oligodendrocyte precursor cells: 16.0"	"Cell type enhanced"	"Detected in many"		"medium spiny neuron: 10.3;oligodendrocyte precursor cell: 17.3"	"Cancer enhanced"	"Detected in some"		"Glioblastoma Multiforme (TCGA): 2.4"	"Low region specificity"	"Detected in all"			"Group enriched"	"Detected in some"	5	"basophil: 1.3;eosinophil: 4.0;neutrophil: 1.5"	"Lineage enriched"	"Detected in single"	9	"granulocytes: 4.0"	"Cancer enriched"	"Detected in some"	5	"Leukemia: 8.1"	"Adrenal gland - Macrophages, Minor Salivary Gland - Macrophages"	"Region enhanced"	"Detected in all"		"basal ganglia: 59.6"	"Group enriched"	"Detected in many"	8	"basal ganglia: 38.0;cerebellum: 26.2;hippocampal formation: 11.0"	"HPA043781, HPA059558"	Enhanced		Approved	Mitochondria			NA	NA			"Cluster 22: Eosinophils - Transcription"	"Cluster 34: Non-specific - Mixed function"	"Cluster 33: Neurons - Mixed function"	"Cluster 6: Leukemia - Signal transduction"	"Cluster 25: Bipolar cells - Visual perception"		Mitochondria		"HPA043781: AB_2678668, HPA059558: AB_2684062"			"unprognostic (1.93e-1)"			"unprognostic (2.45e-1)"	"unprognostic (9.74e-2)"																			"unprognostic (4.04e-3)"		"unprognostic (3.17e-1)"			
LTBR	"D12S370, TNF-R-III, TNFCR, TNFR-RP, TNFR2-RP, TNFRSF3"	ENSG00000111321	"Lymphotoxin beta receptor"	P36941	12	6375045-6391571	"Cancer-related genes, Plasma proteins, Predicted intracellular proteins, Predicted membrane proteins"	"Apoptosis, Host-virus interaction"	Receptor	"Cancer-related genes"	"Evidence at protein level"	"Evidence at protein level"	"Evidence at protein level"	"Evidence at protein level"	"Low tissue specificity"	"Detected in all"			"Low cell type specificity"	"Detected in many"			"Cell type enhanced"	"Detected in many"		"central nervous system macrophage: 46.7;fibroblast: 32.7;pericyte: 39.1"	"Low cancer specificity"	"Detected in all"			"Low region specificity"	"Detected in all"			"Group enriched"	"Detected in many"	5	"classical monocyte: 71.4;intermediate monocyte: 66.4;myeloid DC: 49.9;neutrophil: 45.2;non-classical monocyte: 50.3"	"Group enriched"	"Detected in many"	36	"dendritic cells: 49.9;granulocytes: 45.2;monocytes: 71.4"	"Low cancer specificity"	"Detected in many"				"Low region specificity"	"Detected in all"			"Low region specificity"	"Detected in all"			"CAB026202, HPA061617"	Uncertain		Supported	"Golgi apparatus"			NA	Yes		9600	"Cluster 38: Monocytes & Neutrophils - Degranulation"	"Cluster 83: Liver - Metabolism"	"Cluster 20: Macrophages & Microglia - Immune response"	"Cluster 53: Squamous epithelial cells - Keratinization"	"Cluster 41: Adipocytes & Endothelial cells - Mixed function"	22	"Golgi apparatus"		"CAB026202: , HPA061617: AB_2732666"	"unprognostic (2.52e-2)"	"unprognostic (1.56e-2)"	"unprognostic (3.96e-2)"	"unprognostic (1.37e-2)"	"unprognostic (1.15e-1)"	"unprognostic (5.26e-2)"	"unprognostic (1.98e-2)"	"unprognostic (4.66e-2)"	"unprognostic (1.68e-3)"	"unprognostic (2.01e-2)"	"unprognostic (3.60e-2)"	"unprognostic (2.10e-3)"	"unprognostic (1.19e-1)"	"validated prognostic unfavorable (7.58e-4)"	"validated prognostic unfavorable (7.68e-4)"	"unprognostic (3.59e-3)"	"unprognostic (3.10e-3)"	"unprognostic (1.43e-1)"	"unprognostic (5.14e-2)"	"unprognostic (1.44e-1)"	"unprognostic (1.73e-1)"	"unprognostic (4.82e-3)"	"unprognostic (1.64e-2)"	"unprognostic (1.31e-1)"	"unprognostic (8.61e-3)"	"unprognostic (2.30e-2)"	"unprognostic (3.76e-2)"	"unprognostic (1.39e-2)"	"unprognostic (1.14e-1)"	"unprognostic (3.07e-1)"	"unprognostic (7.61e-2)"
MACROD2	"C20orf133, dJ631M13.5"	ENSG00000172264	"Mono-ADP ribosylhydrolase 2"	A1Z1Q3	20	13995369-16053197	"Metabolic proteins, Predicted intracellular proteins"	"DNA damage"	Hydrolase		"Evidence at protein level"	"Evidence at protein level"	"Evidence at protein level"	"Evidence at protein level"	"Low tissue specificity"	"Detected in many"			"Group enriched"	"Detected in many"	5	"Alveolar cells type 2: 255.7;Astrocytes: 331.6;Excitatory neurons: 727.0;Inhibitory neurons: 1009.8;Oligodendrocyte precursor cells: 630.6;Oligodendrocytes: 280.5"	"Low cell type specificity"	"Detected in all"			"Low cancer specificity"	"Detected in all"			"Low region specificity"	"Detected in all"			"Group enriched"	"Detected in some"	4	"memory B-cell: 8.7;naive B-cell: 11.8;neutrophil: 3.6"	"Group enriched"	"Detected in many"	4	"B-cells: 11.8;granulocytes: 3.6"	"Cancer enhanced"	"Detected in many"		"Kidney cancer: 31.9"	"Lung - Alveolar cells type 2, Minor Salivary Gland - Minor salivary gland ductal cells"	"Low region specificity"	"Detected in all"			"Low region specificity"	"Detected in all"			HPA049076	Enhanced		Supported	Nucleoplasm,Nucleoli			NA	NA			"Cluster 14: Non-specific - Unknown function"	"Cluster 64: Neuronal - Transcription"	"Cluster 33: Neurons - Mixed function"	"Cluster 15: Kidney cancer - Membrane components"	"Cluster 65: Neurons - Synaptic function"		"Nucleoplasm, Nucleoli"		"HPA049076: "	"unprognostic (8.53e-3)"	"unprognostic (4.77e-2)"	"unprognostic (1.05e-1)"	"unprognostic (5.32e-3)"	"unprognostic (3.19e-3)"	"unprognostic (3.06e-1)"	"unprognostic (1.57e-1)"	"potential prognostic favorable (3.65e-4)"	"unprognostic (2.81e-1)"	"potential prognostic unfavorable (4.94e-4)"	"unprognostic (3.35e-2)"	"unprognostic (3.07e-3)"	"unprognostic (2.14e-1)"	"unprognostic (2.02e-2)"	"unprognostic (1.16e-3)"	"unprognostic (1.11e-2)"	"unprognostic (6.34e-2)"	"unprognostic (4.65e-3)"	"unprognostic (2.01e-1)"	"unprognostic (1.37e-1)"	"unprognostic (9.36e-2)"	"unprognostic (1.06e-1)"	"unprognostic (9.55e-2)"	"unprognostic (1.67e-1)"	"validated prognostic favorable (5.55e-5)"	"validated prognostic favorable (7.17e-4)"	"unprognostic (1.88e-2)"	"unprognostic (5.98e-2)"	"unprognostic (1.40e-1)"	"unprognostic (4.29e-1)"	"unprognostic (4.63e-2)"
MAFF	hMafF	ENSG00000185022	"MAF bZIP transcription factor F"	Q9ULX9	22	38200767-38216507	"Predicted intracellular proteins, Transcription factors"	"Stress response, Transcription, Transcription regulation"	"DNA-binding, Repressor"		"Evidence at protein level"	"Evidence at transcript level"	"Evidence at protein level"	"Evidence at protein level"	"Low tissue specificity"	"Detected in all"			"Cell type enhanced"	"Detected in many"		"Glandular and luminal cells: 691.6;Syncytiotrophoblasts: 518.2"	"Cell type enhanced"	"Detected in many"		"endothelial cell: 44.4;vascular associated smooth muscle cell: 22.9"	"Low cancer specificity"	"Detected in all"			"Low region specificity"	"Detected in all"			"Group enriched"	"Detected in many"	5	"basophil: 23.9;neutrophil: 8.6;NK-cell: 21.1"	"Group enriched"	"Detected in many"	6	"granulocytes: 23.9;NK-cells: 21.1"	"Cancer enhanced"	"Detected in all"		"skin cancer: 80.1"	"Colon - Neutrophils, Testis - Endothelial cells"	"Low region specificity"	"Detected in many"			"Low region specificity"	"Detected in many"			"CAB025341, HPA055371"	Approved		Approved	Nucleoplasm,Mitochondria			No	No			"Cluster 32: Basophils - Transcription"	"Cluster 41: Smooth muscle tissue - ECM organization"	"Cluster 18: Non-specific - Mixed function"	"Cluster 9: Skin cancer - Melanin biosynthesis"	"Cluster 37: Glandular & Luminal cells - Unknown function"	22	Nucleoplasm	Mitochondria	"CAB025341: , HPA055371: AB_2682797"	"unprognostic (1.51e-1)"	"unprognostic (3.17e-3)"	"unprognostic (3.43e-2)"	"unprognostic (4.91e-3)"	"unprognostic (2.97e-2)"	"unprognostic (2.07e-2)"	"unprognostic (2.86e-2)"	"unprognostic (3.50e-2)"	"potential prognostic unfavorable (9.05e-4)"	"unprognostic (3.03e-1)"	"unprognostic (4.02e-1)"	"unprognostic (2.14e-3)"	"unprognostic (2.48e-1)"	"unprognostic (1.28e-2)"	"unprognostic (9.48e-2)"	"unprognostic (4.12e-3)"	"unprognostic (2.70e-1)"	"unprognostic (4.28e-2)"	"unprognostic (1.25e-1)"	"unprognostic (8.93e-3)"	"unprognostic (1.66e-1)"	"potential prognostic unfavorable (6.66e-4)"	"unprognostic (1.06e-1)"	"unprognostic (3.07e-1)"	"unprognostic (3.25e-2)"	"unprognostic (1.68e-3)"	"unprognostic (3.76e-2)"	"unprognostic (1.52e-1)"	"unprognostic (2.17e-1)"	"unprognostic (8.88e-2)"	"unprognostic (1.97e-1)"
MALL	BENE	ENSG00000144063	"Mal, T cell differentiation protein like"	Q13021	2	110083870-110116022	"Predicted intracellular proteins, Predicted membrane proteins"				"Evidence at protein level"	"Evidence at transcript level"	"Evidence at protein level"	"Evidence at protein level"	"Tissue enhanced"	"Detected in many"		"esophagus: 358.1;intestine: 228.6"	"Cell type enhanced"	"Detected in many"		"Alveolar cells type 1: 185.3;Alveolar cells type 2: 238.9;Distal enterocytes: 653.1;Ductal cells: 277.7;Paneth cells: 207.2;Proximal enterocytes: 768.5"	"Cell type enriched"	"Detected in single"	18	"endothelial cell: 4.2"	"Low cancer specificity"	"Detected in all"			"Low region specificity"	"Detected in all"			"Group enriched"	"Detected in some"	4	"basophil: 8.2;neutrophil: 2.4"	"Lineage enriched"	"Detected in many"	7	"granulocytes: 8.2"	"Low cancer specificity"	"Detected in many"			"Adipose subcutaneous - Endothelial cells, Adrenal gland - Endothelial cells, Heart muscle - Endothelial cells, Kidney - Endothelial cells, Lung - Alveolar cells type 2, Skin - Keratinocyte (other), Testis - Early spermatids"	"Not detected"	"Not detected"			"Low region specificity"	"Detected in all"			HPA051410	Uncertain						NA	NA			"Cluster 20: Non-specific - DNA binding"	"Cluster 75: Epithelium - Extracellular exosomes"	"Cluster 56: Hypothalamus - Neuropeptide signaling"	"Cluster 53: Squamous epithelial cells - Keratinization"	"Cluster 45: Non-specific - Mixed function"	51			"HPA051410: AB_2681474"	"unprognostic (1.63e-2)"	"unprognostic (3.72e-1)"	"unprognostic (1.45e-2)"	"unprognostic (6.48e-3)"	"unprognostic (1.62e-1)"	"unprognostic (1.65e-1)"	"unprognostic (9.26e-3)"		"unprognostic (1.17e-1)"	"unprognostic (1.20e-1)"	"unprognostic (2.06e-3)"	"unprognostic (1.24e-1)"	"unprognostic (3.11e-1)"	"unprognostic (9.63e-2)"	"unprognostic (5.89e-2)"	"unprognostic (2.03e-2)"	"unprognostic (1.02e-1)"	"unprognostic (9.14e-2)"	"unprognostic (4.01e-2)"	"unprognostic (4.60e-2)"	"unprognostic (1.13e-1)"	"potential prognostic unfavorable (1.09e-4)"	"unprognostic (8.38e-2)"	"unprognostic (2.62e-1)"	"unprognostic (1.36e-1)"	"unprognostic (1.06e-1)"	"unprognostic (1.48e-1)"	"unprognostic (6.79e-2)"	"unprognostic (1.29e-1)"	"unprognostic (2.28e-1)"	"unprognostic (8.81e-3)"
MAP2K6	"MAPKK6, MEK6, MKK6, PRKMK6, SAPKK3"	ENSG00000108984	"Mitogen-activated protein kinase kinase 6"	P52564	17	69414697-69553865	"Enzymes, Predicted intracellular proteins"	"Apoptosis, Stress response, Transcription, Transcription regulation"	"Kinase, Serine/threonine-protein kinase, Transferase, Tyrosine-protein kinase"		"Evidence at protein level"	"Evidence at protein level"	"Evidence at protein level"	"Evidence at protein level"	"Tissue enhanced"	"Detected in many"		"intestine: 30.7;skeletal muscle: 39.1"	"Cell type enhanced"	"Detected in many"		"dendritic cells: 56.3;Distal enterocytes: 94.8;Enteroendocrine cells: 60.7;Glandular and luminal cells: 77.2"	"Cell type enriched"	"Detected in all"	4	"bergmann glia: 648.5"	"Cancer enhanced"	"Detected in all"		"Uterine Corpus Endometrial Carcinoma (TCGA): 41.7"	"Low region specificity"	"Detected in all"			"Group enriched"	"Detected in all"	7	"classical monocyte: 22.0;neutrophil: 46.0;plasmacytoid DC: 78.5"	"Group enriched"	"Detected in all"	9	"dendritic cells: 78.5;granulocytes: 46.0;monocytes: 22.0"	"Low cancer specificity"	"Detected in all"			"Liver - Hepatocytes, Skin - Mitotic cells (Skin), Spleen - Neutrophils, Testis - Early spermatids, Testis - Late spermatids"	"Low region specificity"	"Detected in all"			"Low region specificity"	"Detected in all"			"CAB007744, HPA031134"	Enhanced		Supported	Nucleoplasm,Cytosol			NA	NA			"Cluster 2: Dendritic cells - Unknown function"	"Cluster 19: Non-specific - Basic cellular processes"	"Cluster 25: Non-specific - Transcription"	"Cluster 10: Ciliated cells - Ion channel activity"	"Cluster 37: Glandular & Luminal cells - Unknown function"	22	Nucleoplasm	Cytosol	"CAB007744: AB_562318, HPA031134: AB_10603016"	"unprognostic (3.08e-1)"	"potential prognostic favorable (1.01e-4)"	"unprognostic (1.36e-3)"	"unprognostic (6.67e-2)"	"unprognostic (1.47e-1)"	"unprognostic (4.00e-3)"	"unprognostic (2.36e-1)"	"unprognostic (2.99e-3)"	"unprognostic (5.83e-2)"	"unprognostic (7.93e-2)"	"potential prognostic favorable (6.14e-4)"	"unprognostic (4.28e-2)"	"unprognostic (1.42e-1)"	"unprognostic (4.06e-2)"	"unprognostic (1.87e-1)"	"unprognostic (2.03e-2)"	"unprognostic (3.16e-1)"	"unprognostic (9.39e-3)"	"potential prognostic favorable (5.54e-4)"	"unprognostic (1.95e-2)"	"unprognostic (1.40e-1)"	"unprognostic (1.81e-3)"	"unprognostic (1.08e-1)"	"unprognostic (6.90e-2)"	"unprognostic (9.13e-2)"	"unprognostic (1.97e-2)"	"unprognostic (1.51e-1)"	"unprognostic (1.78e-1)"	"unprognostic (1.35e-1)"	"unprognostic (5.68e-3)"	"unprognostic (2.68e-1)"
MAPK14	"CSBP1, CSBP2, CSPB1, Mxi2, p38, PRKM14, PRKM15"	ENSG00000112062	"Mitogen-activated protein kinase 14"	Q16539	6	36027782-36111236	"Cancer-related genes, Enzymes, Predicted intracellular proteins"	"Apoptosis, Stress response, Transcription, Transcription regulation"	"Kinase, Serine/threonine-protein kinase, Transferase"	"Cancer-related genes"	"Evidence at protein level"	"Evidence at protein level"	"Evidence at protein level"	"Evidence at protein level"	"Low tissue specificity"	"Detected in all"			"Cell type enhanced"	"Detected in many"		"Excitatory neurons: 101.4"	"Low cell type specificity"	"Detected in all"			"Low cancer specificity"	"Detected in all"			"Low region specificity"	"Detected in all"			"Group enriched"	"Detected in all"	5	"basophil: 78.0;neutrophil: 25.8"	"Lineage enriched"	"Detected in all"	7	"granulocytes: 78.0"	"Low cancer specificity"	"Detected in all"			"Lung - Neutrophil_2, Spleen - Neutrophils"	"Low region specificity"	"Detected in all"			"Low region specificity"	"Detected in all"			"CAB010285, CAB040578, HPA051825"	Approved		Supported	"Nuclear speckles,Cytosol"			NA	NA		1300000	"Cluster 41: Basophils - Unknown function"	"Cluster 77: Bone marrow - Cell proliferation"	"Cluster 31: Non-specific - Transcription"	"Cluster 71: Lymphoma - Inflammatory response"	"Cluster 74: Neutrophils - Degranulation"	119	"Nuclear speckles"	Cytosol	"CAB010285: AB_632140, CAB040578: , HPA051825: "	"unprognostic (2.70e-2)"	"unprognostic (1.33e-1)"	"unprognostic (6.38e-2)"	"unprognostic (8.86e-3)"	"unprognostic (6.92e-2)"	"unprognostic (2.51e-3)"	"unprognostic (3.78e-1)"	"unprognostic (1.62e-1)"	"unprognostic (9.50e-2)"	"potential prognostic unfavorable (2.90e-4)"	"potential prognostic favorable (7.79e-5)"	"unprognostic (1.21e-2)"	"unprognostic (1.35e-1)"	"unprognostic (6.59e-2)"	"unprognostic (5.56e-2)"	"unprognostic (1.35e-1)"	"unprognostic (6.04e-2)"	"unprognostic (9.57e-2)"	"unprognostic (6.94e-2)"	"unprognostic (5.39e-2)"	"unprognostic (2.40e-3)"	"unprognostic (1.72e-2)"	"unprognostic (3.96e-3)"	"unprognostic (6.07e-2)"	"unprognostic (1.97e-3)"	"unprognostic (2.20e-1)"	"unprognostic (5.49e-3)"	"unprognostic (6.84e-3)"	"unprognostic (2.00e-1)"	"unprognostic (1.33e-1)"	"unprognostic (4.02e-1)"
MAPK3	"ERK1, p44erk1, p44mapk, PRKM3"	ENSG00000102882	"Mitogen-activated protein kinase 3"	P27361	16	30114105-30123506	"Cancer-related genes, Enzymes, FDA approved drug targets, Predicted intracellular proteins, RAS pathway related proteins"	"Apoptosis, Cell cycle, Host-virus interaction"	"Kinase, Serine/threonine-protein kinase, Transferase"	"Cancer-related genes, FDA approved drug targets"	"Evidence at protein level"	"Evidence at protein level"	"Evidence at protein level"	"Evidence at protein level"	"Low tissue specificity"	"Detected in all"			"Cell type enhanced"	"Detected in all"		"Distal enterocytes: 313.7;Late spermatids: 263.1;Proximal enterocytes: 227.4"	"Low cell type specificity"	"Detected in all"			"Low cancer specificity"	"Detected in all"			"Low region specificity"	"Detected in all"			"Group enriched"	"Detected in all"	5	"eosinophil: 49.2;neutrophil: 21.6"	"Lineage enriched"	"Detected in all"	7	"granulocytes: 49.2"	"Low cancer specificity"	"Detected in all"			"Testis - Spermatogonia"	"Low region specificity"	"Detected in all"			"Low region specificity"	"Detected in all"			"CAB002683, HPA003995, HPA005700, HPA030069"	Approved		Approved	"Nucleoplasm,Microtubules,Primary cilium,Primary cilium tip,Basal body"			NA	NA		26000	"Cluster 36: Eosinophils - Protein ubiquitination"	"Cluster 33: Brain - Neuronal signaling"	"Cluster 51: Neurons - Mixed function"	"Cluster 54: Non-specific - Transcription"	"Cluster 5: Enterocytes - Absorption"	109	"Nucleoplasm, Microtubules"	"Primary cilium, Primary cilium tip, Basal body"	"CAB002683: , HPA003995: AB_1078751, HPA005700: AB_1078750, HPA030069: AB_10602035"	"unprognostic (1.23e-1)"	"unprognostic (3.99e-2)"	"unprognostic (1.29e-1)"	"unprognostic (2.90e-1)"	"unprognostic (9.14e-2)"	"unprognostic (2.28e-1)"	"unprognostic (1.90e-1)"	"unprognostic (3.04e-1)"	"unprognostic (2.41e-1)"	"unprognostic (7.32e-2)"	"potential prognostic favorable (4.11e-7)"	"unprognostic (3.91e-3)"	"unprognostic (2.61e-2)"	"validated prognostic unfavorable (7.45e-5)"	"validated prognostic unfavorable (3.39e-4)"	"unprognostic (4.37e-2)"	"unprognostic (4.88e-2)"	"unprognostic (4.41e-3)"	"unprognostic (4.10e-2)"	"unprognostic (9.34e-2)"	"unprognostic (5.80e-2)"	"unprognostic (1.06e-2)"	"unprognostic (5.11e-2)"	"unprognostic (2.41e-1)"	"unprognostic (1.64e-1)"	"unprognostic (1.92e-2)"	"unprognostic (1.28e-1)"	"unprognostic (1.72e-1)"	"unprognostic (2.78e-1)"	"unprognostic (9.64e-2)"	"unprognostic (9.83e-2)"
MBOAT2	"FLJ14415, FLJ90298, LPLAT13, OACT2"	ENSG00000143797	"Membrane bound O-acyltransferase domain containing 2"	Q6ZWT7	2	8852690-9003709	"Enzymes, Metabolic proteins, Predicted membrane proteins"	"Lipid biosynthesis, Lipid metabolism, Phospholipid biosynthesis, Phospholipid metabolism"	"Acyltransferase, Transferase"		"Evidence at protein level"	"Evidence at protein level"	"Evidence at protein level"	"Evidence at protein level"	"Low tissue specificity"	"Detected in many"			"Cell type enhanced"	"Detected in many"		"Astrocytes: 162.2;Erythroid cells: 117.7;Excitatory neurons: 129.9;Oligodendrocyte precursor cells: 166.5;Oligodendrocytes: 214.5"	"Low cell type specificity"	"Detected in all"			"Low cancer specificity"	"Detected in many"			"Low region specificity"	"Detected in all"			"Group enriched"	"Detected in some"	7	"basophil: 4.7;eosinophil: 1.7;neutrophil: 4.0"	"Lineage enriched"	"Detected in single"	10	"granulocytes: 4.7"	"Low cancer specificity"	"Detected in all"			"Liver - Hepatic stellate cells, Spleen - Neutrophils"	"Low region specificity"	"Detected in all"			"Low region specificity"	"Detected in all"			HPA014836	Uncertain		Approved	Vesicles			NA	NA			"Cluster 35: Neutrophils - Protein binding"	"Cluster 61: Brain - Neuronal signaling"	"Cluster 21: Non-specific - Metabolism"	"Cluster 53: Squamous epithelial cells - Keratinization"	"Cluster 76: Oligodendrocyte precursor - Unknown function"		Vesicles		"HPA014836: AB_1854745"	"unprognostic (3.08e-3)"	"unprognostic (4.37e-1)"	"unprognostic (9.44e-2)"	"potential prognostic unfavorable (2.05e-4)"	"unprognostic (2.10e-1)"	"potential prognostic unfavorable (3.77e-4)"	"unprognostic (2.39e-1)"	"unprognostic (4.22e-2)"	"unprognostic (5.41e-2)"	"unprognostic (9.81e-2)"	"unprognostic (4.96e-3)"	"unprognostic (1.66e-2)"	"unprognostic (3.60e-1)"		"unprognostic (2.82e-3)"	"unprognostic (2.17e-3)"	"potential prognostic unfavorable (2.29e-5)"	"unprognostic (4.73e-2)"	"unprognostic (1.17e-1)"	"unprognostic (3.40e-1)"	"unprognostic (4.77e-3)"	"unprognostic (7.52e-3)"	"unprognostic (1.78e-2)"	"unprognostic (3.88e-1)"	"unprognostic (1.28e-1)"	"unprognostic (4.76e-2)"	"unprognostic (2.57e-1)"	"unprognostic (1.68e-1)"	"unprognostic (1.64e-1)"	"unprognostic (1.51e-1)"	"unprognostic (5.49e-3)"
MBOAT7	"BB1, hMBOA-7, LENG4, LPIAT1, LPLAT, LPLAT11"	ENSG00000125505	"Membrane bound O-acyltransferase domain containing 7"	Q96N66	19	54173412-54189882	"Disease related genes, Human disease related genes, Metabolic proteins, Potential drug targets, Predicted membrane proteins, Transporters"	"Lipid biosynthesis, Lipid metabolism, Phospholipid biosynthesis, Phospholipid metabolism"	"Acyltransferase, Transferase"	"Disease variant, Intellectual disability"	"Evidence at protein level"	"Evidence at transcript level"	"Evidence at protein level"	"Evidence at protein level"	"Tissue enhanced"	"Detected in all"		"adrenal gland: 105.0"	"Low cell type specificity"	"Detected in many"			"Low cell type specificity"	"Detected in all"			"Low cancer specificity"	"Detected in all"			"Low region specificity"	"Detected in all"			"Group enriched"	"Detected in all"	9	"basophil: 157.4;eosinophil: 265.9;neutrophil: 239.0"	"Lineage enriched"	"Detected in all"	11	"granulocytes: 265.9"	"Low cancer specificity"	"Detected in all"			"Spleen - Neutrophils, Testis - Sertoli cells"	"Low region specificity"	"Detected in all"			"Low region specificity"	"Detected in all"			HPA055967	Approved		Approved	Cytosol			NA	NA			"Cluster 21: Neutrophils - Unknown function"	"Cluster 43: Non-specific - Mitochondrial translation"	"Cluster 1: Neurons - Mixed function"	"Cluster 53: Squamous epithelial cells - Keratinization"	"Cluster 74: Neutrophils - Degranulation"	10	Cytosol		"HPA055967: AB_2682990"	"unprognostic (1.19e-1)"	"unprognostic (1.16e-2)"	"unprognostic (2.03e-1)"	"unprognostic (3.23e-3)"	"unprognostic (6.85e-2)"	"unprognostic (5.51e-2)"	"unprognostic (3.34e-1)"	"unprognostic (5.93e-3)"	"unprognostic (1.17e-1)"	"unprognostic (4.81e-3)"	"potential prognostic unfavorable (3.15e-6)"	"unprognostic (8.89e-3)"	"unprognostic (1.06e-1)"	"potential prognostic unfavorable (4.59e-4)"	"unprognostic (6.06e-3)"	"unprognostic (1.30e-2)"	"unprognostic (5.33e-2)"	"unprognostic (4.61e-2)"	"unprognostic (3.46e-1)"	"unprognostic (1.59e-2)"	"unprognostic (7.41e-2)"	"unprognostic (5.64e-2)"	"unprognostic (9.83e-3)"	"unprognostic (1.58e-1)"	"unprognostic (1.76e-1)"	"unprognostic (2.32e-2)"	"unprognostic (2.24e-1)"	"unprognostic (1.09e-1)"	"unprognostic (1.32e-1)"	"unprognostic (8.65e-3)"	"unprognostic (2.26e-1)"
MCOLN1	"ML4, MLIV, MST080, MSTP080, TRPM-L1, TRPML1"	ENSG00000090674	"Mucolipin TRP cation channel 1"	Q9GZU1	19	7522624-7534009	"Disease related genes, Human disease related genes, Potential drug targets, Predicted membrane proteins, Transporters, Voltage-gated ion channels"	"Adaptive immunity, Calcium transport, Immunity, Ion transport, Transport"	"Ion channel"	"Disease variant, Mucolipidosis"	"Evidence at protein level"	"Evidence at protein level"	"Evidence at protein level"	"Evidence at protein level"	"Low tissue specificity"	"Detected in all"			"Cell type enhanced"	"Detected in many"		"Hofbauer cells: 101.6;Kupffer cells: 88.5;Macrophages: 74.1;monocytes: 78.7"	"Low cell type specificity"	"Detected in all"			"Low cancer specificity"	"Detected in all"			"Low region specificity"	"Detected in all"			"Group enriched"	"Detected in all"	4	"basophil: 118.2;classical monocyte: 45.3;eosinophil: 106.1;intermediate monocyte: 95.7;neutrophil: 41.4;non-classical monocyte: 105.7"	"Group enriched"	"Detected in all"	5	"granulocytes: 118.2;monocytes: 105.7"	"Low cancer specificity"	"Detected in all"			"Adipose subcutaneous - Macrophages, Adrenal gland - Adrenal cortex cells, Lung - Macrophages, Prostate - Macrophages, Spleen - Macrophages"	"Low region specificity"	"Detected in all"			"Low region specificity"	"Detected in all"			"HPA031763, CAB032637, HPA069495"	Uncertain		Supported	"Nucleoplasm,Golgi apparatus,Vesicles"			NA	NA			"Cluster 42: Non-specific - Vesicular transport"	"Cluster 47: Spleen - Immune response"	"Cluster 27: Non-specific - Mixed function"	"Cluster 9: Skin cancer - Melanin biosynthesis"	"Cluster 58: Macrophages - Innate immune response"	7	"Golgi apparatus, Vesicles"	Nucleoplasm	"CAB032637: AB_2142964, HPA031763: AB_10600822, HPA069495: "	"unprognostic (8.33e-2)"	"unprognostic (3.06e-2)"	"unprognostic (1.47e-1)"	"unprognostic (2.74e-3)"	"unprognostic (1.18e-1)"	"unprognostic (6.11e-2)"	"unprognostic (1.65e-1)"	"unprognostic (6.66e-2)"	"unprognostic (1.17e-1)"	"potential prognostic unfavorable (4.86e-4)"	"potential prognostic favorable (1.04e-6)"	"unprognostic (1.65e-1)"	"unprognostic (6.02e-2)"	"unprognostic (1.85e-2)"	"unprognostic (2.23e-2)"	"unprognostic (1.84e-1)"	"unprognostic (8.75e-2)"	"unprognostic (1.59e-1)"	"unprognostic (1.46e-1)"	"unprognostic (3.87e-1)"	"unprognostic (1.43e-1)"	"potential prognostic favorable (4.11e-4)"	"unprognostic (1.02e-1)"	"unprognostic (3.06e-1)"	"unprognostic (2.86e-3)"	"unprognostic (1.07e-2)"	"unprognostic (2.77e-1)"	"unprognostic (2.78e-1)"	"unprognostic (2.68e-2)"	"unprognostic (1.44e-1)"	"unprognostic (1.24e-1)"
MCTP1	FLJ22344	ENSG00000175471	"Multiple C2 and transmembrane domain containing 1"	Q6DN14	5	94703690-95285094	"Predicted intracellular proteins, Predicted membrane proteins"				"Evidence at protein level"	"Evidence at protein level"	"Evidence at transcript level"	"Evidence at protein level"	"Tissue enhanced"	"Detected in all"		"bone marrow: 44.8"	"Cell type enhanced"	"Detected in many"		"Adipocytes: 111.4;Excitatory neurons: 493.2;Inhibitory neurons: 394.8;monocytes: 119.7;Oligodendrocyte precursor cells: 247.1"	"Low cell type specificity"	"Detected in all"			"Low cancer specificity"	"Detected in all"			"Low region specificity"	"Detected in all"			"Group enriched"	"Detected in many"	45	"basophil: 37.1;classical monocyte: 28.7;eosinophil: 13.3;intermediate monocyte: 41.4;myeloid DC: 22.3;neutrophil: 40.7;non-classical monocyte: 40.8;plasmacytoid DC: 11.5"	"Group enriched"	"Detected in many"	54	"dendritic cells: 22.3;granulocytes: 40.7;monocytes: 41.4"	"Low cancer specificity"	"Detected in all"			"Adipose subcutaneous - Endothelial cells, Adipose visceral - Endothelial cells, Adrenal gland - Macrophages, Breast - Endothelial cells, Colon - Endothelial cells, Heart muscle - Endothelial cells, Minor Salivary Gland - Endothelial cells, Prostate - Endothelial cells, Skeletal muscle - Endothelial cells, Skin - Endothelial cells"	"Low region specificity"	"Detected in all"			"Low region specificity"	"Detected in all"			HPA075887			Approved	"Golgi apparatus"			NA	NA			"Cluster 37: Monocytes & Neutrophils - Innate immune response"	"Cluster 77: Bone marrow - Cell proliferation"	"Cluster 31: Non-specific - Transcription"	"Cluster 14: Myeloid leukemia - Innate immune response"	"Cluster 65: Neurons - Synaptic function"		"Golgi apparatus"		"HPA075887: "	"unprognostic (1.28e-1)"	"unprognostic (2.15e-1)"	"unprognostic (1.20e-1)"	"potential prognostic unfavorable (4.88e-4)"	"unprognostic (2.50e-2)"	"unprognostic (1.66e-1)"	"unprognostic (5.07e-3)"	"unprognostic (1.45e-1)"	"unprognostic (1.95e-1)"	"unprognostic (1.11e-1)"	"unprognostic (3.14e-3)"	"unprognostic (1.85e-1)"	"unprognostic (1.25e-3)"	"unprognostic (3.54e-2)"	"unprognostic (9.38e-2)"	"unprognostic (9.09e-2)"	"unprognostic (9.58e-2)"	"unprognostic (2.00e-3)"	"unprognostic (1.56e-1)"	"unprognostic (9.76e-3)"	"unprognostic (3.52e-2)"	"unprognostic (1.91e-1)"	"unprognostic (4.28e-2)"	"unprognostic (1.53e-1)"	"unprognostic (1.08e-1)"	"unprognostic (4.16e-2)"	"unprognostic (1.06e-1)"	"unprognostic (2.50e-2)"	"unprognostic (2.26e-1)"	"unprognostic (1.10e-3)"	"unprognostic (8.34e-3)"
MFAP3L	"KIAA0626, NYD-sp9"	ENSG00000198948	"Microfibril associated protein 3 like"	O75121	4	169986597-170033031	"Predicted intracellular proteins, Predicted membrane proteins"				"Evidence at protein level"	"Evidence at protein level"	"Evidence at protein level"	"Evidence at protein level"	"Tissue enhanced"	"Detected in many"		"testis: 45.0"	"Cell type enriched"	"Detected in many"	6	"Late spermatids: 1849.8"	"Cell type enhanced"	"Detected in all"		"choroid plexus epithelial cell: 219.7"	"Low cancer specificity"	"Detected in all"			"Low region specificity"	"Detected in all"			"Group enriched"	"Detected in some"	5	"basophil: 5.7;eosinophil: 1.8;neutrophil: 3.5"	"Lineage enriched"	"Detected in single"	8	"granulocytes: 5.7"	"Low cancer specificity"	"Detected in many"			"Colon - Enteric glia cells, Liver - Hepatocytes, Testis - Early spermatids, Testis - Late spermatids"	"Low region specificity"	"Detected in all"			"Low region specificity"	"Detected in all"			"HPA017986, HPA062306, HPA077490"	Enhanced		Supported	"Nucleoplasm,Cell Junctions"	"Intracellular and membrane"	"No annotated function"	NA	NA			"Cluster 41: Basophils - Unknown function"	"Cluster 63: Testis - Spermatid development"	"Cluster 3: Choroid plexus - Cilium"	"Cluster 27: Breast cancer - Unknown function"	"Cluster 63: Late spermatids - Spermatogenesis"		Nucleoplasm	"Cell Junctions"	"HPA017986: AB_1853842, HPA062306: , HPA077490: AB_2686842"	"unprognostic (6.06e-3)"	"unprognostic (5.83e-3)"	"unprognostic (1.83e-1)"	"unprognostic (8.59e-3)"	"unprognostic (1.99e-2)"	"unprognostic (1.38e-2)"	"unprognostic (1.52e-1)"	"unprognostic (1.15e-1)"	"unprognostic (4.79e-2)"	"unprognostic (2.13e-1)"	"validated prognostic favorable (1.02e-8)"	"validated prognostic favorable (1.37e-4)"	"potential prognostic favorable (1.23e-4)"	"unprognostic (4.51e-2)"	"unprognostic (4.81e-2)"	"unprognostic (7.19e-3)"	"unprognostic (4.85e-2)"	"unprognostic (8.22e-2)"	"unprognostic (3.48e-2)"	"unprognostic (2.72e-1)"	"unprognostic (8.98e-2)"	"unprognostic (2.55e-1)"	"unprognostic (1.80e-1)"	"unprognostic (1.32e-1)"	"unprognostic (4.67e-1)"	"unprognostic (1.15e-1)"	"unprognostic (3.53e-1)"	"potential prognostic unfavorable (4.66e-4)"	"unprognostic (2.91e-1)"	"potential prognostic unfavorable (2.39e-5)"	"unprognostic (1.50e-1)"
MINDY1	"FAM63A, FLJ11280, MINDY-1"	ENSG00000143409	"MINDY lysine 48 deubiquitinase 1"	Q8N5J2	1	150996549-151008376	"Enzymes, Predicted intracellular proteins"	"Ubl conjugation pathway"	"Hydrolase, Protease, Thiol protease"		"Evidence at protein level"	"Evidence at protein level"	"Evidence at protein level"	"Evidence at protein level"	"Low tissue specificity"	"Detected in all"			"Cell type enhanced"	"Detected in many"		"Cardiomyocytes: 41.6;Distal tubular cells: 36.9;Late spermatids: 36.5"	"Cell type enhanced"	"Detected in many"		"endothelial cell: 35.0;oligodendrocyte: 28.0"	"Low cancer specificity"	"Detected in all"			"Low region specificity"	"Detected in all"			"Group enriched"	"Detected in many"	7	"basophil: 99.8;eosinophil: 56.7;neutrophil: 93.9"	"Lineage enriched"	"Detected in all"	8	"granulocytes: 99.8"	"Low cancer specificity"	"Detected in all"			"Adrenal gland - Adrenal cortex cells, Liver - Hepatocytes, Thyroid gland - Thyroid glandular cells"	"Low region specificity"	"Detected in all"			"Low region specificity"	"Detected in all"			"HPA028358, HPA061086"			Enhanced	Nucleoplasm			NA	NA		61000	"Cluster 21: Neutrophils - Unknown function"	"Cluster 52: Kidney - Transmembrane transport"	"Cluster 6: Non-specific - Immune response"	"Cluster 7: Liver cancer - Metabolism"	"Cluster 57: Platelets - Hemostasis"	2	Nucleoplasm		"HPA028358: AB_10601102, HPA061086: AB_2684425"	"unprognostic (3.65e-3)"	"unprognostic (2.67e-1)"		"unprognostic (3.51e-2)"	"unprognostic (7.52e-2)"	"unprognostic (1.44e-1)"	"unprognostic (9.13e-2)"	"unprognostic (4.63e-2)"	"unprognostic (3.20e-2)"	"unprognostic (7.81e-2)"	"validated prognostic favorable (7.56e-8)"	"validated prognostic favorable (4.97e-8)"	"unprognostic (4.82e-2)"	"unprognostic (3.55e-2)"		"unprognostic (2.36e-1)"	"unprognostic (2.08e-1)"	"unprognostic (1.98e-3)"	"unprognostic (3.41e-2)"	"unprognostic (6.67e-2)"	"unprognostic (2.13e-1)"	"unprognostic (4.58e-2)"	"unprognostic (1.22e-1)"	"unprognostic (2.01e-1)"	"unprognostic (1.37e-2)"	"unprognostic (1.09e-1)"	"unprognostic (5.75e-2)"	"unprognostic (7.11e-2)"	"unprognostic (4.66e-2)"	"unprognostic (2.36e-2)"	"unprognostic (1.06e-1)"
MPPE1	"Cdc1, PGAP5"	ENSG00000154889	"Metallophosphoesterase 1"	Q53F39	18	11882622-11908366	"Predicted intracellular proteins, Predicted membrane proteins"	"ER-Golgi transport, GPI-anchor biosynthesis, Transport"	Hydrolase		"Evidence at protein level"	"Evidence at protein level"	"Evidence at protein level"	"Evidence at protein level"	"Low tissue specificity"	"Detected in all"			"Low cell type specificity"	"Detected in all"			"Low cell type specificity"	"Detected in all"			"Low cancer specificity"	"Detected in all"			"Low region specificity"	"Detected in all"			"Group enriched"	"Detected in all"	5	"eosinophil: 101.8;neutrophil: 297.3"	"Lineage enriched"	"Detected in all"	7	"granulocytes: 297.3"	"Low cancer specificity"	"Detected in all"			"Adrenal gland - Adrenal cortex cells, Thyroid gland - Thyroid glandular cells"	"Low region specificity"	"Detected in all"			"Low region specificity"	"Detected in all"			HPA012639	Approved		Approved	"Nucleoplasm,Golgi apparatus"			NA	NA			"Cluster 21: Neutrophils - Unknown function"	"Cluster 24: Parathyroid gland - Vesicular transport"	"Cluster 45: Non-specific - Mixed function"	"Cluster 13: Non-specific - Mixed function"	"Cluster 19: NK-cells - Adaptive immune response"	1	"Nucleoplasm, Golgi apparatus"		"HPA012639: AB_1854088"	"unprognostic (1.69e-1)"	"unprognostic (2.95e-1)"	"unprognostic (8.75e-3)"	"unprognostic (7.45e-2)"	"unprognostic (3.57e-1)"	"unprognostic (1.66e-1)"	"unprognostic (3.59e-2)"	"unprognostic (5.99e-3)"	"unprognostic (1.96e-1)"	"unprognostic (2.58e-1)"	"potential prognostic favorable (2.24e-8)"	"unprognostic (5.80e-2)"	"potential prognostic favorable (4.47e-5)"	"unprognostic (1.28e-1)"	"unprognostic (1.12e-2)"	"unprognostic (1.39e-1)"	"unprognostic (4.26e-2)"	"unprognostic (9.50e-2)"	"unprognostic (6.33e-2)"	"unprognostic (4.95e-2)"	"unprognostic (1.81e-1)"	"unprognostic (4.75e-3)"	"unprognostic (1.99e-1)"	"unprognostic (8.97e-2)"	"unprognostic (6.81e-2)"	"unprognostic (2.19e-2)"	"unprognostic (3.56e-1)"	"unprognostic (2.41e-1)"	"unprognostic (9.56e-2)"	"unprognostic (9.41e-2)"	"unprognostic (2.80e-1)"
MPZL2	"EVA, EVA1"	ENSG00000149573	"Myelin protein zero like 2"	O60487	11	118253416-118264536	"Disease related genes, Human disease related genes, Predicted membrane proteins"	"Cell adhesion"		"Deafness, Disease variant, Non-syndromic deafness"	"Evidence at protein level"	"Evidence at transcript level"	"Evidence at protein level"	"Evidence at protein level"	"Tissue enhanced"	"Detected in many"		"esophagus: 216.2;urinary bladder: 150.3"	"Cell type enhanced"	"Detected in many"		"Basal keratinocytes: 291.2;Basal respiratory cells: 265.4;Glandular and luminal cells: 180.1;Squamous epithelial cells: 367.3;Suprabasal keratinocytes: 440.6"	"Group enriched"	"Detected in some"	10	"endothelial cell: 29.6;fibroblast: 9.5"	"Low cancer specificity"	"Detected in all"			"Low region specificity"	"Detected in all"			"Group enriched"	"Detected in many"	4	"classical monocyte: 11.7;intermediate monocyte: 9.2;myeloid DC: 17.0;neutrophil: 13.2"	"Group enriched"	"Detected in many"	10	"dendritic cells: 17.0;granulocytes: 13.2;monocytes: 11.7"	"Low cancer specificity"	"Detected in many"			"Colon - Endothelial cells, Kidney - Endothelial cells, Lung - Alveolar cells type 2, Skeletal muscle - Endothelial cells, Testis - Endothelial cells"	"Low region specificity"	"Detected in many"			"Region enriched"	"Detected in all"	5	"spinal cord: 51.3"	HPA060740	Approved		Approved	"Cell Junctions"			NA	NA			"Cluster 38: Monocytes & Neutrophils - Degranulation"	"Cluster 29: Squamous epithelium - Innate immune response"	"Cluster 42: Choroid plexus - Mitochondria"	"Cluster 53: Squamous epithelial cells - Keratinization"	"Cluster 12: Squamous epithelial cells - Keratinization"	5	"Cell Junctions"		"HPA060740: AB_2684352"	"unprognostic (6.40e-3)"	"unprognostic (1.13e-2)"	"unprognostic (1.09e-2)"	"unprognostic (4.43e-3)"	"unprognostic (2.61e-1)"	"potential prognostic favorable (5.32e-4)"	"unprognostic (1.02e-3)"	"potential prognostic unfavorable (9.42e-4)"	"unprognostic (9.19e-2)"	"unprognostic (3.36e-1)"	"validated prognostic favorable (3.97e-10)"	"validated prognostic favorable (5.16e-7)"	"unprognostic (2.26e-1)"	"unprognostic (3.42e-3)"	"unprognostic (2.04e-2)"	"unprognostic (1.52e-1)"	"unprognostic (2.82e-1)"	"unprognostic (1.86e-1)"	"unprognostic (1.37e-1)"	"unprognostic (2.31e-1)"	"unprognostic (6.12e-2)"	"potential prognostic unfavorable (9.41e-5)"	"unprognostic (2.61e-2)"	"unprognostic (1.71e-1)"	"unprognostic (5.57e-2)"	"unprognostic (7.10e-2)"	"unprognostic (2.43e-2)"	"unprognostic (3.01e-2)"	"unprognostic (1.53e-1)"	"unprognostic (1.87e-3)"	"unprognostic (6.59e-2)"
MPZL3		ENSG00000160588	"Myelin protein zero like 3"	Q6UWV2	11	118226690-118252365	"Predicted intracellular proteins, Predicted membrane proteins"	"Cell adhesion"			"Evidence at protein level"	"Evidence at transcript level"	"Evidence at protein level"	"Evidence at protein level"	"Tissue enhanced"	"Detected in many"		"esophagus: 32.4;skin 1: 29.4"	"Cell type enhanced"	"Detected in many"		"Ciliated cells: 32.6;Glandular and luminal cells: 34.4;Suprabasal keratinocytes: 41.2;T-cells: 44.9"	"Cell type enriched"	"Detected in many"	4	"leukocyte: 81.8"	"Low cancer specificity"	"Detected in many"			"Low region specificity"	"Detected in all"			"Group enriched"	"Detected in all"	6	"basophil: 44.4;eosinophil: 99.4;MAIT T-cell: 28.9;neutrophil: 87.8"	"Group enriched"	"Detected in all"	8	"granulocytes: 99.4;T-cells: 28.9"	"Low cancer specificity"	"Detected in many"			"Adipose visceral - T-cells, Minor Salivary Gland - Minor salivary gland basal cells, Skin - Keratinocyte (granular)"	"Low region specificity"	"Detected in all"			"Low region specificity"	"Detected in all"			HPA029116			Approved	"Golgi apparatus"			NA	NA			"Cluster 21: Neutrophils - Unknown function"	"Cluster 27: Squamous epithelium - Keratinization"	"Cluster 15: Non-specific - Transcription"	"Cluster 53: Squamous epithelial cells - Keratinization"	"Cluster 78: NK-cells & T-cells - Immune system & Transcription"	3	"Golgi apparatus"		"HPA029116: AB_10610142"	"unprognostic (3.48e-2)"	"unprognostic (1.94e-2)"	"unprognostic (1.25e-1)"	"unprognostic (4.02e-2)"	"unprognostic (2.03e-1)"	"unprognostic (1.52e-1)"		"unprognostic (5.38e-3)"	"unprognostic (2.01e-1)"	"unprognostic (3.42e-1)"	"unprognostic (9.42e-3)"	"potential prognostic favorable (6.09e-4)"	"unprognostic (2.31e-2)"	"unprognostic (2.40e-3)"	"unprognostic (9.27e-2)"	"unprognostic (1.32e-1)"	"unprognostic (1.01e-2)"	"potential prognostic unfavorable (2.05e-5)"	"unprognostic (3.71e-1)"	"unprognostic (5.59e-2)"	"unprognostic (3.53e-2)"	"unprognostic (2.58e-3)"	"potential prognostic unfavorable (5.15e-5)"	"unprognostic (4.44e-2)"	"unprognostic (3.85e-1)"	"unprognostic (1.25e-2)"	"unprognostic (1.01e-2)"	"unprognostic (2.40e-1)"	"unprognostic (2.73e-1)"	"unprognostic (1.45e-2)"	"unprognostic (3.06e-1)"
MSRB1	"SELENOR, SELENOX, SelR, SelX, SepR, SEPX1"	ENSG00000198736	"Methionine sulfoxide reductase B1"	Q9NZV6	16	1938229-1943199	"Enzymes, Predicted intracellular proteins"	"Immunity, Innate immunity"	Oxidoreductase		"Evidence at protein level"	"Evidence at protein level"	"Evidence at protein level"	"Evidence at protein level"	"Tissue enhanced"	"Detected in all"		"liver: 228.5"	"Cell type enhanced"	"Detected in many"		"Hepatocytes: 304.2;Proximal tubular cells: 472.7"	"Low cell type specificity"	"Detected in many"			"Low cancer specificity"	"Detected in all"			"Low region specificity"	"Detected in all"			"Group enriched"	"Detected in all"	5	"eosinophil: 1424.3;neutrophil: 3078.4"	"Lineage enriched"	"Detected in all"	7	"granulocytes: 3078.4"	"Low cancer specificity"	"Detected in all"			"Colon - Smooth muscle cells, Kidney - Proximal tubular cells, Kidney - Proximal tubular cells, Lung - Neutrophil_2, Prostate - Smooth muscle cells, Spleen - Neutrophils"	"Low region specificity"	"Detected in all"			"Low region specificity"	"Detected in all"			"CAB008650, HPA043463, HPA069557"	Enhanced		Enhanced	Nucleoplasm			NA	NA			"Cluster 21: Neutrophils - Unknown function"	"Cluster 83: Liver - Metabolism"	"Cluster 19: Astrocytes - Mixed function"	"Cluster 10: Ciliated cells - Ion channel activity"	"Cluster 56: Proximal tubular cells - Amino acid metabolism"	5	Nucleoplasm		"CAB008650: AB_1619225, HPA043463: AB_2678489, HPA069557: AB_2686153"	"unprognostic (1.86e-1)"	"unprognostic (4.92e-3)"		"unprognostic (2.15e-1)"	"unprognostic (1.19e-1)"	"unprognostic (1.29e-1)"	"unprognostic (3.59e-2)"	"unprognostic (1.17e-1)"	"unprognostic (6.48e-2)"	"unprognostic (2.67e-1)"	"unprognostic (1.27e-2)"	"unprognostic (1.75e-1)"	"unprognostic (1.65e-2)"	"unprognostic (1.15e-1)"		"unprognostic (9.10e-2)"	"unprognostic (1.11e-2)"	"unprognostic (1.30e-1)"	"unprognostic (2.21e-3)"	"unprognostic (2.34e-1)"	"unprognostic (3.31e-1)"	"unprognostic (4.11e-2)"	"unprognostic (3.02e-1)"	"unprognostic (3.39e-1)"	"unprognostic (2.20e-2)"	"unprognostic (1.16e-1)"	"unprognostic (5.31e-3)"	"unprognostic (1.30e-1)"	"unprognostic (1.33e-1)"	"unprognostic (9.05e-2)"	"unprognostic (6.70e-2)"
MTARC1	"FLJ22390, MARC1, MOSC1"	ENSG00000186205	"Mitochondrial amidoxime reducing component 1"	Q5VT66	1	220786352-220819659	"Predicted intracellular proteins"		Oxidoreductase		"Evidence at protein level"	"Evidence at protein level"	"Evidence at protein level"	"Evidence at protein level"	"Tissue enhanced"	"Detected in all"		"adipose tissue: 165.0;breast: 83.5;liver: 82.5"	"Cell type enhanced"	"Detected in many"		"Cytotrophoblasts: 111.2;Extravillous trophoblasts: 43.8;Prostatic glandular cells: 40.0;Syncytiotrophoblasts: 73.3"	"Not detected"	"Not detected"			"Cancer enhanced"	"Detected in all"		"Prostate Adenocarcinoma (TCGA): 100.9"	"Low region specificity"	"Detected in all"			"Group enriched"	"Detected in many"	11	"basophil: 31.2;classical monocyte: 36.5;eosinophil: 13.7;neutrophil: 46.9"	"Group enriched"	"Detected in many"	32	"granulocytes: 46.9;monocytes: 36.5"	"Cancer enhanced"	"Detected in many"		"prostate cancer: 72.4"	"Adipose subcutaneous - Adipocytes (Subcutaneous), Adipose visceral - Adipocytes (Visceral), Breast - Adipocytes (Breast), Liver - Hepatocytes, Prostate - Prostate glandular cells, Skin - Adipocytes (Skin), Spleen - Neutrophils, Thyroid gland - Thyroid glandular cells"	"Low region specificity"	"Detected in some"			"Low region specificity"	"Detected in all"			HPA028702	Approved		Supported	Mitochondria			NA	NA			"Cluster 21: Neutrophils - Unknown function"	"Cluster 11: Liver - Plasma proteins"	"Cluster 56: Hypothalamus - Neuropeptide signaling"	"Cluster 60: Prostate cancer - Unknown function"	"Cluster 24: Cytotrophoblasts - Mitochondria"	2	Mitochondria		"HPA028702: AB_10601135"	"unprognostic (2.17e-1)"	"unprognostic (9.00e-2)"		"unprognostic (6.48e-2)"	"unprognostic (2.55e-1)"	"unprognostic (8.09e-3)"	"unprognostic (3.51e-2)"	"unprognostic (7.23e-2)"	"unprognostic (1.74e-1)"	"unprognostic (2.15e-1)"	"unprognostic (5.30e-3)"	"unprognostic (2.01e-2)"	"unprognostic (2.07e-2)"	"unprognostic (8.03e-3)"		"unprognostic (2.57e-1)"	"unprognostic (6.45e-2)"	"unprognostic (2.17e-1)"	"unprognostic (3.48e-2)"	"unprognostic (8.49e-3)"	"unprognostic (2.06e-1)"	"unprognostic (2.05e-1)"	"unprognostic (4.28e-2)"	"unprognostic (3.89e-1)"	"unprognostic (6.79e-2)"	"potential prognostic unfavorable (9.82e-4)"	"unprognostic (1.21e-1)"	"unprognostic (4.11e-1)"	"unprognostic (3.37e-2)"	"unprognostic (2.21e-1)"	"unprognostic (3.55e-1)"
NCF1	"NCF1A, NOXO2, p47phox, SH3PXD1A"	ENSG00000158517	"Neutrophil cytosolic factor 1"	P14598	7	74774011-74789315	"Disease related genes, Human disease related genes, Predicted intracellular proteins"			"Chronic granulomatous disease, Disease variant"	"Evidence at protein level"	"Evidence at protein level"	"Evidence at protein level"	"Evidence at protein level"	"Tissue enhanced"	"Detected in many"		"bone marrow: 88.3;lymphoid tissue: 95.1"	"Cell type enhanced"	"Detected in some"		"B-cells: 60.2;dendritic cells: 17.5;Macrophages: 29.5;Plasma cells: 76.0;T-cells: 13.4"	"Group enriched"	"Detected in some"	25	"central nervous system macrophage: 26.3;leukocyte: 17.8"	"Low cancer specificity"	"Detected in all"			"Low region specificity"	"Detected in all"			"Group enriched"	"Detected in all"	5	"basophil: 1230.4;classical monocyte: 721.2;eosinophil: 1565.9;neutrophil: 2260.8"	"Group enriched"	"Detected in all"	5	"granulocytes: 2260.8;monocytes: 721.2"	"Group enriched"	"Detected in some"	4	"Leukemia: 38.4;lymphoma: 101.8"	"Adrenal gland - Macrophages, Kidney - T-cells"	"Low region specificity"	"Detected in all"			"Low region specificity"	"Detected in all"			"CAB004524, HPA047836, HPA052095"	Enhanced						NA	NA			"Cluster 20: Non-specific - DNA binding"	"Cluster 81: Lymphoid tissue & Bone marrow - Innate immune response"	"Cluster 25: Non-specific - Transcription"	"Cluster 55: Lymphoma - Immune response"	"Cluster 73: B-cells - B-cell function"	37			"CAB004524: AB_627987, HPA047836: AB_2680173, HPA052095: AB_2681721"	"unprognostic (1.21e-2)"	"unprognostic (8.37e-2)"	"unprognostic (5.31e-2)"	"unprognostic (1.01e-2)"	"unprognostic (8.05e-2)"	"unprognostic (2.49e-1)"	"unprognostic (2.67e-2)"	"unprognostic (1.02e-1)"	"unprognostic (8.07e-3)"	"unprognostic (3.24e-1)"	"unprognostic (1.07e-1)"	"unprognostic (3.96e-1)"	"unprognostic (2.34e-2)"	"unprognostic (2.73e-2)"	"unprognostic (1.16e-1)"	"unprognostic (5.14e-2)"	"unprognostic (2.50e-1)"	"unprognostic (1.97e-1)"	"unprognostic (6.82e-2)"	"unprognostic (8.42e-2)"	"unprognostic (3.87e-2)"	"unprognostic (1.98e-2)"	"unprognostic (8.63e-3)"	"unprognostic (1.72e-1)"	"unprognostic (4.03e-2)"	"unprognostic (9.70e-2)"	"unprognostic (3.50e-3)"	"unprognostic (3.01e-1)"	"unprognostic (5.67e-2)"	"unprognostic (3.16e-2)"	"unprognostic (6.90e-2)"
NCF4	"p40phox, SH3PXD4"	ENSG00000100365	"Neutrophil cytosolic factor 4"	Q15080	22	36860988-36878017	"Disease related genes, Human disease related genes, Plasma proteins, Predicted intracellular proteins"			"Chronic granulomatous disease, Disease variant"	"Evidence at protein level"	"Evidence at protein level"	"Evidence at protein level"	"Evidence at protein level"	"Tissue enhanced"	"Detected in many"		"bone marrow: 178.2;lymphoid tissue: 158.5"	"Cell type enhanced"	"Detected in many"		"B-cells: 71.8;granulocytes: 75.1;Hofbauer cells: 202.1;Kupffer cells: 69.2;Langerhans cells: 55.5;Macrophages: 101.4;Plasma cells: 71.9"	"Group enriched"	"Detected in some"	17	"central nervous system macrophage: 34.0;leukocyte: 8.7"	"Low cancer specificity"	"Detected in all"			"Low region specificity"	"Detected in all"			"Group enriched"	"Detected in all"	5	"basophil: 658.7;eosinophil: 751.6;neutrophil: 1240.1"	"Lineage enriched"	"Detected in all"	7	"granulocytes: 1240.1"	"Group enriched"	"Detected in some"	7	"Leukemia: 121.1;lymphoma: 53.0"	"Breast - Macrophages, Lung - Neutrophil_2, Skeletal muscle - Macrophages, Spleen - Neutrophils, Stomach - Macrophages, Testis - Macrophages"	"Low region specificity"	"Detected in many"			"Low region specificity"	"Detected in all"			"CAB010146, HPA036156, HPA057975"	Enhanced		Enhanced	Cytosol			NA	NA		9000	"Cluster 21: Neutrophils - Unknown function"	"Cluster 81: Lymphoid tissue & Bone marrow - Innate immune response"	"Cluster 12: Non-specific - Vasculature"	"Cluster 49: HMC-1 - Innate immune response"	"Cluster 74: Neutrophils - Degranulation"	8	Cytosol		"CAB010146: AB_627989, HPA036156: AB_2674974, HPA057975: AB_2683568"	"unprognostic (3.90e-2)"	"unprognostic (2.76e-2)"	"unprognostic (7.36e-3)"	"unprognostic (1.26e-1)"	"unprognostic (5.89e-2)"	"unprognostic (1.31e-1)"	"unprognostic (6.21e-2)"	"unprognostic (1.28e-1)"	"unprognostic (9.13e-3)"	"unprognostic (2.08e-1)"	"potential prognostic unfavorable (4.90e-5)"	"unprognostic (3.96e-2)"	"unprognostic (6.56e-2)"	"unprognostic (2.28e-2)"	"unprognostic (4.98e-2)"	"unprognostic (1.02e-2)"	"unprognostic (7.86e-2)"	"unprognostic (1.28e-1)"	"unprognostic (2.20e-1)"	"unprognostic (1.74e-1)"	"unprognostic (8.54e-2)"	"unprognostic (1.12e-2)"	"unprognostic (8.52e-2)"	"unprognostic (9.00e-2)"	"unprognostic (1.26e-1)"	"unprognostic (5.04e-2)"	"unprognostic (3.50e-3)"	"unprognostic (3.66e-1)"	"unprognostic (2.07e-3)"	"unprognostic (1.50e-1)"	"unprognostic (4.17e-1)"
NDST1	"HSST, NST1"	ENSG00000070614	"N-deacetylase and N-sulfotransferase 1"	P52848	5	150485818-150558211	"Disease related genes, Enzymes, Human disease related genes, Metabolic proteins, Potential drug targets, Predicted intracellular proteins, Predicted membrane proteins"	"Inflammatory response"	"Hydrolase, Multifunctional enzyme, Transferase"	"Disease variant, Intellectual disability"	"Evidence at protein level"	"Evidence at transcript level"	"Evidence at protein level"	"Evidence at protein level"	"Low tissue specificity"	"Detected in all"			"Cell type enhanced"	"Detected in many"		"Alveolar cells type 1: 58.1"	"Low cell type specificity"	"Detected in all"			"Low cancer specificity"	"Detected in all"			"Low region specificity"	"Detected in all"			"Group enriched"	"Detected in many"	8	"basophil: 1.4;classical monocyte: 5.5;eosinophil: 3.6;intermediate monocyte: 1.7;myeloid DC: 4.2;neutrophil: 5.4;non-classical monocyte: 4.7"	"Group enriched"	"Detected in many"	10	"dendritic cells: 4.2;granulocytes: 5.4;monocytes: 5.5"	"Low cancer specificity"	"Detected in all"			"Adrenal gland - Adrenal cortex cells, Spleen - Endothelial cells"	"Low region specificity"	"Detected in all"			"Low region specificity"	"Detected in all"			HPA060532	Approved						NA	NA		1000000	"Cluster 38: Monocytes & Neutrophils - Degranulation"	"Cluster 43: Non-specific - Mitochondrial translation"	"Cluster 27: Non-specific - Mixed function"	"Cluster 15: Kidney cancer - Membrane components"	"Cluster 17: Breast glandular cells - Lactation"	1			"HPA060532: AB_2684310"	"unprognostic (2.62e-1)"	"unprognostic (1.69e-1)"	"unprognostic (2.95e-1)"	"unprognostic (4.10e-3)"	"unprognostic (3.91e-1)"	"unprognostic (7.47e-2)"	"unprognostic (2.49e-1)"	"unprognostic (1.71e-1)"	"unprognostic (9.16e-2)"	"unprognostic (5.41e-3)"	"potential prognostic favorable (1.85e-5)"	"unprognostic (8.10e-3)"	"unprognostic (4.04e-2)"	"unprognostic (1.73e-1)"	"unprognostic (7.12e-2)"	"unprognostic (2.05e-1)"	"unprognostic (1.21e-1)"	"unprognostic (7.03e-3)"	"unprognostic (2.36e-1)"	"unprognostic (6.53e-3)"	"unprognostic (1.66e-3)"	"unprognostic (2.19e-3)"	"unprognostic (6.40e-3)"	"unprognostic (7.80e-2)"	"unprognostic (1.67e-1)"	"unprognostic (1.79e-1)"	"unprognostic (9.74e-2)"	"unprognostic (9.51e-2)"	"unprognostic (2.43e-1)"	"unprognostic (3.08e-2)"	"unprognostic (1.28e-1)"
NFIL3	"E4BP4, IL3BP1, NF-IL3A, NFIL3A"	ENSG00000165030	"Nuclear factor, interleukin 3 regulated"	Q16649	9	91409045-91423832	"Predicted intracellular proteins, Transcription factors"	"Biological rhythms, Transcription, Transcription regulation"	"Activator, DNA-binding, Repressor"		"Evidence at protein level"	"Evidence at transcript level"	"Evidence at protein level"	"Evidence at protein level"	"Low tissue specificity"	"Detected in all"			"Cell type enhanced"	"Detected in many"		"Glandular and luminal cells: 145.2;monocytes: 244.8"	"Cell type enhanced"	"Detected in many"		"vascular associated smooth muscle cell: 68.6"	"Low cancer specificity"	"Detected in all"			"Low region specificity"	"Detected in all"			"Group enriched"	"Detected in many"	4	"basophil: 58.0;neutrophil: 27.0"	"Lineage enriched"	"Detected in many"	35	"granulocytes: 58.0"	"Low cancer specificity"	"Detected in all"			"Colon - Neutrophils"	"Low region specificity"	"Detected in all"			"Low region specificity"	"Detected in all"			HPA003261	Approved		Approved	"Nuclear bodies"			NA	NA			"Cluster 41: Basophils - Unknown function"	"Cluster 56: Non-specific - Unknown function"	"Cluster 25: Non-specific - Transcription"	"Cluster 71: Lymphoma - Inflammatory response"	"Cluster 29: Monocytes - Innate immune response"	13	"Nuclear bodies"		"HPA003261: AB_1079477"	"unprognostic (3.08e-1)"	"unprognostic (8.46e-2)"	"unprognostic (5.35e-2)"	"unprognostic (9.84e-2)"	"unprognostic (2.87e-1)"	"unprognostic (4.68e-2)"	"unprognostic (1.68e-1)"	"unprognostic (1.53e-1)"	"unprognostic (1.18e-2)"	"unprognostic (1.70e-1)"	"unprognostic (1.73e-2)"	"unprognostic (1.68e-1)"	"unprognostic (4.16e-2)"	"unprognostic (1.07e-1)"	"unprognostic (1.75e-2)"	"unprognostic (2.47e-2)"	"unprognostic (2.11e-2)"	"unprognostic (1.88e-1)"	"unprognostic (2.88e-1)"	"unprognostic (2.17e-3)"	"unprognostic (2.54e-1)"	"unprognostic (1.28e-1)"	"unprognostic (2.23e-3)"	"unprognostic (2.11e-1)"	"unprognostic (7.04e-2)"	"unprognostic (2.08e-3)"	"unprognostic (9.95e-2)"	"unprognostic (1.27e-2)"	"unprognostic (1.63e-1)"	"unprognostic (8.95e-3)"	"unprognostic (2.29e-1)"
NLRC4	"CARD12, CLAN, CLAN1, CLANA, CLANB, CLANC, CLAND, CLR2.1, ipaf"	ENSG00000091106	"NLR family CARD domain containing 4"	Q9NPP4	2	32224453-32265732	"Disease related genes, Human disease related genes, Plasma proteins, Predicted intracellular proteins"	"Apoptosis, Immunity, Inflammatory response, Innate immunity"		"Disease variant"	"Evidence at protein level"	"Evidence at protein level"	"Evidence at protein level"	"Evidence at protein level"	"Tissue enhanced"	"Detected in many"		"bone marrow: 8.9;lymphoid tissue: 11.1"	"Cell type enhanced"	"Detected in some"		"Hofbauer cells: 13.1;Kupffer cells: 19.1;Macrophages: 12.9;Microglial cells: 9.8;monocytes: 41.0"	"Cell type enhanced"	"Detected in many"		"central nervous system macrophage: 36.6"	"Low cancer specificity"	"Detected in many"			"Low region specificity"	"Detected in all"			"Group enriched"	"Detected in many"	7	"classical monocyte: 49.6;intermediate monocyte: 57.2;myeloid DC: 32.5;neutrophil: 24.7;non-classical monocyte: 46.7"	"Group enriched"	"Detected in many"	28	"dendritic cells: 32.5;granulocytes: 24.7;monocytes: 57.2"	"Low cancer specificity"	"Detected in some"			"Adipose subcutaneous - Macrophages, Adipose visceral - Macrophages, Adrenal gland - Macrophages, Breast - Macrophages, Prostate - Macrophages, Spleen - Neutrophils, Stomach - Macrophages, Thyroid gland - Macrophages"	"Not detected"	"Not detected"							"HPA006592, HPA075894"	Uncertain		Supported	"Vesicles,Plasma membrane,Cytosol"			NA	NA			"Cluster 37: Monocytes & Neutrophils - Innate immune response"	"Cluster 81: Lymphoid tissue & Bone marrow - Innate immune response"	"Cluster 6: Non-specific - Immune response"	"Cluster 14: Myeloid leukemia - Innate immune response"	"Cluster 58: Macrophages - Innate immune response"	7	Cytosol	"Vesicles, Plasma membrane"	"HPA006592: AB_2667620, HPA075894: "	"unprognostic (2.48e-1)"	"unprognostic (7.11e-2)"	"unprognostic (1.59e-1)"	"unprognostic (8.65e-3)"		"unprognostic (3.08e-1)"	"unprognostic (4.52e-2)"	"unprognostic (7.36e-2)"			"unprognostic (3.42e-2)"	"unprognostic (4.59e-1)"	"unprognostic (1.90e-1)"		"unprognostic (3.27e-1)"	"unprognostic (3.63e-3)"	"unprognostic (2.93e-2)"	"unprognostic (6.75e-2)"	"unprognostic (2.36e-1)"			"unprognostic (5.37e-2)"	"unprognostic (1.06e-1)"			"unprognostic (1.95e-1)"			"unprognostic (2.66e-2)"		
NOD2	"BLAU, CARD15, CD, CLR16.3, IBD1, NLRC2, PSORAS1"	ENSG00000167207	"Nucleotide binding oligomerization domain containing 2"	Q9HC29	16	50693588-50733077	"Disease related genes, FDA approved drug targets, Human disease related genes, Predicted intracellular proteins"	"Adaptive immunity, Autophagy, Immunity, Innate immunity"		"Disease variant, FDA approved drug targets"	"Evidence at protein level"	"Evidence at protein level"	"Evidence at protein level"	"Evidence at protein level"	"Tissue enhanced"	"Detected in many"		"bone marrow: 10.5;esophagus: 11.4;skin 1: 14.0;vagina: 11.9"	"Cell type enhanced"	"Detected in some"		"Hofbauer cells: 9.7;Kupffer cells: 10.8;Langerhans cells: 30.2;Macrophages: 15.0;monocytes: 26.2;Suprabasal keratinocytes: 15.0"	"Cell type enriched"	"Detected in some"	4	"leukocyte: 15.2"	"Low cancer specificity"	"Detected in many"			"Low region specificity"	"Detected in many"			"Group enriched"	"Detected in many"	4	"classical monocyte: 21.7;eosinophil: 5.6;intermediate monocyte: 12.2;myeloid DC: 20.4;neutrophil: 10.0;non-classical monocyte: 8.4"	"Group enriched"	"Detected in many"	9	"dendritic cells: 20.4;granulocytes: 10.0;monocytes: 21.7"	"Cancer enhanced"	"Detected in some"		"lymphoma: 5.7"	"Adipose visceral - Macrophages, Lung - NK-cells (Lung), Skin - Keratinocyte (other)"	"Not detected"	"Not detected"			"Low region specificity"	"Detected in many"			"HPA041985, HPA054494"	Enhanced		Supported	"Golgi apparatus,Cytosol"			No	NA			"Cluster 26: Monocytes - Plasma membrane proteins"	"Cluster 27: Squamous epithelium - Keratinization"	"Cluster 44: Non-specific - Mixed function"	"Cluster 71: Lymphoma - Inflammatory response"	"Cluster 29: Monocytes - Innate immune response"	45	"Golgi apparatus, Cytosol"		"HPA041985: AB_2677780, HPA054494: AB_2682505"	"unprognostic (5.48e-3)"	"unprognostic (1.53e-1)"	"unprognostic (2.59e-1)"	"unprognostic (2.55e-1)"	"unprognostic (1.79e-1)"	"unprognostic (2.87e-1)"	"unprognostic (3.42e-3)"	"unprognostic (3.49e-1)"	"unprognostic (6.89e-2)"		"potential prognostic unfavorable (7.23e-4)"	"unprognostic (1.09e-3)"			"unprognostic (7.31e-3)"	"unprognostic (8.10e-2)"	"unprognostic (1.44e-2)"	"unprognostic (1.86e-2)"	"unprognostic (5.50e-2)"	"unprognostic (1.66e-1)"	"unprognostic (4.01e-2)"	"unprognostic (7.01e-3)"	"unprognostic (3.35e-3)"		"unprognostic (5.06e-2)"	"unprognostic (4.19e-2)"	"unprognostic (1.53e-1)"	"unprognostic (2.81e-3)"	"unprognostic (1.09e-3)"		"unprognostic (2.55e-1)"
NOTCH2NLA	"N2N, NOTCH2NL"	ENSG00000264343	"Notch 2 N-terminal like A"	Q7Z3S9	1	146146203-146229041	"Disease related genes, Predicted intracellular proteins, Predicted secreted proteins"	"Differentiation, Notch signaling pathway"	"Developmental protein"		"Evidence at protein level"	"Evidence at transcript level"	"Evidence at protein level"	"Evidence at protein level"	"Low tissue specificity"	"Detected in all"			"Cell type enhanced"	"Detected in many"		"Basal squamous epithelial cells: 33.9;monocytes: 28.4;Paneth cells: 23.4;Squamous epithelial cells: 47.5"	"Not detected"	"Not detected"			"Low cancer specificity"	"Detected in all"			"Low region specificity"	"Detected in all"			"Group enriched"	"Detected in all"	4	"basophil: 40.4;classical monocyte: 46.9;eosinophil: 90.4;intermediate monocyte: 40.9;memory B-cell: 76.3;myeloid DC: 61.1;naive B-cell: 44.2;neutrophil: 42.9;non-classical monocyte: 42.1;plasmacytoid DC: 49.0"	"Low lineage specificity"	"Detected in all"			"Low cancer specificity"	"Detected in all"												CAB004669	Uncertain				"Secreted to blood"	"Developmental protein"	NA	NA			"Cluster 29: Non-specific - Unknown function"	"Cluster 21: Testis - Unknown function"	"Cluster 12: Non-specific - Vasculature"	"Cluster 45: Non-specific - Nuclear processes"	"Cluster 49: Non-specific - Transcription"	203			"CAB004669: AB_426149"	"unprognostic (9.89e-3)"	"unprognostic (2.16e-1)"		"unprognostic (1.12e-2)"	"unprognostic (3.75e-1)"	"unprognostic (1.06e-2)"	"unprognostic (2.43e-1)"		"unprognostic (2.62e-1)"	"unprognostic (3.25e-2)"	"unprognostic (6.27e-3)"	"unprognostic (1.65e-1)"	"unprognostic (2.52e-1)"	"unprognostic (6.93e-2)"		"unprognostic (1.33e-1)"	"unprognostic (2.14e-2)"	"unprognostic (1.98e-1)"	"unprognostic (2.82e-1)"	"unprognostic (2.19e-3)"		"unprognostic (7.16e-3)"		"unprognostic (7.29e-2)"	"unprognostic (5.80e-1)"	"unprognostic (1.08e-1)"	"unprognostic (1.42e-1)"	"unprognostic (5.14e-2)"	"unprognostic (2.58e-1)"	"unprognostic (1.21e-1)"	"unprognostic (9.91e-2)"
NPEPL1	"bA261P9.2, FLJ11583"	ENSG00000215440	"Aminopeptidase like 1"	Q8NDH3	20	58689131-58719238	"Enzymes, Predicted intracellular proteins"		"Aminopeptidase, Hydrolase, Protease"		"Evidence at protein level"	"Evidence at transcript level"	"Evidence at protein level"	"Evidence at protein level"	"Low tissue specificity"	"Detected in all"			"Low cell type specificity"	"Detected in many"			"Low cell type specificity"	"Detected in all"			"Low cancer specificity"	"Detected in all"			"Low region specificity"	"Detected in all"			"Group enriched"	"Detected in many"	4	"basophil: 23.9;classical monocyte: 18.5;eosinophil: 7.2;intermediate monocyte: 13.0;myeloid DC: 11.4;neutrophil: 13.7;non-classical monocyte: 18.9"	"Group enriched"	"Detected in all"	5	"dendritic cells: 11.4;granulocytes: 23.9;monocytes: 18.9"	"Low cancer specificity"	"Detected in all"				"Low region specificity"	"Detected in all"			"Low region specificity"	"Detected in all"			"CAB004986, CAB017025, HPA036356"	Approved		Approved	Nucleoplasm,Cytosol			NA	NA		12000	"Cluster 38: Monocytes & Neutrophils - Degranulation"	"Cluster 79: Non-specific - Transcription"	"Cluster 54: Immune cells - T cell receptor"	"Cluster 15: Kidney cancer - Membrane components"	"Cluster 12: Squamous epithelial cells - Keratinization"		Nucleoplasm	Cytosol	"CAB004986: AB_426073, CAB017025: , HPA036356: AB_2675082"	"unprognostic (4.64e-2)"	"unprognostic (1.30e-1)"	"unprognostic (1.88e-1)"	"unprognostic (1.70e-1)"	"unprognostic (1.20e-1)"	"unprognostic (1.46e-1)"	"unprognostic (8.14e-3)"	"unprognostic (1.93e-1)"	"unprognostic (4.90e-2)"	"unprognostic (4.83e-1)"	"potential prognostic unfavorable (8.45e-8)"	"unprognostic (4.85e-3)"	"potential prognostic favorable (2.11e-4)"	"unprognostic (8.93e-3)"	"unprognostic (3.66e-1)"	"unprognostic (8.28e-3)"	"unprognostic (4.06e-1)"	"unprognostic (2.05e-1)"	"unprognostic (1.65e-1)"	"unprognostic (2.54e-2)"	"unprognostic (1.78e-2)"	"unprognostic (4.19e-2)"	"unprognostic (3.50e-3)"	"unprognostic (4.77e-2)"	"unprognostic (1.20e-2)"	"potential prognostic favorable (3.80e-5)"	"unprognostic (1.42e-2)"	"unprognostic (4.73e-2)"	"unprognostic (2.65e-1)"	"unprognostic (1.13e-1)"	"unprognostic (5.35e-1)"
NRN1	NRN	ENSG00000124785	"Neuritin 1"	Q9NPD7	6	5997999-6007605	"Predicted membrane proteins"				"Evidence at protein level"	"Evidence at transcript level"	"Evidence at transcript level"	"Evidence at protein level"	"Tissue enhanced"	"Detected in many"		"brain: 185.8"	"Cell type enhanced"	"Detected in many"		"Adipocytes: 270.1;Endothelial cells: 121.8;Excitatory neurons: 69.6;Extravillous trophoblasts: 78.0;Lymphatic endothelial cells: 98.6;Schwann cells: 140.0"	"Cell type enhanced"	"Detected in all"		"hippocampal dentate gyrus: 214.0"	"Cancer enhanced"	"Detected in all"		"Glioblastoma Multiforme (TCGA): 95.3"	"Low region specificity"	"Detected in all"			"Group enriched"	"Detected in some"	7	"MAIT T-cell: 2.6;neutrophil: 2.3"	"Group enriched"	"Detected in many"	7	"granulocytes: 2.3;T-cells: 2.6"	"Cancer enhanced"	"Detected in many"		"Bone cancer: 90.3"	"Adipose visceral - Endothelial cells, Adrenal gland - Endothelial cells, Breast - Endothelial cells, Kidney - Endothelial cells, Liver - Vascular Endothelial cells, Pancreas - Endothelial cells, Prostate - Endothelial cells, Spleen - Endothelial cells, Testis - Endothelial cells"	"Low region specificity"	"Detected in all"			"Low region specificity"	"Detected in all"										NA	NA		10000	"Cluster 24: Non-specific - Transcription"	"Cluster 22: Brain - Synaptic signal transduction"	"Cluster 51: Neurons - Mixed function"	"Cluster 12: Bone cancer - Neuronal signaling"	"Cluster 41: Adipocytes & Endothelial cells - Mixed function"					"unprognostic (3.93e-3)"	"unprognostic (1.90e-2)"	"unprognostic (2.78e-1)"	"unprognostic (2.91e-3)"	"unprognostic (1.27e-1)"	"unprognostic (6.76e-3)"	"unprognostic (2.44e-2)"	"unprognostic (4.44e-2)"	"unprognostic (7.41e-2)"	"unprognostic (6.82e-2)"	"unprognostic (9.01e-3)"	"unprognostic (7.89e-2)"	"potential prognostic unfavorable (2.28e-4)"	"unprognostic (2.28e-2)"	"potential prognostic favorable (8.74e-5)"	"unprognostic (3.04e-3)"	"unprognostic (4.02e-2)"	"unprognostic (1.23e-2)"	"unprognostic (3.71e-2)"	"unprognostic (2.79e-1)"	"unprognostic (1.72e-1)"	"unprognostic (1.06e-2)"	"unprognostic (1.05e-1)"	"unprognostic (3.94e-1)"	"unprognostic (1.03e-2)"	"unprognostic (7.05e-3)"	"unprognostic (4.77e-2)"	"unprognostic (2.39e-1)"	"unprognostic (2.47e-1)"	"unprognostic (2.99e-1)"	"unprognostic (1.04e-1)"
NUDT16	FLJ31265	ENSG00000198585	"Nudix hydrolase 16"	Q96DE0	3	131381671-131388830	"Enzymes, Predicted intracellular proteins"	"Nucleotide metabolism"	"Hydrolase, RNA-binding"		"Evidence at protein level"	"Evidence at protein level"	"Evidence at protein level"	"Evidence at protein level"	"Low tissue specificity"	"Detected in all"			"Cell type enhanced"	"Detected in all"		"Kupffer cells: 178.1;monocytes: 185.8;Proximal enterocytes: 315.1"	"Low cell type specificity"	"Detected in all"			"Low cancer specificity"	"Detected in all"			"Low region specificity"	"Detected in all"			"Group enriched"	"Detected in all"	4	"classical monocyte: 41.7;eosinophil: 47.1;intermediate monocyte: 54.6;myeloid DC: 32.5;neutrophil: 34.1;non-classical monocyte: 63.7"	"Group enriched"	"Detected in all"	4	"dendritic cells: 32.5;granulocytes: 47.1;monocytes: 63.7"	"Low cancer specificity"	"Detected in all"				"Not detected"	"Not detected"			"Low region specificity"	"Detected in all"			"HPA060452, HPA062492"	Uncertain		Supported	Nucleoplasm,Nucleoli			NA	NA		21000	"Cluster 25: Non-specific - Unknown function"	"Cluster 9: Oligodendrocytes - Myelination"	"Cluster 19: Astrocytes - Mixed function"	"Cluster 63: Non-specific - Protein processing"	"Cluster 22: Proximal enterocytes - Digestion"	4	"Nucleoplasm, Nucleoli"		"HPA060452: AB_2684279, HPA062492: AB_2684781"	"unprognostic (3.27e-1)"	"unprognostic (5.50e-2)"	"unprognostic (1.95e-2)"	"unprognostic (4.40e-2)"	"unprognostic (2.55e-1)"	"unprognostic (3.94e-1)"	"unprognostic (6.37e-2)"	"potential prognostic unfavorable (4.35e-5)"	"unprognostic (1.16e-1)"	"unprognostic (7.11e-3)"	"potential prognostic favorable (1.72e-4)"	"unprognostic (2.44e-2)"	"potential prognostic favorable (1.44e-4)"	"potential prognostic unfavorable (5.21e-4)"	"unprognostic (1.95e-3)"	"unprognostic (3.88e-2)"	"unprognostic (1.43e-1)"	"unprognostic (2.77e-1)"	"unprognostic (1.43e-2)"	"unprognostic (2.22e-1)"	"unprognostic (6.38e-3)"	"unprognostic (1.99e-1)"	"unprognostic (6.83e-2)"	"unprognostic (2.32e-1)"	"potential prognostic favorable (2.98e-4)"	"unprognostic (1.03e-2)"	"unprognostic (3.83e-2)"	"unprognostic (7.38e-2)"	"unprognostic (3.82e-1)"	"unprognostic (5.52e-3)"	"unprognostic (2.16e-1)"
NUP214	"CAIN, CAN, D9S46E, N214"	ENSG00000126883	"Nucleoporin 214"	P35658	9	131125573-131234663	"Cancer-related genes, Disease related genes, Human disease related genes, Metabolic proteins, Plasma proteins, Potential drug targets, Predicted intracellular proteins, Transporters"	"Host-virus interaction, mRNA transport, Protein transport, Translocation, Transport"		"Cancer-related genes, Disease variant, Proto-oncogene"	"Evidence at protein level"	"Evidence at transcript level"	"Evidence at protein level"	"Evidence at protein level"	"Tissue enhanced"	"Detected in all"		"testis: 117.4"	"Cell type enhanced"	"Detected in many"		"Early spermatids: 260.4;Hofbauer cells: 172.8;Kupffer cells: 227.8;Late spermatids: 395.0"	"Low cell type specificity"	"Detected in all"			"Low cancer specificity"	"Detected in all"			"Low region specificity"	"Detected in all"			"Group enriched"	"Detected in all"	5	"classical monocyte: 419.3;neutrophil: 1254.6"	"Group enriched"	"Detected in all"	5	"granulocytes: 1254.6;monocytes: 419.3"	"Low cancer specificity"	"Detected in all"			"Testis - Early spermatids, Testis - Late spermatids"	"Low region specificity"	"Detected in all"			"Low region specificity"	"Detected in all"										NA	NA		21000	"Cluster 38: Monocytes & Neutrophils - Degranulation"	"Cluster 78: Testis - Transcription"	"Cluster 6: Non-specific - Immune response"	"Cluster 43: Non-specific - Basic cellular processes"	"Cluster 29: Monocytes - Innate immune response"	54				"unprognostic (2.05e-1)"	"unprognostic (1.81e-1)"	"unprognostic (4.13e-2)"	"unprognostic (6.48e-3)"	"unprognostic (4.14e-3)"	"unprognostic (4.52e-2)"	"unprognostic (9.92e-2)"	"unprognostic (1.96e-1)"	"unprognostic (2.40e-1)"	"unprognostic (4.59e-2)"	"unprognostic (3.25e-3)"	"unprognostic (4.35e-2)"	"unprognostic (1.64e-2)"	"unprognostic (1.51e-3)"	"unprognostic (1.68e-1)"	"unprognostic (1.18e-1)"	"unprognostic (3.16e-2)"	"unprognostic (2.04e-1)"	"unprognostic (9.97e-2)"	"unprognostic (1.82e-1)"	"unprognostic (3.88e-2)"	"unprognostic (7.54e-3)"	"unprognostic (8.68e-3)"	"unprognostic (7.67e-2)"	"unprognostic (1.21e-1)"	"unprognostic (6.15e-2)"	"unprognostic (1.29e-1)"	"unprognostic (1.06e-1)"	"unprognostic (1.96e-2)"	"unprognostic (2.68e-1)"	"unprognostic (1.73e-1)"
ODF3B	FAP123	ENSG00000177989	"Outer dense fiber of sperm tails 3B"	A8MYP8	22	50529710-50532506	"Predicted intracellular proteins"				"Evidence at protein level"	"Evidence at protein level"	"Evidence at protein level"	"Evidence at protein level"	"Tissue enhanced"	"Detected in many"		"choroid plexus: 77.3;fallopian tube: 86.2"	"Group enriched"	"Detected in many"	4	"Ciliated cells: 547.9;Late spermatids: 790.4"	"Cell type enriched"	"Detected in some"	4	"ependymal cell: 197.5"	"Low cancer specificity"	"Detected in all"			"Low region specificity"	"Detected in all"			"Group enriched"	"Detected in many"	6	"classical monocyte: 93.9;intermediate monocyte: 82.0;myeloid DC: 56.8;neutrophil: 66.4;non-classical monocyte: 58.2"	"Group enriched"	"Detected in many"	15	"dendritic cells: 56.8;granulocytes: 66.4;monocytes: 93.9"	"Low cancer specificity"	"Detected in many"			"Lung - Respiratory ciliated cells, Minor Salivary Gland - Minor salivary glandular cells, Testis - Late spermatids"	"Low region specificity"	"Detected in many"			"Low region specificity"	"Detected in all"			HPA062837	Enhanced						NA	NA			"Cluster 7: Non-specific - Innate immune response"	"Cluster 8: Ciliated cells - Cilium organization"	"Cluster 3: Choroid plexus - Cilium"	"Cluster 55: Lymphoma - Immune response"	"Cluster 42: Ciliated cells - Cilium assembly"	8			"HPA062837: AB_2684877"	"unprognostic (1.02e-1)"	"unprognostic (9.49e-3)"	"unprognostic (8.83e-2)"	"unprognostic (9.07e-3)"	"unprognostic (1.94e-2)"	"unprognostic (9.43e-2)"	"unprognostic (6.59e-2)"	"unprognostic (3.04e-2)"	"potential prognostic favorable (3.05e-4)"	"unprognostic (1.59e-1)"	"potential prognostic unfavorable (3.32e-4)"	"unprognostic (1.11e-1)"	"unprognostic (1.57e-1)"	"unprognostic (4.56e-3)"	"unprognostic (2.39e-3)"	"unprognostic (1.62e-1)"	"unprognostic (4.62e-2)"	"unprognostic (4.79e-3)"	"unprognostic (1.53e-1)"	"unprognostic (1.22e-1)"	"unprognostic (2.13e-3)"	"unprognostic (1.79e-1)"	"potential prognostic unfavorable (8.35e-4)"	"unprognostic (1.40e-1)"	"unprognostic (1.53e-1)"	"unprognostic (1.38e-1)"	"unprognostic (7.48e-3)"	"unprognostic (3.14e-1)"	"unprognostic (2.37e-3)"	"unprognostic (6.56e-2)"	"unprognostic (3.99e-2)"
OGFR	7-60	ENSG00000060491	"Opioid growth factor receptor"	Q9NZT2	20	62804835-62814000	"Predicted intracellular proteins"	"Growth regulation"	Receptor		"Evidence at protein level"	"Evidence at protein level"	"Evidence at protein level"	"Evidence at protein level"	"Low tissue specificity"	"Detected in all"			"Low cell type specificity"	"Detected in all"			"Low cell type specificity"	"Detected in all"			"Low cancer specificity"	"Detected in all"			"Low region specificity"	"Detected in all"			"Group enriched"	"Detected in many"	4	"eosinophil: 12.5;neutrophil: 3.1"	"Lineage enriched"	"Detected in many"	8	"granulocytes: 12.5"	"Low cancer specificity"	"Detected in all"			"Adipose visceral - Adipose progenitor cells"	"Low region specificity"	"Detected in all"			"Low region specificity"	"Detected in all"			HPA017899	Supported		Approved	Nucleoplasm			NA	NA		19000	"Cluster 19: Eosinophils - Unknown function"	"Cluster 47: Spleen - Immune response"	"Cluster 53: Neurons - Mixed function"	"Cluster 62: Non-specific - Plasma proteins"	"Cluster 58: Macrophages - Innate immune response"	2	Nucleoplasm		"HPA017899: AB_1854774"	"unprognostic (5.65e-2)"	"unprognostic (1.45e-1)"	"unprognostic (8.57e-2)"	"unprognostic (1.68e-1)"	"unprognostic (1.25e-1)"	"unprognostic (2.29e-1)"	"unprognostic (9.24e-2)"	"unprognostic (3.68e-2)"	"unprognostic (1.30e-1)"	"unprognostic (4.13e-1)"	"unprognostic (1.08e-1)"	"unprognostic (2.09e-1)"	"unprognostic (4.02e-2)"	"unprognostic (4.54e-3)"	"unprognostic (1.33e-1)"	"unprognostic (1.91e-1)"	"unprognostic (2.49e-1)"	"unprognostic (5.03e-2)"	"unprognostic (3.93e-2)"	"unprognostic (1.49e-1)"	"unprognostic (2.99e-3)"	"unprognostic (1.51e-2)"	"unprognostic (5.64e-2)"	"unprognostic (4.83e-2)"	"unprognostic (6.21e-2)"	"potential prognostic favorable (2.98e-4)"	"unprognostic (3.57e-2)"	"unprognostic (1.99e-2)"	"unprognostic (8.37e-2)"	"unprognostic (1.33e-1)"	"unprognostic (1.74e-1)"
ORAI2	"C7orf19, CBCIP2, FLJ12474, FLJ14733, H_NH0514P08.8, TMEM142B"	ENSG00000160991	"ORAI calcium release-activated calcium modulator 2"	Q96SN7	7	102433106-102456825	"Predicted intracellular proteins, Predicted membrane proteins"	"Calcium transport, Ion transport, Transport"	"Calcium channel, Ion channel"		"Evidence at protein level"	"Evidence at protein level"	"Evidence at protein level"	"Evidence at protein level"	"Tissue enhanced"	"Detected in many"		"pituitary gland: 37.9"	"Cell type enhanced"	"Detected in many"		"B-cells: 114.7;Glandular and luminal cells: 68.2;Plasma cells: 76.6"	"Low cell type specificity"	"Detected in all"			"Low cancer specificity"	"Detected in all"			"Low region specificity"	"Detected in all"			"Group enriched"	"Detected in many"	4	"basophil: 7.0;eosinophil: 24.9;memory B-cell: 10.2;naive B-cell: 11.4;neutrophil: 27.7;NK-cell: 8.3"	"Group enriched"	"Detected in all"	5	"B-cells: 11.4;granulocytes: 27.7;NK-cells: 8.3"	"Low cancer specificity"	"Detected in all"			"Heart muscle - Endothelial cells, Spleen - B-cells (Spleen)"	"Low region specificity"	"Detected in all"			"Low region specificity"	"Detected in all"			"HPA065937, HPA074525"	Uncertain		Supported	Nucleoplasm,Mitochondria,Cytosol			NA	NA			"Cluster 21: Neutrophils - Unknown function"	"Cluster 34: Non-specific - Mixed function"	"Cluster 29: Forebrain - Mixed function"	"Cluster 39: Non-specific - Transcription"	"Cluster 73: B-cells - B-cell function"		"Nucleoplasm, Mitochondria"	Cytosol	"HPA065937: AB_2685581, HPA074525: "	"potential prognostic favorable (7.25e-4)"	"unprognostic (9.22e-3)"	"unprognostic (3.16e-3)"	"unprognostic (4.00e-3)"	"unprognostic (8.60e-2)"	"unprognostic (3.02e-1)"	"unprognostic (2.80e-2)"	"unprognostic (7.12e-2)"	"unprognostic (6.09e-2)"	"unprognostic (2.96e-2)"	"unprognostic (5.29e-2)"	"unprognostic (4.04e-2)"	"unprognostic (1.54e-1)"	"unprognostic (3.68e-2)"	"unprognostic (1.76e-2)"	"unprognostic (3.08e-1)"	"unprognostic (4.93e-2)"	"unprognostic (1.41e-2)"	"unprognostic (2.87e-1)"	"unprognostic (2.40e-2)"	"unprognostic (2.04e-3)"	"unprognostic (4.62e-3)"	"unprognostic (3.58e-2)"	"unprognostic (2.42e-1)"	"unprognostic (1.50e-1)"	"unprognostic (2.65e-2)"	"unprognostic (1.81e-1)"	"unprognostic (6.71e-2)"	"unprognostic (1.75e-1)"	"unprognostic (2.69e-2)"	"unprognostic (1.59e-1)"
OSGIN2	"C8orf1, hT41"	ENSG00000164823	"Oxidative stress induced growth inhibitor family member 2"	Q9Y236	8	89901849-89927888	"Predicted intracellular proteins"	Meiosis			"Evidence at protein level"	"Evidence at transcript level"	"Evidence at transcript level"	"Evidence at protein level"	"Low tissue specificity"	"Detected in all"			"Cell type enhanced"	"Detected in many"		"Alveolar cells type 1: 98.1;Early spermatids: 255.0;Late spermatids: 240.0"	"Cell type enhanced"	"Detected in all"		"astrocyte: 101.5"	"Low cancer specificity"	"Detected in all"			"Low region specificity"	"Detected in all"			"Group enriched"	"Detected in all"	4	"basophil: 21.8;eosinophil: 7.0;neutrophil: 12.1"	"Lineage enriched"	"Detected in all"	6	"granulocytes: 21.8"	"Low cancer specificity"	"Detected in all"			"Adrenal gland - Adrenal cortex cells, Testis - Early spermatids"	"Low region specificity"	"Detected in all"			"Low region specificity"	"Detected in all"			"HPA028515, HPA050595"	Approved		Approved	Nucleoli			NA	NA			"Cluster 46: Basophils - Proteolysis"	"Cluster 40: Non-specific - Transcription"	"Cluster 39: Astrocytes - Mixed function"	"Cluster 40: Non-specific - Unknown function"	"Cluster 13: Spermatids - Transcription"		Nucleoli		"HPA028515: AB_10602014, HPA050595: AB_2681186"	"unprognostic (1.53e-2)"	"unprognostic (2.26e-3)"	"unprognostic (1.69e-1)"	"unprognostic (7.19e-2)"	"unprognostic (5.22e-2)"	"unprognostic (3.49e-2)"	"unprognostic (4.12e-2)"	"potential prognostic favorable (4.10e-4)"	"unprognostic (3.62e-2)"	"unprognostic (5.02e-2)"	"potential prognostic favorable (5.60e-5)"	"unprognostic (1.81e-1)"	"unprognostic (1.51e-3)"	"potential prognostic unfavorable (1.80e-5)"	"unprognostic (1.24e-2)"	"potential prognostic unfavorable (4.10e-4)"	"unprognostic (5.39e-2)"	"unprognostic (5.46e-2)"	"unprognostic (2.36e-1)"	"unprognostic (2.05e-3)"	"unprognostic (5.24e-3)"	"potential prognostic unfavorable (3.76e-4)"	"unprognostic (1.74e-2)"	"unprognostic (2.08e-1)"	"unprognostic (2.27e-1)"	"unprognostic (6.14e-2)"	"unprognostic (3.70e-1)"	"unprognostic (1.91e-1)"	"unprognostic (4.15e-1)"	"unprognostic (8.02e-2)"	"unprognostic (1.38e-2)"
PADI2	"KIAA0994, PDI2"	ENSG00000117115	"Peptidyl arginine deiminase 2"	Q9Y2J8	1	17066761-17119451	"Enzymes, Metabolic proteins, Predicted intracellular proteins"		Hydrolase		"Evidence at protein level"	"Evidence at protein level"	"Evidence at protein level"	"Evidence at protein level"	"Tissue enhanced"	"Detected in many"		"brain: 236.0;skeletal muscle: 300.7;tongue: 473.3"	"Cell type enhanced"	"Detected in many"		"Cone photoreceptor cells: 62.9;Distal enterocytes: 198.3;Intestinal goblet cells: 75.0;Oligodendrocytes: 109.0;Paneth cells: 70.8;Schwann cells: 57.9;Skeletal myocytes: 60.5"	"Cell type enhanced"	"Detected in many"		"astrocyte: 118.2;central nervous system macrophage: 286.0;committed oligodendrocyte precursor: 117.5;oligodendrocyte: 223.6"	"Cancer enhanced"	"Detected in many"		"Glioblastoma Multiforme (TCGA): 51.5"	"Low region specificity"	"Detected in all"			"Group enriched"	"Detected in some"	4	"eosinophil: 43.4;neutrophil: 100.9"	"Lineage enriched"	"Detected in many"	6	"granulocytes: 100.9"	"Cancer enhanced"	"Detected in many"		"breast cancer: 46.6"	"Colon - Colon enterocytes, Heart muscle - Neutrophils, Kidney - Ascending Loop of Henle cells, Liver - Neutrophils, Pituitary gland - Undifferentiated cells (Pituitary gland), Skin - Eccrine sweat gland cells, Spleen - Neutrophils, Testis - Late spermatids"	"Low region specificity"	"Detected in all"			"Low region specificity"	"Detected in all"			HPA047735	Enhanced						NA	NA			"Cluster 21: Neutrophils - Unknown function"	"Cluster 54: Non-specific - Basic cellular processes"	"Cluster 30: White matter - Myelination"	"Cluster 27: Breast cancer - Unknown function"	"Cluster 5: Enterocytes - Absorption"	1			"HPA047735: AB_2680139"	"unprognostic (1.04e-1)"	"unprognostic (3.97e-2)"	"unprognostic (1.34e-1)"	"unprognostic (6.95e-2)"	"unprognostic (1.28e-2)"	"unprognostic (8.90e-2)"	"unprognostic (4.91e-2)"	"unprognostic (2.56e-1)"	"unprognostic (6.47e-2)"	"unprognostic (2.89e-1)"	"unprognostic (4.69e-2)"	"unprognostic (1.44e-1)"	"unprognostic (1.07e-2)"		"unprognostic (2.29e-1)"	"unprognostic (5.66e-2)"	"unprognostic (1.18e-1)"	"unprognostic (1.88e-1)"	"unprognostic (2.26e-1)"	"unprognostic (2.67e-3)"	"unprognostic (7.97e-2)"	"unprognostic (8.77e-2)"	"unprognostic (3.87e-1)"	"unprognostic (2.71e-1)"	"unprognostic (2.91e-2)"	"potential prognostic unfavorable (4.46e-4)"	"unprognostic (6.24e-2)"	"unprognostic (4.80e-2)"	"unprognostic (4.52e-2)"	"unprognostic (5.04e-2)"	"unprognostic (2.25e-2)"
PAEP	"GD, GdA, GdF, GdS, MGC138509, MGC142288, PAEG, PEP, PP14"	ENSG00000122133	"Progestagen associated endometrial protein"	P09466	9	135561756-135566955	"Predicted intracellular proteins, Predicted secreted proteins"				"Evidence at protein level"	"Evidence at protein level"	"Evidence at protein level"	"Evidence at protein level"	"Tissue enhanced"	"Detected in some"		"cervix: 91.3;endometrium 1: 247.4"	"Cell type enriched"	"Detected in some"	14	"Glandular and luminal cells: 15450.1"	"Not detected"	"Not detected"			"Cancer enriched"	"Detected in many"	4	"Skin Cuteneous Melanoma (TCGA): 804.5"	"Low region specificity"	"Detected in all"			"Group enriched"	"Detected in some"	5	"basophil: 3.1;neutrophil: 1.4"	"Lineage enriched"	"Detected in single"	6	"granulocytes: 3.1"	"Group enriched"	"Detected in many"	6	"skin cancer: 32.2;thyroid cancer: 74.6"	"Skin - Eccrine sweat gland cells"	"Not detected"	"Not detected"			"Low region specificity"	"Detected in all"			"CAB016762, HPA020108, HPA029473"	Enhanced				"Secreted in female reproductive system"	"No annotated function"	NA	NA		110000	"Cluster 20: Non-specific - DNA binding"	"Cluster 62: Connective tissue - ECM organization"	"Cluster 48: Non-specific - Mixed function"	"Cluster 9: Skin cancer - Melanin biosynthesis"	"Cluster 37: Glandular & Luminal cells - Unknown function"	13			"CAB016762: , HPA020108: AB_1855595, HPA029473: AB_10610147"	"potential prognostic unfavorable (7.56e-5)"	"unprognostic (1.44e-1)"	"unprognostic (2.19e-1)"	"unprognostic (1.92e-1)"	"unprognostic (1.73e-1)"	"unprognostic (1.70e-1)"			"unprognostic (4.17e-2)"	"unprognostic (1.58e-3)"	"validated prognostic unfavorable (5.78e-13)"	"validated prognostic unfavorable (5.12e-7)"	"potential prognostic unfavorable (5.28e-4)"	"potential prognostic unfavorable (1.95e-6)"	"unprognostic (8.04e-2)"	"unprognostic (1.57e-1)"	"unprognostic (9.44e-2)"	"unprognostic (1.65e-3)"	"unprognostic (4.23e-2)"	"unprognostic (6.78e-3)"	"unprognostic (3.09e-2)"	"unprognostic (8.58e-3)"	"potential prognostic unfavorable (8.37e-4)"		"unprognostic (4.48e-1)"	"unprognostic (1.09e-1)"	"unprognostic (3.43e-2)"	"unprognostic (5.79e-3)"	"unprognostic (8.15e-2)"		"unprognostic (3.21e-1)"
PAK1		ENSG00000149269	"P21 (RAC1) activated kinase 1"	Q13153	11	77322017-77474635	"Disease related genes, Enzymes, Human disease related genes, Plasma proteins, Potential drug targets, Predicted intracellular proteins, RAS pathway related proteins"	"Apoptosis, Exocytosis"	"Allosteric enzyme, Kinase, Serine/threonine-protein kinase, Transferase"	"Disease variant, Epilepsy, Intellectual disability"	"Evidence at protein level"	"Evidence at protein level"	"Evidence at protein level"	"Evidence at protein level"	"Tissue enhanced"	"Detected in all"		"brain: 118.3"	"Cell type enhanced"	"Detected in all"		"Excitatory neurons: 212.0;Langerhans cells: 182.5"	"Low cell type specificity"	"Detected in all"			"Low cancer specificity"	"Detected in all"			"Low region specificity"	"Detected in all"			"Group enriched"	"Detected in all"	9	"classical monocyte: 182.4;eosinophil: 293.3;intermediate monocyte: 177.8;myeloid DC: 264.5;neutrophil: 433.6;non-classical monocyte: 203.7"	"Group enriched"	"Detected in all"	11	"dendritic cells: 264.5;granulocytes: 433.6;monocytes: 203.7"	"Low cancer specificity"	"Detected in all"			"Thyroid gland - Thyroid glandular cells"	"Low region specificity"	"Detected in all"			"Low region specificity"	"Detected in all"			"HPA003565, CAB005312"	Enhanced	Supported	Supported	"Plasma membrane,Cytosol"			NA	NA		350000	"Cluster 7: Non-specific - Innate immune response"	"Cluster 22: Brain - Synaptic signal transduction"	"Cluster 14: Neurons - Synaptic function"	"Cluster 55: Lymphoma - Immune response"	"Cluster 34: Neurons - Neuronal signaling"	80	"Plasma membrane, Cytosol"		"CAB005312: AB_2160720, HPA003565: AB_1854935"	"unprognostic (1.37e-1)"	"unprognostic (6.91e-2)"	"potential prognostic favorable (7.03e-4)"	"unprognostic (2.40e-1)"	"unprognostic (3.92e-2)"	"unprognostic (2.59e-1)"	"potential prognostic unfavorable (4.26e-4)"	"unprognostic (1.35e-1)"	"unprognostic (2.81e-1)"	"unprognostic (3.79e-3)"	"potential prognostic favorable (4.36e-6)"	"unprognostic (3.34e-1)"	"unprognostic (2.92e-1)"	"unprognostic (8.46e-3)"	"unprognostic (4.09e-2)"	"unprognostic (4.40e-3)"	"unprognostic (2.34e-3)"	"unprognostic (6.30e-3)"	"unprognostic (4.04e-3)"	"unprognostic (3.25e-2)"	"unprognostic (8.18e-2)"	"unprognostic (5.66e-3)"	"unprognostic (9.10e-2)"	"unprognostic (1.52e-1)"	"unprognostic (2.32e-3)"	"unprognostic (9.11e-2)"	"unprognostic (2.54e-1)"	"unprognostic (3.38e-1)"	"unprognostic (1.81e-1)"	"unprognostic (2.20e-1)"	"unprognostic (2.61e-2)"
PAPLN	MGC50452	ENSG00000100767	"Papilin, proteoglycan like sulfated glycoprotein"	O95428	14	73237497-73274640	"Plasma proteins, Predicted intracellular proteins, Predicted secreted proteins"		"Protease inhibitor, Serine protease inhibitor"		"Evidence at protein level"	"Evidence at transcript level"	"Evidence at transcript level"	"Evidence at protein level"	"Low tissue specificity"	"Detected in many"			"Cell type enhanced"	"Detected in many"		"Astrocytes: 113.6;Endometrial stromal cells: 34.3;Leydig cells: 34.8;Peritubular cells: 44.2"	"Cell type enhanced"	"Detected in many"		"astrocyte: 159.3;bergmann glia: 62.2;fibroblast: 84.5"	"Cancer enhanced"	"Detected in all"		"Kidney Renal Papillary Cell Carcinoma (TCGA): 52.4"	"Low region specificity"	"Detected in all"			"Group enriched"	"Detected in some"	5	"neutrophil: 2.5;plasmacytoid DC: 5.5"	"Group enriched"	"Detected in many"	7	"dendritic cells: 5.5;granulocytes: 2.5"	"Low cancer specificity"	"Detected in all"			"Adrenal gland - Fibroblasts, Breast - Fibroblasts, Liver - Hepatic stellate cells, Skeletal muscle - Fibroblasts"	"Not detected"	"Not detected"			"Low region specificity"	"Detected in all"			HPA048682	Uncertain				"Secreted - unknown location"	"Enzyme inhibitor"	NA	NA		45000000	"Cluster 2: Dendritic cells - Unknown function"	"Cluster 51: Thyroid gland - Unknown function"	"Cluster 40: Astrocytes - Astrocyte-neuron interactions"	"Cluster 15: Kidney cancer - Membrane components"	"Cluster 47: Astrocytes - Unknown function"				"HPA048682: AB_2680492"	"unprognostic (4.26e-2)"	"unprognostic (3.12e-3)"	"unprognostic (1.76e-2)"	"unprognostic (2.85e-1)"	"unprognostic (6.76e-2)"	"unprognostic (5.62e-2)"	"unprognostic (2.13e-1)"	"unprognostic (8.81e-2)"	"unprognostic (2.64e-3)"	"unprognostic (1.51e-1)"	"unprognostic (1.03e-1)"	"unprognostic (1.58e-1)"	"unprognostic (3.10e-3)"	"unprognostic (2.07e-2)"	"unprognostic (4.98e-2)"	"unprognostic (1.11e-3)"	"unprognostic (5.74e-2)"	"unprognostic (8.09e-2)"	"unprognostic (2.06e-1)"	"unprognostic (3.58e-2)"	"unprognostic (6.04e-2)"	"unprognostic (2.46e-1)"	"unprognostic (9.57e-2)"	"unprognostic (1.89e-1)"	"unprognostic (4.38e-1)"	"unprognostic (3.40e-2)"	"unprognostic (3.42e-2)"	"unprognostic (3.45e-2)"	"unprognostic (4.38e-2)"	"unprognostic (2.24e-2)"	"unprognostic (4.97e-2)"
PDLIM7	ENIGMA	ENSG00000196923	"PDZ and LIM domain 7"	Q9NR12	5	177483394-177497606	"Predicted intracellular proteins"	"Differentiation, Osteogenesis"	"Developmental protein"		"Evidence at protein level"	"Evidence at protein level"	"Evidence at protein level"	"Evidence at protein level"	"Tissue enhanced"	"Detected in all"		"intestine: 551.2;skeletal muscle: 638.7"	"Cell type enhanced"	"Detected in many"		"Ductal cells: 130.0;Exocrine glandular cells: 162.3;Pancreatic endocrine cells: 198.7;Peritubular cells: 219.0;Skeletal myocytes: 173.7;Smooth muscle cells: 164.9"	"Cell type enhanced"	"Detected in all"		"vascular associated smooth muscle cell: 131.5"	"Low cancer specificity"	"Detected in all"			"Low region specificity"	"Detected in all"			"Group enriched"	"Detected in all"	5	"basophil: 178.3;eosinophil: 121.5;neutrophil: 440.6"	"Lineage enriched"	"Detected in all"	9	"granulocytes: 440.6"	"Low cancer specificity"	"Detected in all"			"Lung - Smooth muscle cells, Prostate - Smooth muscle cells, Spleen - Fibroblast_1"	"Low region specificity"	"Detected in all"			"Low region specificity"	"Detected in all"			"HPA018794, HPA048815"	Approved		Enhanced	"Actin filaments,Focal adhesion sites"			NA	NA		1500000	"Cluster 21: Neutrophils - Unknown function"	"Cluster 19: Non-specific - Basic cellular processes"	"Cluster 23: Choroid plexus - Mixed function"	"Cluster 15: Kidney cancer - Membrane components"	"Cluster 32: Smooth muscle cells - Muscle contraction"	66	"Actin filaments, Focal adhesion sites"		"HPA018794: AB_1855155, HPA048815: AB_2680530"	"unprognostic (6.82e-2)"	"unprognostic (1.68e-2)"	"unprognostic (1.85e-1)"	"unprognostic (1.54e-2)"	"unprognostic (9.18e-3)"	"unprognostic (2.83e-2)"	"unprognostic (5.30e-2)"	"unprognostic (2.53e-1)"	"unprognostic (1.54e-2)"	"unprognostic (7.50e-3)"	"unprognostic (1.10e-3)"	"unprognostic (8.94e-3)"	"unprognostic (9.63e-3)"	"unprognostic (5.13e-3)"	"unprognostic (2.51e-1)"	"validated prognostic unfavorable (2.42e-4)"	"validated prognostic unfavorable (5.27e-4)"	"unprognostic (2.07e-3)"	"unprognostic (4.89e-2)"	"unprognostic (1.29e-1)"	"unprognostic (4.76e-1)"	"unprognostic (5.03e-2)"	"unprognostic (1.68e-2)"	"unprognostic (8.80e-2)"	"unprognostic (7.65e-2)"	"unprognostic (1.39e-2)"	"unprognostic (3.86e-3)"	"unprognostic (8.39e-3)"	"unprognostic (3.62e-1)"	"unprognostic (3.97e-2)"	"unprognostic (5.39e-2)"
PF4V1	"CXCL4L1, CXCL4V1, SCYB4V1"	ENSG00000109272	"Platelet factor 4 variant 1"	P10720	4	73853296-73854483	"Plasma proteins, Predicted secreted proteins"		"Cytokine, Heparin-binding"		"Evidence at protein level"	"Evidence at protein level"	"Evidence at protein level"	"Evidence at protein level"	"Tissue enhanced"	"Detected in some"		"intestine: 1.6;lymphoid tissue: 2.3"	"Cell type enhanced"	"Detected in some"		"Cholangiocytes: 17.2;Club cells: 10.7;Enteroendocrine cells: 16.0;Hepatocytes: 4.0"	"Cell type enhanced"	"Detected in single"		"fibroblast: 1.8"	"Group enriched"	"Detected in some"	4	"Kidney Renal Clear Cell Carcinoma (TCGA): 4.1;Kidney Renal Papillary Cell Carcinoma (TCGA): 6.1"	"Not detected"	"Not detected"			"Group enriched"	"Detected in some"	42	"basophil: 12.5;neutrophil: 9.2"	"Lineage enriched"	"Detected in single"	48	"granulocytes: 12.5"	"Cancer enhanced"	"Detected in single"		"thyroid cancer: 1.2"										HPA052485	Supported				"Secreted to blood"	Cytokine	NA	NA			"Cluster 4: Neutrophils - Degranulation"	"Cluster 25: Small intestine - Absorption"		"Cluster 64: Connective tissue cells - ECM organization"	"Cluster 57: Platelets - Hemostasis"	1			"HPA052485: AB_2681847"											"unprognostic (8.28e-3)"	"unprognostic (4.80e-3)"	"unprognostic (1.80e-3)"	"unprognostic (1.35e-2)"				"unprognostic (9.26e-3)"	"unprognostic (3.97e-1)"												"unprognostic (1.03e-2)"
PFKFB4		ENSG00000114268	"6-phosphofructo-2-kinase/fructose-2,6-biphosphatase 4"	Q16877	3	48517684-48562015	"Enzymes, Metabolic proteins, Predicted intracellular proteins"		"Hydrolase, Kinase, Multifunctional enzyme, Transferase"		"Evidence at protein level"	"Evidence at transcript level"	"Evidence at protein level"	"Evidence at protein level"	"Tissue enhanced"	"Detected in all"		"testis: 23.3"	"Cell type enhanced"	"Detected in many"		"Extravillous trophoblasts: 44.9;Intestinal goblet cells: 17.5;Proximal enterocytes: 38.5"	"Low cell type specificity"	"Detected in all"			"Low cancer specificity"	"Detected in all"			"Low region specificity"	"Detected in all"			"Group enriched"	"Detected in many"	4	"classical monocyte: 12.6;eosinophil: 22.0;intermediate monocyte: 13.8;neutrophil: 40.6;non-classical monocyte: 25.2"	"Group enriched"	"Detected in many"	6	"granulocytes: 40.6;monocytes: 25.2"	"Cancer enhanced"	"Detected in all"		"skin cancer: 60.4"	"Lung - Neutrophil_2, Spleen - Neutrophils, Testis - Sertoli cells"	"Low region specificity"	"Detected in all"			"Low region specificity"	"Detected in all"			"HPA047719, HPA066058"	Uncertain		Approved	Nucleoli			NA	NA			"Cluster 37: Monocytes & Neutrophils - Innate immune response"	"Cluster 39: Retina & Testis - Cilium"	"Cluster 6: Non-specific - Immune response"	"Cluster 69: Skin cancer - ECM organization"	"Cluster 22: Proximal enterocytes - Digestion"	14	Nucleoli		"HPA047719: AB_2680129, HPA066058: AB_2685606"	"unprognostic (1.75e-1)"	"unprognostic (1.22e-1)"	"unprognostic (8.82e-2)"	"potential prognostic unfavorable (7.92e-4)"	"unprognostic (1.22e-1)"	"unprognostic (2.42e-1)"	"unprognostic (1.64e-3)"	"unprognostic (3.22e-3)"	"unprognostic (2.53e-2)"	"unprognostic (5.71e-3)"	"unprognostic (1.99e-1)"	"unprognostic (1.29e-2)"	"unprognostic (1.83e-2)"	"potential prognostic unfavorable (2.53e-7)"	"unprognostic (3.00e-3)"	"unprognostic (1.94e-1)"	"potential prognostic unfavorable (8.84e-4)"	"unprognostic (2.67e-2)"	"unprognostic (1.33e-1)"	"unprognostic (1.27e-1)"	"unprognostic (4.74e-1)"	"unprognostic (3.19e-2)"	"potential prognostic unfavorable (2.51e-4)"	"unprognostic (1.58e-1)"	"unprognostic (2.23e-1)"	"unprognostic (1.86e-1)"	"unprognostic (2.93e-1)"	"unprognostic (2.30e-1)"	"unprognostic (1.28e-1)"	"potential prognostic unfavorable (6.05e-4)"	"unprognostic (3.89e-1)"
PGD		ENSG00000142657	"Phosphogluconate dehydrogenase"	P52209	1	10398592-10420511	"Enzymes, Metabolic proteins, Plasma proteins, Predicted intracellular proteins"	"Gluconate utilization, Pentose shunt"	Oxidoreductase		"Evidence at protein level"	"Evidence at protein level"	"Evidence at protein level"	"Evidence at protein level"	"Tissue enhanced"	"Detected in all"		"bone marrow: 395.7;esophagus: 556.4"	"Cell type enhanced"	"Detected in all"		"Squamous epithelial cells: 575.0;Suprabasal keratinocytes: 337.1"	"Low cell type specificity"	"Detected in all"			"Low cancer specificity"	"Detected in all"			"Low region specificity"	"Detected in all"			"Group enriched"	"Detected in all"	5	"basophil: 1064.8;classical monocyte: 321.6;eosinophil: 1077.6;neutrophil: 334.4"	"Group enriched"	"Detected in all"	5	"granulocytes: 1077.6;monocytes: 321.6"	"Low cancer specificity"	"Detected in all"			"Adipose subcutaneous - Adipocytes (Subcutaneous), Adipose visceral - Adipocytes (Visceral), Breast - Adipocytes (Breast), Colon - Macrophages, Heart muscle - Macrophages, Skin - Sebaceous gland cells, Spleen - Neutrophils, Thyroid gland - Thyroid glandular cells"	"Low region specificity"	"Detected in all"			"Low region specificity"	"Detected in all"			"HPA031314, HPA031315"	Enhanced	Supported	Approved	"Intermediate filaments,Cytosol"			No	No		43000000	"Cluster 42: Non-specific - Vesicular transport"	"Cluster 77: Bone marrow - Cell proliferation"	"Cluster 19: Astrocytes - Mixed function"	"Cluster 7: Liver cancer - Metabolism"	"Cluster 12: Squamous epithelial cells - Keratinization"	6	"Intermediate filaments, Cytosol"		"HPA031314: AB_10610278, HPA031315: AB_2673825"	"unprognostic (1.69e-1)"	"unprognostic (2.59e-1)"	"unprognostic (1.53e-1)"	"unprognostic (2.79e-1)"	"unprognostic (8.75e-3)"	"unprognostic (3.00e-1)"	"unprognostic (9.46e-2)"	"unprognostic (1.74e-1)"	"unprognostic (2.09e-1)"	"unprognostic (1.53e-2)"	"potential prognostic favorable (7.54e-4)"	"unprognostic (9.94e-3)"	"unprognostic (1.28e-1)"	"validated prognostic unfavorable (7.01e-5)"	"validated prognostic unfavorable (6.71e-5)"	"unprognostic (2.88e-3)"	"unprognostic (1.40e-1)"	"unprognostic (9.53e-2)"	"unprognostic (2.35e-2)"	"unprognostic (2.41e-1)"	"unprognostic (2.18e-1)"	"unprognostic (2.05e-1)"	"unprognostic (3.09e-1)"	"unprognostic (1.11e-1)"	"unprognostic (8.80e-2)"	"unprognostic (1.74e-1)"	"unprognostic (9.32e-2)"	"unprognostic (6.39e-2)"	"unprognostic (2.25e-1)"	"unprognostic (8.43e-3)"	"unprognostic (3.99e-2)"
PHLPP1	"KIAA0606, PHLPP, PLEKHE1, PPM3A, SCOP"	ENSG00000081913	"PH domain and leucine rich repeat protein phosphatase 1"	O60346	18	62715541-62980433	"Enzymes, Predicted intracellular proteins"	Apoptosis	"Hydrolase, Protein phosphatase"	"Tumor suppressor"	"Evidence at protein level"	"Evidence at transcript level"	"Evidence at protein level"	"Evidence at protein level"	"Tissue enhanced"	"Detected in all"		"brain: 32.0"	"Group enriched"	"Detected in many"	10	"Astrocytes: 401.9;Oligodendrocyte precursor cells: 505.1;Oligodendrocytes: 1548.0"	"Cell type enhanced"	"Detected in all"		"oligodendrocyte: 2621.0"	"Low cancer specificity"	"Detected in all"			"Low region specificity"	"Detected in all"			"Group enriched"	"Detected in some"	7	"neutrophil: 4.0;T-reg: 1.3"	"Group enriched"	"Detected in many"	7	"granulocytes: 4.0;T-cells: 1.3"	"Low cancer specificity"	"Detected in all"			"Adrenal gland - Adrenal cortex cells, Liver - Hepatocytes, Pituitary gland - Undifferentiated cells (Pituitary gland), Thyroid gland - Thyroid glandular cells"	"Low region specificity"	"Detected in all"			"Low region specificity"	"Detected in all"			HPA020200	Approved						NA	NA			"Cluster 4: Neutrophils - Degranulation"	"Cluster 33: Brain - Neuronal signaling"	"Cluster 11: White matter - Signal transduction"	"Cluster 6: Leukemia - Signal transduction"	"Cluster 51: Oligodendrocytes - Unknown function"	47			"HPA020200: AB_2670383"	"unprognostic (1.55e-1)"	"unprognostic (1.72e-1)"	"unprognostic (2.99e-2)"	"unprognostic (1.34e-1)"	"unprognostic (1.15e-2)"	"unprognostic (1.33e-1)"	"unprognostic (2.53e-1)"	"unprognostic (3.75e-3)"	"unprognostic (5.66e-2)"	"unprognostic (1.21e-2)"	"potential prognostic favorable (2.42e-5)"	"unprognostic (2.22e-3)"	"unprognostic (6.30e-3)"	"unprognostic (1.26e-2)"	"unprognostic (2.41e-1)"	"unprognostic (9.75e-2)"	"unprognostic (1.83e-2)"	"unprognostic (9.62e-2)"	"potential prognostic favorable (4.91e-4)"	"unprognostic (2.56e-1)"	"unprognostic (1.80e-1)"	"unprognostic (7.06e-2)"	"unprognostic (8.89e-2)"	"unprognostic (4.75e-2)"	"unprognostic (2.28e-1)"	"unprognostic (2.17e-1)"	"unprognostic (1.56e-1)"	"unprognostic (2.85e-1)"	"unprognostic (4.31e-2)"	"unprognostic (4.33e-1)"	"unprognostic (7.85e-2)"
PLAU	"UPA, URK"	ENSG00000122861	"Plasminogen activator, urokinase"	P00749	10	73909177-73917496	"Cancer-related genes, Disease related genes, Enzymes, Plasma proteins, Potential drug targets, Predicted intracellular proteins, Predicted secreted proteins"	"Blood coagulation, Fibrinolysis, Hemostasis, Plasminogen activation"	"Hydrolase, Protease, Serine protease"	"Cancer-related genes"	"Evidence at protein level"	"Evidence at protein level"	"Evidence at protein level"	"Evidence at protein level"	"Tissue enhanced"	"Detected in many"		"kidney: 101.0;urinary bladder: 123.8"	"Cell type enhanced"	"Detected in many"		"Basal respiratory cells: 212.1;Collecting duct cells: 89.5;Ionocytes: 129.6"	"Group enriched"	"Detected in some"	6	"central nervous system macrophage: 13.3;fibroblast: 17.4;pericyte: 6.9;vascular associated smooth muscle cell: 9.4"	"Low cancer specificity"	"Detected in all"			"Low region specificity"	"Detected in all"			"Group enriched"	"Detected in some"	9	"myeloid DC: 1.1;neutrophil: 2.1;plasmacytoid DC: 2.0"	"Group enriched"	"Detected in many"	11	"dendritic cells: 2.0;granulocytes: 2.1"	"Cancer enhanced"	"Detected in all"		"Adrenocortical cancer: 1199.2"	"Spleen - Fibroblast_1"	"Low region specificity"	"Detected in many"			"Low region specificity"	"Detected in many"			HPA070796	Supported		Approved	"Golgi apparatus,Vesicles"	"Secreted to blood"	"Blood coagulation"	NA	NA	647000	280000	"Cluster 38: Monocytes & Neutrophils - Degranulation"	"Cluster 7: Adipose tissue - Mixed function"	"Cluster 12: Non-specific - Vasculature"	"Cluster 53: Squamous epithelial cells - Keratinization"	"Cluster 45: Non-specific - Mixed function"	13	"Golgi apparatus, Vesicles"		"HPA070796: "	"unprognostic (4.73e-2)"	"unprognostic (4.20e-2)"	"unprognostic (7.35e-2)"	"unprognostic (9.86e-3)"	"unprognostic (2.67e-1)"	"unprognostic (4.28e-2)"	"unprognostic (2.54e-2)"	"unprognostic (8.44e-3)"	"potential prognostic unfavorable (2.39e-4)"	"unprognostic (2.87e-2)"	"unprognostic (3.89e-3)"	"unprognostic (2.90e-2)"	"unprognostic (2.69e-2)"	"unprognostic (4.94e-3)"	"unprognostic (1.68e-1)"	"unprognostic (1.43e-2)"	"potential prognostic unfavorable (4.46e-4)"	"unprognostic (1.52e-3)"	"unprognostic (3.07e-2)"	"unprognostic (8.68e-3)"	"unprognostic (1.11e-2)"	"potential prognostic unfavorable (8.64e-5)"	"unprognostic (1.67e-2)"	"unprognostic (3.18e-1)"	"unprognostic (1.97e-1)"	"unprognostic (1.48e-2)"	"unprognostic (1.04e-1)"	"unprognostic (7.18e-2)"	"unprognostic (1.81e-1)"	"unprognostic (3.23e-2)"	"unprognostic (5.85e-3)"
PLBD1	FLJ22662	ENSG00000121316	"Phospholipase B domain containing 1"	Q6P4A8	12	14503661-14567883	"Predicted intracellular proteins"	"Lipid degradation, Lipid metabolism"	Hydrolase		"Evidence at protein level"	"Evidence at protein level"	"Evidence at protein level"	"Evidence at protein level"	"Tissue enhanced"	"Detected in many"		"bone marrow: 283.0"	"Cell type enhanced"	"Detected in many"		"Extravillous trophoblasts: 207.6;Hofbauer cells: 133.2;Kupffer cells: 129.3;Macrophages: 113.1;Paneth cells: 115.1"	"Group enriched"	"Detected in many"	4	"central nervous system macrophage: 32.5;choroid plexus epithelial cell: 22.9;fibroblast: 26.5;leukocyte: 10.4;pericyte: 9.1"	"Cancer enhanced"	"Detected in all"		"Testicular Germ Cell Tumor (TCGA): 239.5"	"Region enriched"	"Detected in all"	6	"choroid plexus: 51.0"	"Group enriched"	"Detected in many"	6	"classical monocyte: 663.4;intermediate monocyte: 204.4;myeloid DC: 357.5;neutrophil: 445.2"	"Group enriched"	"Detected in all"	135	"dendritic cells: 357.5;granulocytes: 445.2;monocytes: 663.4"	"Low cancer specificity"	"Detected in many"			"Breast - Fibroblasts, Skeletal muscle - Fibroblasts, Skin - Keratinocyte (other), Spleen - Neutrophils, Thyroid gland - Fibroblasts"	"Not detected"	"Not detected"			"Low region specificity"	"Detected in all"			HPA040303	Enhanced				"Intracellular and membrane"	Enzyme	NA	NA		57000000	"Cluster 38: Monocytes & Neutrophils - Degranulation"	"Cluster 77: Bone marrow - Cell proliferation"	"Cluster 8: Immune cells - Immune response"	"Cluster 53: Squamous epithelial cells - Keratinization"	"Cluster 58: Macrophages - Innate immune response"	34			"HPA040303: AB_2676922"	"unprognostic (4.15e-3)"	"unprognostic (2.69e-2)"	"unprognostic (1.66e-2)"	"unprognostic (2.29e-2)"	"unprognostic (1.44e-1)"	"unprognostic (1.29e-2)"	"unprognostic (3.26e-3)"	"potential prognostic unfavorable (2.84e-4)"	"unprognostic (2.72e-2)"	"unprognostic (5.17e-2)"	"potential prognostic favorable (3.06e-4)"	"unprognostic (1.31e-1)"	"unprognostic (1.68e-3)"	"potential prognostic unfavorable (3.85e-7)"	"unprognostic (1.48e-2)"	"unprognostic (5.27e-3)"	"unprognostic (8.61e-2)"	"unprognostic (3.48e-1)"	"unprognostic (2.21e-1)"	"unprognostic (1.33e-1)"	"unprognostic (1.85e-1)"	"potential prognostic unfavorable (5.60e-4)"	"unprognostic (1.26e-1)"	"unprognostic (1.57e-1)"	"unprognostic (2.56e-2)"	"unprognostic (1.47e-1)"	"unprognostic (8.35e-2)"	"unprognostic (4.06e-1)"	"unprognostic (2.93e-1)"	"unprognostic (1.04e-1)"	"potential prognostic unfavorable (1.90e-5)"
PLXDC2	"FLJ14623, TEM7R"	ENSG00000120594	"Plexin domain containing 2"	Q6UX71	10	19816239-20289856	"Predicted membrane proteins"				"Evidence at protein level"	"Evidence at protein level"	"Evidence at protein level"	"Evidence at protein level"	"Low tissue specificity"	"Detected in all"			"Group enriched"	"Detected in many"	5	"Microglial cells: 1440.4;Oligodendrocytes: 437.6"	"Group enriched"	"Detected in all"	6	"central nervous system macrophage: 9410.5;mammillary body: 2635.2"	"Low cancer specificity"	"Detected in all"			"Low region specificity"	"Detected in all"			"Group enriched"	"Detected in many"	4	"classical monocyte: 57.6;intermediate monocyte: 33.4;myeloid DC: 36.1;neutrophil: 81.8;non-classical monocyte: 37.5"	"Group enriched"	"Detected in many"	13	"dendritic cells: 36.1;granulocytes: 81.8;monocytes: 57.6"	"Low cancer specificity"	"Detected in many"			"Adrenal gland - Adrenal cortex cells, Breast - Fibroblasts, Kidney - Fibroblasts, Lung - Fibroblast_1, Prostate - Fibroblasts, Thyroid gland - Fibroblasts"	"Low region specificity"	"Detected in all"			"Low region specificity"	"Detected in all"			"HPA017268, HPA070793"	Approved		Supported	"Nuclear bodies"			No	No		380000000	"Cluster 38: Monocytes & Neutrophils - Degranulation"	"Cluster 7: Adipose tissue - Mixed function"	"Cluster 20: Macrophages & Microglia - Immune response"	"Cluster 72: Neuronal - Signal transduction"	"Cluster 58: Macrophages - Innate immune response"	2	"Nuclear bodies"		"HPA017268: AB_10965928, HPA070793: AB_2686313"	"unprognostic (6.21e-2)"	"unprognostic (1.39e-1)"	"unprognostic (4.54e-1)"	"unprognostic (1.76e-2)"	"unprognostic (1.87e-2)"	"potential prognostic unfavorable (7.36e-4)"	"unprognostic (6.50e-2)"	"unprognostic (1.39e-1)"	"unprognostic (9.05e-2)"	"unprognostic (1.17e-1)"	"potential prognostic favorable (1.91e-7)"	"unprognostic (1.88e-1)"	"unprognostic (3.06e-1)"	"unprognostic (1.88e-2)"	"unprognostic (5.16e-2)"	"unprognostic (3.32e-2)"	"unprognostic (2.81e-2)"	"unprognostic (2.01e-2)"	"unprognostic (9.65e-2)"	"unprognostic (5.57e-3)"	"unprognostic (4.65e-3)"	"unprognostic (1.36e-1)"	"unprognostic (3.65e-2)"	"unprognostic (1.38e-1)"	"unprognostic (3.87e-2)"	"unprognostic (5.97e-2)"	"unprognostic (2.02e-2)"	"unprognostic (3.19e-3)"	"unprognostic (6.35e-2)"	"unprognostic (6.87e-2)"	"unprognostic (3.15e-1)"
PPBP	"b-TG1, Beta-TG, CTAP3, CTAPIII, CXCL7, LA-PF4, LDGF, MDGF, NAP-2, NAP-2-L1, PBP, SCYB7, TGB, TGB1, THBGB1"	ENSG00000163736	"Pro-platelet basic protein"	P02775	4	73986439-73988190	"Plasma proteins, Predicted secreted proteins"	Chemotaxis	"Antibiotic, Antimicrobial, Cytokine, Growth factor, Mitogen"		"Evidence at protein level"	"Evidence at protein level"	"Evidence at protein level"	"Evidence at protein level"	"Tissue enhanced"	"Detected in some"		"bone marrow: 82.3;lymphoid tissue: 52.4"	"Cell type enhanced"	"Detected in some"		"B-cells: 9.1;dendritic cells: 12.6;Kupffer cells: 10.5;Macrophages: 25.2;NK-cells: 39.3;T-cells: 7.3"	"Not detected"	"Not detected"			"Group enriched"	"Detected in many"	7	"Colon Adenocarcinoma (TCGA): 102.9;Rectum Adenocarcinoma (TCGA): 27.6"	"Low region specificity"	"Detected in some"			"Group enriched"	"Detected in many"	15	"basophil: 287.2;neutrophil: 86.7"	"Lineage enriched"	"Detected in all"	23	"granulocytes: 287.2"	"Group enriched"	"Detected in some"	6	"colorectal cancer: 8.4;lung cancer: 3.5"	"Spleen - Platelets"	"Not detected"	"Not detected"			"Low region specificity"	"Detected in all"			"HPA008354, CAB017624"	Supported				"Secreted to blood"	Cytokine	NA	NA	24500000	4600000000	"Cluster 21: Neutrophils - Unknown function"	"Cluster 81: Lymphoid tissue & Bone marrow - Innate immune response"	"Cluster 12: Non-specific - Vasculature"	"Cluster 57: Stomach & Colon cancer - Digestion"	"Cluster 57: Platelets - Hemostasis"	6			"CAB017624: AB_1127132, HPA008354: AB_1847353"	"potential prognostic unfavorable (6.51e-4)"			"unprognostic (7.99e-2)"	"unprognostic (3.85e-2)"	"unprognostic (9.94e-2)"	"unprognostic (1.23e-2)"	"unprognostic (3.27e-1)"	"unprognostic (2.66e-1)"							"unprognostic (2.15e-2)"	"unprognostic (2.67e-1)"		"unprognostic (1.22e-1)"			"unprognostic (1.76e-1)"	"unprognostic (2.01e-2)"		"unprognostic (2.32e-2)"	"unprognostic (1.91e-1)"		"unprognostic (8.34e-2)"	"unprognostic (1.45e-1)"		
PPP1R18	"KIAA1949, phostensin"	ENSG00000146112	"Protein phosphatase 1 regulatory subunit 18"	Q6NYC8	6	30676389-30687895	"Predicted intracellular proteins"		Actin-binding		"Evidence at protein level"	"Evidence at protein level"	"Evidence at protein level"	"Evidence at protein level"	"Low tissue specificity"	"Detected in all"			"Cell type enhanced"	"Detected in many"		"Hofbauer cells: 221.5;Kupffer cells: 121.8;Langerhans cells: 195.0;Macrophages: 113.9;NK-cells: 198.0;T-cells: 121.0"	"Cell type enhanced"	"Detected in many"		"central nervous system macrophage: 50.8;leukocyte: 71.2"	"Low cancer specificity"	"Detected in all"			"Low region specificity"	"Detected in all"			"Group enriched"	"Detected in all"	4	"eosinophil: 216.0;neutrophil: 170.0"	"Lineage enriched"	"Detected in all"	5	"granulocytes: 216.0"	"Low cancer specificity"	"Detected in all"			"Pituitary gland - Endothelial cells"	"Low region specificity"	"Detected in all"			"Low region specificity"	"Detected in all"			"HPA044745, HPA051000"	Enhanced		Approved	"Nucleoplasm,Plasma membrane"			NA	NA			"Cluster 45: Eosinophils - Unknown function"	"Cluster 70: Lymphoid tissue - Immune response"	"Cluster 20: Macrophages & Microglia - Immune response"	"Cluster 6: Leukemia - Signal transduction"	"Cluster 19: NK-cells - Adaptive immune response"	82	"Plasma membrane"	Nucleoplasm	"HPA044745: AB_2679070, HPA051000: AB_2681304"	"unprognostic (2.33e-1)"	"unprognostic (4.01e-2)"		"unprognostic (2.31e-3)"	"unprognostic (4.06e-3)"	"unprognostic (1.42e-1)"	"unprognostic (8.97e-2)"	"unprognostic (1.17e-1)"	"unprognostic (2.00e-1)"	"unprognostic (1.09e-1)"	"unprognostic (3.67e-2)"	"unprognostic (1.17e-1)"	"potential prognostic unfavorable (8.64e-7)"	"unprognostic (7.17e-2)"		"unprognostic (1.30e-1)"	"unprognostic (4.72e-3)"	"unprognostic (1.17e-1)"	"potential prognostic unfavorable (6.12e-4)"	"unprognostic (5.89e-2)"	"unprognostic (2.19e-1)"	"unprognostic (8.66e-2)"	"unprognostic (6.16e-3)"	"unprognostic (1.47e-1)"	"unprognostic (6.41e-3)"	"unprognostic (6.25e-2)"	"unprognostic (2.70e-1)"	"unprognostic (2.29e-1)"	"unprognostic (8.97e-2)"	"unprognostic (7.65e-2)"	"unprognostic (3.24e-1)"
PPP1R3B	"FLJ14005, GL, PPP1R4"	ENSG00000173281	"Protein phosphatase 1 regulatory subunit 3B"	Q86XI6	8	9136255-9151574	"Metabolic proteins, Predicted intracellular proteins"	"Carbohydrate metabolism, Glycogen metabolism"			"Evidence at protein level"	"Evidence at protein level"	"Evidence at protein level"	"Evidence at protein level"	"Tissue enhanced"	"Detected in all"		"liver: 140.3;skeletal muscle: 91.8"	"Cell type enhanced"	"Detected in many"		"Cardiomyocytes: 74.0;Hepatocytes: 155.0"	"Cell type enhanced"	"Detected in many"		"endothelial cell: 15.5"	"Low cancer specificity"	"Detected in all"			"Low region specificity"	"Detected in all"			"Group enriched"	"Detected in many"	15	"basophil: 53.3;eosinophil: 15.7;neutrophil: 50.2"	"Lineage enriched"	"Detected in all"	19	"granulocytes: 53.3"	"Low cancer specificity"	"Detected in all"			"Adrenal gland - Adrenal cortex cells, Skeletal muscle - Skeletal myocytes, Spleen - Neutrophils"	"Low region specificity"	"Detected in many"			"Low region specificity"	"Detected in many"			HPA028731	Enhanced		Approved	Cytosol			NA	NA			"Cluster 35: Neutrophils - Protein binding"	"Cluster 83: Liver - Metabolism"	"Cluster 12: Non-specific - Vasculature"	"Cluster 15: Kidney cancer - Membrane components"	"Cluster 62: Hepatocytes - Metabolism"	14	Cytosol		"HPA028731: AB_10602120"	"unprognostic (1.13e-1)"	"unprognostic (3.09e-2)"	"unprognostic (1.81e-2)"	"unprognostic (2.68e-3)"	"unprognostic (3.29e-1)"	"unprognostic (3.53e-2)"	"unprognostic (3.40e-1)"	"potential prognostic unfavorable (5.61e-4)"	"unprognostic (5.27e-2)"	"unprognostic (2.89e-2)"	"unprognostic (9.49e-3)"	"unprognostic (4.61e-2)"	"unprognostic (2.91e-3)"	"unprognostic (3.49e-2)"	"unprognostic (2.31e-3)"	"unprognostic (2.49e-1)"	"unprognostic (2.04e-1)"	"unprognostic (2.53e-1)"	"unprognostic (1.72e-2)"	"validated prognostic unfavorable (1.50e-5)"	"validated prognostic unfavorable (5.26e-4)"	"unprognostic (1.55e-3)"	"unprognostic (1.30e-1)"	"unprognostic (8.45e-2)"	"unprognostic (1.77e-2)"	"unprognostic (4.13e-2)"	"unprognostic (1.25e-2)"	"potential prognostic unfavorable (4.93e-4)"	"unprognostic (3.46e-1)"	"unprognostic (4.47e-2)"	"unprognostic (9.48e-2)"
PPT1	"CLN1, INCL, PPT"	ENSG00000131238	"Palmitoyl-protein thioesterase 1"	P50897	1	40072710-40097260	"Disease related genes, Enzymes, Human disease related genes, Metabolic proteins, Potential drug targets, Predicted intracellular proteins"	"Sensory transduction, Vision"	Hydrolase	"Disease variant, Neurodegeneration, Neuronal ceroid lipofuscinosis"	"Evidence at protein level"	"Evidence at protein level"	"Evidence at protein level"	"Evidence at protein level"	"Low tissue specificity"	"Detected in all"			"Cell type enhanced"	"Detected in all"		"Hofbauer cells: 282.8;Kupffer cells: 235.6;Langerhans cells: 343.4;Macrophages: 231.7;Schwann cells: 213.6"	"Low cell type specificity"	"Detected in all"			"Low cancer specificity"	"Detected in all"			"Low region specificity"	"Detected in all"			"Group enriched"	"Detected in all"	4	"classical monocyte: 1254.9;eosinophil: 625.5;intermediate monocyte: 1006.3;myeloid DC: 1091.1;neutrophil: 685.3;non-classical monocyte: 818.8"	"Group enriched"	"Detected in all"	4	"dendritic cells: 1091.1;granulocytes: 685.3;monocytes: 1254.9"	"Low cancer specificity"	"Detected in all"			"Kidney - Fibroblasts, Lung - Macrophages, Spleen - Macrophages"	"Low region specificity"	"Detected in all"			"Low region specificity"	"Detected in all"			HPA021546	Supported		Supported	"Golgi apparatus,Vesicles"	"Intracellular and membrane"	Enzyme	NA	NA		190000	"Cluster 38: Monocytes & Neutrophils - Degranulation"	"Cluster 70: Lymphoid tissue - Immune response"	"Cluster 21: Non-specific - Metabolism"	"Cluster 27: Breast cancer - Unknown function"	"Cluster 28: Dendritic cells - Antigen presentation"	30	"Golgi apparatus, Vesicles"		"HPA021546: AB_1855667"	"unprognostic (6.03e-2)"	"unprognostic (2.06e-2)"	"unprognostic (1.11e-2)"	"unprognostic (2.08e-1)"	"unprognostic (7.15e-2)"	"unprognostic (5.57e-3)"	"unprognostic (1.32e-1)"	"unprognostic (2.44e-1)"	"unprognostic (8.50e-2)"	"unprognostic (5.53e-2)"	"potential prognostic favorable (1.27e-8)"	"unprognostic (5.56e-2)"	"unprognostic (5.80e-2)"	"potential prognostic unfavorable (3.26e-9)"	"unprognostic (1.11e-3)"	"unprognostic (6.76e-2)"	"unprognostic (3.13e-2)"	"unprognostic (1.32e-1)"	"unprognostic (1.46e-1)"	"unprognostic (3.42e-2)"	"unprognostic (6.99e-2)"	"unprognostic (1.65e-1)"	"unprognostic (2.95e-1)"	"unprognostic (1.12e-1)"	"unprognostic (2.67e-1)"	"unprognostic (1.28e-2)"	"unprognostic (1.13e-1)"	"unprognostic (7.67e-2)"	"unprognostic (1.99e-1)"	"unprognostic (7.61e-2)"	"unprognostic (1.42e-1)"
PRDM1	"BLIMP1, PRDI-BF1"	ENSG00000057657	"PR/SET domain 1"	O75626	6	105993463-106109939	"Cancer-related genes, Disease related genes, Human disease related genes, Predicted intracellular proteins, Transcription factors"	"Adaptive immunity, Immunity, Innate immunity, Transcription, Transcription regulation"	"DNA-binding, Methyltransferase, Repressor, Transferase"	"Cancer-related genes"	"Evidence at protein level"	"Evidence at protein level"	"Evidence at protein level"	"Evidence at protein level"	"Tissue enhanced"	"Detected in all"		"esophagus: 53.4"	"Cell type enhanced"	"Detected in many"		"Langerhans cells: 236.0;NK-cells: 285.9;Plasma cells: 665.6;T-cells: 223.6"	"Cell type enhanced"	"Detected in many"		"central nervous system macrophage: 80.2;leukocyte: 94.9;MGE interneuron: 61.7"	"Low cancer specificity"	"Detected in all"			"Low region specificity"	"Detected in all"			"Group enriched"	"Detected in many"	4	"eosinophil: 11.0;gdT-cell: 22.0;MAIT T-cell: 33.7;memory CD4 T-cell: 20.3;memory CD8 T-cell: 20.0;naive CD8 T-cell: 11.2;neutrophil: 12.5;T-reg: 29.2"	"Group enriched"	"Detected in many"	5	"granulocytes: 12.5;T-cells: 33.7"	"Cancer enriched"	"Detected in many"	4	"Myeloma: 91.1"	"Colon - T-cells, Prostate - T-cells"	"Region enriched"	"Detected in single"	6	"olfactory bulb: 3.6"	"Low region specificity"	"Detected in many"			"HPA030033, HPA075427"	Approved		Supported	Nucleoplasm,Nucleoli			NA	NA			"Cluster 1: T-cells - Unknown function"	"Cluster 29: Squamous epithelium - Innate immune response"	"Cluster 25: Non-specific - Transcription"	"Cluster 51: Myeloma - Immunoglobulins"	"Cluster 77: Plasma cells - Protein processing"	15	Nucleoli	Nucleoplasm	"HPA030033: AB_10601050, HPA075427: "	"unprognostic (6.29e-2)"	"unprognostic (1.29e-1)"	"unprognostic (3.34e-2)"	"unprognostic (2.23e-2)"	"unprognostic (3.73e-2)"	"unprognostic (2.03e-1)"	"unprognostic (4.76e-2)"	"unprognostic (2.29e-2)"	"unprognostic (8.13e-2)"	"unprognostic (6.20e-2)"	"unprognostic (5.39e-3)"	"potential prognostic favorable (6.30e-5)"	"unprognostic (1.68e-2)"	"unprognostic (2.13e-1)"	"unprognostic (3.01e-1)"	"unprognostic (6.38e-2)"	"unprognostic (2.83e-1)"	"unprognostic (1.27e-1)"	"unprognostic (4.00e-1)"	"unprognostic (1.08e-1)"	"unprognostic (3.36e-2)"	"unprognostic (6.17e-3)"	"unprognostic (2.39e-3)"	"unprognostic (9.24e-2)"	"unprognostic (2.98e-1)"	"unprognostic (6.64e-3)"	"unprognostic (1.39e-1)"	"unprognostic (4.49e-2)"	"unprognostic (1.41e-1)"	"unprognostic (2.47e-3)"	"unprognostic (1.53e-2)"
PRDM5	PFM2	ENSG00000138738	"PR/SET domain 5"	Q9NQX1	4	120684919-120922870	"Disease related genes, Human disease related genes, Predicted intracellular proteins, Transcription factors"	"Transcription, Transcription regulation"	"Activator, Chromatin regulator, DNA-binding, Methyltransferase, Repressor, Transferase"	"Disease variant"	"Evidence at protein level"	"Evidence at protein level"	"Evidence at protein level"	"Evidence at protein level"	"Low tissue specificity"	"Detected in many"			"Cell type enhanced"	"Detected in many"		"Astrocytes: 48.6;Early spermatids: 89.3;Inhibitory neurons: 30.5;Late spermatids: 31.5;Oligodendrocyte precursor cells: 49.5"	"Cell type enhanced"	"Detected in all"		"choroid plexus epithelial cell: 247.4"	"Low cancer specificity"	"Detected in many"			"Low region specificity"	"Detected in all"			"Group enriched"	"Detected in some"	27	"eosinophil: 7.5;neutrophil: 5.4"	"Lineage enriched"	"Detected in single"	31	"granulocytes: 7.5"	"Low cancer specificity"	"Detected in many"			"Adrenal gland - Adrenal cortex cells, Prostate - Fibroblasts, Skeletal muscle - Fibroblasts"	"Low region specificity"	"Detected in all"			"Low region specificity"	"Detected in all"			HPA051406	Enhanced		Supported	"Nucleoplasm,Nucleoli,Nuclear bodies"			NA	NA			"Cluster 21: Neutrophils - Unknown function"	"Cluster 16: Non-specific - Transcription"	"Cluster 44: Non-specific - Mixed function"	"Cluster 20: Myeloma - Immune response"	"Cluster 18: Early spermatids - Unknown function"	3	"Nucleoli, Nuclear bodies"	Nucleoplasm	"HPA051406: AB_2681472"		"unprognostic (1.48e-1)"	"unprognostic (9.62e-2)"	"unprognostic (1.32e-2)"	"unprognostic (8.41e-2)"	"unprognostic (1.28e-2)"	"unprognostic (3.90e-2)"	"unprognostic (2.16e-2)"		"unprognostic (2.01e-2)"	"unprognostic (2.28e-2)"	"unprognostic (5.25e-2)"	"unprognostic (7.62e-2)"			"unprognostic (1.46e-1)"	"unprognostic (1.55e-1)"	"unprognostic (9.50e-2)"	"unprognostic (1.87e-2)"	"unprognostic (1.65e-1)"	"unprognostic (8.32e-2)"	"unprognostic (4.90e-2)"	"unprognostic (1.29e-1)"	"unprognostic (3.17e-1)"	"unprognostic (2.31e-2)"	"unprognostic (8.05e-2)"	"unprognostic (7.34e-2)"	"potential prognostic unfavorable (4.26e-4)"		"unprognostic (9.46e-2)"	
PTAFR		ENSG00000169403	"Platelet activating factor receptor"	P25105	1	28147166-28193936	"FDA approved drug targets, G-protein coupled receptors, Predicted membrane proteins, Transporters"	Chemotaxis	"G-protein coupled receptor, Receptor, Transducer"	"FDA approved drug targets"	"Evidence at protein level"	"Evidence at protein level"	"Evidence at protein level"	"Evidence at protein level"	"Tissue enhanced"	"Detected in many"		"bone marrow: 40.6;lymphoid tissue: 29.9"	"Cell type enhanced"	"Detected in many"		"Basal respiratory cells: 36.4;granulocytes: 74.7;Hofbauer cells: 76.0;Ionocytes: 32.0;Kupffer cells: 83.2;Langerhans cells: 86.2;Macrophages: 64.9"	"Cell type enriched"	"Detected in many"	10	"central nervous system macrophage: 142.7"	"Low cancer specificity"	"Detected in all"			"Low region specificity"	"Detected in all"			"Group enriched"	"Detected in many"	5	"classical monocyte: 256.9;eosinophil: 908.6;neutrophil: 749.9"	"Group enriched"	"Detected in many"	5	"granulocytes: 908.6;monocytes: 256.9"	"Cancer enhanced"	"Detected in many"		"Gallbladder cancer: 22.4"	"Adipose subcutaneous - Macrophages, Adipose visceral - Macrophages, Adrenal gland - Macrophages, Colon - Macrophages, Heart muscle - Macrophages, Liver - Kupffer cells, Lung - Macrophages, Minor Salivary Gland - Macrophages, Pituitary gland - Macrophages, Skeletal muscle - Macrophages, Stomach - Macrophages, Thyroid gland - Macrophages"	"Low region specificity"	"Detected in many"			"Low region specificity"	"Detected in all"			"HPA027542, HPA027543"	Approved		Approved	"Nucleoplasm,Vesicles,Plasma membrane,Primary cilium"			NA	NA			"Cluster 21: Neutrophils - Unknown function"	"Cluster 81: Lymphoid tissue & Bone marrow - Innate immune response"	"Cluster 20: Macrophages & Microglia - Immune response"	"Cluster 49: HMC-1 - Innate immune response"	"Cluster 58: Macrophages - Innate immune response"	26	"Plasma membrane"	"Nucleoplasm, Vesicles, Primary cilium"	"HPA027542: , HPA027543: AB_10610287"	"unprognostic (1.18e-1)"	"unprognostic (1.95e-2)"	"unprognostic (3.10e-1)"	"unprognostic (1.54e-1)"	"unprognostic (2.33e-1)"	"unprognostic (3.20e-1)"	"unprognostic (1.88e-1)"	"unprognostic (1.41e-1)"	"unprognostic (2.33e-2)"	"unprognostic (6.16e-2)"	"unprognostic (6.90e-2)"	"unprognostic (2.18e-1)"	"unprognostic (1.48e-2)"	"unprognostic (2.50e-2)"	"unprognostic (2.64e-1)"	"unprognostic (1.13e-1)"	"unprognostic (1.33e-2)"	"unprognostic (1.11e-1)"	"unprognostic (3.80e-2)"	"unprognostic (4.87e-2)"	"unprognostic (1.22e-2)"	"unprognostic (1.21e-1)"	"unprognostic (3.87e-3)"	"unprognostic (4.20e-1)"	"unprognostic (1.59e-1)"	"unprognostic (1.16e-1)"	"unprognostic (7.46e-2)"	"unprognostic (1.64e-1)"	"unprognostic (2.70e-2)"	"unprognostic (1.45e-1)"	"unprognostic (3.59e-1)"
PVR	"CD155, HVED, Necl-5, NECL5, PVS, Tage4"	ENSG00000073008	"PVR cell adhesion molecule"	P15151	19	44643798-44666162	"CD markers, Plasma proteins, Predicted intracellular proteins, Predicted membrane proteins, Predicted secreted proteins"	"Cell adhesion, Host-virus interaction"	"Host cell receptor for virus entry, Receptor"		"Evidence at protein level"	"Evidence at protein level"	"Evidence at protein level"	"Evidence at protein level"	"Low tissue specificity"	"Detected in all"			"Cell type enhanced"	"Detected in many"		"Alveolar cells type 1: 51.5"	"Low cell type specificity"	"Detected in many"			"Low cancer specificity"	"Detected in all"			"Low region specificity"	"Detected in all"			"Group enriched"	"Detected in some"	5	"classical monocyte: 4.4;intermediate monocyte: 4.4;myeloid DC: 3.6;neutrophil: 1.4;non-classical monocyte: 5.1"	"Group enriched"	"Detected in many"	4	"dendritic cells: 3.6;granulocytes: 1.4;monocytes: 5.1"	"Low cancer specificity"	"Detected in all"			"Adrenal gland - Adrenal cortex cells, Spleen - Fibroblast_1"	"Low region specificity"	"Detected in all"			"Low region specificity"	"Detected in all"			"HPA012568, HPA064739"	Approved		Supported	"Nucleoplasm,Vesicles,Plasma membrane"	"Secreted - unknown location"	Receptor	NA	NA		450000000	"Cluster 38: Monocytes & Neutrophils - Degranulation"	"Cluster 43: Non-specific - Mitochondrial translation"	"Cluster 56: Hypothalamus - Neuropeptide signaling"	"Cluster 15: Kidney cancer - Membrane components"	"Cluster 45: Non-specific - Mixed function"	58	"Nucleoplasm, Vesicles, Plasma membrane"		"HPA012568: AB_1846248, HPA064739: "	"unprognostic (2.97e-2)"	"unprognostic (2.42e-3)"	"unprognostic (1.30e-1)"	"potential prognostic unfavorable (1.01e-4)"	"unprognostic (6.93e-2)"	"unprognostic (3.70e-2)"	"unprognostic (1.51e-1)"	"unprognostic (1.34e-1)"	"unprognostic (1.77e-3)"	"unprognostic (4.32e-1)"	"unprognostic (4.41e-2)"	"unprognostic (9.65e-2)"	"unprognostic (4.48e-2)"	"unprognostic (1.40e-2)"	"unprognostic (4.44e-2)"	"potential prognostic unfavorable (5.78e-6)"	"unprognostic (1.01e-1)"	"unprognostic (1.39e-2)"	"unprognostic (1.09e-1)"	"unprognostic (4.05e-2)"	"unprognostic (1.29e-1)"	"unprognostic (8.75e-3)"	"unprognostic (2.53e-3)"	"unprognostic (7.85e-2)"	"unprognostic (1.38e-2)"	"unprognostic (5.42e-2)"	"unprognostic (4.78e-2)"	"unprognostic (1.60e-1)"	"unprognostic (6.76e-2)"	"unprognostic (3.53e-3)"	"unprognostic (1.74e-1)"
PYCARD	"ASC, CARD5, TMS-1"	ENSG00000103490	"PYD and CARD domain containing"	Q9ULZ3	16	31201486-31203450	"Predicted intracellular proteins"	"Apoptosis, Immunity, Inflammatory response, Innate immunity"		"Tumor suppressor"	"Evidence at protein level"	"Evidence at protein level"	"Evidence at protein level"	"Evidence at protein level"	"Tissue enhanced"	"Detected in many"		"lymphoid tissue: 82.7;skin 1: 87.7"	"Cell type enhanced"	"Detected in many"		"Hofbauer cells: 534.9;Kupffer cells: 424.6;Macrophages: 349.1;Paneth cells: 407.9;Proximal enterocytes: 528.4"	"Group enriched"	"Detected in some"	5	"central nervous system macrophage: 49.0;leukocyte: 32.9"	"Low cancer specificity"	"Detected in all"			"Low region specificity"	"Detected in all"			"Group enriched"	"Detected in all"	5	"basophil: 588.9;classical monocyte: 1101.6;eosinophil: 950.8;intermediate monocyte: 1140.1;myeloid DC: 830.8;neutrophil: 1647.4;non-classical monocyte: 1158.7;plasmacytoid DC: 771.2"	"Group enriched"	"Detected in all"	6	"dendritic cells: 830.8;granulocytes: 1647.4;monocytes: 1158.7"	"Low cancer specificity"	"Detected in many"			"Adrenal gland - Macrophages, Lung - Macrophages, Minor Salivary Gland - Mitotic cells (Minor salivary gland), Skin - Keratinocyte (other)"	"Low region specificity"	"Detected in all"			"Low region specificity"	"Detected in all"			"CAB006853, CAB015948, HPA049074, HPA054496"	Enhanced		Supported	Nucleoplasm,Nucleoli,Cytosol			NA	NA		400000	"Cluster 7: Non-specific - Innate immune response"	"Cluster 45: Intestine - Digestion"	"Cluster 20: Macrophages & Microglia - Immune response"	"Cluster 14: Myeloid leukemia - Innate immune response"	"Cluster 29: Monocytes - Innate immune response"	25	Nucleoplasm	"Nucleoli, Cytosol"	"CAB006853: , CAB015948: , HPA049074: AB_2680621, HPA054496: AB_2682506"	"unprognostic (1.37e-1)"	"unprognostic (1.66e-2)"	"unprognostic (4.59e-2)"	"unprognostic (3.83e-2)"	"unprognostic (7.79e-2)"	"unprognostic (2.33e-1)"	"unprognostic (6.84e-2)"	"unprognostic (2.47e-1)"	"unprognostic (2.10e-1)"	"unprognostic (5.14e-2)"	"potential prognostic unfavorable (2.18e-5)"	"unprognostic (7.92e-2)"	"unprognostic (4.22e-3)"	"unprognostic (7.13e-3)"	"unprognostic (1.28e-1)"	"unprognostic (1.06e-2)"	"unprognostic (2.19e-1)"	"unprognostic (1.22e-1)"	"unprognostic (1.13e-1)"	"unprognostic (9.80e-2)"	"unprognostic (3.86e-1)"	"unprognostic (2.41e-2)"	"unprognostic (4.84e-2)"	"unprognostic (1.02e-1)"	"unprognostic (3.71e-2)"	"unprognostic (1.98e-2)"	"unprognostic (3.19e-1)"	"unprognostic (9.02e-3)"	"unprognostic (1.84e-1)"	"unprognostic (1.92e-1)"	"unprognostic (5.89e-2)"
REPS2	POB1	ENSG00000169891	"RALBP1 associated Eps domain containing 2"	Q8NFH8	X	16946658-17153272	"Predicted intracellular proteins"				"Evidence at protein level"	"Evidence at protein level"	"Evidence at protein level"	"Evidence at protein level"	"Low tissue specificity"	"Detected in many"			"Cell type enhanced"	"Detected in many"		"Excitatory neurons: 114.0;Inhibitory neurons: 136.5;Oligodendrocyte precursor cells: 79.7;Oligodendrocytes: 189.9"	"Low cell type specificity"	"Detected in all"			"Cancer enhanced"	"Detected in many"		"Prostate Adenocarcinoma (TCGA): 25.6"	"Low region specificity"	"Detected in all"			"Group enriched"	"Detected in some"	16	"basophil: 5.8;eosinophil: 4.5;neutrophil: 14.3"	"Lineage enriched"	"Detected in single"	28	"granulocytes: 14.3"	"Low cancer specificity"	"Detected in many"			"Adrenal gland - Adrenal cortex cells, Kidney - Proximal tubular cells, Liver - Hepatocytes, Lung - Alveolar cells type 1, Spleen - Neutrophils, Thyroid gland - Thyroid glandular cells"	"Low region specificity"	"Detected in all"			"Low region specificity"	"Detected in all"			"HPA000565, HPA026073"	Uncertain						NA	NA			"Cluster 21: Neutrophils - Unknown function"	"Cluster 32: Endocrine & Neural - Unknown function"	"Cluster 14: Neurons - Synaptic function"	"Cluster 21: Lymphoma - Adaptive immune response"	"Cluster 3: Basal prostatic cells - Lipid metabolism"	14			"HPA000565: AB_1079800, HPA026073: AB_1856176"	"unprognostic (1.02e-1)"	"unprognostic (1.86e-1)"	"unprognostic (8.64e-2)"	"unprognostic (5.98e-2)"	"unprognostic (4.62e-2)"	"unprognostic (1.15e-2)"	"unprognostic (2.12e-1)"	"potential prognostic favorable (8.98e-5)"	"unprognostic (1.77e-2)"		"potential prognostic favorable (1.60e-5)"	"unprognostic (1.04e-1)"	"unprognostic (8.47e-3)"	"unprognostic (1.74e-3)"	"potential prognostic favorable (3.79e-4)"	"unprognostic (2.44e-2)"	"unprognostic (7.10e-2)"	"unprognostic (3.01e-1)"	"unprognostic (1.50e-1)"	"unprognostic (5.47e-3)"	"unprognostic (1.88e-2)"	"potential prognostic unfavorable (2.91e-4)"	"unprognostic (4.41e-3)"	"unprognostic (2.64e-1)"	"potential prognostic favorable (9.29e-4)"	"unprognostic (1.25e-1)"	"unprognostic (4.76e-2)"	"unprognostic (7.13e-2)"	"unprognostic (1.07e-1)"	"unprognostic (2.11e-2)"	"unprognostic (4.54e-1)"
RGS2	G0S8	ENSG00000116741	"Regulator of G protein signaling 2"	P41220	1	192809039-192812275	"Plasma proteins, Predicted intracellular proteins"	"Cell cycle, Translation regulation"	"GTPase activation, Signal transduction inhibitor"		"Evidence at protein level"	"Evidence at protein level"	"Evidence at protein level"	"Evidence at protein level"	"Low tissue specificity"	"Detected in all"			"Cell type enhanced"	"Detected in many"		"dendritic cells: 677.4;granulocytes: 1230.1;Hofbauer cells: 543.2;Langerhans cells: 769.5;Macrophages: 577.6;monocytes: 1612.9"	"Cell type enhanced"	"Detected in many"		"endothelial cell: 55.6;leukocyte: 58.2"	"Low cancer specificity"	"Detected in all"			"Low region specificity"	"Detected in all"			"Group enriched"	"Detected in all"	5	"basophil: 3275.4;neutrophil: 4390.8"	"Lineage enriched"	"Detected in all"	8	"granulocytes: 4390.8"	"Cancer enhanced"	"Detected in all"		"prostate cancer: 96.6"	"Prostate - Smooth muscle cells, Spleen - Neutrophils"	"Low region specificity"	"Detected in all"			"Low region specificity"	"Detected in all"			HPA013385			Supported	Cytosol			NA	NA			"Cluster 35: Neutrophils - Protein binding"	"Cluster 77: Bone marrow - Cell proliferation"	"Cluster 21: Non-specific - Metabolism"	"Cluster 5: Rhabdoid - Unknown function"	"Cluster 29: Monocytes - Innate immune response"	43	Cytosol		"HPA013385: AB_2668827"	"unprognostic (1.33e-1)"	"unprognostic (5.20e-3)"	"unprognostic (1.21e-1)"	"unprognostic (4.73e-2)"	"unprognostic (3.07e-1)"	"unprognostic (1.16e-1)"	"unprognostic (1.71e-1)"	"potential prognostic unfavorable (3.74e-5)"	"unprognostic (1.68e-1)"	"unprognostic (7.86e-2)"	"potential prognostic unfavorable (3.73e-4)"	"unprognostic (9.17e-2)"	"unprognostic (1.68e-1)"	"potential prognostic unfavorable (8.80e-4)"	"unprognostic (3.61e-1)"	"unprognostic (1.10e-2)"	"unprognostic (1.85e-1)"	"unprognostic (3.35e-1)"	"unprognostic (9.69e-2)"	"unprognostic (8.86e-3)"	"unprognostic (3.93e-1)"	"unprognostic (7.28e-2)"	"unprognostic (2.07e-2)"	"unprognostic (9.72e-2)"	"unprognostic (5.91e-3)"	"unprognostic (4.47e-2)"	"unprognostic (1.23e-1)"	"potential prognostic unfavorable (3.66e-5)"	"unprognostic (1.24e-1)"	"unprognostic (1.42e-3)"	"unprognostic (3.25e-2)"
RHOB	"ARH6, ARHB, MST081, RHOH6"	ENSG00000143878	"Ras homolog family member B"	P62745	2	20447074-20449440	"Cancer-related genes, Predicted intracellular proteins"	"Angiogenesis, Apoptosis, Cell adhesion, Differentiation, Protein transport, Transport"	"Developmental protein"	"Cancer-related genes, Tumor suppressor"	"Evidence at protein level"	"Evidence at transcript level"	"Evidence at protein level"	"Evidence at protein level"	"Low tissue specificity"	"Detected in all"			"Cell type enhanced"	"Detected in all"		"Adipocytes: 1108.7;Hepatocytes: 1225.2"	"Cell type enhanced"	"Detected in all"		"astrocyte: 390.1;bergmann glia: 383.2;vascular associated smooth muscle cell: 525.6"	"Low cancer specificity"	"Detected in all"			"Low region specificity"	"Detected in all"			"Group enriched"	"Detected in many"	6	"basophil: 5.6;eosinophil: 18.0;intermediate monocyte: 11.4;neutrophil: 21.6;non-classical monocyte: 13.4"	"Group enriched"	"Detected in many"	13	"granulocytes: 21.6;monocytes: 13.4"	"Low cancer specificity"	"Detected in all"			"Spleen - Fibroblast_2"	"Low region specificity"	"Detected in all"			"Low region specificity"	"Detected in all"										NA	NA			"Cluster 7: Non-specific - Innate immune response"	"Cluster 41: Smooth muscle tissue - ECM organization"	"Cluster 19: Astrocytes - Mixed function"	"Cluster 27: Breast cancer - Unknown function"	"Cluster 53: Fibroblasts - ECM organization"	315				"unprognostic (6.28e-2)"	"unprognostic (7.77e-2)"	"unprognostic (4.83e-1)"	"unprognostic (3.21e-3)"	"unprognostic (3.09e-2)"	"unprognostic (9.08e-2)"	"unprognostic (3.23e-1)"	"unprognostic (1.12e-1)"	"unprognostic (1.81e-2)"	"unprognostic (6.72e-2)"	"validated prognostic favorable (1.95e-10)"	"validated prognostic favorable (3.53e-6)"	"unprognostic (3.26e-3)"	"unprognostic (7.74e-3)"	"potential prognostic favorable (1.60e-4)"	"unprognostic (1.31e-1)"	"unprognostic (9.33e-2)"	"unprognostic (1.13e-1)"	"unprognostic (7.61e-2)"	"unprognostic (6.46e-2)"	"unprognostic (2.24e-1)"	"unprognostic (2.29e-1)"	"unprognostic (3.21e-1)"	"unprognostic (7.95e-2)"	"unprognostic (3.44e-1)"	"unprognostic (4.08e-3)"	"unprognostic (1.39e-1)"	"unprognostic (9.15e-2)"	"unprognostic (2.00e-1)"	"unprognostic (1.30e-2)"	"unprognostic (8.84e-2)"
RHOQ	"ARHQ, RASL7A, TC10"	ENSG00000119729	"Ras homolog family member Q"	P17081	2	46541806-46584688	"Predicted intracellular proteins"				"Evidence at protein level"	"Evidence at transcript level"	"Evidence at protein level"	"Evidence at protein level"	"Low tissue specificity"	"Detected in all"			"Cell type enhanced"	"Detected in many"		"Cardiomyocytes: 275.2;monocytes: 275.6"	"Cell type enhanced"	"Detected in all"		"central nervous system macrophage: 244.9"	"Low cancer specificity"	"Detected in all"			"Low region specificity"	"Detected in all"			"Group enriched"	"Detected in many"	4	"basophil: 1.5;classical monocyte: 2.5;eosinophil: 4.2;intermediate monocyte: 2.7;memory B-cell: 1.8;myeloid DC: 1.6;naive B-cell: 2.4;neutrophil: 4.9;non-classical monocyte: 2.0"	"Low lineage specificity"	"Detected in many"			"Low cancer specificity"	"Detected in all"			"Adipose subcutaneous - Adipocytes (Subcutaneous), Skin - Endothelial cells"	"Low region specificity"	"Detected in all"			"Low region specificity"	"Detected in all"			HPA044938			Approved	Vesicles,Cytosol			No	No			"Cluster 2: Dendritic cells - Unknown function"	"Cluster 12: Heart muscle - Cardiac muscle contraction"	"Cluster 19: Astrocytes - Mixed function"	"Cluster 9: Skin cancer - Melanin biosynthesis"	"Cluster 29: Monocytes - Innate immune response"	13	"Vesicles, Cytosol"		"HPA044938: AB_2679149"	"unprognostic (1.89e-1)"	"unprognostic (1.64e-1)"	"unprognostic (1.51e-2)"	"unprognostic (9.79e-2)"	"unprognostic (5.59e-2)"	"unprognostic (1.76e-1)"	"unprognostic (2.19e-2)"	"unprognostic (6.42e-3)"	"unprognostic (1.98e-2)"	"unprognostic (1.72e-2)"	"potential prognostic unfavorable (5.53e-4)"	"unprognostic (1.29e-2)"	"unprognostic (5.03e-1)"	"potential prognostic unfavorable (1.55e-4)"	"unprognostic (4.29e-2)"	"unprognostic (8.98e-2)"	"unprognostic (2.35e-1)"	"unprognostic (7.87e-2)"	"unprognostic (2.33e-1)"	"unprognostic (1.29e-1)"	"unprognostic (4.57e-1)"	"unprognostic (2.09e-1)"	"unprognostic (6.28e-2)"	"unprognostic (3.07e-1)"	"unprognostic (1.09e-1)"	"unprognostic (1.85e-2)"	"unprognostic (1.18e-1)"	"unprognostic (2.32e-3)"	"unprognostic (1.52e-1)"	"unprognostic (9.19e-3)"	"unprognostic (1.03e-2)"
RILP	FLJ31193	ENSG00000167705	"Rab interacting lysosomal protein"	Q96NA2	17	1646145-1649866	"Predicted intracellular proteins"	"Protein transport, Transport"			"Evidence at protein level"	"Evidence at transcript level"	"Evidence at protein level"	"Evidence at protein level"	"Tissue enhanced"	"Detected in many"		"heart muscle: 58.6;skeletal muscle: 46.4"	"Cell type enhanced"	"Detected in many"		"Distal enterocytes: 118.0;Proximal enterocytes: 85.6"	"Low cell type specificity"	"Detected in many"			"Low cancer specificity"	"Detected in all"			"Low region specificity"	"Detected in all"			"Group enriched"	"Detected in many"	4	"classical monocyte: 3.5;eosinophil: 1.0;intermediate monocyte: 1.2;myeloid DC: 2.4;neutrophil: 3.4;plasmacytoid DC: 1.3"	"Group enriched"	"Detected in many"	6	"dendritic cells: 2.4;granulocytes: 3.4;monocytes: 3.5"	"Low cancer specificity"	"Detected in many"			"Adrenal gland - Adrenal cortex cells, Breast - Adipocytes (Breast), Heart muscle - Cardiomyocytes"	"Low region specificity"	"Detected in single"			"Low region specificity"	"Detected in all"										NA	NA		6400	"Cluster 29: Non-specific - Unknown function"	"Cluster 43: Non-specific - Mitochondrial translation"	"Cluster 23: Choroid plexus - Mixed function"	"Cluster 47: Leukemia - Hemostasis"	"Cluster 5: Enterocytes - Absorption"	10				"unprognostic (2.22e-1)"	"potential prognostic favorable (3.98e-4)"	"unprognostic (5.46e-2)"	"unprognostic (1.24e-2)"	"unprognostic (2.75e-1)"	"unprognostic (1.55e-2)"	"unprognostic (5.55e-2)"	"unprognostic (6.56e-3)"	"unprognostic (7.27e-2)"	"potential prognostic favorable (1.87e-4)"	"unprognostic (1.32e-3)"	"unprognostic (8.39e-2)"	"unprognostic (1.43e-1)"	"unprognostic (5.76e-3)"	"unprognostic (3.71e-3)"	"unprognostic (1.46e-1)"	"unprognostic (1.71e-1)"	"unprognostic (1.38e-2)"		"unprognostic (1.30e-1)"	"unprognostic (5.86e-2)"	"unprognostic (2.04e-1)"	"unprognostic (7.97e-3)"	"unprognostic (3.27e-2)"	"unprognostic (1.24e-1)"	"unprognostic (6.20e-2)"	"unprognostic (1.94e-1)"	"unprognostic (4.72e-1)"	"unprognostic (8.49e-2)"	"unprognostic (3.70e-1)"	"unprognostic (2.38e-2)"
RIN3	FLJ22439	ENSG00000100599	"Ras and Rab interactor 3"	Q8TB24	14	92513781-92688994	"Predicted intracellular proteins"		"GTPase activation"		"Evidence at protein level"	"Evidence at transcript level"	"Evidence at protein level"	"Evidence at protein level"	"Tissue enhanced"	"Detected in many"		"bone marrow: 45.8"	"Cell type enhanced"	"Detected in many"		"granulocytes: 65.0;Kupffer cells: 104.8;Langerhans cells: 63.7;Macrophages: 79.8;Microglial cells: 95.7;monocytes: 244.3;NK-cells: 88.3"	"Group enriched"	"Detected in many"	9	"central nervous system macrophage: 588.4;leukocyte: 336.1"	"Low cancer specificity"	"Detected in all"			"Low region specificity"	"Detected in all"			"Group enriched"	"Detected in all"	4	"basophil: 35.9;classical monocyte: 43.5;eosinophil: 54.2;intermediate monocyte: 40.4;myeloid DC: 41.6;neutrophil: 40.4;NK-cell: 21.5;non-classical monocyte: 51.0"	"Low lineage specificity"	"Detected in all"			"Low cancer specificity"	"Detected in many"			"Minor Salivary Gland - Macrophages, Skin - Fibroblast_2, Spleen - Neutrophils"	"Low region specificity"	"Detected in many"			"Low region specificity"	"Detected in all"			HPA079218	Approved						NA	NA		3300	"Cluster 25: Non-specific - Unknown function"	"Cluster 77: Bone marrow - Cell proliferation"	"Cluster 20: Macrophages & Microglia - Immune response"	"Cluster 49: HMC-1 - Innate immune response"	"Cluster 29: Monocytes - Innate immune response"	16			"HPA079218: "	"unprognostic (2.58e-2)"	"unprognostic (2.20e-1)"	"unprognostic (3.34e-2)"	"unprognostic (1.87e-3)"	"unprognostic (3.11e-1)"	"unprognostic (2.62e-2)"	"unprognostic (2.85e-2)"	"unprognostic (3.08e-2)"	"unprognostic (1.21e-1)"	"unprognostic (1.91e-1)"	"unprognostic (7.72e-3)"	"unprognostic (1.79e-1)"	"unprognostic (8.41e-2)"	"unprognostic (7.39e-2)"	"unprognostic (3.99e-2)"	"unprognostic (9.61e-2)"	"unprognostic (4.16e-2)"	"unprognostic (4.56e-2)"	"unprognostic (1.76e-1)"	"unprognostic (8.81e-3)"	"unprognostic (3.77e-2)"	"unprognostic (9.18e-2)"	"unprognostic (3.06e-2)"	"unprognostic (5.35e-2)"	"unprognostic (8.51e-2)"	"unprognostic (5.89e-2)"	"unprognostic (5.96e-2)"	"unprognostic (1.23e-1)"	"unprognostic (1.14e-1)"	"unprognostic (8.31e-2)"	"unprognostic (3.47e-2)"
RIPOR1	"FAM65A, FLJ13725"	ENSG00000039523	"RHO family interacting cell polarization regulator 1"	Q6ZS17	16	67518418-67546788	"Predicted intracellular proteins"				"Evidence at protein level"	"Evidence at protein level"	"Evidence at protein level"	"Evidence at protein level"	"Low tissue specificity"	"Detected in all"			"Cell type enhanced"	"Detected in many"		"Endothelial cells: 64.5"	"Low cell type specificity"	"Detected in all"			"Low cancer specificity"	"Detected in all"			"Low region specificity"	"Detected in all"			"Group enriched"	"Detected in many"	7	"classical monocyte: 11.2;eosinophil: 9.4;intermediate monocyte: 15.6;memory B-cell: 15.9;myeloid DC: 10.2;naive B-cell: 9.5;neutrophil: 6.6;non-classical monocyte: 15.2;plasmacytoid DC: 14.4"	"Low lineage specificity"	"Detected in all"			"Low cancer specificity"	"Detected in all"			"Adipose visceral - Endothelial cells, Breast - Endothelial cells, Lung - Endothelial cells, Minor Salivary Gland - Endothelial cells, Testis - Sertoli cells, Thyroid gland - Endothelial cells"	"Low region specificity"	"Detected in all"			"Low region specificity"	"Detected in all"			HPA005923	Uncertain		Supported	"Golgi apparatus,Cytosol"			NA	NA			"Cluster 29: Non-specific - Unknown function"	"Cluster 66: Non-specific - Transcription"	"Cluster 32: Cerebral cortex - Mixed function"	"Cluster 68: Non-specific - Cell cycle regulation"	"Cluster 41: Adipocytes & Endothelial cells - Mixed function"		"Golgi apparatus"	Cytosol	"HPA005923: AB_1078809"	"unprognostic (2.09e-1)"	"unprognostic (1.74e-1)"		"unprognostic (3.20e-3)"	"unprognostic (1.01e-2)"	"unprognostic (1.43e-2)"	"unprognostic (1.25e-1)"	"unprognostic (1.24e-1)"	"unprognostic (2.39e-3)"	"unprognostic (1.27e-2)"	"potential prognostic favorable (1.12e-7)"	"unprognostic (4.98e-2)"	"unprognostic (8.83e-3)"	"unprognostic (7.14e-3)"		"unprognostic (3.07e-2)"	"unprognostic (6.94e-2)"	"potential prognostic unfavorable (5.18e-5)"	"unprognostic (1.40e-1)"	"unprognostic (6.35e-2)"	"unprognostic (2.16e-1)"	"unprognostic (1.58e-1)"	"potential prognostic unfavorable (4.12e-4)"	"unprognostic (3.24e-1)"	"unprognostic (2.42e-1)"	"unprognostic (3.68e-2)"	"unprognostic (7.22e-2)"	"unprognostic (6.94e-2)"	"unprognostic (1.77e-1)"	"unprognostic (1.57e-2)"	"unprognostic (3.26e-1)"
RNF130	"G1RZFP, GOLIATH, GP"	ENSG00000113269	"Ring finger protein 130"	Q86XS8	5	179911651-180072113	"Enzymes, Metabolic proteins, Predicted membrane proteins"	"Apoptosis, Ubl conjugation pathway"	Transferase		"Evidence at protein level"	"Evidence at protein level"	"Evidence at protein level"	"Evidence at protein level"	"Low tissue specificity"	"Detected in all"			"Cell type enhanced"	"Detected in all"		"dendritic cells: 297.9;Hofbauer cells: 335.2;Kupffer cells: 316.9;Oligodendrocytes: 478.6"	"Low cell type specificity"	"Detected in all"			"Low cancer specificity"	"Detected in all"			"Low region specificity"	"Detected in all"			"Group enriched"	"Detected in all"	8	"basophil: 262.7;classical monocyte: 513.7;eosinophil: 331.9;intermediate monocyte: 355.0;myeloid DC: 407.7;neutrophil: 893.5;non-classical monocyte: 330.1;plasmacytoid DC: 317.6"	"Group enriched"	"Detected in all"	11	"dendritic cells: 407.7;granulocytes: 893.5;monocytes: 513.7"	"Low cancer specificity"	"Detected in all"			"Liver - Hepatocytes, Spleen - Macrophages"	"Low region specificity"	"Detected in all"			"Low region specificity"	"Detected in all"			HPA014499	Approved						NA	NA			"Cluster 38: Monocytes & Neutrophils - Degranulation"	"Cluster 11: Liver - Plasma proteins"	"Cluster 30: White matter - Myelination"	"Cluster 49: HMC-1 - Innate immune response"	"Cluster 29: Monocytes - Innate immune response"	9			"HPA014499: AB_1856328"	"unprognostic (8.82e-2)"	"unprognostic (1.45e-1)"	"unprognostic (1.09e-1)"	"unprognostic (8.03e-3)"	"unprognostic (3.24e-1)"	"unprognostic (8.17e-3)"	"unprognostic (2.33e-2)"	"unprognostic (1.21e-1)"	"unprognostic (6.23e-2)"	"unprognostic (4.98e-2)"	"potential prognostic favorable (1.01e-7)"	"unprognostic (1.84e-2)"	"unprognostic (4.82e-2)"	"unprognostic (6.29e-2)"	"unprognostic (2.41e-2)"	"unprognostic (5.37e-3)"	"unprognostic (1.93e-2)"	"unprognostic (3.55e-1)"	"unprognostic (1.79e-1)"	"unprognostic (2.92e-2)"	"potential prognostic unfavorable (4.18e-4)"	"unprognostic (1.50e-1)"	"unprognostic (9.44e-2)"	"unprognostic (2.47e-1)"	"unprognostic (6.07e-2)"	"unprognostic (1.13e-1)"	"unprognostic (4.05e-2)"	"unprognostic (6.71e-3)"	"unprognostic (2.02e-1)"	"unprognostic (1.26e-1)"	"unprognostic (3.26e-3)"
RSAD2	"cig5, vig1, Viperin"	ENSG00000134321	"Radical S-adenosyl methionine domain containing 2"	Q8WXG1	2	6865557-6898239	"Predicted intracellular proteins"	"Antiviral defense, Host-virus interaction, Immunity, Innate immunity"	Lyase	Atherosclerosis	"Evidence at protein level"	"Evidence at transcript level"	"Evidence at protein level"	"Evidence at protein level"	"Tissue enhanced"	"Detected in many"		"salivary gland: 20.4"	"Cell type enhanced"	"Detected in many"		"Adipocytes: 32.2;Distal enterocytes: 56.0;Erythroid cells: 31.8;Gastric mucus-secreting cells: 36.6"	"Low cell type specificity"	"Detected in many"			"Low cancer specificity"	"Detected in all"			"Low region specificity"	"Detected in all"			"Group enriched"	"Detected in many"	4	"basophil: 30.6;eosinophil: 43.3;neutrophil: 25.2"	"Lineage enriched"	"Detected in many"	6	"granulocytes: 43.3"	"Low cancer specificity"	"Detected in many"				"Low region specificity"	"Detected in some"			"Low region specificity"	"Detected in all"			"HPA041160, HPA049409"	Approved		Approved	"Nucleoli fibrillar center,Endoplasmic reticulum"			NA	NA			"Cluster 42: Non-specific - Vesicular transport"	"Cluster 81: Lymphoid tissue & Bone marrow - Innate immune response"	"Cluster 43: Hindbrain - Mixed function"	"Cluster 31: Non-specific - Antiviral immune response"	"Cluster 5: Enterocytes - Absorption"	9	"Nucleoli fibrillar center, Endoplasmic reticulum"		"HPA041160: AB_10795489, HPA049409: AB_2680751"	"unprognostic (1.59e-1)"	"unprognostic (1.07e-1)"	"unprognostic (6.08e-2)"	"unprognostic (2.67e-2)"	"unprognostic (6.08e-2)"	"unprognostic (7.66e-2)"	"unprognostic (3.05e-1)"	"unprognostic (1.73e-1)"	"unprognostic (2.97e-1)"	"unprognostic (9.96e-2)"	"unprognostic (2.92e-2)"	"unprognostic (2.01e-1)"	"unprognostic (1.38e-1)"	"unprognostic (1.34e-1)"	"unprognostic (1.37e-2)"	"unprognostic (1.95e-1)"	"unprognostic (9.97e-3)"	"unprognostic (2.28e-1)"	"unprognostic (4.47e-2)"	"unprognostic (1.08e-1)"	"unprognostic (2.74e-1)"	"unprognostic (1.16e-2)"	"unprognostic (2.72e-2)"	"unprognostic (3.08e-1)"	"unprognostic (1.27e-1)"	"potential prognostic favorable (5.04e-4)"	"unprognostic (5.84e-2)"	"unprognostic (5.61e-2)"	"unprognostic (9.68e-3)"	"unprognostic (9.92e-2)"	"unprognostic (9.40e-3)"
RUBCNL	"C13orf18, FLJ21562, KIAA0226L, PACER"	ENSG00000102445	"Rubicon like autophagy enhancer"	Q9H714	13	46334681-46438190	"Predicted intracellular proteins"	"Autophagy, Lipid metabolism"			"Evidence at protein level"	"Evidence at protein level"	"Evidence at protein level"	"Evidence at protein level"	"Tissue enhanced"	"Detected in many"		"lymphoid tissue: 40.2"	"Cell type enhanced"	"Detected in many"		"B-cells: 131.1;dendritic cells: 90.6;Early spermatids: 39.9;Late spermatids: 124.8;Microglial cells: 60.8;Schwann cells: 55.4"	"Group enriched"	"Detected in many"	7	"bergmann glia: 147.7;central nervous system macrophage: 318.5"	"Group enriched"	"Detected in many"	5	"Colon Adenocarcinoma (TCGA): 43.7;Rectum Adenocarcinoma (TCGA): 54.6"	"Low region specificity"	"Detected in all"			"Group enriched"	"Detected in many"	15	"memory B-cell: 161.8;naive B-cell: 156.3;neutrophil: 124.6;plasmacytoid DC: 106.4"	"Group enriched"	"Detected in many"	15	"B-cells: 161.8;dendritic cells: 106.4;granulocytes: 124.6"	"Cancer enriched"	"Detected in many"	5	"lymphoma: 144.9"	"Adrenal gland - Macrophages, Breast - T-cells, Spleen - B-cells (Spleen), Testis - Early spermatids, Testis - Late spermatids, Thyroid gland - T-cells"	"Low region specificity"	"Detected in some"			"Low region specificity"	"Detected in all"			HPA026614	Approved		Approved	Cytosol			NA	NA			"Cluster 23: B-cells - Immunoglobulins"	"Cluster 36: Lymphoid tissue - Cytokine signaling"	"Cluster 20: Macrophages & Microglia - Immune response"	"Cluster 46: Lymphoma - Humoral immune response"	"Cluster 74: Neutrophils - Degranulation"	4	Cytosol		"HPA026614: AB_10602693"	"potential prognostic favorable (7.11e-4)"	"unprognostic (8.34e-2)"		"unprognostic (4.60e-2)"	"unprognostic (7.67e-2)"	"potential prognostic favorable (2.30e-5)"	"unprognostic (4.59e-2)"	"unprognostic (1.25e-2)"	"unprognostic (2.71e-3)"		"unprognostic (1.73e-1)"	"unprognostic (1.63e-1)"	"unprognostic (2.78e-3)"			"unprognostic (1.06e-3)"	"unprognostic (2.83e-2)"	"unprognostic (1.01e-1)"	"unprognostic (6.04e-3)"	"unprognostic (2.48e-2)"	"unprognostic (4.32e-3)"	"unprognostic (1.78e-1)"	"unprognostic (3.90e-3)"	"unprognostic (3.61e-1)"	"unprognostic (2.51e-3)"	"unprognostic (4.04e-2)"	"unprognostic (1.28e-1)"	"unprognostic (1.26e-1)"	"unprognostic (5.38e-2)"	"unprognostic (1.10e-1)"	"unprognostic (1.07e-1)"
S100A8	"60B8AG, CAGA, CFAG, CGLA, MRP-8, MRP8, P8, S100-A8"	ENSG00000143546	"S100 calcium binding protein A8"	P05109	1	153390032-153391073	"Cancer-related genes, Plasma proteins, Predicted intracellular proteins, Predicted secreted proteins"	"Apoptosis, Autophagy, Chemotaxis, Immunity, Inflammatory response, Innate immunity"	Antimicrobial	"Cancer-related genes"	"Evidence at protein level"	"Evidence at protein level"	"Evidence at protein level"	"Evidence at protein level"	"Tissue enhanced"	"Detected in all"		"bone marrow: 34972.5;esophagus: 23877.2;vagina: 10830.0"	"Cell type enhanced"	"Detected in many"		"Basal keratinocytes: 9603.9;Kupffer cells: 6254.3;Serous glandular cells: 4860.9;Squamous epithelial cells: 10605.6;Suprabasal keratinocytes: 41015.2"	"Cell type enriched"	"Detected in single"	61	"leukocyte: 38.2"	"Cancer enhanced"	"Detected in all"		"Cervical Squamous Cell Carcinoma and Endocervical Adenocarcinoma (TCGA): 10785.2;Head and Neck Squamous Cell Carcinoma (TCGA): 12921.4"	"Region enhanced"	"Detected in all"		"cerebral cortex: 66.1"	"Group enriched"	"Detected in all"	9	"classical monocyte: 26966.7;neutrophil: 53446.0"	"Group enriched"	"Detected in all"	9	"granulocytes: 53446.0;monocytes: 26966.7"	"Group enriched"	"Detected in many"	6	"breast cancer: 333.1;cervical cancer: 581.7;head and neck cancer: 730.8"	"Adipose visceral - Neutrophils, Adrenal gland - Neutrophils, Colon - Neutrophils, Heart muscle - Neutrophils, Liver - Neutrophils, Lung - Neutrophil_2, Pituitary gland - Neutrophils, Skeletal muscle - Neutrophils, Spleen - Neutrophils, Thyroid gland - Neutrophils"	"Low region specificity"	"Detected in many"			"Low region specificity"	"Detected in many"			"CAB002791, HPA024372"	Enhanced		Supported	"Intermediate filaments,Cytosol"	"Secreted to blood"	Immunity	NA	NA	10900000	270000000	"Cluster 38: Monocytes & Neutrophils - Degranulation"	"Cluster 77: Bone marrow - Cell proliferation"	"Cluster 12: Non-specific - Vasculature"	"Cluster 53: Squamous epithelial cells - Keratinization"	"Cluster 59: Suprabasal keratinocytes - Cornification"	27	"Intermediate filaments"	Cytosol	"CAB002791: , HPA024372: AB_1856536"	"unprognostic (2.27e-1)"	"unprognostic (2.23e-1)"	"unprognostic (1.06e-1)"	"unprognostic (6.86e-2)"	"unprognostic (3.03e-1)"	"unprognostic (1.81e-1)"	"potential prognostic unfavorable (9.35e-4)"	"unprognostic (5.33e-2)"	"unprognostic (1.02e-2)"	"unprognostic (4.32e-1)"	"unprognostic (1.03e-2)"	"unprognostic (5.08e-2)"	"unprognostic (5.07e-2)"	"unprognostic (7.11e-2)"	"unprognostic (9.14e-2)"	"unprognostic (2.05e-2)"	"unprognostic (5.75e-2)"	"unprognostic (3.40e-1)"	"unprognostic (1.31e-3)"	"unprognostic (2.98e-1)"	"unprognostic (3.31e-2)"	"unprognostic (1.98e-2)"	"unprognostic (5.58e-2)"	"unprognostic (3.05e-2)"	"unprognostic (8.69e-2)"	"unprognostic (1.32e-1)"	"unprognostic (2.19e-1)"	"unprognostic (1.45e-1)"	"unprognostic (1.99e-1)"	"unprognostic (2.79e-2)"	"unprognostic (1.86e-1)"
S100A9	"60B8AG, CAGB, CFAG, CGLB, LIAG, MAC387, MIF, MRP-14, MRP14, NIF, P14, S100-A9"	ENSG00000163220	"S100 calcium binding protein A9"	P06702	1	153357854-153361023	"Cancer-related genes, Plasma proteins, Predicted intracellular proteins, Predicted secreted proteins"	"Apoptosis, Autophagy, Chemotaxis, Immunity, Inflammatory response, Innate immunity"	"Antimicrobial, Antioxidant"	"Cancer-related genes"	"Evidence at protein level"	"Evidence at protein level"	"Evidence at protein level"	"Evidence at protein level"	"Tissue enhanced"	"Detected in all"		"bone marrow: 31844.0;esophagus: 29726.6;vagina: 13605.6"	"Cell type enriched"	"Detected in many"	4	"Suprabasal keratinocytes: 51199.6"	"Cell type enriched"	"Detected in single"	57	"leukocyte: 20.6"	"Cancer enhanced"	"Detected in all"		"Cervical Squamous Cell Carcinoma and Endocervical Adenocarcinoma (TCGA): 9596.7;Head and Neck Squamous Cell Carcinoma (TCGA): 12365.7"	"Region enhanced"	"Detected in all"		"cerebral cortex: 97.1"	"Group enriched"	"Detected in all"	6	"classical monocyte: 24645.2;neutrophil: 33874.3"	"Group enriched"	"Detected in all"	6	"granulocytes: 33874.3;monocytes: 24645.2"	"Cancer enhanced"	"Detected in many"		"breast cancer: 536.0;head and neck cancer: 1157.4"	"Adrenal gland - Neutrophils, Breast - Macrophages, Colon - Neutrophils, Liver - Neutrophils, Lung - Neutrophil_2, Pituitary gland - Neutrophils, Skeletal muscle - Neutrophils, Spleen - Neutrophils, Thyroid gland - Neutrophils"	"Low region specificity"	"Detected in many"			"Not detected"	"Not detected"			"HPA004193, CAB009441, CAB080262"	Enhanced		Supported	"Plasma membrane,Intermediate filaments,Cytosol"	"Secreted to blood"	Immunity	NA	NA	10600000	950000000	"Cluster 38: Monocytes & Neutrophils - Degranulation"	"Cluster 77: Bone marrow - Cell proliferation"	"Cluster 12: Non-specific - Vasculature"	"Cluster 53: Squamous epithelial cells - Keratinization"	"Cluster 59: Suprabasal keratinocytes - Cornification"	44	"Plasma membrane, Intermediate filaments, Cytosol"		"CAB009441: AB_2184420, CAB080262: , HPA004193: AB_1856537"	"unprognostic (8.79e-2)"	"unprognostic (1.28e-1)"	"unprognostic (1.23e-1)"	"unprognostic (1.50e-2)"	"unprognostic (3.50e-1)"	"unprognostic (4.57e-1)"	"potential prognostic unfavorable (2.06e-4)"	"unprognostic (3.56e-2)"	"unprognostic (4.25e-3)"	"unprognostic (8.25e-2)"	"unprognostic (5.24e-2)"	"unprognostic (3.07e-1)"	"unprognostic (2.03e-1)"	"potential prognostic unfavorable (6.94e-6)"	"unprognostic (1.29e-1)"	"unprognostic (6.18e-3)"	"unprognostic (2.51e-1)"	"unprognostic (1.85e-1)"	"potential prognostic unfavorable (2.89e-4)"	"unprognostic (1.78e-1)"	"unprognostic (1.59e-1)"	"unprognostic (8.06e-3)"	"unprognostic (1.70e-3)"	"unprognostic (3.30e-2)"	"unprognostic (5.43e-2)"	"unprognostic (3.16e-1)"	"unprognostic (2.19e-1)"	"unprognostic (8.19e-2)"	"unprognostic (1.18e-1)"	"unprognostic (2.92e-2)"	"unprognostic (1.68e-1)"
S100P		ENSG00000163993	"S100 calcium binding protein P"	P25815	4	6693878-6697170	"Plasma proteins, Predicted intracellular proteins"				"Evidence at protein level"	"Evidence at protein level"	"Evidence at protein level"	"Evidence at protein level"	"Tissue enhanced"	"Detected in many"		"bone marrow: 1393.2;stomach 1: 1692.9;urinary bladder: 1708.0"	"Cell type enhanced"	"Detected in many"		"Club cells: 1859.7;Extravillous trophoblasts: 862.6;Gastric mucus-secreting cells: 1979.7;Ionocytes: 998.1;Syncytiotrophoblasts: 2925.3"	"Not detected"	"Not detected"			"Cancer enhanced"	"Detected in many"		"Bladder Urothelial Carcinoma (TCGA): 2315.6"	"Low region specificity"	"Detected in all"			"Group enriched"	"Detected in many"	46	"basophil: 1796.7;eosinophil: 839.7;neutrophil: 2984.9"	"Lineage enriched"	"Detected in many"	73	"granulocytes: 2984.9"	"Low cancer specificity"	"Detected in all"			"Adipose visceral - Neutrophils, Heart muscle - Neutrophils, Liver - Neutrophils, Pituitary gland - Neutrophils, Prostate - Urothelial cells, Skeletal muscle - Neutrophils, Spleen - Neutrophils, Stomach - Gastric mucous cells, Testis - Late spermatids, Thyroid gland - Neutrophils"									"HPA019502, HPA075251"	Enhanced		Supported	Nucleoplasm			NA	NA		1800000	"Cluster 35: Neutrophils - Protein binding"	"Cluster 77: Bone marrow - Cell proliferation"	"Cluster 12: Non-specific - Vasculature"	"Cluster 7: Liver cancer - Metabolism"	"Cluster 45: Non-specific - Mixed function"	32	Nucleoplasm		"HPA019502: AB_1856530, HPA075251: "	"unprognostic (1.24e-2)"	"unprognostic (1.31e-1)"	"unprognostic (2.24e-1)"	"unprognostic (1.23e-1)"	"unprognostic (3.65e-2)"	"unprognostic (2.01e-1)"	"unprognostic (2.43e-1)"		"unprognostic (6.96e-2)"		"unprognostic (2.58e-1)"	"unprognostic (1.66e-1)"	"unprognostic (1.44e-1)"	"unprognostic (1.16e-3)"	"unprognostic (3.78e-2)"	"potential prognostic unfavorable (5.76e-4)"	"unprognostic (1.55e-1)"	"unprognostic (1.97e-1)"	"unprognostic (7.75e-2)"	"unprognostic (1.24e-1)"	"unprognostic (1.54e-1)"	"potential prognostic unfavorable (3.46e-4)"	"unprognostic (1.78e-1)"	"unprognostic (2.47e-2)"	"unprognostic (8.13e-2)"	"unprognostic (1.11e-1)"	"unprognostic (5.01e-2)"	"unprognostic (6.25e-2)"	"unprognostic (1.77e-1)"		"unprognostic (1.65e-1)"
S100Z	"Gm625, S100-zeta"	ENSG00000171643	"S100 calcium binding protein Z"	Q8WXG8	5	76850001-76921650	"Predicted intracellular proteins"				"Evidence at protein level"	"Evidence at transcript level"	"Evidence at protein level"	"Evidence at protein level"	"Tissue enhanced"	"Detected in some"		"bone marrow: 2.4;lymphoid tissue: 3.1"	"Cell type enhanced"	"Detected in some"		"Hofbauer cells: 13.4;Kupffer cells: 11.6;Macrophages: 10.7;Microglial cells: 31.3;monocytes: 31.9;Oocytes: 55.9"	"Cell type enriched"	"Detected in many"	4	"central nervous system macrophage: 257.6"	"Cancer enhanced"	"Detected in single"		"Testicular Germ Cell Tumor (TCGA): 3.1"	"Low region specificity"	"Detected in many"			"Group enriched"	"Detected in many"	6	"classical monocyte: 35.1;eosinophil: 31.9;intermediate monocyte: 34.0;myeloid DC: 19.5;neutrophil: 11.9;non-classical monocyte: 39.7"	"Group enriched"	"Detected in many"	6	"dendritic cells: 19.5;granulocytes: 31.9;monocytes: 39.7"	"Group enriched"	"Detected in some"	6	"Leukemia: 5.4;lymphoma: 17.0"		"Region enriched"	"Detected in single"	5	"olfactory bulb: 1.3"	"Low region specificity"	"Detected in all"			HPA051929	Approved		Approved	Nucleoplasm,Centrosome,Cytosol			NA	NA			"Cluster 25: Non-specific - Unknown function"	"Cluster 70: Lymphoid tissue - Immune response"	"Cluster 20: Macrophages & Microglia - Immune response"	"Cluster 46: Lymphoma - Humoral immune response"	"Cluster 29: Monocytes - Innate immune response"	11	"Centrosome, Cytosol"	Nucleoplasm	"HPA051929: AB_2732571"			"unprognostic (2.32e-2)"					"unprognostic (4.29e-2)"																					"unprognostic (2.42e-1)"		
SAT1	"SAT, SSAT"	ENSG00000130066	"Spermidine/spermine N1-acetyltransferase 1"	P21673	X	23783173-23786210	"Disease related genes, Enzymes, Human disease related genes, Metabolic proteins, Potential drug targets, Predicted intracellular proteins"		"Acyltransferase, Transferase"		"Evidence at protein level"	"Evidence at protein level"	"Evidence at protein level"	"Evidence at protein level"	"Low tissue specificity"	"Detected in all"			"Cell type enhanced"	"Detected in all"		"Basal respiratory cells: 8288.8;Ionocytes: 7820.9;Langerhans cells: 15662.5;monocytes: 14325.5"	"Cell type enhanced"	"Detected in all"		"central nervous system macrophage: 732.5;endothelial cell: 651.4"	"Low cancer specificity"	"Detected in all"			"Low region specificity"	"Detected in all"			"Group enriched"	"Detected in all"	4	"classical monocyte: 654.2;intermediate monocyte: 1845.7;neutrophil: 1585.1;non-classical monocyte: 2462.2"	"Group enriched"	"Detected in all"	6	"granulocytes: 1585.1;monocytes: 2462.2"	"Low cancer specificity"	"Detected in all"				"Low region specificity"	"Detected in all"			"Low region specificity"	"Detected in all"			"CAB047343, HPA055312, CAB069914"	Supported						NA	NA			"Cluster 40: Monocytes - Innate immune response"	"Cluster 81: Lymphoid tissue & Bone marrow - Innate immune response"	"Cluster 12: Non-specific - Vasculature"	"Cluster 53: Squamous epithelial cells - Keratinization"	"Cluster 35: Respiratory epithelial cells - Unknown function"	49			"CAB047343: , CAB069914: AB_830224, HPA055312: AB_2682781"	"unprognostic (7.13e-2)"	"unprognostic (4.54e-2)"	"unprognostic (3.17e-2)"	"unprognostic (1.04e-1)"	"unprognostic (8.37e-2)"	"unprognostic (1.19e-1)"	"unprognostic (1.63e-2)"	"unprognostic (2.14e-1)"	"unprognostic (1.81e-1)"	"unprognostic (1.70e-1)"	"unprognostic (1.45e-1)"	"unprognostic (2.54e-1)"	"unprognostic (4.61e-2)"	"unprognostic (1.86e-2)"	"unprognostic (1.80e-2)"	"unprognostic (9.32e-2)"	"unprognostic (4.40e-2)"	"unprognostic (4.58e-2)"	"unprognostic (1.29e-1)"	"unprognostic (1.88e-1)"	"unprognostic (1.14e-2)"	"unprognostic (1.45e-3)"	"unprognostic (1.76e-1)"	"unprognostic (1.32e-1)"	"unprognostic (7.24e-2)"	"unprognostic (4.29e-3)"	"unprognostic (2.66e-1)"	"unprognostic (6.92e-2)"	"unprognostic (3.38e-2)"	"unprognostic (3.93e-2)"	"unprognostic (9.53e-2)"
SCGB1C1	RYD5	ENSG00000188076	"Secretoglobin family 1C member 1"	Q8TD33	11	193078-194575	"Predicted secreted proteins"				"Evidence at transcript level"	"Evidence at transcript level"	"No human protein/transcript evidence"	"Evidence at transcript level"	"Tissue enhanced"	"Detected in some"		"pancreas: 1.4;retina: 3.3;salivary gland: 1.0"	"Not detected"	"Not detected"			"Not detected"	"Not detected"			"Cancer enhanced"	"Detected in single"		"Ovary Serous Cystadenocarcinoma (TCGA): 1.5"	"Low region specificity"	"Detected in many"			"Group enriched"	"Detected in some"	32	"basophil: 4.9;neutrophil: 1.3"	"Lineage enriched"	"Detected in single"	50	"granulocytes: 4.9"	"Not detected"	"Not detected"																	"Secreted - unknown location"	"No annotated function"	NA	NA			"Cluster 4: Neutrophils - Degranulation"	"Cluster 76: Retina - Visual perception"	"Cluster 15: Non-specific - Transcription"	"Cluster 16: Thyroid cancer - Neuronal signaling"	"Cluster 57: Platelets - Hemostasis"																								"unprognostic (4.75e-2)"											
SEMA4A	"CORD10, FLJ12287, SEMAB, SemB"	ENSG00000196189	"Semaphorin 4A"	Q9H3S1	1	156147366-156177752	"Disease related genes, Human disease related genes, Predicted intracellular proteins, Predicted membrane proteins"	"Adaptive immunity, Angiogenesis, Differentiation, Immunity, Neurogenesis"	"Developmental protein"	"Cone-rod dystrophy, Disease variant, Retinitis pigmentosa"	"Evidence at protein level"	"Evidence at protein level"	"Evidence at protein level"	"Evidence at protein level"	"Tissue enhanced"	"Detected in many"		"epididymis: 50.0"	"Cell type enhanced"	"Detected in many"		"Alveolar cells type 2: 90.5;Mucus glandular cells: 69.2;Salivary duct cells: 101.6"	"Cell type enhanced"	"Detected in many"		"deep-layer corticothalamic and 6b: 57.6"	"Low cancer specificity"	"Detected in all"			"Low region specificity"	"Detected in all"			"Group enriched"	"Detected in many"	5	"classical monocyte: 124.0;eosinophil: 120.5;intermediate monocyte: 132.8;myeloid DC: 183.2;neutrophil: 211.4;non-classical monocyte: 76.6"	"Group enriched"	"Detected in all"	13	"dendritic cells: 183.2;granulocytes: 211.4;monocytes: 132.8"	"Cancer enhanced"	"Detected in many"		"lymphoma: 47.3;Myeloma: 105.7"	"Spleen - Neutrophils, Thyroid gland - Thyroid glandular cells"	"Low region specificity"	"Detected in all"			"Low region specificity"	"Detected in all"			HPA069136	Supported						NA	NA		3300000	"Cluster 38: Monocytes & Neutrophils - Degranulation"	"Cluster 77: Bone marrow - Cell proliferation"	"Cluster 51: Neurons - Mixed function"	"Cluster 51: Myeloma - Immunoglobulins"	"Cluster 29: Monocytes - Innate immune response"	1			"HPA069136: AB_2686093"	"unprognostic (9.91e-2)"	"unprognostic (1.26e-1)"	"unprognostic (8.63e-2)"	"unprognostic (1.77e-1)"	"unprognostic (3.04e-1)"	"unprognostic (3.75e-2)"	"unprognostic (1.33e-1)"	"unprognostic (1.10e-1)"	"unprognostic (1.55e-2)"	"unprognostic (1.55e-1)"	"unprognostic (3.57e-2)"	"unprognostic (2.13e-1)"	"unprognostic (2.65e-1)"	"unprognostic (1.24e-1)"	"unprognostic (5.20e-2)"	"unprognostic (1.45e-3)"	"unprognostic (9.85e-2)"	"unprognostic (3.05e-2)"	"unprognostic (2.85e-2)"	"unprognostic (1.68e-1)"	"unprognostic (1.01e-1)"	"unprognostic (4.63e-2)"	"unprognostic (1.56e-2)"	"unprognostic (3.85e-1)"	"unprognostic (1.09e-1)"	"unprognostic (6.74e-2)"	"unprognostic (1.09e-1)"	"unprognostic (3.36e-2)"	"unprognostic (3.10e-1)"	"unprognostic (1.53e-2)"	"unprognostic (1.35e-1)"
SEMA4B	"KIAA1745, MGC131831, SEMAC, SemC"	ENSG00000185033	"Semaphorin 4B"	Q9NPR2	15	90160604-90229679	"Predicted intracellular proteins, Predicted membrane proteins"	"Differentiation, Neurogenesis"	"Developmental protein"		"Evidence at protein level"	"Evidence at transcript level"	"Evidence at protein level"	"Evidence at protein level"	"Tissue enhanced"	"Detected in all"		"esophagus: 120.9"	"Cell type enhanced"	"Detected in many"		"Extravillous trophoblasts: 80.5"	"Low cell type specificity"	"Detected in all"			"Low cancer specificity"	"Detected in all"			"Low region specificity"	"Detected in all"			"Group enriched"	"Detected in many"	4	"memory B-cell: 17.0;naive B-cell: 15.0;neutrophil: 5.2"	"Low lineage specificity"	"Detected in many"			"Low cancer specificity"	"Detected in all"			"Breast - Breast glandular cells, Prostate - Urothelial cells, Skin - Keratinocyte (other), Spleen - Fibroblast_2"	"Low region specificity"	"Detected in all"			"Low region specificity"	"Detected in all"			HPA013372	Approved		Approved	"Nucleoplasm,Vesicles,Cell Junctions"			NA	NA		120000000	"Cluster 23: B-cells - Immunoglobulins"	"Cluster 27: Squamous epithelium - Keratinization"	"Cluster 19: Astrocytes - Mixed function"	"Cluster 15: Kidney cancer - Membrane components"	"Cluster 12: Squamous epithelial cells - Keratinization"		"Cell Junctions"	"Nucleoplasm, Vesicles"	"HPA013372: AB_1856670"	"unprognostic (3.36e-1)"	"unprognostic (2.34e-1)"	"unprognostic (2.66e-2)"	"unprognostic (1.83e-3)"	"unprognostic (1.98e-2)"	"unprognostic (1.59e-2)"	"unprognostic (1.26e-1)"	"unprognostic (2.23e-1)"	"unprognostic (2.05e-2)"	"unprognostic (1.16e-1)"	"unprognostic (3.40e-3)"	"unprognostic (1.49e-2)"	"unprognostic (4.22e-3)"	"unprognostic (1.09e-3)"	"potential prognostic unfavorable (5.35e-4)"	"validated prognostic unfavorable (2.10e-4)"	"validated prognostic unfavorable (1.30e-7)"	"unprognostic (5.03e-2)"	"unprognostic (1.13e-1)"	"unprognostic (1.61e-1)"	"unprognostic (3.23e-2)"	"unprognostic (1.66e-3)"	"unprognostic (4.19e-3)"	"unprognostic (6.40e-2)"	"unprognostic (6.72e-2)"	"unprognostic (1.99e-2)"	"unprognostic (1.76e-1)"	"unprognostic (1.21e-1)"	"unprognostic (2.79e-1)"	"unprognostic (1.80e-2)"	"unprognostic (5.19e-2)"
SEPTIN5	"H5, HCDCREL-1, PNUTL1, SEPT5"	ENSG00000184702	"Septin 5"	Q99719	22	19714503-19724224	"Predicted intracellular proteins"	"Cell cycle, Cell division"			"Evidence at protein level"	"Evidence at protein level"	"Evidence at protein level"	"Evidence at protein level"	"Tissue enhanced"	"Detected in all"		"brain: 569.8"	"Cell type enriched"	"Detected in some"	5	"Squamous epithelial cells: 10.1"	"Low cell type specificity"	"Detected in all"			"Low cancer specificity"	"Detected in all"			"Low region specificity"	"Detected in all"			"Group enriched"	"Detected in some"	32	"eosinophil: 15.5;neutrophil: 5.8"	"Lineage enriched"	"Detected in single"	47	"granulocytes: 15.5"	"Low cancer specificity"	"Detected in all"			"Heart muscle - Cardiomyocytes, Lung - Smooth muscle cells, Spleen - Fibroblast_1"	"Low region specificity"	"Detected in all"			"Low region specificity"	"Detected in all"			"CAB016120, HPA029095, HPA063885"	Enhanced		Approved	"Nucleoplasm,Actin filaments,Cytosol"			NA	NA		1100000	"Cluster 21: Neutrophils - Unknown function"	"Cluster 61: Brain - Neuronal signaling"	"Cluster 51: Neurons - Mixed function"	"Cluster 12: Bone cancer - Neuronal signaling"	"Cluster 49: Non-specific - Transcription"	46	"Nucleoplasm, Actin filaments, Cytosol"		"CAB016120: AB_628240, HPA029095: AB_2672904, HPA063885: AB_2685141"	"unprognostic (3.78e-2)"	"unprognostic (3.73e-1)"		"unprognostic (1.16e-2)"	"unprognostic (2.79e-3)"	"potential prognostic unfavorable (7.23e-4)"	"unprognostic (2.88e-1)"	"unprognostic (4.20e-1)"	"unprognostic (2.84e-1)"	"unprognostic (4.34e-2)"	"unprognostic (1.11e-1)"	"unprognostic (1.57e-2)"	"unprognostic (8.50e-3)"	"unprognostic (3.62e-2)"		"unprognostic (3.72e-2)"	"unprognostic (1.74e-1)"	"unprognostic (2.63e-1)"	"unprognostic (1.77e-3)"	"unprognostic (1.44e-1)"	"unprognostic (1.00e-1)"	"unprognostic (1.46e-2)"	"unprognostic (4.41e-2)"	"unprognostic (8.48e-2)"	"unprognostic (7.54e-2)"	"unprognostic (1.59e-1)"	"unprognostic (1.00e-1)"	"unprognostic (2.59e-2)"	"unprognostic (2.96e-1)"	"unprognostic (4.13e-2)"	"unprognostic (1.19e-1)"
SGK1	SGK	ENSG00000118515	"Serum/glucocorticoid regulated kinase 1"	O00141	6	134169248-134318112	"Cancer-related genes, Enzymes, Predicted intracellular proteins"	"Apoptosis, Stress response"	"Kinase, Serine/threonine-protein kinase, Transferase"	"Cancer-related genes"	"Evidence at protein level"	"Evidence at protein level"	"Evidence at protein level"	"Evidence at protein level"	"Tissue enhanced"	"Detected in all"		"parathyroid gland: 972.4"	"Cell type enhanced"	"Detected in all"		"Langerhans cells: 1457.0;Proximal enterocytes: 708.1"	"Low cell type specificity"	"Detected in all"			"Low cancer specificity"	"Detected in all"			"Low region specificity"	"Detected in all"			"Group enriched"	"Detected in many"	4	"classical monocyte: 43.5;eosinophil: 170.2;neutrophil: 91.8"	"Group enriched"	"Detected in all"	8	"granulocytes: 170.2;monocytes: 43.5"	"Cancer enhanced"	"Detected in all"		"skin cancer: 215.3"		"Low region specificity"	"Detected in all"			"Low region specificity"	"Detected in all"			"CAB022085, CAB025148, HPA051251"	Approved		Enhanced	"Nuclear speckles"			NA	NA			"Cluster 21: Neutrophils - Unknown function"	"Cluster 24: Parathyroid gland - Vesicular transport"	"Cluster 11: White matter - Signal transduction"	"Cluster 9: Skin cancer - Melanin biosynthesis"	"Cluster 28: Dendritic cells - Antigen presentation"	22	"Nuclear speckles"		"CAB022085: , CAB025148: , HPA051251: AB_2681407"	"unprognostic (3.04e-1)"	"unprognostic (1.32e-1)"	"unprognostic (9.93e-3)"	"unprognostic (1.62e-2)"	"unprognostic (2.10e-2)"	"unprognostic (6.99e-2)"	"unprognostic (7.46e-2)"	"unprognostic (5.30e-2)"	"unprognostic (9.50e-2)"	"unprognostic (1.10e-2)"	"potential prognostic favorable (1.38e-11)"	"unprognostic (6.82e-3)"	"unprognostic (5.73e-2)"	"unprognostic (5.86e-2)"	"unprognostic (6.69e-2)"	"unprognostic (2.08e-1)"	"unprognostic (4.63e-2)"	"unprognostic (7.96e-3)"	"unprognostic (7.45e-2)"	"unprognostic (1.76e-2)"	"unprognostic (2.80e-2)"	"unprognostic (4.12e-2)"	"potential prognostic unfavorable (2.52e-4)"	"unprognostic (1.66e-1)"	"unprognostic (3.50e-1)"	"unprognostic (1.58e-2)"	"unprognostic (4.41e-1)"	"unprognostic (1.93e-2)"	"unprognostic (1.04e-1)"	"unprognostic (1.82e-1)"	"unprognostic (1.25e-1)"
SH3BP5L	KIAA1720	ENSG00000175137	"SH3 binding domain protein 5 like"	Q7L8J4	1	248810446-248825915	"Predicted intracellular proteins"		"Guanine-nucleotide releasing factor"		"Evidence at protein level"	"Evidence at transcript level"	"Evidence at protein level"	"Evidence at protein level"	"Low tissue specificity"	"Detected in all"			"Low cell type specificity"	"Detected in many"			"Low cell type specificity"	"Detected in all"			"Low cancer specificity"	"Detected in all"			"Low region specificity"	"Detected in all"			"Group enriched"	"Detected in many"	4	"basophil: 7.7;eosinophil: 4.1;neutrophil: 4.7"	"Lineage enriched"	"Detected in many"	6	"granulocytes: 7.7"	"Low cancer specificity"	"Detected in all"				"Low region specificity"	"Detected in all"			"Low region specificity"	"Detected in all"			"HPA038067, HPA038068"	Approved		Approved	"Nucleoplasm,Golgi apparatus,Vesicles"			NA	NA			"Cluster 19: Eosinophils - Unknown function"	"Cluster 79: Non-specific - Transcription"	"Cluster 34: Non-specific - Mixed function"	"Cluster 15: Kidney cancer - Membrane components"	"Cluster 45: Non-specific - Mixed function"	21	"Nucleoplasm, Golgi apparatus, Vesicles"		"HPA038067: AB_2675814, HPA038068: AB_10670651"	"unprognostic (2.42e-1)"	"unprognostic (1.15e-1)"	"unprognostic (8.13e-2)"	"unprognostic (3.29e-3)"	"unprognostic (3.23e-1)"	"unprognostic (2.55e-3)"	"unprognostic (2.37e-1)"	"unprognostic (1.94e-3)"	"unprognostic (2.40e-3)"	"unprognostic (2.38e-1)"	"potential prognostic favorable (5.69e-4)"	"unprognostic (2.29e-1)"	"unprognostic (1.55e-3)"	"potential prognostic unfavorable (8.93e-4)"	"unprognostic (3.50e-1)"	"unprognostic (8.35e-2)"	"potential prognostic unfavorable (6.38e-4)"	"unprognostic (8.58e-2)"	"unprognostic (2.63e-1)"	"unprognostic (3.36e-1)"	"unprognostic (1.72e-1)"	"unprognostic (3.98e-2)"	"unprognostic (1.86e-1)"	"unprognostic (2.79e-3)"	"unprognostic (1.53e-1)"	"unprognostic (8.98e-2)"	"unprognostic (3.32e-1)"	"unprognostic (7.13e-2)"	"unprognostic (4.34e-2)"	"unprognostic (7.74e-2)"	"unprognostic (2.59e-1)"
SHISA4	"C1orf40, hShisa4, TMEM58"	ENSG00000198892	"Shisa family member 4"	Q96DD7	1	201888680-201892587	"Predicted membrane proteins"				"Evidence at protein level"	"Evidence at transcript level"	"Evidence at protein level"	"Evidence at protein level"	"Tissue enhanced"	"Detected in many"		"skeletal muscle: 212.0"	"Cell type enhanced"	"Detected in many"		"Skeletal myocytes: 42.9"	"Low cell type specificity"	"Detected in all"			"Cancer enhanced"	"Detected in all"		"Glioblastoma Multiforme (TCGA): 40.5"	"Low region specificity"	"Detected in all"			"Group enriched"	"Detected in many"	7	"eosinophil: 24.6;intermediate monocyte: 8.1;neutrophil: 9.1;non-classical monocyte: 10.2"	"Group enriched"	"Detected in many"	10	"granulocytes: 24.6;monocytes: 10.2"	"Low cancer specificity"	"Detected in many"			"Breast - Fibroblasts, Heart muscle - Cardiomyocytes, Skeletal muscle - Skeletal myocytes, Skin - Fibroblast_2, Spleen - Fibroblast_1, Thyroid gland - Thyroid glandular cells"	"Low region specificity"	"Detected in all"			"Low region specificity"	"Detected in all"			"HPA061273, HPA067885"	Uncertain						NA	NA			"Cluster 45: Eosinophils - Unknown function"	"Cluster 2: Skeletal muscle - Striated muscle contraction"	"Cluster 19: Astrocytes - Mixed function"	"Cluster 69: Skin cancer - ECM organization"	"Cluster 32: Smooth muscle cells - Muscle contraction"	9			"HPA061273: AB_2684460, HPA067885: "	"unprognostic (1.08e-1)"	"unprognostic (3.42e-2)"	"unprognostic (8.78e-2)"	"unprognostic (3.10e-2)"	"unprognostic (3.10e-3)"	"unprognostic (9.63e-2)"	"unprognostic (1.38e-1)"	"unprognostic (2.57e-1)"	"unprognostic (6.83e-3)"	"unprognostic (4.38e-1)"	"potential prognostic unfavorable (1.07e-4)"	"unprognostic (2.14e-2)"	"unprognostic (2.14e-2)"	"unprognostic (1.13e-2)"	"unprognostic (1.22e-1)"	"unprognostic (2.01e-2)"	"unprognostic (5.93e-2)"	"unprognostic (3.49e-3)"	"unprognostic (5.97e-1)"	"unprognostic (6.82e-2)"	"potential prognostic unfavorable (1.67e-4)"	"unprognostic (2.70e-1)"	"unprognostic (1.23e-1)"	"unprognostic (9.65e-3)"	"unprognostic (2.95e-2)"	"unprognostic (1.06e-2)"	"unprognostic (2.69e-1)"	"unprognostic (4.94e-2)"	"unprognostic (8.08e-2)"	"unprognostic (6.59e-2)"	"unprognostic (1.23e-1)"
SIGLEC14		ENSG00000254415	"Sialic acid binding Ig like lectin 14"	Q08ET2	19	51639478-51646825	"Plasma proteins, Predicted membrane proteins"	"Cell adhesion"			"Evidence at protein level"	"Evidence at protein level"	"Evidence at protein level"	"Evidence at protein level"	"Tissue enhanced"	"Detected in many"		"bone marrow: 23.0;lymphoid tissue: 27.0"	"Group enriched"	"Detected in some"	4	"Hofbauer cells: 23.3;Kupffer cells: 52.3;Macrophages: 17.7;monocytes: 22.5"	"Not detected"	"Not detected"			"Low cancer specificity"	"Detected in many"			"Low region specificity"	"Detected in all"			"Group enriched"	"Detected in many"	5	"classical monocyte: 57.8;intermediate monocyte: 71.1;myeloid DC: 34.7;neutrophil: 80.0;non-classical monocyte: 58.8"	"Group enriched"	"Detected in many"	5	"dendritic cells: 34.7;granulocytes: 80.0;monocytes: 71.1"	"Cancer enhanced"	"Detected in single"		"Leukemia: 3.2"	"Adipose subcutaneous - Macrophages, Adrenal gland - Macrophages, Breast - Macrophages, Colon - Macrophages, Pancreas - Macrophages, Pituitary gland - Macrophages, Prostate - Macrophages, Stomach - Macrophages, Thyroid gland - Macrophages"									"HPA014377, HPA014428"	Uncertain		Uncertain	"Vesicles,Plasma membrane"			NA	NA		18000000	"Cluster 38: Monocytes & Neutrophils - Degranulation"	"Cluster 81: Lymphoid tissue & Bone marrow - Innate immune response"	"Cluster 6: Non-specific - Immune response"	"Cluster 49: HMC-1 - Innate immune response"	"Cluster 29: Monocytes - Innate immune response"		Vesicles	"Plasma membrane"	"HPA014377: AB_2189277, HPA014428: "	"unprognostic (1.77e-3)"	"unprognostic (9.34e-2)"	"unprognostic (1.13e-1)"	"unprognostic (2.51e-1)"	"unprognostic (4.69e-3)"	"unprognostic (1.70e-1)"	"unprognostic (5.12e-3)"	"unprognostic (1.90e-1)"	"unprognostic (7.86e-3)"	"unprognostic (3.25e-1)"	"unprognostic (2.51e-2)"	"unprognostic (2.11e-3)"	"unprognostic (9.99e-2)"		"unprognostic (5.02e-1)"	"unprognostic (5.31e-2)"	"unprognostic (9.59e-3)"	"unprognostic (6.81e-2)"	"unprognostic (2.32e-1)"	"unprognostic (3.46e-1)"	"unprognostic (1.74e-1)"	"unprognostic (2.44e-2)"	"unprognostic (1.16e-1)"		"unprognostic (1.88e-3)"	"unprognostic (8.73e-2)"	"unprognostic (2.28e-2)"	"unprognostic (2.99e-1)"	"unprognostic (3.95e-2)"	"unprognostic (9.73e-2)"	"unprognostic (1.93e-1)"
SIGLEC9	CD329	ENSG00000129450	"Sialic acid binding Ig like lectin 9"	Q9Y336	19	51124906-51136651	"Predicted membrane proteins"	"Cell adhesion"			"Evidence at protein level"	"Evidence at protein level"	"Evidence at protein level"	"Evidence at protein level"	"Tissue enhanced"	"Detected in many"		"lymphoid tissue: 20.2"	"Group enriched"	"Detected in some"	4	"Hofbauer cells: 43.1;Kupffer cells: 31.8;Langerhans cells: 19.8;Macrophages: 24.6;monocytes: 14.7"	"Group enriched"	"Detected in some"	30	"central nervous system macrophage: 27.6;leukocyte: 10.7"	"Low cancer specificity"	"Detected in many"			"Low region specificity"	"Detected in all"			"Group enriched"	"Detected in many"	10	"classical monocyte: 199.2;intermediate monocyte: 182.7;myeloid DC: 169.3;neutrophil: 212.9;non-classical monocyte: 122.4"	"Group enriched"	"Detected in many"	13	"dendritic cells: 169.3;granulocytes: 212.9;monocytes: 199.2"	"Group enriched"	"Detected in some"	7	"Leukemia: 1.9;Myeloma: 3.1"	"Adipose subcutaneous - Macrophages, Adipose visceral - Macrophages, Adrenal gland - Macrophages, Breast - Macrophages, Heart muscle - Macrophages, Kidney - Macrophages, Liver - Kupffer cells, Pituitary gland - Macrophages, Prostate - Macrophages, Skeletal muscle - Macrophages, Skin - Macrophages, Stomach - Macrophages, Thyroid gland - Macrophages"									"HPA010682, CAB080397"	Approved						NA	NA		12000000	"Cluster 38: Monocytes & Neutrophils - Degranulation"	"Cluster 70: Lymphoid tissue - Immune response"	"Cluster 20: Macrophages & Microglia - Immune response"	"Cluster 51: Myeloma - Immunoglobulins"	"Cluster 29: Monocytes - Innate immune response"	4			"CAB080397: , HPA010682: AB_1079968"	"unprognostic (2.51e-1)"	"unprognostic (3.67e-1)"	"unprognostic (3.09e-1)"	"unprognostic (6.12e-2)"	"unprognostic (9.25e-2)"	"unprognostic (6.35e-2)"	"unprognostic (7.61e-3)"	"unprognostic (2.29e-1)"	"unprognostic (1.20e-1)"	"unprognostic (1.81e-1)"	"unprognostic (1.83e-1)"	"unprognostic (3.09e-1)"	"unprognostic (1.42e-2)"	"unprognostic (3.41e-2)"	"unprognostic (3.70e-3)"	"unprognostic (3.78e-2)"	"unprognostic (2.82e-3)"	"unprognostic (3.50e-2)"	"unprognostic (1.40e-1)"	"unprognostic (3.78e-3)"	"unprognostic (4.02e-1)"	"unprognostic (7.90e-2)"	"unprognostic (3.05e-2)"		"unprognostic (1.20e-2)"	"unprognostic (1.75e-1)"	"unprognostic (2.24e-2)"	"unprognostic (1.03e-1)"	"unprognostic (1.68e-2)"	"unprognostic (4.73e-1)"	"unprognostic (1.99e-1)"
SIRPA	"BIT, CD172a, MFR, MYD-1, P84, PTPNS1, SHPS-1, SHPS1, SIRP, SIRP-ALPHA-1, SIRPalpha, SIRPalpha2"	ENSG00000198053	"Signal regulatory protein alpha"	P78324	20	1894167-1940592	"CD markers, Plasma proteins, Predicted membrane proteins"				"Evidence at protein level"	"Evidence at protein level"	"Evidence at protein level"	"Evidence at protein level"	"Tissue enhanced"	"Detected in all"		"brain: 165.3"	"Cell type enhanced"	"Detected in many"		"Astrocytes: 131.0;Excitatory neurons: 84.5;Hofbauer cells: 100.3;Macrophages: 87.6"	"Low cell type specificity"	"Detected in all"			"Low cancer specificity"	"Detected in all"			"Low region specificity"	"Detected in all"			"Group enriched"	"Detected in many"	6	"classical monocyte: 24.1;eosinophil: 48.7;myeloid DC: 13.9;neutrophil: 50.9"	"Group enriched"	"Detected in many"	150	"dendritic cells: 13.9;granulocytes: 50.9;monocytes: 24.1"	"Cancer enhanced"	"Detected in many"		"Kidney cancer: 121.9"	"Adipose subcutaneous - Macrophages, Spleen - Neutrophils, Testis - Spermatogonia"									"CAB002776, CAB015122, HPA054437, HPA058511"	Enhanced						NA	NA		70000000	"Cluster 21: Neutrophils - Unknown function"	"Cluster 22: Brain - Synaptic signal transduction"	"Cluster 40: Astrocytes - Astrocyte-neuron interactions"	"Cluster 15: Kidney cancer - Membrane components"	"Cluster 58: Macrophages - Innate immune response"	27			"CAB002776: , CAB015122: AB_677430, HPA054437: AB_2682488, HPA058511: AB_2683738"	"unprognostic (3.03e-1)"	"unprognostic (2.49e-1)"	"unprognostic (5.66e-2)"	"unprognostic (3.50e-2)"	"unprognostic (3.74e-1)"	"unprognostic (1.45e-1)"	"unprognostic (4.20e-2)"	"unprognostic (7.66e-2)"	"unprognostic (9.21e-2)"	"unprognostic (1.87e-1)"	"unprognostic (3.78e-2)"	"unprognostic (3.22e-1)"	"unprognostic (4.90e-2)"	"potential prognostic unfavorable (9.92e-5)"	"unprognostic (1.51e-1)"	"unprognostic (1.18e-1)"	"unprognostic (2.34e-2)"	"potential prognostic unfavorable (8.92e-4)"	"unprognostic (6.37e-2)"	"unprognostic (1.03e-2)"	"unprognostic (1.55e-1)"	"unprognostic (4.44e-1)"	"unprognostic (1.97e-1)"	"unprognostic (1.54e-1)"	"unprognostic (1.89e-1)"	"unprognostic (1.60e-1)"	"unprognostic (4.09e-2)"	"unprognostic (1.57e-1)"	"unprognostic (9.68e-3)"	"unprognostic (1.65e-1)"	"unprognostic (8.18e-2)"
SIRPB2	"dJ776F14.2, PTPN1L, PTPNS1L3"	ENSG00000196209	"Signal regulatory protein beta 2"	Q5JXA9	20	1470741-1491587	"Predicted membrane proteins"				"Evidence at protein level"	"Evidence at transcript level"	"Evidence at transcript level"	"Evidence at protein level"	"Tissue enhanced"	"Detected in many"		"lymphoid tissue: 12.8"	"Group enriched"	"Detected in some"	8	"Hofbauer cells: 7.9;Kupffer cells: 14.7;Langerhans cells: 4.0;Macrophages: 11.5;Microglial cells: 13.4;monocytes: 6.1"	"Cell type enriched"	"Detected in some"	5	"central nervous system macrophage: 62.1"	"Low cancer specificity"	"Detected in many"			"Low region specificity"	"Detected in all"			"Group enriched"	"Detected in many"	12	"classical monocyte: 51.1;eosinophil: 31.7;intermediate monocyte: 30.4;myeloid DC: 21.1;neutrophil: 69.6;non-classical monocyte: 24.5"	"Group enriched"	"Detected in many"	331	"dendritic cells: 21.1;granulocytes: 69.6;monocytes: 51.1"	"Cancer enhanced"	"Detected in some"		"Leukemia: 4.7"	"Adipose subcutaneous - Macrophages, Adipose visceral - Macrophages, Adrenal gland - Macrophages, Breast - Macrophages, Colon - Macrophages, Heart muscle - Macrophages, Kidney - Macrophages, Minor Salivary Gland - Macrophages, Pancreas - Macrophages, Pituitary gland - Macrophages, Prostate - Macrophages, Skeletal muscle - Macrophages, Skin - Macrophages, Spleen - Neutrophils, Stomach - Macrophages, Thyroid gland - Macrophages"					"Low region specificity"	"Detected in many"			"HPA011548, HPA048032"	Uncertain		Approved	"Nuclear bodies"			NA	NA		180000	"Cluster 38: Monocytes & Neutrophils - Degranulation"	"Cluster 70: Lymphoid tissue - Immune response"	"Cluster 20: Macrophages & Microglia - Immune response"	"Cluster 14: Myeloid leukemia - Innate immune response"	"Cluster 29: Monocytes - Innate immune response"		"Nuclear bodies"		"HPA011548: AB_2668514, HPA048032: AB_2680236"	"unprognostic (1.28e-1)"	"unprognostic (5.95e-2)"	"unprognostic (4.59e-2)"	"unprognostic (2.72e-1)"	"unprognostic (1.36e-1)"	"unprognostic (4.71e-2)"	"unprognostic (3.19e-2)"	"unprognostic (1.47e-1)"	"unprognostic (3.80e-2)"	"unprognostic (7.26e-3)"	"unprognostic (1.37e-1)"	"unprognostic (9.09e-2)"	"unprognostic (3.63e-1)"			"unprognostic (2.16e-1)"	"unprognostic (2.30e-2)"	"unprognostic (8.25e-3)"	"unprognostic (1.11e-1)"	"unprognostic (4.66e-2)"	"unprognostic (1.12e-1)"	"unprognostic (3.10e-1)"	"unprognostic (1.07e-1)"		"unprognostic (9.03e-2)"	"unprognostic (4.39e-2)"		"unprognostic (6.83e-3)"	"unprognostic (4.65e-3)"	"unprognostic (1.22e-1)"	
SLC11A1	"LSH, NRAMP, NRAMP1"	ENSG00000018280	"Solute carrier family 11 member 1"	P49279	2	218382029-218396894	"Metabolic proteins, Predicted membrane proteins, Transporters"	"Ion transport, Iron transport, Transport"			"Evidence at protein level"	"Evidence at transcript level"	"Evidence at transcript level"	"Evidence at protein level"	"Tissue enhanced"	"Detected in many"		"choroid plexus: 35.3;lung: 76.2;lymphoid tissue: 45.5"	"Group enriched"	"Detected in many"	9	"Hofbauer cells: 171.8;Kupffer cells: 159.6;Macrophages: 216.8;monocytes: 503.9"	"Group enriched"	"Detected in many"	14	"central nervous system macrophage: 62.7;leukocyte: 52.7"	"Cancer enhanced"	"Detected in many"		"Glioblastoma Multiforme (TCGA): 11.9"	"Low region specificity"	"Detected in all"			"Group enriched"	"Detected in some"	7	"classical monocyte: 6.1;intermediate monocyte: 4.5;myeloid DC: 1.9;neutrophil: 4.4;non-classical monocyte: 6.1"	"Group enriched"	"Detected in many"	11	"dendritic cells: 1.9;granulocytes: 4.4;monocytes: 6.1"	"Not detected"	"Not detected"			"Adipose subcutaneous - Macrophages, Breast - Macrophages, Colon - Neutrophils, Liver - Neutrophils, Prostate - Macrophages, Skin - Macrophages, Spleen - Neutrophils, Thyroid gland - Neutrophils"	"Low region specificity"	"Detected in many"			"Not detected"	"Not detected"			"HPA029590, HPA050378, HPA068540"	Uncertain		Approved	Nucleoli,Mitochondria			NA	NA			"Cluster 40: Monocytes - Innate immune response"	"Cluster 57: Lung - Lung function"	"Cluster 12: Non-specific - Vasculature"	"Cluster 47: Leukemia - Hemostasis"	"Cluster 58: Macrophages - Innate immune response"		Mitochondria	Nucleoli	"HPA029590: AB_10794613, HPA050378: , HPA068540: "	"unprognostic (4.80e-2)"	"unprognostic (3.91e-2)"	"unprognostic (5.65e-2)"	"unprognostic (5.63e-2)"	"unprognostic (1.38e-3)"	"unprognostic (1.90e-1)"	"unprognostic (9.60e-3)"	"unprognostic (8.53e-2)"	"unprognostic (3.03e-2)"	"unprognostic (5.05e-2)"	"potential prognostic unfavorable (7.18e-6)"	"unprognostic (1.05e-1)"	"unprognostic (2.14e-2)"		"unprognostic (1.12e-1)"	"unprognostic (6.99e-2)"	"unprognostic (4.79e-2)"	"unprognostic (1.97e-2)"	"unprognostic (1.01e-1)"	"unprognostic (3.37e-2)"	"unprognostic (3.71e-1)"	"unprognostic (2.64e-2)"	"unprognostic (3.27e-3)"	"unprognostic (1.32e-1)"	"unprognostic (3.56e-2)"	"unprognostic (5.05e-2)"	"unprognostic (2.54e-2)"	"unprognostic (2.49e-2)"		"unprognostic (2.49e-3)"	"unprognostic (2.19e-3)"
SLC12A6	"ACCPN, KCC3, KCC3A, KCC3B"	ENSG00000140199	"Solute carrier family 12 member 6"	Q9UHW9	15	34229784-34338060	"Disease related genes, Human disease related genes, Metabolic proteins, Potential drug targets, Predicted intracellular proteins, Predicted membrane proteins, Transporters"	"Ion transport, Potassium transport, Symport, Transport"		"Charcot-Marie-Tooth disease, Disease variant, Neurodegeneration, Neuropathy"	"Evidence at protein level"	"Evidence at transcript level"	"Evidence at protein level"	"Evidence at protein level"	"Low tissue specificity"	"Detected in all"			"Cell type enhanced"	"Detected in many"		"Cone photoreceptor cells: 73.1"	"Low cell type specificity"	"Detected in all"			"Low cancer specificity"	"Detected in all"			"Low region specificity"	"Detected in all"			"Group enriched"	"Detected in many"	6	"basophil: 15.2;neutrophil: 23.5"	"Lineage enriched"	"Detected in many"	7	"granulocytes: 23.5"	"Low cancer specificity"	"Detected in all"			"Adrenal gland - Adrenal cortex cells, Spleen - Neutrophils, Testis - Early spermatids, Testis - Spermatocytes"	"Low region specificity"	"Detected in all"			"Low region specificity"	"Detected in all"			HPA034563	Uncertain		Approved	Vesicles,Cytosol			NA	NA			"Cluster 35: Neutrophils - Protein binding"	"Cluster 40: Non-specific - Transcription"	"Cluster 26: Oligodendrocytes - Mixed function"	"Cluster 47: Leukemia - Hemostasis"	"Cluster 74: Neutrophils - Degranulation"	8	"Vesicles, Cytosol"		"HPA034563: AB_10603887"	"unprognostic (1.14e-1)"	"unprognostic (1.73e-1)"	"unprognostic (6.78e-2)"	"potential prognostic unfavorable (9.32e-4)"	"unprognostic (3.26e-2)"	"unprognostic (1.29e-2)"	"unprognostic (1.52e-1)"	"unprognostic (8.72e-3)"	"unprognostic (8.58e-2)"	"unprognostic (3.32e-3)"	"potential prognostic favorable (1.45e-7)"	"unprognostic (9.54e-3)"	"unprognostic (2.59e-3)"	"unprognostic (8.40e-2)"	"unprognostic (1.02e-2)"	"unprognostic (1.47e-1)"	"unprognostic (1.09e-1)"	"unprognostic (1.46e-1)"	"unprognostic (1.64e-1)"	"unprognostic (1.16e-1)"	"unprognostic (5.69e-2)"	"unprognostic (6.41e-2)"	"unprognostic (1.31e-3)"	"unprognostic (7.55e-2)"	"unprognostic (1.30e-1)"	"unprognostic (1.62e-2)"	"unprognostic (2.25e-1)"	"unprognostic (1.29e-1)"	"unprognostic (1.70e-1)"	"unprognostic (4.93e-3)"	"unprognostic (1.04e-1)"
SLC15A3	"hPTR3, PHT2"	ENSG00000110446	"Solute carrier family 15 member 3"	Q8IY34	11	60937060-60952653	"Metabolic proteins, Predicted membrane proteins, Transporters"	"Immunity, Innate immunity, Peptide transport, Protein transport, Symport, Transport"			"Evidence at protein level"	"Evidence at protein level"	"Evidence at protein level"	"Evidence at protein level"	"Low tissue specificity"	"Detected in all"			"Cell type enhanced"	"Detected in many"		"Hofbauer cells: 93.6;Kupffer cells: 60.0;Langerhans cells: 54.7;Macrophages: 85.6;monocytes: 134.2;Muller glia cells: 197.9;Schwann cells: 108.9"	"Cell type enhanced"	"Detected in some"		"central nervous system macrophage: 47.0;endothelial cell: 19.4"	"Low cancer specificity"	"Detected in all"			"Low region specificity"	"Detected in all"			"Group enriched"	"Detected in many"	5	"classical monocyte: 9.0;intermediate monocyte: 12.8;memory B-cell: 4.9;myeloid DC: 6.5;neutrophil: 13.4;non-classical monocyte: 6.4;plasmacytoid DC: 10.7"	"Low lineage specificity"	"Detected in many"			"Cancer enhanced"	"Detected in many"		"lymphoma: 18.5"	"Adrenal gland - Macrophages, Minor Salivary Gland - Macrophages, Spleen - Macrophages"	"Low region specificity"	"Detected in many"			"Low region specificity"	"Detected in all"			"HPA047880, HPA057642"	Approved		Supported	Vesicles			NA	NA			"Cluster 38: Monocytes & Neutrophils - Degranulation"	"Cluster 70: Lymphoid tissue - Immune response"	"Cluster 20: Macrophages & Microglia - Immune response"	"Cluster 55: Lymphoma - Immune response"	"Cluster 58: Macrophages - Innate immune response"	6	Vesicles		"HPA047880: AB_10959455, HPA057642: AB_2683487"	"unprognostic (7.01e-2)"	"unprognostic (1.51e-1)"	"unprognostic (3.24e-1)"	"unprognostic (1.61e-2)"	"unprognostic (1.54e-1)"	"unprognostic (1.36e-1)"	"unprognostic (2.71e-2)"	"unprognostic (9.57e-2)"	"unprognostic (4.83e-2)"	"unprognostic (2.49e-1)"	"unprognostic (2.98e-2)"	"unprognostic (3.69e-1)"	"unprognostic (4.58e-3)"	"unprognostic (2.54e-2)"	"unprognostic (8.50e-3)"	"unprognostic (4.45e-1)"	"unprognostic (2.25e-2)"	"unprognostic (2.50e-1)"	"unprognostic (1.61e-1)"	"unprognostic (1.33e-1)"	"unprognostic (8.31e-3)"	"unprognostic (1.57e-1)"	"unprognostic (7.02e-2)"	"unprognostic (8.40e-2)"	"unprognostic (2.20e-1)"	"unprognostic (6.75e-2)"	"unprognostic (2.20e-1)"	"unprognostic (2.02e-1)"	"unprognostic (1.48e-2)"	"unprognostic (1.04e-1)"	"unprognostic (1.03e-1)"
SLC16A5	"MCT5, MCT6"	ENSG00000170190	"Solute carrier family 16 member 5"	O15375	17	75087727-75106162	"Metabolic proteins, Predicted membrane proteins, Transporters"	"Symport, Transport"			"Evidence at protein level"	"Evidence at transcript level"	"Evidence at protein level"	"Evidence at protein level"	"Tissue enhanced"	"Detected in many"		"kidney: 90.1"	"Cell type enhanced"	"Detected in many"		"Alveolar cells type 1: 45.2;Collecting duct cells: 83.6;Late spermatids: 40.8;Paneth cells: 33.6;Proximal enterocytes: 43.1"	"Cell type enhanced"	"Detected in some"		"central nervous system macrophage: 7.9;ependymal cell: 9.2"	"Low cancer specificity"	"Detected in all"			"Low region specificity"	"Detected in all"			"Group enriched"	"Detected in many"	5	"classical monocyte: 13.2;neutrophil: 35.1"	"Group enriched"	"Detected in all"	6	"granulocytes: 35.1;monocytes: 13.2"	"Low cancer specificity"	"Detected in many"			"Liver - Vascular Endothelial cells, Lung - Alveolar cells type 2, Spleen - Neutrophils, Stomach - Gastric mucous cells, Testis - Late spermatids"	"Not detected"	"Not detected"			"Low region specificity"	"Detected in many"										NA	NA			"Cluster 35: Neutrophils - Protein binding"	"Cluster 52: Kidney - Transmembrane transport"	"Cluster 42: Choroid plexus - Mitochondria"	"Cluster 53: Squamous epithelial cells - Keratinization"	"Cluster 5: Enterocytes - Absorption"	2				"unprognostic (2.23e-1)"	"unprognostic (7.23e-2)"	"unprognostic (1.52e-1)"	"unprognostic (4.24e-2)"	"unprognostic (9.90e-2)"	"unprognostic (8.39e-2)"	"unprognostic (1.03e-1)"	"unprognostic (4.43e-2)"	"unprognostic (1.77e-1)"	"unprognostic (5.60e-2)"	"unprognostic (1.59e-1)"	"unprognostic (8.10e-2)"	"unprognostic (2.81e-2)"	"unprognostic (3.97e-2)"	"unprognostic (8.96e-2)"	"unprognostic (2.49e-1)"	"unprognostic (9.51e-2)"	"unprognostic (1.10e-2)"	"unprognostic (8.62e-3)"	"unprognostic (5.94e-2)"	"unprognostic (5.70e-2)"	"unprognostic (2.45e-3)"	"unprognostic (1.74e-2)"	"unprognostic (3.94e-2)"	"unprognostic (1.71e-2)"	"unprognostic (2.07e-2)"	"unprognostic (1.07e-1)"	"unprognostic (3.95e-2)"	"unprognostic (6.71e-2)"	"unprognostic (4.11e-3)"	"unprognostic (2.06e-1)"
SLC2A3	GLUT3	ENSG00000059804	"Solute carrier family 2 member 3"	P11169	12	7919230-7936187	"Metabolic proteins, Predicted membrane proteins, Transporters"	"Sugar transport, Transport"			"Evidence at protein level"	"Evidence at protein level"	"Evidence at protein level"	"Evidence at protein level"	"Tissue enhanced"	"Detected in all"		"bone marrow: 423.6"	"Cell type enhanced"	"Detected in many"		"Adipocytes: 355.7;B-cells: 326.6;Endothelial cells: 368.2;Extravillous trophoblasts: 416.7;granulocytes: 423.8;Langerhans cells: 744.0;Macrophages: 332.2;Schwann cells: 322.6;T-cells: 353.6"	"Cell type enhanced"	"Detected in all"		"endothelial cell: 423.8;leukocyte: 381.3"	"Cancer enriched"	"Detected in all"	5	"Testicular Germ Cell Tumor (TCGA): 269.8"	"Low region specificity"	"Detected in all"			"Group enriched"	"Detected in many"	7	"basophil: 166.9;neutrophil: 225.3"	"Lineage enriched"	"Detected in all"	9	"granulocytes: 225.3"	"Cancer enriched"	"Detected in many"	7	"testis cancer: 1031.5"										"CAB002763, HPA006539"	Approved		Supported	"Plasma membrane"			NA	NA		4900000	"Cluster 35: Neutrophils - Protein binding"	"Cluster 81: Lymphoid tissue & Bone marrow - Innate immune response"	"Cluster 1: Neurons - Mixed function"	"Cluster 34: Testis cancer - Unknown function"	"Cluster 29: Monocytes - Innate immune response"	3	"Plasma membrane"		"CAB002763: , HPA006539: AB_1078984"	"unprognostic (3.56e-2)"	"unprognostic (1.71e-1)"	"unprognostic (7.30e-2)"	"unprognostic (7.41e-2)"	"unprognostic (2.48e-2)"	"unprognostic (3.61e-1)"	"potential prognostic unfavorable (4.47e-4)"	"unprognostic (2.60e-2)"	"unprognostic (1.11e-3)"	"unprognostic (3.42e-1)"	"unprognostic (7.00e-2)"	"unprognostic (1.81e-2)"	"unprognostic (1.81e-1)"	"unprognostic (6.61e-2)"	"unprognostic (1.95e-1)"	"unprognostic (2.34e-1)"	"unprognostic (2.28e-3)"	"unprognostic (1.01e-1)"	"unprognostic (4.53e-1)"	"unprognostic (3.32e-3)"	"unprognostic (3.78e-1)"	"unprognostic (2.08e-2)"	"unprognostic (2.13e-3)"	"unprognostic (8.10e-2)"	"unprognostic (1.25e-1)"	"unprognostic (8.13e-3)"	"unprognostic (3.01e-1)"	"potential prognostic unfavorable (1.31e-4)"	"unprognostic (2.37e-1)"	"unprognostic (4.75e-3)"	"unprognostic (8.18e-2)"
SLC31A1	"COPT1, CTR1, hCTR1"	ENSG00000136868	"Solute carrier family 31 member 1"	O15431	9	113221544-113264492	"Metabolic proteins, Predicted membrane proteins, Transporters"	"Copper transport, Ion transport, Transport"		"Epilepsy, Neurodegeneration"	"Evidence at protein level"	"Evidence at transcript level"	"Evidence at protein level"	"Evidence at protein level"	"Tissue enhanced"	"Detected in all"		"liver: 104.2"	"Cell type enhanced"	"Detected in many"		"Hepatocytes: 89.6;Prostatic glandular cells: 90.9;Serous glandular cells: 102.7"	"Cell type enhanced"	"Detected in all"		"endothelial cell: 111.6"	"Low cancer specificity"	"Detected in all"			"Low region specificity"	"Detected in all"			"Group enriched"	"Detected in all"	5	"classical monocyte: 20.9;intermediate monocyte: 26.8;myeloid DC: 16.3;neutrophil: 8.2;non-classical monocyte: 31.1"	"Group enriched"	"Detected in all"	4	"dendritic cells: 16.3;granulocytes: 8.2;monocytes: 31.1"	"Low cancer specificity"	"Detected in all"			"Adipose visceral - Macrophages, Liver - Hepatocytes, Minor Salivary Gland - Minor salivary glandular cells, Prostate - Prostate glandular cells, Spleen - Macrophages"	"Low region specificity"	"Detected in all"			"Low region specificity"	"Detected in all"			HPA013810	Approved						NA	NA			"Cluster 40: Monocytes - Innate immune response"	"Cluster 68: Non-specific - Protein processing"	"Cluster 44: Non-specific - Mixed function"	"Cluster 9: Skin cancer - Melanin biosynthesis"	"Cluster 58: Macrophages - Innate immune response"	28			"HPA013810: AB_1857095"	"unprognostic (1.59e-1)"	"unprognostic (1.35e-3)"	"unprognostic (4.50e-2)"	"unprognostic (2.19e-2)"	"unprognostic (9.42e-2)"	"unprognostic (1.69e-1)"	"unprognostic (7.35e-2)"	"unprognostic (2.28e-2)"	"unprognostic (1.09e-1)"	"unprognostic (1.23e-2)"	"potential prognostic favorable (1.37e-7)"	"unprognostic (2.73e-2)"	"unprognostic (2.69e-2)"	"unprognostic (2.45e-2)"	"unprognostic (8.11e-2)"	"unprognostic (1.94e-1)"	"unprognostic (8.43e-2)"	"unprognostic (4.33e-2)"	"unprognostic (1.27e-1)"	"unprognostic (9.42e-2)"	"unprognostic (3.91e-1)"	"unprognostic (3.25e-2)"	"unprognostic (1.48e-1)"	"unprognostic (2.73e-1)"	"unprognostic (1.47e-1)"	"unprognostic (8.27e-2)"	"unprognostic (1.41e-1)"	"unprognostic (5.30e-2)"	"unprognostic (1.61e-2)"	"unprognostic (6.65e-3)"	"unprognostic (9.23e-3)"
SLC36A1	"LYAAT-1, PAT1, TRAMD3"	ENSG00000123643	"Solute carrier family 36 member 1"	Q7Z2H8	5	151437046-151492379	"Metabolic proteins, Predicted intracellular proteins, Predicted membrane proteins, Transporters"	"Amino-acid transport, Symport, Transport"			"Evidence at protein level"	"Evidence at protein level"	"Evidence at protein level"	"Evidence at protein level"	"Tissue enhanced"	"Detected in all"		"parathyroid gland: 99.7"	"Cell type enhanced"	"Detected in many"		"Distal enterocytes: 38.1;Early spermatids: 79.9;Excitatory neurons: 89.6;Inhibitory neurons: 59.7;Oligodendrocyte precursor cells: 45.8;Proximal enterocytes: 39.1"	"Cell type enhanced"	"Detected in all"		"upper rhombic lip: 150.8"	"Low cancer specificity"	"Detected in all"			"Region enhanced"	"Detected in all"		"cerebellum: 199.7"	"Group enriched"	"Detected in many"	4	"basophil: 21.8;classical monocyte: 8.7;neutrophil: 19.7"	"Group enriched"	"Detected in many"	5	"granulocytes: 21.8;monocytes: 8.7"	"Low cancer specificity"	"Detected in all"			"Adipose subcutaneous - Macrophages, Adipose visceral - Macrophages"	"Low region specificity"	"Detected in all"			"Low region specificity"	"Detected in all"			HPA035937	Approved						NA	NA			"Cluster 41: Basophils - Unknown function"	"Cluster 16: Non-specific - Transcription"	"Cluster 2: Neurons - Nucleosome"	"Cluster 47: Leukemia - Hemostasis"	"Cluster 34: Neurons - Neuronal signaling"	1			"HPA035937: AB_10672995"	"unprognostic (8.78e-2)"	"unprognostic (1.94e-1)"	"unprognostic (7.68e-2)"	"unprognostic (1.76e-1)"	"unprognostic (1.96e-1)"	"unprognostic (1.25e-1)"	"unprognostic (2.01e-1)"	"unprognostic (1.85e-1)"	"unprognostic (1.76e-1)"	"unprognostic (3.03e-3)"	"unprognostic (2.59e-3)"	"unprognostic (1.56e-1)"	"unprognostic (9.26e-2)"	"potential prognostic unfavorable (4.06e-6)"	"unprognostic (1.07e-1)"	"unprognostic (1.14e-2)"	"unprognostic (3.09e-3)"	"unprognostic (2.42e-2)"	"unprognostic (1.66e-1)"	"unprognostic (2.54e-3)"	"unprognostic (2.18e-1)"	"unprognostic (3.59e-2)"	"unprognostic (1.37e-1)"	"unprognostic (2.00e-1)"	"unprognostic (2.27e-2)"	"unprognostic (1.27e-2)"	"unprognostic (1.85e-1)"	"unprognostic (1.04e-1)"	"unprognostic (6.82e-2)"	"unprognostic (2.54e-1)"	"unprognostic (1.96e-1)"
SLC45A4	KIAA1126	ENSG00000022567	"Solute carrier family 45 member 4"	Q5BKX6	8	141207166-141308305	"Predicted membrane proteins, Transporters"	"Symport, Transport"			"Evidence at protein level"	"Evidence at protein level"	"Evidence at protein level"	"Evidence at protein level"	"Low tissue specificity"	"Detected in many"			"Cell type enhanced"	"Detected in many"		"Collecting duct cells: 38.9;Cone photoreceptor cells: 44.2;Gastric mucus-secreting cells: 41.3;Glandular and luminal cells: 83.3"	"Low cell type specificity"	"Detected in many"			"Low cancer specificity"	"Detected in all"			"Low region specificity"	"Detected in all"			"Group enriched"	"Detected in some"	7	"eosinophil: 8.3;neutrophil: 7.0"	"Lineage enriched"	"Detected in single"	22	"granulocytes: 8.3"	"Low cancer specificity"	"Detected in all"			"Stomach - Gastric mucous cells, Testis - Sertoli cells"	"Low region specificity"	"Detected in all"			"Low region specificity"	"Detected in all"			HPA023154	Uncertain		Approved	"Plasma membrane"			NA	NA			"Cluster 21: Neutrophils - Unknown function"	"Cluster 78: Testis - Transcription"	"Cluster 52: Neurons & Synapses - Synaptic function"	"Cluster 40: Non-specific - Unknown function"	"Cluster 37: Glandular & Luminal cells - Unknown function"		"Plasma membrane"		"HPA023154: AB_2191204"	"unprognostic (9.53e-3)"	"unprognostic (7.02e-3)"	"unprognostic (5.34e-3)"	"unprognostic (5.40e-2)"	"unprognostic (8.89e-2)"	"unprognostic (5.73e-3)"	"unprognostic (1.24e-1)"	"unprognostic (4.91e-3)"	"unprognostic (2.36e-2)"	"unprognostic (3.50e-2)"	"validated prognostic favorable (2.33e-8)"	"validated prognostic favorable (4.78e-4)"	"unprognostic (1.65e-3)"	"unprognostic (2.67e-1)"	"unprognostic (2.08e-1)"	"unprognostic (3.16e-2)"	"unprognostic (7.61e-2)"	"unprognostic (2.00e-2)"	"unprognostic (2.62e-2)"	"unprognostic (5.96e-2)"	"unprognostic (4.65e-2)"	"unprognostic (1.12e-1)"	"unprognostic (1.65e-3)"	"unprognostic (1.76e-1)"	"unprognostic (2.70e-1)"	"unprognostic (2.60e-1)"	"unprognostic (1.35e-1)"	"unprognostic (3.52e-2)"	"unprognostic (6.85e-2)"	"unprognostic (8.28e-3)"	"unprognostic (1.49e-1)"
SMOX	"C20orf16, dJ779E11.1, FLJ20746, MGC1010, PAO, PAOh1, SMO"	ENSG00000088826	"Spermine oxidase"	Q9NWM0	20	4120980-4187747	"Enzymes, Metabolic proteins, Predicted intracellular proteins"		Oxidoreductase		"Evidence at protein level"	"Evidence at protein level"	"Evidence at protein level"	"Evidence at protein level"	"Tissue enhanced"	"Detected in all"		"brain: 61.0"	"Cell type enhanced"	"Detected in many"		"Astrocytes: 36.5;Basal prostatic cells: 38.3;Ductal cells: 43.0;Erythroid cells: 43.7"	"Cell type enhanced"	"Detected in many"		"astrocyte: 91.6;bergmann glia: 44.0"	"Cancer enhanced"	"Detected in all"		"Glioblastoma Multiforme (TCGA): 83.2"	"Low region specificity"	"Detected in all"			"Group enriched"	"Detected in some"	5	"classical monocyte: 1.0;myeloid DC: 2.4;neutrophil: 3.6;plasmacytoid DC: 1.1"	"Group enriched"	"Detected in many"	6	"dendritic cells: 2.4;granulocytes: 3.6;monocytes: 1.0"	"Low cancer specificity"	"Detected in all"				"Low region specificity"	"Detected in all"			"Low region specificity"	"Detected in all"			"HPA047117, HPA060198"	Approved		Supported	"Nucleoplasm,Nuclear membrane,Vesicles,Cytosol"			NA	NA			"Cluster 38: Monocytes & Neutrophils - Degranulation"	"Cluster 33: Brain - Neuronal signaling"	"Cluster 19: Astrocytes - Mixed function"	"Cluster 7: Liver cancer - Metabolism"	"Cluster 57: Platelets - Hemostasis"		Nucleoplasm	"Nuclear membrane, Vesicles, Cytosol"	"HPA047117: AB_2679940, HPA060198: AB_2684220"	"unprognostic (5.25e-3)"	"unprognostic (4.04e-2)"	"unprognostic (2.11e-2)"	"unprognostic (1.41e-3)"	"unprognostic (6.70e-2)"	"unprognostic (1.33e-1)"	"unprognostic (1.36e-1)"	"unprognostic (5.71e-2)"	"unprognostic (1.35e-1)"	"unprognostic (1.92e-1)"	"unprognostic (1.22e-2)"	"unprognostic (5.25e-2)"	"unprognostic (7.40e-2)"	"validated prognostic unfavorable (1.69e-7)"	"validated prognostic unfavorable (2.26e-4)"	"potential prognostic unfavorable (2.32e-4)"	"unprognostic (3.09e-2)"	"unprognostic (2.97e-2)"	"unprognostic (1.31e-1)"	"unprognostic (8.87e-2)"	"unprognostic (2.92e-1)"	"unprognostic (1.15e-2)"	"unprognostic (1.94e-1)"	"unprognostic (2.11e-1)"	"unprognostic (2.18e-1)"	"unprognostic (1.32e-1)"	"unprognostic (7.15e-2)"	"unprognostic (1.13e-1)"	"unprognostic (2.01e-3)"	"unprognostic (6.09e-2)"	"unprognostic (1.02e-1)"
SMPDL3B	ASML3B	ENSG00000130768	"Sphingomyelin phosphodiesterase acid like 3B"	Q92485	1	27935000-27959157	"Predicted secreted proteins"	"Immunity, Inflammatory response, Innate immunity, Lipid degradation, Lipid metabolism"	"Glycosidase, Hydrolase"		"Evidence at protein level"	"Evidence at transcript level"	"Evidence at protein level"	"Evidence at protein level"	"Tissue enhanced"	"Detected in many"		"intestine: 23.4;pancreas: 47.8"	"Cell type enhanced"	"Detected in many"		"Alveolar cells type 2: 36.2;Distal enterocytes: 50.4;Paneth cells: 55.2;Proximal enterocytes: 37.6"	"Cell type enhanced"	"Detected in many"		"deep-layer corticothalamic and 6b: 7.8;deep-layer near-projecting: 6.3;eccentric medium spiny neuron: 5.8"	"Low cancer specificity"	"Detected in many"			"Low region specificity"	"Detected in all"			"Group enriched"	"Detected in some"	6	"eosinophil: 3.3;myeloid DC: 1.3;neutrophil: 1.7"	"Group enriched"	"Detected in many"	7	"dendritic cells: 1.3;granulocytes: 3.3"	"Low cancer specificity"	"Detected in many"			"Adipose visceral - Mesothelial cells, Colon - Colon enterocytes, Spleen - Plasma cells"	"Low region specificity"	"Detected in many"			"Low region specificity"	"Detected in many"			HPA030561			Approved	"Golgi apparatus,Cytosol"	"Secreted to blood"	Immunity	NA	NA		340000	"Cluster 22: Eosinophils - Transcription"	"Cluster 48: Stomach - Proteolysis"	"Cluster 35: Non-specific - DNA binding"	"Cluster 53: Squamous epithelial cells - Keratinization"	"Cluster 16: Intestinal goblet cells - Mucin production"	9	Cytosol	"Golgi apparatus"	"HPA030561: AB_10604095"	"unprognostic (1.20e-1)"	"unprognostic (2.04e-2)"	"unprognostic (8.71e-2)"	"unprognostic (7.75e-3)"	"unprognostic (1.12e-1)"	"potential prognostic favorable (1.21e-4)"			"unprognostic (4.00e-2)"	"unprognostic (2.72e-1)"	"unprognostic (2.89e-2)"	"unprognostic (1.91e-1)"	"unprognostic (1.84e-1)"	"unprognostic (1.79e-1)"	"unprognostic (6.70e-2)"	"unprognostic (2.82e-1)"	"unprognostic (6.16e-2)"	"unprognostic (1.72e-2)"	"unprognostic (6.24e-2)"	"unprognostic (6.87e-3)"	"unprognostic (3.81e-1)"	"unprognostic (1.17e-1)"	"unprognostic (4.87e-1)"	"unprognostic (4.04e-1)"	"unprognostic (6.21e-2)"	"unprognostic (3.55e-1)"	"unprognostic (1.51e-1)"	"unprognostic (2.72e-1)"	"unprognostic (1.10e-1)"	"unprognostic (3.01e-3)"	"unprognostic (7.79e-2)"
SNX27	"KIAA0488, MGC20471, MY014"	ENSG00000143376	"Sorting nexin 27"	Q96L92	1	151612006-151699091	"Plasma proteins, Predicted intracellular proteins, Transporters"	"Protein transport, Transport"			"Evidence at protein level"	"Evidence at protein level"	"Evidence at protein level"	"Evidence at protein level"	"Low tissue specificity"	"Detected in all"			"Cell type enhanced"	"Detected in all"		"Cardiomyocytes: 173.2"	"Low cell type specificity"	"Detected in all"			"Low cancer specificity"	"Detected in all"			"Low region specificity"	"Detected in all"			"Group enriched"	"Detected in all"	5	"basophil: 21.6;classical monocyte: 35.8;intermediate monocyte: 30.8;myeloid DC: 16.2;neutrophil: 40.5;non-classical monocyte: 35.4"	"Group enriched"	"Detected in all"	5	"dendritic cells: 16.2;granulocytes: 40.5;monocytes: 35.8"	"Low cancer specificity"	"Detected in all"				"Low region specificity"	"Detected in all"			"Low region specificity"	"Detected in all"			HPA028551			Supported	Vesicles			NA	NA			"Cluster 40: Monocytes - Innate immune response"	"Cluster 3: Non-specific - Unknown function"	"Cluster 26: Oligodendrocytes - Mixed function"	"Cluster 45: Non-specific - Nuclear processes"	"Cluster 68: Cardiomyocytes - Muscle contraction"	56	Vesicles		"HPA028551: "	"unprognostic (3.37e-2)"	"unprognostic (5.20e-2)"	"unprognostic (4.15e-2)"	"unprognostic (8.17e-2)"	"unprognostic (2.04e-1)"	"unprognostic (1.35e-1)"	"unprognostic (7.54e-2)"	"unprognostic (3.51e-2)"	"unprognostic (1.96e-1)"	"unprognostic (4.11e-3)"	"potential prognostic favorable (9.90e-5)"	"unprognostic (4.07e-2)"	"unprognostic (4.27e-1)"	"unprognostic (1.16e-2)"	"unprognostic (5.34e-3)"	"unprognostic (2.89e-1)"	"unprognostic (2.02e-2)"	"unprognostic (2.28e-2)"	"unprognostic (7.58e-2)"	"unprognostic (9.76e-2)"	"unprognostic (8.30e-2)"	"unprognostic (1.62e-1)"	"unprognostic (2.95e-2)"	"unprognostic (1.60e-2)"	"unprognostic (2.75e-1)"	"unprognostic (4.14e-1)"	"unprognostic (8.52e-2)"	"unprognostic (7.18e-2)"	"unprognostic (3.01e-1)"	"unprognostic (8.65e-2)"	"unprognostic (2.61e-2)"
SPAG9	"CT89, FLJ13450, FLJ14006, FLJ26141, FLJ34602, HLC4, HSS, JIP-4, JIP4, JLP, KIAA0516, MGC117291, MGC14967, MGC74461, PHET, PIG6, SYD1"	ENSG00000008294	"Sperm associated antigen 9"	O60271	17	50962174-51120868	"Plasma proteins, Predicted intracellular proteins, Predicted membrane proteins"				"Evidence at protein level"	"Evidence at protein level"	"Evidence at protein level"	"Evidence at protein level"	"Low tissue specificity"	"Detected in all"			"Low cell type specificity"	"Detected in all"			"Low cell type specificity"	"Detected in all"			"Low cancer specificity"	"Detected in all"			"Low region specificity"	"Detected in all"			"Group enriched"	"Detected in many"	6	"basophil: 9.2;neutrophil: 12.3"	"Lineage enriched"	"Detected in many"	7	"granulocytes: 12.3"	"Low cancer specificity"	"Detected in all"			"Spleen - Endothelial cells, Testis - Early spermatids, Testis - Spermatocytes"	"Low region specificity"	"Detected in all"			"Low region specificity"	"Detected in all"			"HPA040446, HPA061458"	Enhanced		Enhanced	"Centriolar satellite,Cytosol"			NA	NA			"Cluster 21: Neutrophils - Unknown function"	"Cluster 44: Testis - Spermatogenesis"	"Cluster 28: Oligodendrocytes - Mixed function"	"Cluster 27: Breast cancer - Unknown function"	"Cluster 29: Monocytes - Innate immune response"	23	"Centriolar satellite, Cytosol"		"HPA040446: AB_10671691, HPA061458: AB_2684528"	"unprognostic (3.38e-1)"	"unprognostic (3.57e-2)"	"unprognostic (3.06e-2)"	"unprognostic (1.06e-2)"	"unprognostic (1.29e-1)"	"potential prognostic unfavorable (7.43e-4)"	"unprognostic (1.91e-1)"	"unprognostic (8.96e-3)"	"unprognostic (1.10e-1)"	"unprognostic (3.41e-3)"	"validated prognostic favorable (2.44e-7)"	"validated prognostic favorable (1.46e-4)"	"unprognostic (1.22e-2)"	"unprognostic (1.10e-1)"	"unprognostic (1.28e-2)"	"unprognostic (3.00e-1)"	"unprognostic (7.03e-2)"	"unprognostic (1.86e-2)"	"unprognostic (2.30e-1)"	"unprognostic (1.23e-1)"	"unprognostic (1.08e-2)"	"unprognostic (9.22e-3)"	"potential prognostic unfavorable (4.25e-5)"	"unprognostic (8.38e-2)"	"unprognostic (1.13e-1)"	"potential prognostic favorable (1.32e-6)"	"unprognostic (3.16e-1)"	"unprognostic (2.03e-2)"	"unprognostic (4.88e-1)"	"unprognostic (3.39e-2)"	"unprognostic (1.55e-1)"
SPARC	"BM-40, ON, ONT"	ENSG00000113140	"Secreted protein acidic and cysteine rich"	P09486	5	151661096-151686975	"Cancer-related genes, Disease related genes, Human disease related genes, Plasma proteins, Predicted intracellular proteins, Predicted secreted proteins"			"Cancer-related genes, Disease variant, Osteogenesis imperfecta"	"Evidence at protein level"	"Evidence at protein level"	"Evidence at protein level"	"Evidence at protein level"	"Tissue enhanced"	"Detected in all"		"placenta: 2105.6"	"Cell type enhanced"	"Detected in many"		"Adipocytes: 681.1;Endometrial stromal cells: 1191.5;Endothelial cells: 596.8;Fibroblasts: 1099.9;Peritubular cells: 1088.4;Schwann cells: 907.7;Sertoli cells: 1387.1;Smooth muscle cells: 815.7"	"Cell type enhanced"	"Detected in many"		"pericyte: 516.5;vascular associated smooth muscle cell: 321.7"	"Low cancer specificity"	"Detected in all"			"Low region specificity"	"Detected in all"			"Group enriched"	"Detected in many"	5	"basophil: 10.4;classical monocyte: 8.7;neutrophil: 24.5"	"Group enriched"	"Detected in many"	7	"granulocytes: 24.5;monocytes: 8.7"	"Cancer enhanced"	"Detected in all"		"Brain cancer: 2731.8"	"Colon - Enteric glia cells, Pituitary gland - Fibroblasts, Prostate - Fibroblasts, Skin - Fibroblast_1, Spleen - Fibroblast_1"	"Low region specificity"	"Detected in all"			"Low region specificity"	"Detected in all"			"CAB002306, HPA002989, HPA003020"	Supported		Approved	Vesicles	"Secreted to blood"	"No annotated function"	NA	NA	8300000	250000000	"Cluster 21: Neutrophils - Unknown function"	"Cluster 62: Connective tissue - ECM organization"	"Cluster 44: Non-specific - Mixed function"	"Cluster 64: Connective tissue cells - ECM organization"	"Cluster 50: Connective tissue cells - ECM organization"	3	Vesicles		"CAB002306: AB_563919, HPA002989: AB_1079532, HPA003020: AB_1079531"	"unprognostic (1.43e-2)"	"unprognostic (9.00e-2)"	"unprognostic (2.40e-1)"	"unprognostic (1.53e-2)"	"unprognostic (1.78e-2)"	"unprognostic (8.99e-2)"	"unprognostic (1.83e-1)"	"potential prognostic unfavorable (9.49e-4)"	"unprognostic (2.46e-1)"	"unprognostic (3.99e-3)"	"potential prognostic favorable (7.66e-6)"	"unprognostic (1.77e-2)"	"unprognostic (2.49e-2)"	"unprognostic (4.38e-2)"	"unprognostic (4.32e-1)"	"unprognostic (8.02e-2)"	"unprognostic (1.34e-2)"	"unprognostic (1.35e-2)"	"unprognostic (2.50e-1)"	"unprognostic (2.92e-3)"	"potential prognostic unfavorable (9.49e-5)"	"unprognostic (5.90e-2)"	"unprognostic (1.02e-1)"	"unprognostic (2.07e-1)"	"unprognostic (7.62e-2)"	"unprognostic (2.28e-3)"	"unprognostic (7.16e-2)"	"potential prognostic unfavorable (7.51e-4)"	"unprognostic (1.85e-1)"	"unprognostic (8.01e-2)"	"unprognostic (2.05e-1)"
ST3GAL4	"CGS23, FLJ11867, NANTA3, SAT3, SIAT4, SIAT4C, STZ"	ENSG00000110080	"ST3 beta-galactoside alpha-2,3-sialyltransferase 4"	Q11206	11	126355640-126440344	"Enzymes, Metabolic proteins, Predicted intracellular proteins, Predicted membrane proteins"	"Lipid metabolism"	"Glycosyltransferase, Transferase"		"Evidence at protein level"	"Evidence at transcript level"	"Evidence at protein level"	"Evidence at protein level"	"Low tissue specificity"	"Detected in all"			"Cell type enriched"	"Detected in many"	6	"Syncytiotrophoblasts: 1032.1"	"Cell type enhanced"	"Detected in all"		"oligodendrocyte: 137.1"	"Cancer enhanced"	"Detected in all"		"Skin Cuteneous Melanoma (TCGA): 214.1"	"Low region specificity"	"Detected in all"			"Group enriched"	"Detected in many"	4	"basophil: 112.4;neutrophil: 72.1;plasmacytoid DC: 93.9"	"Group enriched"	"Detected in many"	12	"dendritic cells: 93.9;granulocytes: 112.4"	"Cancer enriched"	"Detected in all"	4	"skin cancer: 242.2"	"Adrenal gland - Adrenal cortex cells, Pituitary gland - Gonadotropes, Thyroid gland - Fibroblasts"	"Low region specificity"	"Detected in all"			"Low region specificity"	"Detected in all"			HPA049827	Approved				"Intracellular and membrane"	Enzyme	NA	NA		5600	"Cluster 41: Basophils - Unknown function"	"Cluster 53: Non-specific - Glycosylation"	"Cluster 30: White matter - Myelination"	"Cluster 69: Skin cancer - ECM organization"	"Cluster 27: Syncytiotrophoblasts - Pregnancy"				"HPA049827: AB_2680900"	"unprognostic (7.24e-2)"	"unprognostic (1.63e-2)"	"unprognostic (5.20e-2)"	"unprognostic (5.81e-2)"	"unprognostic (1.68e-1)"	"unprognostic (4.85e-2)"	"unprognostic (3.76e-2)"	"unprognostic (1.63e-1)"	"unprognostic (4.55e-2)"	"unprognostic (2.49e-1)"	"unprognostic (6.75e-3)"	"unprognostic (1.93e-1)"	"unprognostic (3.42e-2)"	"unprognostic (5.90e-3)"	"unprognostic (2.01e-3)"	"potential prognostic unfavorable (1.76e-4)"	"unprognostic (1.41e-2)"	"unprognostic (2.81e-2)"	"unprognostic (4.38e-2)"	"unprognostic (3.87e-3)"	"unprognostic (3.50e-1)"	"unprognostic (1.75e-2)"	"unprognostic (7.22e-3)"	"unprognostic (1.52e-1)"	"unprognostic (1.44e-1)"	"unprognostic (1.27e-3)"	"unprognostic (2.11e-1)"	"unprognostic (1.31e-2)"	"unprognostic (1.76e-1)"	"unprognostic (5.40e-3)"	"unprognostic (1.28e-2)"
STON1	"SBLF, stoned-b1"	ENSG00000243244	"Stonin 1"	Q9Y6Q2	2	48529383-48598513	"Predicted intracellular proteins"	Endocytosis			"Evidence at protein level"	"Evidence at protein level"	"Evidence at protein level"	"Evidence at protein level"	"Low tissue specificity"	"Detected in many"			"Cell type enhanced"	"Detected in many"		"Endometrial stromal cells: 40.3;Muller glia cells: 29.9;Ovarian stromal cells: 23.1;Prostatic glandular cells: 28.6;Smooth muscle cells: 19.8"	"Cell type enriched"	"Detected in all"	4	"bergmann glia: 386.3"	"Low cancer specificity"	"Detected in many"			"Low region specificity"	"Detected in all"			"Group enriched"	"Detected in some"	15	"basophil: 1.9;neutrophil: 1.0"	"Lineage enriched"	"Detected in single"	19	"granulocytes: 1.9"	"Cancer enhanced"	"Detected in many"		"testis cancer: 18.0"	"Liver - Hepatic stellate cells, Skeletal muscle - Endothelial cells, Skin - Endothelial cells"	"Low region specificity"	"Detected in all"			"Low region specificity"	"Detected in all"			HPA005715	Uncertain						NA	NA			"Cluster 35: Neutrophils - Protein binding"	"Cluster 41: Smooth muscle tissue - ECM organization"	"Cluster 44: Non-specific - Mixed function"	"Cluster 44: Connective tissue cells - ECM organization"	"Cluster 9: Endometrial stromal cells - Transcription"	1			"HPA005715: AB_1080113"	"unprognostic (6.42e-2)"	"unprognostic (7.96e-2)"	"unprognostic (7.54e-2)"	"unprognostic (3.61e-1)"	"unprognostic (7.12e-2)"	"unprognostic (8.65e-2)"	"unprognostic (3.53e-2)"	"unprognostic (8.04e-2)"	"unprognostic (1.30e-1)"	"unprognostic (1.75e-2)"	"validated prognostic favorable (4.13e-10)"	"validated prognostic favorable (2.79e-4)"	"unprognostic (8.63e-2)"		"unprognostic (2.36e-1)"	"unprognostic (1.63e-1)"	"unprognostic (2.19e-1)"	"unprognostic (5.88e-2)"	"unprognostic (9.39e-2)"	"unprognostic (8.05e-2)"	"unprognostic (1.85e-1)"	"unprognostic (2.18e-1)"	"unprognostic (1.83e-1)"	"unprognostic (1.02e-1)"	"unprognostic (3.15e-2)"	"unprognostic (4.49e-2)"	"unprognostic (3.72e-2)"	"unprognostic (7.79e-3)"	"unprognostic (1.43e-1)"	"unprognostic (7.38e-3)"	"unprognostic (1.27e-2)"
STX7		ENSG00000079950	"Syntaxin 7"	O15400	6	132445867-132513198	"Plasma proteins, Predicted intracellular proteins, Predicted membrane proteins"				"Evidence at protein level"	"Evidence at protein level"	"Evidence at protein level"	"Evidence at protein level"	"Low tissue specificity"	"Detected in all"			"Low cell type specificity"	"Detected in many"			"Cell type enhanced"	"Detected in all"		"central nervous system macrophage: 569.5"	"Low cancer specificity"	"Detected in all"			"Low region specificity"	"Detected in all"			"Group enriched"	"Detected in all"	5	"basophil: 53.6;classical monocyte: 51.6;eosinophil: 49.2;intermediate monocyte: 58.1;memory B-cell: 86.2;myeloid DC: 61.6;naive B-cell: 107.2;neutrophil: 83.5;non-classical monocyte: 61.9;plasmacytoid DC: 74.0"	"Low lineage specificity"	"Detected in all"			"Low cancer specificity"	"Detected in all"				"Low region specificity"	"Detected in all"			"Low region specificity"	"Detected in all"			"HPA001467, CAB062564"	Enhanced		Supported	Lysosomes			NA	NA		500000	"Cluster 2: Dendritic cells - Unknown function"	"Cluster 70: Lymphoid tissue - Immune response"	"Cluster 28: Oligodendrocytes - Mixed function"	"Cluster 9: Skin cancer - Melanin biosynthesis"	"Cluster 73: B-cells - B-cell function"	148	Lysosomes		"CAB062564: AB_2665605, HPA001467: AB_1857623"	"unprognostic (4.36e-2)"	"unprognostic (1.94e-2)"	"unprognostic (5.61e-2)"	"potential prognostic unfavorable (6.87e-6)"	"unprognostic (2.00e-1)"	"unprognostic (2.48e-1)"	"unprognostic (2.70e-1)"	"unprognostic (2.24e-1)"	"unprognostic (4.09e-1)"	"unprognostic (4.07e-3)"	"potential prognostic favorable (1.82e-10)"	"unprognostic (2.99e-3)"	"unprognostic (3.30e-2)"	"potential prognostic unfavorable (6.53e-5)"	"unprognostic (3.51e-2)"	"unprognostic (2.01e-1)"	"unprognostic (3.75e-1)"	"potential prognostic unfavorable (1.12e-4)"	"unprognostic (7.30e-3)"	"unprognostic (5.58e-3)"	"unprognostic (1.47e-3)"	"unprognostic (2.46e-2)"	"unprognostic (5.33e-2)"	"unprognostic (3.90e-1)"	"unprognostic (1.53e-2)"	"unprognostic (1.21e-1)"	"unprognostic (9.52e-2)"	"unprognostic (1.61e-1)"	"unprognostic (3.52e-1)"	"unprognostic (2.75e-1)"	"unprognostic (1.02e-1)"
SULF2	"HSULF-2, KIAA1247, SULF-2"	ENSG00000196562	"Sulfatase 2"	Q8IWU5	20	47656197-47786616	"Plasma proteins, Predicted intracellular proteins, Predicted secreted proteins"		Hydrolase		"Evidence at protein level"	"Evidence at transcript level"	"Evidence at protein level"	"Evidence at protein level"	"Low tissue specificity"	"Detected in all"			"Cell type enhanced"	"Detected in many"		"dendritic cells: 135.0;Endometrial stromal cells: 207.4;Granulosa cells: 208.0;Oligodendrocyte precursor cells: 232.5"	"Cell type enhanced"	"Detected in all"		"oligodendrocyte precursor cell: 399.3"	"Low cancer specificity"	"Detected in all"			"Low region specificity"	"Detected in all"			"Group enriched"	"Detected in many"	8	"basophil: 22.2;classical monocyte: 17.3;intermediate monocyte: 15.7;myeloid DC: 19.5;neutrophil: 26.4;non-classical monocyte: 8.7;plasmacytoid DC: 25.6"	"Group enriched"	"Detected in many"	78	"dendritic cells: 25.6;granulocytes: 26.4;monocytes: 17.3"	"Low cancer specificity"	"Detected in all"			"Adipose visceral - Adipose progenitor cells, Heart muscle - Endothelial cells, Skeletal muscle - Endothelial cells"	"Low region specificity"	"Detected in all"			"Low region specificity"	"Detected in all"			HPA002325	Approved				"Secreted in other tissues"	Enzyme	NA	NA		2100000	"Cluster 10: Non-specific - Membrane trafficking"	"Cluster 62: Connective tissue - ECM organization"	"Cluster 49: Hindbrain - Mixed function"	"Cluster 53: Squamous epithelial cells - Keratinization"	"Cluster 9: Endometrial stromal cells - Transcription"	1			"HPA002325: AB_1080126"	"unprognostic (2.74e-1)"	"unprognostic (7.45e-2)"	"unprognostic (3.61e-2)"	"potential prognostic unfavorable (4.86e-4)"	"unprognostic (2.12e-1)"	"unprognostic (5.71e-2)"	"unprognostic (4.69e-1)"	"unprognostic (1.24e-2)"	"unprognostic (1.56e-1)"	"unprognostic (1.52e-1)"	"potential prognostic unfavorable (8.44e-5)"	"unprognostic (6.54e-3)"	"unprognostic (1.68e-1)"	"unprognostic (2.69e-1)"	"unprognostic (1.24e-2)"	"unprognostic (6.02e-2)"	"unprognostic (1.50e-2)"	"unprognostic (5.71e-2)"	"unprognostic (1.37e-1)"	"unprognostic (3.57e-2)"	"unprognostic (4.12e-2)"	"unprognostic (1.52e-3)"	"unprognostic (1.19e-2)"	"unprognostic (8.22e-2)"	"unprognostic (1.32e-2)"	"potential prognostic favorable (3.70e-4)"	"unprognostic (1.45e-2)"	"unprognostic (3.63e-2)"	"unprognostic (4.82e-2)"	"unprognostic (9.00e-2)"	"unprognostic (7.32e-2)"
SULT1A1	"P-PST, STP, STP1"	ENSG00000196502	"Sulfotransferase family 1A member 1"	P50225	16	28605196-28614279	"Enzymes, Metabolic proteins, Predicted intracellular proteins"	"Catecholamine metabolism, Lipid metabolism, Steroid metabolism"	Transferase		"Evidence at protein level"	"Evidence at protein level"	"Evidence at protein level"	"Evidence at protein level"	"Tissue enhanced"	"Detected in all"		"liver: 221.4"	"Cell type enhanced"	"Detected in many"		"Distal enterocytes: 297.1;Hepatocytes: 252.1;Proximal enterocytes: 949.5"	"Low cell type specificity"	"Detected in all"			"Cancer enhanced"	"Detected in all"		"Liver Hepatocellular Carcinoma (TCGA): 118.0"	"Low region specificity"	"Detected in all"			"Group enriched"	"Detected in many"	6	"classical monocyte: 245.3;intermediate monocyte: 201.2;myeloid DC: 112.3;neutrophil: 227.1;non-classical monocyte: 114.4"	"Group enriched"	"Detected in all"	24	"dendritic cells: 112.3;granulocytes: 227.1;monocytes: 245.3"	"Low cancer specificity"	"Detected in all"			"Liver - Hepatocytes"									"HPA049500, HPA051051"	Supported						NA	NA			"Cluster 38: Monocytes & Neutrophils - Degranulation"	"Cluster 37: Liver & Intestine - Lipid metabolism"	"Cluster 23: Choroid plexus - Mixed function"	"Cluster 18: Liver cancer - Metabolism"	"Cluster 5: Enterocytes - Absorption"	6			"HPA049500: AB_2680796, HPA051051: AB_2681327"	"unprognostic (1.41e-2)"	"unprognostic (2.46e-2)"	"unprognostic (8.40e-2)"	"unprognostic (1.38e-3)"	"unprognostic (1.39e-2)"	"unprognostic (2.11e-3)"	"unprognostic (1.13e-2)"	"unprognostic (1.62e-2)"	"unprognostic (2.41e-2)"	"unprognostic (1.40e-1)"	"unprognostic (4.98e-2)"	"unprognostic (2.15e-1)"	"unprognostic (6.21e-3)"	"unprognostic (4.16e-3)"	"unprognostic (3.66e-3)"	"potential prognostic favorable (2.96e-4)"	"unprognostic (1.60e-2)"	"unprognostic (3.29e-1)"	"unprognostic (2.42e-1)"	"unprognostic (5.70e-2)"	"unprognostic (2.54e-2)"	"unprognostic (4.29e-2)"	"unprognostic (3.25e-2)"	"unprognostic (7.94e-2)"	"unprognostic (3.31e-1)"	"unprognostic (1.64e-3)"	"unprognostic (1.74e-1)"	"unprognostic (6.56e-2)"	"unprognostic (9.81e-3)"	"unprognostic (1.21e-1)"	"unprognostic (2.59e-1)"
SULT1B1	ST1B2	ENSG00000173597	"Sulfotransferase family 1B member 1"	O43704	4	69721167-69787961	"Enzymes, Metabolic proteins, Plasma proteins, Predicted intracellular proteins"		Transferase		"Evidence at protein level"	"Evidence at protein level"	"Evidence at protein level"	"Evidence at protein level"	"Tissue enhanced"	"Detected in many"		"intestine: 96.3;stomach 1: 43.4"	"Cell type enhanced"	"Detected in some"		"Distal enterocytes: 295.5;Enteroendocrine cells: 53.8;Gastric mucus-secreting cells: 56.0;Paneth cells: 112.2;Proximal enterocytes: 223.7"	"Cell type enriched"	"Detected in some"	5	"endothelial cell: 48.7"	"Group enriched"	"Detected in many"	5	"Colon Adenocarcinoma (TCGA): 16.4;Liver Hepatocellular Carcinoma (TCGA): 5.0;Pancreatic Adenocarcinoma (TCGA): 11.7;Rectum Adenocarcinoma (TCGA): 14.7;Stomach Adenocarcinoma (TCGA): 12.5"	"Low region specificity"	"Detected in all"			"Group enriched"	"Detected in many"	4	"basophil: 10.6;neutrophil: 32.2"	"Lineage enriched"	"Detected in many"	6	"granulocytes: 32.2"	"Low cancer specificity"	"Detected in many"			"Adipose visceral - Neutrophils, Colon - Colon enterocytes, Prostate - Macrophages, Spleen - Neutrophils, Stomach - Gastric mucous cells"	"Not detected"	"Not detected"			"Low region specificity"	"Detected in all"			HPA002107	Enhanced		Approved	"Nucleoplasm,Golgi apparatus"			NA	NA		11000	"Cluster 21: Neutrophils - Unknown function"	"Cluster 25: Small intestine - Absorption"	"Cluster 9: Non-specific - Receptor signaling"	"Cluster 48: Adipocytes & Endothelial cells - Angiogenesis"	"Cluster 5: Enterocytes - Absorption"	7	"Golgi apparatus"	Nucleoplasm	"HPA002107: AB_2666542"	"unprognostic (1.17e-3)"	"unprognostic (8.75e-3)"		"unprognostic (1.82e-1)"	"potential prognostic favorable (3.72e-4)"	"unprognostic (3.27e-2)"	"unprognostic (2.50e-1)"	"unprognostic (3.72e-2)"	"unprognostic (9.94e-3)"		"unprognostic (4.31e-2)"	"unprognostic (2.67e-3)"	"unprognostic (3.44e-1)"	"unprognostic (5.10e-2)"	"potential prognostic favorable (9.70e-4)"	"unprognostic (1.22e-2)"	"unprognostic (1.31e-1)"	"unprognostic (1.44e-1)"	"unprognostic (6.30e-3)"	"unprognostic (9.92e-2)"		"unprognostic (2.76e-2)"	"potential prognostic favorable (7.91e-4)"	"unprognostic (8.25e-2)"	"unprognostic (1.24e-1)"	"potential prognostic unfavorable (1.38e-4)"		"unprognostic (4.02e-1)"	"unprognostic (1.28e-1)"	"unprognostic (9.22e-3)"	"unprognostic (2.39e-2)"
SYK		ENSG00000165025	"Spleen associated tyrosine kinase"	P43405	9	90801787-90898549	"Cancer-related genes, Disease related genes, Enzymes, FDA approved drug targets, Human disease related genes, Predicted intracellular proteins"	"Adaptive immunity, Angiogenesis, Host-virus interaction, Immunity, Innate immunity"	"Kinase, Transferase, Tyrosine-protein kinase"	"Cancer-related genes, Disease variant, FDA approved drug targets"	"Evidence at protein level"	"Evidence at protein level"	"Evidence at protein level"	"Evidence at protein level"	"Tissue enhanced"	"Detected in many"		"lymphoid tissue: 71.8;parathyroid gland: 84.6"	"Cell type enhanced"	"Detected in many"		"B-cells: 89.8;dendritic cells: 120.6;Hofbauer cells: 79.8;Kupffer cells: 86.8;Macrophages: 101.8;Microglial cells: 109.1;Plasma cells: 83.1"	"Cell type enriched"	"Detected in many"	9	"central nervous system macrophage: 863.3"	"Low cancer specificity"	"Detected in all"			"Low region specificity"	"Detected in all"			"Group enriched"	"Detected in many"	13	"classical monocyte: 77.3;eosinophil: 83.6;intermediate monocyte: 64.0;memory B-cell: 74.7;myeloid DC: 85.1;naive B-cell: 58.6;neutrophil: 112.4;NK-cell: 30.2;non-classical monocyte: 60.5;plasmacytoid DC: 63.3"	"Low lineage specificity"	"Detected in many"			"Cancer enhanced"	"Detected in many"		"lymphoma: 87.6"	"Adipose subcutaneous - Macrophages, Adipose visceral - Macrophages, Adrenal gland - Macrophages, Heart muscle - Macrophages, Lung - Macrophages, Skeletal muscle - Macrophages, Spleen - B-cells (Spleen), Testis - Sertoli cells, Thyroid gland - Thyroid glandular cells"	"Low region specificity"	"Detected in many"			"Low region specificity"	"Detected in many"			"HPA001384, CAB007773"	Enhanced		Approved	"Vesicles,Plasma membrane,Cytosol"			No	NA		240000	"Cluster 2: Dendritic cells - Unknown function"	"Cluster 16: Non-specific - Transcription"	"Cluster 20: Macrophages & Microglia - Immune response"	"Cluster 55: Lymphoma - Immune response"	"Cluster 73: B-cells - B-cell function"	62	"Plasma membrane, Cytosol"	Vesicles	"CAB007773: AB_562232, HPA001384: AB_1080144"	"unprognostic (6.27e-2)"	"unprognostic (2.37e-2)"	"unprognostic (4.53e-1)"	"unprognostic (5.02e-2)"	"unprognostic (2.18e-1)"	"unprognostic (2.01e-1)"	"unprognostic (1.65e-1)"	"unprognostic (2.28e-1)"	"unprognostic (6.54e-2)"	"unprognostic (2.96e-1)"	"unprognostic (5.34e-3)"	"unprognostic (1.63e-1)"	"unprognostic (6.25e-2)"	"unprognostic (1.47e-1)"	"unprognostic (2.07e-1)"	"unprognostic (2.39e-2)"	"unprognostic (7.45e-2)"	"unprognostic (6.36e-2)"	"unprognostic (2.53e-1)"	"unprognostic (6.92e-2)"	"unprognostic (5.50e-2)"	"unprognostic (4.90e-2)"	"unprognostic (1.88e-3)"	"unprognostic (2.17e-1)"	"unprognostic (5.82e-2)"	"unprognostic (3.26e-1)"	"unprognostic (2.47e-3)"	"unprognostic (1.77e-1)"	"unprognostic (2.77e-2)"	"unprognostic (1.50e-2)"	"unprognostic (1.13e-2)"
TAFA2	"FAM19A2, TAFA-2"	ENSG00000198673	"TAFA chemokine like family member 2"	Q8N3H0	12	61708273-62279150	"Predicted intracellular proteins"				"Evidence at protein level"	"Evidence at transcript level"	"Evidence at transcript level"	"Evidence at protein level"	"Tissue enhanced"	"Detected in many"		"brain: 19.7"	"Group enriched"	"Detected in many"	4	"Early spermatids: 182.3;Excitatory neurons: 638.4;Inhibitory neurons: 668.1;Oligodendrocyte precursor cells: 599.5"	"Low cell type specificity"	"Detected in all"			"Cancer enhanced"	"Detected in some"		"Thyroid Carcinoma (TCGA): 4.3"	"Low region specificity"	"Detected in all"			"Group enriched"	"Detected in many"	4	"basophil: 31.7;neutrophil: 12.1"	"Lineage enriched"	"Detected in many"	8	"granulocytes: 31.7"	"Cancer enhanced"	"Detected in some"		"Bone cancer: 3.7;Leukemia: 5.2"	"Testis - Early spermatids, Testis - Late spermatids"	"Low region specificity"	"Detected in many"			"Low region specificity"	"Detected in all"								"Intracellular and membrane"	"No annotated function"	NA	NA			"Cluster 35: Neutrophils - Protein binding"	"Cluster 33: Brain - Neuronal signaling"	"Cluster 53: Neurons - Mixed function"	"Cluster 47: Leukemia - Hemostasis"	"Cluster 8: Neurons - Neuronal signaling"										"unprognostic (4.26e-1)"	"unprognostic (1.66e-1)"	"potential prognostic favorable (1.25e-4)"													"unprognostic (5.64e-2)"		"unprognostic (5.11e-2)"			"unprognostic (7.89e-2)"			"unprognostic (7.71e-2)"	"unprognostic (3.21e-2)"	"unprognostic (2.50e-1)"
TBXAS1	"CYP5, CYP5A1, THAS, TS, TXAS, TXS"	ENSG00000059377	"Thromboxane A synthase 1"	P24557	7	139777051-140020325	"Disease related genes, Enzymes, Human disease related genes, Metabolic proteins, Plasma proteins, Predicted intracellular proteins, Predicted membrane proteins"	"Fatty acid biosynthesis, Fatty acid metabolism, Lipid biosynthesis, Lipid metabolism, Prostaglandin biosynthesis, Prostaglandin metabolism"	"Isomerase, Lyase, Monooxygenase, Oxidoreductase"	"Disease variant"	"Evidence at protein level"	"Evidence at protein level"	"Evidence at protein level"	"Evidence at protein level"	"Tissue enhanced"	"Detected in many"		"lymphoid tissue: 56.2"	"Group enriched"	"Detected in many"	5	"granulocytes: 69.0;Hofbauer cells: 108.6;Kupffer cells: 199.3;Macrophages: 132.4;Microglial cells: 182.5;monocytes: 175.4"	"Cell type enriched"	"Detected in all"	6	"central nervous system macrophage: 1339.0"	"Low cancer specificity"	"Detected in all"			"Low region specificity"	"Detected in all"			"Group enriched"	"Detected in all"	14	"basophil: 291.7;classical monocyte: 291.1;eosinophil: 315.0;intermediate monocyte: 436.4;myeloid DC: 113.8;neutrophil: 258.5;non-classical monocyte: 404.5"	"Group enriched"	"Detected in all"	23	"dendritic cells: 113.8;granulocytes: 315.0;monocytes: 436.4"	"Cancer enhanced"	"Detected in many"		"Kidney cancer: 14.7;Leukemia: 15.2"	"Adipose subcutaneous - Macrophages, Adipose visceral - Macrophages, Adrenal gland - Macrophages, Breast - Macrophages, Colon - Macrophages, Heart muscle - Macrophages, Lung - Macrophages, Pancreas - Macrophages, Pituitary gland - Macrophages, Skeletal muscle - Macrophages, Spleen - Macrophages, Testis - Macrophages, Thyroid gland - Macrophages"	"Low region specificity"	"Detected in all"			"Low region specificity"	"Detected in some"			"HPA031257, HPA031258, HPA031259"	Enhanced		Approved	"Endoplasmic reticulum,Cytosol"			NA	NA		970000	"Cluster 25: Non-specific - Unknown function"	"Cluster 70: Lymphoid tissue - Immune response"	"Cluster 20: Macrophages & Microglia - Immune response"	"Cluster 14: Myeloid leukemia - Innate immune response"	"Cluster 58: Macrophages - Innate immune response"	1	"Endoplasmic reticulum, Cytosol"		"HPA031257: AB_2673812, HPA031258: AB_2673813, HPA031259: AB_2673814"	"unprognostic (1.52e-2)"	"unprognostic (1.85e-1)"	"unprognostic (3.25e-1)"	"unprognostic (1.22e-1)"	"unprognostic (1.42e-1)"	"unprognostic (2.25e-1)"	"unprognostic (7.62e-2)"	"unprognostic (8.14e-2)"	"unprognostic (1.82e-1)"	"unprognostic (8.38e-3)"	"unprognostic (5.11e-3)"	"unprognostic (3.69e-1)"	"unprognostic (7.55e-2)"	"unprognostic (8.92e-2)"	"unprognostic (4.46e-1)"	"unprognostic (3.26e-2)"	"unprognostic (2.81e-1)"	"unprognostic (5.39e-3)"	"unprognostic (5.43e-2)"	"unprognostic (9.39e-3)"	"unprognostic (2.61e-1)"	"unprognostic (2.26e-2)"	"unprognostic (1.60e-1)"	"unprognostic (1.04e-1)"	"unprognostic (1.55e-1)"	"unprognostic (2.95e-1)"	"unprognostic (1.31e-1)"	"unprognostic (2.29e-1)"	"potential prognostic unfavorable (8.03e-4)"	"unprognostic (2.21e-1)"	"unprognostic (6.66e-2)"
TDP2	TTRAP	ENSG00000111802	"Tyrosyl-DNA phosphodiesterase 2"	O95551	6	24649979-24666930	"Disease related genes, Human disease related genes, Predicted intracellular proteins"	"DNA damage, DNA repair, Host-virus interaction"	"Hydrolase, Nuclease"	"Intellectual disability, Neurodegeneration, Spinocerebellar ataxia"	"Evidence at protein level"	"Evidence at protein level"	"Evidence at protein level"	"Evidence at protein level"	"Tissue enhanced"	"Detected in all"		"intestine: 178.2"	"Cell type enhanced"	"Detected in all"		"Distal enterocytes: 604.3;Paneth cells: 462.3;Proximal enterocytes: 607.8"	"Low cell type specificity"	"Detected in all"			"Low cancer specificity"	"Detected in all"			"Low region specificity"	"Detected in all"			"Group enriched"	"Detected in all"	5	"basophil: 75.8;neutrophil: 229.6"	"Lineage enriched"	"Detected in all"	7	"granulocytes: 229.6"	"Low cancer specificity"	"Detected in all"			"Adrenal gland - Adrenal cortex cells, Testis - Spermatogonia"	"Low region specificity"	"Detected in all"			"Low region specificity"	"Detected in all"			"CAB073398, HPA074011"	Enhanced		Supported	"Nucleoplasm,Nuclear bodies"	"Intracellular and membrane"	Enzyme	No	No			"Cluster 35: Neutrophils - Protein binding"	"Cluster 45: Intestine - Digestion"	"Cluster 23: Choroid plexus - Mixed function"	"Cluster 7: Liver cancer - Metabolism"	"Cluster 5: Enterocytes - Absorption"	13	"Nucleoplasm, Nuclear bodies"		"CAB073398: , HPA074011: AB_2686651"	"unprognostic (6.71e-2)"	"unprognostic (1.59e-2)"	"unprognostic (8.05e-2)"	"unprognostic (2.89e-2)"	"unprognostic (1.88e-1)"	"potential prognostic favorable (5.31e-5)"	"unprognostic (9.58e-2)"	"unprognostic (1.19e-1)"	"unprognostic (4.53e-2)"	"unprognostic (7.37e-3)"	"potential prognostic favorable (6.13e-8)"	"unprognostic (1.01e-3)"	"unprognostic (3.26e-2)"	"unprognostic (2.12e-3)"	"unprognostic (1.04e-1)"	"unprognostic (7.72e-2)"	"unprognostic (1.59e-1)"	"unprognostic (1.45e-1)"	"unprognostic (1.16e-1)"	"potential prognostic favorable (3.00e-4)"	"unprognostic (8.30e-3)"	"unprognostic (7.87e-2)"	"unprognostic (2.99e-2)"	"potential prognostic unfavorable (5.04e-4)"	"unprognostic (8.56e-2)"	"potential prognostic unfavorable (7.97e-5)"	"potential prognostic unfavorable (3.28e-4)"	"unprognostic (1.21e-1)"	"unprognostic (1.09e-1)"	"unprognostic (1.97e-1)"	"unprognostic (1.21e-1)"
TFEB	"bHLHe35, TCFEB"	ENSG00000112561	"Transcription factor EB"	P19484	6	41683978-41736259	"Cancer-related genes, Predicted intracellular proteins, Transcription factors"	"Adaptive immunity, Autophagy, Immunity, Transcription, Transcription regulation"	"Activator, DNA-binding"	"Cancer-related genes"	"Evidence at protein level"	"Evidence at protein level"	"Evidence at protein level"	"Evidence at protein level"	"Tissue enhanced"	"Detected in all"		"skeletal muscle: 86.7"	"Cell type enhanced"	"Detected in many"		"Oligodendrocytes: 90.6;Syncytiotrophoblasts: 103.0"	"Cell type enhanced"	"Detected in many"		"central nervous system macrophage: 101.2;committed oligodendrocyte precursor: 132.0;oligodendrocyte: 207.2"	"Low cancer specificity"	"Detected in all"			"Low region specificity"	"Detected in all"			"Group enriched"	"Detected in many"	6	"classical monocyte: 16.1;eosinophil: 17.0;intermediate monocyte: 16.4;memory B-cell: 34.3;myeloid DC: 14.8;naive B-cell: 22.7;neutrophil: 47.5;non-classical monocyte: 14.2"	"Low lineage specificity"	"Detected in all"			"Cancer enhanced"	"Detected in all"		"lymphoma: 44.7"	"Spleen - B-cells (Spleen)"	"Low region specificity"	"Detected in all"			"Low region specificity"	"Detected in all"			HPA067082			Supported	Cytosol			NA	NA			"Cluster 7: Non-specific - Innate immune response"	"Cluster 54: Non-specific - Basic cellular processes"	"Cluster 11: White matter - Signal transduction"	"Cluster 55: Lymphoma - Immune response"	"Cluster 73: B-cells - B-cell function"	9	Cytosol		"HPA067082: "	"unprognostic (1.54e-1)"	"potential prognostic favorable (9.05e-4)"	"unprognostic (1.06e-1)"	"unprognostic (4.40e-3)"	"unprognostic (3.76e-1)"	"unprognostic (2.95e-2)"	"unprognostic (9.97e-2)"	"unprognostic (3.81e-3)"	"unprognostic (1.47e-1)"	"unprognostic (1.01e-1)"	"potential prognostic favorable (3.93e-8)"	"unprognostic (7.49e-3)"	"unprognostic (4.60e-3)"	"unprognostic (1.16e-1)"	"unprognostic (3.03e-1)"	"unprognostic (2.64e-3)"	"unprognostic (3.02e-2)"	"unprognostic (9.96e-2)"	"unprognostic (5.82e-2)"	"unprognostic (3.71e-2)"	"unprognostic (3.87e-1)"	"unprognostic (8.04e-3)"	"unprognostic (7.10e-3)"	"unprognostic (8.49e-2)"	"unprognostic (1.67e-1)"	"unprognostic (2.81e-2)"	"unprognostic (3.14e-3)"	"unprognostic (1.59e-1)"	"unprognostic (1.32e-3)"	"unprognostic (8.07e-2)"	"unprognostic (2.48e-2)"
TGFA		ENSG00000163235	"Transforming growth factor alpha"	P01135	2	70447284-70554193	"Cancer-related genes, Human disease related genes, Plasma proteins, Predicted membrane proteins, Predicted secreted proteins, RAS pathway related proteins"		"Growth factor, Mitogen"	"Cancer-related genes"	"Evidence at protein level"	"Evidence at transcript level"	"Evidence at protein level"	"Evidence at protein level"	"Tissue enhanced"	"Detected in many"		"esophagus: 24.7"	"Cell type enhanced"	"Detected in many"		"Ductal cells: 31.3;Early spermatids: 30.9;Oligodendrocyte precursor cells: 55.7;Oligodendrocytes: 33.6"	"Cell type enhanced"	"Detected in many"		"oligodendrocyte: 56.1;oligodendrocyte precursor cell: 137.0"	"Cancer enhanced"	"Detected in all"		"Kidney Renal Clear Cell Carcinoma (TCGA): 62.6"	"Low region specificity"	"Detected in all"			"Group enriched"	"Detected in many"	4	"basophil: 11.4;eosinophil: 23.9;neutrophil: 24.0"	"Lineage enriched"	"Detected in many"	5	"granulocytes: 24.0"	"Cancer enhanced"	"Detected in many"		"Kidney cancer: 179.0"	"Spleen - Macrophages, Stomach - Gastric mucous cells, Testis - Early spermatids"	"Low region specificity"	"Detected in all"			"Low region specificity"	"Detected in all"			HPA042297	Approved		Approved	Vesicles	"Secreted to blood"	"Growth factor"	No	No	57900		"Cluster 21: Neutrophils - Unknown function"	"Cluster 34: Non-specific - Mixed function"	"Cluster 30: White matter - Myelination"	"Cluster 15: Kidney cancer - Membrane components"	"Cluster 45: Non-specific - Mixed function"	10	Vesicles		"HPA042297: AB_10793878"	"unprognostic (7.92e-2)"	"unprognostic (1.04e-1)"	"unprognostic (1.63e-1)"	"unprognostic (1.77e-3)"	"unprognostic (5.90e-2)"	"unprognostic (3.55e-2)"	"unprognostic (1.69e-1)"	"unprognostic (1.11e-1)"	"unprognostic (1.05e-2)"	"unprognostic (9.47e-2)"	"validated prognostic favorable (5.79e-10)"	"validated prognostic favorable (6.64e-5)"	"unprognostic (1.54e-1)"	"unprognostic (1.31e-1)"	"unprognostic (1.79e-1)"	"unprognostic (8.19e-3)"	"unprognostic (1.58e-2)"	"unprognostic (1.48e-2)"	"unprognostic (1.15e-2)"	"unprognostic (6.84e-2)"	"unprognostic (5.11e-2)"	"potential prognostic unfavorable (2.31e-5)"	"unprognostic (1.11e-2)"	"unprognostic (1.90e-1)"	"unprognostic (9.22e-2)"	"unprognostic (7.00e-2)"	"unprognostic (2.36e-2)"	"unprognostic (7.47e-2)"	"unprognostic (1.91e-1)"	"unprognostic (1.00e-3)"	"unprognostic (3.05e-1)"
THEMIS2	"C1orf38, ICB-1"	ENSG00000130775	"Thymocyte selection associated family member 2"	Q5TEJ8	1	27872543-27886685	"Predicted intracellular proteins"	"Immunity, Inflammatory response"			"Evidence at protein level"	"Evidence at protein level"	"Evidence at protein level"	"Evidence at protein level"	"Tissue enhanced"	"Detected in many"		"bone marrow: 212.9;lymphoid tissue: 123.0"	"Cell type enhanced"	"Detected in many"		"dendritic cells: 327.5;Hofbauer cells: 87.1;Kupffer cells: 124.3;Macrophages: 116.1;monocytes: 349.7;NK-cells: 87.5"	"Cell type enhanced"	"Detected in many"		"central nervous system macrophage: 37.8;leukocyte: 37.0"	"Low cancer specificity"	"Detected in all"			"Low region specificity"	"Detected in all"			"Group enriched"	"Detected in all"	5	"classical monocyte: 403.9;eosinophil: 341.9;intermediate monocyte: 442.1;myeloid DC: 310.1;neutrophil: 500.4;non-classical monocyte: 457.0;plasmacytoid DC: 125.4"	"Group enriched"	"Detected in all"	6	"dendritic cells: 310.1;granulocytes: 500.4;monocytes: 457.0"	"Low cancer specificity"	"Detected in many"			"Adipose subcutaneous - Macrophages, Adipose visceral - Macrophages, Adrenal gland - Macrophages, Breast - Macrophages, Pituitary gland - Macrophages, Stomach - Macrophages, Testis - Sertoli cells, Thyroid gland - T-cells"	"Not detected"	"Not detected"			"Low region specificity"	"Detected in many"			"HPA027513, HPA031096"	Uncertain		Approved	Nucleoplasm			NA	NA			"Cluster 38: Monocytes & Neutrophils - Degranulation"	"Cluster 81: Lymphoid tissue & Bone marrow - Innate immune response"	"Cluster 30: White matter - Myelination"	"Cluster 55: Lymphoma - Immune response"	"Cluster 28: Dendritic cells - Antigen presentation"	1	Nucleoplasm		"HPA027513: , HPA031096: AB_10599254"	"unprognostic (2.83e-1)"	"unprognostic (9.26e-2)"		"unprognostic (8.03e-2)"	"unprognostic (2.56e-1)"	"unprognostic (1.61e-1)"	"unprognostic (2.26e-2)"	"unprognostic (9.31e-2)"	"unprognostic (2.27e-2)"	"unprognostic (2.88e-1)"	"unprognostic (4.85e-3)"	"unprognostic (1.75e-2)"	"unprognostic (8.57e-2)"	"unprognostic (2.94e-1)"		"unprognostic (3.92e-2)"	"unprognostic (1.69e-2)"	"unprognostic (5.45e-3)"	"unprognostic (5.43e-2)"	"unprognostic (1.53e-3)"	"unprognostic (3.07e-2)"	"unprognostic (1.96e-2)"	"unprognostic (1.40e-1)"	"unprognostic (3.47e-1)"	"unprognostic (1.03e-1)"	"unprognostic (2.38e-3)"	"unprognostic (6.98e-2)"	"unprognostic (1.04e-2)"	"unprognostic (5.87e-3)"	"unprognostic (2.76e-2)"	"unprognostic (1.05e-1)"
TIGD3		ENSG00000173825	"Tigger transposable element derived 3"	Q6B0B8	11	65354751-65357613	"Predicted intracellular proteins"		DNA-binding		"Evidence at protein level"	"Evidence at transcript level"	"Evidence at protein level"	"Evidence at protein level"	"Tissue enhanced"	"Detected in some"		"brain: 5.1;testis: 4.9"	"Cell type enhanced"	"Detected in many"		"dendritic cells: 20.2;Granulosa cells: 10.1;Proximal enterocytes: 10.2;Spermatocytes: 38.6"	"Low cell type specificity"	"Detected in many"			"Low cancer specificity"	"Detected in some"			"Low region specificity"	"Detected in many"			"Group enriched"	"Detected in many"	8	"basophil: 7.8;eosinophil: 10.9;neutrophil: 17.5"	"Lineage enriched"	"Detected in many"	11	"granulocytes: 17.5"	"Low cancer specificity"	"Detected in many"			"Heart muscle - Cardiomyocytes"	"Low region specificity"	"Detected in all"			"Low region specificity"	"Detected in single"			HPA040016			Approved	"Nucleoplasm,Nuclear membrane"			NA	NA			"Cluster 45: Eosinophils - Unknown function"	"Cluster 65: Cerebellum - Nervous system development"	"Cluster 2: Neurons - Nucleosome"	"Cluster 10: Ciliated cells - Ion channel activity"	"Cluster 79: Spermatocytes & Spermatogonia - Spermatogenesis"	3	"Nucleoplasm, Nuclear membrane"		"HPA040016: AB_10805600"	"unprognostic (8.91e-3)"		"unprognostic (4.78e-2)"	"potential prognostic favorable (3.49e-4)"			"unprognostic (1.51e-2)"	"unprognostic (1.09e-3)"																							"unprognostic (5.42e-3)"
TLCD2		ENSG00000185561	"TLC domain containing 2"	A6NGC4	17	1702816-1710377	"Predicted membrane proteins"				"Evidence at protein level"	"Evidence at transcript level"	"No human protein/transcript evidence"	"Evidence at protein level"	"Low tissue specificity"	"Detected in many"			"Cell type enhanced"	"Detected in many"		"Cone photoreceptor cells: 76.5;Distal enterocytes: 85.6;Proximal enterocytes: 64.8;Skeletal myocytes: 74.2"	"Cell type enhanced"	"Detected in many"		"endothelial cell: 6.6"	"Low cancer specificity"	"Detected in all"			"Low region specificity"	"Detected in all"			"Group enriched"	"Detected in some"	5	"basophil: 3.3;neutrophil: 1.5"	"Lineage enriched"	"Detected in single"	8	"granulocytes: 3.3"	"Low cancer specificity"	"Detected in many"			"Adipose subcutaneous - Adipocytes (Subcutaneous), Adipose visceral - Adipocytes (Visceral), Breast - Adipocytes (Breast), Skin - Sebaceous gland cells"	"Not detected"	"Not detected"			"Region enhanced"	"Detected in all"		"spinal cord: 18.7"	HPA046063	Uncertain		Approved	Vesicles			NA	NA			"Cluster 20: Non-specific - DNA binding"	"Cluster 37: Liver & Intestine - Lipid metabolism"	"Cluster 6: Non-specific - Immune response"	"Cluster 72: Neuronal - Signal transduction"	"Cluster 5: Enterocytes - Absorption"		Vesicles		"HPA046063: AB_2679520"	"unprognostic (3.12e-3)"	"unprognostic (1.35e-1)"		"unprognostic (8.72e-3)"	"unprognostic (9.01e-2)"	"unprognostic (4.01e-1)"	"unprognostic (4.60e-3)"	"unprognostic (1.03e-1)"	"unprognostic (1.34e-1)"	"unprognostic (1.14e-2)"	"potential prognostic unfavorable (3.94e-4)"	"unprognostic (5.57e-2)"	"unprognostic (1.16e-1)"	"unprognostic (2.92e-1)"	"unprognostic (3.80e-2)"	"unprognostic (4.04e-2)"	"unprognostic (6.20e-2)"	"unprognostic (1.31e-1)"	"unprognostic (1.21e-2)"	"unprognostic (8.34e-2)"		"unprognostic (9.58e-3)"	"unprognostic (1.47e-1)"	"unprognostic (2.67e-1)"	"unprognostic (5.95e-2)"	"unprognostic (8.99e-3)"	"unprognostic (1.37e-2)"	"unprognostic (3.18e-2)"	"unprognostic (9.81e-2)"	"unprognostic (1.70e-1)"	"unprognostic (2.38e-1)"
TLR2	"CD282, TIL4"	ENSG00000137462	"Toll like receptor 2"	O60603	4	153684070-153706260	"CD markers, FDA approved drug targets, Human disease related genes, Predicted intracellular proteins, Predicted membrane proteins, Transporters"	"Immunity, Inflammatory response, Innate immunity"	Receptor	"FDA approved drug targets"	"Evidence at protein level"	"Evidence at protein level"	"Evidence at protein level"	"Evidence at protein level"	"Tissue enhanced"	"Detected in all"		"bone marrow: 69.1;lymphoid tissue: 50.3"	"Cell type enhanced"	"Detected in many"		"Kupffer cells: 106.9;Macrophages: 117.2;monocytes: 342.1;Mucus glandular cells: 67.3"	"Cell type enriched"	"Detected in some"	5	"central nervous system macrophage: 299.3"	"Low cancer specificity"	"Detected in all"			"Low region specificity"	"Detected in all"			"Group enriched"	"Detected in many"	4	"classical monocyte: 200.3;intermediate monocyte: 179.4;myeloid DC: 121.5;neutrophil: 460.9;non-classical monocyte: 122.1"	"Group enriched"	"Detected in all"	48	"dendritic cells: 121.5;granulocytes: 460.9;monocytes: 200.3"	"Cancer enhanced"	"Detected in many"		"head and neck cancer: 11.0;Leukemia: 10.6"	"Adipose subcutaneous - Macrophages, Adrenal gland - Macrophages, Kidney - Macrophages, Liver - Neutrophils, Lung - Neutrophil_2, Minor Salivary Gland - Minor salivary glandular cells, Spleen - Neutrophils, Stomach - Macrophages"	"Low region specificity"	"Detected in many"			"Low region specificity"	"Detected in all"			HPA078321			Supported	"Nucleoplasm,Vesicles,Plasma membrane,Cytosol"			NA	NA			"Cluster 38: Monocytes & Neutrophils - Degranulation"	"Cluster 81: Lymphoid tissue & Bone marrow - Innate immune response"	"Cluster 20: Macrophages & Microglia - Immune response"	"Cluster 14: Myeloid leukemia - Innate immune response"	"Cluster 29: Monocytes - Innate immune response"	13	"Plasma membrane"	"Nucleoplasm, Vesicles, Cytosol"	"HPA078321: "	"unprognostic (1.11e-1)"	"unprognostic (1.35e-1)"	"unprognostic (1.12e-1)"	"unprognostic (7.84e-2)"	"unprognostic (2.17e-1)"	"unprognostic (3.22e-1)"	"unprognostic (6.40e-2)"	"unprognostic (3.80e-1)"	"unprognostic (1.38e-2)"	"unprognostic (1.39e-1)"	"unprognostic (8.77e-3)"	"unprognostic (1.72e-1)"	"unprognostic (1.08e-2)"	"unprognostic (2.05e-2)"	"unprognostic (3.58e-3)"	"potential prognostic favorable (5.70e-4)"	"unprognostic (6.79e-2)"	"unprognostic (2.18e-1)"	"unprognostic (3.61e-2)"	"unprognostic (5.71e-2)"	"unprognostic (2.39e-1)"	"unprognostic (4.22e-1)"	"unprognostic (4.37e-3)"	"unprognostic (3.10e-1)"	"unprognostic (1.57e-1)"	"unprognostic (1.14e-3)"	"unprognostic (2.19e-1)"	"unprognostic (1.27e-2)"	"unprognostic (7.73e-2)"	"unprognostic (9.89e-2)"	"unprognostic (4.35e-1)"
TLR5	"FLJ10052, MGC126430, MGC126431, SLEB1, TIL3"	ENSG00000187554	"Toll like receptor 5"	O60602	1	223109404-223143248	"Disease related genes, Human disease related genes, Predicted intracellular proteins, Predicted membrane proteins"	"Immunity, Inflammatory response, Innate immunity"	Receptor	"Systemic lupus erythematosus"	"Evidence at protein level"	"Evidence at transcript level"	"Evidence at protein level"	"Evidence at protein level"	"Low tissue specificity"	"Detected in many"			"Cell type enhanced"	"Detected in many"		"Mucus glandular cells: 48.2"	"Cell type enriched"	"Detected in many"	6	"central nervous system macrophage: 95.9"	"Low cancer specificity"	"Detected in many"			"Low region specificity"	"Detected in all"			"Group enriched"	"Detected in many"	10	"classical monocyte: 30.8;intermediate monocyte: 28.1;myeloid DC: 23.4;neutrophil: 25.4;non-classical monocyte: 12.5"	"Group enriched"	"Detected in many"	11	"dendritic cells: 23.4;granulocytes: 25.4;monocytes: 30.8"	"Low cancer specificity"	"Detected in some"			"Prostate - Urothelial cells, Spleen - Neutrophils"	"Not detected"	"Not detected"			"Low region specificity"	"Detected in all"			CAB009013			Approved	"Nucleoplasm,Golgi apparatus,Cytosol"			NA	NA			"Cluster 38: Monocytes & Neutrophils - Degranulation"	"Cluster 75: Epithelium - Extracellular exosomes"	"Cluster 20: Macrophages & Microglia - Immune response"	"Cluster 59: Leukemia - T-cell receptor"	"Cluster 58: Macrophages - Innate immune response"		"Golgi apparatus"	"Nucleoplasm, Cytosol"	"CAB009013: AB_2240732"	"unprognostic (2.23e-1)"	"unprognostic (1.70e-2)"	"unprognostic (1.65e-2)"	"unprognostic (2.76e-1)"	"unprognostic (2.17e-1)"	"unprognostic (7.26e-2)"	"unprognostic (5.38e-2)"	"unprognostic (3.91e-1)"	"unprognostic (1.03e-1)"	"unprognostic (4.08e-2)"	"unprognostic (3.77e-1)"	"unprognostic (2.24e-1)"	"unprognostic (3.65e-2)"	"unprognostic (4.43e-2)"	"unprognostic (7.11e-2)"	"unprognostic (6.13e-2)"	"unprognostic (1.58e-1)"	"unprognostic (1.13e-1)"	"unprognostic (3.11e-1)"	"unprognostic (2.16e-2)"	"unprognostic (6.16e-3)"	"unprognostic (2.98e-1)"	"unprognostic (7.72e-3)"	"unprognostic (4.90e-2)"		"unprognostic (1.17e-1)"		"potential prognostic unfavorable (8.98e-4)"	"unprognostic (2.30e-2)"	"unprognostic (2.62e-1)"	"unprognostic (1.68e-1)"
TLR8	"CD288, hTLR8"	ENSG00000101916	"Toll like receptor 8"	Q9NR97	X	12906620-12923169	"CD markers, Disease related genes, Predicted membrane proteins"	"Immunity, Inflammatory response, Innate immunity"	Receptor	"Disease variant"	"Evidence at protein level"	"Evidence at protein level"	"Evidence at protein level"	"Evidence at protein level"	"Tissue enhanced"	"Detected in some"		"lung: 10.3;lymphoid tissue: 16.3"	"Group enriched"	"Detected in some"	4	"Kupffer cells: 47.8;Macrophages: 21.5;monocytes: 51.0"	"Group enriched"	"Detected in some"	17	"central nervous system macrophage: 4.4;leukocyte: 3.9"	"Low cancer specificity"	"Detected in many"			"Low region specificity"	"Detected in many"			"Group enriched"	"Detected in some"	73	"classical monocyte: 16.7;intermediate monocyte: 14.9;myeloid DC: 8.4;neutrophil: 27.6;non-classical monocyte: 15.7"	"Group enriched"	"Detected in many"	77	"dendritic cells: 8.4;granulocytes: 27.6;monocytes: 16.7"	"Not detected"	"Not detected"			"Adipose subcutaneous - Macrophages, Adrenal gland - Macrophages, Breast - Macrophages, Colon - Macrophages, Heart muscle - Macrophages, Kidney - Macrophages, Minor Salivary Gland - Macrophages, Pancreas - Macrophages, Pituitary gland - Macrophages, Prostate - Macrophages, Skin - Macrophages, Spleen - Neutrophils, Stomach - Macrophages, Thyroid gland - Macrophages"	"Not detected"	"Not detected"			"Low region specificity"	"Detected in all"			HPA001608	Enhanced						NA	NA			"Cluster 38: Monocytes & Neutrophils - Degranulation"	"Cluster 70: Lymphoid tissue - Immune response"	"Cluster 20: Macrophages & Microglia - Immune response"	"Cluster 14: Myeloid leukemia - Innate immune response"	"Cluster 29: Monocytes - Innate immune response"	1			"HPA001608: AB_1080295"		"unprognostic (1.55e-1)"	"unprognostic (1.97e-2)"			"unprognostic (1.16e-1)"	"unprognostic (1.37e-1)"	"unprognostic (2.10e-1)"	"unprognostic (3.53e-2)"		"unprognostic (7.38e-3)"	"unprognostic (3.54e-1)"			"unprognostic (2.39e-2)"	"unprognostic (1.03e-2)"	"unprognostic (1.11e-1)"	"unprognostic (1.64e-1)"	"unprognostic (3.00e-1)"			"unprognostic (1.41e-1)"	"unprognostic (2.06e-1)"			"unprognostic (1.71e-1)"		"unprognostic (1.83e-1)"	"unprognostic (3.98e-2)"		
TM6SF1		ENSG00000136404	"Transmembrane 6 superfamily member 1"	Q9BZW5	15	83107572-83144854	"Predicted intracellular proteins, Predicted membrane proteins, Transporters"				"Evidence at protein level"	"Evidence at transcript level"	"Evidence at protein level"	"Evidence at protein level"	"Tissue enhanced"	"Detected in many"		"skeletal muscle: 45.6"	"Cell type enhanced"	"Detected in many"		"Adipocytes: 25.8;granulocytes: 28.6;Hofbauer cells: 53.3;Kupffer cells: 27.3;Langerhans cells: 60.9;Macrophages: 43.8;Microglial cells: 44.7"	"Cell type enhanced"	"Detected in all"		"central nervous system macrophage: 277.5"	"Low cancer specificity"	"Detected in many"			"Low region specificity"	"Detected in all"			"Group enriched"	"Detected in many"	4	"basophil: 77.1;eosinophil: 196.3;neutrophil: 118.7"	"Lineage enriched"	"Detected in many"	6	"granulocytes: 196.3"	"Group enriched"	"Detected in many"	5	"Leukemia: 10.5;lymphoma: 9.0;Myeloma: 3.5"	"Adrenal gland - Macrophages, Breast - Endothelial cells, Colon - Endothelial cells, Pancreas - Macrophages, Skeletal muscle - Skeletal myocytes, Testis - Early spermatids"	"Low region specificity"	"Detected in all"			"Low region specificity"	"Detected in all"			"HPA016051, HPA056857"	Uncertain						NA	NA			"Cluster 21: Neutrophils - Unknown function"	"Cluster 2: Skeletal muscle - Striated muscle contraction"	"Cluster 50: Non-specific - Nucleic acid binding"	"Cluster 71: Lymphoma - Inflammatory response"	"Cluster 58: Macrophages - Innate immune response"				"HPA016051: AB_2203924, HPA056857: AB_2683259"	"unprognostic (3.92e-3)"	"unprognostic (1.23e-2)"	"unprognostic (1.54e-2)"	"unprognostic (3.01e-3)"	"unprognostic (6.60e-2)"	"unprognostic (3.89e-1)"	"unprognostic (2.65e-1)"	"unprognostic (1.68e-1)"	"unprognostic (2.68e-1)"	"unprognostic (2.42e-2)"	"potential prognostic favorable (2.20e-4)"	"unprognostic (1.20e-1)"	"unprognostic (1.21e-1)"		"unprognostic (1.63e-1)"	"potential prognostic favorable (1.22e-4)"	"unprognostic (2.28e-2)"	"unprognostic (1.53e-1)"	"unprognostic (5.15e-1)"	"unprognostic (1.22e-2)"	"unprognostic (1.76e-2)"	"unprognostic (1.01e-1)"	"unprognostic (4.02e-2)"	"unprognostic (2.98e-1)"	"unprognostic (9.40e-3)"	"unprognostic (9.28e-3)"	"unprognostic (1.52e-1)"	"unprognostic (3.27e-3)"	"unprognostic (3.53e-3)"	"unprognostic (1.85e-2)"	"unprognostic (5.08e-2)"
TMEM140	FLJ11000	ENSG00000146859	"Transmembrane protein 140"	Q9NV12	7	135148072-135166215	"Predicted membrane proteins"				"Evidence at protein level"	"Evidence at transcript level"	"Evidence at protein level"	"Evidence at protein level"	"Tissue enhanced"	"Detected in all"		"skeletal muscle: 84.5"	"Cell type enhanced"	"Detected in many"		"Plasma cells: 40.2;Schwann cells: 38.8;Syncytiotrophoblasts: 59.7"	"Cell type enhanced"	"Detected in all"		"endothelial cell: 81.2;leukocyte: 34.8"	"Low cancer specificity"	"Detected in all"			"Low region specificity"	"Detected in all"			"Group enriched"	"Detected in all"	6	"basophil: 360.4;eosinophil: 109.4;neutrophil: 430.5"	"Lineage enriched"	"Detected in all"	8	"granulocytes: 430.5"	"Low cancer specificity"	"Detected in all"			"Adrenal gland - Adrenal cortex cells"	"Low region specificity"	"Detected in all"			"Low region specificity"	"Detected in all"										NA	NA			"Cluster 35: Neutrophils - Protein binding"	"Cluster 19: Non-specific - Basic cellular processes"	"Cluster 30: White matter - Myelination"	"Cluster 47: Leukemia - Hemostasis"	"Cluster 57: Platelets - Hemostasis"	44				"unprognostic (1.03e-3)"	"unprognostic (2.37e-1)"	"unprognostic (1.24e-1)"	"unprognostic (1.03e-1)"	"unprognostic (4.42e-1)"	"unprognostic (2.82e-2)"	"unprognostic (9.75e-2)"	"unprognostic (1.30e-3)"	"unprognostic (2.18e-2)"	"unprognostic (5.77e-3)"	"potential prognostic favorable (6.73e-6)"	"unprognostic (1.89e-2)"	"unprognostic (7.50e-3)"	"unprognostic (2.26e-1)"	"unprognostic (1.81e-2)"	"unprognostic (4.44e-2)"	"unprognostic (3.73e-2)"	"unprognostic (1.54e-3)"	"unprognostic (1.36e-1)"	"unprognostic (1.18e-1)"	"unprognostic (3.16e-2)"	"unprognostic (4.08e-2)"	"unprognostic (4.33e-1)"	"unprognostic (3.17e-1)"	"unprognostic (7.35e-2)"	"unprognostic (3.64e-2)"	"unprognostic (3.52e-1)"	"unprognostic (4.33e-2)"	"unprognostic (1.10e-1)"	"unprognostic (1.29e-1)"	"unprognostic (1.03e-1)"
TMEM154	FLJ32028	ENSG00000170006	"Transmembrane protein 154"	Q6P9G4	4	152618628-152680012	"Predicted intracellular proteins, Predicted membrane proteins"				"Evidence at protein level"	"Evidence at transcript level"	"Evidence at protein level"	"Evidence at protein level"	"Tissue enhanced"	"Detected in many"		"esophagus: 19.1;skin 1: 47.1"	"Cell type enhanced"	"Detected in many"		"B-cells: 106.2;Basal keratinocytes: 82.2;Glandular and luminal cells: 75.0;granulocytes: 134.3;monocytes: 75.9;Squamous epithelial cells: 108.1;Suprabasal keratinocytes: 306.1"	"Group enriched"	"Detected in some"	8	"central nervous system macrophage: 72.7;endothelial cell: 34.7;leukocyte: 52.9"	"Cancer enhanced"	"Detected in many"		"Head and Neck Squamous Cell Carcinoma (TCGA): 20.4"	"Low region specificity"	"Detected in all"			"Group enriched"	"Detected in many"	5	"basophil: 36.8;eosinophil: 20.8;neutrophil: 35.9"	"Lineage enriched"	"Detected in many"	6	"granulocytes: 36.8"	"Low cancer specificity"	"Detected in many"			"Skin - Keratinocyte (other)"	"Not detected"	"Not detected"			"Low region specificity"	"Detected in all"			"HPA019184, HPA055411"	Uncertain		Approved	"Nucleoplasm,Nuclear membrane"			NA	NA			"Cluster 20: Non-specific - DNA binding"	"Cluster 13: Skin - Cornification"	"Cluster 6: Non-specific - Immune response"	"Cluster 30: Non-specific - Gene expression regulation"	"Cluster 59: Suprabasal keratinocytes - Cornification"	17	"Nuclear membrane"	Nucleoplasm	"HPA019184: AB_2670088, HPA055411: "	"unprognostic (1.34e-1)"	"unprognostic (8.36e-2)"	"unprognostic (7.00e-2)"	"unprognostic (3.45e-2)"	"unprognostic (3.71e-2)"	"unprognostic (7.32e-2)"	"unprognostic (1.95e-1)"	"unprognostic (3.12e-3)"	"unprognostic (2.67e-1)"		"unprognostic (9.19e-2)"	"unprognostic (1.26e-1)"	"unprognostic (3.60e-2)"		"potential prognostic favorable (2.06e-4)"	"unprognostic (1.88e-1)"	"unprognostic (1.07e-1)"	"unprognostic (2.46e-1)"	"unprognostic (1.53e-1)"			"potential prognostic unfavorable (9.70e-4)"	"unprognostic (5.03e-2)"		"unprognostic (2.87e-1)"	"unprognostic (1.24e-1)"	"unprognostic (4.56e-2)"	"unprognostic (2.21e-1)"	"unprognostic (4.16e-2)"	"unprognostic (2.03e-2)"	"unprognostic (3.99e-2)"
TMEM45B	"BC016153, FLJ40787"	ENSG00000151715	"Transmembrane protein 45B"	Q96B21	11	129815848-129860003	"Predicted membrane proteins"	"Immunity, Innate immunity"			"Evidence at protein level"	"Evidence at transcript level"	"Evidence at protein level"	"Evidence at protein level"	"Tissue enhanced"	"Detected in many"		"esophagus: 64.6;intestine: 132.5"	"Cell type enhanced"	"Detected in many"		"Ciliated cells: 79.7;Club cells: 79.2;Distal enterocytes: 262.3;Enteroendocrine cells: 79.6;Ionocytes: 92.4;Paneth cells: 125.7;Proximal enterocytes: 291.2;Undifferentiated cells: 80.7"	"Cell type enhanced"	"Detected in many"		"choroid plexus epithelial cell: 22.0;endothelial cell: 57.2"	"Low cancer specificity"	"Detected in all"			"Low region specificity"	"Detected in all"			"Group enriched"	"Detected in some"	4	"memory CD4 T-cell: 3.1;naive CD4 T-cell: 3.6;neutrophil: 11.8"	"Group enriched"	"Detected in many"	14	"granulocytes: 11.8;T-cells: 3.6"	"Cancer enhanced"	"Detected in many"		"colorectal cancer: 56.4;prostate cancer: 85.3"	"Breast - Breast glandular cells, Breast - Breast glandular cells, Colon - Colon enterocytes, Lung - Alveolar cells type 2, Prostate - Urothelial cells, Stomach - Gastric mucous cells"	"Not detected"	"Not detected"			"Low region specificity"	"Detected in many"			"HPA015474, HPA015878"	Approved		Approved	Nucleoplasm			NA	NA			"Cluster 21: Neutrophils - Unknown function"	"Cluster 45: Intestine - Digestion"	"Cluster 23: Choroid plexus - Mixed function"	"Cluster 60: Prostate cancer - Unknown function"	"Cluster 5: Enterocytes - Absorption"	31	Nucleoplasm		"HPA015474: , HPA015878: AB_2205046"	"unprognostic (1.15e-1)"	"unprognostic (1.59e-2)"	"unprognostic (4.78e-2)"	"unprognostic (3.77e-1)"	"unprognostic (1.81e-2)"	"unprognostic (2.79e-1)"	"unprognostic (6.92e-3)"	"unprognostic (9.09e-2)"	"unprognostic (4.73e-2)"	"unprognostic (1.86e-2)"	"unprognostic (1.40e-2)"	"unprognostic (6.51e-3)"	"potential prognostic unfavorable (8.02e-4)"	"unprognostic (3.92e-2)"	"unprognostic (1.15e-1)"	"unprognostic (3.82e-2)"	"unprognostic (8.57e-3)"	"unprognostic (2.40e-2)"	"unprognostic (1.13e-1)"	"unprognostic (2.74e-3)"	"unprognostic (1.30e-1)"	"unprognostic (1.47e-1)"	"unprognostic (3.07e-1)"	"unprognostic (1.36e-1)"	"unprognostic (8.34e-3)"	"unprognostic (1.11e-1)"	"unprognostic (4.25e-2)"	"unprognostic (4.05e-2)"	"unprognostic (3.38e-1)"	"unprognostic (1.16e-1)"	"unprognostic (1.57e-1)"
TNFRSF12A	"CD266, FN14, TweakR"	ENSG00000006327	"TNF receptor superfamily member 12A"	Q9NP84	16	3018445-3022383	"Cancer-related genes, CD markers, Predicted intracellular proteins, Predicted membrane proteins"	"Angiogenesis, Apoptosis, Cell adhesion, Differentiation"	"Developmental protein, Receptor"	"Cancer-related genes"	"Evidence at protein level"	"Evidence at transcript level"	"Evidence at protein level"	"Evidence at protein level"	"Low tissue specificity"	"Detected in all"			"Cell type enhanced"	"Detected in many"		"Alveolar cells type 1: 574.8;Basal respiratory cells: 577.5;Ductal cells: 809.1;Exocrine glandular cells: 535.5;Pancreatic endocrine cells: 706.4;Secretory cells: 888.2"	"Cell type enhanced"	"Detected in many"		"central nervous system macrophage: 10.9;lower rhombic lip: 10.7;vascular associated smooth muscle cell: 20.2"	"Low cancer specificity"	"Detected in all"			"Low region specificity"	"Detected in all"			"Group enriched"	"Detected in many"	8	"eosinophil: 140.0;neutrophil: 103.3"	"Lineage enriched"	"Detected in many"	10	"granulocytes: 140.0"	"Low cancer specificity"	"Detected in all"			"Minor Salivary Gland - Minor salivary glandular cells, Pancreas - Ductal cells"					"Low region specificity"	"Detected in all"			HPA007853	Approved		Approved	"Plasma membrane,Cytosol"			NA	Yes		590000	"Cluster 36: Eosinophils - Protein ubiquitination"	"Cluster 68: Non-specific - Protein processing"	"Cluster 12: Non-specific - Vasculature"	"Cluster 15: Kidney cancer - Membrane components"	"Cluster 45: Non-specific - Mixed function"	7	"Plasma membrane, Cytosol"		"HPA007853: AB_1858463"	"unprognostic (9.13e-2)"	"unprognostic (2.88e-2)"	"unprognostic (1.24e-1)"	"unprognostic (2.30e-3)"	"unprognostic (1.32e-1)"	"unprognostic (3.51e-1)"	"unprognostic (1.68e-2)"	"potential prognostic unfavorable (3.13e-4)"	"potential prognostic unfavorable (2.63e-4)"	"unprognostic (7.19e-2)"	"unprognostic (1.25e-3)"	"potential prognostic unfavorable (7.22e-5)"	"unprognostic (2.44e-2)"	"unprognostic (4.27e-3)"	"unprognostic (6.70e-2)"	"unprognostic (3.40e-2)"	"unprognostic (3.47e-2)"	"unprognostic (1.70e-3)"	"unprognostic (8.21e-3)"	"unprognostic (2.26e-1)"	"unprognostic (4.46e-2)"	"unprognostic (3.16e-3)"	"unprognostic (3.11e-2)"	"unprognostic (3.80e-1)"	"unprognostic (2.57e-1)"	"unprognostic (1.16e-1)"	"potential prognostic favorable (4.95e-4)"	"unprognostic (1.77e-2)"	"unprognostic (2.15e-1)"	"unprognostic (1.83e-3)"	"unprognostic (3.35e-1)"
TNFRSF9	"4-1BB, CD137, ILA"	ENSG00000049249	"TNF receptor superfamily member 9"	Q07011	1	7915871-7943165	"Cancer-related genes, CD markers, Predicted intracellular proteins, Predicted membrane proteins, Transporters"		Receptor	"Cancer-related genes"	"Evidence at protein level"	"Evidence at transcript level"	"Evidence at protein level"	"Evidence at protein level"	"Tissue enhanced"	"Detected in some"		"lymphoid tissue: 9.6"	"Cell type enhanced"	"Detected in some"		"granulocytes: 63.6;Langerhans cells: 36.9;NK-cells: 13.4;T-cells: 25.7"	"Cell type enriched"	"Detected in single"	10	"leukocyte: 7.0"	"Low cancer specificity"	"Detected in many"			"Low region specificity"	"Detected in all"			"Group enriched"	"Detected in many"	5	"memory CD8 T-cell: 9.4;neutrophil: 8.6;NK-cell: 5.1;T-reg: 18.6"	"Group enriched"	"Detected in many"	5	"granulocytes: 8.6;NK-cells: 5.1;T-cells: 18.6"	"Low cancer specificity"	"Detected in many"				"Not detected"	"Not detected"			"Low region specificity"	"Detected in many"			HPA071425			Approved	"Nucleoli,Plasma membrane"			NA	NA			"Cluster 33: Non-specific - ATP binding"	"Cluster 36: Lymphoid tissue - Cytokine signaling"	"Cluster 48: Non-specific - Mixed function"	"Cluster 21: Lymphoma - Adaptive immune response"	"Cluster 78: NK-cells & T-cells - Immune system & Transcription"	17	"Plasma membrane"	Nucleoli	"HPA071425: AB_2686394"	"unprognostic (5.30e-3)"	"unprognostic (1.75e-1)"	"unprognostic (8.66e-2)"	"unprognostic (2.14e-1)"	"unprognostic (1.27e-1)"	"unprognostic (2.31e-2)"		"unprognostic (3.89e-3)"	"unprognostic (2.50e-2)"		"unprognostic (6.95e-3)"	"unprognostic (4.28e-1)"	"unprognostic (1.20e-2)"			"unprognostic (3.32e-1)"	"unprognostic (1.28e-2)"	"unprognostic (1.03e-1)"	"unprognostic (1.00e-1)"	"unprognostic (8.82e-3)"		"unprognostic (1.47e-3)"	"unprognostic (1.76e-2)"		"unprognostic (2.84e-2)"	"unprognostic (3.98e-3)"	"unprognostic (2.58e-1)"	"unprognostic (6.10e-2)"	"unprognostic (2.76e-2)"		"unprognostic (1.00e-1)"
TNFSF10	"Apo-2L, CD253, TL2, TRAIL"	ENSG00000121858	"TNF superfamily member 10"	P50591	3	172505508-172523475	"Cancer-related genes, CD markers, Predicted intracellular proteins, Predicted membrane proteins, Predicted secreted proteins, Transporters"	Apoptosis	Cytokine	"Cancer-related genes"	"Evidence at protein level"	"Evidence at transcript level"	"Evidence at protein level"	"Evidence at protein level"	"Low tissue specificity"	"Detected in all"			"Cell type enhanced"	"Detected in many"		"Basal respiratory cells: 385.4;Ductal cells: 709.4;Proximal tubular cells: 567.3"	"Cell type enriched"	"Detected in some"	5	"endothelial cell: 285.4"	"Low cancer specificity"	"Detected in all"			"Low region specificity"	"Detected in all"			"Group enriched"	"Detected in all"	4	"basophil: 266.3;classical monocyte: 133.5;intermediate monocyte: 203.5;neutrophil: 257.9;non-classical monocyte: 214.1"	"Group enriched"	"Detected in all"	5	"granulocytes: 266.3;monocytes: 214.1"	"Group enriched"	"Detected in many"	4	"head and neck cancer: 121.7;Kidney cancer: 166.1"	"Adrenal gland - Adrenal cortex cells, Liver - Hepatocytes, Minor Salivary Gland - Minor salivary glandular cells"	"Low region specificity"	"Detected in all"							HPA054938	Uncertain				"Secreted to blood"	Cytokine	NA	NA	67400	12000	"Cluster 28: Neutrophils - Unknown function"	"Cluster 11: Liver - Plasma proteins"	"Cluster 8: Immune cells - Immune response"	"Cluster 15: Kidney cancer - Membrane components"	"Cluster 38: Proximal tubular cells - Transmembrane transport"	8			"HPA054938: AB_2682643"	"unprognostic (8.83e-2)"	"unprognostic (4.02e-2)"	"unprognostic (3.71e-1)"	"unprognostic (1.56e-1)"	"unprognostic (2.15e-1)"	"unprognostic (1.03e-1)"	"unprognostic (2.43e-1)"	"unprognostic (1.09e-1)"	"unprognostic (2.32e-1)"	"unprognostic (4.68e-3)"	"unprognostic (1.31e-3)"	"unprognostic (6.75e-2)"	"unprognostic (1.93e-2)"	"unprognostic (1.61e-1)"	"unprognostic (5.34e-2)"	"unprognostic (1.04e-1)"	"unprognostic (4.36e-2)"	"unprognostic (3.29e-2)"	"unprognostic (2.58e-1)"	"unprognostic (5.74e-2)"	"unprognostic (1.29e-2)"	"potential prognostic unfavorable (1.02e-4)"	"unprognostic (2.45e-1)"	"unprognostic (5.51e-2)"	"unprognostic (2.06e-1)"	"unprognostic (2.70e-2)"	"unprognostic (9.49e-2)"	"unprognostic (1.23e-1)"	"unprognostic (4.01e-2)"	"unprognostic (2.35e-2)"	"unprognostic (1.95e-2)"
TREML4	TLT4	ENSG00000188056	"Triggering receptor expressed on myeloid cells like 4"	Q6UXN2	6	41228339-41238882	"Predicted membrane proteins, Predicted secreted proteins"	"Immunity, Innate immunity"			"Evidence at transcript level"	"Evidence at transcript level"	"Evidence at transcript level"	"Evidence at transcript level"	"Tissue enhanced"	"Detected in single"		"choroid plexus: 2.0"	"Cell type enhanced"	"Detected in single"		"monocytes: 1.5"	"Cell type enriched"	"Detected in single"	8	"choroid plexus epithelial cell: 5.0"	"Not detected"	"Not detected"			"Region enhanced"	"Detected in some"		"choroid plexus: 3.5"	"Group enriched"	"Detected in some"	4	"eosinophil: 4.5;neutrophil: 8.3"	"Lineage enriched"	"Detected in many"	5	"granulocytes: 8.3"	"Not detected"	"Not detected"			"Adipose visceral - Neutrophils, Colon - Neutrophils"	"Not detected"	"Not detected"							HPA065044	Uncertain		Approved	"Plasma membrane"	"Secreted - unknown location"	Immunity	NA	NA			"Cluster 38: Monocytes & Neutrophils - Degranulation"	"Cluster 60: Choroid plexus - Transmembrane transport"	"Cluster 20: Macrophages & Microglia - Immune response"	"Cluster 7: Liver cancer - Metabolism"	"Cluster 29: Monocytes - Innate immune response"		"Plasma membrane"		"HPA065044: AB_2685411"																															
TRIB1	"C8FW, GIG2, TRB1"	ENSG00000173334	"Tribbles pseudokinase 1"	Q96RU8	8	125430358-125438403	"Enzymes, Predicted intracellular proteins"		"Protein kinase inhibitor"		"Evidence at protein level"	"Evidence at transcript level"	"Evidence at protein level"	"Evidence at protein level"	"Tissue enhanced"	"Detected in all"		"bone marrow: 361.7"	"Cell type enhanced"	"Detected in many"		"Alveolar cells type 2: 259.2;Endometrial stromal cells: 228.3;Plasma cells: 267.9"	"Cell type enhanced"	"Detected in many"		"astrocyte: 16.6;central nervous system macrophage: 30.4;pericyte: 16.6"	"Low cancer specificity"	"Detected in all"			"Low region specificity"	"Detected in all"			"Group enriched"	"Detected in some"	4	"eosinophil: 9.9;neutrophil: 4.7;non-classical monocyte: 3.5;T-reg: 2.8"	"Group enriched"	"Detected in many"	12	"granulocytes: 9.9;monocytes: 3.5;T-cells: 2.8"	"Cancer enhanced"	"Detected in all"		"Myeloma: 114.7"	"Testis - Sertoli cells"	"Low region specificity"	"Detected in all"			"Low region specificity"	"Detected in all"			HPA063982			Approved	"Plasma membrane,Cytosol"			NA	NA			"Cluster 45: Eosinophils - Unknown function"	"Cluster 40: Non-specific - Transcription"	"Cluster 40: Astrocytes - Astrocyte-neuron interactions"	"Cluster 40: Non-specific - Unknown function"	"Cluster 77: Plasma cells - Protein processing"	16	"Plasma membrane, Cytosol"		"HPA063982: AB_2685165"	"unprognostic (9.54e-2)"	"unprognostic (1.81e-2)"	"unprognostic (4.09e-3)"	"unprognostic (4.13e-2)"	"unprognostic (4.76e-3)"	"unprognostic (2.31e-1)"	"unprognostic (1.94e-1)"	"unprognostic (2.75e-1)"	"unprognostic (2.81e-1)"	"unprognostic (5.35e-2)"	"unprognostic (2.88e-1)"	"unprognostic (1.04e-1)"	"unprognostic (1.98e-2)"	"unprognostic (8.38e-2)"	"unprognostic (6.95e-2)"	"unprognostic (2.67e-2)"	"unprognostic (2.79e-2)"	"potential prognostic unfavorable (4.85e-6)"	"unprognostic (1.59e-1)"	"unprognostic (1.49e-2)"	"unprognostic (2.05e-1)"	"unprognostic (1.24e-2)"	"unprognostic (1.11e-3)"	"unprognostic (6.83e-2)"	"unprognostic (1.97e-1)"	"unprognostic (4.74e-2)"	"unprognostic (5.96e-2)"	"unprognostic (1.50e-1)"	"unprognostic (4.04e-2)"	"unprognostic (4.26e-1)"	"unprognostic (1.67e-1)"
TSEN34	"LENG5, SEN34, SEN34L"	ENSG00000170892	"TRNA splicing endonuclease subunit 34"	Q9BSV6	19	54189938-54194536	"Disease related genes, Enzymes, Human disease related genes, Potential drug targets, Predicted intracellular proteins"	"mRNA processing, tRNA processing"	Lyase	"Disease variant, Neurodegeneration, Pontocerebellar hypoplasia"	"Evidence at protein level"	"Evidence at protein level"	"Evidence at protein level"	"Evidence at protein level"	"Low tissue specificity"	"Detected in all"			"Low cell type specificity"	"Detected in many"			"Low cell type specificity"	"Detected in all"			"Low cancer specificity"	"Detected in many"			"Low region specificity"	"Detected in all"			"Group enriched"	"Detected in some"	7	"basophil: 5.0;eosinophil: 1.9;neutrophil: 4.9"	"Lineage enriched"	"Detected in single"	8	"granulocytes: 5.0"	"Low cancer specificity"	"Detected in many"			"Skin - Keratinocyte (other), Spleen - Neutrophils, Thyroid gland - Thyroid glandular cells"	"Low region specificity"	"Detected in all"			"Low region specificity"	"Detected in all"			"HPA041111, HPA048208"	Approved		Supported	Nucleoplasm			NA	NA			"Cluster 21: Neutrophils - Unknown function"	"Cluster 66: Non-specific - Transcription"	"Cluster 48: Non-specific - Mixed function"	"Cluster 4: Non-specific - Transcription"	"Cluster 6: Ovarian stromal cells - Transcription"	5	Nucleoplasm		"HPA041111: AB_10794263, HPA048208: AB_2680313"	"unprognostic (6.33e-2)"	"unprognostic (8.95e-2)"	"unprognostic (3.73e-2)"	"unprognostic (6.41e-2)"	"unprognostic (6.84e-2)"	"unprognostic (7.79e-3)"	"unprognostic (2.10e-2)"	"unprognostic (5.96e-2)"	"unprognostic (9.22e-2)"	"unprognostic (1.47e-1)"	"unprognostic (1.32e-1)"	"unprognostic (3.71e-1)"	"unprognostic (2.06e-1)"		"unprognostic (2.55e-3)"	"unprognostic (6.56e-2)"	"unprognostic (1.91e-1)"	"potential prognostic unfavorable (2.61e-4)"	"unprognostic (2.92e-2)"	"unprognostic (1.19e-1)"	"unprognostic (4.38e-2)"	"unprognostic (2.59e-2)"	"unprognostic (2.52e-2)"	"unprognostic (4.59e-2)"	"unprognostic (2.43e-1)"	"unprognostic (6.21e-2)"	"unprognostic (2.32e-1)"	"unprognostic (8.60e-2)"	"unprognostic (1.42e-1)"	"unprognostic (2.88e-2)"	"unprognostic (3.24e-1)"
TSPAN2	"FLJ12082, TSN2, TSPAN-2"	ENSG00000134198	"Tetraspanin 2"	O60636	1	115048011-115089503	"Predicted membrane proteins"				"Evidence at protein level"	"Evidence at protein level"	"Evidence at protein level"	"Evidence at protein level"	"Tissue enhanced"	"Detected in many"		"endometrium 1: 45.8;intestine: 53.5"	"Cell type enhanced"	"Detected in many"		"NK-cells: 29.8;Pancreatic endocrine cells: 73.0;Smooth muscle cells: 22.5"	"Low cell type specificity"	"Detected in many"			"Low cancer specificity"	"Detected in many"			"Low region specificity"	"Detected in all"			"Group enriched"	"Detected in many"	4	"basophil: 109.9;eosinophil: 56.0;neutrophil: 110.4;NK-cell: 86.6"	"Group enriched"	"Detected in many"	4	"granulocytes: 110.4;NK-cells: 86.6"	"Cancer enhanced"	"Detected in many"		"Kidney cancer: 38.9"	"Adipose subcutaneous - Smooth muscle cells, Adrenal gland - Smooth muscle cells, Colon - Smooth muscle cells, Pituitary gland - Thyrotropes, Prostate - Smooth muscle cells"	"Region enhanced"	"Detected in all"		"white matter: 842.8"	"Low region specificity"	"Detected in all"			"HPA015640, HPA073306"	Uncertain		Enhanced	Nucleoplasm			NA	NA			"Cluster 35: Neutrophils - Protein binding"	"Cluster 41: Smooth muscle tissue - ECM organization"	"Cluster 49: Hindbrain - Mixed function"	"Cluster 15: Kidney cancer - Membrane components"	"Cluster 32: Smooth muscle cells - Muscle contraction"	60	Nucleoplasm		"HPA015640: AB_1858405, HPA073306: "	"unprognostic (1.19e-1)"	"unprognostic (1.98e-2)"	"unprognostic (2.50e-1)"	"unprognostic (2.45e-2)"	"unprognostic (3.26e-1)"	"unprognostic (3.43e-3)"	"potential prognostic unfavorable (8.97e-4)"	"unprognostic (2.54e-2)"	"unprognostic (2.67e-1)"		"unprognostic (5.71e-3)"	"unprognostic (1.10e-1)"	"unprognostic (1.20e-2)"			"unprognostic (1.37e-1)"	"unprognostic (1.04e-1)"	"unprognostic (2.69e-2)"	"unprognostic (4.54e-3)"	"unprognostic (1.87e-1)"	"unprognostic (2.21e-2)"	"unprognostic (1.26e-1)"	"unprognostic (1.45e-1)"	"unprognostic (2.83e-1)"	"unprognostic (1.89e-1)"	"unprognostic (1.30e-1)"		"unprognostic (5.30e-2)"	"unprognostic (1.64e-1)"	"unprognostic (2.42e-3)"	"unprognostic (2.54e-2)"
TUBA8	TUBAL2	ENSG00000183785	"Tubulin alpha 8"	Q9NY65	22	18110100-18146683	"Disease related genes, Human disease related genes, Predicted intracellular proteins, Predicted membrane proteins"		Hydrolase		"Evidence at protein level"	"Evidence at protein level"	"Evidence at protein level"	"Evidence at protein level"	"Tissue enhanced"	"Detected in many"		"heart muscle: 124.3;skeletal muscle: 320.5;tongue: 148.7"	"Cell type enhanced"	"Detected in some"		"Cholangiocytes: 1.9;Excitatory neurons: 7.8;Horizontal cells: 1.9;Inhibitory neurons: 5.4;Oligodendrocyte precursor cells: 3.3"	"Low cell type specificity"	"Detected in all"			"Cancer enhanced"	"Detected in all"		"Skin Cuteneous Melanoma (TCGA): 16.4"	"Low region specificity"	"Detected in all"			"Group enriched"	"Detected in some"	5	"basophil: 2.8;eosinophil: 2.7;neutrophil: 5.0;NK-cell: 10.4"	"Group enriched"	"Detected in many"	7	"granulocytes: 5.0;NK-cells: 10.4"	"Cancer enhanced"	"Detected in many"		"Leukemia: 10.1;skin cancer: 10.2"	"Heart muscle - Cardiomyocytes, Testis - Late spermatids"	"Group enriched"	"Detected in all"	4	"cerebellum: 54.7;olfactory bulb: 54.0"	"Low region specificity"	"Detected in all"			"HPA043684, CAB046031, HPA063394"	Approved		Supported	Microtubules			NA	NA		100000000	"Cluster 21: Neutrophils - Unknown function"	"Cluster 14: Skeletal muscle - Muscle contraction"	"Cluster 15: Non-specific - Transcription"	"Cluster 35: RS4;11 - Unknown function"	"Cluster 34: Neurons - Neuronal signaling"	11	Microtubules		"CAB046031: AB_11124541, HPA043684: AB_2678617, HPA063394: AB_2685003"	"unprognostic (2.15e-1)"	"unprognostic (1.18e-1)"	"unprognostic (2.40e-1)"	"unprognostic (2.66e-2)"	"potential prognostic unfavorable (6.19e-4)"	"unprognostic (7.62e-2)"	"unprognostic (9.36e-2)"		"unprognostic (4.35e-2)"	"unprognostic (1.90e-2)"	"unprognostic (3.59e-2)"	"unprognostic (1.22e-1)"	"unprognostic (1.03e-1)"	"unprognostic (9.44e-2)"	"unprognostic (1.53e-2)"	"unprognostic (3.16e-1)"	"unprognostic (2.32e-1)"	"unprognostic (7.01e-3)"	"unprognostic (5.52e-2)"	"unprognostic (7.34e-2)"	"unprognostic (1.89e-2)"	"potential prognostic favorable (2.12e-4)"		"unprognostic (3.00e-2)"	"unprognostic (2.72e-2)"	"unprognostic (3.57e-2)"	"unprognostic (1.62e-1)"	"unprognostic (1.06e-2)"	"unprognostic (8.63e-2)"	"unprognostic (1.95e-2)"	"unprognostic (1.02e-3)"
TUBB1	dJ543J19.4	ENSG00000101162	"Tubulin beta 1 class VI"	Q9H4B7	20	59019429-59026654	"Disease related genes, FDA approved drug targets, Human disease related genes, Plasma proteins, Predicted intracellular proteins, Transporters"			"Disease variant, FDA approved drug targets"	"Evidence at protein level"	"Evidence at protein level"	"Evidence at protein level"	"Evidence at protein level"	"Tissue enhanced"	"Detected in some"		"bone marrow: 8.3;lymphoid tissue: 4.2"	"Cell type enhanced"	"Detected in some"		"Early spermatids: 16.2;Erythroid cells: 13.5;Late spermatids: 8.7;NK-cells: 5.2;Rod photoreceptor cells: 4.0;Schwann cells: 4.0"	"Not detected"	"Not detected"			"Not detected"	"Not detected"			"Low region specificity"	"Detected in all"			"Group enriched"	"Detected in many"	17	"basophil: 63.2;neutrophil: 26.0"	"Lineage enriched"	"Detected in many"	24	"granulocytes: 63.2"	"Cancer enhanced"	"Detected in some"		"Leukemia: 2.6"	"Spleen - Platelets, Testis - Late spermatids"	"Not detected"	"Not detected"			"Low region specificity"	"Detected in single"			"CAB004286, HPA043640, HPA046280"	Approved		Supported	"Microtubules,Cytokinetic bridge,Mitotic spindle,Primary cilium,Basal body,Flagellar centriole,Principal piece,End piece"			Yes	NA		90000000	"Cluster 21: Neutrophils - Unknown function"	"Cluster 81: Lymphoid tissue & Bone marrow - Innate immune response"	"Cluster 6: Non-specific - Immune response"	"Cluster 47: Leukemia - Hemostasis"	"Cluster 57: Platelets - Hemostasis"	19	Microtubules	"Cytokinetic bridge, Mitotic spindle, Primary cilium, Basal body, Flagellar centriole, Principal piece, End piece"	"CAB004286: AB_2288090, HPA043640: AB_2678594, HPA046280: AB_2679612"			"unprognostic (8.33e-2)"			"unprognostic (8.05e-2)"		"unprognostic (5.68e-2)"																		"unprognostic (3.40e-2)"					
TYMP	"ECGF1, MNGIE"	ENSG00000025708	"Thymidine phosphorylase"	P19971	22	50525752-50530032	"Cancer-related genes, Disease related genes, Enzymes, FDA approved drug targets, Human disease related genes, Metabolic proteins, Plasma proteins, Predicted intracellular proteins"	"Angiogenesis, Chemotaxis, Differentiation"	"Developmental protein, Glycosyltransferase, Growth factor, Transferase"	"Cancer-related genes, Disease variant, FDA approved drug targets, Neuropathy, Primary mitochondrial disease, Progressive external ophthalmoplegia"	"Evidence at protein level"	"Evidence at protein level"	"Evidence at protein level"	"Evidence at protein level"	"Low tissue specificity"	"Detected in many"			"Cell type enhanced"	"Detected in many"		"Exocrine glandular cells: 428.8;Hofbauer cells: 667.1;Langerhans cells: 454.3;Macrophages: 541.4;monocytes: 866.8"	"Group enriched"	"Detected in many"	4	"central nervous system macrophage: 40.7;ependymal cell: 61.8;leukocyte: 74.7"	"Cancer enhanced"	"Detected in all"		"Head and Neck Squamous Cell Carcinoma (TCGA): 543.0"	"Low region specificity"	"Detected in all"			"Group enriched"	"Detected in all"	5	"classical monocyte: 137.0;eosinophil: 75.1;intermediate monocyte: 98.9;myeloid DC: 39.6;neutrophil: 115.9;non-classical monocyte: 77.6"	"Group enriched"	"Detected in all"	10	"dendritic cells: 39.6;granulocytes: 115.9;monocytes: 137.0"	"Cancer enhanced"	"Detected in many"		"head and neck cancer: 86.4"	"Adrenal gland - Neutrophils"	"Not detected"	"Not detected"							"HPA000530, HPA001072, CAB002518"	Enhanced		Approved	"Nuclear bodies,Golgi apparatus,Cytosol"			NA	NA		12000000	"Cluster 25: Non-specific - Unknown function"	"Cluster 47: Spleen - Immune response"	"Cluster 20: Macrophages & Microglia - Immune response"	"Cluster 53: Squamous epithelial cells - Keratinization"	"Cluster 14: Langerhans cells - Innate immune response"	24	"Nuclear bodies, Golgi apparatus"	Cytosol	"CAB002518: AB_563953, HPA000530: AB_2666017, HPA001072: AB_1080274"	"unprognostic (2.42e-2)"	"unprognostic (1.91e-2)"	"unprognostic (2.41e-1)"	"unprognostic (9.74e-2)"	"unprognostic (3.82e-1)"	"unprognostic (2.15e-1)"	"unprognostic (2.22e-2)"	"unprognostic (1.45e-1)"	"unprognostic (5.38e-2)"	"unprognostic (2.12e-1)"	"unprognostic (5.27e-3)"	"unprognostic (1.57e-3)"	"unprognostic (4.90e-2)"	"unprognostic (1.17e-1)"	"unprognostic (6.49e-2)"	"unprognostic (1.59e-1)"	"unprognostic (1.68e-2)"	"unprognostic (3.03e-2)"	"unprognostic (1.67e-1)"	"unprognostic (1.52e-1)"	"unprognostic (7.57e-3)"	"unprognostic (8.33e-2)"	"unprognostic (4.26e-3)"	"unprognostic (3.08e-1)"	"unprognostic (3.29e-2)"	"unprognostic (8.42e-2)"	"unprognostic (7.30e-3)"	"unprognostic (1.18e-1)"	"unprognostic (2.63e-2)"	"unprognostic (6.58e-3)"	"unprognostic (3.02e-1)"
UBALD2	"FAM100B, MGC29814"	ENSG00000185262	"UBA like domain containing 2"	Q8IYN6	17	76265348-76271298	"Predicted intracellular proteins"				"Evidence at protein level"	"Evidence at protein level"	"Evidence at protein level"	"Evidence at protein level"	"Tissue enhanced"	"Detected in all"		"bone marrow: 225.3"	"Cell type enhanced"	"Detected in all"		"monocytes: 305.1"	"Cell type enhanced"	"Detected in all"		"leukocyte: 66.4"	"Low cancer specificity"	"Detected in all"			"Low region specificity"	"Detected in all"			"Group enriched"	"Detected in many"	4	"basophil: 7.8;neutrophil: 29.3"	"Lineage enriched"	"Detected in all"	6	"granulocytes: 29.3"	"Low cancer specificity"	"Detected in all"				"Low region specificity"	"Detected in all"			"Low region specificity"	"Detected in all"			HPA023046	Uncertain						NA	Yes			"Cluster 21: Neutrophils - Unknown function"	"Cluster 19: Non-specific - Basic cellular processes"	"Cluster 6: Non-specific - Immune response"	"Cluster 55: Lymphoma - Immune response"	"Cluster 78: NK-cells & T-cells - Immune system & Transcription"				"HPA023046: AB_1848359"	"unprognostic (1.60e-1)"	"unprognostic (2.79e-1)"		"unprognostic (2.70e-1)"	"unprognostic (1.37e-1)"	"unprognostic (1.22e-3)"	"unprognostic (4.40e-2)"	"unprognostic (1.84e-2)"	"unprognostic (3.06e-2)"	"unprognostic (1.19e-3)"	"unprognostic (2.56e-2)"	"unprognostic (2.59e-1)"	"unprognostic (1.55e-1)"	"potential prognostic unfavorable (3.48e-6)"		"unprognostic (3.97e-3)"	"unprognostic (1.89e-3)"	"unprognostic (2.24e-1)"	"unprognostic (2.92e-1)"	"unprognostic (1.38e-1)"	"unprognostic (1.43e-1)"	"unprognostic (4.31e-2)"	"unprognostic (8.56e-2)"	"unprognostic (1.05e-2)"	"unprognostic (6.33e-2)"	"unprognostic (1.41e-1)"	"unprognostic (5.40e-2)"	"unprognostic (5.53e-2)"	"unprognostic (1.71e-1)"	"unprognostic (8.12e-2)"	"unprognostic (5.73e-2)"
VPS37C	FLJ20847	ENSG00000167987	"VPS37C subunit of ESCRT-I"	A5D8V6	11	61130257-61161615	"Predicted intracellular proteins"	"Protein transport, Transport"			"Evidence at protein level"	"Evidence at protein level"	"Evidence at protein level"	"Evidence at protein level"	"Low tissue specificity"	"Detected in all"			"Low cell type specificity"	"Detected in all"			"Low cell type specificity"	"Detected in all"			"Low cancer specificity"	"Detected in all"			"Low region specificity"	"Detected in all"			"Group enriched"	"Detected in many"	4	"classical monocyte: 1.4;eosinophil: 1.7;intermediate monocyte: 2.6;myeloid DC: 1.0;neutrophil: 3.8;non-classical monocyte: 2.4"	"Group enriched"	"Detected in many"	5	"dendritic cells: 1.0;granulocytes: 3.8;monocytes: 2.6"	"Low cancer specificity"	"Detected in all"			"Skin - Keratinocyte (other)"	"Low region specificity"	"Detected in all"			"Low region specificity"	"Detected in all"			"HPA043348, HPA062233"	Approved		Enhanced	"Nucleoplasm,Golgi apparatus,Vesicles,Primary cilium"			NA	NA			"Cluster 7: Non-specific - Innate immune response"	"Cluster 48: Stomach - Proteolysis"	"Cluster 27: Non-specific - Mixed function"	"Cluster 24: Non-specific - Unknown function"	"Cluster 58: Macrophages - Innate immune response"	85	"Nucleoplasm, Vesicles"	"Golgi apparatus, Primary cilium"	"HPA043348: AB_10794658, HPA062233: "	"unprognostic (9.06e-2)"	"unprognostic (1.50e-1)"	"unprognostic (5.34e-2)"	"unprognostic (3.33e-2)"	"unprognostic (9.36e-2)"	"unprognostic (1.22e-2)"	"unprognostic (3.58e-1)"	"unprognostic (7.67e-2)"	"unprognostic (8.88e-2)"	"unprognostic (5.50e-2)"	"potential prognostic favorable (1.40e-5)"	"unprognostic (2.93e-1)"	"unprognostic (2.39e-2)"	"potential prognostic unfavorable (4.18e-6)"	"unprognostic (2.47e-2)"	"unprognostic (2.15e-1)"	"unprognostic (3.56e-3)"	"unprognostic (4.47e-2)"	"unprognostic (4.43e-1)"	"unprognostic (1.28e-1)"	"unprognostic (1.87e-2)"	"unprognostic (9.82e-3)"	"unprognostic (2.11e-1)"	"unprognostic (1.16e-1)"	"unprognostic (2.96e-1)"	"unprognostic (1.66e-2)"	"unprognostic (1.05e-1)"	"unprognostic (1.49e-1)"	"unprognostic (2.89e-1)"	"unprognostic (6.65e-2)"	"unprognostic (1.91e-1)"
WDFY4	"C10orf64, Em:AC060234.3, FLJ45748, KIAA1607"	ENSG00000128815	"WDFY family member 4"	Q6ZS81	10	48684873-48982956	"Predicted intracellular proteins, Predicted membrane proteins"	Autophagy			"Evidence at protein level"	"Evidence at transcript level"	"Evidence at protein level"	"Evidence at protein level"	"Tissue enhanced"	"Detected in many"		"bone marrow: 11.6;lymphoid tissue: 27.8"	"Cell type enhanced"	"Detected in some"		"B-cells: 59.1;dendritic cells: 87.6;Early spermatids: 62.1;Microglial cells: 77.8;Schwann cells: 187.3"	"Group enriched"	"Detected in many"	4	"central nervous system macrophage: 546.4;pericyte: 215.2"	"Low cancer specificity"	"Detected in many"			"Low region specificity"	"Detected in all"			"Group enriched"	"Detected in many"	6	"memory B-cell: 14.2;myeloid DC: 11.3;naive B-cell: 20.9;neutrophil: 9.8;plasmacytoid DC: 32.1"	"Group enriched"	"Detected in many"	7	"B-cells: 20.9;dendritic cells: 32.1;granulocytes: 9.8"	"Group enriched"	"Detected in some"	9	"Leukemia: 13.8;lymphoma: 35.4"	"Adipose subcutaneous - Macrophages, Adipose visceral - Macrophages, Adrenal gland - Macrophages, Lung - Macrophages, Spleen - B-cells (Spleen), Stomach - Macrophages, Testis - Early spermatids, Testis - Late spermatids"	"Low region specificity"	"Detected in many"			"Low region specificity"	"Detected in many"			HPA040634	Uncertain		Approved	Nucleoplasm,Cytosol			NA	NA			"Cluster 2: Dendritic cells - Unknown function"	"Cluster 36: Lymphoid tissue - Cytokine signaling"	"Cluster 20: Macrophages & Microglia - Immune response"	"Cluster 55: Lymphoma - Immune response"	"Cluster 28: Dendritic cells - Antigen presentation"		Nucleoplasm	Cytosol	"HPA040634: AB_10795491"	"unprognostic (2.87e-1)"	"unprognostic (2.89e-2)"	"unprognostic (6.13e-3)"	"unprognostic (6.07e-2)"	"unprognostic (2.42e-1)"	"unprognostic (3.01e-1)"	"unprognostic (1.16e-1)"	"unprognostic (1.02e-1)"	"potential prognostic favorable (2.31e-5)"	"unprognostic (5.79e-2)"	"unprognostic (6.63e-2)"	"unprognostic (1.22e-1)"	"unprognostic (1.04e-2)"		"unprognostic (9.32e-3)"	"unprognostic (8.01e-3)"	"unprognostic (4.97e-2)"	"unprognostic (3.81e-1)"	"unprognostic (2.30e-1)"	"unprognostic (7.17e-2)"	"unprognostic (4.09e-1)"	"unprognostic (8.10e-2)"	"unprognostic (1.77e-1)"			"unprognostic (5.29e-2)"	"unprognostic (5.79e-3)"	"unprognostic (2.02e-1)"	"unprognostic (1.23e-2)"	"unprognostic (7.86e-2)"	"unprognostic (5.74e-2)"
WLS	"C1orf139, EVI, FLJ23091, GPR177, mig-14, MRP"	ENSG00000116729	"Wnt ligand secretion mediator"	Q5T9L3	1	68098473-68233120	"Disease related genes, Potential drug targets, Predicted intracellular proteins, Predicted membrane proteins, Transporters"	"Wnt signaling pathway"	"Developmental protein"	"Disease variant"	"Evidence at protein level"	"Evidence at protein level"	"Evidence at protein level"	"Evidence at protein level"	"Low tissue specificity"	"Detected in all"			"Cell type enhanced"	"Detected in many"		"Cone photoreceptor cells: 173.3;Glandular and luminal cells: 245.1;Rod photoreceptor cells: 173.7"	"Cell type enhanced"	"Detected in all"		"ependymal cell: 529.5"	"Low cancer specificity"	"Detected in all"			"Low region specificity"	"Detected in all"			"Group enriched"	"Detected in some"	8	"classical monocyte: 22.1;neutrophil: 62.1"	"Group enriched"	"Detected in many"	46	"granulocytes: 62.1;monocytes: 22.1"	"Cancer enhanced"	"Detected in many"		"testis cancer: 329.0"	"Adipose visceral - Adipose progenitor cells, Thyroid gland - Fibroblasts"	"Low region specificity"	"Detected in all"			"Low region specificity"	"Detected in all"			HPA069520	Approved		Approved	"Endoplasmic reticulum,Cytosol"			NA	NA			"Cluster 21: Neutrophils - Unknown function"	"Cluster 60: Choroid plexus - Transmembrane transport"	"Cluster 39: Astrocytes - Mixed function"	"Cluster 5: Rhabdoid - Unknown function"	"Cluster 37: Glandular & Luminal cells - Unknown function"	13	"Endoplasmic reticulum, Cytosol"		"HPA069520: AB_2686144"	"unprognostic (7.89e-2)"	"unprognostic (9.55e-3)"	"unprognostic (8.03e-2)"	"unprognostic (1.60e-2)"	"unprognostic (9.56e-3)"	"unprognostic (9.18e-2)"	"unprognostic (4.51e-2)"	"unprognostic (3.94e-2)"	"unprognostic (8.90e-3)"	"unprognostic (3.99e-1)"	"potential prognostic favorable (3.21e-11)"	"unprognostic (3.99e-3)"	"unprognostic (8.41e-2)"	"unprognostic (6.74e-3)"	"unprognostic (1.61e-2)"	"unprognostic (4.47e-2)"	"unprognostic (1.06e-2)"	"unprognostic (5.80e-2)"	"unprognostic (7.34e-2)"	"unprognostic (2.95e-2)"	"unprognostic (3.66e-2)"	"unprognostic (5.71e-2)"	"unprognostic (4.43e-2)"	"unprognostic (1.53e-1)"	"unprognostic (1.12e-1)"	"unprognostic (2.89e-2)"	"unprognostic (3.23e-2)"	"unprognostic (2.58e-2)"	"unprognostic (1.22e-1)"	"unprognostic (1.51e-2)"	"unprognostic (1.89e-1)"
XKR8	FLJ10307	ENSG00000158156	"XK related 8"	Q9H6D3	1	27959588-27968093	"Predicted membrane proteins, Transporters"	Apoptosis			"Evidence at protein level"	"Evidence at protein level"	"Evidence at protein level"	"Evidence at protein level"	"Low tissue specificity"	"Detected in all"			"Cell type enhanced"	"Detected in many"		"Cytotrophoblasts: 61.5"	"Cell type enhanced"	"Detected in many"		"bergmann glia: 18.8"	"Low cancer specificity"	"Detected in all"			"Low region specificity"	"Detected in all"			"Group enriched"	"Detected in all"	7	"eosinophil: 203.2;neutrophil: 102.0"	"Lineage enriched"	"Detected in all"	13	"granulocytes: 203.2"	"Low cancer specificity"	"Detected in all"				"Low region specificity"	"Detected in all"			"Low region specificity"	"Detected in all"			"HPA049984, HPA053529"	Uncertain		Approved	"Golgi apparatus"			NA	NA			"Cluster 21: Neutrophils - Unknown function"	"Cluster 77: Bone marrow - Cell proliferation"	"Cluster 44: Non-specific - Mixed function"	"Cluster 37: Non-specific - mRNA processing"	"Cluster 24: Cytotrophoblasts - Mitochondria"		"Golgi apparatus"		"HPA049984: AB_2680982, HPA053529: AB_2682179"	"unprognostic (8.41e-2)"	"unprognostic (1.57e-1)"	"unprognostic (5.24e-2)"	"unprognostic (1.89e-3)"	"unprognostic (3.72e-1)"	"unprognostic (4.45e-1)"	"unprognostic (1.81e-3)"	"potential prognostic unfavorable (2.66e-6)"	"unprognostic (2.33e-1)"	"unprognostic (2.75e-3)"	"unprognostic (1.51e-1)"	"unprognostic (6.65e-2)"	"unprognostic (3.50e-2)"	"potential prognostic unfavorable (4.30e-6)"	"unprognostic (6.37e-2)"	"unprognostic (3.71e-2)"	"unprognostic (3.20e-2)"	"unprognostic (4.38e-2)"	"unprognostic (2.89e-2)"	"unprognostic (6.32e-2)"	"unprognostic (1.47e-1)"	"unprognostic (8.03e-2)"	"unprognostic (1.97e-2)"	"unprognostic (3.96e-2)"	"unprognostic (5.55e-2)"	"unprognostic (3.26e-1)"	"unprognostic (1.54e-1)"	"unprognostic (4.61e-1)"	"unprognostic (6.39e-2)"	"unprognostic (3.32e-2)"	"unprognostic (1.62e-3)"
YPEL3	MGC10500	ENSG00000090238	"Yippee like 3"	P61236	16	30092314-30096915	"Predicted intracellular proteins"				"Evidence at protein level"	"Evidence at transcript level"	"Evidence at transcript level"	"Evidence at protein level"	"Low tissue specificity"	"Detected in all"			"Low cell type specificity"	"Detected in all"			"Low cell type specificity"	"Detected in all"			"Low cancer specificity"	"Detected in all"			"Low region specificity"	"Detected in all"			"Group enriched"	"Detected in all"	6	"basophil: 23.2;eosinophil: 31.1;neutrophil: 47.6"	"Lineage enriched"	"Detected in all"	8	"granulocytes: 47.6"	"Low cancer specificity"	"Detected in all"				"Low region specificity"	"Detected in all"			"Low region specificity"	"Detected in all"			"HPA030501, HPA045621"	Uncertain						NA	NA			"Cluster 21: Neutrophils - Unknown function"	"Cluster 22: Brain - Synaptic signal transduction"	"Cluster 37: Neurons - Mixed function"	"Cluster 47: Leukemia - Hemostasis"	"Cluster 74: Neutrophils - Degranulation"				"HPA030501: AB_10602683, HPA045621: "	"unprognostic (8.95e-3)"	"unprognostic (3.29e-1)"	"unprognostic (1.92e-1)"	"unprognostic (3.55e-2)"	"unprognostic (9.65e-3)"	"unprognostic (1.71e-1)"	"unprognostic (2.62e-2)"	"unprognostic (1.08e-2)"	"unprognostic (2.03e-3)"	"unprognostic (4.22e-2)"	"unprognostic (1.98e-1)"	"unprognostic (1.30e-1)"	"unprognostic (7.72e-2)"	"unprognostic (1.03e-1)"	"unprognostic (2.38e-1)"	"unprognostic (2.85e-2)"	"unprognostic (2.75e-1)"	"unprognostic (1.37e-2)"	"unprognostic (6.51e-2)"	"unprognostic (1.75e-1)"	"unprognostic (3.88e-1)"	"unprognostic (4.11e-3)"	"unprognostic (1.04e-1)"	"unprognostic (3.57e-1)"	"unprognostic (4.93e-2)"	"unprognostic (5.02e-2)"	"unprognostic (5.11e-3)"	"unprognostic (9.57e-2)"	"unprognostic (1.00e-1)"	"unprognostic (1.39e-1)"	"unprognostic (2.68e-1)"
