Gene	"Gene synonym"	Ensembl	"Gene description"	Uniprot	Chromosome	Position	"Protein class"	"Biological process"	"Molecular function"	"Disease involvement"	Evidence	"HPA evidence"	"UniProt evidence"	"NeXtProt evidence"	"RNA tissue specificity"	"RNA tissue distribution"	"RNA tissue specificity score"	"RNA tissue specific nTPM"	"RNA single cell type specificity"	"RNA single cell type distribution"	"RNA single cell type specificity score"	"RNA single cell type specific nCPM"	"RNA single nuclei brain specificity"	"RNA single nuclei brain distribution"	"RNA single nuclei brain specificity score"	"RNA single nuclei brain specific nCPM"	"RNA cancer specificity"	"RNA cancer distribution"	"RNA cancer specificity score"	"RNA cancer specific pTPM"	"RNA brain regional specificity"	"RNA brain regional distribution"	"RNA brain regional specificity score"	"RNA brain regional specific nTPM"	"RNA blood cell specificity"	"RNA blood cell distribution"	"RNA blood cell specificity score"	"RNA blood cell specific nTPM"	"RNA blood lineage specificity"	"RNA blood lineage distribution"	"RNA blood lineage specificity score"	"RNA blood lineage specific nTPM"	"RNA cell line specificity"	"RNA cell line distribution"	"RNA cell line specificity score"	"RNA cell line specific nTPM"	"RNA tissue cell type enrichment"	"RNA mouse brain regional specificity"	"RNA mouse brain regional distribution"	"RNA mouse brain regional specificity score"	"RNA mouse brain regional specific nTPM"	"RNA pig brain regional specificity"	"RNA pig brain regional distribution"	"RNA pig brain regional specificity score"	"RNA pig brain regional specific nTPM"	Antibody	"Reliability (IH)"	"Reliability (Mouse Brain)"	"Reliability (IF)"	"Subcellular location"	"Secretome location"	"Secretome function"	"CCD Protein"	"CCD Transcript"	"Blood concentration - Conc. blood IM [pg/L]"	"Blood concentration - Conc. blood MS [pg/L]"	"Blood expression cluster"	"Tissue expression cluster"	"Brain expression cluster"	"Cell line expression cluster"	"Single cell expression cluster"	Interactions	"Subcellular main location"	"Subcellular additional location"	"Antibody RRID"	"Cancer prognostics - Bladder Urothelial Carcinoma (TCGA)"	"Cancer prognostics - Breast Invasive Carcinoma (TCGA)"	"Cancer prognostics - Breast Invasive Carcinoma (validation)"	"Cancer prognostics - Cervical Squamous Cell Carcinoma and Endocervical Adenocarcinoma (TCGA)"	"Cancer prognostics - Colon Adenocarcinoma (TCGA)"	"Cancer prognostics - Colon Adenocarcinoma (validation)"	"Cancer prognostics - Glioblastoma Multiforme (TCGA)"	"Cancer prognostics - Glioblastoma Multiforme (validation)"	"Cancer prognostics - Head and Neck Squamous Cell Carcinoma (TCGA)"	"Cancer prognostics - Kidney Chromophobe (TCGA)"	"Cancer prognostics - Kidney Renal Clear Cell Carcinoma (TCGA)"	"Cancer prognostics - Kidney Renal Clear Cell Carcinoma (validation)"	"Cancer prognostics - Kidney Renal Papillary Cell Carcinoma (TCGA)"	"Cancer prognostics - Liver Hepatocellular Carcinoma (TCGA)"	"Cancer prognostics - Liver Hepatocellular Carcinoma (validation)"	"Cancer prognostics - Lung Adenocarcinoma (TCGA)"	"Cancer prognostics - Lung Adenocarcinoma (validation)"	"Cancer prognostics - Lung Squamous Cell Carcinoma (TCGA)"	"Cancer prognostics - Lung Squamous Cell Carcinoma (validation)"	"Cancer prognostics - Ovary Serous Cystadenocarcinoma (TCGA)"	"Cancer prognostics - Ovary Serous Cystadenocarcinoma (validation)"	"Cancer prognostics - Pancreatic Adenocarcinoma (TCGA)"	"Cancer prognostics - Pancreatic Adenocarcinoma (validation)"	"Cancer prognostics - Prostate Adenocarcinoma (TCGA)"	"Cancer prognostics - Rectum Adenocarcinoma (TCGA)"	"Cancer prognostics - Rectum Adenocarcinoma (validation)"	"Cancer prognostics - Skin Cutaneous Melanoma (TCGA)"	"Cancer prognostics - Stomach Adenocarcinoma (TCGA)"	"Cancer prognostics - Testicular Germ Cell Tumor (TCGA)"	"Cancer prognostics - Thyroid Carcinoma (TCGA)"	"Cancer prognostics - Uterine Corpus Endometrial Carcinoma (TCGA)"
ABCB1	"ABC20, CD243, CLCS, GP170, MDR1, p-170, P-gp, PGY1"	ENSG00000085563	"ATP binding cassette subfamily B member 1"	P08183	7	87503017-87713323	"Cancer-related genes, CD markers, Disease related genes, Enzymes, Human disease related genes, Metabolic proteins, Plasma proteins, Predicted intracellular proteins, Predicted membrane proteins, Transporters"	"Lipid transport, Transport"	Translocase	"Cancer-related genes, Disease variant"	"Evidence at protein level"	"Evidence at protein level"	"Evidence at protein level"	"Evidence at protein level"	"Tissue enhanced"	"Detected in many"		"adrenal gland: 96.1;intestine: 66.6"	"Cell type enhanced"	"Detected in many"		"Adrenal cortex cells: 747.9;Colonocytes: 256.0;Enterocytes: 630.7;Hematopoietic stem cells: 640.0;Innate lymphoid cells: 147.7;NK-cells: 216.6;Thymocytes: 162.6;Vascular endothelial cells: 507.4"	"Cell type enriched"	"Detected in many"	23	"endothelial cell: 4738.8"	"Cancer enhanced"	"Detected in many"		"Kidney Renal Papillary Cell Carcinoma (TCGA): 35.2"	"Low region specificity"	"Detected in all"			"Immune cell enhanced"	"Detected in many"		"MAIT T-cell: 27.2;NK-cell: 17.9"	"Group enriched"	"Detected in many"	9	"NK-cells: 17.9;T-cells: 27.2"	"Cancer enhanced"	"Detected in many"		"colorectal cancer: 26.0;liver cancer: 17.4"	"Adrenal gland - Adrenal cortex cells, Prostate - Endothelial cells, Spleen - NK-cells (Spleen)"	"Low region specificity"	"Detected in all"			"Low region specificity"	"Detected in all"			"CAB001716, HPA002199, HPA074614"	Enhanced		Supported	"Plasma membrane"			NA	NA			"Cluster 24: Non-specific - Transcription"	"Cluster 4: Adrenal gland - Steroid metabolism"	"Cluster 47: Endothelial cells - Vasculature"	"Cluster 70: DU4475 - Unknown function"	"Cluster 104: Brain endothelial cells - Blood brain barrier"	10	"Plasma membrane"		"CAB001716: , HPA002199: , HPA074614: "		"unprognostic (5.03e-2)"	"unprognostic (1.00e-1)"		"unprognostic (8.89e-2)"	"unprognostic (7.32e-3)"	"unprognostic (8.80e-3)"	"unprognostic (1.58e-1)"			"potential prognostic favorable (2.30e-8)"	"unprognostic (9.76e-3)"	"unprognostic (1.75e-1)"	"unprognostic (1.06e-2)"	"unprognostic (7.36e-2)"		"unprognostic (2.74e-2)"		"unprognostic (7.12e-2)"			"unprognostic (3.61e-3)"	"unprognostic (1.10e-1)"	"unprognostic (3.54e-1)"	"unprognostic (2.71e-2)"	"unprognostic (1.33e-2)"		"unprognostic (1.21e-1)"	"unprognostic (8.59e-2)"	"unprognostic (1.90e-1)"	
AGK	"FLJ10842, MULK"	ENSG00000006530	"Acylglycerol kinase"	Q53H12	7	141551278-141655244	"Disease related genes, Enzymes, Human disease related genes, Metabolic proteins, Potential drug targets, Predicted intracellular proteins"	"Lipid metabolism"	"Kinase, Transferase"	"Cardiomyopathy, Cataract, Disease variant, Primary mitochondrial disease"	"Evidence at protein level"	"Evidence at protein level"	"Evidence at protein level"	"Evidence at protein level"	"Low tissue specificity"	"Detected in all"			"Cell type enhanced"	"Detected in many"		"Choroid plexus epithelial cells: 119.4"	"Low cell type specificity"	"Detected in all"			"Low cancer specificity"	"Detected in all"			"Low region specificity"	"Detected in all"			"Immune cell enhanced"	"Detected in many"		"NK-cell: 97.6"	"Low lineage specificity"	"Detected in all"			"Low cancer specificity"	"Detected in all"			"Colon - Enteric glia cells"	"Low region specificity"	"Detected in all"			"Low region specificity"	"Detected in all"			"HPA020959, HPA053471"	Supported		Supported	Vesicles,Mitochondria			NA	NA			"Cluster 15: NK-cells - Unknown function"	"Cluster 35: Non-specific - Mixed function"	"Cluster 14: Neurons - Synaptic function"	"Cluster 39: Non-specific - Transcription"	"Cluster 92: NK-cells & T-cells - Adaptive immunity: Cytotoxicity"	29	Mitochondria	Vesicles	"HPA020959: , HPA053471: "	"unprognostic (1.72e-1)"	"unprognostic (4.08e-2)"	"unprognostic (2.45e-1)"	"unprognostic (1.14e-1)"	"unprognostic (2.45e-2)"	"unprognostic (7.21e-2)"	"unprognostic (1.43e-2)"	"unprognostic (2.36e-1)"	"unprognostic (2.49e-1)"	"potential prognostic unfavorable (1.58e-4)"	"potential prognostic favorable (1.25e-4)"	"unprognostic (2.72e-1)"	"unprognostic (1.97e-1)"	"unprognostic (1.55e-3)"	"unprognostic (5.02e-2)"	"unprognostic (3.66e-2)"	"unprognostic (1.62e-2)"	"unprognostic (5.92e-2)"	"unprognostic (1.25e-1)"	"unprognostic (1.55e-1)"	"unprognostic (3.44e-1)"	"unprognostic (4.55e-3)"	"unprognostic (9.87e-2)"	"potential prognostic unfavorable (2.23e-4)"	"unprognostic (2.07e-1)"	"unprognostic (4.36e-1)"	"unprognostic (2.42e-1)"	"unprognostic (7.73e-2)"	"unprognostic (1.64e-1)"	"unprognostic (1.31e-1)"	"unprognostic (7.55e-2)"
AMT	"GCST, NKH"	ENSG00000145020	Aminomethyltransferase	P48728	3	49416778-49422685	"Disease related genes, Enzymes, Human disease related genes, Metabolic proteins, Plasma proteins, Potential drug targets, Predicted intracellular proteins"		"Aminotransferase, Transferase"	"Disease variant"	"Evidence at protein level"	"Evidence at protein level"	"Evidence at protein level"	"Evidence at protein level"	"Tissue enhanced"	"Detected in all"		"liver: 52.5"	"Cell type enhanced"	"Detected in some"		"Astrocytes: 18.3;Bergmann glia: 15.8;Brain excitatory neurons: 11.6;Brain inhibitory neurons: 12.1;Choroid plexus epithelial cells: 10.7;Ependymal cells: 21.8;Microglia: 8.8;Oligodendrocyte progenitor cells: 12.2;Oligodendrocytes: 8.2;Other brain neurons: 4.7"	"Low cell type specificity"	"Detected in all"			"Cancer enhanced"	"Detected in many"		"Liver Hepatocellular Carcinoma (TCGA): 22.7"	"Low region specificity"	"Detected in many"			"Immune cell enhanced"	"Detected in many"		"NK-cell: 7.9"	"Low lineage specificity"	"Detected in many"			"Cancer enhanced"	"Detected in many"		"liver cancer: 9.7;testis cancer: 8.3"	"Heart muscle - Cardiomyocytes, Liver - Hepatocytes, Skeletal muscle - Fibroblasts"	"Low region specificity"	"Detected in all"			"Low region specificity"	"Detected in all"			HPA005566	Supported		Supported	Nucleoplasm,Mitochondria			NA	NA			"Cluster 22: Eosinophils - Transcription"	"Cluster 70: Non-specific - Protein processing"	"Cluster 21: Non-specific - Metabolism"	"Cluster 18: Liver cancer - Metabolism"	"Cluster 22: Non-specific - Basic cellular functions"	1	Mitochondria	Nucleoplasm	"HPA005566: "	"unprognostic (1.17e-1)"		"unprognostic (1.69e-2)"	"unprognostic (7.74e-3)"	"unprognostic (5.62e-2)"	"unprognostic (4.18e-3)"	"unprognostic (2.13e-1)"	"unprognostic (6.66e-2)"		"unprognostic (5.24e-2)"	"potential prognostic favorable (2.84e-8)"	"unprognostic (6.89e-3)"	"potential prognostic favorable (3.97e-7)"	"unprognostic (8.13e-2)"	"unprognostic (1.60e-3)"	"potential prognostic favorable (9.19e-5)"	"unprognostic (1.98e-1)"		"unprognostic (1.63e-2)"	"unprognostic (2.10e-1)"	"unprognostic (2.24e-2)"	"unprognostic (1.04e-2)"	"unprognostic (1.01e-1)"	"unprognostic (2.59e-1)"	"potential prognostic favorable (2.59e-4)"	"unprognostic (3.08e-3)"		"unprognostic (1.81e-1)"	"unprognostic (4.03e-1)"	"unprognostic (1.70e-1)"	"unprognostic (7.29e-2)"
ANKDD1A	FLJ25870	ENSG00000166839	"Ankyrin repeat and death domain containing 1A"	Q495B1	15	64911902-64958691	"Predicted intracellular proteins"				"Evidence at protein level"	"Evidence at transcript level"	"Evidence at transcript level"	"Evidence at protein level"	"Low tissue specificity"	"Detected in many"			"Cell type enhanced"	"Detected in many"		"Adipocytes: 96.1;Adrenal cortex cells: 119.3;Astrocytes: 291.3;Bergmann glia: 414.7;Epicardial cells: 145.5;Leydig cells: 130.1;Müller glia: 99.8;Peritubular myoid cells: 155.1"	"Group enriched"	"Detected in all"	4	"astrocyte: 344.6;Bergmann glia: 431.1"	"Low cancer specificity"	"Detected in all"			"Low region specificity"	"Detected in all"			"Immune cell enhanced"	"Detected in some"		"NK-cell: 3.1"	"Low lineage specificity"	"Detected in many"			"Cancer enhanced"	"Detected in many"		"Myeloma: 10.0"	"Prostate - Fibroblasts"	"Low region specificity"	"Detected in some"			"Region enriched"	"Detected in all"	5	"cerebellum: 16.2"	HPA040757	Approved		Approved	Nucleoplasm			NA	NA			"Cluster 33: Non-specific - ATP binding"	"Cluster 4: Adrenal gland - Steroid metabolism"	"Cluster 32: Cerebral cortex - Mixed function"	"Cluster 3: Rhabdoid - Membrane components"	"Cluster 28: Astrocytes - Homeostasis & neuron support"	1	Nucleoplasm		"HPA040757: "	"unprognostic (3.50e-2)"	"unprognostic (3.17e-2)"	"unprognostic (9.56e-3)"	"unprognostic (1.72e-1)"	"unprognostic (1.28e-2)"	"unprognostic (1.20e-1)"	"unprognostic (2.74e-1)"	"unprognostic (3.60e-1)"	"unprognostic (3.71e-2)"	"potential prognostic unfavorable (4.29e-5)"	"potential prognostic unfavorable (7.50e-4)"	"unprognostic (2.04e-1)"	"unprognostic (2.86e-1)"	"unprognostic (7.61e-3)"	"unprognostic (2.23e-3)"	"unprognostic (1.32e-2)"	"unprognostic (2.21e-1)"	"unprognostic (1.34e-1)"	"potential prognostic favorable (4.69e-4)"	"unprognostic (9.79e-2)"	"unprognostic (1.28e-1)"	"unprognostic (1.89e-3)"	"unprognostic (1.90e-3)"	"unprognostic (2.53e-1)"	"unprognostic (9.82e-2)"	"potential prognostic favorable (6.70e-5)"	"unprognostic (5.25e-2)"	"unprognostic (8.01e-2)"	"unprognostic (2.26e-1)"	"unprognostic (8.29e-3)"	"unprognostic (1.61e-1)"
ARMC9	"ARM, FLJ12584, KIAA1868, KU-MEL-1"	ENSG00000135931	"Armadillo repeat containing 9"	Q7Z3E5	2	231198546-231376848	"Disease related genes, Human disease related genes, Predicted intracellular proteins"	"Cilium biogenesis/degradation"		"Ciliopathy, Joubert syndrome"	"Evidence at protein level"	"Evidence at protein level"	"Evidence at protein level"	"Evidence at protein level"	"Tissue enhanced"	"Detected in many"		"retina: 40.6"	"Cell type enhanced"	"Detected in many"		"Choroid plexus epithelial cells: 376.4;Cone photoreceptor cells: 1453.2;Retinal pigment epithelial cells: 481.7;Rod photoreceptor cells: 1251.2"	"Low cell type specificity"	"Detected in all"			"Low cancer specificity"	"Detected in all"			"Low region specificity"	"Detected in all"			"Immune cell enhanced"	"Detected in single"		"NK-cell: 1.4"	"Low lineage specificity"	"Detected in single"			"Cancer enhanced"	"Detected in all"		"Rhabdoid: 67.8"	"Adipose subcutaneous - Adipose progenitor cells, Adipose visceral - Adipose progenitor cells, Liver - Vascular endothelial cells, Lung - Alveolar cells type 2, Prostate - Smooth muscle cells, Testis - Early spermatids"	"Low region specificity"	"Detected in all"			"Low region specificity"	"Detected in all"			"HPA019041, HPA026671"	Approved		Approved	"Flagellar centriole,Mid piece,Annulus"			NA	NA				"Cluster 48: Ciliated tissues - Cilium organization"	"Cluster 17: Choroid plexus - Cilium"	"Cluster 5: Rhabdoid - Unknown function"	"Cluster 79: Photoreceptor cells - Phototransduction"	1	"Flagellar centriole"	"Mid piece, Annulus"	"HPA019041: , HPA026671: "	"unprognostic (2.85e-2)"	"unprognostic (5.58e-2)"	"unprognostic (1.03e-1)"	"unprognostic (3.20e-1)"	"unprognostic (2.55e-2)"	"unprognostic (3.04e-2)"	"unprognostic (1.17e-1)"	"unprognostic (1.24e-2)"	"unprognostic (2.11e-2)"	"unprognostic (8.28e-3)"	"unprognostic (1.86e-1)"	"unprognostic (1.65e-1)"	"unprognostic (1.55e-1)"	"unprognostic (3.83e-3)"	"unprognostic (4.78e-3)"	"unprognostic (7.09e-2)"	"unprognostic (1.38e-3)"	"potential prognostic unfavorable (2.06e-4)"	"unprognostic (1.40e-1)"	"unprognostic (3.88e-2)"	"unprognostic (2.18e-2)"	"unprognostic (1.76e-1)"	"unprognostic (8.91e-3)"	"unprognostic (1.75e-2)"	"unprognostic (2.40e-1)"	"unprognostic (5.88e-3)"	"unprognostic (5.17e-1)"	"unprognostic (7.85e-2)"	"unprognostic (2.06e-1)"	"unprognostic (1.52e-1)"	"unprognostic (1.15e-1)"
ATP2A1	"ATP2A, SERCA1"	ENSG00000196296	"ATPase sarcoplasmic/endoplasmic reticulum Ca2+ transporting 1"	O14983	16	28878405-28904466	"Disease related genes, Enzymes, FDA approved drug targets, Human disease related genes, Metabolic proteins, Plasma proteins, Predicted intracellular proteins, Predicted membrane proteins"	"Calcium transport, Ion transport, Transport"	Translocase	"Disease variant, FDA approved drug targets"	"Evidence at protein level"	"Evidence at protein level"	"Evidence at protein level"	"Evidence at protein level"	"Group enriched"	"Detected in many"	85	"skeletal muscle: 7723.9;tongue: 2988.7"	"Group enriched"	"Detected in many"	12	"Myonuclei: 441.7;Thymic myoid cells: 898.7"	"Low cell type specificity"	"Detected in many"			"Low cancer specificity"	"Detected in all"			"Low region specificity"	"Detected in all"			"Immune cell enhanced"	"Detected in some"		"NK-cell: 1.6"	"Low lineage specificity"	"Detected in many"			"Low cancer specificity"	"Detected in all"			"Skeletal muscle - Skeletal myocytes"	"Region enriched"	"Detected in some"	8	"thalamus: 13.1"	"Group enriched"	"Detected in some"	6	"basal ganglia: 1.8;cerebral cortex: 2.0;hippocampal formation: 1.7"	"CAB002310, CAB032706, HPA066701"	Enhanced		Approved	"Endoplasmic reticulum"			NA	NA		2500000	"Cluster 13: Non-specific - Mitochondria"	"Cluster 30: Skeletal muscle - Striated muscle contraction"	"Cluster 6: Non-specific - Immune response"	"Cluster 33: Sarcoma - Muscle contraction"	"Cluster 36: Skeletal myocytes - Muscle excitation & contraction"	16	"Endoplasmic reticulum"		"CAB002310: , CAB032706: , HPA066701: "	"unprognostic (2.31e-3)"	"unprognostic (3.01e-1)"	"unprognostic (1.83e-1)"	"unprognostic (2.26e-3)"	"unprognostic (1.89e-3)"	"unprognostic (4.78e-2)"	"unprognostic (7.22e-2)"		"unprognostic (2.21e-1)"	"unprognostic (3.07e-1)"	"validated prognostic unfavorable (1.40e-6)"	"validated prognostic unfavorable (1.25e-4)"	"unprognostic (9.87e-2)"	"unprognostic (1.74e-2)"	"unprognostic (5.98e-2)"	"unprognostic (1.95e-1)"	"unprognostic (9.97e-2)"	"unprognostic (8.37e-3)"	"unprognostic (1.17e-2)"	"unprognostic (1.49e-1)"	"potential prognostic favorable (7.68e-4)"	"unprognostic (1.73e-1)"		"unprognostic (1.04e-1)"	"unprognostic (2.65e-1)"	"unprognostic (1.13e-1)"	"unprognostic (6.74e-2)"	"unprognostic (1.47e-1)"	"unprognostic (1.45e-1)"	"unprognostic (1.66e-2)"	"unprognostic (6.30e-2)"
ATP8B4	"ATPIM, KIAA1939"	ENSG00000104043	"ATPase phospholipid transporting 8B4 (putative)"	Q8TF62	15	49858238-50182817	"Enzymes, Plasma proteins, Predicted intracellular proteins, Predicted membrane proteins"	"Lipid transport, Transport"	Translocase		"Evidence at protein level"	"Evidence at transcript level"	"Evidence at protein level"	"Evidence at protein level"	"Tissue enriched"	"Detected in many"	12	"bone marrow: 73.7"	"Cell type enhanced"	"Detected in many"		"Hematopoietic stem cells: 1510.5;Innate lymphoid cells: 435.5;Macrophages: 376.2;Mast cells: 418.8;Microglia: 1156.7;Monocyte progenitors: 788.5;Neutrophil progenitors: 3655.2;Neutrophils: 370.4;NK-cells: 386.7;Thymocytes: 525.1"	"Cell type enriched"	"Detected in many"	9	"central nervous system macrophage: 1465.9"	"Cancer enhanced"	"Detected in some"		"Prostate Adenocarcinoma (TCGA): 2.5"	"Low region specificity"	"Detected in all"			"Immune cell enhanced"	"Detected in many"		"basophil: 15.3;NK-cell: 11.0"	"Group enriched"	"Detected in many"	5	"granulocytes: 15.3;NK-cells: 11.0"	"Cancer enriched"	"Detected in some"	6	"Leukemia: 14.8"	"Adrenal gland - Macrophages, Skin - Endothelial cells, Spleen - Neutrophils_1"	"Not detected"	"Not detected"			"Low region specificity"	"Detected in all"			HPA040254	Approved		Uncertain	Nucleoplasm,Vesicles,Cytosol			NA	NA			"Cluster 41: Basophils - Unknown function"	"Cluster 15: Bone marrow - Innate immune response"	"Cluster 29: Forebrain - Mixed function"	"Cluster 14: Myeloid leukemia - Innate immune response"	"Cluster 37: Neutrophil progenitors - Granulopoiesis"	2	"Nucleoplasm, Vesicles"	Cytosol	"HPA040254: "			"unprognostic (9.75e-2)"			"unprognostic (3.17e-1)"		"unprognostic (2.31e-2)"				"unprognostic (1.98e-2)"			"unprognostic (1.70e-3)"		"unprognostic (5.36e-3)"		"unprognostic (1.47e-2)"		"unprognostic (3.09e-1)"		"unprognostic (4.68e-2)"	"unprognostic (3.98e-1)"		"unprognostic (1.27e-3)"					"unprognostic (1.42e-1)"
AXL	"ARK, JTK11, Tyro7, UFO"	ENSG00000167601	"AXL receptor tyrosine kinase"	P30530	19	41219223-41261766	"Disease related genes, Enzymes, FDA approved drug targets, Plasma proteins, Predicted membrane proteins"	"Differentiation, Host-virus interaction, Immunity, Innate immunity"	"Host cell receptor for virus entry, Kinase, Receptor, Transferase, Tyrosine-protein kinase"	"FDA approved drug targets, Oncogene, Proto-oncogene"	"Evidence at protein level"	"Evidence at protein level"	"Evidence at protein level"	"Evidence at protein level"	"Low tissue specificity"	"Detected in all"			"Cell type enhanced"	"Detected in many"		"Decidual stromal cells: 293.9;Epididymal basal cells: 195.9;Fibro-adipogenic progenitors: 206.2;Fibroblasts: 236.4;Granulosa cells: 223.8;Hepatic stellate cells: 245.3;Kupffer cells: 591.4;Macrophages: 201.4;Pericytes: 323.7;Sertoli cells: 177.0;Vascular smooth muscle cells: 391.5"	"Cell type enhanced"	"Detected in many"		"central nervous system macrophage: 193.4;pericyte: 261.6;vascular associated smooth muscle cell: 197.3"	"Low cancer specificity"	"Detected in all"			"Low region specificity"	"Detected in all"			"Immune cell enhanced"	"Detected in some"		"NK-cell: 11.3;plasmacytoid DC: 25.8"	"Group enriched"	"Detected in many"	12	"dendritic cells: 25.8;NK-cells: 11.3"	"Cancer enhanced"	"Detected in many"		"Adrenocortical cancer: 812.7"	"Testis - Sertoli cells"	"Low region specificity"	"Detected in all"			"Low region specificity"	"Detected in all"			"CAB032501, HPA037422, HPA037423, HPA075217"	Uncertain		Supported	"Vesicles,Plasma membrane,Actin filaments"			NA	Yes		6700000	"Cluster 8: Plasmacytoid DCs - Unknown function"	"Cluster 12: Smooth muscle tissue - ECM organization"	"Cluster 19: Astrocytes - Mixed function"	"Cluster 72: Neuronal - Signal transduction"	"Cluster 103: Non-specific - Basic cellular processes"	26	"Plasma membrane"	"Vesicles, Actin filaments"	"CAB032501: , HPA037422: , HPA037423: , HPA075217: "	"unprognostic (1.99e-1)"	"unprognostic (1.61e-1)"	"unprognostic (2.47e-1)"	"unprognostic (3.47e-2)"	"unprognostic (9.12e-3)"	"unprognostic (1.19e-2)"	"unprognostic (4.30e-1)"	"unprognostic (1.15e-1)"	"unprognostic (8.92e-3)"	"unprognostic (1.85e-1)"	"unprognostic (9.14e-2)"	"unprognostic (8.04e-2)"	"unprognostic (6.26e-3)"	"unprognostic (1.99e-1)"	"unprognostic (8.38e-3)"	"unprognostic (1.08e-1)"	"unprognostic (9.13e-3)"	"unprognostic (6.41e-2)"	"unprognostic (6.31e-2)"	"unprognostic (2.05e-2)"	"potential prognostic unfavorable (1.07e-5)"	"unprognostic (9.85e-3)"	"unprognostic (1.20e-2)"	"unprognostic (1.90e-1)"	"unprognostic (1.83e-1)"	"unprognostic (1.06e-3)"	"unprognostic (3.69e-2)"	"unprognostic (3.56e-3)"	"unprognostic (3.87e-2)"	"unprognostic (9.23e-3)"	"unprognostic (3.06e-2)"
B3GNT7	beta3GnT7	ENSG00000156966	"UDP-GlcNAc:betaGal beta-1,3-N-acetylglucosaminyltransferase 7"	Q8NFL0	2	231395710-231401164	"Metabolic proteins, Predicted intracellular proteins"		"Glycosyltransferase, Transferase"		"Evidence at protein level"	"Evidence at protein level"	"Evidence at protein level"	"Evidence at protein level"	"Tissue enhanced"	"Detected in many"		"intestine: 66.9"	"Cell type enhanced"	"Detected in many"		"Alveolar cells type 1: 81.7;Cholangiocytes: 74.4;Colonocytes: 393.6;Enteric stem cells: 194.8;Enteric transient amplifying cells: 185.7;Enterocytes: 82.2;Extravillous trophoblasts: 101.7;Foveolar cells: 116.9;Goblet cells: 88.9;Oligodendrocyte progenitor cells: 82.0"	"Group enriched"	"Detected in some"	14	"committed oligodendrocyte precursor: 60.9;oligodendrocyte precursor cell: 84.4"	"Low cancer specificity"	"Detected in all"			"Low region specificity"	"Detected in all"			"Immune cell enhanced"	"Detected in many"		"NK-cell: 32.2"	"Low lineage specificity"	"Detected in many"			"Low cancer specificity"	"Detected in many"			"Adipose visceral - Mesothelial cells, Stomach - Gastric mucous cells"	"Low region specificity"	"Detected in many"			"Low region specificity"	"Detected in all"			"HPA013881, HPA035625, HPA035626"	Enhanced		Approved	"Golgi apparatus,Mitotic spindle,Cytosol"			Yes	NA		940000	"Cluster 14: Non-specific - Unknown function"	"Cluster 77: Intestine - Digestion"	"Cluster 20: Macrophages & Microglia - Immune response"	"Cluster 69: Skin cancer - ECM organization"	"Cluster 54: Intestinal epithelial cells - Intestinal epi homeostasis & respiration"	1	"Golgi apparatus"	"Mitotic spindle, Cytosol"	"HPA013881: , HPA035625: , HPA035626: "	"unprognostic (6.14e-2)"	"unprognostic (2.63e-2)"	"unprognostic (1.28e-1)"	"unprognostic (2.44e-1)"	"potential prognostic favorable (6.70e-4)"	"unprognostic (1.75e-1)"	"unprognostic (4.72e-2)"	"potential prognostic unfavorable (1.77e-4)"	"unprognostic (1.79e-1)"	"unprognostic (4.37e-2)"	"unprognostic (1.12e-2)"	"unprognostic (1.76e-1)"	"unprognostic (6.43e-3)"	"unprognostic (1.11e-1)"	"unprognostic (2.55e-2)"	"unprognostic (2.83e-2)"	"unprognostic (4.57e-3)"	"potential prognostic unfavorable (9.69e-5)"	"unprognostic (3.04e-2)"	"unprognostic (5.38e-2)"	"unprognostic (1.77e-2)"	"unprognostic (7.60e-3)"	"unprognostic (1.39e-1)"	"unprognostic (1.79e-1)"	"unprognostic (3.02e-2)"	"unprognostic (2.03e-2)"	"unprognostic (1.32e-1)"	"unprognostic (7.68e-2)"	"unprognostic (1.18e-1)"	"unprognostic (1.41e-2)"	"unprognostic (1.98e-1)"
BIVM	FLJ20159	ENSG00000134897	"Basic, immunoglobulin-like variable motif containing"	Q86UB2	13	102799119-102841533	"Predicted intracellular proteins"				"Evidence at protein level"	"Evidence at protein level"	"Evidence at protein level"	"Evidence at protein level"	"Low tissue specificity"	"Detected in all"			"Group enriched"	"Detected in some"	24	"Astrocytes: 50.6;Bergmann glia: 58.0;Brain excitatory neurons: 85.3;Brain inhibitory neurons: 95.9;Choroid plexus epithelial cells: 61.0;Ependymal cells: 32.7;Microglia: 24.9;Oligodendrocyte progenitor cells: 80.8;Oligodendrocytes: 69.4;Other brain neurons: 66.4"	"Low cell type specificity"	"Detected in all"			"Low cancer specificity"	"Detected in all"			"Low region specificity"	"Detected in all"			"Immune cell enhanced"	"Detected in many"		"NK-cell: 7.7"	"Low lineage specificity"	"Detected in many"			"Low cancer specificity"	"Detected in all"			"Spleen - Endothelial cells"	"Low region specificity"	"Detected in all"			"Low region specificity"	"Detected in all"			HPA050126	Approved		Supported	Nucleoplasm			NA	NA			"Cluster 15: NK-cells - Unknown function"	"Cluster 76: Non-specific - Metabolism"	"Cluster 15: Non-specific - Transcription"	"Cluster 15: Kidney cancer - Membrane components"	"Cluster 22: Non-specific - Basic cellular functions"	8	Nucleoplasm		"HPA050126: "	"unprognostic (7.62e-2)"	"unprognostic (1.13e-1)"	"unprognostic (5.78e-2)"	"unprognostic (1.01e-1)"	"unprognostic (1.07e-1)"	"unprognostic (2.46e-1)"	"unprognostic (8.99e-2)"	"unprognostic (6.46e-3)"	"unprognostic (1.16e-2)"	"unprognostic (1.16e-1)"	"potential prognostic favorable (1.66e-4)"	"unprognostic (9.39e-2)"	"unprognostic (1.24e-3)"	"unprognostic (1.76e-1)"	"unprognostic (1.75e-1)"	"unprognostic (2.55e-1)"	"unprognostic (8.62e-2)"	"unprognostic (4.27e-2)"	"unprognostic (1.65e-1)"	"unprognostic (5.49e-2)"	"unprognostic (5.43e-2)"	"unprognostic (1.86e-2)"	"unprognostic (3.69e-2)"	"unprognostic (6.41e-2)"	"unprognostic (5.10e-2)"	"unprognostic (6.22e-2)"	"unprognostic (3.63e-2)"	"unprognostic (8.39e-2)"	"unprognostic (1.36e-1)"	"unprognostic (1.99e-2)"	"unprognostic (2.54e-1)"
C8orf88		ENSG00000253250	"Chromosome 8 open reading frame 88"	P0DMB2	8	90958471-90985238	"Predicted intracellular proteins"				"Evidence at protein level"	"Evidence at protein level"	"No human protein/transcript evidence"	"Evidence at protein level"	"Tissue enhanced"	"Detected in many"		"testis: 85.6"	"Group enriched"	"Detected in many"	4	"Early spermatids: 686.7;Late primary spermatocytes: 704.2"	"Low cell type specificity"	"Detected in many"			"Low cancer specificity"	"Detected in many"			"Low region specificity"	"Detected in all"			"Immune cell enhanced"	"Detected in many"		"NK-cell: 3.8"	"Low lineage specificity"	"Detected in many"			"Low cancer specificity"	"Detected in many"			"Adipose subcutaneous - Smooth muscle cells, Prostate - Smooth muscle cells, Testis - Early spermatids"	"Low region specificity"	"Detected in all"			"Low region specificity"	"Detected in many"			HPA078486	Enhanced		Approved	"Golgi apparatus,Cytosol"			NA	NA			"Cluster 30: Non-specific - DNA binding"	"Cluster 35: Non-specific - Mixed function"	"Cluster 50: Non-specific - Nucleic acid binding"	"Cluster 3: Rhabdoid - Membrane components"	"Cluster 53: Late primary spermatocytes - Meiotic division & transition"		Cytosol	"Golgi apparatus"	"HPA078486: "	"unprognostic (1.07e-1)"	"unprognostic (1.01e-1)"		"unprognostic (3.91e-1)"	"unprognostic (2.40e-2)"	"unprognostic (4.03e-2)"	"unprognostic (1.48e-1)"	"unprognostic (4.46e-2)"	"unprognostic (6.75e-2)"	"potential prognostic unfavorable (8.41e-4)"	"unprognostic (4.00e-3)"	"unprognostic (5.05e-2)"	"unprognostic (6.94e-2)"			"unprognostic (2.77e-1)"	"unprognostic (1.53e-1)"	"unprognostic (1.69e-2)"	"unprognostic (2.36e-2)"	"unprognostic (1.16e-2)"	"unprognostic (2.81e-1)"	"unprognostic (3.23e-1)"	"unprognostic (5.52e-3)"	"unprognostic (8.19e-2)"		"unprognostic (2.68e-3)"	"unprognostic (9.49e-2)"	"unprognostic (1.38e-3)"	"unprognostic (2.97e-2)"	"unprognostic (4.37e-2)"	"unprognostic (1.68e-3)"
CCDC200	"LINC00854, TMEM106A-AS1"	ENSG00000236383	"Coiled-coil domain containing 200"	A0A1B0GVQ3	17	43216941-43305397	"Predicted intracellular proteins"				"Evidence at protein level"	"Evidence at transcript level"	"No human protein/transcript evidence"	"Evidence at protein level"	"Tissue enriched"	"Detected in some"	10	"testis: 42.1"	"Cell type enriched"	"Detected in many"	7	"Late spermatids: 3420.5"	"Cell type enhanced"	"Detected in many"		"central nervous system macrophage: 61.1;ependymal cell: 21.7"	"Low cancer specificity"	"Detected in many"			"Low region specificity"	"Detected in all"			"Immune cell enhanced"	"Detected in many"		"basophil: 8.3;NK-cell: 7.2"	"Group enriched"	"Detected in many"	5	"granulocytes: 8.3;NK-cells: 7.2"	"Low cancer specificity"	"Detected in many"			"Adrenal gland - Macrophages, Testis - Late spermatids"	"Not detected"	"Not detected"														NA	NA			"Cluster 20: Non-specific - DNA binding"	"Cluster 79: Testis - Spermatogenesis"	"Cluster 25: Non-specific - Transcription"	"Cluster 56: Non-specific - Sensory perception"	"Cluster 56: Late spermatids - Spermiogenesis: Maturation"					"unprognostic (6.54e-3)"	"unprognostic (1.90e-2)"		"unprognostic (2.07e-2)"	"unprognostic (4.17e-3)"	"unprognostic (3.40e-3)"	"unprognostic (1.35e-3)"		"unprognostic (3.29e-2)"	"unprognostic (2.11e-2)"	"potential prognostic unfavorable (2.66e-5)"	"unprognostic (2.21e-1)"	"unprognostic (1.99e-1)"			"unprognostic (1.85e-1)"	"unprognostic (6.99e-2)"	"unprognostic (3.20e-2)"	"unprognostic (5.32e-3)"	"unprognostic (1.89e-1)"		"unprognostic (9.10e-3)"		"unprognostic (8.45e-2)"	"unprognostic (1.32e-1)"	"unprognostic (7.51e-2)"	"unprognostic (4.47e-2)"	"unprognostic (1.40e-1)"	"unprognostic (9.90e-2)"	"unprognostic (2.12e-1)"	"unprognostic (9.31e-2)"
CCDC71	FLJ12800	ENSG00000177352	"Coiled-coil domain containing 71"	Q8IV32	3	49162535-49166331	"Predicted intracellular proteins"				"Evidence at protein level"	"Evidence at protein level"	"Evidence at protein level"	"Evidence at protein level"	"Low tissue specificity"	"Detected in all"			"Cell type enhanced"	"Detected in many"		"Decidual stromal cells: 28.9;Epididymal principal cells: 32.5"	"Low cell type specificity"	"Detected in all"			"Low cancer specificity"	"Detected in all"			"Low region specificity"	"Detected in all"			"Immune cell enhanced"	"Detected in many"		"NK-cell: 4.8"	"Low lineage specificity"	"Detected in many"			"Low cancer specificity"	"Detected in all"			"Testis - Spermatogonia"	"Low region specificity"	"Detected in all"			"Low region specificity"	"Detected in all"			HPA047547	Uncertain		Approved	"Nuclear membrane"			No	No			"Cluster 37: Monocytes & Neutrophils - Innate immune response"	"Cluster 75: Ovary - Mixed function"	"Cluster 46: Brainstem - Mixed function"	"Cluster 8: Non-specific - Basic cellular processes"	"Cluster 63: Cytotrophoblasts - Basic cellular functions"	4	"Nuclear membrane"		"HPA047547: "	"unprognostic (5.66e-2)"	"unprognostic (8.61e-2)"	"unprognostic (9.47e-2)"	"unprognostic (6.68e-3)"	"unprognostic (8.42e-3)"	"unprognostic (6.71e-3)"	"unprognostic (9.85e-2)"	"unprognostic (1.73e-2)"	"unprognostic (1.08e-1)"	"unprognostic (2.83e-2)"	"potential prognostic favorable (1.05e-4)"	"unprognostic (2.93e-2)"	"potential prognostic favorable (9.90e-4)"	"unprognostic (1.68e-3)"	"unprognostic (1.33e-1)"	"unprognostic (7.30e-3)"	"unprognostic (1.91e-2)"	"unprognostic (3.37e-1)"	"unprognostic (2.52e-1)"	"unprognostic (1.36e-1)"	"unprognostic (1.59e-1)"	"unprognostic (4.86e-2)"	"unprognostic (2.13e-1)"	"unprognostic (2.28e-1)"	"unprognostic (6.04e-3)"	"unprognostic (4.09e-1)"	"unprognostic (3.74e-1)"	"unprognostic (2.58e-1)"	"unprognostic (1.33e-1)"	"unprognostic (2.78e-1)"	"unprognostic (9.30e-3)"
CD38	cADPR1	ENSG00000004468	"CD38 molecule"	P28907	4	15778275-15853232	"Cancer-related genes, CD markers, Enzymes, Metabolic proteins, Predicted intracellular proteins"		"Hydrolase, Receptor, Transferase"	"Cancer-related genes, Diabetes mellitus"	"Evidence at protein level"	"Evidence at protein level"	"Evidence at protein level"	"Evidence at protein level"	"Tissue enhanced"	"Detected in many"		"lymphoid tissue: 58.9"	"Cell type enhanced"	"Detected in many"		"Alveolar cells type 2: 162.3;Astrocytes: 200.6;Hematopoietic stem cells: 196.5;Kupffer cells: 137.3;Megakaryocyte progenitors: 177.9;Megakaryocyte-Erythroid progenitors: 278.9;Monocyte progenitors: 135.3;Myonuclei: 93.6;NK-cells: 154.0;Plasma cells: 469.1;Respiratory ciliated cells: 168.1;Respiratory deuterosomal cells: 95.4;Thymocytes: 143.1"	"Group enriched"	"Detected in many"	4	"astrocyte: 240.4;leukocyte: 63.7;pericyte: 120.4"	"Low cancer specificity"	"Detected in many"			"Low region specificity"	"Detected in all"			"Immune cell enhanced"	"Detected in many"		"NK-cell: 18.3"	"Group enriched"	"Detected in all"	5	"B-cells: 9.9;dendritic cells: 5.8;NK-cells: 18.3"	"Group enriched"	"Detected in some"	15	"Leukemia: 25.9;lymphoma: 43.3;Myeloma: 35.3"	"Lung - Alveolar cells type 2, Prostate - Prostate glandular cells, Skeletal muscle - Skeletal myocytes, Skeletal muscle - Skeletal myocytes, Stomach - Plasma cells"	"Low region specificity"	"Detected in all"			"Low region specificity"	"Detected in all"			"CAB002493, HPA022132, CAB025255, HPA052381"	Enhanced		Supported	"Plasma membrane"			NA	NA			"Cluster 14: Non-specific - Unknown function"	"Cluster 51: Lymphoid tissue - Adaptive immune response"	"Cluster 46: Brainstem - Mixed function"	"Cluster 46: Lymphoma - Humoral immune response"	"Cluster 44: Plasma cells - Antibody production & secretion"	3	"Plasma membrane"		"CAB002493: , CAB025255: , HPA022132: , HPA052381: "	"unprognostic (1.95e-1)"	"unprognostic (1.10e-2)"	"unprognostic (2.37e-1)"	"unprognostic (1.11e-2)"	"unprognostic (2.57e-2)"	"unprognostic (1.85e-1)"	"unprognostic (1.00e-1)"	"unprognostic (2.40e-2)"	"potential prognostic favorable (1.51e-4)"		"unprognostic (1.18e-3)"	"unprognostic (1.31e-1)"	"unprognostic (6.14e-3)"	"unprognostic (1.00e-1)"	"unprognostic (8.73e-2)"	"unprognostic (4.05e-2)"	"unprognostic (5.33e-3)"	"unprognostic (4.45e-1)"	"unprognostic (2.37e-1)"	"potential prognostic favorable (3.86e-5)"	"unprognostic (1.97e-2)"	"unprognostic (3.98e-1)"	"unprognostic (3.16e-2)"	"unprognostic (3.03e-1)"	"unprognostic (6.26e-3)"	"unprognostic (2.70e-2)"	"unprognostic (2.34e-1)"	"unprognostic (1.37e-1)"	"unprognostic (5.92e-2)"	"unprognostic (1.06e-1)"	"unprognostic (2.28e-1)"
CD7	"GP40, LEU-9, Tp40, TP41"	ENSG00000173762	"CD7 molecule"	P09564	17	82314868-82317608	"CD markers, Predicted intracellular proteins, Predicted membrane proteins"	"Adaptive immunity, Immunity"	Receptor		"Evidence at protein level"	"Evidence at protein level"	"Evidence at protein level"	"Evidence at protein level"	"Tissue enhanced"	"Detected in many"		"bone marrow: 26.9;lymphoid tissue: 51.1"	"Group enriched"	"Detected in many"	17	"Innate lymphoid cells: 332.7;NK-cells: 774.1;T-cells: 306.7;Thymocytes: 372.7"	"Cell type enriched"	"Detected in some"	21	"leukocyte: 196.4"	"Low cancer specificity"	"Detected in all"			"Low region specificity"	"Detected in many"			"Immune cell enhanced"	"Detected in many"		"NK-cell: 232.4"	"Group enriched"	"Detected in many"	22	"NK-cells: 232.4;T-cells: 71.8"	"Group enriched"	"Detected in some"	6	"Leukemia: 50.4;liver cancer: 16.7;Myeloma: 21.7"	"Adipose subcutaneous - T-cells, Adipose visceral - T-cells, Adrenal gland - T-cells, Breast - T-cells, Heart muscle - T-cells, Liver - NK-cells (Liver), Lung - NK-cells (Lung), Pancreas - T-cells, Pituitary gland - T-cells, Prostate - T-cells, Thyroid gland - T-cells"	"Region enhanced"	"Detected in some"		"cerebral cortex: 3.2"	"Not detected"	"Not detected"			"CAB002594, HPA039079"	Enhanced						NA	NA			"Cluster 1: T-cells - Unknown function"	"Cluster 66: Lymphoid tissue - Immune response"	"Cluster 44: Non-specific - Mixed function"	"Cluster 59: Leukemia - T-cell receptor"	"Cluster 92: NK-cells & T-cells - Adaptive immunity: Cytotoxicity"	17			"CAB002594: , HPA039079: "	"unprognostic (1.80e-3)"	"unprognostic (5.84e-3)"	"unprognostic (9.08e-2)"	"unprognostic (1.69e-3)"	"unprognostic (1.89e-1)"	"unprognostic (1.51e-1)"	"unprognostic (1.19e-3)"		"unprognostic (1.07e-3)"	"unprognostic (8.01e-2)"	"potential prognostic unfavorable (3.32e-4)"	"unprognostic (2.61e-1)"	"unprognostic (2.02e-3)"	"unprognostic (4.51e-2)"	"unprognostic (1.66e-1)"	"unprognostic (2.96e-1)"	"unprognostic (2.57e-1)"	"unprognostic (1.79e-1)"	"unprognostic (2.24e-1)"	"unprognostic (7.95e-3)"	"unprognostic (1.87e-2)"	"unprognostic (1.86e-1)"	"unprognostic (2.72e-2)"	"unprognostic (3.12e-1)"	"unprognostic (5.43e-2)"	"unprognostic (8.98e-2)"	"potential prognostic favorable (9.26e-6)"	"unprognostic (1.03e-1)"	"unprognostic (3.44e-2)"	"unprognostic (1.39e-1)"	"unprognostic (5.28e-3)"
CDCP1	"CD318, SIMA135"	ENSG00000163814	"CUB domain containing protein 1"	Q9H5V8	3	45082277-45146422	"CD markers, Predicted intracellular proteins, Predicted membrane proteins"				"Evidence at protein level"	"Evidence at protein level"	"Evidence at protein level"	"Evidence at protein level"	"Tissue enhanced"	"Detected in many"		"esophagus: 35.8"	"Cell type enhanced"	"Detected in many"		"Basal keratinocytes: 311.3;Esophageal apical cells: 310.2;Esophageal basal cells: 179.2;Esophageal suprabasal cells: 213.1;Foveolar cells: 153.3;Ocular epithelial cells: 445.0;Suprabasal keratinocytes: 267.2"	"Cell type enhanced"	"Detected in many"		"central nervous system macrophage: 31.6;choroid plexus epithelial cell: 41.8;deep-layer near-projecting: 64.2"	"Low cancer specificity"	"Detected in all"			"Region enhanced"	"Detected in all"		"choroid plexus: 26.9"	"Immune cell enhanced"	"Detected in some"		"myeloid DC: 2.3;NK-cell: 4.2"	"Low lineage specificity"	"Detected in many"			"Low cancer specificity"	"Detected in many"			"Adipose subcutaneous - Macrophages, Adipose visceral - Mesothelial cells, Adrenal gland - Macrophages, Heart muscle - Macrophages, Skin - Keratinocyte (other), Spleen - Macrophages"	"Not detected"	"Not detected"			"Low region specificity"	"Detected in all"			"HPA010978, HPA010979, HPA011405, CAB025637"	Enhanced		Approved	"Nucleoplasm,Nuclear bodies,Vesicles"	"Intracellular and membrane"	"No annotated function"	NA	NA			"Cluster 14: Non-specific - Unknown function"	"Cluster 11: Esophagus - Basic cellular processes"	"Cluster 20: Macrophages & Microglia - Immune response"	"Cluster 53: Squamous epithelial cells - Keratinization"	"Cluster 100: Stratified epithelial cells - Barrier functions"	5	"Nucleoplasm, Vesicles"	"Nuclear bodies"	"CAB025637: , HPA010978: , HPA010979: , HPA011405: "	"unprognostic (1.26e-1)"	"unprognostic (3.79e-2)"	"unprognostic (4.37e-2)"	"unprognostic (4.21e-3)"	"unprognostic (6.03e-3)"	"unprognostic (9.82e-2)"	"unprognostic (9.81e-3)"	"unprognostic (2.46e-2)"	"unprognostic (5.93e-3)"	"unprognostic (2.62e-2)"	"validated prognostic unfavorable (6.19e-4)"	"validated prognostic unfavorable (3.32e-4)"	"unprognostic (1.09e-1)"	"unprognostic (2.49e-2)"	"unprognostic (2.41e-2)"	"potential prognostic unfavorable (3.27e-5)"	"unprognostic (1.76e-3)"	"unprognostic (1.64e-2)"	"unprognostic (6.45e-3)"	"unprognostic (6.19e-3)"	"unprognostic (3.65e-1)"	"potential prognostic unfavorable (1.83e-4)"	"unprognostic (2.02e-2)"	"unprognostic (5.67e-2)"	"unprognostic (1.46e-1)"	"unprognostic (1.72e-1)"	"unprognostic (6.66e-2)"	"unprognostic (7.81e-2)"	"unprognostic (2.06e-1)"	"unprognostic (1.17e-1)"	"unprognostic (1.89e-1)"
CDK1	"CDC2, CDC28A"	ENSG00000170312	"Cyclin dependent kinase 1"	P06493	10	60778331-60794852	"Cancer-related genes, Enzymes, Essential proteins, Plasma proteins, Predicted intracellular proteins, Transporters"	"Apoptosis, Biological rhythms, Cell cycle, Cell division, Host-virus interaction, Mitosis"	"Host cell receptor for virus entry, Kinase, Receptor, Serine/threonine-protein kinase, Transferase"	"Cancer-related genes"	"Evidence at protein level"	"Evidence at protein level"	"Evidence at protein level"	"Evidence at protein level"	"Tissue enhanced"	"Detected in many"		"bone marrow: 50.2;lymphoid tissue: 68.9"	"Cell type enhanced"	"Detected in many"		"Cytotrophoblasts: 83.8;Differentiating spermatogonia: 65.2;Early primary spermatocytes: 67.7;Enteric transient amplifying cells: 76.4;Erythrocyte progenitors: 125.8;Esophageal basal cells: 88.1;Extravillous trophoblasts: 161.3;Gastric progenitor cells: 144.8;Hofbauer cells: 97.9;Late primary spermatocytes: 189.7;Megakaryocyte progenitors: 97.8;Migrating cytotrophoblasts: 143.4;Monocyte progenitors: 159.0;Oocytes: 138.2;Respiratory deuterosomal cells: 70.5"	"Group enriched"	"Detected in some"	4	"endothelial cell: 4.4;leukocyte: 1.5"	"Low cancer specificity"	"Detected in all"			"Low region specificity"	"Detected in some"			"Immune cell enhanced"	"Detected in some"		"NK-cell: 3.3;T-reg: 3.4"	"Low lineage specificity"	"Detected in many"			"Low cancer specificity"	"Detected in all"			"Adrenal gland - Mitotic cells (Adrenal gland), Colon - Mitotic cells (Colon), Heart muscle - Mitotic cells (Heart), Lung - Mitotic cells (Lung), Minor Salivary Gland - Mitotic cells (Minor salivary gland), Pituitary gland - Somatotropes, Skin - Mitotic cells (Skin), Spleen - Mitotic cells (Spleen), Stomach - Mitotic cells (Stomach), Testis - Early spermatids, Testis - Spermatocytes, Thyroid gland - Mitotic cells (Thyroid)"	"Low region specificity"	"Detected in all"			"Low region specificity"	"Detected in all"			"HPA003387, CAB003799, CAB079974"	Enhanced		Supported	"Nucleoplasm,Cytosol,Acrosome,Perinuclear theca,Connecting piece,Flagellar centriole"			NA	Yes		44000	"Cluster 16: Non-specific - Cell proliferation"	"Cluster 59: Lymphoid tissue & Bone marrow - Cell proliferation"	"Cluster 12: Non-specific - Vasculature"	"Cluster 52: Non-specific - Mitochondria"	"Cluster 27: Non-specific - Cell proliferation"	168	"Nucleoplasm, Cytosol"	"Acrosome, Perinuclear theca, Connecting piece, Flagellar centriole"	"CAB003799: , CAB079974: , HPA003387: "	"unprognostic (1.34e-2)"	"unprognostic (4.52e-2)"	"unprognostic (1.93e-1)"	"unprognostic (3.95e-2)"	"unprognostic (1.94e-1)"	"unprognostic (4.15e-2)"	"unprognostic (2.29e-1)"	"unprognostic (3.41e-2)"	"unprognostic (6.71e-2)"	"potential prognostic unfavorable (5.73e-5)"	"validated prognostic unfavorable (1.67e-4)"	"validated prognostic unfavorable (1.04e-5)"	"potential prognostic unfavorable (4.02e-13)"	"validated prognostic unfavorable (2.85e-7)"	"validated prognostic unfavorable (4.81e-7)"	"potential prognostic unfavorable (3.19e-6)"	"unprognostic (1.72e-3)"	"unprognostic (6.79e-2)"	"unprognostic (3.36e-2)"	"unprognostic (4.50e-1)"	"unprognostic (6.05e-2)"	"validated prognostic unfavorable (2.06e-6)"	"validated prognostic unfavorable (2.44e-4)"	"unprognostic (8.87e-2)"	"unprognostic (9.32e-2)"	"unprognostic (6.75e-2)"	"unprognostic (5.51e-3)"	"unprognostic (1.17e-1)"	"unprognostic (3.69e-1)"	"unprognostic (1.47e-1)"	"unprognostic (2.15e-1)"
CDK20	"CCRK, p42, PNQALRE"	ENSG00000156345	"Cyclin dependent kinase 20"	Q8IZL9	9	87966441-87974753	"Enzymes, Predicted intracellular proteins"	"Cell cycle, Cell division"	"Developmental protein, Kinase, Serine/threonine-protein kinase, Transferase"		"Evidence at protein level"	"Evidence at protein level"	"Evidence at protein level"	"Evidence at protein level"	"Low tissue specificity"	"Detected in many"			"Cell type enhanced"	"Detected in many"		"Endometrial ciliated cells: 19.0;Fallopian tube ciliated cells: 23.5;Late primary spermatocytes: 45.5;Oocytes: 18.4;Respiratory ciliated cells: 18.7"	"Low cell type specificity"	"Detected in many"			"Low cancer specificity"	"Detected in all"			"Low region specificity"	"Detected in all"			"Immune cell enhanced"	"Detected in many"		"NK-cell: 3.6"	"Group enriched"	"Detected in many"	8	"NK-cells: 3.6;T-cells: 2.3"	"Low cancer specificity"	"Detected in many"			"Adipose subcutaneous - Adipose progenitor cells, Testis - Early spermatids"	"Low region specificity"	"Detected in many"			"Low region specificity"	"Detected in all"			"HPA007666, HPA027379, HPA027401"	Enhanced		Supported	"Nucleoplasm,Golgi apparatus,Connecting piece,Mid piece,Principal piece,End piece"			NA	NA			"Cluster 11: T-cells - Unknown function"	"Cluster 48: Ciliated tissues - Cilium organization"	"Cluster 23: Choroid plexus - Mixed function"	"Cluster 10: Ciliated cells - Ion channel activity"	"Cluster 107: Ciliated cells - Cilia assembly & function"	13	Nucleoplasm	"Golgi apparatus, Connecting piece, Mid piece, Principal piece, End piece"	"HPA007666: , HPA027379: , HPA027401: "	"unprognostic (2.17e-2)"	"unprognostic (1.97e-1)"	"unprognostic (1.71e-1)"	"unprognostic (3.29e-1)"	"unprognostic (2.47e-1)"	"unprognostic (4.86e-2)"	"unprognostic (6.68e-2)"	"unprognostic (1.73e-2)"	"unprognostic (7.55e-3)"	"unprognostic (3.53e-2)"	"validated prognostic favorable (8.86e-11)"	"validated prognostic favorable (9.86e-4)"	"potential prognostic favorable (1.91e-4)"	"unprognostic (1.65e-3)"	"unprognostic (8.71e-2)"	"unprognostic (3.89e-2)"	"unprognostic (7.04e-2)"	"unprognostic (2.84e-3)"	"unprognostic (2.17e-1)"	"unprognostic (3.30e-1)"	"unprognostic (7.59e-3)"	"unprognostic (5.01e-2)"	"unprognostic (1.94e-1)"	"unprognostic (8.52e-2)"	"unprognostic (2.88e-2)"	"unprognostic (1.42e-1)"	"unprognostic (3.08e-1)"	"unprognostic (1.22e-2)"	"unprognostic (1.22e-1)"	"unprognostic (7.37e-2)"	"unprognostic (1.16e-2)"
CEP72	"FLJ10565, KIAA1519"	ENSG00000112877	"Centrosomal protein 72"	Q9P209	5	612340-667168	"Predicted intracellular proteins"				"Evidence at protein level"	"Evidence at protein level"	"Evidence at protein level"	"Evidence at protein level"	"Tissue enhanced"	"Detected in many"		"testis: 7.1"	"Cell type enhanced"	"Detected in many"		"Cardiomyocytes: 71.5;Early primary spermatocytes: 31.6;Epicardial cells: 40.9;Melanocytes: 181.5;Oocytes: 23.0"	"Low cell type specificity"	"Detected in all"			"Low cancer specificity"	"Detected in all"			"Low region specificity"	"Detected in all"			"Immune cell enhanced"	"Detected in many"		"NK-cell: 4.5"	"Group enriched"	"Detected in many"	4	"B-cells: 1.6;NK-cells: 4.5;T-cells: 1.7"	"Low cancer specificity"	"Detected in all"			"Testis - Spermatocytes"	"Region enriched"	"Detected in many"	8	"cerebellum: 14.1"	"Not detected"	"Not detected"			"HPA058235, HPA074879"	Approved		Supported	"Centriolar satellite,Centrosome,Basal body"			NA	NA			"Cluster 24: Non-specific - Transcription"	"Cluster 67: Testis - Mixed function"	"Cluster 34: Non-specific - Mixed function"	"Cluster 29: Non-specific - Unknown function"	"Cluster 61: Schwann cells & Melanocytes - Mixed function"	33	"Centriolar satellite, Centrosome"	"Basal body"	"HPA058235: , HPA074879: "	"unprognostic (2.88e-2)"	"unprognostic (1.47e-1)"	"unprognostic (2.54e-1)"	"unprognostic (2.52e-1)"	"unprognostic (6.03e-2)"	"unprognostic (1.18e-1)"	"unprognostic (1.78e-1)"	"unprognostic (9.64e-2)"	"unprognostic (6.19e-2)"	"potential prognostic unfavorable (2.03e-5)"	"unprognostic (3.38e-2)"	"unprognostic (2.69e-1)"	"unprognostic (3.76e-1)"	"unprognostic (5.14e-3)"	"unprognostic (1.93e-2)"	"unprognostic (7.49e-2)"	"unprognostic (1.03e-2)"	"unprognostic (7.86e-2)"	"unprognostic (1.67e-2)"	"unprognostic (9.59e-2)"	"unprognostic (5.85e-2)"	"unprognostic (5.00e-2)"	"unprognostic (8.24e-3)"	"unprognostic (2.83e-2)"	"unprognostic (2.25e-3)"	"unprognostic (5.85e-2)"	"unprognostic (3.48e-2)"	"unprognostic (3.01e-2)"	"unprognostic (1.59e-1)"	"unprognostic (3.72e-2)"	"unprognostic (6.48e-2)"
CEP78	"C9orf81, FLJ12643"	ENSG00000148019	"Centrosomal protein 78"	Q5JTW2	9	78236062-78279690	"Disease related genes, Human disease related genes, Predicted intracellular proteins"	"Cilium biogenesis/degradation"		"Ciliopathy, Cone-rod dystrophy, Deafness, Disease variant"	"Evidence at protein level"	"Evidence at transcript level"	"Evidence at protein level"	"Evidence at protein level"	"Low tissue specificity"	"Detected in all"			"Cell type enhanced"	"Detected in many"		"Cone photoreceptor cells: 180.1;Early primary spermatocytes: 110.7;NK-cells: 164.1;Respiratory deuterosomal cells: 121.3"	"Low cell type specificity"	"Detected in all"			"Low cancer specificity"	"Detected in all"			"Low region specificity"	"Detected in all"			"Immune cell enhanced"	"Detected in many"		"NK-cell: 39.2"	"Group enriched"	"Detected in many"	5	"NK-cells: 39.2;T-cells: 18.4"	"Low cancer specificity"	"Detected in all"			"Adrenal gland - Adrenal cortex cells, Spleen - NK-cells (Spleen), Testis - Spermatocytes"	"Low region specificity"	"Detected in all"			"Low region specificity"	"Detected in all"			HPA048846	Approved						NA	NA			"Cluster 15: NK-cells - Unknown function"	"Cluster 59: Lymphoid tissue & Bone marrow - Cell proliferation"	"Cluster 55: Non-specific - Transcription"	"Cluster 3: Rhabdoid - Membrane components"	"Cluster 92: NK-cells & T-cells - Adaptive immunity: Cytotoxicity"	14			"HPA048846: "	"unprognostic (9.80e-3)"	"unprognostic (2.73e-1)"	"unprognostic (2.13e-1)"	"unprognostic (1.15e-2)"	"unprognostic (1.63e-1)"	"unprognostic (1.52e-1)"	"unprognostic (3.07e-1)"	"unprognostic (1.08e-2)"	"unprognostic (8.60e-2)"	"unprognostic (2.45e-1)"	"potential prognostic favorable (1.37e-4)"	"unprognostic (1.15e-1)"	"unprognostic (2.27e-1)"	"potential prognostic unfavorable (1.00e-4)"	"unprognostic (2.11e-2)"	"unprognostic (3.83e-2)"	"unprognostic (4.77e-2)"	"unprognostic (6.26e-2)"	"unprognostic (4.83e-2)"	"unprognostic (1.94e-1)"	"unprognostic (6.70e-2)"	"unprognostic (7.01e-2)"	"unprognostic (5.28e-2)"	"unprognostic (9.11e-2)"	"unprognostic (2.99e-2)"	"unprognostic (1.17e-2)"	"unprognostic (5.20e-2)"	"unprognostic (1.21e-1)"	"unprognostic (1.78e-1)"	"unprognostic (8.47e-2)"	"unprognostic (3.25e-1)"
CLASP1	"KIAA0622, MAST1"	ENSG00000074054	"Cytoplasmic linker associated protein 1"	Q7Z460	2	121337776-121649476	"Essential proteins, Predicted intracellular proteins"	"Cell cycle, Cell division, Mitosis"			"Evidence at protein level"	"Evidence at transcript level"	"Evidence at protein level"	"Evidence at protein level"	"Low tissue specificity"	"Detected in all"			"Cell type enhanced"	"Detected in many"		"Distal convoluted tubule cells: 937.4;Myonuclei: 1039.1;Neutrophils: 834.9;Rod photoreceptor cells: 790.6"	"Low cell type specificity"	"Detected in all"			"Low cancer specificity"	"Detected in all"			"Low region specificity"	"Detected in all"			"Immune cell enhanced"	"Detected in many"		"NK-cell: 6.0"	"Low lineage specificity"	"Detected in many"			"Low cancer specificity"	"Detected in all"			"Minor Salivary Gland - Endothelial cells"	"Low region specificity"	"Detected in all"			"Low region specificity"	"Detected in all"			HPA065219	Uncertain						NA	NA			"Cluster 15: NK-cells - Unknown function"	"Cluster 25: Non-specific - Basic cellular processes"	"Cluster 1: Neurons - Mixed function"	"Cluster 26: Non-specific - Mitochondria & RNA binding"	"Cluster 79: Photoreceptor cells - Phototransduction"	66			"HPA065219: "	"unprognostic (2.22e-1)"	"unprognostic (4.29e-2)"	"unprognostic (1.22e-1)"	"unprognostic (1.27e-1)"	"unprognostic (1.57e-1)"	"unprognostic (3.07e-1)"	"unprognostic (8.30e-3)"	"unprognostic (1.47e-2)"	"unprognostic (3.85e-1)"	"unprognostic (1.19e-1)"	"potential prognostic favorable (6.88e-5)"	"unprognostic (8.73e-3)"	"unprognostic (3.94e-2)"	"unprognostic (2.86e-2)"	"unprognostic (9.44e-2)"	"unprognostic (2.35e-1)"	"unprognostic (2.90e-2)"	"unprognostic (7.91e-2)"	"potential prognostic favorable (1.62e-4)"	"unprognostic (6.23e-2)"	"unprognostic (1.63e-1)"	"unprognostic (1.46e-1)"	"potential prognostic unfavorable (9.52e-4)"	"unprognostic (2.94e-1)"	"unprognostic (1.63e-1)"	"potential prognostic favorable (2.46e-4)"	"unprognostic (3.18e-2)"	"unprognostic (2.57e-1)"	"unprognostic (3.66e-1)"	"unprognostic (8.68e-2)"	"unprognostic (1.13e-1)"
CLSTN3	"CDHR14, CSTN3, KIAA0726"	ENSG00000139182	"Calsyntenin 3"	Q9BQT9	12	7129698-7158945	"Plasma proteins, Predicted intracellular proteins, Predicted membrane proteins"	"Cell adhesion"			"Evidence at protein level"	"Evidence at transcript level"	"Evidence at protein level"	"Evidence at protein level"	"Tissue enhanced"	"Detected in all"		"brain: 137.4"	"Cell type enhanced"	"Detected in some"		"Brain excitatory neurons: 99.6;Brain inhibitory neurons: 95.9;Distal convoluted tubule cells: 20.3;Loop of henle epithelial cells: 18.7;Oligodendrocyte progenitor cells: 17.5;Other brain neurons: 90.7;Proximal tubule cells: 38.3;Renal connecting tubule cells: 16.6"	"Low cell type specificity"	"Detected in all"			"Low cancer specificity"	"Detected in all"			"Low region specificity"	"Detected in all"			"Immune cell enhanced"	"Detected in many"		"NK-cell: 6.9"	"Low lineage specificity"	"Detected in many"			"Low cancer specificity"	"Detected in all"			"Colon - Endothelial cells, Skeletal muscle - Endothelial cells"	"Low region specificity"	"Detected in all"			"Low region specificity"	"Detected in all"										NA	NA		340000	"Cluster 15: NK-cells - Unknown function"	"Cluster 27: Cerebellum - Synaptic function"	"Cluster 1: Neurons - Mixed function"	"Cluster 16: Thyroid cancer - Neuronal signaling"	"Cluster 109: Neurons - Neuronal signaling"	39				"unprognostic (4.18e-3)"	"potential prognostic favorable (4.85e-4)"	"unprognostic (7.18e-2)"	"unprognostic (1.09e-3)"	"unprognostic (3.45e-3)"	"unprognostic (2.15e-1)"	"unprognostic (3.44e-2)"	"unprognostic (9.17e-2)"	"unprognostic (4.39e-2)"	"unprognostic (4.87e-2)"	"unprognostic (1.99e-2)"	"unprognostic (3.67e-2)"	"unprognostic (9.70e-2)"	"unprognostic (1.04e-1)"	"unprognostic (8.60e-2)"	"unprognostic (1.08e-1)"	"unprognostic (2.25e-1)"	"unprognostic (4.02e-2)"	"unprognostic (1.07e-1)"	"unprognostic (2.28e-1)"	"unprognostic (1.60e-1)"	"potential prognostic favorable (2.56e-5)"	"unprognostic (4.87e-3)"	"unprognostic (1.57e-1)"	"unprognostic (5.96e-2)"	"unprognostic (7.86e-3)"	"unprognostic (2.79e-1)"	"unprognostic (1.82e-2)"	"unprognostic (1.18e-1)"	"unprognostic (4.28e-2)"	"unprognostic (1.79e-1)"
CMC1	"C3orf68, MGC61571"	ENSG00000187118	"C-X9-C motif containing 1"	Q7Z7K0	3	28241584-28325142	"Predicted intracellular proteins"				"Evidence at protein level"	"Evidence at protein level"	"Evidence at protein level"	"Evidence at protein level"	"Low tissue specificity"	"Detected in all"			"Cell type enhanced"	"Detected in all"		"NK-cells: 491.4"	"Low cell type specificity"	"Detected in all"			"Low cancer specificity"	"Detected in all"			"Low region specificity"	"Detected in all"			"Immune cell enhanced"	"Detected in all"		"NK-cell: 162.6"	"Low lineage specificity"	"Detected in all"			"Low cancer specificity"	"Detected in all"			"Heart muscle - Cardiomyocytes, Spleen - NK-cells (Spleen), Testis - Early spermatids"	"Low region specificity"	"Detected in all"			"Low region specificity"	"Detected in all"			HPA043333	Approved						NA	NA			"Cluster 15: NK-cells - Unknown function"	"Cluster 68: Non-specific - Basic cellular processes"	"Cluster 21: Non-specific - Metabolism"	"Cluster 8: Non-specific - Basic cellular processes"	"Cluster 92: NK-cells & T-cells - Adaptive immunity: Cytotoxicity"	1			"HPA043333: "	"unprognostic (1.43e-1)"	"potential prognostic unfavorable (3.85e-4)"	"unprognostic (1.25e-1)"	"unprognostic (6.59e-2)"	"unprognostic (6.18e-3)"	"unprognostic (8.83e-3)"	"unprognostic (1.28e-2)"	"unprognostic (7.64e-2)"	"unprognostic (2.08e-2)"	"unprognostic (1.54e-2)"	"unprognostic (4.08e-3)"	"unprognostic (5.46e-2)"	"unprognostic (1.14e-1)"	"unprognostic (3.59e-2)"	"potential prognostic unfavorable (5.23e-5)"	"unprognostic (2.94e-2)"	"unprognostic (4.69e-2)"	"unprognostic (8.59e-2)"	"unprognostic (1.66e-1)"	"unprognostic (1.39e-3)"	"unprognostic (1.18e-1)"	"unprognostic (1.24e-1)"	"unprognostic (4.64e-2)"	"unprognostic (9.17e-3)"	"unprognostic (3.49e-2)"	"unprognostic (1.94e-1)"	"unprognostic (1.88e-2)"	"unprognostic (2.20e-1)"	"unprognostic (2.89e-1)"	"unprognostic (1.87e-1)"	"unprognostic (3.82e-2)"
CPXM1	"CPX-1, CPX1, CPXM"	ENSG00000088882	"Carboxypeptidase X, M14 family member 1"	Q96SM3	20	2794074-2800627	"Enzymes, Predicted secreted proteins"		"Carboxypeptidase, Hydrolase, Metalloprotease, Protease"		"Evidence at protein level"	"Evidence at transcript level"	"Evidence at transcript level"	"Evidence at protein level"	"Tissue enhanced"	"Detected in many"		"ovary: 107.0"	"Cell type enriched"	"Detected in some"	5	"Decidual stromal cells: 691.9"	"Cell type enriched"	"Detected in some"	7	"fibroblast: 13.6"	"Low cancer specificity"	"Detected in all"			"Low region specificity"	"Detected in many"			"Immune cell enhanced"	"Detected in single"		"NK-cell: 1.3"	"Low lineage specificity"	"Detected in single"			"Cancer enhanced"	"Detected in many"		"Leukemia: 47.1;Neuroblastoma: 82.6"	"Adipose visceral - Adipose progenitor cells, Lung - Fibroblasts_2, Pituitary gland - Fibroblasts"	"Low region specificity"	"Detected in all"			"Region enhanced"	"Detected in many"		"spinal cord: 17.3"						"Secreted in other tissues"	Enzyme	NA	NA		1200000	"Cluster 14: Non-specific - Unknown function"	"Cluster 75: Ovary - Mixed function"	"Cluster 23: Choroid plexus - Mixed function"	"Cluster 35: RS4;11 - Unknown function"	"Cluster 108: Fibroblasts - ECM organization"					"unprognostic (2.74e-2)"	"unprognostic (1.23e-1)"	"unprognostic (1.45e-1)"	"unprognostic (1.19e-1)"	"unprognostic (3.07e-1)"	"unprognostic (7.47e-2)"	"unprognostic (3.04e-1)"	"unprognostic (3.14e-2)"	"unprognostic (3.23e-2)"	"unprognostic (4.85e-2)"	"potential prognostic unfavorable (1.10e-5)"	"unprognostic (8.26e-2)"	"potential prognostic unfavorable (7.70e-5)"	"unprognostic (1.32e-2)"	"unprognostic (4.31e-1)"	"unprognostic (1.16e-2)"	"unprognostic (2.80e-3)"	"unprognostic (1.80e-1)"	"unprognostic (3.02e-1)"	"unprognostic (3.73e-2)"	"unprognostic (3.12e-2)"	"unprognostic (2.32e-2)"	"unprognostic (1.32e-1)"	"unprognostic (6.08e-2)"	"unprognostic (6.06e-2)"	"unprognostic (2.46e-3)"	"potential prognostic unfavorable (1.92e-4)"	"unprognostic (6.65e-2)"	"unprognostic (7.80e-2)"	"unprognostic (1.20e-3)"	"unprognostic (1.55e-1)"
CRTAM	CD355	ENSG00000109943	"Cytotoxic and regulatory T cell molecule"	O95727	11	122838500-122872643	"CD markers, Predicted membrane proteins"	"Adaptive immunity, Cell adhesion, Immunity"			"Evidence at protein level"	"Evidence at transcript level"	"Evidence at protein level"	"Evidence at protein level"	"Tissue enriched"	"Detected in some"	16	"brain: 128.2"	"Cell type enhanced"	"Detected in some"		"Brain excitatory neurons: 53.3;Innate lymphoid cells: 21.4;NK-cells: 73.8;T-cells: 127.6;Thymocytes: 21.2"	"Cell type enhanced"	"Detected in some"		"cerebellar inhibitory: 56.6;upper rhombic lip: 146.2"	"Low cancer specificity"	"Detected in many"			"Region enriched"	"Detected in many"	9	"cerebellum: 79.0"	"Immune cell enhanced"	"Detected in many"		"NK-cell: 54.1"	"Group enriched"	"Detected in many"	4	"NK-cells: 54.1;T-cells: 33.3"	"Not detected"	"Not detected"			"Adipose subcutaneous - T-cells, Adipose visceral - T-cells, Adrenal gland - T-cells, Breast - T-cells, Colon - T-cells, Liver - T-cells, Prostate - T-cells, Spleen - T-cells"	"Region enriched"	"Detected in some"	44	"cerebellum: 102.6"	"Region enhanced"	"Detected in all"		"cerebellum: 41.5"								NA	NA		19000	"Cluster 24: Non-specific - Transcription"	"Cluster 71: Cerebellum - Nervous system development"	"Cluster 35: Non-specific - DNA binding"	"Cluster 59: Leukemia - T-cell receptor"	"Cluster 92: NK-cells & T-cells - Adaptive immunity: Cytotoxicity"						"unprognostic (2.24e-2)"	"unprognostic (3.11e-1)"	"potential prognostic favorable (1.38e-4)"		"unprognostic (3.05e-1)"					"unprognostic (1.96e-2)"	"unprognostic (1.43e-1)"				"unprognostic (1.08e-2)"	"unprognostic (1.47e-1)"	"unprognostic (1.27e-1)"	"unprognostic (2.32e-1)"			"unprognostic (3.58e-2)"	"unprognostic (1.53e-2)"			"unprognostic (7.74e-2)"			"unprognostic (7.38e-2)"		
CTHRC1		ENSG00000164932	"Collagen triple helix repeat containing 1"	Q96CG8	8	103371538-103382989	"Disease related genes, Human disease related genes, Predicted intracellular proteins, Predicted secreted proteins"				"Evidence at protein level"	"Evidence at protein level"	"Evidence at protein level"	"Evidence at protein level"	"Tissue enhanced"	"Detected in many"		"gallbladder: 82.1;placenta: 84.5;urinary bladder: 78.9"	"Cell type enhanced"	"Detected in many"		"Epicardial cells: 43.2;Fibroblasts: 141.1;Hepatic stellate cells: 277.6;Lymphatic endothelial cells: 80.3;Pericytes: 37.0;Plasma cells: 76.4;Thymocytes: 52.5;Vascular endothelial cells: 42.4"	"Cell type enhanced"	"Detected in many"		"fibroblast: 37.5"	"Low cancer specificity"	"Detected in all"			"Low region specificity"	"Detected in all"			"Immune cell enhanced"	"Detected in single"		"NK-cell: 2.3"	"Low lineage specificity"	"Detected in single"			"Cancer enhanced"	"Detected in all"		"skin cancer: 166.9"	"Adipose subcutaneous - Adipose progenitor cells, Adipose visceral - Adipose progenitor cells, Adrenal gland - Adrenal cortex cells, Lung - Fibroblasts_2, Minor Salivary Gland - Macrophages, Skeletal muscle - Fibroblasts"	"Low region specificity"	"Detected in all"			"Low region specificity"	"Detected in all"			"HPA059806, HPA061896"	Approved		Approved	Nucleoplasm	"Secreted in other tissues"	"No annotated function"	NA	NA		4600000		"Cluster 14: Adipose tissue - Angiogenesis"	"Cluster 37: Neurons - Mixed function"	"Cluster 69: Skin cancer - ECM organization"	"Cluster 108: Fibroblasts - ECM organization"	7	Nucleoplasm		"HPA059806: , HPA061896: "	"unprognostic (7.42e-2)"	"unprognostic (2.82e-2)"	"unprognostic (3.18e-2)"	"unprognostic (1.43e-1)"	"unprognostic (7.03e-3)"	"unprognostic (1.62e-1)"	"unprognostic (7.61e-2)"	"unprognostic (5.85e-3)"	"unprognostic (2.05e-2)"	"unprognostic (1.65e-2)"	"potential prognostic unfavorable (9.58e-4)"	"unprognostic (3.15e-2)"	"potential prognostic unfavorable (2.50e-4)"	"potential prognostic unfavorable (4.75e-4)"	"unprognostic (1.58e-1)"	"unprognostic (6.93e-3)"	"potential prognostic unfavorable (1.17e-4)"	"unprognostic (1.50e-1)"	"unprognostic (7.03e-2)"	"unprognostic (7.12e-3)"	"potential prognostic unfavorable (1.12e-4)"	"unprognostic (6.36e-2)"	"unprognostic (1.58e-1)"	"unprognostic (2.17e-2)"	"unprognostic (1.50e-1)"	"unprognostic (2.65e-3)"	"unprognostic (3.38e-2)"	"potential prognostic unfavorable (1.82e-4)"	"unprognostic (3.89e-2)"	"potential prognostic unfavorable (8.13e-4)"	"unprognostic (2.24e-1)"
DMKN	ZD52F10	ENSG00000161249	Dermokine	Q6E0U4	19	35497220-35513658	"Plasma proteins, Predicted intracellular proteins, Predicted secreted proteins"				"Evidence at protein level"	"Evidence at protein level"	"Evidence at protein level"	"Evidence at protein level"	"Tissue enriched"	"Detected in many"	13	"skin 1: 4625.2"	"Group enriched"	"Detected in many"	4	"Esophageal apical cells: 1448.4;Suprabasal keratinocytes: 5448.0"	"Cell type enhanced"	"Detected in many"		"ependymal cell: 39.8"	"Cancer enhanced"	"Detected in all"		"Head and Neck Squamous Cell Carcinoma (TCGA): 458.5;Skin Cutaneous Melanoma (TCGA): 453.2"	"Low region specificity"	"Detected in all"			"Immune cell enhanced"	"Detected in many"		"NK-cell: 11.7"	"Group enriched"	"Detected in many"	5	"NK-cells: 11.7;T-cells: 6.4"	"Low cancer specificity"	"Detected in many"			"Adipose visceral - Mesothelial cells, Colon - Enteric glia cells, Lung - Alveolar cells type 2"	"Region enhanced"	"Detected in all"		"basal ganglia: 51.9"	"Low region specificity"	"Detected in some"			"HPA029406, HPA071641"	Enhanced		Approved	Nucleoplasm,Cytosol	"Secreted in other tissues"	"No annotated function"	NA	NA		12000000	"Cluster 15: NK-cells - Unknown function"	"Cluster 37: Skin - Keratinization"	"Cluster 49: Hindbrain - Mixed function"	"Cluster 16: Thyroid cancer - Neuronal signaling"	"Cluster 26: Keratinocytes - Keratinization"	6	"Nucleoplasm, Cytosol"		"HPA029406: , HPA071641: "	"unprognostic (1.63e-2)"	"unprognostic (1.82e-2)"	"unprognostic (4.48e-2)"	"unprognostic (1.16e-1)"	"unprognostic (1.40e-1)"	"unprognostic (6.51e-2)"	"unprognostic (1.68e-2)"		"unprognostic (7.89e-2)"	"unprognostic (5.98e-2)"	"unprognostic (1.68e-3)"	"unprognostic (5.30e-3)"	"unprognostic (1.87e-2)"	"unprognostic (2.00e-2)"	"unprognostic (4.44e-2)"	"unprognostic (2.64e-2)"	"unprognostic (1.01e-1)"	"unprognostic (2.00e-1)"	"unprognostic (2.31e-1)"	"unprognostic (9.46e-2)"	"unprognostic (9.21e-2)"	"unprognostic (1.92e-2)"	"potential prognostic unfavorable (1.48e-5)"	"unprognostic (7.13e-2)"	"unprognostic (5.55e-2)"	"unprognostic (3.87e-3)"	"unprognostic (8.78e-2)"	"unprognostic (2.73e-1)"	"unprognostic (3.36e-1)"	"unprognostic (4.36e-2)"	"unprognostic (5.50e-2)"
DUSP10	"MKP-5, MKP5"	ENSG00000143507	"Dual specificity phosphatase 10"	Q9Y6W6	1	221701424-221742089	"Enzymes, Predicted intracellular proteins"		"Hydrolase, Protein phosphatase"		"Evidence at protein level"	"Evidence at protein level"	"Evidence at protein level"	"Evidence at protein level"	"Tissue enhanced"	"Detected in many"		"liver: 30.8"	"Cell type enhanced"	"Detected in many"		"Endometrial glandular cells: 126.3;Mast cells: 210.8;Salivary ionocytes: 171.2"	"Cell type enhanced"	"Detected in many"		"cerebellar inhibitory: 238.8"	"Low cancer specificity"	"Detected in all"			"Low region specificity"	"Detected in all"			"Immune cell enhanced"	"Detected in many"		"NK-cell: 19.8"	"Low lineage specificity"	"Detected in many"			"Low cancer specificity"	"Detected in all"			"Testis - Early spermatids"	"Low region specificity"	"Detected in all"			"Low region specificity"	"Detected in all"			HPA016758	Approved		Supported	Nucleoplasm,Cytosol			No	No			"Cluster 33: Non-specific - ATP binding"	"Cluster 45: Liver - Metabolism & Coagulation"	"Cluster 11: White matter - Signal transduction"	"Cluster 16: Thyroid cancer - Neuronal signaling"	"Cluster 92: NK-cells & T-cells - Adaptive immunity: Cytotoxicity"	15	"Nucleoplasm, Cytosol"		"HPA016758: "	"unprognostic (2.00e-1)"	"unprognostic (1.17e-1)"	"unprognostic (2.56e-2)"	"unprognostic (4.88e-2)"	"unprognostic (2.21e-1)"	"unprognostic (2.24e-2)"	"unprognostic (8.35e-2)"	"unprognostic (5.45e-2)"	"unprognostic (4.28e-3)"	"unprognostic (2.93e-1)"	"unprognostic (7.95e-2)"	"unprognostic (1.06e-1)"	"unprognostic (1.49e-1)"	"unprognostic (5.03e-3)"	"potential prognostic favorable (9.48e-5)"	"unprognostic (1.23e-1)"	"unprognostic (8.61e-2)"	"unprognostic (9.85e-2)"	"unprognostic (9.55e-2)"	"unprognostic (2.15e-1)"	"unprognostic (2.03e-1)"	"potential prognostic unfavorable (3.87e-4)"	"unprognostic (1.31e-2)"	"unprognostic (1.89e-1)"	"unprognostic (4.23e-2)"	"unprognostic (5.69e-3)"	"unprognostic (6.02e-3)"	"unprognostic (1.19e-1)"	"unprognostic (1.25e-1)"	"unprognostic (3.07e-3)"	"unprognostic (2.34e-1)"
ENPP1	"M6S1, NPPS, PC-1, PCA1, PDNP1"	ENSG00000197594	"Ectonucleotide pyrophosphatase/phosphodiesterase 1"	P22413	6	131808016-131895155	"CD markers, Disease related genes, Enzymes, Human disease related genes, Metabolic proteins, Potential drug targets, Predicted membrane proteins, Predicted secreted proteins"	Biomineralization	Hydrolase	"Diabetes mellitus, Disease variant, Obesity"	"Evidence at protein level"	"Evidence at protein level"	"Evidence at protein level"	"Evidence at protein level"	"Tissue enhanced"	"Detected in many"		"placenta: 40.7"	"Cell type enhanced"	"Detected in many"		"Adipocytes: 91.8;Decidual stromal cells: 101.2;Endometrial stromal cells: 126.0;Hepatocytes: 216.8;Lactotrophs: 426.1;Medullary thymic epithelial cells: 110.4;Pancreatic acinar cells: 108.2;Peritubular myoid cells: 121.3;Somatotrophs: 290.9"	"Cell type enhanced"	"Detected in many"		"central nervous system macrophage: 83.2;cerebellar inhibitory: 46.9"	"Cancer enhanced"	"Detected in many"		"Breast Invasive Carcinoma (TCGA): 18.4"	"Low region specificity"	"Detected in all"			"Immune cell enhanced"	"Detected in single"		"NK-cell: 1.5"	"Low lineage specificity"	"Detected in single"			"Low cancer specificity"	"Detected in many"			"Adipose subcutaneous - Adipocytes (Subcutaneous), Adipose visceral - Adipocytes (Visceral), Adrenal gland - Fibroblasts, Liver - Hepatocytes, Pituitary gland - Somatotropes, Skeletal muscle - Fibroblasts"	"Low region specificity"	"Detected in all"			"Low region specificity"	"Detected in all"			"CAB032904, HPA062066"	Enhanced				"Secreted - unknown location"	Enzyme	NA	NA		1600000	"Cluster 35: Neutrophils - Protein binding"	"Cluster 14: Adipose tissue - Angiogenesis"	"Cluster 41: Monoamines - Neurotransmitter signalling"	"Cluster 64: Connective tissue cells - ECM organization"	"Cluster 59: Pituitary endocrine cells - Neuroendocrine signaling"	8			"CAB032904: , HPA062066: "	"unprognostic (2.75e-1)"	"unprognostic (1.09e-1)"	"unprognostic (1.49e-1)"	"potential prognostic unfavorable (7.86e-4)"	"unprognostic (1.55e-1)"	"unprognostic (3.07e-2)"	"unprognostic (3.90e-1)"	"unprognostic (1.80e-2)"	"unprognostic (1.79e-1)"	"unprognostic (3.62e-3)"	"unprognostic (1.40e-1)"	"unprognostic (1.91e-1)"	"unprognostic (3.28e-2)"	"unprognostic (1.34e-1)"	"unprognostic (2.86e-1)"	"potential prognostic unfavorable (3.95e-4)"	"unprognostic (1.10e-1)"		"unprognostic (2.80e-1)"	"unprognostic (9.70e-2)"	"potential prognostic unfavorable (6.75e-4)"	"unprognostic (1.94e-1)"	"unprognostic (1.57e-1)"	"unprognostic (3.26e-1)"	"unprognostic (1.79e-1)"	"unprognostic (5.56e-2)"	"unprognostic (4.92e-2)"	"unprognostic (1.91e-1)"	"unprognostic (3.53e-1)"	"unprognostic (8.97e-2)"	"unprognostic (1.06e-2)"
ENSG00000203546		ENSG00000203546	"Novel protein"		14	31334312-31457441	"Predicted intracellular proteins"				"Evidence at transcript level"	"Evidence at transcript level"			"Tissue enhanced"	"Detected in some"		"adipose tissue: 1.1;skeletal muscle: 1.1"	"Cell type enhanced"	"Detected in many"		"Myonuclei: 39.8;Oligodendrocyte progenitor cells: 40.0;Oligodendrocytes: 63.8"	"Low cell type specificity"	"Detected in all"			"Low cancer specificity"	"Detected in some"			"Not detected"	"Not detected"			"Immune cell enhanced"	"Detected in single"		"NK-cell: 1.3"	"Low lineage specificity"	"Detected in single"			"Not detected"	"Not detected"			"Adipose subcutaneous - Adipocytes (Subcutaneous), Adipose visceral - Adipocytes (Visceral)"																NA	NA			"Cluster 14: Non-specific - Unknown function"	"Cluster 19: Skeletal muscle - Striated muscle contraction"		"Cluster 66: Non-specific - Mitochondria"	"Cluster 89: Adipocytes - Lipid metabolism"					"unprognostic (9.56e-2)"							"unprognostic (6.65e-2)"													"unprognostic (9.60e-2)"		"unprognostic (5.39e-2)"								"unprognostic (1.82e-1)"
ENSG00000265303		ENSG00000265303	"Novel protein"		17	59197566-59215226	"Predicted intracellular proteins"				"Evidence at transcript level"	"Evidence at transcript level"			"Low tissue specificity"	"Detected in many"			"Cell type enhanced"	"Detected in single"		"Foveolar cells: 1.0"					"Low cancer specificity"	"Detected in many"			"Not detected"	"Not detected"			"Immune cell enhanced"	"Detected in single"		"NK-cell: 1.7"	"Low lineage specificity"	"Detected in single"			"Cancer enriched"	"Detected in single"	12	"Bile duct cancer: 11.6"																	NA	NA				"Cluster 68: Non-specific - Basic cellular processes"		"Cluster 30: Non-specific - Gene expression regulation"	"Cluster 27: Non-specific - Cell proliferation"					"unprognostic (2.95e-1)"	"unprognostic (2.11e-1)"		"unprognostic (2.64e-2)"	"unprognostic (1.02e-1)"		"unprognostic (4.62e-2)"		"unprognostic (2.94e-1)"	"unprognostic (2.27e-1)"	"potential prognostic unfavorable (1.26e-6)"		"unprognostic (4.96e-2)"	"unprognostic (1.45e-2)"		"unprognostic (8.50e-2)"		"unprognostic (3.38e-3)"			"unprognostic (1.76e-1)"	"unprognostic (6.49e-3)"		"unprognostic (3.00e-1)"	"unprognostic (7.82e-3)"		"unprognostic (6.80e-2)"		"unprognostic (1.29e-1)"	"unprognostic (2.76e-2)"	"unprognostic (1.58e-1)"
ENSG00000276256		ENSG00000276256			Unmapped	42939-49164	"Predicted intracellular proteins"				"Evidence at transcript level"	"Evidence at transcript level"			"Low tissue specificity"	"Detected in many"			"Cell type enhanced"	"Detected in some"		"Astrocytes: 23.1;Bergmann glia: 31.1;Brain excitatory neurons: 7.3;Distal convoluted tubule cells: 18.7;Loop of henle epithelial cells: 12.9;Oligodendrocyte progenitor cells: 46.3;Oligodendrocytes: 8.9;Other brain neurons: 8.0;Papillary tip epithelial cells: 9.8;Podocytes: 8.5;Proximal tubule cells: 17.4;Renal collecting duct intercalated cells: 10.7;Renal collecting duct principal cells: 13.1;Renal connecting tubule cells: 29.1"	"Cell type enhanced"	"Detected in many"		"oligodendrocyte precursor cell: 52.4"					"Low region specificity"	"Detected in all"			"Immune cell enhanced"	"Detected in many"		"NK-cell: 7.7"	"Low lineage specificity"	"Detected in many"			"Low cancer specificity"	"Detected in all"																			NA	NA				"Cluster 72: Kidney - Transmembrane transport"	"Cluster 44: Non-specific - Mixed function"	"Cluster 65: Non-specific - Unknown function"	"Cluster 14: Oligodendrocyte progenitor cells - Development & myelination"																																			
ENTREP3	"C1orf2, cote1, FAM189B"	ENSG00000160767	"Endosomal transmembrane epsin interactor 3"	P81408	1	155247205-155255483	"Predicted membrane proteins"				"Evidence at protein level"	"Evidence at protein level"	"Evidence at protein level"	"Evidence at protein level"	"Low tissue specificity"	"Detected in all"			"Cell type enhanced"	"Detected in some"		"Astrocytes: 9.8;Bergmann glia: 11.3;Brain excitatory neurons: 16.7;Brain inhibitory neurons: 14.9;Choroid plexus epithelial cells: 5.2;Distal convoluted tubule cells: 5.9;Ependymal cells: 5.4;Loop of henle epithelial cells: 6.2;Microglia: 4.8;Oligodendrocyte progenitor cells: 11.9;Oligodendrocytes: 9.4;Other brain neurons: 16.5;Papillary tip epithelial cells: 6.4;Podocytes: 5.2;Proximal tubule cells: 5.4;Renal collecting duct principal cells: 6.1;Renal connecting tubule cells: 4.5"	"Low cell type specificity"	"Detected in all"			"Low cancer specificity"	"Detected in all"			"Low region specificity"	"Detected in all"			"Immune cell enhanced"	"Detected in single"		"NK-cell: 2.1"	"Low lineage specificity"	"Detected in single"			"Low cancer specificity"	"Detected in all"			"Testis - Early spermatids"	"Low region specificity"	"Detected in all"			"Low region specificity"	"Detected in all"			"HPA006659, HPA050674"	Uncertain		Supported	Nucleoplasm			NA	NA				"Cluster 24: Non-specific - Transcription"	"Cluster 52: Neurons & Synapses - Synaptic function"	"Cluster 45: Non-specific - Nuclear processes"	"Cluster 102: Non-specific - Mixed function"	2	Nucleoplasm		"HPA006659: , HPA050674: "	"unprognostic (2.10e-1)"	"unprognostic (9.27e-2)"	"unprognostic (7.15e-2)"	"unprognostic (1.39e-3)"	"unprognostic (4.40e-2)"	"unprognostic (2.32e-2)"	"unprognostic (8.60e-2)"	"unprognostic (1.02e-2)"	"unprognostic (7.37e-3)"	"unprognostic (2.89e-2)"	"potential prognostic favorable (7.28e-4)"	"unprognostic (6.30e-2)"	"unprognostic (8.32e-3)"	"unprognostic (2.80e-3)"	"potential prognostic unfavorable (9.49e-4)"	"unprognostic (1.82e-3)"	"unprognostic (3.55e-1)"	"unprognostic (2.09e-1)"	"unprognostic (2.01e-1)"	"unprognostic (8.93e-2)"	"unprognostic (1.11e-1)"	"unprognostic (9.13e-2)"	"unprognostic (1.83e-1)"	"unprognostic (2.53e-2)"	"unprognostic (4.16e-2)"	"unprognostic (7.66e-2)"	"unprognostic (4.89e-2)"	"unprognostic (7.20e-2)"	"unprognostic (1.31e-1)"	"unprognostic (1.14e-3)"	"unprognostic (2.62e-1)"
EPM2A	"LD, LDE"	ENSG00000112425	"EPM2A glucan phosphatase, laforin"	O95278	6	145382535-145736023	"Disease related genes, Enzymes, Human disease related genes, Potential drug targets, Predicted intracellular proteins"	"Autophagy, Carbohydrate metabolism, Glycogen metabolism"	"Hydrolase, Protein phosphatase"	"Disease variant, Epilepsy, Glycogen storage disease, Neurodegeneration"	"Evidence at protein level"	"Evidence at protein level"	"Evidence at protein level"	"Evidence at protein level"	"Tissue enhanced"	"Detected in all"		"skeletal muscle: 71.9;tongue: 74.2"	"Cell type enhanced"	"Detected in many"		"Astrocytes: 147.6;Myonuclei: 294.0;Retinal horizontal cells: 238.4;Tuft cells: 760.9"	"Low cell type specificity"	"Detected in all"			"Low cancer specificity"	"Detected in all"			"Low region specificity"	"Detected in all"			"Immune cell enhanced"	"Detected in single"		"NK-cell: 2.0"	"Low lineage specificity"	"Detected in single"			"Low cancer specificity"	"Detected in all"			"Adrenal gland - Adrenal cortex cells, Heart muscle - Cardiomyocytes, Prostate - Smooth muscle cells, Testis - Early spermatids"	"Low region specificity"	"Detected in all"			"Low region specificity"	"Detected in all"			"HPA053643, HPA055468"			Supported	Nucleoplasm			NA	NA			"Cluster 18: Non-specific - Translation"	"Cluster 25: Non-specific - Basic cellular processes"	"Cluster 40: Astrocytes - Astrocyte-neuron interactions"	"Cluster 46: Lymphoma - Humoral immune response"	"Cluster 95: Tuft cells - Chemosensory signaling"	18	Nucleoplasm		"HPA053643: , HPA055468: "	"unprognostic (9.25e-2)"	"unprognostic (1.46e-2)"	"unprognostic (9.54e-2)"	"unprognostic (3.72e-2)"	"unprognostic (1.39e-1)"	"unprognostic (2.28e-1)"	"unprognostic (3.93e-3)"	"unprognostic (1.72e-1)"	"unprognostic (1.54e-1)"	"unprognostic (1.75e-1)"	"validated prognostic favorable (7.46e-7)"	"validated prognostic favorable (2.13e-4)"	"potential prognostic favorable (1.02e-4)"	"unprognostic (2.42e-2)"	"unprognostic (3.44e-3)"	"unprognostic (3.88e-2)"	"unprognostic (4.04e-2)"	"unprognostic (1.51e-1)"	"unprognostic (1.06e-1)"	"unprognostic (3.87e-2)"	"unprognostic (1.26e-1)"	"potential prognostic favorable (2.46e-4)"	"unprognostic (2.02e-2)"	"unprognostic (1.11e-1)"	"unprognostic (3.54e-1)"	"unprognostic (1.12e-1)"	"unprognostic (1.31e-1)"	"potential prognostic unfavorable (1.64e-4)"	"unprognostic (5.71e-2)"	"unprognostic (3.20e-2)"	"unprognostic (3.15e-1)"
ERMP1	"FLJ23309, FXNA, KIAA1815"	ENSG00000099219	"Endoplasmic reticulum metallopeptidase 1"	Q7Z2K6	9	5749832-5879537	"Enzymes, Predicted membrane proteins"		"Hydrolase, Metalloprotease, Protease"		"Evidence at protein level"	"Evidence at transcript level"	"Evidence at protein level"	"Evidence at protein level"	"Tissue enhanced"	"Detected in many"		"parathyroid gland: 20.9"	"Cell type enhanced"	"Detected in many"		"Epicardial cells: 486.7"	"Low cell type specificity"	"Detected in all"			"Low cancer specificity"	"Detected in all"			"Low region specificity"	"Detected in all"			"Immune cell enhanced"	"Detected in single"		"NK-cell: 1.1"	"Low lineage specificity"	"Detected in single"			"Low cancer specificity"	"Detected in all"			"Minor Salivary Gland - Minor salivary gland ductal cells, Skin - Mitotic cells (Skin), Testis - Early spermatids, Thyroid gland - Thyroid glandular cells"	"Low region specificity"	"Detected in all"			"Low region specificity"	"Detected in all"			HPA055582	Approved						NA	NA			"Cluster 33: Non-specific - ATP binding"	"Cluster 69: Parathyroid gland - Mixed function"	"Cluster 26: Oligodendrocytes - Mixed function"	"Cluster 53: Squamous epithelial cells - Keratinization"	"Cluster 64: Renal epithelial cells - Ion transport & homeostasis"	56			"HPA055582: "	"unprognostic (4.36e-1)"	"unprognostic (5.91e-2)"	"unprognostic (6.09e-2)"	"unprognostic (6.47e-3)"	"unprognostic (9.56e-2)"	"unprognostic (3.94e-1)"	"unprognostic (3.45e-1)"	"unprognostic (1.09e-1)"	"unprognostic (2.05e-1)"	"unprognostic (1.98e-1)"	"potential prognostic favorable (1.09e-8)"	"unprognostic (1.98e-3)"	"unprognostic (1.86e-1)"	"unprognostic (1.93e-1)"	"unprognostic (2.70e-2)"	"unprognostic (2.75e-1)"	"unprognostic (6.91e-2)"	"unprognostic (9.02e-2)"	"unprognostic (8.48e-2)"	"unprognostic (3.30e-2)"	"unprognostic (5.43e-2)"	"unprognostic (1.40e-2)"	"unprognostic (1.87e-1)"	"unprognostic (2.30e-2)"	"unprognostic (7.43e-3)"	"unprognostic (7.05e-2)"	"unprognostic (4.29e-2)"	"unprognostic (1.51e-1)"	"unprognostic (3.11e-1)"	"unprognostic (5.47e-2)"	"unprognostic (8.17e-3)"
ESM1		ENSG00000164283	"Endothelial cell specific molecule 1"	Q9NQ30	5	54977867-55022671	"Predicted secreted proteins"	Angiogenesis			"Evidence at protein level"	"Evidence at transcript level"	"Evidence at protein level"	"Evidence at protein level"	"Tissue enhanced"	"Detected in many"		"kidney: 18.6;thyroid gland: 16.2"	"Cell type enhanced"	"Detected in some"		"Epididymal clear cells: 16.3;Lacrimal acinar cells: 6.3;Platelets: 7.1;Salivary acinar cells: 17.1;Salivary basal cells: 5.0;Salivary duct cells: 16.4;Salivary ionocytes: 17.4;Salivary myoepithelial cells: 5.8;Vascular endothelial cells: 36.9"	"Group enriched"	"Detected in some"	7	"endothelial cell: 3.2;ependymal cell: 7.0;fibroblast: 6.8;leukocyte: 3.0"	"Cancer enriched"	"Detected in all"	7	"Kidney Renal Clear Cell Carcinoma (TCGA): 213.8"	"Low region specificity"	"Detected in many"			"Immune cell enhanced"	"Detected in single"		"NK-cell: 1.4"	"Low lineage specificity"	"Detected in single"			"Cancer enhanced"	"Detected in many"		"ovarian cancer: 67.4;Sarcoma: 47.6;thyroid cancer: 85.4"	"Minor Salivary Gland - Minor salivary glandular cells"	"Low region specificity"	"Detected in single"			"Region enhanced"	"Detected in some"		"midbrain: 3.6"	"CAB047364, HPA075535"	Approved		Approved	Vesicles	"Secreted to blood"	"Developmental protein"	NA	NA	1540000	610000	"Cluster 1: T-cells - Unknown function"	"Cluster 72: Kidney - Transmembrane transport"	"Cluster 56: Hypothalamus - Neuropeptide signaling"	"Cluster 72: Neuronal - Signal transduction"	"Cluster 32: Endothelial cells - Angiogenesis & vascular immunity"	8	Vesicles		"CAB047364: , HPA075535: "	"unprognostic (1.45e-2)"	"unprognostic (2.76e-2)"	"unprognostic (3.29e-2)"	"potential prognostic unfavorable (1.66e-6)"	"unprognostic (2.88e-2)"	"unprognostic (4.33e-2)"	"unprognostic (1.84e-2)"	"unprognostic (4.07e-2)"	"unprognostic (2.14e-1)"	"unprognostic (9.64e-2)"	"validated prognostic favorable (4.98e-7)"	"validated prognostic favorable (2.83e-4)"	"unprognostic (3.61e-3)"	"unprognostic (7.58e-3)"	"unprognostic (2.76e-3)"	"unprognostic (3.25e-2)"	"unprognostic (4.57e-3)"	"unprognostic (2.62e-2)"	"unprognostic (2.86e-1)"	"unprognostic (3.07e-2)"	"unprognostic (1.52e-3)"	"unprognostic (1.64e-1)"	"unprognostic (9.93e-2)"	"unprognostic (9.13e-3)"	"unprognostic (1.29e-1)"	"unprognostic (2.58e-2)"	"unprognostic (3.03e-1)"	"unprognostic (1.43e-2)"	"unprognostic (2.04e-1)"	"unprognostic (8.68e-2)"	"unprognostic (2.89e-2)"
FHL1	"bA535K18.1, FHL1B, FLH1A, KYO-T, MGC111107, SLIM1, XMPMA"	ENSG00000022267	"Four and a half LIM domains 1"	Q13642	X	136146702-136211359	"Disease related genes, Human disease related genes, Plasma proteins, Predicted intracellular proteins"	Differentiation	"Developmental protein"	"Disease variant, Emery-Dreifuss muscular dystrophy"	"Evidence at protein level"	"Evidence at protein level"	"Evidence at protein level"	"Evidence at protein level"	"Group enriched"	"Detected in all"	7	"skeletal muscle: 10741.5;tongue: 9124.0"	"Cell type enhanced"	"Detected in many"		"Adipocytes: 294.0;Early spermatids: 439.1;Hepatic stellate cells: 367.9;Late spermatids: 1746.7;Myonuclei: 1299.3;Smooth muscle cells: 799.0;Thymic myoid cells: 909.6;Vascular smooth muscle cells: 434.1"	"Low cell type specificity"	"Detected in all"			"Cancer enhanced"	"Detected in all"		"Kidney Renal Papillary Cell Carcinoma (TCGA): 624.9"	"Low region specificity"	"Detected in all"			"Immune cell enhanced"	"Detected in many"		"NK-cell: 36.3"	"Group enriched"	"Detected in many"	4	"dendritic cells: 19.5;NK-cells: 36.3;T-cells: 18.3"	"Low cancer specificity"	"Detected in all"			"Liver - Hepatic stellate cells, Prostate - Smooth muscle cells, Skeletal muscle - Skeletal myocytes, Skeletal muscle - Skeletal myocytes, Thyroid gland - Fibroblasts"	"Low region specificity"	"Detected in all"			"Low region specificity"	"Detected in all"			"HPA001040, HPA001391, CAB020817"	Enhanced		Uncertain	"Plasma membrane,Cytosol"			NA	NA		11000000	"Cluster 5: Non-specific - Cell proliferation"	"Cluster 30: Skeletal muscle - Striated muscle contraction"	"Cluster 14: Neurons - Synaptic function"	"Cluster 64: Connective tissue cells - ECM organization"	"Cluster 62: Smooth muscle cells - Muscle contraction"	34	Cytosol	"Plasma membrane"	"CAB020817: , HPA001040: , HPA001391: "	"unprognostic (1.10e-1)"	"unprognostic (2.90e-2)"	"unprognostic (2.95e-1)"	"unprognostic (5.24e-2)"	"unprognostic (4.82e-2)"	"unprognostic (1.32e-1)"	"unprognostic (5.71e-2)"	"unprognostic (7.24e-3)"	"unprognostic (1.96e-2)"	"unprognostic (1.45e-2)"	"potential prognostic favorable (2.27e-4)"	"unprognostic (7.78e-2)"	"potential prognostic favorable (8.31e-4)"	"unprognostic (1.51e-1)"	"potential prognostic favorable (9.08e-4)"	"unprognostic (2.66e-3)"	"unprognostic (4.81e-2)"	"unprognostic (1.33e-2)"	"unprognostic (2.55e-1)"	"unprognostic (1.25e-1)"	"unprognostic (8.39e-2)"	"unprognostic (1.58e-3)"	"unprognostic (9.11e-2)"	"unprognostic (2.52e-1)"	"unprognostic (1.96e-2)"	"unprognostic (7.69e-2)"	"unprognostic (4.69e-2)"	"unprognostic (3.01e-3)"	"unprognostic (1.57e-1)"	"unprognostic (2.79e-3)"	"unprognostic (4.02e-2)"
FXYD7		ENSG00000221946	"FXYD domain containing ion transport regulator 7"	P58549	19	35143250-35154302	"Predicted membrane proteins, Transporters"	"Ion transport, Potassium transport, Sodium transport, Sodium/potassium transport, Transport"			"Evidence at protein level"	"Evidence at transcript level"	"Evidence at protein level"	"Evidence at protein level"	"Tissue enriched"	"Detected in many"	44	"brain: 322.5"	"Cell type enhanced"	"Detected in some"		"Astrocytes: 10.5;Bergmann glia: 19.7;Brain excitatory neurons: 41.1;Brain inhibitory neurons: 25.4;Innate lymphoid cells: 58.8;Other brain neurons: 33.3;T-cells: 16.2"	"Low cell type specificity"	"Detected in many"			"Group enriched"	"Detected in some"	4	"Glioblastoma Multiforme (TCGA): 25.6;Ovary Serous Cystadenocarcinoma (TCGA): 15.4;Skin Cutaneous Melanoma (TCGA): 6.9"	"Low region specificity"	"Detected in all"			"Immune cell enhanced"	"Detected in many"		"NK-cell: 52.3"	"Group enriched"	"Detected in many"	23	"B-cells: 19.1;NK-cells: 52.3;T-cells: 23.8"	"Cancer enhanced"	"Detected in some"		"Adrenocortical cancer: 5.3;skin cancer: 5.4"	"Adipose visceral - Mesothelial cells, Colon - Enteric glia cells, Spleen - B-cells (Spleen), Thyroid gland - T-cells"	"Low region specificity"	"Detected in all"							HPA026916	Approved						NA	NA			"Cluster 24: Non-specific - Transcription"	"Cluster 78: Brain - Neuronal signaling"	"Cluster 53: Neurons - Mixed function"	"Cluster 69: Skin cancer - ECM organization"	"Cluster 98: Neurons - Neurotransmission & signaling"	2			"HPA026916: "			"unprognostic (1.74e-3)"				"unprognostic (3.92e-2)"	"unprognostic (7.06e-2)"												"unprognostic (2.29e-2)"	"unprognostic (2.34e-1)"	"unprognostic (5.34e-2)"					"unprognostic (3.23e-1)"		"unprognostic (1.55e-1)"		"unprognostic (3.50e-1)"
GAB1	DFNB26	ENSG00000109458	"GRB2 associated binding protein 1"	Q13480	4	143336876-143474565	"Disease related genes, Human disease related genes, Predicted intracellular proteins, RAS pathway related proteins"			"Deafness, Disease variant, Non-syndromic deafness"	"Evidence at protein level"	"Evidence at protein level"	"Evidence at protein level"	"Evidence at protein level"	"Low tissue specificity"	"Detected in all"			"Cell type enhanced"	"Detected in many"		"Cardiomyocytes: 586.8;Oligodendrocytes: 1231.1;Plasma cells: 745.2"	"Cell type enhanced"	"Detected in all"		"oligodendrocyte: 1748.2"	"Low cancer specificity"	"Detected in all"			"Low region specificity"	"Detected in all"			"Immune cell enhanced"	"Detected in many"		"NK-cell: 4.7"	"Low lineage specificity"	"Detected in many"			"Low cancer specificity"	"Detected in all"			"Liver - Hepatic stellate cells, Thyroid gland - Fibroblasts"	"Low region specificity"	"Detected in all"			"Low region specificity"	"Detected in all"			"CAB034333, HPA066404"	Approved		Approved	"Nucleoli fibrillar center,Plasma membrane"			NA	NA			"Cluster 41: Basophils - Unknown function"	"Cluster 11: Esophagus - Basic cellular processes"	"Cluster 11: White matter - Signal transduction"	"Cluster 6: Leukemia - Signal transduction"	"Cluster 44: Plasma cells - Antibody production & secretion"	44	"Plasma membrane"	"Nucleoli fibrillar center"	"CAB034333: , HPA066404: "	"unprognostic (5.86e-2)"	"unprognostic (1.70e-1)"	"unprognostic (6.17e-2)"	"unprognostic (4.62e-2)"	"unprognostic (2.71e-2)"	"unprognostic (2.29e-3)"	"unprognostic (3.98e-2)"	"unprognostic (1.97e-1)"	"unprognostic (6.36e-2)"	"unprognostic (1.33e-1)"	"validated prognostic favorable (3.42e-8)"	"validated prognostic favorable (2.19e-6)"	"unprognostic (9.98e-3)"	"unprognostic (8.87e-2)"	"unprognostic (8.09e-2)"	"unprognostic (2.96e-1)"	"unprognostic (5.23e-2)"	"unprognostic (4.56e-1)"	"unprognostic (1.12e-1)"	"unprognostic (3.25e-2)"	"unprognostic (2.15e-1)"	"unprognostic (3.82e-2)"	"unprognostic (7.47e-2)"	"unprognostic (1.80e-1)"	"unprognostic (1.91e-2)"	"unprognostic (3.61e-2)"	"unprognostic (9.37e-2)"	"unprognostic (1.98e-1)"	"unprognostic (1.46e-1)"	"unprognostic (5.76e-2)"	"unprognostic (5.54e-2)"
GCLC	"GCS, GLCL, GLCLC"	ENSG00000001084	"Glutamate-cysteine ligase catalytic subunit"	P48506	6	53497341-53616970	"Disease related genes, Enzymes, Human disease related genes, Metabolic proteins, Plasma proteins, Potential drug targets, Predicted intracellular proteins"	"Glutathione biosynthesis"	Ligase	"Disease variant, Hereditary hemolytic anemia"	"Evidence at protein level"	"Evidence at protein level"	"Evidence at protein level"	"Evidence at protein level"	"Tissue enhanced"	"Detected in all"		"liver: 142.2"	"Cell type enhanced"	"Detected in many"		"Basal keratinocytes: 298.6;Neuroendocrine cells: 358.7;Prostatic hillock cells: 342.1;Respiratory ciliated cells: 305.6;Urothelial cells: 1133.8"	"Low cell type specificity"	"Detected in all"			"Cancer enhanced"	"Detected in all"		"Lung Squamous Cell Carcinoma (TCGA): 163.4"	"Low region specificity"	"Detected in all"			"Immune cell enhanced"	"Detected in many"		"NK-cell: 4.2"	"Low lineage specificity"	"Detected in many"			"Cancer enhanced"	"Detected in all"		"Gallbladder cancer: 429.9"	"Adipose subcutaneous - Adipocytes (Subcutaneous), Adipose visceral - Adipocytes (Visceral), Adrenal gland - Adrenal cortex cells, Liver - Hepatocytes, Prostate - Prostate basal glandular cells, Spleen - Macrophages, Stomach - Gastric mucous cells"	"Low region specificity"	"Detected in all"			"Low region specificity"	"Detected in all"			"CAB009569, HPA036359, HPA036360"	Approved		Approved	Nucleoplasm,Nucleoli,Cytosol			NA	NA		6400000	"Cluster 41: Basophils - Unknown function"	"Cluster 45: Liver - Metabolism & Coagulation"	"Cluster 13: Oligodendrocytes - Mixed function"	"Cluster 7: Liver cancer - Metabolism"	"Cluster 69: Urothelial cells - Basic cellular functions"	7	Nucleoplasm	"Nucleoli, Cytosol"	"CAB009569: , HPA036359: , HPA036360: "	"unprognostic (5.35e-2)"	"unprognostic (2.25e-2)"	"unprognostic (1.62e-1)"	"unprognostic (1.52e-2)"	"unprognostic (1.58e-1)"	"unprognostic (1.11e-1)"	"unprognostic (1.32e-1)"	"unprognostic (1.15e-1)"	"unprognostic (2.03e-1)"	"unprognostic (6.10e-3)"	"potential prognostic favorable (1.50e-7)"	"unprognostic (1.19e-3)"	"potential prognostic unfavorable (6.65e-4)"	"unprognostic (3.77e-1)"	"unprognostic (7.49e-2)"	"potential prognostic unfavorable (8.89e-4)"	"unprognostic (7.22e-2)"	"unprognostic (2.99e-1)"	"unprognostic (6.42e-2)"	"unprognostic (2.27e-1)"	"unprognostic (1.72e-1)"	"unprognostic (1.85e-1)"	"unprognostic (1.49e-1)"	"unprognostic (2.35e-2)"	"potential prognostic favorable (9.49e-4)"	"unprognostic (3.34e-1)"	"unprognostic (2.33e-3)"	"unprognostic (3.17e-1)"	"unprognostic (2.07e-1)"	"unprognostic (3.39e-2)"	"unprognostic (1.37e-1)"
GLB1L2		ENSG00000149328	"Galactosidase beta 1 like 2"	Q8IW92	11	134331874-134378341	"Predicted secreted proteins"		"Glycosidase, Hydrolase"		"Evidence at protein level"	"Evidence at transcript level"	"Evidence at protein level"	"Evidence at protein level"	"Tissue enhanced"	"Detected in many"		"retina: 149.1"	"Cell type enhanced"	"Detected in many"		"Cone photoreceptor cells: 20.7;Decidual stromal cells: 46.3;Ependymal cells: 24.9;Epididymal efferent duct ciliated cells: 25.2;Fallopian tube ciliated cells: 26.1;Respiratory ciliated cells: 25.9;Rod photoreceptor cells: 125.0"	"Cell type enhanced"	"Detected in many"		"choroid plexus epithelial cell: 18.5;ependymal cell: 28.1"	"Cancer enhanced"	"Detected in many"		"Prostate Adenocarcinoma (TCGA): 75.7"	"Low region specificity"	"Detected in all"			"Immune cell enhanced"	"Detected in some"		"gdT-cell: 3.2;NK-cell: 3.1"	"Group enriched"	"Detected in many"	25	"NK-cells: 3.1;T-cells: 3.2"	"Low cancer specificity"	"Detected in many"			"Adipose visceral - Mesothelial cells, Lung - Respiratory ciliated cells, Minor Salivary Gland - Minor salivary glandular cells"	"Low region specificity"	"Detected in many"			"Low region specificity"	"Detected in all"			"HPA054808, HPA059955"	Uncertain		Approved	Nucleoplasm,Vesicles	"Secreted in other tissues"	Enzyme	NA	NA			"Cluster 1: T-cells - Unknown function"	"Cluster 48: Ciliated tissues - Cilium organization"	"Cluster 29: Forebrain - Mixed function"	"Cluster 10: Ciliated cells - Ion channel activity"	"Cluster 79: Photoreceptor cells - Phototransduction"	13	Nucleoplasm	Vesicles	"HPA054808: , HPA059955: "	"unprognostic (1.78e-1)"	"unprognostic (1.62e-3)"	"unprognostic (1.09e-2)"	"unprognostic (3.19e-3)"	"unprognostic (4.31e-1)"	"unprognostic (6.73e-2)"	"unprognostic (6.34e-2)"	"unprognostic (3.65e-2)"	"unprognostic (2.37e-1)"	"unprognostic (3.90e-1)"	"potential prognostic favorable (7.88e-4)"	"unprognostic (8.14e-2)"	"unprognostic (3.85e-3)"		"unprognostic (1.62e-3)"	"unprognostic (3.64e-2)"	"unprognostic (4.16e-3)"	"unprognostic (3.28e-2)"	"unprognostic (3.53e-1)"	"unprognostic (1.61e-1)"	"unprognostic (1.04e-1)"	"unprognostic (6.39e-2)"	"unprognostic (1.06e-3)"	"unprognostic (2.48e-1)"	"unprognostic (4.91e-2)"	"unprognostic (5.13e-2)"	"unprognostic (1.55e-1)"	"unprognostic (1.43e-2)"	"unprognostic (2.44e-1)"	"unprognostic (6.07e-3)"	"unprognostic (3.64e-2)"
GNLY	"D2S69E, LAG-2, LAG2, NKG5, TLA519"	ENSG00000115523	Granulysin	P22749	2	85685175-85698852	"Predicted intracellular proteins, Predicted secreted proteins, Transporters"		"Antibiotic, Antimicrobial, Fungicide"		"Evidence at protein level"	"Evidence at protein level"	"Evidence at protein level"	"Evidence at protein level"	"Tissue enhanced"	"Detected in many"		"bone marrow: 271.5;endometrium 1: 67.6;lymphoid tissue: 81.2"	"Cell type enriched"	"Detected in many"	6	"NK-cells: 3025.1"	"Cell type enriched"	"Detected in some"	15	"leukocyte: 659.9"	"Low cancer specificity"	"Detected in all"			"Low region specificity"	"Detected in all"			"Immune cell enhanced"	"Detected in all"		"NK-cell: 17662.2"	"Group enriched"	"Detected in all"	63	"NK-cells: 17662.2;T-cells: 7897.0"	"Group enriched"	"Detected in some"	7	"Leukemia: 3.8;lymphoma: 12.1"	"Adipose subcutaneous - T-cells, Adipose visceral - T-cells, Heart muscle - T-cells, Kidney - T-cells, Liver - NK-cells (Liver), Lung - NK-cells (Lung), Thyroid gland - T-cells"					"Low region specificity"	"Detected in many"			"CAB025186, HPA058021"	Enhanced				"Secreted to blood"	Defense	NA	NA	2920000	17000	"Cluster 15: NK-cells - Unknown function"	"Cluster 15: Bone marrow - Innate immune response"	"Cluster 41: Monoamines - Neurotransmitter signalling"	"Cluster 71: Lymphoma - Inflammatory response"	"Cluster 92: NK-cells & T-cells - Adaptive immunity: Cytotoxicity"	2			"CAB025186: , HPA058021: "	"unprognostic (1.43e-2)"	"unprognostic (4.16e-2)"	"unprognostic (3.38e-2)"	"unprognostic (2.18e-2)"	"unprognostic (3.93e-1)"	"unprognostic (2.03e-1)"	"unprognostic (2.88e-2)"	"unprognostic (1.36e-2)"	"unprognostic (1.29e-1)"	"unprognostic (2.03e-1)"	"unprognostic (5.59e-2)"	"unprognostic (1.57e-1)"	"unprognostic (4.59e-2)"	"unprognostic (1.39e-1)"	"unprognostic (3.07e-2)"	"unprognostic (1.21e-1)"	"unprognostic (1.86e-1)"	"unprognostic (2.25e-1)"	"unprognostic (1.22e-1)"	"unprognostic (9.71e-2)"	"unprognostic (1.51e-1)"	"unprognostic (3.83e-2)"	"unprognostic (7.90e-2)"	"unprognostic (2.81e-1)"	"unprognostic (8.84e-2)"	"unprognostic (2.21e-1)"	"potential prognostic favorable (4.02e-4)"	"unprognostic (6.94e-2)"	"unprognostic (2.54e-1)"	"unprognostic (1.79e-1)"	"unprognostic (1.35e-1)"
GPRASP3	"BHLHB9, GASP3, KIAA1701, p60TRP"	ENSG00000198908	"G protein-coupled receptor associated sorting protein family member 3"	Q6PI77	X	102720688-102753540	"Predicted intracellular proteins"				"Evidence at protein level"	"Evidence at protein level"	"Evidence at protein level"	"Evidence at protein level"	"Low tissue specificity"	"Detected in all"			"Cell type enhanced"	"Detected in some"		"Astrocytes: 19.8;Bergmann glia: 21.2;Brain excitatory neurons: 33.3;Brain inhibitory neurons: 30.1;Choroid plexus epithelial cells: 28.8;Distal convoluted tubule cells: 18.7;Ependymal cells: 17.7;Loop of henle epithelial cells: 13.1;Oligodendrocyte progenitor cells: 29.5;Oligodendrocytes: 26.8;Other brain neurons: 33.9;Papillary tip epithelial cells: 11.3;Podocytes: 20.1;Proximal tubule cells: 16.2;Renal collecting duct principal cells: 10.9;Renal connecting tubule cells: 16.6"	"Low cell type specificity"	"Detected in all"			"Low cancer specificity"	"Detected in many"			"Low region specificity"	"Detected in all"			"Immune cell enhanced"	"Detected in single"		"NK-cell: 1.7"	"Low lineage specificity"	"Detected in single"			"Low cancer specificity"	"Detected in many"												HPA000887			Supported	Nucleoplasm,Cytosol			NA	NA			"Cluster 43: Non-specific - Transcription & Translation"	"Cluster 65: Brain - Transcription"	"Cluster 24: Neurons - Mixed function"	"Cluster 17: Neuroblastoma - Neuronal signaling"	"Cluster 102: Non-specific - Mixed function"	51	Cytosol	Nucleoplasm	"HPA000887: "	"unprognostic (1.93e-1)"	"unprognostic (4.44e-3)"	"unprognostic (2.54e-1)"	"unprognostic (2.84e-1)"	"unprognostic (8.13e-3)"	"unprognostic (1.09e-1)"	"unprognostic (1.10e-3)"	"unprognostic (1.58e-1)"	"unprognostic (2.17e-1)"	"potential prognostic unfavorable (3.44e-4)"	"potential prognostic favorable (1.36e-5)"	"unprognostic (9.26e-3)"	"unprognostic (6.89e-3)"		"unprognostic (3.00e-1)"	"unprognostic (2.87e-3)"	"unprognostic (1.82e-1)"	"unprognostic (7.99e-2)"	"unprognostic (5.20e-2)"	"unprognostic (8.36e-2)"	"unprognostic (4.13e-2)"	"unprognostic (2.47e-2)"	"unprognostic (1.90e-1)"	"potential prognostic unfavorable (5.25e-4)"	"unprognostic (8.81e-2)"	"unprognostic (9.01e-2)"	"unprognostic (9.74e-2)"	"unprognostic (1.02e-1)"	"unprognostic (1.15e-1)"	"unprognostic (1.41e-1)"	"unprognostic (2.64e-2)"
GUCY1A1	"GC-SA3, GUC1A3, GUCY1A3"	ENSG00000164116	"Guanylate cyclase 1 soluble subunit alpha 1"	Q02108	4	155666726-155737059	"Disease related genes, Enzymes, FDA approved drug targets, Human disease related genes, Metabolic proteins, Plasma proteins, Predicted intracellular proteins"	"cGMP biosynthesis"	Lyase	"FDA approved drug targets"	"Evidence at protein level"	"Evidence at protein level"	"Evidence at protein level"	"Evidence at protein level"	"Low tissue specificity"	"Detected in all"			"Cell type enhanced"	"Detected in many"		"Brain inhibitory neurons: 212.4;Hematopoietic stem cells: 538.6;Pericytes: 288.1;Prostatic glandular cells: 549.7;Retinal bipolar cells: 281.2;Thymocytes: 219.4;Vascular smooth muscle cells: 367.1"	"Cell type enhanced"	"Detected in all"		"midbrain-derived inhibitory: 584.0"	"Cancer enhanced"	"Detected in all"		"Prostate Adenocarcinoma (TCGA): 48.8"	"Low region specificity"	"Detected in all"			"Immune cell enhanced"	"Detected in some"		"NK-cell: 8.3;non-classical monocyte: 10.1;plasmacytoid DC: 11.5"	"Group enriched"	"Detected in many"	35	"dendritic cells: 11.5;monocytes: 10.1;NK-cells: 8.3"	"Cancer enhanced"	"Detected in many"		"prostate cancer: 29.1"	"Adipose subcutaneous - Smooth muscle cells, Adrenal gland - Fibroblasts, Kidney - Fibroblasts, Liver - Hepatic stellate cells, Pituitary gland - Fibroblasts, Spleen - Fibroblasts_1, Thyroid gland - Fibroblasts"	"Low region specificity"	"Detected in all"			"Low region specificity"	"Detected in all"			"CAB010887, HPA056004, HPA058617"	Uncertain		Supported	Nucleoplasm			NA	NA		11000	"Cluster 10: Non-specific - Membrane trafficking"	"Cluster 35: Non-specific - Mixed function"	"Cluster 33: Neurons - Mixed function"	"Cluster 60: Prostate cancer - Unknown function"	"Cluster 110: Mural cells - ECM organization"	2	Nucleoplasm		"CAB010887: , HPA056004: , HPA058617: "	"unprognostic (3.45e-2)"	"unprognostic (8.61e-2)"		"unprognostic (9.27e-3)"	"unprognostic (6.29e-2)"	"unprognostic (7.79e-2)"	"unprognostic (1.33e-1)"	"unprognostic (8.83e-3)"	"unprognostic (7.31e-3)"	"unprognostic (3.93e-3)"	"validated prognostic favorable (1.33e-6)"	"validated prognostic favorable (4.13e-6)"	"unprognostic (8.26e-2)"	"unprognostic (2.64e-1)"		"potential prognostic favorable (5.94e-4)"	"unprognostic (2.65e-1)"	"unprognostic (8.38e-2)"	"unprognostic (7.93e-3)"	"unprognostic (6.44e-3)"	"unprognostic (2.44e-1)"	"unprognostic (2.00e-1)"	"unprognostic (9.77e-2)"	"unprognostic (1.61e-1)"	"unprognostic (1.24e-1)"	"potential prognostic favorable (4.77e-4)"	"unprognostic (1.41e-1)"	"unprognostic (1.29e-2)"	"unprognostic (1.74e-3)"	"unprognostic (9.73e-2)"	"unprognostic (2.56e-1)"
GZMK	"PRSS, TRYP2"	ENSG00000113088	"Granzyme K"	P49863	5	55024256-55034570	"Enzymes, Predicted secreted proteins"		"Hydrolase, Protease, Serine protease"		"Evidence at protein level"	"Evidence at protein level"	"Evidence at protein level"	"Evidence at protein level"	"Tissue enriched"	"Detected in many"	9	"lymphoid tissue: 93.3"	"Group enriched"	"Detected in some"	14	"NK-cells: 162.0;T-cells: 298.1"	"Cell type enriched"	"Detected in single"	275	"leukocyte: 167.1"	"Cancer enhanced"	"Detected in all"		"Kidney Renal Clear Cell Carcinoma (TCGA): 24.8"	"Not detected"	"Not detected"			"Immune cell enhanced"	"Detected in many"		"MAIT T-cell: 742.7;NK-cell: 506.4"	"Group enriched"	"Detected in many"	199	"NK-cells: 506.4;T-cells: 742.7"	"Not detected"	"Not detected"			"Adipose subcutaneous - T-cells, Adipose visceral - T-cells, Adrenal gland - T-cells, Breast - T-cells, Colon - T-cells, Liver - T-cells, Lung - T-cells, Minor Salivary Gland - T-cells, Prostate - T-cells, Spleen - T-cells"	"Not detected"	"Not detected"			"Low region specificity"	"Detected in single"			"HPA059953, HPA063181, HPA065895"	Enhanced		Approved	"Golgi apparatus"	"Secreted to blood"	Enzyme	NA	NA			"Cluster 1: T-cells - Unknown function"	"Cluster 18: Lymphoid tissue - Immune response"		"Cluster 6: Leukemia - Signal transduction"	"Cluster 92: NK-cells & T-cells - Adaptive immunity: Cytotoxicity"	3	"Golgi apparatus"		"HPA059953: , HPA063181: , HPA065895: "	"unprognostic (2.57e-1)"	"potential prognostic favorable (9.32e-4)"	"unprognostic (1.47e-1)"	"potential prognostic favorable (3.64e-4)"	"unprognostic (8.46e-2)"	"unprognostic (4.37e-2)"	"unprognostic (9.39e-3)"	"unprognostic (1.65e-1)"	"unprognostic (2.32e-3)"	"unprognostic (1.55e-1)"	"unprognostic (9.20e-2)"	"unprognostic (1.35e-1)"	"unprognostic (1.75e-2)"	"potential prognostic favorable (6.25e-4)"	"unprognostic (1.25e-2)"	"unprognostic (8.75e-3)"	"unprognostic (3.27e-2)"	"unprognostic (2.42e-1)"	"unprognostic (3.56e-1)"	"unprognostic (2.79e-2)"	"unprognostic (2.98e-1)"	"unprognostic (6.90e-2)"	"unprognostic (3.54e-2)"	"unprognostic (2.40e-1)"	"unprognostic (4.18e-2)"	"unprognostic (3.01e-1)"	"unprognostic (6.31e-2)"	"unprognostic (1.57e-1)"	"unprognostic (1.85e-1)"	"unprognostic (2.57e-2)"	"unprognostic (2.98e-1)"
H3C11	"H3.f, H3/f, H3FF, HIST1H3I"	ENSG00000275379	"H3 clustered histone 11"	P68431	6	27871845-27872346	"Disease related genes, Predicted intracellular proteins"		DNA-binding	"Disease variant"	"Evidence at protein level"	"Evidence at protein level"	"Evidence at protein level"	"Evidence at protein level"	"Tissue enhanced"	"Detected in single"		"bone marrow: 1.2"	"Group enriched"	"Detected in some"	4	"Erythrocyte progenitors: 43.5;Megakaryocyte progenitors: 22.6;Monocyte progenitors: 18.6;Tuft cells: 34.6"	"Not detected"	"Not detected"			"Cancer enhanced"	"Detected in some"		"Colon Adenocarcinoma (TCGA): 3.3"	"Low region specificity"	"Detected in all"			"Immune cell enhanced"	"Detected in many"		"NK-cell: 8.3"	"Low lineage specificity"	"Detected in many"			"Low cancer specificity"	"Detected in some"												"HPA042570, HPA050968, HPA064058"	Approved		Supported	Nucleoplasm			NA	NA		57000000	"Cluster 43: Non-specific - Transcription & Translation"	"Cluster 44: Bone marrow - Nuclear processes"	"Cluster 20: Macrophages & Microglia - Immune response"	"Cluster 41: Non-specific - Nucleosome assembly"	"Cluster 66: Erythroid cells - Erythroid differentiation and maturation"	72	Nucleoplasm		"HPA042570: , HPA050968: , HPA064058: "	"unprognostic (7.96e-3)"				"unprognostic (4.41e-2)"	"unprognostic (1.46e-1)"										"unprognostic (1.82e-1)"				"unprognostic (9.12e-2)"						"unprognostic (4.04e-1)"		"unprognostic (2.86e-3)"			"unprognostic (1.93e-1)"
HDGFL3	"Hdgfrp3, HRP-3"	ENSG00000166503	"HDGF like 3"	Q9Y3E1	15	83112738-83207823	"Predicted intracellular proteins"		"Growth factor"		"Evidence at protein level"	"Evidence at protein level"	"Evidence at protein level"	"Evidence at protein level"	"Low tissue specificity"	"Detected in many"			"Cell type enhanced"	"Detected in many"		"Early primary spermatocytes: 221.3;Vascular endothelial cells: 227.7"	"Low cell type specificity"	"Detected in all"			"Low cancer specificity"	"Detected in many"			"Low region specificity"	"Detected in all"			"Immune cell enhanced"	"Detected in some"		"NK-cell: 1.8"	"Low lineage specificity"	"Detected in many"			"Low cancer specificity"	"Detected in all"			"Adipose visceral - Endothelial cells, Adrenal gland - Fibroblasts, Liver - Vascular endothelial cells, Skin - Endothelial cells, Spleen - Endothelial cells, Testis - Spermatocytes"	"Low region specificity"	"Detected in all"			"Low region specificity"	"Detected in all"			HPA040719	Approved		Supported	Nucleoplasm			NA	NA			"Cluster 21: Neutrophils - Unknown function"	"Cluster 73: Brain - Neuronal signaling"	"Cluster 14: Neurons - Synaptic function"	"Cluster 58: Non-specific - Nuclear processes"	"Cluster 12: Endothelial cells - Angiogenesis & vascular homeostasis"	1	Nucleoplasm		"HPA040719: "	"unprognostic (1.74e-3)"	"unprognostic (6.66e-3)"		"unprognostic (3.06e-1)"	"unprognostic (5.23e-3)"	"unprognostic (1.06e-1)"	"unprognostic (1.76e-1)"	"potential prognostic favorable (4.62e-4)"	"unprognostic (2.22e-2)"	"unprognostic (6.77e-2)"	"unprognostic (2.00e-1)"	"unprognostic (5.11e-2)"	"unprognostic (2.76e-1)"			"potential prognostic unfavorable (4.52e-5)"	"unprognostic (2.50e-2)"	"unprognostic (2.98e-2)"	"unprognostic (1.65e-1)"	"unprognostic (2.20e-1)"	"unprognostic (1.62e-1)"	"potential prognostic favorable (1.12e-4)"	"unprognostic (3.47e-2)"	"unprognostic (1.88e-2)"	"unprognostic (7.89e-2)"	"unprognostic (5.63e-2)"	"unprognostic (4.28e-3)"	"unprognostic (1.21e-3)"	"unprognostic (1.57e-1)"	"unprognostic (6.59e-2)"	"unprognostic (4.47e-2)"
HOPX	"HOP, LAGY, NECC1, OB1, SMAP31"	ENSG00000171476	"HOP homeobox"	Q9BPY8	4	56647988-56681899	"Predicted intracellular proteins, Transcription factors"	"Transcription, Transcription regulation"	"Developmental protein, Repressor"	Proto-oncogene	"Evidence at protein level"	"Evidence at protein level"	"Evidence at protein level"	"Evidence at protein level"	"Tissue enhanced"	"Detected in all"		"esophagus: 712.1;skin 1: 1401.9"	"Cell type enriched"	"Detected in many"	10	"Esophageal apical cells: 29333.9"	"Cell type enhanced"	"Detected in all"		"hippocampal CA4: 296.1"	"Group enriched"	"Detected in all"	4	"Glioblastoma Multiforme (TCGA): 487.0;Lung Adenocarcinoma (TCGA): 493.9;Thyroid Carcinoma (TCGA): 356.2"	"Low region specificity"	"Detected in all"			"Immune cell enhanced"	"Detected in all"		"gdT-cell: 519.4;NK-cell: 783.5"	"Group enriched"	"Detected in all"	15	"NK-cells: 783.5;T-cells: 519.4"	"Cancer enhanced"	"Detected in many"		"lymphoma: 25.4"	"Colon - Smooth muscle cells, Stomach - Chief cells, Thyroid gland - Thyroid glandular cells"	"Low region specificity"	"Detected in all"			"Low region specificity"	"Detected in all"			"CAB018632, HPA030180"	Enhanced		Approved	"Nuclear bodies,Cytosol"			NA	NA			"Cluster 15: NK-cells - Unknown function"	"Cluster 9: Skin - Hair follicle development"	"Cluster 53: Neurons - Mixed function"	"Cluster 53: Squamous epithelial cells - Keratinization"	"Cluster 84: Apical squamous epithelium - Cornification"	4	"Nuclear bodies"	Cytosol	"CAB018632: , HPA030180: "	"unprognostic (1.18e-3)"	"unprognostic (4.02e-1)"	"unprognostic (7.60e-2)"	"unprognostic (1.66e-2)"	"unprognostic (2.25e-3)"	"unprognostic (1.15e-1)"	"unprognostic (1.45e-1)"	"unprognostic (2.58e-3)"	"unprognostic (1.23e-2)"	"unprognostic (5.41e-2)"	"unprognostic (3.27e-2)"	"unprognostic (2.95e-2)"	"unprognostic (1.78e-3)"	"unprognostic (3.12e-1)"	"unprognostic (2.45e-1)"	"unprognostic (1.34e-2)"	"unprognostic (2.66e-1)"	"unprognostic (7.13e-3)"	"unprognostic (1.65e-1)"	"unprognostic (2.61e-1)"	"unprognostic (1.10e-2)"	"unprognostic (9.80e-2)"	"unprognostic (1.38e-1)"	"unprognostic (3.71e-1)"	"unprognostic (2.20e-2)"	"unprognostic (6.29e-3)"	"unprognostic (9.27e-2)"	"unprognostic (2.32e-2)"	"unprognostic (1.28e-1)"	"unprognostic (9.51e-2)"	"unprognostic (7.84e-3)"
IL18R1	"CD218a, IL-1Rrp, IL1RRP"	ENSG00000115604	"Interleukin 18 receptor 1"	Q13478	2	102311529-102398777	"CD markers, Enzymes, Plasma proteins, Predicted membrane proteins"	"Inflammatory response"	"Hydrolase, Receptor"		"Evidence at protein level"	"Evidence at transcript level"	"Evidence at protein level"	"Evidence at protein level"	"Tissue enhanced"	"Detected in many"		"lung: 11.3"	"Group enriched"	"Detected in many"	8	"Mast cells: 1307.9;Neutrophils: 3312.5"	"Group enriched"	"Detected in some"	6	"endothelial cell: 71.4;leukocyte: 89.8"	"Low cancer specificity"	"Detected in many"			"Low region specificity"	"Detected in all"			"Immune cell enhanced"	"Detected in many"		"NK-cell: 45.8"	"Low lineage specificity"	"Detected in many"			"Low cancer specificity"	"Detected in many"			"Liver - Neutrophils, Spleen - Neutrophils_2, Testis - Endothelial cells"	"Not detected"	"Not detected"			"Low region specificity"	"Detected in all"			HPA007615	Approved		Approved	Mitochondria			Yes	No			"Cluster 15: NK-cells - Unknown function"	"Cluster 14: Adipose tissue - Angiogenesis"	"Cluster 47: Endothelial cells - Vasculature"	"Cluster 55: Lymphoma - Immune response"	"Cluster 31: Neutrophils - Chemotaxis & Apoptosis"	1	Mitochondria		"HPA007615: "			"potential prognostic favorable (1.88e-4)"			"unprognostic (3.53e-1)"		"unprognostic (6.53e-3)"	"unprognostic (4.07e-2)"		"potential prognostic favorable (7.74e-7)"	"unprognostic (5.14e-2)"	"unprognostic (7.94e-3)"		"unprognostic (6.30e-2)"	"unprognostic (2.99e-1)"	"unprognostic (6.70e-2)"	"unprognostic (1.17e-1)"	"unprognostic (6.85e-3)"		"unprognostic (3.33e-2)"	"unprognostic (2.12e-1)"	"unprognostic (3.25e-2)"			"unprognostic (5.97e-3)"		"unprognostic (1.30e-1)"		"unprognostic (2.74e-2)"	
IL18RAP	"AcPL, CD218b"	ENSG00000115607	"Interleukin 18 receptor accessory protein"	O95256	2	102418689-102452565	"CD markers, Enzymes, Predicted intracellular proteins, Predicted membrane proteins"	"Inflammatory response"	"Hydrolase, Receptor"		"Evidence at protein level"	"Evidence at protein level"	"Evidence at protein level"	"Evidence at protein level"	"Tissue enriched"	"Detected in many"	9	"bone marrow: 101.8"	"Group enriched"	"Detected in some"	6	"Neutrophil progenitors: 294.5;Neutrophils: 912.1"	"Cell type enriched"	"Detected in single"	135	"leukocyte: 86.5"	"Low cancer specificity"	"Detected in some"			"Low region specificity"	"Detected in some"			"Immune cell enhanced"	"Detected in many"		"NK-cell: 120.7"	"Group enriched"	"Detected in many"	104	"granulocytes: 69.6;NK-cells: 120.7;T-cells: 67.5"	"Group enriched"	"Detected in some"	20	"Leukemia: 2.6;lymphoma: 1.6"	"Adipose visceral - Neutrophils, Heart muscle - Neutrophils, Lung - Neutrophils_2, Skeletal muscle - Neutrophils, Spleen - Neutrophils_2, Thyroid gland - Neutrophils"	"Not detected"	"Not detected"			"Not detected"	"Not detected"			CAB025270	Enhanced						NA	NA			"Cluster 24: Non-specific - Transcription"	"Cluster 15: Bone marrow - Innate immune response"	"Cluster 12: Non-specific - Vasculature"	"Cluster 71: Lymphoma - Inflammatory response"	"Cluster 48: Neutrophils - Phagocytosis & degranulation"	1			"CAB025270: "			"unprognostic (8.95e-2)"	"unprognostic (7.15e-2)"		"unprognostic (4.93e-1)"		"unprognostic (3.04e-1)"		"unprognostic (4.01e-3)"	"unprognostic (3.12e-3)"	"unprognostic (7.88e-2)"			"unprognostic (3.28e-3)"		"unprognostic (9.31e-2)"		"unprognostic (3.77e-2)"				"unprognostic (2.31e-2)"			"unprognostic (9.19e-2)"			"unprognostic (1.10e-1)"		
IPO11	RanBP11	ENSG00000086200	"Importin 11"	Q9UI26	5	62403972-62628582	"Essential proteins, Plasma proteins, Predicted intracellular proteins, Transporters"	"Protein transport, Transport"			"Evidence at protein level"	"Evidence at protein level"	"Evidence at protein level"	"Evidence at protein level"	"Low tissue specificity"	"Detected in all"			"Cell type enhanced"	"Detected in many"		"Lymphatic endothelial cells: 135.0;Platelets: 132.1;Sertoli cells: 189.6"	"Low cell type specificity"	"Detected in all"			"Low cancer specificity"	"Detected in all"			"Low region specificity"	"Detected in all"			"Immune cell enhanced"	"Detected in all"		"NK-cell: 22.8"	"Low lineage specificity"	"Detected in all"			"Low cancer specificity"	"Detected in all"			"Testis - Spermatocytes, Testis - Spermatogonia"	"Low region specificity"	"Detected in all"			"Low region specificity"	"Detected in all"			"HPA065346, HPA067097"	Approved		Supported	Nucleoplasm,Cytosol			NA	NA			"Cluster 32: Basophils - Transcription"	"Cluster 43: Placenta - Pregnancy hormone signaling"	"Cluster 21: Non-specific - Metabolism"	"Cluster 59: Leukemia - T-cell receptor"	"Cluster 32: Endothelial cells - Angiogenesis & vascular immunity"	19	Nucleoplasm	Cytosol	"HPA065346: , HPA067097: "	"unprognostic (5.24e-1)"	"unprognostic (5.98e-2)"	"unprognostic (1.10e-1)"	"unprognostic (5.63e-3)"	"unprognostic (2.70e-2)"	"unprognostic (4.73e-2)"	"unprognostic (1.39e-1)"	"unprognostic (1.86e-1)"	"unprognostic (1.48e-1)"	"potential prognostic unfavorable (7.43e-4)"	"validated prognostic favorable (2.54e-7)"	"validated prognostic favorable (8.24e-4)"	"unprognostic (1.16e-1)"	"potential prognostic unfavorable (4.70e-4)"	"unprognostic (5.15e-2)"	"unprognostic (1.14e-1)"	"unprognostic (3.38e-2)"	"unprognostic (1.68e-1)"	"unprognostic (2.23e-1)"	"unprognostic (2.76e-2)"	"potential prognostic unfavorable (6.47e-5)"	"unprognostic (1.48e-1)"	"potential prognostic unfavorable (1.42e-5)"	"unprognostic (1.33e-1)"	"unprognostic (2.05e-2)"	"unprognostic (5.06e-2)"	"unprognostic (1.10e-2)"	"unprognostic (6.15e-2)"	"unprognostic (1.59e-1)"	"unprognostic (2.76e-2)"	"unprognostic (3.96e-1)"
KANK3	"ANKRD47, FLJ46061"	ENSG00000186994	"KN motif and ankyrin repeat domains 3"	Q6NY19	19	8322584-8343262	"Predicted intracellular proteins"				"Evidence at protein level"	"Evidence at transcript level"	"Evidence at protein level"	"Evidence at protein level"	"Low tissue specificity"	"Detected in many"			"Group enriched"	"Detected in many"	5	"Lymphatic endothelial cells: 245.2;Vascular endothelial cells: 151.5"	"Group enriched"	"Detected in many"	5	"endothelial cell: 181.6;pericyte: 146.5"	"Cancer enhanced"	"Detected in all"		"Testicular Germ Cell Tumor (TCGA): 15.7"	"Low region specificity"	"Detected in all"			"Immune cell enhanced"	"Detected in some"		"NK-cell: 1.2"	"Group enriched"	"Detected in many"	5	"NK-cells: 1.2;T-cells: 1.0"	"Cancer enhanced"	"Detected in some"		"Rhabdoid: 5.3"	"Adipose subcutaneous - Endothelial cells, Adipose visceral - Endothelial cells, Adrenal gland - Endothelial cells, Breast - Endothelial cells, Colon - Endothelial cells, Kidney - Endothelial cells, Liver - Vascular endothelial cells, Minor Salivary Gland - Endothelial cells, Prostate - Endothelial cells, Skeletal muscle - Endothelial cells, Stomach - Endothelial cells, Thyroid gland - Endothelial cells"	"Low region specificity"	"Detected in all"			"Region enriched"	"Detected in all"	5	"olfactory bulb: 21.8"	HPA051153	Approved		Approved	"Plasma membrane"			NA	NA				"Cluster 14: Adipose tissue - Angiogenesis"	"Cluster 47: Endothelial cells - Vasculature"	"Cluster 12: Bone cancer - Neuronal signaling"	"Cluster 32: Endothelial cells - Angiogenesis & vascular immunity"		"Plasma membrane"		"HPA051153: "	"unprognostic (3.82e-1)"	"unprognostic (1.84e-1)"	"unprognostic (2.57e-2)"	"unprognostic (3.94e-2)"	"unprognostic (5.97e-3)"	"unprognostic (2.30e-1)"	"unprognostic (2.43e-1)"	"unprognostic (8.14e-2)"	"unprognostic (2.69e-3)"	"unprognostic (6.36e-3)"	"validated prognostic favorable (1.99e-7)"	"validated prognostic favorable (1.09e-4)"	"unprognostic (1.60e-3)"	"unprognostic (1.67e-3)"	"potential prognostic favorable (9.44e-6)"	"unprognostic (4.14e-2)"	"unprognostic (1.91e-1)"	"unprognostic (7.23e-3)"		"unprognostic (4.65e-2)"		"unprognostic (1.48e-2)"	"unprognostic (9.07e-2)"	"unprognostic (1.87e-1)"	"unprognostic (1.58e-1)"	"unprognostic (5.18e-3)"	"unprognostic (2.29e-1)"	"unprognostic (1.76e-2)"	"unprognostic (1.72e-1)"	"unprognostic (3.44e-1)"	"unprognostic (9.43e-2)"
KIR2DL3	"CD158B2, cl-6, nkat2, nkat2a, nkat2b, p58"	ENSG00000243772	"Killer cell immunoglobulin like receptor, two Ig domains and long cytoplasmic tail 3"	P43628	19	54738513-54753052	"CD markers, Predicted membrane proteins"		Receptor		"Evidence at protein level"	"Evidence at transcript level"	"Evidence at protein level"	"Evidence at protein level"	"Tissue enhanced"	"Detected in single"		"lymphoid tissue: 1.4"	"Not detected"	"Not detected"			"Not detected"	"Not detected"			"Not detected"	"Not detected"			"Not detected"	"Not detected"			"Immune cell enhanced"	"Detected in single"		"NK-cell: 1.4"	"Low lineage specificity"	"Detected in single"			"Not detected"	"Not detected"			"Lung - NK-cells (Lung)"																NA	NA			"Cluster 15: NK-cells - Unknown function"	"Cluster 5: Spleen - Immune response"		"Cluster 70: DU4475 - Unknown function"	"Cluster 92: NK-cells & T-cells - Adaptive immunity: Cytotoxicity"	56						"unprognostic (6.44e-2)"																												
KLHL23	"FLJ37812, MGC22679, MGC2610"	ENSG00000213160	"Kelch like family member 23"	Q8NBE8	2	169694488-169776989	"Metabolic proteins, Predicted intracellular proteins"				"Evidence at protein level"	"Evidence at transcript level"	"Evidence at protein level"	"Evidence at protein level"	"Low tissue specificity"	"Detected in all"			"Cell type enhanced"	"Detected in many"		"Cone photoreceptor cells: 200.8;Retinal bipolar cells: 243.5;Vascular smooth muscle cells: 186.5"	"Low cell type specificity"	"Detected in all"			"Low cancer specificity"	"Detected in all"			"Low region specificity"	"Detected in all"			"Immune cell enhanced"	"Detected in some"		"NK-cell: 3.4"	"Low lineage specificity"	"Detected in many"			"Low cancer specificity"	"Detected in all"			"Prostate - Smooth muscle cells, Thyroid gland - Fibroblasts"	"Low region specificity"	"Detected in all"			"Low region specificity"	"Detected in all"			HPA047593			Approved	"Nucleoplasm,Actin filaments"			NA	NA			"Cluster 1: T-cells - Unknown function"	"Cluster 75: Ovary - Mixed function"	"Cluster 31: Non-specific - Transcription"	"Cluster 17: Neuroblastoma - Neuronal signaling"	"Cluster 110: Mural cells - ECM organization"	5	"Actin filaments"	Nucleoplasm	"HPA047593: "	"unprognostic (3.06e-2)"	"unprognostic (2.61e-1)"	"unprognostic (1.98e-1)"	"unprognostic (2.31e-1)"	"unprognostic (5.12e-2)"	"unprognostic (2.61e-2)"	"unprognostic (2.26e-2)"	"unprognostic (3.65e-3)"	"unprognostic (2.55e-2)"	"unprognostic (1.30e-2)"	"potential prognostic favorable (7.96e-5)"	"unprognostic (1.18e-3)"	"unprognostic (1.47e-3)"	"unprognostic (2.19e-3)"	"potential prognostic unfavorable (6.17e-4)"	"unprognostic (8.42e-2)"	"unprognostic (1.07e-1)"	"unprognostic (1.33e-1)"	"unprognostic (1.05e-3)"	"unprognostic (7.16e-2)"	"unprognostic (4.19e-1)"	"unprognostic (2.80e-1)"	"unprognostic (3.61e-3)"	"unprognostic (1.95e-1)"	"unprognostic (3.95e-3)"	"unprognostic (1.19e-2)"	"unprognostic (3.81e-2)"	"unprognostic (2.09e-1)"	"unprognostic (3.95e-1)"	"unprognostic (1.66e-1)"	"unprognostic (3.36e-1)"
L3MBTL4	"FLJ35936, HsT1031"	ENSG00000154655	"L3MBTL histone methyl-lysine binding protein 4"	Q8NA19	18	5954706-6415237	"Predicted intracellular proteins"	"Transcription, Transcription regulation"	"Chromatin regulator"		"Evidence at protein level"	"Evidence at transcript level"	"Evidence at protein level"	"Evidence at protein level"	"Low tissue specificity"	"Detected in many"			"Cell type enhanced"	"Detected in many"		"Gonadotrophs: 627.6;Pituitary stem cells: 692.4;Proximal tubule cells: 964.4;Sertoli cells: 1133.3"	"Low cell type specificity"	"Detected in all"			"Low cancer specificity"	"Detected in many"			"Low region specificity"	"Detected in all"			"Immune cell enhanced"	"Detected in some"		"NK-cell: 3.6"	"Low lineage specificity"	"Detected in many"			"Cancer enhanced"	"Detected in many"		"Rhabdoid: 7.0"	"Pituitary gland - Undifferentiated cells (Pituitary gland)"	"Not detected"	"Not detected"							"HPA064194, HPA069042"	Approved		Approved	Nucleoplasm,Vesicles			NA	NA			"Cluster 14: Non-specific - Unknown function"	"Cluster 57: Testis - Spermatogenesis"	"Cluster 11: White matter - Signal transduction"	"Cluster 11: Neuronal - Sensory perception"	"Cluster 43: Sertoli cells - Spermatogenesis microenvironment"	2	"Nucleoplasm, Vesicles"		"HPA064194: , HPA069042: "	"unprognostic (1.49e-2)"	"unprognostic (4.91e-3)"	"unprognostic (7.69e-2)"	"unprognostic (6.88e-2)"	"unprognostic (1.92e-1)"	"unprognostic (2.24e-2)"	"unprognostic (4.87e-2)"	"unprognostic (4.29e-1)"	"unprognostic (4.19e-2)"	"unprognostic (5.18e-3)"	"potential prognostic favorable (3.86e-4)"	"unprognostic (1.40e-2)"	"unprognostic (6.96e-2)"	"unprognostic (2.00e-2)"	"unprognostic (8.70e-2)"	"unprognostic (6.40e-2)"	"potential prognostic favorable (2.11e-4)"	"unprognostic (4.21e-2)"	"unprognostic (1.08e-1)"	"unprognostic (2.21e-1)"	"unprognostic (5.31e-2)"	"unprognostic (2.83e-1)"	"unprognostic (8.94e-2)"		"unprognostic (2.16e-2)"	"unprognostic (4.11e-2)"	"unprognostic (1.06e-1)"	"unprognostic (2.68e-1)"	"unprognostic (2.83e-2)"	"potential prognostic unfavorable (1.40e-4)"	"unprognostic (1.16e-1)"
LDOC1	"BCUR1, Mar7, Mart7, RTL7, SIRH7"	ENSG00000182195	"LDOC1 regulator of NFKB signaling"	O95751	X	141111605-141177129	"Predicted intracellular proteins"				"Evidence at protein level"	"Evidence at protein level"	"Evidence at protein level"	"Evidence at protein level"	"Tissue enhanced"	"Detected in many"		"blood vessel: 54.7"	"Cell type enhanced"	"Detected in many"		"Decidual stromal cells: 53.9;Oocytes: 59.9;Vascular smooth muscle cells: 61.4"	"Low cell type specificity"	"Detected in all"			"Low cancer specificity"	"Detected in many"			"Low region specificity"	"Detected in all"			"Immune cell enhanced"	"Detected in many"		"NK-cell: 6.4"	"Low lineage specificity"	"Detected in many"			"Low cancer specificity"	"Detected in many"			"Adipose subcutaneous - Smooth muscle cells, Minor Salivary Gland - Minor salivary glandular cells, Pituitary gland - Somatotropes, Thyroid gland - Thyroid glandular cells"	"Region enriched"	"Detected in many"	5	"cerebellum: 19.2"	"Low region specificity"	"Detected in all"			"HPA051768, HPA061842"	Approved		Supported	Nucleoplasm,Nucleoli			NA	NA			"Cluster 24: Non-specific - Transcription"	"Cluster 74: Non-specific - Signal transduction"	"Cluster 14: Neurons - Synaptic function"	"Cluster 36: Non-specific - mRNA processing"	"Cluster 62: Smooth muscle cells - Muscle contraction"	99	"Nucleoplasm, Nucleoli"		"HPA051768: , HPA061842: "	"unprognostic (1.45e-1)"	"unprognostic (4.33e-2)"	"unprognostic (4.59e-1)"	"unprognostic (1.74e-3)"			"unprognostic (7.63e-2)"	"unprognostic (9.33e-2)"	"unprognostic (3.40e-1)"	"unprognostic (1.07e-1)"	"potential prognostic favorable (4.29e-5)"	"unprognostic (1.09e-2)"	"unprognostic (5.88e-2)"	"unprognostic (8.28e-3)"	"potential prognostic favorable (1.23e-4)"	"unprognostic (2.51e-2)"	"potential prognostic unfavorable (5.96e-4)"	"unprognostic (7.02e-2)"	"unprognostic (1.74e-2)"	"unprognostic (7.08e-2)"	"unprognostic (3.30e-2)"	"unprognostic (2.04e-2)"	"unprognostic (1.16e-1)"	"unprognostic (1.63e-1)"		"unprognostic (2.11e-1)"	"unprognostic (1.14e-1)"	"unprognostic (2.27e-2)"	"unprognostic (1.70e-1)"	"unprognostic (5.00e-2)"	"unprognostic (1.56e-1)"
LPIN3	"LIPN3L, SMP2"	ENSG00000132793	"Lipin 3"	Q9BQK8	20	41340821-41360582	"Enzymes, Metabolic proteins, Predicted intracellular proteins"	"Fatty acid metabolism, Lipid metabolism"	Hydrolase		"Evidence at protein level"	"Evidence at protein level"	"Evidence at protein level"	"Evidence at protein level"	"Low tissue specificity"	"Detected in many"			"Cell type enhanced"	"Detected in many"		"Enterocytes: 88.2;Esophageal apical cells: 72.7;Late spermatids: 291.3;Proximal tubule cells: 86.9"	"Cell type enhanced"	"Detected in many"		"choroid plexus epithelial cell: 22.6;fibroblast: 26.2"	"Low cancer specificity"	"Detected in all"			"Low region specificity"	"Detected in all"			"Immune cell enhanced"	"Detected in single"		"NK-cell: 2.3"	"Low lineage specificity"	"Detected in single"			"Low cancer specificity"	"Detected in many"			"Kidney - Macrophages"	"Low region specificity"	"Detected in single"			"Low region specificity"	"Detected in many"			"HPA051466, HPA052667, HPA070640"	Approved		Supported	Cytosol			NA	NA				"Cluster 77: Intestine - Digestion"	"Cluster 8: Immune cells - Immune response"	"Cluster 15: Kidney cancer - Membrane components"	"Cluster 56: Late spermatids - Spermiogenesis: Maturation"	5	Cytosol		"HPA051466: , HPA052667: , HPA070640: "	"unprognostic (1.98e-2)"	"unprognostic (6.61e-2)"	"unprognostic (5.64e-2)"	"unprognostic (3.55e-3)"	"unprognostic (3.03e-1)"	"unprognostic (2.75e-1)"	"unprognostic (2.31e-2)"	"unprognostic (6.52e-2)"	"unprognostic (2.00e-2)"	"unprognostic (1.25e-1)"	"unprognostic (1.70e-3)"	"unprognostic (4.68e-2)"	"unprognostic (4.30e-3)"	"unprognostic (5.96e-3)"	"unprognostic (1.16e-1)"	"unprognostic (2.52e-1)"	"unprognostic (3.39e-2)"	"unprognostic (9.07e-2)"	"unprognostic (3.63e-2)"	"potential prognostic unfavorable (7.22e-5)"	"unprognostic (1.40e-1)"	"unprognostic (3.08e-1)"	"unprognostic (6.02e-3)"	"unprognostic (1.67e-1)"	"potential prognostic favorable (9.09e-4)"	"unprognostic (6.45e-3)"	"unprognostic (7.66e-3)"	"unprognostic (3.70e-2)"	"unprognostic (3.04e-1)"	"unprognostic (1.06e-1)"	"unprognostic (1.77e-1)"
MATK	"CHK, CTK, DKFZp434N1212, HHYLTK, HYL, HYLTK, Lsk, MGC1708, MGC2101"	ENSG00000007264	"Megakaryocyte-associated tyrosine kinase"	P42679	19	3777970-3802129	"Cancer-related genes, Enzymes, Predicted intracellular proteins"		"Kinase, Transferase, Tyrosine-protein kinase"	"Cancer-related genes"	"Evidence at protein level"	"Evidence at protein level"	"Evidence at protein level"	"Evidence at protein level"	"Tissue enhanced"	"Detected in many"		"bone marrow: 19.3;brain: 55.6"	"Group enriched"	"Detected in many"	5	"NK-cells: 179.7;Tuft cells: 495.7"	"Cell type enhanced"	"Detected in many"		"leukocyte: 70.3"	"Low cancer specificity"	"Detected in all"			"Low region specificity"	"Detected in all"			"Immune cell enhanced"	"Detected in many"		"NK-cell: 77.1"	"Group enriched"	"Detected in many"	57	"NK-cells: 77.1;T-cells: 46.3"	"Cancer enhanced"	"Detected in many"		"Leukemia: 56.3"	"Adipose visceral - T-cells, Breast - T-cells, Prostate - T-cells, Stomach - T-cells, Thyroid gland - T-cells"	"Low region specificity"	"Detected in all"			"Low region specificity"	"Detected in all"			"HPA004847, HPA066547"	Approved		Approved	"Microtubules,Cytokinetic bridge,Mitotic spindle,Centriolar satellite,Cytosol"			Yes	NA			"Cluster 15: NK-cells - Unknown function"	"Cluster 78: Brain - Neuronal signaling"	"Cluster 53: Neurons - Mixed function"	"Cluster 14: Myeloid leukemia - Innate immune response"	"Cluster 92: NK-cells & T-cells - Adaptive immunity: Cytotoxicity"	11	Microtubules	"Cytokinetic bridge, Mitotic spindle, Centriolar satellite, Cytosol"	"HPA004847: , HPA066547: "	"unprognostic (2.28e-1)"	"potential prognostic favorable (3.81e-4)"	"unprognostic (1.49e-2)"	"unprognostic (7.38e-3)"	"unprognostic (2.35e-1)"	"unprognostic (2.45e-1)"	"unprognostic (8.35e-2)"	"unprognostic (2.44e-1)"	"unprognostic (3.62e-2)"	"unprognostic (1.82e-1)"	"unprognostic (5.78e-3)"	"unprognostic (2.65e-2)"	"unprognostic (1.66e-1)"	"unprognostic (1.83e-2)"	"unprognostic (3.70e-2)"	"unprognostic (2.16e-2)"	"unprognostic (9.24e-2)"	"unprognostic (7.10e-2)"	"unprognostic (1.45e-1)"	"potential prognostic unfavorable (5.75e-4)"	"unprognostic (9.35e-2)"	"unprognostic (2.07e-2)"	"unprognostic (7.23e-2)"	"unprognostic (3.47e-2)"	"unprognostic (9.41e-2)"	"unprognostic (7.92e-2)"	"unprognostic (1.83e-1)"	"unprognostic (5.83e-2)"	"unprognostic (2.20e-1)"	"unprognostic (1.21e-1)"	"unprognostic (1.79e-1)"
MEIS1		ENSG00000143995	"Meis homeobox 1"	O00470	2	66433452-66573869	"Predicted intracellular proteins, Transcription factors"	Transcription	"Activator, Developmental protein, DNA-binding"		"Evidence at protein level"	"Evidence at protein level"	"Evidence at protein level"	"Evidence at protein level"	"Low tissue specificity"	"Detected in all"			"Cell type enhanced"	"Detected in many"		"Adrenal cortex cells: 708.9;Endometrial stromal cells: 713.0;Hematopoietic stem cells: 994.7;Lacrimal acinar cells: 902.2;Megakaryocyte progenitors: 607.8;Mesothelial cells: 520.0;Rod photoreceptor cells: 591.2;Salivary acinar cells: 508.7"	"Cell type enhanced"	"Detected in many"		"Bergmann glia: 402.4;oligodendrocyte: 348.5;upper rhombic lip: 403.4"	"Cancer enhanced"	"Detected in many"		"Ovary Serous Cystadenocarcinoma (TCGA): 64.6"	"Low region specificity"	"Detected in all"			"Immune cell enhanced"	"Detected in some"		"NK-cell: 1.6;plasmacytoid DC: 1.3"	"Low lineage specificity"	"Detected in many"			"Cancer enhanced"	"Detected in all"		"Neuroblastoma: 38.0"	"Breast - Fibroblasts, Kidney - Fibroblasts, Stomach - Fibroblasts"	"Low region specificity"	"Detected in all"			"Low region specificity"	"Detected in all"			"CAB011521, HPA056000, HPA058641"	Approved		Supported	Nucleoplasm			NA	NA			"Cluster 41: Basophils - Unknown function"	"Cluster 75: Ovary - Mixed function"	"Cluster 26: Oligodendrocytes - Mixed function"	"Cluster 17: Neuroblastoma - Neuronal signaling"	"Cluster 108: Fibroblasts - ECM organization"	6	Nucleoplasm		"CAB011521: , HPA056000: , HPA058641: "	"unprognostic (3.26e-2)"	"unprognostic (1.58e-1)"	"unprognostic (5.70e-3)"	"unprognostic (2.16e-1)"	"unprognostic (1.32e-1)"	"unprognostic (7.05e-2)"	"unprognostic (4.02e-1)"	"unprognostic (7.36e-2)"	"potential prognostic favorable (3.56e-5)"	"unprognostic (1.22e-1)"	"validated prognostic favorable (8.24e-4)"	"validated prognostic favorable (6.10e-4)"	"unprognostic (7.30e-3)"	"unprognostic (1.15e-2)"	"unprognostic (5.55e-3)"	"unprognostic (3.03e-2)"	"unprognostic (7.37e-2)"	"unprognostic (3.34e-2)"	"unprognostic (3.69e-1)"	"unprognostic (2.98e-1)"	"unprognostic (2.59e-1)"	"unprognostic (7.08e-2)"	"unprognostic (2.34e-2)"	"unprognostic (4.97e-2)"	"unprognostic (4.65e-1)"	"unprognostic (2.20e-2)"	"unprognostic (6.46e-2)"	"unprognostic (2.51e-1)"	"unprognostic (2.21e-1)"		"unprognostic (2.60e-1)"
MLC1	"KIAA0027, LVM, MLC, VL"	ENSG00000100427	"Modulator of VRAC current 1"	Q15049	22	50059391-50085426	"Disease related genes, Human disease related genes, Potential drug targets, Predicted membrane proteins, Transporters"			"Disease variant"	"Evidence at protein level"	"Evidence at protein level"	"Evidence at protein level"	"Evidence at protein level"	"Tissue enriched"	"Detected in many"	7	"brain: 231.9"	"Cell type enhanced"	"Detected in many"		"Astrocytes: 156.0;Bergmann glia: 154.6;Ependymal cells: 154.5;Hematopoietic stem cells: 30.1;Megakaryocyte progenitors: 68.3;Megakaryocyte-Erythroid progenitors: 46.6;Megakaryocytes: 30.9;Neutrophil progenitors: 44.4;NK-cells: 34.5;Platelets: 42.2;Thymocytes: 44.0"	"Group enriched"	"Detected in many"	9	"astrocyte: 160.8;Bergmann glia: 154.2;ependymal cell: 178.9"	"Cancer enriched"	"Detected in some"	72	"Glioblastoma Multiforme (TCGA): 232.4"	"Low region specificity"	"Detected in all"			"Immune cell enhanced"	"Detected in many"		"NK-cell: 20.2"	"Low lineage specificity"	"Detected in many"			"Group enriched"	"Detected in some"	6	"Leukemia: 65.7;Myeloma: 63.1"	"Liver - NK-cells (Liver), Prostate - Fibroblasts"	"Low region specificity"	"Detected in all"			"Low region specificity"	"Detected in all"			HPA003040	Enhanced		Supported	Cytosol			NA	NA			"Cluster 37: Monocytes & Neutrophils - Innate immune response"	"Cluster 78: Brain - Neuronal signaling"	"Cluster 39: Astrocytes - Mixed function"	"Cluster 51: Myeloma - Immunoglobulins"	"Cluster 28: Astrocytes - Homeostasis & neuron support"	14	Cytosol		"HPA003040: "		"unprognostic (3.17e-2)"	"unprognostic (2.02e-1)"				"unprognostic (1.25e-1)"	"unprognostic (1.21e-2)"												"unprognostic (8.63e-2)"	"unprognostic (2.73e-1)"						"unprognostic (2.84e-1)"		"unprognostic (2.58e-1)"		
MOK	"RAGE, RAGE1, STK30"	ENSG00000080823	"MOK protein kinase"	Q9UQ07	14	102224500-102305190	"Enzymes, Predicted intracellular proteins"		"Kinase, Serine/threonine-protein kinase, Transferase"		"Evidence at protein level"	"Evidence at protein level"	"Evidence at transcript level"	"Evidence at protein level"	"Tissue enhanced"	"Detected in many"		"retina: 116.9;testis: 52.1"	"Cell type enhanced"	"Detected in many"		"Choroid plexus epithelial cells: 432.5;Cone photoreceptor cells: 271.2;Endometrial ciliated cells: 432.3;Ependymal cells: 549.8;Epididymal efferent duct ciliated cells: 255.2;Fallopian tube ciliated cells: 284.0;Late primary spermatocytes: 291.0;Respiratory ciliated cells: 526.9;Rod photoreceptor cells: 614.8"	"Cell type enhanced"	"Detected in all"		"ependymal cell: 555.1"	"Cancer enriched"	"Detected in all"	4	"Skin Cutaneous Melanoma (TCGA): 75.2"	"Low region specificity"	"Detected in all"			"Immune cell enhanced"	"Detected in some"		"NK-cell: 8.1"	"Low lineage specificity"	"Detected in many"			"Low cancer specificity"	"Detected in many"			"Adipose subcutaneous - Adipose progenitor cells, Colon - Enteric glia cells, Lung - Respiratory ciliated cells, Testis - Early spermatids"	"Low region specificity"	"Detected in all"			"Low region specificity"	"Detected in all"			HPA027292			Approved	"Endoplasmic reticulum,Mid piece,Principal piece,End piece"			NA	NA			"Cluster 33: Non-specific - ATP binding"	"Cluster 46: Brain & retina - Neuronal signaling"	"Cluster 17: Choroid plexus - Cilium"	"Cluster 72: Neuronal - Signal transduction"	"Cluster 79: Photoreceptor cells - Phototransduction"		"Endoplasmic reticulum"	"Mid piece, Principal piece, End piece"	"HPA027292: "	"unprognostic (2.49e-1)"	"unprognostic (2.44e-1)"		"unprognostic (1.63e-1)"	"unprognostic (2.86e-2)"	"unprognostic (2.36e-1)"	"unprognostic (7.90e-2)"	"unprognostic (1.68e-1)"	"unprognostic (3.10e-1)"	"unprognostic (7.17e-2)"	"unprognostic (2.87e-3)"	"unprognostic (1.50e-1)"	"unprognostic (2.42e-2)"	"unprognostic (3.06e-2)"		"unprognostic (1.59e-1)"	"unprognostic (2.19e-1)"	"unprognostic (2.20e-3)"	"unprognostic (3.56e-2)"	"unprognostic (1.25e-2)"	"potential prognostic favorable (9.83e-4)"	"unprognostic (1.11e-1)"	"unprognostic (1.19e-1)"	"unprognostic (2.48e-2)"	"unprognostic (2.83e-1)"	"unprognostic (2.10e-2)"	"unprognostic (5.15e-2)"	"unprognostic (1.12e-1)"	"unprognostic (2.07e-1)"	"unprognostic (1.22e-2)"	"unprognostic (6.75e-2)"
MPIG6B	"C6orf25, G6b, G6b-B, NG31"	ENSG00000204420	"Megakaryocyte and platelet inhibitory receptor G6b"	O95866	6	31718594-31726714	"Disease related genes, Human disease related genes, Predicted intracellular proteins, Predicted membrane proteins"		"Heparin-binding, Receptor"		"Evidence at protein level"	"Evidence at transcript level"	"Evidence at protein level"	"Evidence at protein level"	"Tissue enhanced"	"Detected in some"		"lymphoid tissue: 4.5;skin 1: 7.7"	"Group enriched"	"Detected in some"	7	"Megakaryocytes: 18.5;Platelets: 59.1"	"Cell type enhanced"	"Detected in single"		"pericyte: 2.4"	"Not detected"	"Not detected"			"Not detected"	"Not detected"			"Immune cell enhanced"	"Detected in single"		"NK-cell: 1.6"	"Low lineage specificity"	"Detected in single"			"Cancer enriched"	"Detected in single"	5	"Leukemia: 1.6"	"Adipose subcutaneous - Mast cells, Testis - Late spermatids"	"Not detected"	"Not detected"			"Low region specificity"	"Detected in all"			"HPA054404, HPA073017"			Approved	"Nucleoplasm,Endoplasmic reticulum,Golgi apparatus,Plasma membrane,Cytosol"	"Intracellular and membrane"	Receptor	NA	NA		360000		"Cluster 37: Skin - Keratinization"		"Cluster 47: Leukemia - Hemostasis"	"Cluster 47: Platelets - Hemostasis"		"Golgi apparatus"	"Nucleoplasm, Endoplasmic reticulum, Plasma membrane, Cytosol"	"HPA054404: , HPA073017: "																															
MRAP	"B27, C21orf61, FALP"	ENSG00000170262	"Melanocortin 2 receptor accessory protein"	Q8TCY5	21	32291813-32314784	"Disease related genes, Human disease related genes, Predicted membrane proteins"				"Evidence at protein level"	"Evidence at protein level"	"Evidence at protein level"	"Evidence at protein level"	"Group enriched"	"Detected in many"	6	"adipose tissue: 73.5;adrenal gland: 155.2;breast: 44.5"	"Cell type enhanced"	"Detected in many"		"Adipocytes: 29.3;Adrenal cortex cells: 38.4;Cardiomyocytes: 30.0;Early spermatids: 17.2;Ependymal cells: 12.8;Epicardial cells: 86.4;Late primary spermatocytes: 18.0;Retinal horizontal cells: 34.1"	"Group enriched"	"Detected in many"	4	"ependymal cell: 19.9;oligodendrocyte: 5.3"	"Cancer enhanced"	"Detected in many"		"Uterine Corpus Endometrial Carcinoma (TCGA): 8.1"	"Low region specificity"	"Detected in some"			"Immune cell enhanced"	"Detected in single"		"NK-cell: 1.9"	"Low lineage specificity"	"Detected in single"			"Not detected"	"Not detected"			"Adipose subcutaneous - Adipocytes (Subcutaneous), Adipose visceral - Adipocytes (Visceral), Adrenal gland - Adrenal cortex cells, Breast - Adipocytes (Breast), Minor Salivary Gland - Adipocytes (Minor salivary gland), Skin - Adipocytes (Skin)"	"Not detected"	"Not detected"			"Not detected"	"Not detected"			"HPA011024, HPA011093"	Uncertain		Supported	"Endoplasmic reticulum,Vesicles"			NA	NA				"Cluster 4: Adrenal gland - Steroid metabolism"	"Cluster 8: Immune cells - Immune response"	"Cluster 18: Liver cancer - Metabolism"	"Cluster 89: Adipocytes - Lipid metabolism"	5	"Endoplasmic reticulum"	Vesicles	"HPA011024: , HPA011093: "	"unprognostic (1.22e-1)"	"unprognostic (4.15e-2)"	"unprognostic (2.44e-1)"	"unprognostic (3.01e-1)"										"unprognostic (2.74e-2)"	"potential prognostic unfavorable (9.77e-4)"							"unprognostic (2.58e-3)"		"unprognostic (1.13e-1)"			"unprognostic (3.89e-1)"		"unprognostic (2.40e-2)"		"unprognostic (3.61e-2)"
NCALD		ENSG00000104490	"Neurocalcin delta"	P61601	8	101686542-102124907	"Predicted intracellular proteins"				"Evidence at protein level"	"Evidence at transcript level"	"Evidence at protein level"	"Evidence at protein level"	"Tissue enhanced"	"Detected in all"		"brain: 113.1;salivary gland: 94.5"	"Cell type enhanced"	"Detected in many"		"Innate lymphoid cells: 535.9;Lacrimal acinar cells: 653.1;NK-cells: 627.4;Oligodendrocyte progenitor cells: 580.9;Respiratory ionocytes: 774.7;Salivary acinar cells: 1129.3;Salivary ionocytes: 902.9;Somatotrophs: 580.1;Thyrotrophs: 870.2"	"Low cell type specificity"	"Detected in all"			"Low cancer specificity"	"Detected in all"			"Low region specificity"	"Detected in all"			"Immune cell enhanced"	"Detected in many"		"NK-cell: 87.3"	"Group enriched"	"Detected in many"	13	"NK-cells: 87.3;T-cells: 42.0"	"Cancer enhanced"	"Detected in many"		"Rhabdoid: 35.5"	"Adrenal gland - Fibroblasts, Breast - Breast myoepithelial cells, Minor Salivary Gland - Minor salivary glandular cells, Skeletal muscle - Fibroblasts, Skin - Eccrine sweat gland cells, Spleen - Fibroblasts_1, Thyroid gland - Fibroblasts"	"Low region specificity"	"Detected in all"			"Low region specificity"	"Detected in all"			HPA043245	Approved						NA	NA		66000	"Cluster 15: NK-cells - Unknown function"	"Cluster 73: Brain - Neuronal signaling"	"Cluster 53: Neurons - Mixed function"	"Cluster 3: Rhabdoid - Membrane components"	"Cluster 92: NK-cells & T-cells - Adaptive immunity: Cytotoxicity"	34			"HPA043245: "	"unprognostic (3.55e-3)"	"unprognostic (3.10e-1)"	"unprognostic (9.80e-2)"	"unprognostic (3.33e-1)"	"unprognostic (2.68e-1)"	"unprognostic (4.94e-2)"	"unprognostic (5.41e-2)"	"unprognostic (6.51e-2)"	"potential prognostic favorable (9.03e-4)"	"unprognostic (9.31e-3)"	"potential prognostic favorable (1.16e-6)"	"unprognostic (1.50e-3)"	"unprognostic (1.61e-1)"	"unprognostic (2.22e-1)"	"unprognostic (2.50e-3)"	"unprognostic (1.18e-3)"	"unprognostic (8.58e-2)"	"unprognostic (1.32e-1)"	"unprognostic (2.73e-2)"	"unprognostic (1.93e-1)"	"unprognostic (1.15e-1)"	"potential prognostic favorable (4.93e-4)"	"unprognostic (2.81e-2)"	"unprognostic (1.13e-1)"	"unprognostic (1.25e-1)"	"unprognostic (1.74e-1)"	"unprognostic (2.52e-1)"	"unprognostic (1.65e-2)"	"unprognostic (2.07e-1)"	"unprognostic (4.37e-2)"	"unprognostic (1.75e-1)"
NPIPB12		ENSG00000169203	"Nuclear pore complex interacting protein family member B12"	F8W0I5	16	29483534-29506408	"Predicted membrane proteins"				"Evidence at protein level"	"Evidence at protein level"	"No human protein/transcript evidence"	"Evidence at transcript level"	"Low tissue specificity"	"Detected in many"			"Group enriched"	"Detected in some"	6	"Distal convoluted tubule cells: 3.9;Loop of henle epithelial cells: 2.5;Papillary tip epithelial cells: 2.2;Podocytes: 1.8;Proximal tubule cells: 4.2;Renal collecting duct intercalated cells: 2.8;Renal collecting duct principal cells: 2.0;Renal connecting tubule cells: 2.9"	"Not detected"	"Not detected"			"Low cancer specificity"	"Detected in all"			"Region enhanced"	"Detected in many"		"cerebral cortex: 30.5"	"Immune cell enhanced"	"Detected in single"		"NK-cell: 1.1"	"Low lineage specificity"	"Detected in single"			"Low cancer specificity"	"Detected in many"												HPA053611	Approved		Approved	Nucleoplasm			NA	NA				"Cluster 64: Non-specific - Transcription"	"Cluster 4: Non-specific - mRNA splicing & Cell cycle"	"Cluster 56: Non-specific - Sensory perception"	"Cluster 105: Non-specific - Mixed function"		Nucleoplasm		"HPA053611: "	"unprognostic (1.99e-2)"	"unprognostic (4.38e-2)"		"unprognostic (1.18e-2)"	"unprognostic (6.96e-3)"	"unprognostic (1.26e-1)"	"unprognostic (1.85e-1)"	"unprognostic (9.67e-2)"	"unprognostic (3.85e-2)"	"unprognostic (9.25e-2)"	"potential prognostic unfavorable (1.16e-5)"	"unprognostic (6.34e-3)"	"unprognostic (1.42e-1)"	"unprognostic (5.42e-3)"		"unprognostic (1.86e-1)"	"unprognostic (2.18e-1)"	"unprognostic (1.11e-1)"	"unprognostic (1.11e-1)"	"unprognostic (2.61e-1)"	"unprognostic (2.12e-2)"	"unprognostic (1.12e-1)"	"potential prognostic unfavorable (5.41e-4)"	"unprognostic (1.99e-1)"	"unprognostic (9.95e-2)"	"unprognostic (2.56e-1)"	"unprognostic (1.07e-1)"	"unprognostic (2.79e-1)"	"unprognostic (2.25e-1)"	"unprognostic (4.36e-1)"	"unprognostic (1.80e-1)"
ORC1	"HSORC1, ORC1L, PARC1"	ENSG00000085840	"Origin recognition complex subunit 1"	Q13415	1	52372829-52404423	"Disease related genes, Essential proteins, Human disease related genes, Predicted intracellular proteins"	"DNA replication"	DNA-binding	"Disease variant, Dwarfism"	"Evidence at protein level"	"Evidence at protein level"	"Evidence at protein level"	"Evidence at protein level"	"Tissue enhanced"	"Detected in some"		"bone marrow: 27.4;lymphoid tissue: 10.8"	"Cell type enhanced"	"Detected in many"		"Erythrocyte progenitors: 73.0;Extravillous trophoblasts: 13.1;Megakaryocyte progenitors: 23.5;Monocyte progenitors: 37.6;Neutrophil progenitors: 30.1"	"Low cell type specificity"	"Detected in some"			"Cancer enhanced"	"Detected in many"		"Testicular Germ Cell Tumor (TCGA): 22.0"	"Low region specificity"	"Detected in all"			"Immune cell enhanced"	"Detected in some"		"NK-cell: 3.4"	"Low lineage specificity"	"Detected in many"			"Low cancer specificity"	"Detected in all"			"Lung - Mitotic cells (Lung), Minor Salivary Gland - Mitotic cells (Minor salivary gland), Skin - Mitotic cells (Skin), Spleen - Mitotic cells (Spleen), Stomach - Mitotic cells (Stomach), Testis - Early spermatids, Testis - Late spermatids"	"Not detected"	"Not detected"			"Low region specificity"	"Detected in many"			"HPA027439, HPA027450"	Uncertain		Supported	Nucleoplasm			NA	Yes			"Cluster 33: Non-specific - ATP binding"	"Cluster 44: Bone marrow - Nuclear processes"	"Cluster 48: Non-specific - Mixed function"	"Cluster 37: Non-specific - mRNA processing"	"Cluster 66: Erythroid cells - Erythroid differentiation and maturation"	31	Nucleoplasm		"HPA027439: , HPA027450: "	"unprognostic (1.65e-2)"	"unprognostic (1.68e-1)"		"unprognostic (1.46e-2)"	"potential prognostic favorable (2.05e-4)"	"unprognostic (1.36e-1)"	"unprognostic (1.21e-1)"	"unprognostic (1.29e-3)"	"unprognostic (1.69e-2)"		"unprognostic (1.18e-2)"	"potential prognostic unfavorable (4.73e-5)"	"potential prognostic unfavorable (1.33e-4)"	"validated prognostic unfavorable (7.35e-6)"	"validated prognostic unfavorable (1.56e-5)"	"potential prognostic unfavorable (5.93e-4)"	"unprognostic (2.07e-3)"	"unprognostic (1.44e-2)"	"unprognostic (1.91e-2)"	"unprognostic (1.04e-1)"	"unprognostic (2.38e-2)"	"potential prognostic unfavorable (4.99e-4)"	"unprognostic (2.59e-1)"		"potential prognostic favorable (4.29e-4)"	"unprognostic (5.98e-3)"	"unprognostic (1.38e-3)"	"unprognostic (2.90e-2)"	"unprognostic (1.09e-1)"		"unprognostic (2.02e-1)"
PCSK6	"PACE4, SPC4"	ENSG00000140479	"Proprotein convertase subtilisin/kexin type 6"	P29122	15	101289784-101525202	"Enzymes, Predicted intracellular proteins, Predicted secreted proteins"		"Hydrolase, Protease, Serine protease"		"Evidence at protein level"	"Evidence at transcript level"	"Evidence at protein level"	"Evidence at protein level"	"Tissue enhanced"	"Detected in many"		"brain: 108.7;liver: 149.2;lymphoid tissue: 76.5"	"Cell type enhanced"	"Detected in many"		"Bergmann glia: 978.9;Breast lactating cells: 252.4;Hepatocytes: 630.7;Lymphatic endothelial cells: 254.7;Oligodendrocytes: 635.9;Pituitary stem cells: 375.9;Platelets: 341.8;Retinal horizontal cells: 1744.9;Sertoli cells: 257.4"	"Group enriched"	"Detected in all"	4	"Bergmann glia: 1017.2;oligodendrocyte: 1025.3"	"Group enriched"	"Detected in many"	4	"Breast Invasive Carcinoma (TCGA): 29.6;Kidney Renal Clear Cell Carcinoma (TCGA): 68.3;Liver Hepatocellular Carcinoma (TCGA): 68.1"	"Low region specificity"	"Detected in all"			"Immune cell enhanced"	"Detected in some"		"NK-cell: 3.3"	"Low lineage specificity"	"Detected in many"			"Low cancer specificity"	"Detected in many"			"Kidney - Endothelial cells, Liver - Hepatocytes, Skin - Keratinocyte (granular), Spleen - Endothelial cells"	"Low region specificity"	"Detected in all"			"Low region specificity"	"Detected in all"			HPA004774	Uncertain				"Secreted to extracellular matrix"	Enzyme	NA	NA		1400000		"Cluster 45: Liver - Metabolism & Coagulation"	"Cluster 30: White matter - Myelination"	"Cluster 64: Connective tissue cells - ECM organization"	"Cluster 80: Oligodendrocytes - Myelination"	1			"HPA004774: "	"unprognostic (9.27e-3)"	"potential prognostic favorable (8.89e-4)"	"unprognostic (3.85e-1)"	"unprognostic (1.19e-1)"	"unprognostic (3.04e-1)"	"unprognostic (1.76e-2)"	"unprognostic (1.22e-1)"	"unprognostic (2.25e-2)"	"unprognostic (1.49e-1)"	"unprognostic (1.62e-1)"	"potential prognostic favorable (3.55e-4)"	"unprognostic (1.31e-1)"	"potential prognostic unfavorable (2.77e-4)"	"unprognostic (1.87e-2)"	"unprognostic (3.05e-2)"	"unprognostic (1.02e-1)"	"unprognostic (2.15e-2)"	"unprognostic (3.73e-1)"	"unprognostic (5.81e-3)"	"unprognostic (1.58e-2)"	"unprognostic (6.73e-2)"	"potential prognostic unfavorable (3.82e-4)"	"unprognostic (1.70e-2)"	"unprognostic (2.18e-1)"	"unprognostic (6.31e-2)"	"unprognostic (1.29e-2)"	"unprognostic (1.55e-1)"	"unprognostic (2.23e-1)"	"unprognostic (5.03e-1)"		"unprognostic (1.99e-1)"
PEAK1	"KIAA2002, sgk269"	ENSG00000173517	"Pseudopodium enriched atypical kinase 1"	Q9H792	15	77100656-77420144	"Enzymes, Predicted intracellular proteins"				"Evidence at protein level"	"Evidence at protein level"	"Evidence at protein level"	"Evidence at protein level"	"Low tissue specificity"	"Detected in all"			"Cell type enhanced"	"Detected in all"		"Lymphatic endothelial cells: 625.1;Oligodendrocyte progenitor cells: 707.8;Sertoli cells: 841.6"	"Low cell type specificity"	"Detected in all"			"Low cancer specificity"	"Detected in all"			"Low region specificity"	"Detected in all"			"Immune cell enhanced"	"Detected in single"		"NK-cell: 1.9"	"Low lineage specificity"	"Detected in single"			"Low cancer specificity"	"Detected in all"			"Prostate - Fibroblasts, Spleen - Endothelial cells, Testis - Sertoli cells"	"Low region specificity"	"Detected in all"			"Low region specificity"	"Detected in all"			"HPA012773, HPA026313, HPA026517"	Approved		Supported	"Focal adhesion sites,Cytosol"			NA	NA				"Cluster 66: Lymphoid tissue - Immune response"	"Cluster 34: Non-specific - Mixed function"	"Cluster 64: Connective tissue cells - ECM organization"	"Cluster 72: Macrophages - Phagocytosis & lysosomal degradation"	21	"Focal adhesion sites"	Cytosol	"HPA012773: , HPA026313: , HPA026517: "	"potential prognostic favorable (3.92e-4)"	"unprognostic (6.23e-2)"		"unprognostic (2.85e-1)"	"unprognostic (7.02e-2)"	"potential prognostic unfavorable (2.17e-4)"	"unprognostic (4.70e-2)"	"unprognostic (6.55e-3)"	"unprognostic (1.94e-1)"	"unprognostic (9.85e-3)"	"validated prognostic favorable (3.10e-5)"	"validated prognostic favorable (3.03e-5)"	"unprognostic (1.79e-1)"	"unprognostic (7.11e-3)"	"unprognostic (2.20e-1)"	"unprognostic (6.51e-2)"	"unprognostic (1.30e-1)"	"unprognostic (1.18e-2)"	"unprognostic (2.29e-1)"	"unprognostic (1.44e-3)"	"unprognostic (2.85e-2)"	"unprognostic (1.01e-1)"	"unprognostic (5.35e-2)"	"unprognostic (1.38e-1)"	"unprognostic (4.89e-2)"	"unprognostic (2.95e-2)"	"unprognostic (3.06e-2)"	"unprognostic (5.00e-2)"	"unprognostic (1.28e-1)"	"unprognostic (2.01e-2)"	"unprognostic (2.84e-1)"
PIMREG	"CATS, FAM64A, FLJ10156, FLJ10491, RCS1"	ENSG00000129195	"PICALM interacting mitotic regulator"	Q9BSJ6	17	6444441-6451469	"Predicted intracellular proteins"	"Cell cycle, Cell division, Mitosis"			"Evidence at protein level"	"Evidence at protein level"	"Evidence at protein level"	"Evidence at protein level"	"Tissue enhanced"	"Detected in some"		"lymphoid tissue: 13.0"	"Cell type enhanced"	"Detected in some"		"Enteric stem cells: 6.0;Enteric transient amplifying cells: 18.9;Epicardial cells: 6.8;Esophageal basal cells: 9.9;Gastric progenitor cells: 15.4;Granulosa cells: 12.2;Hofbauer cells: 15.2;Megakaryocyte progenitors: 12.8;Megakaryocytes: 6.2;Monocyte progenitors: 21.6;Neuroendocrine cells: 6.2;Paneth cells: 11.6"	"Not detected"	"Not detected"			"Low cancer specificity"	"Detected in many"			"Low region specificity"	"Detected in many"			"Immune cell enhanced"	"Detected in single"		"NK-cell: 1.0"	"Low lineage specificity"	"Detected in single"			"Low cancer specificity"	"Detected in all"			"Adrenal gland - Mitotic cells (Adrenal gland), Colon - Mitotic cells (Colon), Heart muscle - Mitotic cells (Heart), Lung - Mitotic cells (Lung), Minor Salivary Gland - Mitotic cells (Minor salivary gland), Skin - Mitotic cells (Skin), Stomach - Mitotic cells (Stomach), Thyroid gland - Mitotic cells (Thyroid)"	"Region enhanced"	"Detected in many"		"white matter: 5.7"	"Low region specificity"	"Detected in some"			"HPA043783, HPA049934"	Uncertain		Enhanced	Nucleoplasm			Yes	Yes			"Cluster 16: Non-specific - Cell proliferation"	"Cluster 59: Lymphoid tissue & Bone marrow - Cell proliferation"	"Cluster 2: Neurons - Nucleosome"	"Cluster 24: Non-specific - Unknown function"	"Cluster 27: Non-specific - Cell proliferation"	20	Nucleoplasm		"HPA043783: , HPA049934: "	"unprognostic (8.36e-2)"	"unprognostic (2.88e-2)"		"unprognostic (7.76e-2)"	"unprognostic (2.40e-1)"	"unprognostic (4.39e-2)"	"unprognostic (1.59e-1)"	"unprognostic (2.97e-2)"	"unprognostic (7.13e-2)"	"potential prognostic unfavorable (4.30e-6)"	"validated prognostic unfavorable (1.57e-9)"	"validated prognostic unfavorable (1.73e-4)"	"potential prognostic unfavorable (6.70e-6)"	"unprognostic (2.62e-2)"		"potential prognostic unfavorable (7.49e-5)"	"unprognostic (4.11e-3)"	"unprognostic (3.46e-2)"	"unprognostic (3.87e-2)"	"unprognostic (3.47e-2)"	"unprognostic (1.72e-1)"	"unprognostic (2.55e-3)"	"unprognostic (4.63e-2)"	"unprognostic (6.91e-2)"	"unprognostic (1.88e-1)"	"unprognostic (6.06e-2)"	"unprognostic (1.38e-1)"	"unprognostic (1.32e-1)"	"unprognostic (2.93e-1)"		"unprognostic (8.64e-2)"
PITPNM2	"NIR3, RDGB2, RDGBA2"	ENSG00000090975	"Phosphatidylinositol transfer protein membrane associated 2"	Q9BZ72	12	122983480-123151090	"Plasma proteins, Predicted intracellular proteins"				"Evidence at protein level"	"Evidence at protein level"	"Evidence at protein level"	"Evidence at protein level"	"Tissue enhanced"	"Detected in all"		"lymphoid tissue: 79.3"	"Cell type enhanced"	"Detected in many"		"Choroid plexus epithelial cells: 438.8;Cone photoreceptor cells: 573.4;Distal convoluted tubule cells: 203.8;Loop of henle epithelial cells: 173.5;Platelets: 259.5;Retinal bipolar cells: 179.2;Retinal horizontal cells: 198.3;Rod photoreceptor cells: 200.1"	"Cell type enhanced"	"Detected in all"		"choroid plexus epithelial cell: 289.5"	"Low cancer specificity"	"Detected in all"			"Low region specificity"	"Detected in all"			"Immune cell enhanced"	"Detected in single"		"NK-cell: 1.9"	"Low lineage specificity"	"Detected in single"			"Low cancer specificity"	"Detected in all"				"Low region specificity"	"Detected in all"			"Low region specificity"	"Detected in all"			"HPA003414, HPA003978"	Approved		Supported	Vesicles			NA	NA			"Cluster 3: Non-specific - Nuclear processes"	"Cluster 80: Thymus - Adaptive immune response"	"Cluster 23: Choroid plexus - Mixed function"	"Cluster 59: Leukemia - T-cell receptor"	"Cluster 79: Photoreceptor cells - Phototransduction"	2	Vesicles		"HPA003414: , HPA003978: "	"unprognostic (2.01e-1)"	"unprognostic (4.66e-2)"	"unprognostic (2.10e-1)"	"unprognostic (4.43e-2)"	"unprognostic (8.82e-2)"	"unprognostic (4.19e-2)"	"unprognostic (1.55e-1)"	"unprognostic (2.87e-3)"	"unprognostic (4.07e-2)"	"unprognostic (2.98e-1)"	"unprognostic (2.52e-1)"	"unprognostic (1.04e-2)"	"unprognostic (1.53e-3)"	"unprognostic (7.81e-2)"	"unprognostic (6.07e-3)"	"unprognostic (9.31e-2)"	"unprognostic (2.08e-1)"	"unprognostic (7.75e-3)"	"unprognostic (8.40e-2)"	"unprognostic (1.03e-1)"	"unprognostic (1.27e-1)"	"unprognostic (5.50e-2)"	"potential prognostic unfavorable (7.14e-5)"	"unprognostic (2.66e-1)"	"unprognostic (3.23e-2)"	"unprognostic (4.96e-3)"	"unprognostic (3.45e-2)"	"unprognostic (1.32e-1)"	"unprognostic (2.91e-1)"	"unprognostic (3.76e-2)"	"unprognostic (1.34e-3)"
PLA2G6	"iPLA2, iPLA2beta, NBIA2, PARK14, PNPLA9"	ENSG00000184381	"Phospholipase A2 group VI"	O60733	22	38111495-38214778	"Disease related genes, Enzymes, Human disease related genes, Metabolic proteins, Potential drug targets, Predicted intracellular proteins, Predicted membrane proteins, RAS pathway related proteins"	"Chemotaxis, Lipid metabolism, Phospholipid metabolism"	"Calmodulin-binding, Hydrolase"	"Disease variant, Dystonia, Neurodegeneration, Parkinson disease, Parkinsonism"	"Evidence at protein level"	"Evidence at protein level"	"Evidence at protein level"	"Evidence at protein level"	"Low tissue specificity"	"Detected in all"			"Cell type enhanced"	"Detected in many"		"Endometrial glandular cells: 162.1;Enterocytes: 176.3;Epicardial cells: 627.7;Megakaryocyte-Erythroid progenitors: 250.9"	"Low cell type specificity"	"Detected in all"			"Low cancer specificity"	"Detected in all"			"Low region specificity"	"Detected in all"			"Immune cell enhanced"	"Detected in many"		"NK-cell: 3.8"	"Low lineage specificity"	"Detected in many"			"Cancer enhanced"	"Detected in all"		"Leukemia: 27.8"	"Adipose subcutaneous - Adipocytes (Subcutaneous), Testis - Early spermatids"	"Low region specificity"	"Detected in all"			"Low region specificity"	"Detected in all"			"HPA000825, HPA001171"	Approved		Supported	"Nuclear speckles,Plasma membrane,Microtubules"			NA	NA			"Cluster 8: Plasmacytoid DCs - Unknown function"	"Cluster 21: Testis - Mixed function"	"Cluster 28: Oligodendrocytes - Mixed function"	"Cluster 47: Leukemia - Hemostasis"	"Cluster 83: Epicardial mesothelial cells - Basic cellular functions"	9	"Plasma membrane"	"Nuclear speckles, Microtubules"	"HPA000825: , HPA001171: "	"unprognostic (5.65e-2)"	"unprognostic (5.72e-2)"	"unprognostic (4.84e-2)"	"unprognostic (1.64e-3)"	"unprognostic (1.84e-1)"	"unprognostic (7.26e-2)"	"unprognostic (1.39e-1)"	"unprognostic (5.23e-2)"	"unprognostic (3.27e-3)"	"unprognostic (3.51e-2)"	"potential prognostic unfavorable (2.40e-4)"	"unprognostic (5.50e-2)"	"unprognostic (7.05e-2)"	"unprognostic (1.61e-2)"	"unprognostic (6.32e-2)"	"unprognostic (1.58e-1)"	"unprognostic (3.68e-1)"	"unprognostic (2.31e-1)"	"unprognostic (4.41e-3)"	"unprognostic (1.62e-1)"	"unprognostic (9.42e-3)"	"unprognostic (1.53e-3)"	"unprognostic (1.14e-2)"	"unprognostic (2.72e-1)"	"unprognostic (5.02e-3)"	"potential prognostic favorable (2.31e-7)"	"unprognostic (1.27e-1)"	"unprognostic (1.20e-1)"	"unprognostic (9.83e-2)"	"unprognostic (1.54e-1)"	"unprognostic (8.21e-2)"
POGLUT2	"EP58, KDELC1, MGC5302"	ENSG00000134901	"Protein O-glucosyltransferase 2"	Q6UW63	13	102784281-102799040	"Predicted intracellular proteins"		"Glycosyltransferase, Transferase"		"Evidence at protein level"	"Evidence at protein level"	"Evidence at protein level"	"Evidence at protein level"	"Low tissue specificity"	"Detected in many"			"Cell type enhanced"	"Detected in many"		"Decidual stromal cells: 19.2;Extravillous trophoblasts: 32.3;Hepatic stellate cells: 19.4;Peritubular myoid cells: 11.4"	"Low cell type specificity"	"Detected in all"			"Low cancer specificity"	"Detected in all"			"Low region specificity"	"Detected in all"			"Immune cell enhanced"	"Detected in some"		"NK-cell: 3.4"	"Group enriched"	"Detected in many"	5	"NK-cells: 3.4;T-cells: 2.2"	"Cancer enhanced"	"Detected in all"		"Kidney cancer: 60.1"	"Adipose subcutaneous - Adipose progenitor cells, Adipose visceral - Adipose progenitor cells, Prostate - Fibroblasts"	"Low region specificity"	"Detected in all"			"Low region specificity"	"Detected in all"			"CAB020780, HPA043946, HPA064398"	Approved		Supported	Nucleoplasm	"Intracellular and membrane"	Enzyme	NA	NA		56000	"Cluster 1: T-cells - Unknown function"	"Cluster 75: Ovary - Mixed function"	"Cluster 28: Oligodendrocytes - Mixed function"	"Cluster 15: Kidney cancer - Membrane components"	"Cluster 108: Fibroblasts - ECM organization"	26	Nucleoplasm		"CAB020780: , HPA043946: , HPA064398: "	"unprognostic (2.37e-1)"	"unprognostic (1.28e-2)"		"unprognostic (1.03e-1)"	"unprognostic (6.01e-3)"	"unprognostic (4.49e-2)"	"unprognostic (1.02e-1)"	"unprognostic (3.42e-3)"	"unprognostic (5.16e-3)"	"unprognostic (5.53e-2)"	"unprognostic (6.27e-3)"	"unprognostic (2.74e-1)"	"unprognostic (8.62e-2)"	"unprognostic (1.75e-3)"		"unprognostic (6.89e-3)"	"potential prognostic unfavorable (4.11e-4)"	"unprognostic (3.12e-2)"	"unprognostic (1.79e-1)"	"unprognostic (2.89e-2)"	"unprognostic (4.69e-3)"	"unprognostic (5.44e-2)"	"unprognostic (8.45e-2)"	"unprognostic (1.96e-3)"	"unprognostic (2.26e-1)"	"unprognostic (8.57e-2)"	"unprognostic (2.90e-2)"	"unprognostic (1.39e-2)"	"unprognostic (1.53e-1)"	"unprognostic (5.17e-2)"	"unprognostic (1.04e-1)"
POLE2	DPE2	ENSG00000100479	"DNA polymerase epsilon 2, accessory subunit"	P56282	14	49643555-49688422	"Essential proteins, FDA approved drug targets, Metabolic proteins, Predicted intracellular proteins"	"DNA replication"	DNA-binding	"FDA approved drug targets"	"Evidence at protein level"	"Evidence at protein level"	"Evidence at protein level"	"Evidence at protein level"	"Tissue enhanced"	"Detected in many"		"bone marrow: 17.3"	"Cell type enhanced"	"Detected in many"		"Differentiating spermatogonia: 81.7;Erythrocyte progenitors: 180.9;Megakaryocyte progenitors: 134.5;Megakaryocyte-Erythroid progenitors: 84.1"	"Low cell type specificity"	"Detected in all"			"Low cancer specificity"	"Detected in all"			"Low region specificity"	"Detected in all"			"Immune cell enhanced"	"Detected in single"		"NK-cell: 1.1"	"Low lineage specificity"	"Detected in single"			"Low cancer specificity"	"Detected in all"			"Spleen - Mitotic cells (Spleen), Stomach - Mitotic cells (Stomach), Testis - Spermatocytes, Testis - Spermatogonia"	"Low region specificity"	"Detected in some"			"Low region specificity"	"Detected in all"			HPA027555	Uncertain		Supported	"Nucleoplasm,Nuclear bodies,Vesicles"			No	No			"Cluster 16: Non-specific - Cell proliferation"	"Cluster 44: Bone marrow - Nuclear processes"	"Cluster 9: Non-specific - Receptor signaling"	"Cluster 30: Non-specific - Gene expression regulation"	"Cluster 66: Erythroid cells - Erythroid differentiation and maturation"	24	"Nucleoplasm, Nuclear bodies"	Vesicles	"HPA027555: "	"unprognostic (6.46e-2)"	"unprognostic (3.63e-1)"	"unprognostic (8.20e-3)"	"unprognostic (7.30e-3)"	"unprognostic (4.33e-2)"	"unprognostic (7.58e-2)"	"unprognostic (7.81e-2)"	"unprognostic (1.42e-1)"	"unprognostic (2.10e-3)"	"potential prognostic unfavorable (5.04e-4)"	"unprognostic (3.80e-2)"	"unprognostic (6.68e-2)"	"unprognostic (1.14e-1)"	"validated prognostic unfavorable (2.63e-4)"	"validated prognostic unfavorable (1.70e-4)"	"potential prognostic unfavorable (7.54e-5)"	"unprognostic (6.87e-3)"	"unprognostic (1.31e-2)"	"unprognostic (4.28e-1)"	"unprognostic (1.04e-1)"	"unprognostic (1.79e-3)"	"validated prognostic unfavorable (4.67e-4)"	"validated prognostic unfavorable (2.21e-4)"	"unprognostic (4.53e-3)"	"unprognostic (1.45e-3)"	"unprognostic (2.80e-1)"	"unprognostic (4.31e-3)"	"unprognostic (1.64e-1)"	"unprognostic (1.02e-1)"	"unprognostic (2.62e-1)"	"unprognostic (3.46e-2)"
RAB27B		ENSG00000041353	"RAB27B, member RAS oncogene family"	O00194	18	54717860-54895516	"Enzymes, Plasma proteins, Predicted intracellular proteins"		Hydrolase		"Evidence at protein level"	"Evidence at protein level"	"Evidence at protein level"	"Evidence at protein level"	"Tissue enhanced"	"Detected in many"		"stomach 1: 41.7"	"Cell type enhanced"	"Detected in many"		"Early spermatids: 274.6;Esophageal apical cells: 306.4;Foveolar cells: 566.9;Late spermatids: 295.3;Mast cells: 618.3;Megakaryocyte progenitors: 377.4;Megakaryocytes: 933.4;Platelets: 1213.7;Prostatic glandular cells: 289.0"	"Low cell type specificity"	"Detected in many"			"Low cancer specificity"	"Detected in many"			"Low region specificity"	"Detected in all"			"Immune cell enhanced"	"Detected in some"		"gdT-cell: 2.2;NK-cell: 2.6"	"Low lineage specificity"	"Detected in many"			"Low cancer specificity"	"Detected in many"			"Adipose subcutaneous - Mast cells, Adrenal gland - Adrenal medulla cells, Lung - Alveolar cells type 2, Pituitary gland - Thyrotropes, Prostate - Prostate glandular cells, Stomach - Gastric mucous cells, Testis - Early spermatids, Testis - Late spermatids, Thyroid gland - T-cells"	"Low region specificity"	"Detected in all"			"Low region specificity"	"Detected in all"			"CAB017712, HPA019849"	Enhanced		Approved	"Golgi apparatus,Plasma membrane,Cytosol"			NA	NA		8900000	"Cluster 24: Non-specific - Transcription"	"Cluster 60: Stomach - Digestion"	"Cluster 14: Neurons - Synaptic function"	"Cluster 14: Myeloid leukemia - Innate immune response"	"Cluster 58: Mast cells - Allergic inflammatory responses"	23	"Golgi apparatus, Plasma membrane"	Cytosol	"CAB017712: , HPA019849: "	"unprognostic (1.39e-1)"	"unprognostic (1.34e-1)"	"potential prognostic unfavorable (6.26e-4)"	"unprognostic (3.48e-2)"	"unprognostic (1.45e-2)"	"unprognostic (5.48e-3)"	"unprognostic (5.42e-2)"	"unprognostic (1.88e-3)"	"unprognostic (3.18e-2)"	"unprognostic (4.48e-2)"	"unprognostic (2.14e-3)"	"unprognostic (6.30e-2)"	"unprognostic (1.90e-3)"		"unprognostic (1.19e-1)"	"potential prognostic unfavorable (3.59e-4)"	"unprognostic (8.39e-3)"	"unprognostic (3.76e-2)"	"unprognostic (3.57e-2)"			"potential prognostic unfavorable (1.49e-4)"	"unprognostic (2.16e-1)"	"unprognostic (3.28e-2)"	"unprognostic (1.07e-1)"	"potential prognostic unfavorable (6.61e-4)"		"unprognostic (1.90e-1)"		"unprognostic (5.52e-1)"	"unprognostic (6.18e-2)"
RNF165	"Ark2C, ARKL2, lncAMPC, RNF111L2"	ENSG00000141622	"Ring finger protein 165"	Q6ZSG1	18	46326809-46463140	"Enzymes, Predicted intracellular proteins"	"Ubl conjugation pathway"	Transferase		"Evidence at protein level"	"Evidence at transcript level"	"Evidence at protein level"	"Evidence at protein level"	"Group enriched"	"Detected in many"	4	"brain: 21.7;retina: 16.9"	"Cell type enhanced"	"Detected in many"		"Brain excitatory neurons: 78.8;Brain inhibitory neurons: 66.4;Cone photoreceptor cells: 93.2;Ependymal cells: 75.5;Epididymal basal cells: 60.5;Epididymal efferent duct ciliated cells: 73.0;Lactotrophs: 84.0;NK-cells: 63.6;Oligodendrocyte progenitor cells: 57.7;Other brain neurons: 56.9;Pituitary stem cells: 70.2;Retinal amacrine cells: 177.8;Retinal horizontal cells: 122.2;Thyrotrophs: 66.6"	"Low cell type specificity"	"Detected in all"			"Low cancer specificity"	"Detected in many"			"Low region specificity"	"Detected in all"			"Immune cell enhanced"	"Detected in single"		"NK-cell: 1.1"	"Low lineage specificity"	"Detected in single"			"Cancer enriched"	"Detected in many"	5	"Neuroblastoma: 12.7"	"Adrenal gland - Adrenal medulla cells, Colon - Enteric glia cells, Pituitary gland - Lactotropes, Prostate - Prostate basal glandular cells, Stomach - Fibroblasts"	"Low region specificity"	"Detected in all"			"Low region specificity"	"Detected in all"			"HPA041615, HPA047798"	Uncertain		Approved	"Nucleoplasm,Plasma membrane"			NA	NA			"Cluster 15: NK-cells - Unknown function"	"Cluster 46: Brain & retina - Neuronal signaling"	"Cluster 40: Astrocytes - Astrocyte-neuron interactions"	"Cluster 17: Neuroblastoma - Neuronal signaling"	"Cluster 109: Neurons - Neuronal signaling"	4	"Nucleoplasm, Plasma membrane"		"HPA041615: , HPA047798: "	"unprognostic (7.83e-2)"	"unprognostic (3.24e-2)"	"unprognostic (4.16e-1)"	"unprognostic (2.76e-2)"			"unprognostic (1.75e-1)"	"potential prognostic favorable (1.20e-4)"	"unprognostic (5.27e-2)"		"unprognostic (6.94e-2)"	"unprognostic (6.59e-3)"						"unprognostic (6.42e-3)"	"unprognostic (3.16e-2)"	"unprognostic (2.10e-1)"	"unprognostic (1.37e-2)"		"unprognostic (1.08e-3)"							"unprognostic (4.52e-2)"	"unprognostic (2.03e-1)"
ROM1	"ROM, TSPAN23"	ENSG00000149489	"Retinal outer segment membrane protein 1"	Q03395	11	62611722-62615116	"Disease related genes, Human disease related genes, Plasma proteins, Predicted intracellular proteins, Predicted membrane proteins"	"Cell adhesion, Sensory transduction, Vision"		"Disease variant, Retinitis pigmentosa"	"Evidence at protein level"	"Evidence at protein level"	"Evidence at protein level"	"Evidence at protein level"	"Tissue enriched"	"Detected in all"	16	"retina: 1101.4"	"Cell type enriched"	"Detected in many"	8	"Rod photoreceptor cells: 1647.4"	"Low cell type specificity"	"Detected in many"			"Cancer enriched"	"Detected in all"	5	"Glioblastoma Multiforme (TCGA): 51.8"	"Low region specificity"	"Detected in all"			"Immune cell enhanced"	"Detected in some"		"NK-cell: 2.7"	"Group enriched"	"Detected in many"	4	"NK-cells: 2.7;T-cells: 1.2"	"Low cancer specificity"	"Detected in many"				"Low region specificity"	"Detected in all"			"Low region specificity"	"Detected in all"			"HPA028910, HPA073279"	Enhanced		Approved	"Nucleoplasm,Plasma membrane,Cytosol"			No	No			"Cluster 24: Non-specific - Transcription"	"Cluster 42: Retina - Visual perception"	"Cluster 19: Astrocytes - Mixed function"	"Cluster 16: Thyroid cancer - Neuronal signaling"	"Cluster 79: Photoreceptor cells - Phototransduction"	4	"Plasma membrane, Cytosol"	Nucleoplasm	"HPA028910: , HPA073279: "	"unprognostic (1.34e-1)"	"unprognostic (3.25e-2)"	"potential prognostic favorable (4.15e-4)"	"unprognostic (8.66e-2)"	"unprognostic (2.49e-2)"	"unprognostic (1.37e-1)"	"unprognostic (3.68e-2)"	"unprognostic (3.73e-2)"	"unprognostic (3.64e-1)"	"unprognostic (2.51e-2)"	"potential prognostic unfavorable (1.54e-4)"	"unprognostic (1.03e-1)"	"unprognostic (6.58e-3)"	"unprognostic (2.84e-1)"	"unprognostic (1.99e-2)"	"potential prognostic favorable (8.75e-4)"	"unprognostic (4.18e-2)"	"unprognostic (3.42e-2)"	"unprognostic (2.36e-1)"	"unprognostic (3.12e-1)"	"unprognostic (3.17e-1)"	"unprognostic (3.19e-2)"	"unprognostic (3.20e-2)"	"unprognostic (5.46e-2)"	"unprognostic (5.50e-2)"	"unprognostic (4.31e-2)"	"unprognostic (6.46e-2)"	"unprognostic (2.12e-1)"	"unprognostic (2.74e-1)"	"unprognostic (2.54e-1)"	"unprognostic (9.48e-2)"
RUNX2	"AML3, CBFA1, CCD, CCD1, PEBP2A1, PEBP2aA1"	ENSG00000124813	"RUNX family transcription factor 2"	Q13950	6	45328157-45664349	"Disease related genes, Human disease related genes, Predicted intracellular proteins, Transcription factors"	"Differentiation, Transcription, Transcription regulation"	DNA-binding	"Disease variant, Dwarfism"	"Evidence at protein level"	"Evidence at protein level"	"Evidence at protein level"	"Evidence at protein level"	"Low tissue specificity"	"Detected in many"			"Cell type enhanced"	"Detected in many"		"Early spermatids: 374.3;Innate lymphoid cells: 924.4;Late spermatids: 390.5;Microglia: 449.9;pDCs: 868.3;Salivary duct cells: 518.3;Salivary ionocytes: 723.4;Thymocytes: 695.3"	"Cell type enhanced"	"Detected in all"		"central nervous system macrophage: 573.2"	"Low cancer specificity"	"Detected in many"			"Low region specificity"	"Detected in all"			"Immune cell enhanced"	"Detected in many"		"NK-cell: 22.2"	"Low lineage specificity"	"Detected in many"			"Cancer enhanced"	"Detected in many"		"Myeloma: 29.5"	"Skin - Endothelial cells, Testis - Early spermatids, Testis - Late spermatids, Thyroid gland - T-cells"	"Low region specificity"	"Detected in many"			"Low region specificity"	"Detected in all"			"CAB008374, HPA022040, CAB062561, CAB068226, HPA070715"	Enhanced		Enhanced	Nucleoplasm			No	No			"Cluster 8: Plasmacytoid DCs - Unknown function"	"Cluster 5: Spleen - Immune response"	"Cluster 20: Macrophages & Microglia - Immune response"	"Cluster 72: Neuronal - Signal transduction"	"Cluster 92: NK-cells & T-cells - Adaptive immunity: Cytotoxicity"	32	Nucleoplasm		"CAB008374: , CAB062561: , CAB068226: , HPA022040: , HPA070715: "	"unprognostic (2.74e-1)"	"unprognostic (9.56e-2)"	"unprognostic (1.02e-1)"	"unprognostic (1.09e-1)"	"unprognostic (1.34e-2)"	"unprognostic (4.25e-2)"	"unprognostic (3.54e-2)"	"unprognostic (2.60e-1)"	"unprognostic (4.92e-2)"	"potential prognostic unfavorable (3.38e-4)"	"validated prognostic unfavorable (6.17e-5)"	"validated prognostic unfavorable (1.61e-4)"	"unprognostic (2.52e-1)"		"unprognostic (4.06e-2)"	"unprognostic (1.58e-2)"	"unprognostic (4.06e-2)"	"unprognostic (1.04e-1)"	"unprognostic (2.96e-2)"	"unprognostic (1.46e-2)"	"unprognostic (4.10e-3)"	"unprognostic (1.58e-2)"	"unprognostic (1.39e-1)"	"unprognostic (1.96e-1)"	"unprognostic (3.81e-3)"	"unprognostic (2.36e-1)"	"unprognostic (2.89e-1)"	"unprognostic (3.76e-3)"	"unprognostic (3.29e-2)"	"unprognostic (9.05e-2)"	"unprognostic (3.84e-2)"
S100A13		ENSG00000189171	"S100 calcium binding protein A13"	Q99584	1	153618787-153631360	"Predicted intracellular proteins, Predicted secreted proteins"	"Protein transport, Transport"			"Evidence at protein level"	"Evidence at protein level"	"Evidence at protein level"	"Evidence at protein level"	"Low tissue specificity"	"Detected in all"			"Cell type enhanced"	"Detected in many"		"Decidual stromal cells: 743.3;Endometrial luminal cells: 463.0;Esophageal apical cells: 855.7;Gastric progenitor cells: 565.2;Hepatic stellate cells: 935.9;Leydig cells: 510.7"	"Cell type enhanced"	"Detected in many"		"astrocyte: 60.9;endothelial cell: 75.1;fibroblast: 61.3"	"Low cancer specificity"	"Detected in all"			"Low region specificity"	"Detected in all"			"Immune cell enhanced"	"Detected in many"		"NK-cell: 33.3"	"Group enriched"	"Detected in all"	5	"dendritic cells: 13.7;NK-cells: 33.3"	"Low cancer specificity"	"Detected in all"			"Pancreas - Endothelial cells"	"Low region specificity"	"Detected in all"			"Low region specificity"	"Detected in all"			"HPA019592, CAB025494"	Approved		Approved	"Nucleoplasm,Nucleoli,Plasma membrane,Cytosol"	"Secreted in other tissues"	Transport	NA	NA		7700	"Cluster 5: Non-specific - Cell proliferation"	"Cluster 69: Parathyroid gland - Mixed function"	"Cluster 19: Astrocytes - Mixed function"	"Cluster 45: Non-specific - Nuclear processes"	"Cluster 108: Fibroblasts - ECM organization"	7	"Plasma membrane, Cytosol"	"Nucleoplasm, Nucleoli"	"CAB025494: , HPA019592: "	"unprognostic (7.22e-2)"	"unprognostic (7.75e-2)"	"unprognostic (7.57e-2)"	"unprognostic (3.00e-1)"	"unprognostic (9.57e-2)"	"unprognostic (3.82e-2)"	"unprognostic (6.11e-2)"	"potential prognostic unfavorable (7.41e-5)"	"unprognostic (1.99e-3)"	"unprognostic (3.78e-1)"	"potential prognostic unfavorable (3.98e-5)"	"unprognostic (2.84e-1)"	"unprognostic (5.10e-2)"	"potential prognostic unfavorable (6.36e-4)"	"unprognostic (4.08e-2)"	"unprognostic (2.52e-1)"	"unprognostic (5.62e-2)"	"unprognostic (1.45e-1)"	"potential prognostic unfavorable (5.10e-4)"	"unprognostic (1.83e-1)"	"unprognostic (1.21e-1)"	"potential prognostic unfavorable (9.18e-4)"	"unprognostic (3.08e-2)"	"unprognostic (2.40e-3)"	"potential prognostic unfavorable (3.30e-5)"	"unprognostic (4.03e-1)"	"unprognostic (1.27e-1)"	"unprognostic (4.94e-3)"	"unprognostic (1.48e-1)"	"unprognostic (1.01e-2)"	"unprognostic (5.10e-2)"
SLC17A9	"C20orf59, FLJ23412, VNUT"	ENSG00000101194	"Solute carrier family 17 member 9"	Q9BYT1	20	62952707-62969585	"Disease related genes, Human disease related genes, Potential drug targets, Predicted membrane proteins, Transporters"	Transport		"Disease variant"	"Evidence at protein level"	"Evidence at transcript level"	"Evidence at protein level"	"Evidence at protein level"	"Tissue enhanced"	"Detected in many"		"liver: 38.5"	"Cell type enhanced"	"Detected in many"		"cDC: 14.0;Foveolar cells: 17.3;Gastric progenitor cells: 16.7;Goblet cells: 18.2;Hematopoietic stem cells: 20.9;Hepatocytes: 61.7;Hofbauer cells: 21.4;Microglia: 14.8;Plasma cells: 49.6"	"Group enriched"	"Detected in some"	9	"central nervous system macrophage: 22.4;leukocyte: 7.9"	"Low cancer specificity"	"Detected in many"			"Low region specificity"	"Detected in all"			"Immune cell enhanced"	"Detected in some"		"NK-cell: 4.9"	"Low lineage specificity"	"Detected in many"			"Cancer enhanced"	"Detected in many"		"Myeloma: 29.4"	"Minor Salivary Gland - Plasma cells"	"Not detected"	"Not detected"			"Low region specificity"	"Detected in some"			HPA047470			Approved	Nucleoplasm			NA	NA			"Cluster 14: Non-specific - Unknown function"	"Cluster 31: Liver - Metabolism & Coagulation"	"Cluster 20: Macrophages & Microglia - Immune response"	"Cluster 2: Mucus-secreting cells - Unknown function"	"Cluster 67: Plasma cells - Plasma cell differentiation"	6	Nucleoplasm		"HPA047470: "	"unprognostic (1.30e-1)"	"unprognostic (2.37e-2)"	"unprognostic (2.46e-1)"	"unprognostic (9.11e-3)"	"unprognostic (1.65e-1)"	"unprognostic (1.42e-2)"	"potential prognostic unfavorable (4.03e-4)"	"unprognostic (1.75e-1)"	"unprognostic (1.04e-2)"		"potential prognostic unfavorable (1.68e-4)"	"unprognostic (1.01e-2)"	"unprognostic (1.92e-3)"	"unprognostic (4.99e-2)"	"unprognostic (1.25e-1)"	"unprognostic (8.77e-3)"	"unprognostic (1.17e-1)"	"unprognostic (8.04e-2)"	"unprognostic (5.02e-2)"	"unprognostic (1.15e-2)"	"unprognostic (1.15e-2)"	"unprognostic (6.65e-2)"	"unprognostic (2.48e-2)"		"unprognostic (1.22e-1)"	"unprognostic (9.36e-2)"	"unprognostic (1.77e-1)"	"unprognostic (6.88e-3)"	"unprognostic (2.68e-2)"	"unprognostic (6.71e-2)"	"unprognostic (1.00e-2)"
SLC25A10	DIC	ENSG00000183048	"Solute carrier family 25 member 10"	Q9UBX3	17	81712236-81721016	"Disease related genes, Human disease related genes, Metabolic proteins, Potential drug targets, Predicted intracellular proteins, Predicted membrane proteins, Transporters"	"Antiport, Lipid transport, Transport"		"Disease variant, Primary mitochondrial disease"	"Evidence at protein level"	"Evidence at protein level"	"Evidence at protein level"	"Evidence at protein level"	"Tissue enhanced"	"Detected in many"		"liver: 179.7"	"Cell type enhanced"	"Detected in many"		"Colonocytes: 48.2;Enteric stem cells: 43.2;Enteric transient amplifying cells: 58.0;Enterocytes: 40.8;Esophageal basal cells: 68.5;Esophageal suprabasal cells: 52.7;Hepatocytes: 47.0;Late primary spermatocytes: 81.3;Late spermatids: 141.0"	"Low cell type specificity"	"Detected in many"			"Low cancer specificity"	"Detected in all"			"Low region specificity"	"Detected in all"			"Immune cell enhanced"	"Detected in single"		"NK-cell: 1.0"	"Low lineage specificity"	"Detected in single"			"Low cancer specificity"	"Detected in all"			"Adipose subcutaneous - Adipocytes (Subcutaneous), Adipose visceral - Adipocytes (Visceral), Heart muscle - Cardiomyocytes, Kidney - Proximal tubular cells, Liver - Hepatocytes, Spleen - Mitotic cells (Spleen), Testis - Early spermatids, Testis - Late spermatids"	"Low region specificity"	"Detected in all"			"Low region specificity"	"Detected in all"			HPA023048	Supported		Supported	Nucleoplasm,Mitochondria			NA	NA				"Cluster 31: Liver - Metabolism & Coagulation"	"Cluster 19: Astrocytes - Mixed function"	"Cluster 27: Breast cancer - Unknown function"	"Cluster 97: Non-specific - Cellular respiration"	16	Mitochondria	Nucleoplasm	"HPA023048: "	"unprognostic (6.53e-2)"	"unprognostic (1.89e-1)"	"unprognostic (1.91e-1)"	"unprognostic (1.01e-1)"	"unprognostic (1.44e-2)"	"unprognostic (5.56e-3)"	"unprognostic (5.70e-3)"	"unprognostic (1.68e-2)"	"potential prognostic favorable (7.69e-4)"	"potential prognostic unfavorable (9.55e-4)"	"unprognostic (4.67e-2)"	"unprognostic (5.22e-2)"	"unprognostic (8.83e-2)"	"unprognostic (7.77e-2)"	"unprognostic (2.23e-1)"	"unprognostic (1.54e-1)"	"unprognostic (6.11e-3)"	"unprognostic (2.87e-1)"	"unprognostic (3.08e-2)"	"unprognostic (9.57e-3)"	"unprognostic (1.82e-2)"	"unprognostic (2.61e-2)"	"unprognostic (6.43e-2)"	"unprognostic (1.21e-1)"	"unprognostic (8.29e-3)"	"unprognostic (2.08e-1)"	"unprognostic (7.18e-3)"	"unprognostic (1.68e-1)"	"unprognostic (2.66e-1)"	"unprognostic (7.20e-3)"	"unprognostic (1.72e-1)"
SLC44A1	"CD92, CDW92, CHTL1, CTL1"	ENSG00000070214	"Solute carrier family 44 member 1"	Q8WWI5	9	105244622-105439171	"CD markers, Disease related genes, Metabolic proteins, Potential drug targets, Predicted membrane proteins, Transporters"	"Antiport, Transport"		Neurodegeneration	"Evidence at protein level"	"Evidence at protein level"	"Evidence at protein level"	"Evidence at protein level"	"Tissue enhanced"	"Detected in all"		"brain: 229.5"	"Group enriched"	"Detected in all"	4	"Megakaryocyte progenitors: 1004.7;Oligodendrocytes: 3391.3"	"Group enriched"	"Detected in all"	7	"committed oligodendrocyte precursor: 2570.1;oligodendrocyte: 4379.5"	"Low cancer specificity"	"Detected in all"			"Low region specificity"	"Detected in all"			"Immune cell enhanced"	"Detected in many"		"NK-cell: 8.5"	"Low lineage specificity"	"Detected in all"			"Low cancer specificity"	"Detected in all"			"Liver - Hepatocytes, Prostate - Fibroblasts"	"Low region specificity"	"Detected in all"			"Low region specificity"	"Detected in all"			"HPA064714, HPA074007"	Enhanced		Supported	Nucleoplasm,Mitochondria			NA	NA		93000	"Cluster 14: Non-specific - Unknown function"	"Cluster 3: Oligodendrocytes - Myelination"	"Cluster 30: White matter - Myelination"	"Cluster 44: Connective tissue cells - ECM organization"	"Cluster 80: Oligodendrocytes - Myelination"	2	Mitochondria	Nucleoplasm	"HPA064714: , HPA074007: "	"unprognostic (2.83e-2)"	"unprognostic (1.04e-1)"	"unprognostic (3.82e-2)"	"unprognostic (1.77e-2)"	"unprognostic (1.49e-1)"	"unprognostic (1.50e-1)"	"unprognostic (9.56e-2)"	"unprognostic (4.94e-2)"	"unprognostic (1.03e-1)"	"unprognostic (1.30e-1)"	"validated prognostic favorable (3.88e-10)"	"validated prognostic favorable (1.84e-4)"	"unprognostic (7.81e-3)"	"unprognostic (2.88e-2)"	"unprognostic (1.59e-3)"	"unprognostic (2.75e-3)"	"unprognostic (6.35e-3)"	"unprognostic (1.01e-1)"	"unprognostic (9.57e-2)"	"unprognostic (5.63e-3)"	"potential prognostic unfavorable (6.05e-4)"	"potential prognostic unfavorable (9.71e-4)"	"unprognostic (2.46e-2)"	"unprognostic (1.60e-1)"	"unprognostic (1.22e-1)"	"unprognostic (2.89e-2)"	"unprognostic (2.63e-1)"	"unprognostic (1.21e-1)"	"unprognostic (2.38e-1)"	"unprognostic (1.59e-1)"	"unprognostic (3.48e-1)"
SLC9B2	"FLJ23984, NHA2, NHEDC2"	ENSG00000164038	"Solute carrier family 9 member B2"	Q86UD5	4	103019868-103085829	"Predicted membrane proteins, Transporters"	"Antiport, Hydrogen ion transport, Ion transport, Sodium transport, Transport"			"Evidence at protein level"	"Evidence at transcript level"	"Evidence at protein level"	"Evidence at protein level"	"Tissue enhanced"	"Detected in many"		"liver: 36.2"	"Cell type enhanced"	"Detected in many"		"Cone photoreceptor cells: 89.0;Hepatocytes: 79.9;Smooth muscle cells: 134.2"	"Low cell type specificity"	"Detected in all"			"Low cancer specificity"	"Detected in many"			"Low region specificity"	"Detected in all"			"Immune cell enhanced"	"Detected in many"		"NK-cell: 11.9"	"Group enriched"	"Detected in many"	5	"B-cells: 5.1;NK-cells: 11.9;T-cells: 6.4"	"Low cancer specificity"	"Detected in many"			"Liver - Hepatocytes, Skeletal muscle - Endothelial cells, Spleen - B-cells (Spleen)"	"Not detected"	"Not detected"			"Low region specificity"	"Detected in all"			HPA047008	Uncertain		Uncertain	"Nucleoplasm,Cell Junctions"			NA	NA			"Cluster 24: Non-specific - Transcription"	"Cluster 36: Brain & Liver - Signaling"	"Cluster 52: Neurons & Synapses - Synaptic function"	"Cluster 59: Leukemia - T-cell receptor"	"Cluster 103: Non-specific - Basic cellular processes"	1	Nucleoplasm	"Cell Junctions"	"HPA047008: "	"unprognostic (4.07e-2)"	"unprognostic (1.25e-1)"		"unprognostic (1.61e-1)"	"unprognostic (1.22e-1)"	"unprognostic (3.89e-2)"	"unprognostic (2.98e-1)"	"unprognostic (1.16e-1)"	"unprognostic (1.89e-1)"		"unprognostic (1.40e-3)"	"unprognostic (1.04e-1)"	"unprognostic (7.77e-2)"	"unprognostic (5.99e-3)"		"unprognostic (1.40e-2)"	"unprognostic (8.12e-3)"	"unprognostic (2.25e-2)"	"unprognostic (2.86e-1)"	"unprognostic (7.97e-3)"	"unprognostic (1.31e-2)"	"unprognostic (4.14e-2)"	"unprognostic (8.90e-2)"	"unprognostic (1.73e-1)"	"unprognostic (1.27e-2)"	"unprognostic (3.20e-2)"	"unprognostic (4.79e-1)"	"unprognostic (4.59e-2)"	"unprognostic (1.55e-1)"	"unprognostic (2.43e-2)"	"unprognostic (2.37e-1)"
SLFN13	FLJ31952	ENSG00000154760	"Schlafen family member 13"	Q68D06	17	35435096-35448837	"Predicted intracellular proteins"		"Endonuclease, Hydrolase, Nuclease"		"Evidence at protein level"	"Evidence at transcript level"	"Evidence at protein level"	"Evidence at protein level"	"Tissue enhanced"	"Detected in many"		"bone marrow: 24.2;salivary gland: 30.6"	"Cell type enhanced"	"Detected in many"		"Breast lactating cells: 141.6;Choroid plexus epithelial cells: 47.2;Endometrial ciliated cells: 88.2;Epididymal efferent duct ciliated cells: 59.6;Erythrocyte progenitors: 81.7;Fallopian tube ciliated cells: 129.3;Lacrimal acinar cells: 50.7;Neutrophil progenitors: 59.6;NK-cells: 93.6;Respiratory ciliated cells: 121.7;Salivary acinar cells: 70.7"	"Group enriched"	"Detected in some"	4	"choroid plexus epithelial cell: 32.1;endothelial cell: 31.5;leukocyte: 37.3"	"Low cancer specificity"	"Detected in many"			"Low region specificity"	"Detected in all"			"Immune cell enhanced"	"Detected in some"		"NK-cell: 5.3"	"Group enriched"	"Detected in many"	4	"granulocytes: 4.5;NK-cells: 5.3"	"Low cancer specificity"	"Detected in many"												"HPA022532, HPA023064"	Uncertain		Approved	"Cytokinetic bridge"			Yes	No			"Cluster 15: NK-cells - Unknown function"	"Cluster 60: Stomach - Digestion"	"Cluster 42: Choroid plexus - Mitochondria"	"Cluster 55: Lymphoma - Immune response"	"Cluster 92: NK-cells & T-cells - Adaptive immunity: Cytotoxicity"		"Cytokinetic bridge"		"HPA022532: , HPA023064: "	"unprognostic (2.94e-2)"	"unprognostic (3.83e-1)"	"unprognostic (5.30e-3)"	"unprognostic (2.46e-2)"	"unprognostic (1.97e-1)"	"unprognostic (2.65e-2)"	"unprognostic (3.94e-1)"	"unprognostic (1.70e-1)"	"unprognostic (2.72e-2)"	"unprognostic (7.10e-2)"	"potential prognostic favorable (1.62e-5)"	"unprognostic (8.52e-2)"	"unprognostic (4.15e-2)"	"unprognostic (5.21e-2)"	"potential prognostic unfavorable (6.49e-5)"	"unprognostic (1.14e-1)"	"unprognostic (1.59e-1)"	"potential prognostic unfavorable (5.57e-5)"	"unprognostic (4.22e-2)"	"unprognostic (1.18e-1)"	"unprognostic (7.50e-2)"	"unprognostic (3.59e-3)"	"unprognostic (1.55e-2)"		"unprognostic (1.64e-1)"	"unprognostic (9.25e-2)"	"unprognostic (2.61e-1)"	"unprognostic (6.22e-2)"	"unprognostic (1.97e-1)"	"unprognostic (2.10e-2)"	"unprognostic (1.23e-1)"
SMIM10	CXorf69	ENSG00000184785	"Small integral membrane protein 10"	Q96HG1	X	134990991-134992473	"Predicted membrane proteins"				"Evidence at protein level"	"Evidence at transcript level"	"No human protein/transcript evidence"	"Evidence at protein level"	"Tissue enhanced"	"Detected in all"		"blood vessel: 48.5"	"Cell type enhanced"	"Detected in many"		"Decidual stromal cells: 30.9;Erythrocyte progenitors: 65.4;Fallopian tube ciliated cells: 56.6;Megakaryocyte-Erythroid progenitors: 39.9;Megakaryocytes: 49.5;Melanocytes: 34.6;Pericytes: 33.3;Sertoli cells: 59.2;Smooth muscle cells: 38.1;Vascular smooth muscle cells: 61.7"	"Cell type enhanced"	"Detected in many"		"endothelial cell: 18.0;vascular associated smooth muscle cell: 29.0"	"Low cancer specificity"	"Detected in all"			"Low region specificity"	"Detected in all"			"Immune cell enhanced"	"Detected in some"		"eosinophil: 2.0;NK-cell: 3.4"	"Low lineage specificity"	"Detected in many"			"Low cancer specificity"	"Detected in many"			"Testis - Sertoli cells"																NA	NA			"Cluster 14: Non-specific - Unknown function"	"Cluster 74: Non-specific - Signal transduction"	"Cluster 43: Hindbrain - Mixed function"	"Cluster 71: Lymphoma - Inflammatory response"	"Cluster 62: Smooth muscle cells - Muscle contraction"					"unprognostic (2.69e-1)"	"unprognostic (5.18e-2)"		"unprognostic (2.56e-3)"	"unprognostic (1.36e-3)"	"unprognostic (4.03e-2)"	"unprognostic (4.47e-2)"	"potential prognostic unfavorable (8.61e-8)"	"unprognostic (3.51e-3)"	"unprognostic (1.03e-3)"	"potential prognostic favorable (8.18e-5)"	"unprognostic (8.70e-3)"	"unprognostic (4.61e-1)"	"unprognostic (1.23e-2)"		"unprognostic (7.71e-2)"	"potential prognostic unfavorable (9.40e-4)"	"unprognostic (3.61e-1)"	"unprognostic (1.36e-1)"	"unprognostic (3.65e-3)"	"unprognostic (9.69e-2)"	"unprognostic (8.68e-2)"	"unprognostic (8.31e-2)"	"unprognostic (2.30e-2)"	"unprognostic (1.04e-1)"	"unprognostic (5.56e-2)"	"unprognostic (1.04e-1)"	"unprognostic (3.89e-3)"	"unprognostic (1.27e-1)"	"unprognostic (2.47e-1)"	"unprognostic (1.04e-1)"
SMIM24	"C19orf77, HSPC323"	ENSG00000095932	"Small integral membrane protein 24"	O75264	19	3473986-3480525	"Predicted intracellular proteins, Predicted membrane proteins"				"Evidence at protein level"	"Evidence at protein level"	"Evidence at transcript level"	"Evidence at protein level"	"Group enriched"	"Detected in many"	7	"epididymis: 1491.1;intestine: 708.4;kidney: 785.7"	"Group enriched"	"Detected in many"	5	"Enterocytes: 3849.8;Epididymal efferent duct absorptive cells: 1015.5;Epididymal principal cells: 2513.0"	"Not detected"	"Not detected"			"Cancer enhanced"	"Detected in many"		"Kidney Chromophobe (TCGA): 728.1"	"Low region specificity"	"Detected in all"			"Immune cell enhanced"	"Detected in many"		"NK-cell: 5.9"	"Low lineage specificity"	"Detected in many"			"Group enriched"	"Detected in many"	5	"Gastric cancer: 35.6;Leukemia: 96.4"	"Colon - Colon enterocytes, Kidney - Proximal tubular cells, Kidney - Proximal tubular cells, Pancreas - Alpha cells, Prostate - Prostate glandular cells, Stomach - Gastric mucous cells, Testis - Late spermatids"	"Low region specificity"	"Detected in many"			"Not detected"	"Not detected"			"HPA045046, HPA056027"	Enhanced		Approved	Nucleoplasm,Cytosol			NA	NA			"Cluster 15: NK-cells - Unknown function"	"Cluster 22: Epididymis - Mixed function"	"Cluster 23: Choroid plexus - Mixed function"	"Cluster 14: Myeloid leukemia - Innate immune response"	"Cluster 10: Epididymal principal cells - Sperm maturation microenvironment"		Nucleoplasm	Cytosol	"HPA045046: , HPA056027: "	"unprognostic (5.66e-3)"			"unprognostic (3.00e-2)"	"unprognostic (3.39e-2)"	"unprognostic (2.51e-1)"	"unprognostic (1.42e-1)"			"unprognostic (8.57e-2)"	"validated prognostic favorable (3.19e-10)"	"validated prognostic favorable (3.74e-6)"	"unprognostic (4.98e-2)"	"unprognostic (1.38e-1)"		"unprognostic (3.26e-1)"	"unprognostic (3.38e-2)"	"unprognostic (2.03e-2)"	"unprognostic (1.28e-1)"	"unprognostic (1.06e-1)"	"unprognostic (2.67e-1)"	"unprognostic (2.27e-1)"	"unprognostic (1.93e-2)"	"unprognostic (1.38e-1)"	"unprognostic (3.46e-1)"	"unprognostic (2.33e-1)"		"unprognostic (1.84e-2)"	"unprognostic (2.12e-1)"	"unprognostic (2.15e-1)"	"unprognostic (3.00e-1)"
SOX13	"ICA12, MGC117216, Sox-13"	ENSG00000143842	"SRY-box transcription factor 13"	Q9UN79	1	204073115-204127743	"Disease related genes, Plasma proteins, Predicted intracellular proteins, Transcription factors"	"Differentiation, Transcription, Transcription regulation"	"DNA-binding, Repressor"		"Evidence at protein level"	"Evidence at protein level"	"Evidence at protein level"	"Evidence at protein level"	"Low tissue specificity"	"Detected in many"			"Cell type enhanced"	"Detected in many"		"Endometrial luminal cells: 85.0;Mast cells: 84.6;Oligodendrocyte progenitor cells: 98.4;Vascular smooth muscle cells: 80.7"	"Cell type enhanced"	"Detected in many"		"endothelial cell: 119.9;oligodendrocyte precursor cell: 116.6;vascular associated smooth muscle cell: 97.3"	"Low cancer specificity"	"Detected in all"			"Low region specificity"	"Detected in all"			"Immune cell enhanced"	"Detected in single"		"NK-cell: 1.6"	"Low lineage specificity"	"Detected in single"			"Low cancer specificity"	"Detected in all"			"Kidney - Fibroblasts, Testis - Endothelial cells"	"Low region specificity"	"Detected in all"			"Low region specificity"	"Detected in all"			"HPA051790, HPA054843"			Enhanced	Nucleoplasm			NA	NA			"Cluster 15: NK-cells - Unknown function"	"Cluster 74: Non-specific - Signal transduction"	"Cluster 19: Astrocytes - Mixed function"	"Cluster 27: Breast cancer - Unknown function"	"Cluster 105: Non-specific - Mixed function"	13	Nucleoplasm		"HPA051790: , HPA054843: "	"unprognostic (3.36e-2)"	"unprognostic (4.15e-3)"	"unprognostic (2.27e-1)"	"unprognostic (2.03e-1)"	"unprognostic (6.09e-2)"	"potential prognostic unfavorable (9.21e-4)"	"unprognostic (3.03e-1)"	"potential prognostic favorable (2.80e-4)"	"unprognostic (2.17e-2)"	"unprognostic (3.08e-2)"	"potential prognostic favorable (5.57e-8)"	"unprognostic (1.82e-3)"	"unprognostic (1.33e-1)"	"unprognostic (3.42e-2)"	"unprognostic (2.26e-2)"	"unprognostic (7.31e-2)"	"unprognostic (8.23e-2)"	"unprognostic (5.06e-2)"	"unprognostic (8.54e-3)"	"unprognostic (2.83e-1)"	"unprognostic (3.58e-1)"	"unprognostic (1.32e-2)"	"unprognostic (4.92e-2)"	"unprognostic (2.68e-1)"	"unprognostic (6.15e-2)"	"unprognostic (3.57e-1)"	"unprognostic (3.21e-1)"	"unprognostic (7.88e-2)"	"unprognostic (5.63e-2)"	"unprognostic (1.65e-2)"	"unprognostic (2.13e-2)"
SPIN4	"FLJ44984, TDRD28"	ENSG00000186767	"Spindlin family member 4"	Q56A73	X	63347228-63351332	"Predicted intracellular proteins"				"Evidence at protein level"	"Evidence at protein level"	"Evidence at protein level"	"Evidence at protein level"	"Low tissue specificity"	"Detected in many"			"Cell type enhanced"	"Detected in some"		"Distal convoluted tubule cells: 2.2;Loop of henle epithelial cells: 2.3;Podocytes: 5.9;Proximal tubule cells: 3.0;Renal collecting duct intercalated cells: 1.5;Renal collecting duct principal cells: 1.4;Renal connecting tubule cells: 2.1"	"Not detected"	"Not detected"			"Low cancer specificity"	"Detected in many"			"Low region specificity"	"Detected in all"			"Immune cell enhanced"	"Detected in some"		"NK-cell: 2.6"	"Low lineage specificity"	"Detected in many"			"Low cancer specificity"	"Detected in all"				"Low region specificity"	"Detected in some"			"Low region specificity"	"Detected in many"			"HPA001014, HPA044559"	Uncertain		Approved	Nucleoplasm,Centrosome,Cytosol			NA	Yes			"Cluster 42: Non-specific - Vesicular transport"	"Cluster 11: Esophagus - Basic cellular processes"	"Cluster 56: Hypothalamus - Neuropeptide signaling"	"Cluster 47: Leukemia - Hemostasis"	"Cluster 105: Non-specific - Mixed function"	6	"Nucleoplasm, Cytosol"	Centrosome	"HPA001014: , HPA044559: "	"unprognostic (3.37e-2)"	"unprognostic (3.00e-1)"	"unprognostic (7.19e-3)"	"unprognostic (1.92e-1)"	"unprognostic (1.31e-1)"	"unprognostic (2.88e-2)"	"unprognostic (3.21e-1)"	"unprognostic (2.10e-1)"	"unprognostic (2.62e-1)"		"potential prognostic favorable (7.31e-4)"	"unprognostic (3.68e-1)"	"unprognostic (9.03e-3)"		"unprognostic (1.39e-2)"	"potential prognostic unfavorable (6.08e-4)"	"unprognostic (4.50e-2)"	"unprognostic (1.06e-1)"	"unprognostic (2.77e-2)"	"unprognostic (6.04e-2)"	"unprognostic (1.63e-1)"	"potential prognostic unfavorable (8.22e-4)"	"unprognostic (4.17e-3)"	"unprognostic (1.20e-1)"	"unprognostic (7.00e-3)"	"unprognostic (1.38e-1)"	"unprognostic (3.34e-2)"	"unprognostic (1.16e-2)"	"unprognostic (2.36e-1)"	"unprognostic (6.64e-2)"	"unprognostic (1.06e-1)"
SPRY2	hSPRY2	ENSG00000136158	"Sprouty RTK signaling antagonist 2"	O43597	13	80335976-80341126	"Disease related genes, Plasma proteins, Predicted membrane proteins"		"Developmental protein"	"Disease variant"	"Evidence at protein level"	"Evidence at protein level"	"Evidence at protein level"	"Evidence at protein level"	"Low tissue specificity"	"Detected in all"			"Cell type enhanced"	"Detected in many"		"Bergmann glia: 133.5;Epididymal basal cells: 103.0;Müller glia: 99.2;Schwann cells: 86.7"	"Cell type enhanced"	"Detected in all"		"Bergmann glia: 157.4"	"Low cancer specificity"	"Detected in all"			"Low region specificity"	"Detected in all"			"Immune cell enhanced"	"Detected in some"		"NK-cell: 4.1"	"Low lineage specificity"	"Detected in many"			"Low cancer specificity"	"Detected in all"			"Prostate - Fibroblasts, Spleen - Endothelial cells"	"Low region specificity"	"Detected in all"			"Low region specificity"	"Detected in all"			"CAB037205, HPA042198"	Approved		Supported	"Actin filaments,Microtubules"			NA	NA			"Cluster 15: NK-cells - Unknown function"	"Cluster 14: Adipose tissue - Angiogenesis"	"Cluster 25: Non-specific - Transcription"	"Cluster 69: Skin cancer - ECM organization"	"Cluster 110: Mural cells - ECM organization"	80	"Actin filaments, Microtubules"		"CAB037205: , HPA042198: "	"unprognostic (1.30e-1)"	"unprognostic (2.27e-2)"	"unprognostic (2.05e-1)"	"unprognostic (6.16e-3)"	"unprognostic (1.42e-1)"	"unprognostic (6.04e-2)"	"unprognostic (5.60e-2)"	"unprognostic (9.44e-3)"	"unprognostic (4.54e-2)"	"unprognostic (1.75e-2)"	"validated prognostic favorable (4.41e-5)"	"validated prognostic favorable (3.37e-4)"	"unprognostic (1.08e-2)"	"unprognostic (8.86e-3)"	"unprognostic (9.05e-3)"	"unprognostic (6.39e-3)"	"unprognostic (2.52e-3)"	"unprognostic (1.12e-1)"	"unprognostic (4.29e-2)"	"unprognostic (1.47e-1)"	"unprognostic (1.10e-1)"	"unprognostic (1.42e-1)"	"unprognostic (3.92e-1)"	"unprognostic (9.84e-2)"	"unprognostic (1.76e-1)"	"unprognostic (2.26e-2)"	"unprognostic (3.86e-2)"	"unprognostic (2.29e-1)"	"unprognostic (3.82e-1)"	"unprognostic (1.05e-1)"	"unprognostic (6.28e-3)"
SPTLC3	"C20orf38, FLJ11112, hLCB2b, LCB2B, SPTLC2L"	ENSG00000172296	"Serine palmitoyltransferase long chain base subunit 3"	Q9NUV7	20	13008972-13169103	"Enzymes, Metabolic proteins, Predicted intracellular proteins, Predicted membrane proteins"	"Lipid metabolism, Sphingolipid metabolism"	"Acyltransferase, Transferase"		"Evidence at protein level"	"Evidence at protein level"	"Evidence at protein level"	"Evidence at protein level"	"Low tissue specificity"	"Detected in many"			"Cell type enhanced"	"Detected in many"		"Endometrial glandular cells: 284.3;Endometrial luminal cells: 127.2;Pituicytes/FSCs: 183.0;Proximal tubule cells: 128.3;Renal collecting duct intercalated cells: 180.2;Salivary ionocytes: 133.9;Sertoli cells: 154.2;Syncytiotrophoblasts: 126.5;Thymocytes: 127.0"	"Group enriched"	"Detected in many"	4	"central nervous system macrophage: 139.0;choroid plexus epithelial cell: 45.9;endothelial cell: 40.7;fibroblast: 136.5"	"Low cancer specificity"	"Detected in all"			"Low region specificity"	"Detected in all"			"Immune cell enhanced"	"Detected in single"		"NK-cell: 1.5"	"Low lineage specificity"	"Detected in single"			"Low cancer specificity"	"Detected in many"			"Skin - Keratinocyte (granular)"	"Low region specificity"	"Detected in some"			"Low region specificity"	"Detected in all"			"HPA044247, HPA048079"	Enhanced		Approved	Microtubules			NA	NA			"Cluster 24: Non-specific - Transcription"	"Cluster 58: Skin - Keratinization"	"Cluster 20: Macrophages & Microglia - Immune response"	"Cluster 72: Neuronal - Signal transduction"	"Cluster 51: Secretory epithelial cells - Mixed function"	3	Microtubules		"HPA044247: , HPA048079: "	"unprognostic (5.96e-2)"	"unprognostic (1.65e-1)"	"unprognostic (2.06e-1)"	"unprognostic (3.57e-2)"	"unprognostic (1.22e-1)"	"unprognostic (5.59e-3)"	"unprognostic (5.33e-2)"	"unprognostic (4.44e-2)"	"unprognostic (2.01e-1)"	"unprognostic (1.23e-1)"	"validated prognostic favorable (3.51e-7)"	"validated prognostic favorable (1.86e-4)"	"unprognostic (1.10e-2)"	"unprognostic (4.09e-3)"	"unprognostic (2.48e-2)"	"unprognostic (2.57e-1)"	"unprognostic (1.86e-1)"	"unprognostic (1.23e-2)"	"unprognostic (5.00e-2)"	"unprognostic (6.03e-2)"	"unprognostic (2.36e-1)"	"potential prognostic unfavorable (1.28e-4)"	"unprognostic (2.44e-1)"	"unprognostic (5.85e-2)"	"unprognostic (8.13e-2)"	"unprognostic (1.14e-1)"	"unprognostic (2.70e-1)"	"unprognostic (5.44e-2)"	"unprognostic (1.92e-1)"	"unprognostic (4.11e-1)"	"unprognostic (1.65e-1)"
STAP2	"BKS, STAP-2"	ENSG00000178078	"Signal transducing adaptor family member 2"	Q9UGK3	19	4324043-4342786	"Predicted intracellular proteins"				"Evidence at protein level"	"Evidence at protein level"	"Evidence at protein level"	"Evidence at protein level"	"Tissue enhanced"	"Detected in many"		"esophagus: 89.7"	"Cell type enhanced"	"Detected in many"		"Colonocytes: 356.0;Enteric stem cells: 127.4;Enteric transient amplifying cells: 177.8;Enterocytes: 425.4;Esophageal apical cells: 378.7;Esophageal basal cells: 160.2;Esophageal suprabasal cells: 290.4;Goblet cells: 151.1;Suprabasal keratinocytes: 129.0"	"Low cell type specificity"	"Detected in many"			"Low cancer specificity"	"Detected in all"			"Low region specificity"	"Detected in all"			"Immune cell enhanced"	"Detected in many"		"NK-cell: 8.0"	"Group enriched"	"Detected in many"	6	"dendritic cells: 2.2;NK-cells: 8.0;T-cells: 2.5"	"Low cancer specificity"	"Detected in many"			"Adipose visceral - Mesothelial cells, Breast - Breast glandular cells, Colon - Colon enterocytes, Skin - Keratinocyte (other)"	"Region enriched"	"Detected in many"	13	"cerebellum: 20.5"	"Low region specificity"	"Detected in some"			"HPA002375, HPA027761"	Approved						NA	NA			"Cluster 9: T-regs - Cell cycle regulation"	"Cluster 17: Intestine - Digestion"	"Cluster 48: Non-specific - Mixed function"	"Cluster 53: Squamous epithelial cells - Keratinization"	"Cluster 45: Colonocytes & Enterocytes - Gastrointestinal absorption & barrier"	19			"HPA002375: , HPA027761: "	"unprognostic (1.88e-3)"	"unprognostic (5.62e-2)"	"unprognostic (7.01e-2)"	"unprognostic (8.64e-3)"	"unprognostic (5.27e-2)"	"unprognostic (1.14e-1)"	"unprognostic (4.09e-2)"	"unprognostic (7.88e-2)"	"unprognostic (3.53e-3)"	"unprognostic (8.50e-2)"	"potential prognostic favorable (6.59e-5)"	"unprognostic (1.05e-1)"	"potential prognostic favorable (2.27e-4)"	"unprognostic (1.76e-1)"	"unprognostic (2.85e-1)"	"unprognostic (4.75e-2)"	"unprognostic (3.77e-2)"	"unprognostic (4.84e-2)"	"unprognostic (2.03e-1)"	"unprognostic (4.42e-2)"	"unprognostic (1.08e-1)"	"unprognostic (1.94e-2)"	"unprognostic (2.42e-1)"	"unprognostic (2.66e-1)"	"unprognostic (7.75e-2)"	"unprognostic (4.90e-1)"	"unprognostic (8.04e-2)"	"unprognostic (2.73e-2)"	"unprognostic (6.46e-2)"	"unprognostic (6.45e-2)"	"unprognostic (1.32e-2)"
SYCE2	CESC1	ENSG00000161860	"Synaptonemal complex central element protein 2"	Q6PIF2	19	12898786-12919293	"Predicted intracellular proteins"	"Cell cycle, Cell division, Meiosis"			"Evidence at protein level"	"Evidence at protein level"	"Evidence at protein level"	"Evidence at protein level"	"Tissue enriched"	"Detected in some"	8	"testis: 25.3"	"Group enriched"	"Detected in many"	4	"Early primary spermatocytes: 417.4;Late primary spermatocytes: 118.1"	"Cell type enhanced"	"Detected in all"		"Bergmann glia: 30.7"	"Low cancer specificity"	"Detected in many"			"Low region specificity"	"Detected in all"			"Immune cell enhanced"	"Detected in single"		"NK-cell: 2.7"	"Lineage enhanced"	"Detected in single"		"NK-cells: 2.7"	"Low cancer specificity"	"Detected in many"			"Testis - Early spermatids"	"Low region specificity"	"Detected in many"			"Low region specificity"	"Detected in all"			"HPA042080, HPA062919"	Enhanced		Supported	Nucleoplasm			NA	NA			"Cluster 19: Eosinophils - Unknown function"	"Cluster 67: Testis - Mixed function"	"Cluster 6: Non-specific - Immune response"	"Cluster 59: Leukemia - T-cell receptor"	"Cluster 3: Early primary spermatocytes - Early meiosis"	13	Nucleoplasm		"HPA042080: , HPA062919: "	"unprognostic (1.97e-2)"	"unprognostic (1.27e-1)"	"unprognostic (1.67e-1)"	"potential prognostic favorable (2.21e-5)"		"unprognostic (5.70e-2)"	"unprognostic (3.38e-1)"	"unprognostic (1.59e-1)"	"unprognostic (7.09e-2)"						"unprognostic (2.73e-2)"	"unprognostic (4.89e-2)"	"unprognostic (1.57e-2)"	"unprognostic (1.32e-3)"	"unprognostic (4.60e-2)"	"unprognostic (3.99e-2)"	"unprognostic (3.15e-1)"			"unprognostic (1.14e-1)"		"unprognostic (1.52e-1)"	"unprognostic (9.39e-3)"	"unprognostic (1.42e-3)"	"unprognostic (2.01e-1)"		"unprognostic (1.68e-1)"
TBX21	"T-bet, TBLYM"	ENSG00000073861	"T-box transcription factor 21"	Q9UL17	17	47733236-47746122	"Disease related genes, Human disease related genes, Predicted intracellular proteins, Transcription factors"	"Transcription, Transcription regulation"	"Activator, DNA-binding, Repressor"	"Asthma, Disease variant"	"Evidence at protein level"	"Evidence at protein level"	"Evidence at protein level"	"Evidence at protein level"	"Group enriched"	"Detected in some"	5	"bone marrow: 10.5;lung: 3.1;lymphoid tissue: 11.0"	"Group enriched"	"Detected in some"	14	"NK-cells: 95.2;T-cells: 41.1"	"Cell type enriched"	"Detected in single"	88	"leukocyte: 70.5"	"Cancer enhanced"	"Detected in some"		"Testicular Germ Cell Tumor (TCGA): 3.1"	"Not detected"	"Not detected"			"Immune cell enhanced"	"Detected in many"		"gdT-cell: 15.7;NK-cell: 14.3"	"Group enriched"	"Detected in many"	7	"NK-cells: 14.3;T-cells: 15.7"	"Group enriched"	"Detected in some"	15	"Leukemia: 2.8;lymphoma: 6.1"	"Adipose subcutaneous - T-cells, Adipose visceral - T-cells, Adrenal gland - T-cells, Breast - T-cells, Colon - T-cells, Heart muscle - T-cells, Kidney - T-cells, Minor Salivary Gland - T-cells, Pancreas - T-cells, Pituitary gland - T-cells, Prostate - T-cells, Skin - T-cells, Stomach - T-cells, Testis - Spermatogonia, Thyroid gland - T-cells"	"Region enriched"	"Detected in single"	27	"olfactory bulb: 22.1"	"Region enriched"	"Detected in some"	4	"olfactory bulb: 5.6"	"CAB009524, CAB030043"	Enhanced						NA	NA			"Cluster 15: NK-cells - Unknown function"	"Cluster 66: Lymphoid tissue - Immune response"		"Cluster 55: Lymphoma - Immune response"	"Cluster 92: NK-cells & T-cells - Adaptive immunity: Cytotoxicity"	4			"CAB009524: , CAB030043: "			"unprognostic (5.06e-3)"	"unprognostic (2.17e-3)"		"unprognostic (5.51e-2)"					"unprognostic (3.73e-2)"	"unprognostic (6.24e-2)"			"potential prognostic favorable (4.92e-4)"	"unprognostic (6.63e-2)"	"unprognostic (1.71e-1)"		"unprognostic (4.01e-1)"										"unprognostic (1.45e-1)"		
TLE6	"FLJ14009, GRG6"	ENSG00000104953	"TLE family member 6, subcortical maternal complex member"	Q9H808	19	2977538-2995179	"Disease related genes, Human disease related genes, Predicted intracellular proteins"	"Transcription, Transcription regulation"		"Disease variant"	"Evidence at protein level"	"Evidence at transcript level"	"Evidence at protein level"	"Evidence at protein level"	"Tissue enhanced"	"Detected in many"		"thyroid gland: 7.5"	"Cell type enriched"	"Detected in many"	6	"Oocytes: 138.2"	"Low cell type specificity"	"Detected in many"			"Low cancer specificity"	"Detected in many"			"Low region specificity"	"Detected in many"			"Immune cell enhanced"	"Detected in single"		"NK-cell: 1.0"	"Low lineage specificity"	"Detected in single"			"Low cancer specificity"	"Detected in many"			"Spleen - Fibroblasts_2"	"Not detected"	"Not detected"			"Not detected"	"Not detected"										NA	NA				"Cluster 33: Thyroid gland - Tissue development"	"Cluster 56: Hypothalamus - Neuropeptide signaling"	"Cluster 51: Myeloma - Immunoglobulins"	"Cluster 41: Oocytes - Oogenesis"	2				"unprognostic (5.97e-2)"	"unprognostic (8.39e-2)"	"unprognostic (7.22e-2)"	"unprognostic (9.87e-2)"	"unprognostic (7.34e-3)"	"unprognostic (1.82e-2)"	"unprognostic (4.82e-2)"	"unprognostic (2.49e-1)"		"unprognostic (2.23e-1)"	"unprognostic (2.13e-3)"	"unprognostic (7.82e-2)"	"unprognostic (5.32e-2)"	"unprognostic (3.72e-3)"	"unprognostic (8.19e-2)"	"unprognostic (6.02e-2)"	"unprognostic (6.15e-2)"	"unprognostic (1.28e-1)"	"unprognostic (1.14e-1)"	"unprognostic (2.26e-1)"	"unprognostic (1.50e-1)"	"unprognostic (8.36e-2)"	"unprognostic (2.46e-1)"	"unprognostic (1.38e-1)"	"unprognostic (2.35e-1)"		"unprognostic (4.49e-2)"	"unprognostic (2.08e-1)"	"unprognostic (2.68e-1)"	"unprognostic (1.40e-1)"	"unprognostic (9.93e-2)"
TMEM213		ENSG00000214128	"Transmembrane protein 213"	A2RRL7	7	138797952-138838101	"Predicted intracellular proteins, Predicted membrane proteins"				"Evidence at protein level"	"Evidence at protein level"	"No human protein/transcript evidence"	"Evidence at transcript level"	"Group enriched"	"Detected in some"	12	"kidney: 70.9;salivary gland: 49.2"	"Cell type enhanced"	"Detected in many"		"Conjunctival goblet cells: 237.9;Distal convoluted tubule cells: 316.0;Epididymal clear cells: 951.3;Lacrimal acinar cells: 118.7;Renal collecting duct intercalated cells: 590.5;Renal connecting tubule cells: 174.1;Salivary duct cells: 423.2"	"Cell type enhanced"	"Detected in many"		"hippocampal dentate gyrus: 8.3"	"Cancer enriched"	"Detected in many"	35	"Kidney Chromophobe (TCGA): 389.8"	"Low region specificity"	"Detected in all"			"Immune cell enhanced"	"Detected in some"		"basophil: 2.1;NK-cell: 1.9"	"Group enriched"	"Detected in many"	5	"granulocytes: 2.1;NK-cells: 1.9"	"Group enriched"	"Detected in some"	4	"Gastric cancer: 1.2;Sarcoma: 1.4"	"Breast - Breast glandular cells (progenitors), Kidney - Intercalated cells, Minor Salivary Gland - Minor salivary gland ductal cells, Skin - Eccrine sweat gland cells"	"Not detected"	"Not detected"			"Low region specificity"	"Detected in all"			HPA054059	Enhanced						NA	NA			"Cluster 20: Non-specific - DNA binding"	"Cluster 72: Kidney - Transmembrane transport"	"Cluster 48: Non-specific - Mixed function"	"Cluster 57: Stomach & Colon cancer - Digestion"	"Cluster 50: Renal epithelial cells - Ion transport and pH regulation"				"HPA054059: "	"unprognostic (4.15e-2)"	"unprognostic (1.37e-2)"	"unprognostic (6.11e-2)"	"unprognostic (8.23e-2)"		"unprognostic (3.44e-3)"				"unprognostic (9.38e-2)"	"unprognostic (1.09e-1)"		"unprognostic (3.36e-2)"			"unprognostic (1.57e-3)"	"unprognostic (1.00e-2)"	"unprognostic (3.26e-2)"					"potential prognostic unfavorable (6.11e-4)"	"unprognostic (3.52e-2)"		"unprognostic (6.05e-2)"			"unprognostic (1.28e-1)"		"unprognostic (7.26e-2)"
TMEM241	"C18orf45, FLJ44259, MGC11386"	ENSG00000134490	"Transmembrane protein 241"	Q24JQ0	18	23197144-23437961	"Predicted membrane proteins, Transporters"	"Sugar transport, Transport"			"Evidence at protein level"	"Evidence at protein level"	"Evidence at protein level"	"Evidence at protein level"	"Low tissue specificity"	"Detected in many"			"Cell type enhanced"	"Detected in many"		"Adipocytes: 190.2;Endometrial glandular cells: 389.0"	"Low cell type specificity"	"Detected in all"			"Low cancer specificity"	"Detected in many"			"Low region specificity"	"Detected in all"			"Immune cell enhanced"	"Detected in many"		"NK-cell: 6.0"	"Low lineage specificity"	"Detected in all"			"Low cancer specificity"	"Detected in all"			"Adipose visceral - Adipose progenitor cells, Minor Salivary Gland - Minor salivary glandular cells"	"Low region specificity"	"Detected in all"			"Low region specificity"	"Detected in all"			"HPA029489, HPA059922"	Uncertain		Approved	"Golgi apparatus,Vesicles"			NA	NA			"Cluster 14: Non-specific - Unknown function"	"Cluster 38: Non-specific - Basic cellular processes"	"Cluster 51: Neurons - Mixed function"	"Cluster 13: Non-specific - Mixed function"	"Cluster 51: Secretory epithelial cells - Mixed function"	1	"Golgi apparatus"	Vesicles	"HPA029489: , HPA059922: "	"unprognostic (7.23e-3)"	"unprognostic (1.97e-2)"		"unprognostic (3.70e-2)"	"unprognostic (4.21e-2)"	"unprognostic (2.73e-1)"	"unprognostic (5.03e-2)"	"unprognostic (5.20e-3)"	"unprognostic (2.94e-1)"		"potential prognostic favorable (5.58e-6)"	"unprognostic (2.54e-2)"	"unprognostic (1.03e-1)"	"potential prognostic unfavorable (3.87e-4)"		"unprognostic (5.27e-2)"	"unprognostic (6.35e-2)"	"unprognostic (1.63e-2)"	"unprognostic (5.85e-2)"	"unprognostic (1.39e-1)"	"unprognostic (3.43e-2)"	"potential prognostic unfavorable (4.70e-5)"	"unprognostic (6.69e-2)"	"unprognostic (1.06e-1)"	"unprognostic (3.54e-1)"	"unprognostic (3.94e-1)"	"unprognostic (4.51e-2)"	"unprognostic (5.47e-2)"		"unprognostic (7.33e-2)"	"unprognostic (7.91e-2)"
TRAF3IP1	"DKFZP434F124, FAP116, IFT54, MIP-T3, MIPT3"	ENSG00000204104	"TRAF3 interacting protein 1"	Q8TDR0	2	238320441-238400897	"Disease related genes, Human disease related genes, Predicted intracellular proteins"	"Cilium biogenesis/degradation"		"Ciliopathy, Disease variant, Leber congenital amaurosis, Nephronophthisis, Senior-Loken syndrome"	"Evidence at protein level"	"Evidence at transcript level"	"Evidence at protein level"	"Evidence at protein level"	"Low tissue specificity"	"Detected in all"			"Cell type enhanced"	"Detected in many"		"Endometrial ciliated cells: 356.5;Ependymal cells: 186.0;Fallopian tube ciliated cells: 344.3;Respiratory ciliated cells: 474.7"	"Low cell type specificity"	"Detected in all"			"Low cancer specificity"	"Detected in all"			"Low region specificity"	"Detected in all"			"Immune cell enhanced"	"Detected in some"		"NK-cell: 2.0"	"Low lineage specificity"	"Detected in many"			"Low cancer specificity"	"Detected in all"			"Lung - Respiratory ciliated cells, Testis - Early spermatids, Thyroid gland - Thyroid glandular cells"	"Low region specificity"	"Detected in all"			"Low region specificity"	"Detected in all"			"HPA037857, HPA037858"	Approved		Approved	"Nucleoplasm,Nucleoli fibrillar center,Nuclear bodies,Primary cilium transition zone"			NA	NA				"Cluster 48: Ciliated tissues - Cilium organization"	"Cluster 42: Choroid plexus - Mitochondria"	"Cluster 26: Non-specific - Mitochondria & RNA binding"	"Cluster 107: Ciliated cells - Cilia assembly & function"	32	"Nuclear bodies, Primary cilium transition zone"	"Nucleoplasm, Nucleoli fibrillar center"	"HPA037857: , HPA037858: "	"unprognostic (5.10e-2)"	"unprognostic (1.80e-1)"	"unprognostic (3.08e-2)"	"unprognostic (2.88e-1)"	"unprognostic (6.58e-2)"	"potential prognostic favorable (2.44e-4)"	"unprognostic (1.54e-1)"	"unprognostic (7.16e-3)"	"unprognostic (1.46e-1)"	"unprognostic (2.61e-1)"	"potential prognostic favorable (1.30e-5)"	"unprognostic (3.98e-3)"	"unprognostic (2.21e-1)"	"unprognostic (6.91e-3)"	"unprognostic (2.23e-2)"	"unprognostic (8.37e-2)"	"unprognostic (1.47e-1)"	"unprognostic (2.66e-1)"	"unprognostic (1.35e-2)"	"unprognostic (4.85e-2)"	"unprognostic (1.33e-1)"	"unprognostic (3.52e-2)"	"unprognostic (9.15e-3)"	"unprognostic (1.08e-2)"	"unprognostic (1.11e-2)"	"unprognostic (6.42e-3)"	"unprognostic (2.44e-2)"	"unprognostic (1.84e-1)"	"unprognostic (9.06e-2)"	"unprognostic (5.84e-2)"	"unprognostic (1.33e-1)"
TRIO	ARHGEF23	ENSG00000038382	"Trio Rho guanine nucleotide exchange factor"	O75962	5	14143342-14532128	"Cancer-related genes, Disease related genes, Enzymes, Human disease related genes, Potential drug targets, Predicted intracellular proteins"		"Guanine-nucleotide releasing factor, Kinase, Serine/threonine-protein kinase, Transferase"	"Cancer-related genes, Disease variant, Intellectual disability"	"Evidence at protein level"	"Evidence at protein level"	"Evidence at protein level"	"Evidence at protein level"	"Low tissue specificity"	"Detected in all"			"Low cell type specificity"	"Detected in many"			"Low cell type specificity"	"Detected in all"			"Low cancer specificity"	"Detected in all"			"Low region specificity"	"Detected in all"			"Immune cell enhanced"	"Detected in some"		"naive B-cell: 1.4;NK-cell: 1.4"	"Low lineage specificity"	"Detected in many"			"Low cancer specificity"	"Detected in all"			"Breast - Fibroblasts"	"Low region specificity"	"Detected in all"			"Low region specificity"	"Detected in all"			"HPA008157, HPA064664"	Supported		Supported	"Vesicles,Plasma membrane,Primary cilium,Primary cilium tip,Basal body,Cytosol"			No	No				"Cluster 24: Non-specific - Transcription"	"Cluster 40: Astrocytes - Astrocyte-neuron interactions"	"Cluster 29: Non-specific - Unknown function"	"Cluster 51: Secretory epithelial cells - Mixed function"	13	Cytosol	"Vesicles, Plasma membrane, Primary cilium, Primary cilium tip, Basal body"	"HPA008157: , HPA064664: "	"unprognostic (3.12e-1)"	"unprognostic (1.72e-1)"	"unprognostic (1.47e-1)"	"unprognostic (1.75e-2)"	"unprognostic (1.72e-1)"	"unprognostic (2.32e-2)"	"unprognostic (3.05e-2)"	"unprognostic (1.00e-1)"	"unprognostic (9.19e-2)"	"unprognostic (2.41e-1)"	"potential prognostic unfavorable (5.10e-6)"	"unprognostic (7.71e-3)"	"unprognostic (1.63e-1)"	"potential prognostic unfavorable (7.86e-5)"	"unprognostic (3.62e-1)"	"unprognostic (1.70e-1)"	"unprognostic (1.16e-2)"	"unprognostic (2.80e-1)"	"unprognostic (3.20e-2)"	"unprognostic (2.53e-1)"	"unprognostic (3.11e-2)"	"unprognostic (4.31e-1)"	"unprognostic (1.75e-3)"	"unprognostic (2.08e-1)"	"unprognostic (1.16e-1)"	"potential prognostic favorable (7.28e-4)"	"unprognostic (4.23e-3)"	"unprognostic (9.46e-3)"	"unprognostic (2.95e-1)"	"potential prognostic unfavorable (1.55e-4)"	"potential prognostic unfavorable (2.58e-4)"
TRO	"KIAA1114, MAGE-D3, MAGED3"	ENSG00000067445	Trophinin	Q12816	X	54920462-54931431	"Cancer-related genes, Plasma proteins, Predicted intracellular proteins"	"Cell adhesion"		"Cancer-related genes"	"Evidence at protein level"	"Evidence at transcript level"	"Evidence at protein level"	"Evidence at protein level"	"Tissue enhanced"	"Detected in many"		"skeletal muscle: 29.1"	"Cell type enhanced"	"Detected in many"		"Astrocytes: 13.3;Brain excitatory neurons: 17.4;Brain inhibitory neurons: 21.5;Lactotrophs: 21.3;Oligodendrocyte progenitor cells: 28.7;Oligodendrocytes: 17.7;Other brain neurons: 33.2;Pituitary stem cells: 13.0;Somatotrophs: 15.6"	"Low cell type specificity"	"Detected in all"			"Cancer enhanced"	"Detected in many"		"Testicular Germ Cell Tumor (TCGA): 25.1"	"Low region specificity"	"Detected in all"			"Immune cell enhanced"	"Detected in single"		"NK-cell: 2.1"	"Low lineage specificity"	"Detected in single"			"Cancer enhanced"	"Detected in many"		"Neuroblastoma: 29.3;testis cancer: 68.3"	"Colon - Enteric glia cells, Liver - Hepatocytes, Spleen - Fibroblasts_1, Stomach - Fibroblasts"	"Low region specificity"	"Detected in all"			"Low region specificity"	"Detected in all"			HPA000537			Approved	"Cell Junctions,Cytosol"			NA	NA				"Cluster 25: Non-specific - Basic cellular processes"	"Cluster 1: Neurons - Mixed function"	"Cluster 17: Neuroblastoma - Neuronal signaling"	"Cluster 109: Neurons - Neuronal signaling"	3	"Cell Junctions"	Cytosol	"HPA000537: "	"unprognostic (7.05e-2)"	"unprognostic (1.29e-1)"	"unprognostic (2.29e-2)"	"unprognostic (2.86e-2)"		"unprognostic (3.57e-2)"	"unprognostic (8.23e-2)"	"potential prognostic favorable (9.03e-7)"	"unprognostic (9.24e-2)"	"unprognostic (3.25e-1)"	"unprognostic (2.66e-2)"	"unprognostic (1.41e-1)"	"unprognostic (6.81e-3)"	"unprognostic (4.95e-2)"	"potential prognostic favorable (2.22e-4)"	"unprognostic (9.31e-2)"	"unprognostic (4.60e-2)"	"unprognostic (3.05e-1)"	"unprognostic (3.07e-1)"	"unprognostic (1.38e-1)"	"unprognostic (1.68e-1)"	"unprognostic (1.01e-1)"	"unprognostic (3.43e-2)"			"unprognostic (1.76e-1)"	"unprognostic (1.21e-2)"	"unprognostic (1.68e-3)"	"unprognostic (1.58e-1)"	"unprognostic (2.02e-3)"	"unprognostic (1.54e-2)"
TXK	"BTKL, PSCTK5, PTK4, RLK, TKL"	ENSG00000074966	"TXK tyrosine kinase"	P42681	4	48066393-48134250	"Enzymes, Predicted intracellular proteins"	"Adaptive immunity, Immunity, Transcription, Transcription regulation"	"Kinase, Transferase, Tyrosine-protein kinase"		"Evidence at protein level"	"Evidence at protein level"	"Evidence at protein level"	"Evidence at protein level"	"Tissue enhanced"	"Detected in many"		"epididymis: 7.9;lymphoid tissue: 14.4"	"Cell type enhanced"	"Detected in many"		"Hematopoietic stem cells: 198.5;Innate lymphoid cells: 490.6;Megakaryocyte progenitors: 141.0;Megakaryocyte-Erythroid progenitors: 132.9;NK-cells: 792.4;Retinal ganglion cells: 154.5;T-cells: 215.8;Thymocytes: 468.4"	"Cell type enhanced"	"Detected in many"		"leukocyte: 251.1;lower rhombic lip: 85.6"	"Low cancer specificity"	"Detected in some"			"Low region specificity"	"Detected in some"			"Immune cell enhanced"	"Detected in many"		"NK-cell: 118.7"	"Group enriched"	"Detected in many"	18	"NK-cells: 118.7;T-cells: 49.8"	"Low cancer specificity"	"Detected in some"			"Adipose visceral - T-cells, Liver - NK-cells (Liver), Lung - NK-cells (Lung), Prostate - T-cells, Spleen - NK-cells (Spleen)"	"Not detected"	"Not detected"			"Low region specificity"	"Detected in all"			HPA078636			Supported	"Nucleoplasm,Nucleoli,Plasma membrane,Cytosol"			NA	NA			"Cluster 24: Non-specific - Transcription"	"Cluster 18: Lymphoid tissue - Immune response"	"Cluster 49: Hindbrain - Mixed function"	"Cluster 14: Myeloid leukemia - Innate immune response"	"Cluster 92: NK-cells & T-cells - Adaptive immunity: Cytotoxicity"	18	"Nucleoplasm, Cytosol"	"Nucleoli, Plasma membrane"	"HPA078636: "	"unprognostic (2.83e-1)"		"unprognostic (6.19e-2)"			"unprognostic (5.35e-2)"		"unprognostic (5.38e-2)"		"unprognostic (2.44e-1)"	"unprognostic (1.86e-2)"	"unprognostic (4.33e-3)"					"unprognostic (3.68e-1)"		"unprognostic (3.32e-1)"	"unprognostic (3.45e-2)"	"unprognostic (9.78e-2)"		"unprognostic (5.18e-3)"			"unprognostic (2.34e-2)"					"unprognostic (1.09e-1)"
UBXN10	"FLJ25429, UBXD3"	ENSG00000162543	"UBX domain protein 10"	Q96LJ8	1	20186096-20196050	"Predicted intracellular proteins"	"Cilium biogenesis/degradation"			"Evidence at protein level"	"Evidence at transcript level"	"Evidence at protein level"	"Evidence at protein level"	"Tissue enhanced"	"Detected in many"		"choroid plexus: 22.4;fallopian tube: 46.8"	"Group enriched"	"Detected in many"	5	"Early spermatids: 106.0;Endometrial ciliated cells: 87.9;Epididymal efferent duct ciliated cells: 70.1;Fallopian tube ciliated cells: 193.9;Late primary spermatocytes: 147.5;Late spermatids: 207.2;Respiratory ciliated cells: 209.1"	"Group enriched"	"Detected in many"	4	"Bergmann glia: 10.2;choroid plexus epithelial cell: 13.2;ependymal cell: 31.5"	"Low cancer specificity"	"Detected in many"			"Low region specificity"	"Detected in all"			"Immune cell enhanced"	"Detected in some"		"NK-cell: 4.1"	"Low lineage specificity"	"Detected in many"			"Cancer enhanced"	"Detected in some"		"Gastric cancer: 3.1"	"Adipose subcutaneous - Mast cells, Adipose visceral - Mesothelial cells, Lung - Respiratory ciliated cells, Prostate - Smooth muscle cells, Testis - Early spermatids, Testis - Late spermatids"	"Low region specificity"	"Detected in many"			"Low region specificity"	"Detected in many"			"HPA028555, HPA028564"	Uncertain						NA	NA			"Cluster 15: NK-cells - Unknown function"	"Cluster 48: Ciliated tissues - Cilium organization"	"Cluster 3: Choroid plexus - Cilium"	"Cluster 70: DU4475 - Unknown function"	"Cluster 107: Ciliated cells - Cilia assembly & function"	16			"HPA028555: , HPA028564: "	"unprognostic (6.65e-2)"	"unprognostic (4.27e-2)"	"unprognostic (1.68e-1)"	"unprognostic (6.36e-3)"	"unprognostic (1.52e-1)"	"unprognostic (3.81e-1)"	"potential prognostic unfavorable (2.59e-4)"	"unprognostic (3.08e-2)"		"unprognostic (7.73e-2)"	"validated prognostic favorable (1.14e-4)"	"validated prognostic favorable (9.02e-5)"	"unprognostic (1.38e-2)"	"unprognostic (7.60e-2)"	"unprognostic (2.84e-2)"	"unprognostic (1.78e-1)"	"unprognostic (2.89e-1)"	"unprognostic (6.10e-2)"	"unprognostic (5.62e-2)"	"unprognostic (2.18e-1)"	"unprognostic (3.68e-2)"	"unprognostic (2.13e-2)"	"unprognostic (9.44e-3)"		"unprognostic (3.14e-1)"	"unprognostic (2.30e-2)"	"unprognostic (9.57e-2)"	"unprognostic (1.32e-1)"	"unprognostic (2.30e-2)"	"unprognostic (1.43e-1)"	"unprognostic (3.63e-2)"
UST	2OST	ENSG00000111962	"Uronyl 2-sulfotransferase"	Q9Y2C2	6	148747030-149076990	"Metabolic proteins, Predicted membrane proteins"		Transferase		"Evidence at protein level"	"Evidence at transcript level"	"Evidence at transcript level"	"Evidence at protein level"	"Low tissue specificity"	"Detected in many"			"Cell type enhanced"	"Detected in many"		"Bergmann glia: 526.4;Fibro-adipogenic progenitors: 622.8;Oligodendrocyte progenitor cells: 589.8;Renal collecting duct intercalated cells: 462.3"	"Cell type enhanced"	"Detected in all"		"committed oligodendrocyte precursor: 1018.7;oligodendrocyte precursor cell: 785.5"	"Cancer enhanced"	"Detected in many"		"Thyroid Carcinoma (TCGA): 22.8"	"Low region specificity"	"Detected in all"			"Immune cell enhanced"	"Detected in single"		"NK-cell: 2.5"	"Low lineage specificity"	"Detected in single"			"Low cancer specificity"	"Detected in many"			"Adrenal gland - Adrenal cortex cells, Breast - Fibroblasts, Kidney - Fibroblasts, Liver - Hepatic stellate cells, Thyroid gland - Thyroid glandular cells"	"Low region specificity"	"Detected in all"			"Low region specificity"	"Detected in all"			HPA032022	Approved						NA	NA			"Cluster 14: Non-specific - Unknown function"	"Cluster 65: Brain - Transcription"	"Cluster 44: Non-specific - Mixed function"	"Cluster 54: Non-specific - Transcription"	"Cluster 14: Oligodendrocyte progenitor cells - Development & myelination"	11			"HPA032022: "	"unprognostic (3.79e-2)"	"unprognostic (2.83e-1)"	"unprognostic (1.01e-1)"	"unprognostic (1.16e-1)"	"unprognostic (8.96e-2)"	"unprognostic (3.11e-1)"	"unprognostic (3.66e-2)"	"unprognostic (1.28e-2)"	"unprognostic (2.01e-1)"	"unprognostic (7.01e-2)"	"unprognostic (1.09e-1)"	"unprognostic (5.70e-3)"	"potential prognostic unfavorable (9.77e-4)"		"potential prognostic favorable (4.96e-4)"	"unprognostic (1.25e-1)"	"potential prognostic favorable (3.42e-4)"	"unprognostic (6.39e-2)"	"unprognostic (1.09e-2)"	"unprognostic (4.46e-3)"	"unprognostic (1.93e-1)"	"unprognostic (3.41e-1)"	"unprognostic (1.09e-1)"	"unprognostic (1.94e-1)"		"unprognostic (1.06e-1)"	"unprognostic (1.01e-2)"	"unprognostic (1.42e-1)"	"unprognostic (2.58e-1)"	"unprognostic (5.39e-2)"	"unprognostic (1.65e-1)"
UVSSA	KIAA1530	ENSG00000163945	"UV stimulated scaffold protein A"	Q2YD98	4	1345691-1395989	"Disease related genes, Human disease related genes, Predicted intracellular proteins"	"DNA damage, DNA repair"		"Disease variant"	"Evidence at protein level"	"Evidence at protein level"	"Evidence at protein level"	"Evidence at protein level"	"Low tissue specificity"	"Detected in all"			"Cell type enhanced"	"Detected in many"		"Lactotrophs: 140.0;Somatotrophs: 194.5"	"Low cell type specificity"	"Detected in all"			"Low cancer specificity"	"Detected in all"			"Low region specificity"	"Detected in all"			"Immune cell enhanced"	"Detected in some"		"NK-cell: 3.3"	"Low lineage specificity"	"Detected in many"			"Low cancer specificity"	"Detected in all"				"Low region specificity"	"Detected in many"			"Low region specificity"	"Detected in all"			"HPA050824, HPA053496"	Approved		Supported	Nucleoplasm			NA	NA			"Cluster 2: Dendritic cells - Unknown function"	"Cluster 64: Non-specific - Transcription"	"Cluster 6: Non-specific - Immune response"	"Cluster 22: Non-specific - mRNA splicing & Cell cycle"	"Cluster 59: Pituitary endocrine cells - Neuroendocrine signaling"	10	Nucleoplasm		"HPA050824: , HPA053496: "	"unprognostic (4.02e-2)"	"unprognostic (6.56e-3)"		"unprognostic (8.29e-3)"	"unprognostic (7.13e-2)"	"unprognostic (1.62e-1)"	"unprognostic (2.27e-1)"	"unprognostic (2.35e-1)"	"potential prognostic favorable (1.12e-4)"	"unprognostic (1.21e-2)"	"unprognostic (5.20e-2)"	"unprognostic (5.91e-2)"	"unprognostic (1.89e-3)"	"unprognostic (7.86e-3)"		"unprognostic (1.37e-2)"	"unprognostic (2.86e-1)"	"unprognostic (3.65e-1)"	"unprognostic (2.65e-2)"	"unprognostic (6.26e-2)"	"unprognostic (8.89e-3)"	"potential prognostic favorable (4.81e-4)"	"potential prognostic unfavorable (1.42e-4)"	"unprognostic (2.47e-2)"	"unprognostic (1.35e-3)"	"unprognostic (3.23e-2)"	"unprognostic (3.93e-1)"	"unprognostic (1.54e-2)"	"unprognostic (4.11e-1)"	"unprognostic (2.49e-3)"	"unprognostic (1.19e-2)"
VANGL1	STB2	ENSG00000173218	"VANGL planar cell polarity protein 1"	Q8TAA9	1	115641970-115698224	"Disease related genes, Human disease related genes, Potential drug targets, Predicted membrane proteins, Transporters"			"Disease variant"	"Evidence at protein level"	"Evidence at transcript level"	"Evidence at protein level"	"Evidence at protein level"	"Low tissue specificity"	"Detected in many"			"Cell type enhanced"	"Detected in many"		"Late primary spermatocytes: 54.6;Late spermatids: 83.5;Megakaryocyte progenitors: 60.1"	"Cell type enhanced"	"Detected in many"		"endothelial cell: 29.9;ependymal cell: 28.1;thalamic excitatory: 32.1"	"Low cancer specificity"	"Detected in all"			"Low region specificity"	"Detected in all"			"Immune cell enhanced"	"Detected in many"		"NK-cell: 6.2"	"Group enriched"	"Detected in many"	7	"dendritic cells: 2.3;NK-cells: 6.2;T-cells: 3.0"	"Low cancer specificity"	"Detected in all"			"Adrenal gland - Adrenal cortex cells, Spleen - Fibroblasts_1, Thyroid gland - Thyroid glandular cells"	"Low region specificity"	"Detected in all"			"Low region specificity"	"Detected in all"			"HPA025235, CAB076375"	Approved		Approved	"Plasma membrane"			NA	Yes			"Cluster 33: Non-specific - ATP binding"	"Cluster 11: Esophagus - Basic cellular processes"	"Cluster 38: Sub-cortical - Mixed function"	"Cluster 37: Non-specific - mRNA processing"	"Cluster 23: Elongating spermatids - Sperm cell metabolism & fertilization"	17	"Plasma membrane"		"CAB076375: , HPA025235: "	"unprognostic (3.27e-1)"	"unprognostic (6.69e-3)"	"unprognostic (1.09e-1)"	"unprognostic (2.60e-3)"	"unprognostic (3.03e-3)"	"unprognostic (1.91e-2)"	"unprognostic (4.35e-2)"	"unprognostic (3.99e-2)"	"unprognostic (8.00e-2)"	"unprognostic (3.69e-2)"	"potential prognostic favorable (4.47e-7)"	"unprognostic (1.01e-3)"	"unprognostic (8.79e-2)"	"unprognostic (2.85e-3)"	"potential prognostic unfavorable (2.17e-4)"	"validated prognostic unfavorable (4.66e-4)"	"validated prognostic unfavorable (2.33e-4)"	"unprognostic (1.69e-1)"	"unprognostic (3.96e-1)"	"unprognostic (3.08e-2)"	"unprognostic (5.94e-2)"	"unprognostic (1.09e-3)"	"unprognostic (1.42e-1)"	"unprognostic (4.98e-2)"	"unprognostic (4.08e-3)"	"unprognostic (1.42e-1)"	"unprognostic (2.14e-1)"	"unprognostic (1.34e-1)"	"unprognostic (1.81e-1)"	"unprognostic (4.52e-2)"	"unprognostic (2.64e-1)"
ZC2HC1C	"C14orf140, FAM164C"	ENSG00000119703	"Zinc finger C2HC-type containing 1C"	Q53FD0	14	75064109-75119502	"Predicted intracellular proteins"				"Evidence at protein level"	"Evidence at protein level"	"Evidence at protein level"	"Evidence at protein level"	"Tissue enhanced"	"Detected in many"		"epididymis: 22.6;testis: 51.7"	"Cell type enhanced"	"Detected in many"		"Cardiomyocytes: 302.0;Early spermatids: 118.3;Epicardial cells: 161.5;Late primary spermatocytes: 437.9;Late spermatids: 280.2;Myonuclei: 189.9"	"Low cell type specificity"	"Detected in all"			"Low cancer specificity"	"Detected in many"			"Low region specificity"	"Detected in all"			"Immune cell enhanced"	"Detected in single"		"NK-cell: 1.3"	"Low lineage specificity"	"Detected in single"			"Low cancer specificity"	"Detected in many"			"Breast - Breast glandular cells, Heart muscle - Cardiomyocytes, Lung - Respiratory ciliated cells, Testis - Early spermatids, Thyroid gland - Thyroid glandular cells"	"Low region specificity"	"Detected in many"			"Low region specificity"	"Detected in many"			"HPA050928, HPA065062"	Enhanced		Approved	"Nuclear speckles,Mitochondria"			No	No				"Cluster 22: Epididymis - Mixed function"	"Cluster 3: Choroid plexus - Cilium"	"Cluster 10: Ciliated cells - Ion channel activity"	"Cluster 53: Late primary spermatocytes - Meiotic division & transition"	19	"Nuclear speckles"	Mitochondria	"HPA050928: , HPA065062: "	"unprognostic (5.07e-2)"	"unprognostic (3.65e-1)"		"unprognostic (9.35e-3)"	"unprognostic (1.79e-1)"	"unprognostic (3.70e-2)"	"unprognostic (2.50e-3)"	"unprognostic (9.68e-3)"		"unprognostic (6.39e-2)"	"validated prognostic favorable (4.67e-10)"	"validated prognostic favorable (9.59e-4)"	"unprognostic (4.47e-2)"	"unprognostic (7.40e-2)"		"unprognostic (1.09e-2)"	"unprognostic (1.10e-1)"	"unprognostic (9.06e-3)"	"unprognostic (7.79e-2)"	"unprognostic (2.52e-1)"	"unprognostic (8.67e-2)"	"potential prognostic favorable (2.77e-4)"	"unprognostic (3.52e-1)"	"unprognostic (1.39e-1)"	"unprognostic (1.66e-1)"	"unprognostic (2.76e-3)"	"unprognostic (1.90e-1)"	"unprognostic (1.02e-2)"	"unprognostic (2.78e-1)"	"unprognostic (3.02e-1)"	"unprognostic (1.26e-1)"
ZFP69	"FLJ16030, ZFP69A, ZKSCAN23A, ZNF642, ZSCAN54A"	ENSG00000187815	"ZFP69 zinc finger protein"	Q49AA0	1	40477290-40496343	"Predicted intracellular proteins, Transcription factors"	"Lipid metabolism, Transcription, Transcription regulation"	DNA-binding		"Evidence at protein level"	"Evidence at protein level"	"Evidence at transcript level"	"Evidence at protein level"	"Low tissue specificity"	"Detected in many"			"Cell type enriched"	"Detected in many"	4	"Cardiomyocytes: 73.9"	"Low cell type specificity"	"Detected in all"			"Low cancer specificity"	"Detected in all"			"Low region specificity"	"Detected in all"			"Immune cell enhanced"	"Detected in single"		"NK-cell: 1.9"	"Low lineage specificity"	"Detected in single"			"Low cancer specificity"	"Detected in all"				"Not detected"	"Not detected"							"HPA027808, HPA054942"	Uncertain		Approved	Nucleoplasm			NA	NA			"Cluster 24: Non-specific - Transcription"	"Cluster 3: Oligodendrocytes - Myelination"	"Cluster 13: Oligodendrocytes - Mixed function"	"Cluster 37: Non-specific - mRNA processing"	"Cluster 71: Non-specific - Cardiac endocrine signaling & maintenanc"		Nucleoplasm		"HPA027808: , HPA054942: "	"unprognostic (1.19e-1)"	"unprognostic (1.15e-1)"		"unprognostic (4.95e-1)"	"unprognostic (5.75e-3)"	"unprognostic (3.14e-1)"	"unprognostic (3.41e-1)"	"potential prognostic favorable (7.91e-5)"	"potential prognostic favorable (5.45e-4)"	"unprognostic (5.55e-2)"	"unprognostic (4.07e-1)"	"unprognostic (1.06e-1)"	"unprognostic (7.77e-3)"	"unprognostic (1.71e-3)"		"unprognostic (2.74e-1)"	"unprognostic (4.09e-1)"	"unprognostic (1.69e-1)"	"unprognostic (8.07e-2)"	"unprognostic (1.24e-2)"	"unprognostic (1.53e-1)"	"unprognostic (1.77e-1)"	"unprognostic (2.48e-1)"	"unprognostic (1.33e-1)"	"unprognostic (6.13e-2)"	"unprognostic (2.24e-2)"	"unprognostic (4.59e-2)"	"unprognostic (6.86e-2)"	"unprognostic (8.50e-2)"	"unprognostic (4.96e-2)"	"unprognostic (9.46e-3)"
ZMYND10	"BLU, CILD22, DNAAF7"	ENSG00000004838	"Zinc finger MYND-type containing 10"	O75800	3	50341110-50345732	"Disease related genes, Human disease related genes, Plasma proteins, Predicted intracellular proteins"			"Ciliopathy, Disease variant, Kartagener syndrome, Primary ciliary dyskinesia"	"Evidence at protein level"	"Evidence at transcript level"	"Evidence at protein level"	"Evidence at protein level"	"Group enriched"	"Detected in many"	13	"choroid plexus: 80.2;fallopian tube: 113.1;testis: 226.5"	"Cell type enhanced"	"Detected in many"		"Early primary spermatocytes: 129.3;Early spermatids: 234.5;Endometrial ciliated cells: 258.6;Ependymal cells: 149.8;Epididymal efferent duct ciliated cells: 465.0;Fallopian tube ciliated cells: 606.8;Late primary spermatocytes: 1156.1;Late spermatids: 649.7;Respiratory ciliated cells: 611.3"	"Cell type enriched"	"Detected in many"	5	"ependymal cell: 205.6"	"Cancer enhanced"	"Detected in many"		"Uterine Corpus Endometrial Carcinoma (TCGA): 24.8"	"Low region specificity"	"Detected in all"			"Immune cell enhanced"	"Detected in single"		"NK-cell: 1.2"	"Low lineage specificity"	"Detected in single"			"Low cancer specificity"	"Detected in many"			"Breast - Breast glandular cells, Lung - Respiratory ciliated cells, Testis - Early spermatids, Testis - Late spermatids"	"Low region specificity"	"Detected in many"			"Low region specificity"	"Detected in all"			HPA035255			Approved	"Plasma membrane,Basal body,Cytosol"			NA	NA				"Cluster 56: Ciliated tissues - Cilium organization"	"Cluster 3: Choroid plexus - Cilium"	"Cluster 10: Ciliated cells - Ion channel activity"	"Cluster 107: Ciliated cells - Cilia assembly & function"	12	"Plasma membrane, Basal body"	Cytosol	"HPA035255: "	"unprognostic (4.53e-2)"	"unprognostic (8.92e-3)"	"unprognostic (2.87e-1)"	"potential prognostic favorable (9.41e-4)"			"unprognostic (2.26e-1)"	"unprognostic (3.65e-3)"			"unprognostic (7.99e-2)"	"unprognostic (2.98e-1)"	"potential prognostic favorable (1.17e-5)"		"unprognostic (2.54e-1)"	"unprognostic (4.08e-2)"	"unprognostic (1.77e-1)"	"unprognostic (2.21e-1)"	"unprognostic (1.53e-1)"	"unprognostic (3.48e-1)"	"unprognostic (1.27e-2)"	"unprognostic (2.91e-2)"	"unprognostic (9.51e-3)"	"unprognostic (7.70e-2)"					"unprognostic (2.19e-1)"	"unprognostic (3.63e-2)"	"unprognostic (1.47e-1)"
ZNF229		ENSG00000278318	"Zinc finger protein 229"	Q9UJW7	19	44417519-44448578	"Predicted intracellular proteins, Transcription factors"	"Transcription, Transcription regulation"	DNA-binding		"Evidence at protein level"	"Evidence at transcript level"	"Evidence at protein level"	"Evidence at protein level"	"Low tissue specificity"	"Detected in many"			"Cell type enhanced"	"Detected in some"		"Astrocytes: 11.3;Bergmann glia: 14.9;Brain excitatory neurons: 7.2;Brain inhibitory neurons: 11.4;Choroid plexus epithelial cells: 19.5;Distal convoluted tubule cells: 14.1;Ependymal cells: 8.7;Loop of henle epithelial cells: 8.8;Oligodendrocyte progenitor cells: 9.9;Other brain neurons: 12.2;Podocytes: 16.5;Proximal tubule cells: 6.9;Renal collecting duct intercalated cells: 10.5;Renal collecting duct principal cells: 7.8;Renal connecting tubule cells: 12.9"	"Low cell type specificity"	"Detected in many"			"Cancer enhanced"	"Detected in many"		"Testicular Germ Cell Tumor (TCGA): 5.5"	"Low region specificity"	"Detected in all"			"Immune cell enhanced"	"Detected in single"		"NK-cell: 1.5"	"Low lineage specificity"	"Detected in single"			"Low cancer specificity"	"Detected in many"			"Spleen - Endothelial cells, Thyroid gland - Thyroid glandular cells"									HPA001494	Uncertain		Uncertain	"Vesicles,Plasma membrane"			NA	NA				"Cluster 48: Ciliated tissues - Cilium organization"	"Cluster 21: Non-specific - Metabolism"	"Cluster 4: Non-specific - Transcription"	"Cluster 102: Non-specific - Mixed function"	1	Vesicles	"Plasma membrane"	"HPA001494: "	"unprognostic (7.35e-3)"	"unprognostic (3.90e-1)"	"unprognostic (1.28e-1)"				"unprognostic (3.37e-1)"			"unprognostic (3.29e-2)"	"unprognostic (2.63e-3)"	"unprognostic (5.68e-3)"	"unprognostic (1.82e-2)"		"unprognostic (1.39e-2)"		"unprognostic (9.48e-2)"		"unprognostic (3.31e-2)"	"unprognostic (6.74e-2)"				"unprognostic (3.85e-3)"			"unprognostic (9.99e-3)"		"unprognostic (8.44e-2)"	"unprognostic (2.33e-3)"	
ZNF549	FLJ34917	ENSG00000121406	"Zinc finger protein 549"	Q6P9A3	19	57527325-57557542	"Predicted intracellular proteins, Transcription factors"	"Transcription, Transcription regulation"	DNA-binding		"Evidence at protein level"	"Evidence at protein level"	"Evidence at protein level"	"Evidence at protein level"	"Low tissue specificity"	"Detected in all"			"Cell type enhanced"	"Detected in many"		"Cardiomyocytes: 136.2;Myonuclei: 45.1"	"Low cell type specificity"	"Detected in all"			"Low cancer specificity"	"Detected in many"			"Low region specificity"	"Detected in all"			"Immune cell enhanced"	"Detected in many"		"NK-cell: 11.3"	"Group enriched"	"Detected in all"	4	"B-cells: 4.5;NK-cells: 11.3;T-cells: 4.6"	"Low cancer specificity"	"Detected in all"												HPA039511	Approved		Approved	Nucleoplasm,Cytosol			NA	NA			"Cluster 24: Non-specific - Transcription"	"Cluster 46: Brain & retina - Neuronal signaling"	"Cluster 15: Non-specific - Transcription"	"Cluster 4: Non-specific - Transcription"	"Cluster 60: Cardiomyocytes - Cardiac muscle contraction & structure"	1	Nucleoplasm	Cytosol	"HPA039511: "	"unprognostic (8.03e-2)"	"unprognostic (4.30e-1)"	"unprognostic (6.73e-2)"	"unprognostic (4.41e-3)"	"unprognostic (1.64e-1)"	"unprognostic (1.21e-2)"	"unprognostic (1.04e-1)"	"unprognostic (3.87e-1)"	"unprognostic (2.39e-1)"	"unprognostic (1.20e-1)"	"validated prognostic favorable (1.46e-7)"	"validated prognostic favorable (1.33e-4)"	"potential prognostic favorable (2.93e-4)"		"unprognostic (2.68e-2)"	"unprognostic (7.05e-2)"	"unprognostic (6.07e-2)"	"unprognostic (1.56e-1)"	"unprognostic (8.25e-2)"	"unprognostic (2.17e-1)"	"unprognostic (3.61e-1)"	"unprognostic (3.44e-3)"	"unprognostic (1.18e-1)"	"unprognostic (8.99e-2)"	"unprognostic (8.64e-2)"	"unprognostic (9.14e-2)"	"unprognostic (5.40e-2)"	"unprognostic (4.65e-2)"	"unprognostic (6.51e-2)"	"unprognostic (5.64e-2)"	"unprognostic (1.83e-1)"
ZNF600	"DKFZp686F06123, KR-ZNF1"	ENSG00000189190	"Zinc finger protein 600"	Q6ZNG1	19	52749942-52786807	"Predicted intracellular proteins, Transcription factors"	"Transcription, Transcription regulation"	DNA-binding		"Evidence at protein level"	"Evidence at transcript level"	"Evidence at protein level"	"Evidence at protein level"	"Low tissue specificity"	"Detected in many"			"Cell type enhanced"	"Detected in many"		"NK-cells: 59.2"	"Cell type enhanced"	"Detected in many"		"leukocyte: 54.6;upper rhombic lip: 40.6"	"Cancer enhanced"	"Detected in all"		"Testicular Germ Cell Tumor (TCGA): 23.6"	"Region enriched"	"Detected in all"	5	"cerebellum: 20.3"	"Immune cell enhanced"	"Detected in many"		"NK-cell: 52.5"	"Group enriched"	"Detected in all"	5	"NK-cells: 52.5;T-cells: 21.6"	"Low cancer specificity"	"Detected in all"																			NA	NA			"Cluster 15: NK-cells - Unknown function"	"Cluster 34: Lymphoid tissue - Adaptive immune response"	"Cluster 35: Non-specific - DNA binding"	"Cluster 4: Non-specific - Transcription"	"Cluster 92: NK-cells & T-cells - Adaptive immunity: Cytotoxicity"	4				"potential prognostic favorable (4.86e-5)"	"unprognostic (2.09e-2)"	"unprognostic (1.13e-1)"	"unprognostic (1.42e-2)"	"unprognostic (5.60e-2)"	"unprognostic (1.48e-2)"	"unprognostic (5.25e-2)"	"unprognostic (1.48e-2)"	"unprognostic (1.28e-1)"	"unprognostic (6.33e-3)"	"unprognostic (2.14e-2)"	"unprognostic (2.54e-1)"	"unprognostic (1.89e-1)"	"potential prognostic unfavorable (1.86e-5)"	"unprognostic (1.20e-1)"	"unprognostic (1.47e-1)"	"unprognostic (8.97e-2)"	"unprognostic (3.17e-2)"	"unprognostic (2.32e-1)"	"unprognostic (2.96e-1)"	"unprognostic (1.02e-1)"	"unprognostic (6.08e-2)"	"unprognostic (2.47e-1)"	"unprognostic (3.05e-2)"	"unprognostic (8.71e-3)"	"unprognostic (7.22e-2)"	"unprognostic (2.96e-3)"	"unprognostic (1.67e-2)"	"unprognostic (9.80e-2)"	"potential prognostic unfavorable (4.14e-4)"	"unprognostic (3.39e-1)"
ZNF667	FLJ14011	ENSG00000198046	"Zinc finger protein 667"	Q5HYK9	19	56439325-56478065	"Predicted intracellular proteins, Transcription factors"	"Transcription, Transcription regulation"	DNA-binding		"Evidence at protein level"	"Evidence at protein level"	"Evidence at protein level"	"Evidence at protein level"	"Tissue enhanced"	"Detected in many"		"pituitary gland: 21.6"	"Cell type enhanced"	"Detected in many"		"Adrenal medulla cells: 42.5;Brain excitatory neurons: 45.1;Brain inhibitory neurons: 47.4;Lactotrophs: 113.0;Other brain neurons: 48.2;Somatotrophs: 110.6;Thyrotrophs: 45.6"	"Low cell type specificity"	"Detected in all"			"Low cancer specificity"	"Detected in many"			"Low region specificity"	"Detected in all"			"Immune cell enhanced"	"Detected in some"		"naive B-cell: 3.0;NK-cell: 2.7"	"Low lineage specificity"	"Detected in many"			"Low cancer specificity"	"Detected in many"				"Low region specificity"	"Detected in all"			"Low region specificity"	"Detected in all"			"HPA030731, HPA046673"	Uncertain		Approved	Nucleoplasm			NA	NA			"Cluster 24: Non-specific - Transcription"	"Cluster 65: Brain - Transcription"	"Cluster 51: Neurons - Mixed function"	"Cluster 4: Non-specific - Transcription"	"Cluster 59: Pituitary endocrine cells - Neuroendocrine signaling"	1	Nucleoplasm		"HPA030731: , HPA046673: "	"unprognostic (5.67e-2)"	"unprognostic (4.20e-2)"	"unprognostic (4.75e-2)"	"unprognostic (1.35e-2)"		"unprognostic (8.00e-2)"	"unprognostic (8.98e-2)"	"unprognostic (2.30e-1)"		"unprognostic (2.30e-2)"	"unprognostic (8.50e-2)"	"potential prognostic favorable (7.13e-5)"	"unprognostic (8.66e-2)"			"unprognostic (7.48e-3)"	"unprognostic (9.95e-2)"	"unprognostic (1.56e-1)"	"unprognostic (1.63e-1)"	"unprognostic (2.16e-1)"	"unprognostic (2.33e-1)"	"unprognostic (4.85e-3)"	"unprognostic (3.63e-2)"	"unprognostic (1.31e-2)"		"unprognostic (1.12e-1)"	"unprognostic (2.70e-1)"		"unprognostic (1.47e-1)"	"unprognostic (1.40e-1)"	"unprognostic (1.81e-2)"
ZNF843	MGC46336	ENSG00000176723	"Zinc finger protein 843"	Q8N446	16	31432593-31443160	"Predicted intracellular proteins"				"Evidence at protein level"	"Evidence at transcript level"	"Evidence at protein level"	"Evidence at protein level"	"Low tissue specificity"	"Detected in some"			"Cell type enhanced"	"Detected in many"		"Cardiomyocytes: 7.8;Myonuclei: 10.5"	"Low cell type specificity"	"Detected in many"			"Low cancer specificity"	"Detected in many"			"Low region specificity"	"Detected in all"			"Immune cell enhanced"	"Detected in single"		"NK-cell: 1.7"	"Low lineage specificity"	"Detected in single"			"Not detected"	"Not detected"			"Heart muscle - Cardiomyocytes"									"HPA030911, HPA030912, HPA077945"	Uncertain		Approved	"Nucleoplasm,Nuclear speckles"			NA	NA				"Cluster 65: Brain - Transcription"	"Cluster 15: Non-specific - Transcription"	"Cluster 27: Breast cancer - Unknown function"	"Cluster 55: Myocytes - Oxidative muscle function"	6	Nucleoplasm	"Nuclear speckles"	"HPA030911: , HPA030912: , HPA077945: "		"unprognostic (1.29e-1)"	"unprognostic (2.31e-1)"			"unprognostic (2.74e-1)"	"unprognostic (3.30e-1)"	"unprognostic (1.65e-1)"		"unprognostic (8.33e-2)"			"unprognostic (1.03e-1)"							"unprognostic (4.08e-2)"			"unprognostic (4.25e-2)"	"unprognostic (8.32e-2)"		"unprognostic (2.28e-2)"	"unprognostic (1.73e-1)"			"potential prognostic unfavorable (2.18e-5)"	"unprognostic (1.04e-1)"
