Gene	"Gene synonym"	Ensembl	"Gene description"	Uniprot	Chromosome	Position	"Protein class"	"Biological process"	"Molecular function"	"Disease involvement"	Evidence	"HPA evidence"	"UniProt evidence"	"NeXtProt evidence"	"RNA tissue specificity"	"RNA tissue distribution"	"RNA tissue specificity score"	"RNA tissue specific nTPM"	"RNA single cell type specificity"	"RNA single cell type distribution"	"RNA single cell type specificity score"	"RNA single cell type specific nTPM"	"RNA single nuclei brain specificity"	"RNA single nuclei brain distribution"	"RNA single nuclei brain specificity score"	"RNA single nuclei brain specific nTPM"	"RNA cancer specificity"	"RNA cancer distribution"	"RNA cancer specificity score"	"RNA cancer specific FPKM"	"RNA brain regional specificity"	"RNA brain regional distribution"	"RNA brain regional specificity score"	"RNA brain regional specific nTPM"	"RNA blood cell specificity"	"RNA blood cell distribution"	"RNA blood cell specificity score"	"RNA blood cell specific nTPM"	"RNA blood lineage specificity"	"RNA blood lineage distribution"	"RNA blood lineage specificity score"	"RNA blood lineage specific nTPM"	"RNA cell line specificity"	"RNA cell line distribution"	"RNA cell line specificity score"	"RNA cell line specific nTPM"	"RNA tissue cell type enrichment"	"RNA mouse brain regional specificity"	"RNA mouse brain regional distribution"	"RNA mouse brain regional specificity score"	"RNA mouse brain regional specific nTPM"	"RNA pig brain regional specificity"	"RNA pig brain regional distribution"	"RNA pig brain regional specificity score"	"RNA pig brain regional specific nTPM"	Antibody	"Reliability (IH)"	"Reliability (Mouse Brain)"	"Reliability (IF)"	"Subcellular location"	"Secretome location"	"Secretome function"	"CCD Protein"	"CCD Transcript"	"Blood concentration - Conc. blood IM [pg/L]"	"Blood concentration - Conc. blood MS [pg/L]"	"Blood expression cluster"	"Tissue expression cluster"	"Brain expression cluster"	"Cell line expression cluster"	"Single cell expression cluster"	Interactions	"Subcellular main location"	"Subcellular additional location"	"Antibody RRID"	"Cancer prognostics - Bladder Urothelial Carcinoma (TCGA)"	"Cancer prognostics - Breast Invasive Carcinoma (TCGA)"	"Cancer prognostics - Breast Invasive Carcinoma (validation)"	"Cancer prognostics - Cervical Squamous Cell Carcinoma and Endocervical Adenocarcinoma (TCGA)"	"Cancer prognostics - Colon Adenocarcinoma (TCGA)"	"Cancer prognostics - Colon Adenocarcinoma (validation)"	"Cancer prognostics - Glioblastoma Multiforme (TCGA)"	"Cancer prognostics - Glioblastoma Multiforme (validation)"	"Cancer prognostics - Head and Neck Squamous Cell Carcinoma (TCGA)"	"Cancer prognostics - Kidney Chromophobe (TCGA)"	"Cancer prognostics - Kidney Renal Clear Cell Carcinoma (TCGA)"	"Cancer prognostics - Kidney Renal Clear Cell Carcinoma (validation)"	"Cancer prognostics - Kidney Renal Papillary Cell Carcinoma (TCGA)"	"Cancer prognostics - Liver Hepatocellular Carcinoma (TCGA)"	"Cancer prognostics - Liver Hepatocellular Carcinoma (validation)"	"Cancer prognostics - Lung Adenocarcinoma (TCGA)"	"Cancer prognostics - Lung Adenocarcinoma (validation)"	"Cancer prognostics - Lung Squamous Cell Carcinoma (TCGA)"	"Cancer prognostics - Lung Squamous Cell Carcinoma (validation)"	"Cancer prognostics - Ovary Serous Cystadenocarcinoma (TCGA)"	"Cancer prognostics - Ovary Serous Cystadenocarcinoma (validation)"	"Cancer prognostics - Pancreatic Adenocarcinoma (TCGA)"	"Cancer prognostics - Pancreatic Adenocarcinoma (validation)"	"Cancer prognostics - Prostate Adenocarcinoma (TCGA)"	"Cancer prognostics - Rectum Adenocarcinoma (TCGA)"	"Cancer prognostics - Rectum Adenocarcinoma (validation)"	"Cancer prognostics - Skin Cuteneous Melanoma (TCGA)"	"Cancer prognostics - Stomach Adenocarcinoma (TCGA)"	"Cancer prognostics - Testicular Germ Cell Tumor (TCGA)"	"Cancer prognostics - Thyroid Carcinoma (TCGA)"	"Cancer prognostics - Uterine Corpus Endometrial Carcinoma (TCGA)"
SERPINA2	"ARGS, ATR, PIL, SERPINA2P"	ENSG00000258597	"Serpin family A member 2 (gene/pseudogene)"		14	94364316-94366698	"Predicted intracellular proteins"				"Evidence at transcript level"	"Evidence at transcript level"			"Tissue enriched"	"Detected in single"	1045	"epididymis: 104.5"	"Not detected"	"Not detected"			"Not detected"	"Not detected"							"Not detected"	"Not detected"			"Immune cell enhanced"	"Detected in some"		"intermediate monocyte: 1.8;non-classical monocyte: 2.2"	"Group enriched"	"Detected in many"	6	"granulocytes: 1.0;monocytes: 2.2"	"Not detected"	"Not detected"				"Not detected"	"Not detected"			"Region enriched"	"Detected in all"	6	"cerebellum: 206.0"								NA	NA			"Cluster 37: Monocytes & Neutrophils - Innate immune response"			"Cluster 51: Myeloma - Immunoglobulins"	"Cluster 62: Hepatocytes - Metabolism"																																			
MMP8	CLG1	ENSG00000118113	"Matrix metallopeptidase 8"	P22894	11	102711796-102727050	"Cancer-related genes, Enzymes, Plasma proteins, Predicted intracellular proteins, Predicted secreted proteins"	"Collagen degradation"	"Hydrolase, Metalloprotease, Protease"	"Cancer-related genes"	"Evidence at protein level"	"Evidence at protein level"	"Evidence at protein level"	"Evidence at protein level"	"Tissue enriched"	"Detected in some"	37	"bone marrow: 496.8"	"Cell type enhanced"	"Detected in some"		"Hofbauer cells: 3.5;Macrophages: 1.4"	"Not detected"	"Not detected"			"Cancer enriched"	"Detected in single"	12	"Skin Cuteneous Melanoma (TCGA): 10.1"	"Low region specificity"	"Detected in single"			"Immune cell enhanced"	"Detected in single"		"non-classical monocyte: 1.7"	"Lineage enhanced"	"Detected in single"		"monocytes: 1.7"	"Cancer enriched"	"Detected in some"	42	"skin cancer: 47.1"	"Lung - Neutrophil_1, Pituitary gland - Neutrophils, Spleen - Hematopoietic stem cells, Thyroid gland - Neutrophils"	"Not detected"	"Not detected"			"Not detected"	"Not detected"			"HPA021221, HPA021763, HPA022935"	Enhanced		Approved	Vesicles	"Secreted to extracellular matrix"	Enzyme	NA	NA		1300000	"Cluster 37: Monocytes & Neutrophils - Innate immune response"	"Cluster 6: Bone marrow - Innate immune response"	"Cluster 12: Non-specific - Vasculature"	"Cluster 69: Skin cancer - ECM organization"	"Cluster 74: Neutrophils - Degranulation"	1	Vesicles		"HPA021221: AB_1854043, HPA021763: , HPA022935: AB_1854044"																			"unprognostic (8.89e-2)"								"unprognostic (3.58e-1)"				
KDM4D	"FLJ10251, JMJD2D"	ENSG00000186280	"Lysine demethylase 4D"	Q6B0I6	11	94973709-94999519	"Enzymes, Predicted intracellular proteins"	"Transcription, Transcription regulation"	"Chromatin regulator, Dioxygenase, Oxidoreductase"		"Evidence at protein level"	"Evidence at protein level"	"Evidence at protein level"	"Evidence at protein level"	"Tissue enriched"	"Detected in some"	16	"testis: 32.3"	"Cell type enhanced"	"Detected in many"		"Early spermatids: 162.8;Late spermatids: 35.7;Spermatocytes: 85.9"	"Low cell type specificity"	"Detected in many"			"Low cancer specificity"	"Detected in some"			"Low region specificity"	"Detected in many"			"Immune cell enhanced"	"Detected in single"		"non-classical monocyte: 2.2"	"Low lineage specificity"	"Detected in single"			"Low cancer specificity"	"Detected in many"			"Adrenal gland - Adrenal cortex cells, Testis - Early spermatids"	"Low region specificity"	"Detected in many"			"Not detected"	"Not detected"			"HPA055854, HPA064037"	Approved		Approved	Nucleoplasm			NA	NA			"Cluster 8: Plasmacytoid DCs - Unknown function"	"Cluster 44: Testis - Spermatogenesis"	"Cluster 55: Non-specific - Transcription"	"Cluster 4: Non-specific - Transcription"	"Cluster 70: Spermatocytes & Spermatids - Spermatid development"	2	Nucleoplasm		"HPA055854: AB_2682944, HPA064037: AB_2685180"			"unprognostic (1.24e-2)"				"unprognostic (2.59e-1)"	"unprognostic (6.30e-2)"					"unprognostic (3.91e-1)"							"unprognostic (3.40e-1)"							"unprognostic (4.17e-2)"		"unprognostic (4.93e-2)"		"unprognostic (3.17e-1)"
FBN2	"CCA, DA9"	ENSG00000138829	"Fibrillin 2"	P35556	5	128257909-128659185	"Cancer-related genes, Disease related genes, Human disease related genes, Plasma proteins, Predicted secreted proteins"		Hormone	"Cancer-related genes, Disease variant"	"Evidence at protein level"	"Evidence at protein level"	"Evidence at protein level"	"Evidence at protein level"	"Tissue enriched"	"Detected in some"	15	"placenta: 65.0"	"Group enriched"	"Detected in many"	4	"Cytotrophoblasts: 292.9;Syncytiotrophoblasts: 154.5"	"Cell type enhanced"	"Detected in many"		"LAMP5-LHX6 and Chandelier: 117.3;midbrain-derived inhibitory: 237.8"	"Low cancer specificity"	"Detected in many"			"Low region specificity"	"Detected in many"			"Immune cell enhanced"	"Detected in single"		"non-classical monocyte: 2.2"	"Lineage enriched"	"Detected in single"	6	"monocytes: 2.2"	"Cancer enhanced"	"Detected in many"		"Sarcoma: 46.8"	"Testis - Early spermatids"	"Region enhanced"	"Detected in single"		"olfactory bulb: 2.0"	"Low region specificity"	"Detected in many"			"HPA012853, CAB026401"	Enhanced				"Secreted to blood"	Hormone	NA	NA		7200000		"Cluster 58: Placenta - Pregnancy"	"Cluster 3: Choroid plexus - Cilium"	"Cluster 3: Rhabdoid - Membrane components"	"Cluster 24: Cytotrophoblasts - Mitochondria"				"CAB026401: , HPA012853: AB_1848588"	"unprognostic (1.59e-2)"	"unprognostic (1.97e-1)"	"unprognostic (1.66e-1)"	"unprognostic (3.39e-2)"		"unprognostic (6.04e-2)"	"unprognostic (1.79e-2)"	"potential prognostic favorable (4.70e-4)"	"unprognostic (2.72e-1)"							"unprognostic (6.24e-3)"		"unprognostic (8.11e-3)"	"unprognostic (2.49e-2)"	"unprognostic (1.61e-1)"	"unprognostic (2.61e-1)"		"unprognostic (2.44e-1)"			"unprognostic (5.10e-2)"			"unprognostic (9.78e-2)"	"unprognostic (8.50e-2)"	"unprognostic (1.21e-1)"
KLF1	EKLF	ENSG00000105610	"KLF transcription factor 1"	Q13351	19	12884422-12887201	"Disease related genes, Human disease related genes, Predicted intracellular proteins, Transcription factors"	"Transcription, Transcription regulation"	"Activator, DNA-binding"	"Congenital dyserythropoietic anemia, Disease variant, Hereditary hemolytic anemia"	"Evidence at protein level"	"Evidence at protein level"	"Evidence at protein level"	"Evidence at protein level"	"Tissue enriched"	"Detected in some"	15	"bone marrow: 40.6"	"Cell type enriched"	"Detected in some"	168	"Erythroid cells: 368.1"	"Not detected"	"Not detected"			"Not detected"	"Not detected"			"Not detected"	"Not detected"			"Immune cell enhanced"	"Detected in some"		"intermediate monocyte: 1.9;non-classical monocyte: 1.2"	"Lineage enriched"	"Detected in single"	7	"monocytes: 1.9"	"Cancer enriched"	"Detected in single"	109	"Leukemia: 40.9"	"Liver - Erythroid cells, Spleen - Erythrocytes"	"Not detected"	"Not detected"			"Not detected"	"Not detected"			HPA051850	Enhanced		Supported	Nucleoplasm			NA	NA			"Cluster 40: Monocytes - Innate immune response"	"Cluster 6: Bone marrow - Innate immune response"		"Cluster 47: Leukemia - Hemostasis"	"Cluster 1: Erythroid cells - Oxygen transport"	21	Nucleoplasm		"HPA051850: AB_2616460"																															
SIGLEC16	"Siglec-P16, SIGLECP16"	ENSG00000161643	"Sialic acid binding Ig like lectin 16"		19	49969600-49975819	"Predicted intracellular proteins"				"Evidence at transcript level"	"Evidence at transcript level"			"Group enriched"	"Detected in some"	10	"lymphoid tissue: 6.3;ovary: 22.4"	"Cell type enhanced"	"Detected in some"		"Granulosa cells: 11.2;Kupffer cells: 25.3;Late spermatids: 9.4;Macrophages: 6.6;monocytes: 5.6;Ovarian stromal cells: 17.6"	"Group enriched"	"Detected in some"	12	"central nervous system macrophage: 5.3;leukocyte: 1.5"					"Low region specificity"	"Detected in all"			"Immune cell enhanced"	"Detected in some"		"non-classical monocyte: 2.9"	"Group enriched"	"Detected in many"	11	"granulocytes: 1.3;monocytes: 2.9"	"Not detected"	"Not detected"			"Adipose subcutaneous - Macrophages, Adrenal gland - Macrophages, Breast - Macrophages, Kidney - Macrophages, Liver - Kupffer cells, Skeletal muscle - Macrophages, Stomach - Macrophages"																NA	NA			"Cluster 29: Non-specific - Unknown function"		"Cluster 6: Non-specific - Immune response"	"Cluster 47: Leukemia - Hemostasis"	"Cluster 36: Late spermatids - Unknown function"																																			
GNGT2	GNG9	ENSG00000167083	"G protein subunit gamma transducin 2"	O14610	17	49202791-49210574	"Predicted intracellular proteins, RAS pathway related proteins, Transporters"		Transducer		"Evidence at protein level"	"Evidence at protein level"	"Evidence at transcript level"	"Evidence at protein level"	"Tissue enriched"	"Detected in many"	8	"retina: 152.1"	"Cell type enriched"	"Detected in some"	14	"Cone photoreceptor cells: 560.7"	"Cell type enhanced"	"Detected in some"		"central nervous system macrophage: 3.2;leukocyte: 6.9"	"Low cancer specificity"	"Detected in all"			"Low region specificity"	"Detected in all"			"Immune cell enhanced"	"Detected in many"		"non-classical monocyte: 67.1"	"Low lineage specificity"	"Detected in all"			"Cancer enhanced"	"Detected in many"		"lymphoma: 25.5"	"Adrenal gland - Macrophages"	"Low region specificity"	"Detected in all"							HPA043381	Enhanced						NA	NA			"Cluster 37: Monocytes & Neutrophils - Innate immune response"	"Cluster 76: Retina - Visual perception"	"Cluster 49: Hindbrain - Mixed function"	"Cluster 46: Lymphoma - Humoral immune response"	"Cluster 66: Photoreceptor cells - Visual perception"	2			"HPA043381: AB_2678455"	"unprognostic (1.93e-1)"	"unprognostic (1.17e-1)"	"unprognostic (1.53e-1)"	"unprognostic (2.45e-3)"	"unprognostic (3.38e-2)"	"unprognostic (2.57e-1)"	"unprognostic (7.65e-2)"	"unprognostic (2.42e-1)"	"unprognostic (2.39e-3)"	"unprognostic (1.53e-1)"	"potential prognostic favorable (3.30e-4)"	"unprognostic (7.70e-3)"	"unprognostic (2.65e-1)"	"unprognostic (2.82e-1)"	"unprognostic (5.81e-2)"	"unprognostic (1.63e-2)"	"unprognostic (5.00e-2)"	"unprognostic (1.82e-1)"	"unprognostic (2.07e-1)"	"unprognostic (4.29e-2)"	"unprognostic (3.72e-1)"	"unprognostic (1.86e-1)"	"unprognostic (7.28e-2)"	"unprognostic (9.89e-2)"	"unprognostic (8.76e-2)"	"unprognostic (3.01e-1)"	"unprognostic (1.87e-1)"	"unprognostic (2.37e-1)"	"unprognostic (3.98e-2)"	"unprognostic (2.34e-1)"	"unprognostic (1.97e-1)"
SLC18A1	"CGAT, VAT1, VMAT1"	ENSG00000036565	"Solute carrier family 18 member A1"	P54219	8	20144855-20183206	"FDA approved drug targets, Metabolic proteins, Predicted membrane proteins, Transporters"	"Neurotransmitter transport, Transport"		"FDA approved drug targets"	"Evidence at protein level"	"Evidence at protein level"	"Evidence at protein level"	"Evidence at protein level"	"Tissue enriched"	"Detected in some"	8	"adrenal gland: 24.3"	"Cell type enriched"	"Detected in some"	55	"Enteroendocrine cells: 99.9"	"Cell type enriched"	"Detected in some"	4	"central nervous system macrophage: 6.5"	"Cancer enhanced"	"Detected in some"		"Colon Adenocarcinoma (TCGA): 1.7;Stomach Adenocarcinoma (TCGA): 1.3"	"Region enriched"	"Detected in single"	20	"midbrain: 8.5"	"Immune cell enhanced"	"Detected in single"		"non-classical monocyte: 2.8"	"Lineage enriched"	"Detected in single"	19	"monocytes: 2.8"	"Cancer enriched"	"Detected in some"	10	"Neuroblastoma: 35.1"	"Adrenal gland - Adrenal medulla cells, Skin - Outer root sheath cells, Stomach - Gastric enteroendocrine cells"	"Not detected"	"Not detected"			"Low region specificity"	"Detected in many"			"HPA006877, HPA063797"	Enhanced						NA	NA			"Cluster 37: Monocytes & Neutrophils - Innate immune response"	"Cluster 26: Adrenal gland - Steroid metabolism"	"Cluster 41: Monoamines - Neurotransmitter signalling"	"Cluster 17: Neuroblastoma - Neuronal signaling"	"Cluster 20: Enteroendocrine cells - Hormone signaling"	1			"HPA006877: AB_2667690, HPA063797: AB_2685125"					"unprognostic (9.21e-3)"	"unprognostic (1.21e-2)"		"unprognostic (9.79e-3)"									"unprognostic (7.48e-2)"								"unprognostic (3.41e-1)"	"unprognostic (1.34e-1)"		"unprognostic (1.55e-1)"			
SPN	"CD43, GPL115, LEU-22, LSN"	ENSG00000197471	Sialophorin	P16150	16	29662979-29670876	"CD markers, Predicted membrane proteins"				"Evidence at protein level"	"Evidence at protein level"	"Evidence at protein level"	"Evidence at protein level"	"Group enriched"	"Detected in many"	8	"bone marrow: 70.9;lung: 27.3;lymphoid tissue: 49.7"	"Cell type enhanced"	"Detected in many"		"dendritic cells: 218.9;Erythroid cells: 123.5;monocytes: 499.5;NK-cells: 248.7;T-cells: 98.0"	"Cell type enhanced"	"Detected in single"		"leukocyte: 1.3"	"Low cancer specificity"	"Detected in all"			"Low region specificity"	"Detected in all"			"Immune cell enhanced"	"Detected in all"		"non-classical monocyte: 218.5"	"Low lineage specificity"	"Detected in all"			"Cancer enhanced"	"Detected in many"		"Leukemia: 185.3;Myeloma: 49.9"	"Pituitary gland - T-cells, Prostate - T-cells, Skin - Langerhans cells, Spleen - T-cells, Stomach - T-cells, Thyroid gland - T-cells"	"Not detected"	"Not detected"			"Low region specificity"	"Detected in some"			"CAB002666, HPA055244"	Enhanced		Approved	"Plasma membrane"			NA	NA		130000	"Cluster 33: Non-specific - ATP binding"	"Cluster 77: Bone marrow - Cell proliferation"	"Cluster 6: Non-specific - Immune response"	"Cluster 14: Myeloid leukemia - Innate immune response"	"Cluster 19: NK-cells - Adaptive immune response"	31	"Plasma membrane"		"CAB002666: , HPA055244: AB_2682756"	"unprognostic (1.56e-2)"	"unprognostic (1.28e-2)"	"unprognostic (2.02e-2)"	"unprognostic (2.08e-1)"	"unprognostic (3.64e-1)"	"unprognostic (5.85e-2)"	"unprognostic (1.35e-1)"	"unprognostic (2.40e-1)"	"unprognostic (1.50e-2)"	"unprognostic (1.08e-1)"	"potential prognostic favorable (9.85e-4)"	"unprognostic (5.44e-2)"	"unprognostic (1.08e-1)"	"unprognostic (4.84e-2)"	"unprognostic (2.42e-2)"	"unprognostic (3.57e-3)"	"unprognostic (3.70e-2)"	"unprognostic (6.73e-2)"	"unprognostic (2.16e-1)"	"unprognostic (3.05e-1)"	"unprognostic (2.78e-1)"	"unprognostic (7.40e-2)"	"unprognostic (2.55e-1)"	"unprognostic (1.31e-1)"	"unprognostic (8.46e-2)"	"unprognostic (3.08e-1)"	"unprognostic (1.34e-3)"	"unprognostic (1.97e-2)"	"unprognostic (2.70e-2)"	"unprognostic (8.47e-2)"	"unprognostic (4.74e-2)"
CYP2U1	"SPG49, SPG56"	ENSG00000155016	"Cytochrome P450 family 2 subfamily U member 1"	Q7Z449	4	107931549-107953461	"Disease related genes, Enzymes, Human disease related genes, Metabolic proteins, Potential drug targets, Predicted membrane proteins"	"Lipid metabolism"	"Monooxygenase, Oxidoreductase"	"Disease variant, Hereditary spastic paraplegia, Neurodegeneration"	"Evidence at protein level"	"Evidence at protein level"	"Evidence at protein level"	"Evidence at protein level"	"Tissue enriched"	"Detected in many"	7	"lymphoid tissue: 82.7"	"Cell type enhanced"	"Detected in many"		"Excitatory neurons: 29.2;Inhibitory neurons: 32.9;Melanocytes: 27.5;Schwann cells: 30.4"	"Low cell type specificity"	"Detected in all"			"Low cancer specificity"	"Detected in all"			"Low region specificity"	"Detected in all"			"Immune cell enhanced"	"Detected in some"		"non-classical monocyte: 2.9"	"Low lineage specificity"	"Detected in many"			"Low cancer specificity"	"Detected in all"			"Kidney - Fibroblasts, Thyroid gland - Fibroblasts"	"Low region specificity"	"Detected in all"			"Low region specificity"	"Detected in all"			"HPA041622, HPA046754, HPA064827"	Uncertain		Approved	"Nucleoplasm,Golgi apparatus,Vesicles"			NA	NA			"Cluster 14: Non-specific - Unknown function"	"Cluster 71: Thymus - Adaptive immune response"	"Cluster 55: Non-specific - Transcription"	"Cluster 9: Skin cancer - Melanin biosynthesis"	"Cluster 53: Fibroblasts - ECM organization"		"Golgi apparatus"	"Nucleoplasm, Vesicles"	"HPA041622: AB_2677583, HPA046754: AB_2679787, HPA064827: AB_2685362"	"unprognostic (4.50e-3)"	"unprognostic (2.03e-1)"	"unprognostic (4.74e-2)"	"unprognostic (8.67e-2)"	"unprognostic (1.97e-1)"	"unprognostic (2.13e-2)"	"unprognostic (2.46e-1)"	"unprognostic (2.93e-2)"	"unprognostic (1.04e-1)"	"unprognostic (3.12e-2)"	"potential prognostic favorable (1.24e-9)"	"unprognostic (1.67e-2)"	"unprognostic (2.00e-1)"	"unprognostic (1.45e-2)"	"unprognostic (2.94e-1)"	"unprognostic (2.03e-3)"	"unprognostic (2.24e-1)"	"unprognostic (1.65e-1)"	"unprognostic (6.50e-2)"	"unprognostic (2.46e-3)"	"unprognostic (2.83e-2)"	"unprognostic (2.04e-3)"	"potential prognostic favorable (4.91e-4)"	"unprognostic (3.15e-1)"	"unprognostic (4.12e-2)"	"unprognostic (2.61e-1)"	"unprognostic (3.20e-1)"	"unprognostic (1.72e-2)"	"unprognostic (4.11e-1)"	"unprognostic (1.76e-2)"	"unprognostic (1.43e-1)"
PKP4	p0071	ENSG00000144283	"Plakophilin 4"	Q99569	2	158456952-158682879	"Plasma proteins, Predicted intracellular proteins"	"Cell adhesion"			"Evidence at protein level"	"Evidence at protein level"	"Evidence at protein level"	"Evidence at protein level"	"Tissue enriched"	"Detected in all"	7	"brain: 377.9"	"Cell type enhanced"	"Detected in many"		"Excitatory neurons: 252.2;Inhibitory neurons: 250.2;Oligodendrocyte precursor cells: 220.7;Oligodendrocytes: 804.9"	"Cell type enhanced"	"Detected in all"		"committed oligodendrocyte precursor: 2317.7"	"Low cancer specificity"	"Detected in all"			"Low region specificity"	"Detected in all"			"Immune cell enhanced"	"Detected in single"		"non-classical monocyte: 2.0"	"Low lineage specificity"	"Detected in single"			"Low cancer specificity"	"Detected in all"			"Adipose subcutaneous - Endothelial cells, Adipose visceral - Endothelial cells"	"Low region specificity"	"Detected in all"			"Low region specificity"	"Detected in all"			"CAB037334, HPA066647, HPA070648"	Approved		Enhanced	"Plasma membrane,Cell Junctions"			NA	NA				"Cluster 9: Oligodendrocytes - Myelination"	"Cluster 30: White matter - Myelination"	"Cluster 72: Neuronal - Signal transduction"	"Cluster 51: Oligodendrocytes - Unknown function"	22	"Cell Junctions"	"Plasma membrane"	"CAB037334: , HPA066647: AB_2685696, HPA070648: AB_2686291"	"unprognostic (4.08e-1)"	"unprognostic (8.68e-2)"	"unprognostic (2.15e-1)"	"unprognostic (5.35e-2)"	"unprognostic (1.53e-1)"	"unprognostic (5.15e-2)"	"unprognostic (1.04e-1)"	"unprognostic (2.86e-2)"	"unprognostic (1.79e-1)"	"unprognostic (1.31e-1)"	"validated prognostic favorable (1.39e-9)"	"validated prognostic favorable (2.74e-4)"	"unprognostic (5.43e-2)"	"unprognostic (2.26e-2)"	"unprognostic (2.81e-2)"	"unprognostic (1.93e-2)"	"unprognostic (1.32e-1)"	"unprognostic (1.54e-1)"	"unprognostic (1.78e-2)"	"unprognostic (2.18e-1)"	"unprognostic (1.22e-1)"	"unprognostic (5.53e-3)"	"unprognostic (1.83e-1)"	"unprognostic (2.17e-1)"	"unprognostic (2.33e-2)"	"unprognostic (9.89e-2)"	"unprognostic (1.48e-1)"	"unprognostic (1.70e-1)"	"unprognostic (1.48e-1)"	"unprognostic (3.42e-2)"	"unprognostic (6.76e-2)"
VNN1	Tiff66	ENSG00000112299	"Vanin 1"	O95497	6	132680849-132714055	"Enzymes, Metabolic proteins, Plasma proteins, Predicted intracellular proteins"		Hydrolase		"Evidence at protein level"	"Evidence at transcript level"	"Evidence at protein level"	"Evidence at protein level"	"Group enriched"	"Detected in many"	7	"gallbladder: 86.2;intestine: 132.5;liver: 212.1"	"Cell type enhanced"	"Detected in many"		"Cholangiocytes: 55.3;Ductal cells: 259.1;Exocrine glandular cells: 71.0;Hepatocytes: 67.5;monocytes: 181.9;Proximal enterocytes: 52.0"	"Group enriched"	"Detected in some"	10	"central nervous system macrophage: 5.0;leukocyte: 16.8"	"Cancer enhanced"	"Detected in many"		"Liver Hepatocellular Carcinoma (TCGA): 40.5"	"Low region specificity"	"Detected in all"			"Immune cell enhanced"	"Detected in many"		"classical monocyte: 13.7;non-classical monocyte: 12.0"	"Group enriched"	"Detected in many"	80	"dendritic cells: 5.0;granulocytes: 8.5;monocytes: 13.7"	"Cancer enhanced"	"Detected in many"		"liver cancer: 13.2;thyroid cancer: 9.6"	"Adipose subcutaneous - Macrophages, Adrenal gland - Macrophages, Colon - Macrophages, Kidney - Proximal tubular cells, Lung - Neutrophil_2, Minor Salivary Gland - Minor salivary glandular cells, Spleen - Neutrophils"	"Region enhanced"	"Detected in single"		"white matter: 2.4"	"Not detected"	"Not detected"			"HPA046103, HPA064145"	Approved		Approved	Vesicles	"Intracellular and membrane"	Enzyme	NA	NA		550000000	"Cluster 38: Monocytes & Neutrophils - Degranulation"	"Cluster 37: Liver & Intestine - Lipid metabolism"	"Cluster 6: Non-specific - Immune response"	"Cluster 7: Liver cancer - Metabolism"	"Cluster 45: Non-specific - Mixed function"		Vesicles		"HPA046103: , HPA064145: AB_2685197"	"unprognostic (2.67e-2)"		"unprognostic (1.44e-1)"	"unprognostic (8.17e-3)"	"unprognostic (1.02e-2)"	"unprognostic (1.65e-2)"		"unprognostic (1.49e-2)"	"unprognostic (6.86e-3)"		"unprognostic (5.59e-2)"	"unprognostic (1.72e-2)"	"unprognostic (2.30e-2)"	"unprognostic (1.56e-1)"	"unprognostic (1.35e-1)"	"potential prognostic unfavorable (7.45e-4)"	"unprognostic (1.37e-1)"	"unprognostic (5.43e-2)"	"unprognostic (1.04e-1)"	"unprognostic (2.60e-3)"	"unprognostic (5.83e-2)"	"unprognostic (1.14e-2)"	"unprognostic (1.71e-2)"		"unprognostic (2.98e-1)"	"unprognostic (3.42e-1)"		"unprognostic (3.48e-2)"	"unprognostic (5.36e-2)"		"potential prognostic unfavorable (5.64e-4)"
APH1B	"APH-1B, DKFZp564D0372, PSFL"	ENSG00000138613	"Aph-1 homolog B, gamma-secretase subunit"	Q8WW43	15	63276018-63309126	"Predicted membrane proteins, Transporters"	"Notch signaling pathway"			"Evidence at protein level"	"Evidence at transcript level"	"Evidence at protein level"	"Evidence at protein level"	"Tissue enriched"	"Detected in all"	6	"testis: 119.4"	"Cell type enhanced"	"Detected in many"		"Early spermatids: 1691.7;Late spermatids: 396.0;Spermatocytes: 693.0"	"Low cell type specificity"	"Detected in all"			"Low cancer specificity"	"Detected in all"			"Low region specificity"	"Detected in all"			"Immune cell enhanced"	"Detected in all"		"non-classical monocyte: 108.2"	"Low lineage specificity"	"Detected in all"			"Low cancer specificity"	"Detected in all"			"Adrenal gland - Adrenal cortex cells, Testis - Early spermatids"	"Low region specificity"	"Detected in all"			"Low region specificity"	"Detected in all"										NA	NA			"Cluster 40: Monocytes - Innate immune response"	"Cluster 44: Testis - Spermatogenesis"	"Cluster 39: Astrocytes - Mixed function"	"Cluster 64: Connective tissue cells - ECM organization"	"Cluster 70: Spermatocytes & Spermatids - Spermatid development"	2				"unprognostic (5.60e-2)"	"unprognostic (2.71e-1)"	"unprognostic (1.66e-1)"	"unprognostic (1.11e-2)"	"unprognostic (1.88e-1)"	"unprognostic (1.26e-1)"	"unprognostic (7.02e-2)"	"unprognostic (3.48e-2)"	"unprognostic (2.03e-1)"	"unprognostic (1.40e-1)"	"potential prognostic favorable (6.67e-8)"	"unprognostic (1.03e-1)"	"potential prognostic favorable (5.37e-4)"	"unprognostic (5.51e-3)"	"unprognostic (3.19e-3)"	"unprognostic (7.34e-2)"	"unprognostic (2.16e-2)"	"unprognostic (5.71e-2)"	"unprognostic (1.50e-1)"	"unprognostic (2.48e-2)"	"unprognostic (3.69e-3)"	"unprognostic (3.36e-2)"	"unprognostic (2.39e-2)"	"unprognostic (8.26e-2)"	"unprognostic (9.35e-2)"	"unprognostic (3.10e-1)"	"unprognostic (2.57e-1)"	"unprognostic (2.47e-3)"	"unprognostic (2.84e-1)"	"unprognostic (2.52e-1)"	"unprognostic (3.77e-1)"
C2		ENSG00000166278	"Complement C2"	P06681	6	31897785-31945673	"Disease related genes, Enzymes, Human disease related genes, Plasma proteins, Potential drug targets, Predicted intracellular proteins, Predicted secreted proteins"	"Complement pathway, Immunity, Innate immunity"	"Hydrolase, Protease, Serine protease"	"Age-related macular degeneration, Disease variant"	"Evidence at protein level"	"Evidence at protein level"	"Evidence at protein level"	"Evidence at protein level"	"Tissue enriched"	"Detected in many"	6	"liver: 466.0"	"Cell type enhanced"	"Detected in many"		"Alveolar cells type 2: 194.1;Hepatocytes: 323.8;Hofbauer cells: 241.9;Kupffer cells: 141.5"	"Low cell type specificity"	"Detected in all"			"Cancer enhanced"	"Detected in all"		"Liver Hepatocellular Carcinoma (TCGA): 250.9"	"Low region specificity"	"Detected in all"			"Immune cell enhanced"	"Detected in some"		"intermediate monocyte: 20.7;non-classical monocyte: 26.1"	"Lineage enriched"	"Detected in single"	33	"monocytes: 26.1"	"Group enriched"	"Detected in many"	4	"liver cancer: 11.4;Myeloma: 14.9;thyroid cancer: 5.1"	"Adipose subcutaneous - Macrophages, Adrenal gland - Macrophages, Liver - Hepatocytes, Skin - Fibroblast_2, Spleen - Macrophages"	"Low region specificity"	"Detected in all"			"Low region specificity"	"Detected in many"			CAB016775	Supported				"Secreted to blood"	"Complement pathway"	NA	NA	37800000000	24000000000	"Cluster 40: Monocytes - Innate immune response"	"Cluster 83: Liver - Metabolism"	"Cluster 20: Macrophages & Microglia - Immune response"	"Cluster 51: Myeloma - Immunoglobulins"	"Cluster 62: Hepatocytes - Metabolism"	7			"CAB016775: "	"unprognostic (8.96e-2)"	"unprognostic (1.11e-1)"	"unprognostic (9.42e-3)"	"unprognostic (1.03e-1)"	"unprognostic (2.04e-1)"	"unprognostic (1.32e-1)"	"unprognostic (3.36e-3)"	"unprognostic (2.02e-3)"	"unprognostic (7.84e-2)"	"unprognostic (4.05e-1)"	"unprognostic (1.44e-1)"	"unprognostic (5.22e-2)"	"unprognostic (1.83e-1)"	"unprognostic (2.99e-2)"	"unprognostic (9.84e-2)"	"unprognostic (2.71e-2)"	"unprognostic (5.88e-2)"	"unprognostic (5.09e-3)"	"unprognostic (1.59e-1)"	"unprognostic (3.14e-1)"	"unprognostic (1.71e-1)"	"unprognostic (1.47e-1)"	"unprognostic (5.33e-2)"	"unprognostic (8.48e-2)"	"unprognostic (1.74e-2)"	"unprognostic (1.02e-1)"	"unprognostic (1.82e-1)"	"unprognostic (1.69e-1)"	"unprognostic (1.84e-2)"	"unprognostic (1.05e-1)"	"unprognostic (5.18e-2)"
CETP	BPIFF	ENSG00000087237	"Cholesteryl ester transfer protein"	P11597	16	56961923-56983845	"Candidate cardiovascular disease genes, Disease related genes, Human disease related genes, Plasma proteins, Potential drug targets, Predicted intracellular proteins, Predicted secreted proteins, Transporters"	"Cholesterol metabolism, Lipid metabolism, Lipid transport, Steroid metabolism, Sterol metabolism, Transport"		"Atherosclerosis, Disease variant"	"Evidence at protein level"	"Evidence at transcript level"	"Evidence at protein level"	"Evidence at protein level"	"Group enriched"	"Detected in many"	6	"adipose tissue: 32.3;liver: 41.7;lymphoid tissue: 58.1;placenta: 35.0"	"Group enriched"	"Detected in some"	5	"Adipocytes: 41.2;Kupffer cells: 90.8"	"Cell type enriched"	"Detected in single"	9	"endothelial cell: 9.8"	"Cancer enhanced"	"Detected in many"		"Kidney Renal Clear Cell Carcinoma (TCGA): 9.9"	"Low region specificity"	"Detected in some"			"Immune cell enhanced"	"Detected in some"		"non-classical monocyte: 2.3;plasmacytoid DC: 3.2"	"Low lineage specificity"	"Detected in many"			"Cancer enhanced"	"Detected in some"		"Leukemia: 1.4"															"Secreted to blood"	Transport	NA	NA	2470000000	200000000	"Cluster 8: Plasmacytoid DCs - Unknown function"	"Cluster 70: Lymphoid tissue - Immune response"	"Cluster 43: Hindbrain - Mixed function"	"Cluster 47: Leukemia - Hemostasis"	"Cluster 41: Adipocytes & Endothelial cells - Mixed function"						"unprognostic (1.32e-1)"	"unprognostic (3.28e-2)"			"unprognostic (1.34e-1)"	"unprognostic (1.86e-2)"	"unprognostic (1.36e-1)"		"unprognostic (9.48e-2)"	"potential prognostic favorable (1.15e-5)"	"unprognostic (1.10e-3)"	"unprognostic (2.53e-2)"	"unprognostic (6.24e-2)"	"unprognostic (1.95e-3)"	"unprognostic (9.22e-2)"	"unprognostic (6.42e-3)"	"unprognostic (1.50e-2)"	"unprognostic (2.20e-1)"			"unprognostic (1.03e-2)"				"unprognostic (1.04e-1)"	"unprognostic (7.23e-3)"	"unprognostic (2.90e-2)"	"unprognostic (3.46e-2)"	"unprognostic (7.70e-2)"	"unprognostic (4.64e-3)"
CFAP57	"FLJ32000, WDR65"	ENSG00000243710	"Cilia and flagella associated protein 57"	Q96MR6	1	43172330-43254358	"Predicted intracellular proteins, Predicted membrane proteins"				"Evidence at protein level"	"Evidence at protein level"	"Evidence at transcript level"	"Evidence at protein level"	"Group enriched"	"Detected in some"	6	"choroid plexus: 13.6;fallopian tube: 22.7;testis: 15.3"	"Group enriched"	"Detected in some"	6	"Ciliated cells: 71.9;Early spermatids: 49.7;Late spermatids: 22.4;Spermatocytes: 21.7"	"Group enriched"	"Detected in many"	6	"choroid plexus epithelial cell: 42.1;ependymal cell: 126.2"	"Cancer enhanced"	"Detected in some"		"Uterine Corpus Endometrial Carcinoma (TCGA): 3.9"	"Region enhanced"	"Detected in all"		"choroid plexus: 23.2"	"Immune cell enhanced"	"Detected in single"		"non-classical monocyte: 1.2"	"Low lineage specificity"	"Detected in single"			"Cancer enhanced"	"Detected in some"		"Adrenocortical cancer: 4.1;lymphoma: 3.7"	"Liver - Hepatocytes, Lung - Respiratory ciliated cells, Testis - Early spermatids"	"Low region specificity"	"Detected in many"			"Low region specificity"	"Detected in many"			"HPA002736, HPA028623, HPA028629"	Enhanced		Supported	"Primary cilium,Cytosol"			NA	NA				"Cluster 8: Ciliated cells - Cilium organization"	"Cluster 3: Choroid plexus - Cilium"	"Cluster 59: Leukemia - T-cell receptor"	"Cluster 42: Ciliated cells - Cilium assembly"		"Primary cilium, Cytosol"		"HPA002736: AB_2272982, HPA028623: AB_10603234, HPA028629: "		"unprognostic (4.05e-2)"						"unprognostic (5.44e-2)"				"unprognostic (1.67e-2)"	"unprognostic (6.75e-3)"	"unprognostic (2.22e-3)"		"unprognostic (5.19e-2)"	"unprognostic (5.22e-2)"		"unprognostic (2.14e-1)"	"unprognostic (1.91e-1)"	"unprognostic (1.01e-2)"										"unprognostic (5.67e-3)"
MS4A14	"DKFZp434H092, FLJ32856, MS4A16, NYD-SP21"	ENSG00000166928	"Membrane spanning 4-domains A14"	Q96JA4	11	60378530-60417756	"Predicted intracellular proteins, Predicted membrane proteins, Transporters"		Receptor		"Evidence at protein level"	"Evidence at protein level"	"Evidence at protein level"	"Evidence at protein level"	"Tissue enriched"	"Detected in many"	6	"testis: 71.0"	"Group enriched"	"Detected in some"	17	"Early spermatids: 255.1;Late spermatids: 670.1"	"Cell type enriched"	"Detected in some"	4	"central nervous system macrophage: 26.3"	"Low cancer specificity"	"Detected in many"			"Low region specificity"	"Detected in all"			"Immune cell enhanced"	"Detected in some"		"intermediate monocyte: 5.5;non-classical monocyte: 8.0"	"Lineage enriched"	"Detected in many"	5	"monocytes: 8.0"	"Cancer enhanced"	"Detected in single"		"Leukemia: 1.0"	"Adipose subcutaneous - Macrophages, Minor Salivary Gland - Macrophages, Testis - Early spermatids, Testis - Late spermatids"	"Not detected"	"Not detected"			"Not detected"	"Not detected"			HPA058973	Enhanced		Approved	"Nucleoplasm,Plasma membrane"			NA	NA			"Cluster 40: Monocytes - Innate immune response"	"Cluster 44: Testis - Spermatogenesis"	"Cluster 20: Macrophages & Microglia - Immune response"	"Cluster 14: Myeloid leukemia - Innate immune response"	"Cluster 36: Late spermatids - Unknown function"	5	Nucleoplasm	"Plasma membrane"	"HPA058973: "		"unprognostic (1.39e-1)"	"unprognostic (1.43e-1)"			"unprognostic (4.11e-1)"	"unprognostic (1.42e-1)"	"unprognostic (2.11e-1)"		"unprognostic (4.54e-1)"	"potential prognostic unfavorable (2.91e-4)"	"unprognostic (1.88e-2)"	"unprognostic (1.01e-1)"		"unprognostic (1.46e-1)"	"unprognostic (6.86e-2)"	"unprognostic (2.08e-2)"		"unprognostic (1.17e-2)"			"unprognostic (2.04e-1)"	"unprognostic (6.63e-2)"			"unprognostic (3.94e-2)"		"unprognostic (2.63e-2)"			
TRIM36	"HAPRIN, RBCC728, RNF98"	ENSG00000152503	"Tripartite motif containing 36"	Q9NQ86	5	115124762-115180546	"Disease related genes, Enzymes, Human disease related genes, Potential drug targets, Predicted intracellular proteins"	"Ubl conjugation pathway"	Transferase	"Disease variant"	"Evidence at protein level"	"Evidence at protein level"	"Evidence at protein level"	"Evidence at protein level"	"Group enriched"	"Detected in many"	6	"retina: 42.9;testis: 169.2"	"Group enriched"	"Detected in many"	31	"Early spermatids: 1378.5;Late spermatids: 4987.9"	"Low cell type specificity"	"Detected in all"			"Group enriched"	"Detected in many"	4	"Glioblastoma Multiforme (TCGA): 13.9;Prostate Adenocarcinoma (TCGA): 36.9"	"Low region specificity"	"Detected in all"			"Immune cell enhanced"	"Detected in many"		"myeloid DC: 5.8;non-classical monocyte: 6.5"	"Group enriched"	"Detected in many"	48	"dendritic cells: 5.8;granulocytes: 3.2;monocytes: 6.5"	"Cancer enhanced"	"Detected in many"		"prostate cancer: 22.2"	"Prostate - Prostate glandular cells, Stomach - Chief cells, Testis - Early spermatids, Testis - Late spermatids"	"Low region specificity"	"Detected in all"			"Low region specificity"	"Detected in all"			HPA004696			Supported	"Plasma membrane,Cytosol"			NA	NA			"Cluster 10: Non-specific - Membrane trafficking"	"Cluster 44: Testis - Spermatogenesis"	"Cluster 14: Neurons - Synaptic function"	"Cluster 10: Ciliated cells - Ion channel activity"	"Cluster 11: Late spermatids - Unknown function"	11	Cytosol	"Plasma membrane"	"HPA004696: "		"unprognostic (2.44e-2)"	"unprognostic (1.57e-3)"	"unprognostic (3.92e-2)"	"unprognostic (2.66e-2)"	"unprognostic (1.11e-1)"	"unprognostic (1.95e-1)"	"unprognostic (6.47e-3)"			"potential prognostic unfavorable (1.97e-5)"	"unprognostic (3.75e-2)"				"unprognostic (4.26e-1)"	"unprognostic (1.36e-1)"		"unprognostic (4.52e-3)"	"unprognostic (3.60e-1)"	"unprognostic (1.13e-1)"	"unprognostic (1.70e-1)"	"potential prognostic unfavorable (2.17e-4)"	"unprognostic (2.25e-1)"	"unprognostic (4.32e-2)"	"unprognostic (4.14e-2)"	"unprognostic (1.68e-2)"	"unprognostic (1.24e-1)"	"unprognostic (3.71e-1)"	"unprognostic (2.79e-1)"	"unprognostic (5.86e-2)"
C10orf105	FLJ00245	ENSG00000214688	"Chromosome 10 open reading frame 105"	Q8TEF2	10	71711701-71737824	"Predicted intracellular proteins"				"Evidence at protein level"	"Evidence at transcript level"	"Evidence at transcript level"	"Evidence at protein level"	"Tissue enriched"	"Detected in some"	5	"brain: 13.2"	"Group enriched"	"Detected in some"	4	"Early spermatids: 4.7;Langerhans cells: 2.3;Late spermatids: 8.2;monocytes: 2.8;Schwann cells: 3.1"	"Cell type enriched"	"Detected in some"	11	"ependymal cell: 66.9"	"Cancer enriched"	"Detected in single"	7	"Glioblastoma Multiforme (TCGA): 2.3"	"Low region specificity"	"Detected in all"			"Immune cell enhanced"	"Detected in some"		"intermediate monocyte: 1.8;non-classical monocyte: 2.1"	"Low lineage specificity"	"Detected in single"			"Not detected"	"Not detected"			"Adipose visceral - Mesothelial cells, Testis - Late spermatids"	"Low region specificity"	"Detected in many"			"Low region specificity"	"Detected in many"										NA	NA			"Cluster 37: Monocytes & Neutrophils - Innate immune response"	"Cluster 9: Oligodendrocytes - Myelination"	"Cluster 46: Brainstem - Mixed function"	"Cluster 14: Myeloid leukemia - Innate immune response"	"Cluster 28: Dendritic cells - Antigen presentation"							"unprognostic (1.95e-3)"				"unprognostic (1.75e-1)"	"unprognostic (8.40e-2)"																							
C18orf54	"LAS2, MGC33382"	ENSG00000166845	"Chromosome 18 open reading frame 54"	Q8IYD9	18	54357906-54385218	"Predicted intracellular proteins, Predicted secreted proteins"				"Evidence at protein level"	"Evidence at transcript level"	"Evidence at protein level"	"Evidence at protein level"	"Tissue enriched"	"Detected in many"	5	"testis: 16.8"	"Cell type enhanced"	"Detected in many"		"Early spermatids: 123.2;Extravillous trophoblasts: 26.6;Late spermatids: 32.9;Oligodendrocytes: 21.4;Spermatocytes: 35.6"	"Cell type enhanced"	"Detected in many"		"oligodendrocyte: 26.2"	"Low cancer specificity"	"Detected in many"			"Low region specificity"	"Detected in all"			"Immune cell enhanced"	"Detected in single"		"non-classical monocyte: 1.9"	"Low lineage specificity"	"Detected in single"			"Low cancer specificity"	"Detected in all"			"Testis - Early spermatids"	"Low region specificity"	"Detected in all"			"Low region specificity"	"Detected in all"			HPA077475			Approved	Nucleoplasm,Vesicles,Cytosol	"Secreted in male reproductive system"	"No annotated function"	NA	NA			"Cluster 5: Non-specific - Cell proliferation"	"Cluster 4: Testis - Basic cellular processes"	"Cluster 28: Oligodendrocytes - Mixed function"	"Cluster 13: Non-specific - Mixed function"	"Cluster 21: Early spermatids - Spermatogenesis"	8	Cytosol	"Nucleoplasm, Vesicles"	"HPA077475: "	"unprognostic (1.14e-1)"	"unprognostic (2.53e-1)"	"unprognostic (8.47e-2)"	"unprognostic (3.06e-1)"	"unprognostic (2.15e-1)"	"unprognostic (1.04e-1)"	"unprognostic (3.22e-1)"	"unprognostic (6.08e-2)"	"unprognostic (5.93e-2)"		"unprognostic (9.08e-2)"	"unprognostic (2.15e-1)"	"unprognostic (2.80e-1)"			"validated prognostic unfavorable (1.52e-5)"	"validated prognostic unfavorable (2.69e-5)"	"unprognostic (4.61e-2)"	"unprognostic (2.49e-1)"	"unprognostic (9.43e-2)"	"unprognostic (7.40e-2)"		"potential prognostic unfavorable (1.12e-4)"		"unprognostic (2.69e-2)"	"unprognostic (2.34e-1)"	"unprognostic (7.94e-3)"	"unprognostic (3.89e-1)"	"unprognostic (2.30e-1)"		"unprognostic (6.99e-3)"
NFKBIZ	"FLJ34463, INAP, MAIL"	ENSG00000144802	"NFKB inhibitor zeta"	Q9BYH8	3	101827991-101861022	"Predicted intracellular proteins, Transcription factors"	"Transcription, Transcription regulation"	"Activator, Repressor"		"Evidence at protein level"	"Evidence at protein level"	"Evidence at protein level"	"Evidence at protein level"	"Tissue enriched"	"Detected in all"	5	"bone marrow: 401.7"	"Cell type enhanced"	"Detected in many"		"granulocytes: 824.4;monocytes: 1700.5"	"Low cell type specificity"	"Detected in all"			"Low cancer specificity"	"Detected in all"			"Low region specificity"	"Detected in all"			"Immune cell enhanced"	"Detected in many"		"non-classical monocyte: 34.1"	"Group enriched"	"Detected in many"	5	"granulocytes: 24.8;monocytes: 34.1"	"Cancer enhanced"	"Detected in all"		"Kidney cancer: 90.2"		"Low region specificity"	"Detected in many"			"Low region specificity"	"Detected in all"			"HPA010547, HPA075363"	Enhanced		Supported	"Nuclear speckles,Cytoplasmic bodies"			NA	NA			"Cluster 37: Monocytes & Neutrophils - Innate immune response"	"Cluster 6: Bone marrow - Innate immune response"	"Cluster 12: Non-specific - Vasculature"	"Cluster 55: Lymphoma - Immune response"	"Cluster 29: Monocytes - Innate immune response"	2	"Nuclear speckles"	"Cytoplasmic bodies"	"HPA010547: AB_1854442, HPA075363: AB_2686745"	"unprognostic (6.15e-2)"	"unprognostic (9.44e-3)"	"unprognostic (1.19e-1)"	"potential prognostic unfavorable (2.30e-4)"	"unprognostic (2.64e-2)"	"unprognostic (2.01e-1)"	"unprognostic (2.27e-3)"	"unprognostic (7.44e-2)"	"unprognostic (5.15e-3)"	"unprognostic (8.30e-2)"	"potential prognostic unfavorable (3.74e-7)"	"unprognostic (2.04e-1)"	"unprognostic (1.88e-1)"	"unprognostic (8.11e-3)"	"unprognostic (2.42e-3)"	"unprognostic (9.31e-3)"	"unprognostic (3.52e-2)"	"unprognostic (7.83e-2)"	"unprognostic (1.56e-1)"	"unprognostic (5.08e-2)"	"unprognostic (6.06e-2)"	"unprognostic (1.97e-1)"	"unprognostic (3.13e-2)"	"unprognostic (2.04e-1)"	"unprognostic (8.79e-3)"	"unprognostic (7.98e-2)"	"unprognostic (1.89e-1)"	"unprognostic (1.22e-1)"	"unprognostic (8.04e-2)"	"unprognostic (2.38e-1)"	"unprognostic (2.63e-1)"
OSGIN1	"BDGI, OKL38"	ENSG00000140961	"Oxidative stress induced growth inhibitor 1"	Q9UJX0	16	83931311-83966332	"Predicted intracellular proteins"	"Differentiation, Growth regulation"	"Developmental protein"		"Evidence at protein level"	"Evidence at transcript level"	"Evidence at protein level"	"Evidence at protein level"	"Tissue enriched"	"Detected in many"	5	"liver: 143.9"	"Cell type enhanced"	"Detected in many"		"Hepatocytes: 75.7;Late spermatids: 334.7;Proximal enterocytes: 95.9"	"Low cell type specificity"	"Detected in many"			"Cancer enhanced"	"Detected in all"		"Liver Hepatocellular Carcinoma (TCGA): 147.1"	"Low region specificity"	"Detected in all"			"Immune cell enhanced"	"Detected in some"		"non-classical monocyte: 12.7"	"Group enriched"	"Detected in many"	8	"granulocytes: 4.2;monocytes: 12.7"	"Cancer enhanced"	"Detected in all"		"Gallbladder cancer: 134.6"	"Liver - Hepatocytes, Testis - Late spermatids"	"Low region specificity"	"Detected in single"			"Low region specificity"	"Detected in many"			HPA019239			Approved	Nucleoplasm,Cytosol			NA	NA			"Cluster 37: Monocytes & Neutrophils - Innate immune response"	"Cluster 83: Liver - Metabolism"	"Cluster 47: Endothelial cells - Vasculature"	"Cluster 7: Liver cancer - Metabolism"	"Cluster 63: Late spermatids - Spermatogenesis"	34	"Nucleoplasm, Cytosol"		"HPA019239: AB_1854779"	"unprognostic (9.91e-2)"	"unprognostic (1.70e-1)"	"unprognostic (6.60e-2)"	"unprognostic (3.32e-2)"	"unprognostic (1.10e-2)"	"unprognostic (3.30e-3)"	"potential prognostic unfavorable (8.32e-4)"	"unprognostic (1.31e-1)"	"unprognostic (5.03e-3)"	"unprognostic (2.37e-1)"	"unprognostic (1.09e-1)"	"unprognostic (1.62e-1)"	"unprognostic (4.53e-2)"	"unprognostic (3.52e-2)"	"potential prognostic favorable (7.06e-5)"	"unprognostic (4.80e-2)"	"unprognostic (3.12e-1)"	"unprognostic (1.73e-1)"	"unprognostic (1.63e-1)"	"unprognostic (1.71e-1)"	"unprognostic (8.29e-2)"	"unprognostic (2.32e-3)"	"unprognostic (9.65e-2)"	"unprognostic (4.33e-1)"	"unprognostic (2.42e-1)"	"unprognostic (5.65e-2)"	"unprognostic (4.34e-1)"	"unprognostic (1.78e-2)"	"unprognostic (2.06e-2)"	"unprognostic (1.49e-2)"	"unprognostic (5.45e-2)"
PTP4A3	"PRL-3, PRL-R, PRL3"	ENSG00000184489	"Protein tyrosine phosphatase 4A3"	O75365	8	141391995-141432454	"Enzymes, Predicted intracellular proteins"		"Hydrolase, Protein phosphatase"		"Evidence at protein level"	"Evidence at transcript level"	"Evidence at protein level"	"Evidence at protein level"	"Group enriched"	"Detected in many"	5	"heart muscle: 620.1;pituitary gland: 202.0;skeletal muscle: 712.3"	"Cell type enhanced"	"Detected in many"		"Bipolar cells: 106.1;Cardiomyocytes: 232.8;Cone photoreceptor cells: 122.3;Rod photoreceptor cells: 219.2;Skeletal myocytes: 197.1;Smooth muscle cells: 134.5"	"Cell type enhanced"	"Detected in many"		"vascular associated smooth muscle cell: 107.2"	"Low cancer specificity"	"Detected in all"			"Low region specificity"	"Detected in all"			"Immune cell enhanced"	"Detected in all"		"neutrophil: 55.4;non-classical monocyte: 54.4"	"Group enriched"	"Detected in all"	6	"granulocytes: 55.4;monocytes: 54.4"	"Cancer enhanced"	"Detected in many"		"Myeloma: 27.3"	"Heart muscle - Cardiomyocytes, Minor Salivary Gland - Endothelial cells, Pituitary gland - Corticotropes"	"Low region specificity"	"Detected in all"			"Low region specificity"	"Detected in all"			HPA003281	Uncertain						NA	NA			"Cluster 37: Monocytes & Neutrophils - Innate immune response"	"Cluster 12: Heart muscle - Cardiac muscle contraction"	"Cluster 40: Astrocytes - Astrocyte-neuron interactions"	"Cluster 21: Lymphoma - Adaptive immune response"	"Cluster 48: Smooth muscle cells - Signal transduction"	10			"HPA003281: AB_1855903"	"unprognostic (1.28e-1)"	"unprognostic (3.67e-1)"	"unprognostic (4.63e-1)"	"unprognostic (3.39e-2)"	"unprognostic (8.01e-2)"	"unprognostic (4.04e-1)"	"unprognostic (2.38e-1)"	"unprognostic (1.19e-1)"	"unprognostic (3.47e-2)"	"unprognostic (7.50e-2)"	"potential prognostic unfavorable (5.36e-5)"	"unprognostic (1.67e-1)"	"unprognostic (4.75e-2)"	"unprognostic (4.11e-3)"	"unprognostic (2.15e-1)"	"unprognostic (1.61e-2)"	"unprognostic (1.46e-1)"	"unprognostic (2.61e-2)"	"unprognostic (2.69e-1)"	"unprognostic (1.41e-1)"	"unprognostic (3.41e-1)"	"unprognostic (1.56e-2)"	"unprognostic (1.66e-1)"	"unprognostic (1.58e-2)"	"unprognostic (1.65e-1)"	"unprognostic (1.12e-1)"	"unprognostic (7.19e-2)"	"unprognostic (9.16e-2)"	"unprognostic (1.16e-1)"	"unprognostic (2.13e-2)"	"unprognostic (2.65e-1)"
SIGLEC11		ENSG00000161640	"Sialic acid binding Ig like lectin 11"	Q96RL6	19	49948985-49961172	"Plasma proteins, Predicted membrane proteins"	"Cell adhesion"			"Evidence at protein level"	"Evidence at transcript level"	"Evidence at protein level"	"Evidence at protein level"	"Group enriched"	"Detected in many"	5	"lymphoid tissue: 22.4;ovary: 53.2"	"Group enriched"	"Detected in some"	4	"Granulosa cells: 64.6;Ovarian stromal cells: 90.0"	"Cell type enriched"	"Detected in single"	50	"central nervous system macrophage: 34.9"	"Low cancer specificity"	"Detected in some"			"Low region specificity"	"Detected in all"			"Immune cell enhanced"	"Detected in some"		"eosinophil: 1.4;non-classical monocyte: 1.3"	"Group enriched"	"Detected in many"	7	"granulocytes: 1.4;monocytes: 1.3"	"Not detected"	"Not detected"			"Adipose subcutaneous - Macrophages, Adipose visceral - Macrophages, Breast - Macrophages, Liver - Kupffer cells, Prostate - Macrophages, Skeletal muscle - Macrophages, Stomach - Parietal cells"									"HPA052132, HPA060278"	Approved		Uncertain	"Nucleoplasm,Golgi apparatus"			NA	NA			"Cluster 25: Non-specific - Unknown function"	"Cluster 62: Connective tissue - ECM organization"	"Cluster 6: Non-specific - Immune response"	"Cluster 47: Leukemia - Hemostasis"	"Cluster 6: Ovarian stromal cells - Transcription"		"Golgi apparatus"	Nucleoplasm	"HPA052132: , HPA060278: AB_2684240"			"unprognostic (1.38e-1)"				"unprognostic (5.78e-2)"	"unprognostic (1.40e-1)"				"unprognostic (2.01e-1)"								"unprognostic (2.36e-1)"	"potential prognostic favorable (9.98e-4)"					"potential prognostic favorable (3.13e-4)"			"unprognostic (4.06e-2)"		
ACY3	"ACY-3, HCBP1, MGC9740"	ENSG00000132744	"Aminoacylase 3"	Q96HD9	11	67642555-67650730	"Enzymes, Metabolic proteins, Predicted intracellular proteins"	"Host-virus interaction"	Hydrolase		"Evidence at protein level"	"Evidence at protein level"	"Evidence at protein level"	"Evidence at protein level"	"Group enriched"	"Detected in many"	4	"intestine: 75.4;kidney: 56.6;liver: 33.0;pancreas: 21.5"	"Group enriched"	"Detected in many"	6	"Proximal enterocytes: 256.8;Proximal tubular cells: 433.6"	"Cell type enriched"	"Detected in some"	18	"central nervous system macrophage: 53.5"	"Cancer enhanced"	"Detected in many"		"Kidney Renal Clear Cell Carcinoma (TCGA): 40.8;Kidney Renal Papillary Cell Carcinoma (TCGA): 40.5"	"Low region specificity"	"Detected in all"			"Immune cell enhanced"	"Detected in many"		"non-classical monocyte: 34.3"	"Group enriched"	"Detected in many"	5	"dendritic cells: 8.7;monocytes: 34.3"	"Cancer enhanced"	"Detected in many"		"lymphoma: 18.2"	"Colon - Colon enterocytes, Kidney - Proximal tubular cells, Liver - Hepatocytes, Minor Salivary Gland - Minor salivary glandular cells, Thyroid gland - T-cells"	"Low region specificity"	"Detected in all"							"HPA039219, HPA048187"	Enhanced						NA	NA		13000	"Cluster 10: Non-specific - Membrane trafficking"	"Cluster 55: Kidney & Intestine - Metabolism"	"Cluster 20: Macrophages & Microglia - Immune response"	"Cluster 46: Lymphoma - Humoral immune response"	"Cluster 56: Proximal tubular cells - Amino acid metabolism"	19			"HPA039219: AB_10671872, HPA048187: AB_2680306"	"unprognostic (1.90e-1)"	"unprognostic (3.12e-3)"	"unprognostic (1.76e-2)"	"unprognostic (1.16e-1)"	"unprognostic (1.80e-1)"	"unprognostic (1.93e-3)"	"unprognostic (3.11e-1)"	"unprognostic (3.47e-2)"	"unprognostic (1.17e-2)"		"potential prognostic favorable (5.08e-6)"	"unprognostic (2.13e-2)"	"potential prognostic favorable (4.91e-4)"	"unprognostic (2.40e-3)"	"unprognostic (2.38e-3)"	"unprognostic (2.86e-1)"	"unprognostic (2.15e-2)"	"unprognostic (2.30e-1)"		"unprognostic (4.50e-3)"	"potential prognostic favorable (1.45e-4)"	"unprognostic (6.73e-2)"	"unprognostic (2.69e-2)"	"unprognostic (3.42e-1)"	"unprognostic (2.22e-1)"	"unprognostic (6.28e-3)"		"unprognostic (1.29e-1)"	"unprognostic (7.09e-2)"		"unprognostic (1.14e-1)"
CLCN1	"ClC-1, CLC1"	ENSG00000188037	"Chloride voltage-gated channel 1"	P35523	7	143316111-143352083	"Disease related genes, Human disease related genes, Potential drug targets, Predicted membrane proteins, Transporters"	"Ion transport, Transport"	"Chloride channel, Ion channel, Voltage-gated channel"	"Disease variant"	"Evidence at protein level"	"Evidence at transcript level"	"Evidence at protein level"	"Evidence at protein level"	"Tissue enriched"	"Detected in some"	4	"skeletal muscle: 62.3"	"Cell type enriched"	"Detected in some"	6	"Late spermatids: 150.6"	"Cell type enhanced"	"Detected in some"		"pericyte: 2.0"	"Not detected"	"Not detected"			"Low region specificity"	"Detected in single"			"Immune cell enhanced"	"Detected in single"		"non-classical monocyte: 1.4"	"Low lineage specificity"	"Detected in single"			"Cancer enriched"	"Detected in single"	7	"Gallbladder cancer: 3.1"	"Skeletal muscle - Skeletal myocytes, Testis - Late spermatids"	"Not detected"	"Not detected"			"Low region specificity"	"Detected in all"										NA	NA			"Cluster 38: Monocytes & Neutrophils - Degranulation"	"Cluster 2: Skeletal muscle - Striated muscle contraction"	"Cluster 35: Non-specific - DNA binding"	"Cluster 57: Stomach & Colon cancer - Digestion"	"Cluster 63: Late spermatids - Spermatogenesis"	7																										"unprognostic (9.87e-3)"								
CYSRT1	"C9orf169, MGC59937"	ENSG00000197191	"Cysteine rich tail 1"	A8MQ03	9	137225174-137226315	"Predicted intracellular proteins"				"Evidence at protein level"	"Evidence at transcript level"	"Evidence at protein level"	"Evidence at protein level"	"Tissue enriched"	"Detected in some"	4	"esophagus: 89.7"	"Cell type enriched"	"Detected in many"	6	"Suprabasal keratinocytes: 531.9"	"Low cell type specificity"	"Detected in some"			"Cancer enhanced"	"Detected in all"		"Head and Neck Squamous Cell Carcinoma (TCGA): 61.5"	"Low region specificity"	"Detected in all"			"Immune cell enhanced"	"Detected in single"		"non-classical monocyte: 1.0"	"Lineage enriched"	"Detected in single"	6	"monocytes: 1.0"	"Low cancer specificity"	"Detected in all"			"Breast - Breast glandular cells, Lung - Respiratory ciliated cells, Pancreas - Alpha cells, Skin - Keratinocyte (granular)"	"Not detected"	"Not detected"			"Low region specificity"	"Detected in all"			"HPA021883, HPA021886"	Approved		Approved	"Nuclear speckles,Vesicles,Midbody"			Yes	No			"Cluster 40: Monocytes - Innate immune response"		"Cluster 44: Non-specific - Mixed function"	"Cluster 53: Squamous epithelial cells - Keratinization"	"Cluster 59: Suprabasal keratinocytes - Cornification"	398	"Nuclear speckles"	"Vesicles, Midbody"	"HPA021883: AB_1853190, HPA021886: AB_1853192"	"unprognostic (2.04e-1)"	"unprognostic (8.58e-2)"		"unprognostic (2.99e-2)"	"unprognostic (2.17e-2)"	"unprognostic (8.36e-2)"	"unprognostic (1.20e-1)"	"unprognostic (5.79e-2)"	"unprognostic (1.73e-2)"	"unprognostic (2.19e-2)"	"unprognostic (1.66e-2)"	"unprognostic (4.93e-2)"	"unprognostic (1.76e-3)"	"unprognostic (1.52e-1)"		"unprognostic (5.14e-2)"	"unprognostic (3.63e-1)"	"unprognostic (1.28e-1)"		"unprognostic (2.17e-1)"	"unprognostic (2.03e-1)"	"unprognostic (1.30e-3)"	"unprognostic (5.64e-1)"	"unprognostic (1.22e-1)"	"unprognostic (1.28e-1)"	"unprognostic (2.29e-1)"	"unprognostic (8.59e-2)"	"unprognostic (9.49e-2)"	"unprognostic (2.33e-1)"	"unprognostic (2.65e-1)"	"unprognostic (3.12e-2)"
FMNL2	"FHOD2, KIAA1902"	ENSG00000157827	"Formin like 2"	Q96PY5	2	152335174-152649826	"Predicted intracellular proteins"				"Evidence at protein level"	"Evidence at protein level"	"Evidence at protein level"	"Evidence at protein level"	"Tissue enriched"	"Detected in many"	4	"brain: 215.8"	"Cell type enhanced"	"Detected in many"		"Astrocytes: 633.5;Excitatory neurons: 555.5;Inhibitory neurons: 308.2;Oligodendrocyte precursor cells: 348.1;Oligodendrocytes: 2272.8"	"Cell type enhanced"	"Detected in all"		"oligodendrocyte: 4194.4"	"Low cancer specificity"	"Detected in all"			"Low region specificity"	"Detected in all"			"Immune cell enhanced"	"Detected in single"		"non-classical monocyte: 1.2"	"Lineage enriched"	"Detected in single"	5	"monocytes: 1.2"	"Low cancer specificity"	"Detected in all"			"Skin - Endothelial cells, Spleen - Macrophages"	"Low region specificity"	"Detected in all"			"Low region specificity"	"Detected in all"			HPA005464	Enhanced		Approved	"Golgi apparatus,Plasma membrane,Cytosol"			NA	NA			"Cluster 10: Non-specific - Membrane trafficking"	"Cluster 9: Oligodendrocytes - Myelination"	"Cluster 30: White matter - Myelination"	"Cluster 69: Skin cancer - ECM organization"	"Cluster 51: Oligodendrocytes - Unknown function"	15	Cytosol	"Golgi apparatus, Plasma membrane"	"HPA005464: AB_1848965"	"unprognostic (1.21e-1)"	"unprognostic (1.21e-1)"	"unprognostic (1.24e-2)"	"unprognostic (1.87e-1)"	"unprognostic (2.10e-1)"	"unprognostic (2.03e-1)"	"unprognostic (1.26e-2)"	"unprognostic (1.97e-1)"	"unprognostic (8.83e-2)"	"unprognostic (1.26e-3)"	"unprognostic (1.67e-1)"	"unprognostic (1.58e-1)"	"unprognostic (4.07e-2)"	"unprognostic (1.26e-3)"	"unprognostic (1.26e-1)"	"unprognostic (3.47e-2)"	"unprognostic (3.32e-2)"	"unprognostic (3.48e-1)"	"unprognostic (9.04e-3)"	"unprognostic (2.40e-1)"	"unprognostic (4.56e-2)"	"unprognostic (1.90e-1)"	"unprognostic (1.27e-3)"	"unprognostic (6.30e-2)"	"unprognostic (2.31e-2)"	"unprognostic (2.55e-3)"	"unprognostic (7.82e-2)"	"unprognostic (1.07e-1)"	"unprognostic (1.50e-1)"	"unprognostic (3.07e-2)"	"unprognostic (2.44e-2)"
LBX2		ENSG00000179528	"Ladybird homeobox 2"	Q6XYB7	2	74497517-74503316	"Predicted intracellular proteins, Transcription factors"	"Transcription, Transcription regulation"	DNA-binding		"Evidence at protein level"	"Evidence at transcript level"	"Evidence at protein level"	"Evidence at protein level"	"Group enriched"	"Detected in some"	4	"intestine: 5.1;liver: 8.5;stomach 1: 3.1"	"Cell type enhanced"	"Detected in some"		"granulocytes: 2.3;Hepatocytes: 3.5;Pancreatic endocrine cells: 3.4;Proximal tubular cells: 6.6;Sertoli cells: 2.7"	"Cell type enhanced"	"Detected in some"		"endothelial cell: 1.3;fibroblast: 1.7;pericyte: 2.7"	"Low cancer specificity"	"Detected in many"			"Low region specificity"	"Detected in all"			"Immune cell enhanced"	"Detected in some"		"non-classical monocyte: 2.2"	"Low lineage specificity"	"Detected in many"			"Low cancer specificity"	"Detected in many"			"Liver - Hepatocytes"	"Not detected"	"Not detected"			"Region enhanced"	"Detected in single"		"cerebellum: 1.7"	HPA044257	Uncertain		Approved	Nucleoplasm,Midbody			Yes	No			"Cluster 37: Monocytes & Neutrophils - Innate immune response"	"Cluster 37: Liver & Intestine - Lipid metabolism"	"Cluster 6: Non-specific - Immune response"	"Cluster 53: Squamous epithelial cells - Keratinization"	"Cluster 38: Proximal tubular cells - Transmembrane transport"		Nucleoplasm	Midbody	"HPA044257: AB_2678880"	"unprognostic (2.66e-2)"	"unprognostic (1.21e-1)"	"unprognostic (2.10e-1)"	"unprognostic (1.38e-1)"	"unprognostic (1.90e-3)"	"unprognostic (4.69e-2)"	"unprognostic (9.14e-2)"		"unprognostic (2.89e-1)"	"unprognostic (3.42e-1)"	"unprognostic (3.20e-2)"	"unprognostic (2.01e-1)"	"unprognostic (3.47e-2)"	"unprognostic (5.73e-2)"	"unprognostic (3.56e-1)"	"unprognostic (1.46e-1)"		"unprognostic (8.19e-2)"		"unprognostic (2.35e-2)"		"unprognostic (3.09e-1)"	"unprognostic (1.19e-2)"		"unprognostic (4.47e-1)"	"unprognostic (1.30e-1)"	"unprognostic (5.68e-1)"	"unprognostic (5.03e-2)"	"unprognostic (7.85e-2)"	"unprognostic (8.74e-2)"	"unprognostic (1.71e-2)"
LILRA1	"CD85i, LIR-6, LIR6"	ENSG00000104974	"Leukocyte immunoglobulin like receptor A1"	O75019	19	54593582-54602381	"CD markers, Predicted membrane proteins"	"Adaptive immunity, Immunity"	Receptor		"Evidence at protein level"	"Evidence at transcript level"	"Evidence at transcript level"	"Evidence at protein level"	"Tissue enriched"	"Detected in some"	4	"lymphoid tissue: 11.6"	"Cell type enhanced"	"Detected in some"		"Hofbauer cells: 19.2;Kupffer cells: 49.4;Macrophages: 29.8;monocytes: 144.4"	"Group enriched"	"Detected in some"	54	"central nervous system macrophage: 20.6;leukocyte: 9.5"	"Cancer enhanced"	"Detected in some"		"Glioblastoma Multiforme (TCGA): 1.3"	"Low region specificity"	"Detected in many"			"Immune cell enhanced"	"Detected in many"		"intermediate monocyte: 126.7;non-classical monocyte: 169.8"	"Lineage enriched"	"Detected in many"	5	"monocytes: 169.8"	"Not detected"	"Not detected"			"Adrenal gland - Macrophages, Liver - Kupffer cells, Lung - Neutrophil_2, Pituitary gland - Macrophages, Prostate - Macrophages, Spleen - Macrophages, Stomach - Macrophages"																NA	NA		56000000	"Cluster 37: Monocytes & Neutrophils - Innate immune response"	"Cluster 70: Lymphoid tissue - Immune response"	"Cluster 20: Macrophages & Microglia - Immune response"	"Cluster 14: Myeloid leukemia - Innate immune response"	"Cluster 29: Monocytes - Innate immune response"							"unprognostic (5.03e-2)"				"unprognostic (2.50e-1)"	"unprognostic (3.23e-2)"			"potential prognostic favorable (6.40e-4)"																				
NEFH	"NF-H, NFH"	ENSG00000100285	"Neurofilament heavy chain"	P12036	22	29480218-29491390	"Disease related genes, Human disease related genes, Predicted intracellular proteins"			"Amyotrophic lateral sclerosis, Charcot-Marie-Tooth disease, Disease variant, Neurodegeneration, Neuropathy"	"Evidence at protein level"	"Evidence at protein level"	"Evidence at protein level"	"Evidence at protein level"	"Group enriched"	"Detected in many"	4	"brain: 95.6;prostate: 237.7"	"Cell type enriched"	"Detected in many"	31	"Prostatic glandular cells: 2083.6"	"Cell type enhanced"	"Detected in all"		"lower rhombic lip: 112.6;mammillary body: 92.3"	"Group enriched"	"Detected in many"	6	"Prostate Adenocarcinoma (TCGA): 208.5;Testicular Germ Cell Tumor (TCGA): 75.3"	"Low region specificity"	"Detected in all"			"Immune cell enhanced"	"Detected in some"		"non-classical monocyte: 4.7"	"Lineage enriched"	"Detected in single"	5	"monocytes: 4.7"	"Cancer enhanced"	"Detected in many"		"cervical cancer: 55.1;Neuroblastoma: 43.5"	"Adipose subcutaneous - Macrophages, Adipose visceral - Macrophages, Adrenal gland - Adrenal cortex cells, Colon - Colon enteroendocrine cells, Lung - Macrophages, Minor Salivary Gland - Macrophages, Prostate - Prostate glandular cells"	"Low region specificity"	"Detected in all"			"Region enriched"	"Detected in all"	5	"spinal cord: 1717.6"	"CAB007786, HPA061615"	Enhanced		Approved	"Nucleoplasm,Nuclear bodies,Primary cilium,Primary cilium transition zone,Centrosome,Basal body,Cytosol"			NA	NA			"Cluster 37: Monocytes & Neutrophils - Innate immune response"	"Cluster 64: Neuronal - Transcription"	"Cluster 45: Non-specific - Mixed function"	"Cluster 10: Ciliated cells - Ion channel activity"	"Cluster 40: Prostatic glandular cells - Transcription"	4	"Nuclear bodies, Centrosome, Basal body"	"Nucleoplasm, Primary cilium, Primary cilium transition zone, Cytosol"	"CAB007786: AB_598179, HPA061615: AB_2684568"		"potential prognostic favorable (8.54e-6)"	"unprognostic (8.71e-2)"	"unprognostic (5.29e-2)"			"unprognostic (1.92e-1)"	"unprognostic (1.28e-1)"	"unprognostic (6.39e-2)"				"unprognostic (1.26e-1)"			"unprognostic (2.02e-1)"	"unprognostic (9.37e-2)"	"unprognostic (2.00e-2)"	"unprognostic (3.60e-1)"	"unprognostic (8.72e-2)"	"unprognostic (8.83e-2)"	"unprognostic (8.24e-2)"		"unprognostic (2.10e-2)"			"unprognostic (3.50e-1)"	"unprognostic (4.08e-2)"	"unprognostic (2.14e-1)"		"unprognostic (1.51e-1)"
SCGB3A1	"HIN-1, HIN1, LU105, PnSP-2, UGRP2"	ENSG00000161055	"Secretoglobin family 3A member 1"	Q96QR1	5	180590105-180591499	"Plasma proteins, Predicted secreted proteins"		Cytokine		"Evidence at protein level"	"Evidence at transcript level"	"Evidence at protein level"	"Evidence at protein level"	"Group enriched"	"Detected in many"	4	"cervix: 259.9;lung: 492.9;salivary gland: 724.7"	"Group enriched"	"Detected in many"	4	"Club cells: 32504.6;Ionocytes: 15631.2"	"Cell type enhanced"	"Detected in some"		"choroid plexus epithelial cell: 2.6;splatter: 1.8"	"Cancer enriched"	"Detected in many"	4	"Lung Adenocarcinoma (TCGA): 1901.6"	"Group enriched"	"Detected in many"	7	"choroid plexus: 24.2;hypothalamus: 11.7"	"Immune cell enhanced"	"Detected in many"		"non-classical monocyte: 52.0"	"Low lineage specificity"	"Detected in many"			"Cancer enhanced"	"Detected in single"		"Gallbladder cancer: 1.0"	"Breast - Breast glandular cells (progenitors), Lung - Respiratory ciliated cells, Minor Salivary Gland - Minor salivary glandular cells, Pancreas - Ductal cells, Pituitary gland - Gonadotropes, Prostate - Urothelial cells, Skin - Eccrine sweat gland cells"	"Low region specificity"	"Detected in some"			"Low region specificity"	"Detected in many"								"Secreted to blood"	Cytokine	NA	NA		5500000	"Cluster 25: Non-specific - Unknown function"	"Cluster 38: Salivary gland - Salivary secretion"	"Cluster 36: Choroid plexus - Mixed function"	"Cluster 70: DU4475 - Unknown function"	"Cluster 35: Respiratory epithelial cells - Unknown function"					"unprognostic (4.67e-2)"	"unprognostic (3.01e-3)"	"unprognostic (2.24e-1)"	"unprognostic (3.06e-3)"					"unprognostic (1.15e-2)"		"potential prognostic favorable (4.82e-5)"	"unprognostic (2.56e-3)"	"unprognostic (1.21e-3)"	"unprognostic (1.82e-2)"		"unprognostic (2.53e-3)"	"unprognostic (2.09e-1)"	"unprognostic (1.32e-1)"	"unprognostic (1.96e-1)"	"unprognostic (2.65e-1)"	"unprognostic (5.27e-2)"	"unprognostic (5.19e-2)"	"unprognostic (3.66e-2)"	"unprognostic (3.90e-2)"				"unprognostic (5.95e-2)"	"unprognostic (1.95e-1)"	"unprognostic (2.93e-1)"	"unprognostic (1.29e-1)"
ABCC3	"cMOAT2, EST90757, MLP2, MOAT-D, MRP3"	ENSG00000108846	"ATP binding cassette subfamily C member 3"	O15438	17	50634777-50692253	"Cancer-related genes, Enzymes, Metabolic proteins, Predicted intracellular proteins, Predicted membrane proteins, Transporters"	"Lipid transport, Transport"	Translocase	"Cancer-related genes"	"Evidence at protein level"	"Evidence at protein level"	"Evidence at protein level"	"Evidence at protein level"	"Tissue enhanced"	"Detected in many"		"adrenal gland: 57.3;liver: 49.1"	"Cell type enhanced"	"Detected in many"		"Cholangiocytes: 221.3;Distal enterocytes: 227.9;Exocrine glandular cells: 119.5;Gastric mucus-secreting cells: 229.3;Hepatocytes: 150.5;Late spermatids: 128.5;Paneth cells: 182.8"	"Group enriched"	"Detected in many"	4	"astrocyte: 7.7;central nervous system macrophage: 15.2;deep-layer intratelencephalic: 12.3;ependymal cell: 11.5;leukocyte: 17.0;midbrain-derived inhibitory: 5.1;thalamic excitatory: 16.8;upper-layer intratelencephalic: 4.7"	"Low cancer specificity"	"Detected in many"			"Low region specificity"	"Detected in all"			"Immune cell enhanced"	"Detected in some"		"intermediate monocyte: 5.1;non-classical monocyte: 6.4"	"Lineage enriched"	"Detected in many"	5	"monocytes: 6.4"	"Low cancer specificity"	"Detected in many"			"Minor Salivary Gland - Minor salivary glandular cells, Prostate - Prostate basal glandular cells, Spleen - Macrophages, Stomach - Gastric mucous cells"	"Low region specificity"	"Detected in many"			"Low region specificity"	"Detected in many"			"CAB037136, HPA048483"	Enhanced		Supported	"Plasma membrane,Basal body"			NA	NA			"Cluster 40: Monocytes - Innate immune response"	"Cluster 68: Non-specific - Protein processing"	"Cluster 39: Astrocytes - Mixed function"	"Cluster 7: Liver cancer - Metabolism"	"Cluster 5: Enterocytes - Absorption"		"Plasma membrane"	"Basal body"	"CAB037136: AB_477165, HPA048483: AB_2680414"	"unprognostic (1.23e-2)"	"unprognostic (3.14e-3)"	"unprognostic (1.03e-1)"	"unprognostic (8.03e-2)"	"unprognostic (5.45e-2)"	"unprognostic (8.98e-2)"	"unprognostic (5.60e-3)"	"unprognostic (1.16e-2)"	"unprognostic (1.86e-3)"		"potential prognostic favorable (6.36e-4)"	"unprognostic (5.22e-2)"	"unprognostic (1.38e-1)"	"potential prognostic unfavorable (2.43e-4)"	"unprognostic (1.75e-1)"	"unprognostic (1.20e-1)"	"unprognostic (1.33e-1)"	"unprognostic (1.48e-2)"	"unprognostic (1.69e-1)"	"unprognostic (8.19e-3)"	"unprognostic (2.14e-1)"	"unprognostic (1.05e-3)"	"unprognostic (3.53e-1)"	"unprognostic (3.24e-1)"	"unprognostic (1.78e-1)"	"unprognostic (2.13e-1)"		"unprognostic (1.89e-2)"	"unprognostic (1.37e-1)"	"unprognostic (2.42e-1)"	"unprognostic (6.76e-2)"
ABI3	"NESH, SSH3BP3"	ENSG00000108798	"ABI family member 3"	Q9P2A4	17	49210411-49223225	"Predicted intracellular proteins"				"Evidence at protein level"	"Evidence at protein level"	"Evidence at protein level"	"Evidence at protein level"	"Tissue enhanced"	"Detected in many"		"lymphoid tissue: 67.8"	"Cell type enhanced"	"Detected in many"		"Hofbauer cells: 61.6;Kupffer cells: 110.4;Macrophages: 67.3;monocytes: 98.7;NK-cells: 175.0;T-cells: 55.3"	"Group enriched"	"Detected in some"	8	"central nervous system macrophage: 45.6;leukocyte: 40.1"	"Low cancer specificity"	"Detected in all"			"Low region specificity"	"Detected in all"			"Immune cell enhanced"	"Detected in all"		"intermediate monocyte: 735.3;non-classical monocyte: 792.7"	"Low lineage specificity"	"Detected in all"			"Cancer enhanced"	"Detected in many"		"Leukemia: 10.7;lymphoma: 30.4"	"Adrenal gland - Macrophages, Heart muscle - Endothelial cells, Spleen - Macrophages"	"Low region specificity"	"Detected in some"			"Low region specificity"	"Detected in all"			"HPA017345, HPA064805"	Enhanced						NA	NA			"Cluster 37: Monocytes & Neutrophils - Innate immune response"	"Cluster 70: Lymphoid tissue - Immune response"	"Cluster 20: Macrophages & Microglia - Immune response"	"Cluster 46: Lymphoma - Humoral immune response"	"Cluster 19: NK-cells - Adaptive immune response"	54			"HPA017345: AB_2669592, HPA064805: "	"unprognostic (1.78e-1)"	"unprognostic (6.06e-2)"	"unprognostic (2.97e-2)"	"unprognostic (1.06e-2)"	"unprognostic (6.81e-2)"	"unprognostic (2.74e-2)"	"unprognostic (7.73e-2)"	"unprognostic (8.84e-2)"	"unprognostic (2.83e-3)"	"unprognostic (1.57e-1)"	"potential prognostic favorable (1.23e-4)"	"unprognostic (1.98e-2)"	"unprognostic (3.92e-1)"	"unprognostic (1.42e-1)"	"unprognostic (4.05e-2)"	"unprognostic (1.76e-2)"	"unprognostic (3.80e-3)"	"unprognostic (3.32e-1)"	"unprognostic (7.24e-2)"	"unprognostic (1.24e-1)"	"unprognostic (2.96e-1)"	"unprognostic (2.30e-2)"	"unprognostic (1.42e-2)"	"unprognostic (3.30e-2)"	"unprognostic (3.64e-1)"	"unprognostic (1.93e-2)"	"unprognostic (2.27e-1)"	"unprognostic (2.16e-1)"	"unprognostic (2.03e-2)"	"unprognostic (9.46e-2)"	"unprognostic (1.64e-1)"
ADAMTSL4	"DKFZP434K1772, TSRC1"	ENSG00000143382	"ADAMTS like 4"	Q6UY14	1	150549369-150560937	"Disease related genes, Human disease related genes, Predicted secreted proteins"	Apoptosis			"Evidence at protein level"	"Evidence at protein level"	"Evidence at protein level"	"Evidence at protein level"	"Low tissue specificity"	"Detected in many"			"Cell type enhanced"	"Detected in many"		"Cytotrophoblasts: 143.9;Endometrial stromal cells: 36.6;Extravillous trophoblasts: 44.7;Skeletal myocytes: 50.7;Syncytiotrophoblasts: 93.3"	"Cell type enhanced"	"Detected in some"		"central nervous system macrophage: 7.0;choroid plexus epithelial cell: 12.5;ependymal cell: 7.6"	"Low cancer specificity"	"Detected in all"			"Low region specificity"	"Detected in all"			"Immune cell enhanced"	"Detected in single"		"non-classical monocyte: 1.3"	"Low lineage specificity"	"Detected in single"			"Cancer enhanced"	"Detected in all"		"Bladder cancer: 39.1"	"Prostate - Fibroblasts"	"Low region specificity"	"Detected in all"			"Low region specificity"	"Detected in many"			HPA006279	Approved		Approved	"Plasma membrane,Cytosol"	"Secreted to extracellular matrix"	Other	NA	NA		70000000	"Cluster 38: Monocytes & Neutrophils - Degranulation"	"Cluster 62: Connective tissue - ECM organization"	"Cluster 12: Non-specific - Vasculature"	"Cluster 53: Squamous epithelial cells - Keratinization"	"Cluster 58: Macrophages - Innate immune response"	10	"Plasma membrane, Cytosol"		"HPA006279: AB_1078102"	"unprognostic (4.08e-1)"	"unprognostic (6.64e-2)"	"unprognostic (7.18e-3)"	"unprognostic (3.44e-2)"	"unprognostic (1.99e-2)"	"unprognostic (9.70e-2)"	"unprognostic (4.30e-3)"	"potential prognostic unfavorable (8.14e-6)"	"unprognostic (1.47e-1)"	"unprognostic (9.43e-2)"	"unprognostic (4.78e-2)"	"unprognostic (1.05e-2)"	"unprognostic (2.59e-2)"	"unprognostic (4.84e-1)"	"unprognostic (7.03e-2)"	"unprognostic (1.99e-1)"	"unprognostic (3.08e-1)"	"unprognostic (1.35e-3)"	"unprognostic (1.48e-1)"	"unprognostic (2.05e-2)"	"unprognostic (1.64e-1)"	"unprognostic (1.14e-2)"	"unprognostic (2.54e-2)"	"unprognostic (9.79e-2)"	"unprognostic (3.97e-3)"	"unprognostic (2.16e-3)"	"unprognostic (2.25e-1)"	"unprognostic (1.54e-1)"	"unprognostic (5.19e-2)"	"unprognostic (1.48e-2)"	"unprognostic (2.30e-2)"
ADD2	ADDB	ENSG00000075340	"Adducin 2"	P35612	2	70607618-70768225	"Predicted intracellular proteins"		"Actin-binding, Calmodulin-binding"		"Evidence at protein level"	"Evidence at protein level"	"Evidence at protein level"	"Evidence at protein level"	"Tissue enhanced"	"Detected in many"		"bone marrow: 65.6;brain: 38.0"	"Cell type enhanced"	"Detected in some"		"Erythroid cells: 64.2;Excitatory neurons: 67.8;Horizontal cells: 66.7;Inhibitory neurons: 49.6;Late spermatids: 66.4"	"Low cell type specificity"	"Detected in all"			"Group enriched"	"Detected in many"	5	"Glioblastoma Multiforme (TCGA): 16.6;Testicular Germ Cell Tumor (TCGA): 40.2"	"Low region specificity"	"Detected in all"			"Immune cell enhanced"	"Detected in some"		"memory B-cell: 2.3;non-classical monocyte: 2.3"	"Low lineage specificity"	"Detected in many"			"Cancer enhanced"	"Detected in many"		"Neuroblastoma: 43.0"	"Minor Salivary Gland - Endothelial cells, Pituitary gland - Lactotropes, Testis - Late spermatids"	"Low region specificity"	"Detected in all"			"Low region specificity"	"Detected in all"			"CAB009796, HPA034509, HPA034510"	Supported		Approved	"Nucleoplasm,Plasma membrane,Cytosol"			NA	NA		56000	"Cluster 14: Non-specific - Unknown function"	"Cluster 28: Neuronal - Transcription"	"Cluster 24: Neurons - Mixed function"	"Cluster 47: Leukemia - Hemostasis"	"Cluster 1: Erythroid cells - Oxygen transport"	7	"Nucleoplasm, Cytosol"	"Plasma membrane"	"CAB009796: AB_2223572, HPA034509: AB_2674201, HPA034510: AB_2674202"	"unprognostic (1.35e-1)"	"unprognostic (1.25e-1)"	"unprognostic (2.21e-1)"	"unprognostic (2.93e-3)"			"unprognostic (2.13e-1)"	"potential prognostic favorable (1.33e-4)"	"unprognostic (3.54e-2)"			"unprognostic (1.17e-1)"				"unprognostic (2.06e-2)"	"unprognostic (3.73e-2)"	"unprognostic (1.02e-1)"	"unprognostic (1.46e-2)"	"unprognostic (4.25e-2)"	"unprognostic (8.25e-2)"		"unprognostic (1.43e-1)"	"unprognostic (2.93e-2)"					"unprognostic (3.29e-1)"		"unprognostic (7.65e-2)"
AGPAT3	"LPAAT-gamma, LPAAT3, LPLAT3"	ENSG00000160216	"1-acylglycerol-3-phosphate O-acyltransferase 3"	Q9NRZ7	21	43865223-43987592	"Enzymes, Metabolic proteins, Predicted intracellular proteins, Predicted membrane proteins, Transporters"	"Lipid biosynthesis, Lipid metabolism, Phospholipid biosynthesis, Phospholipid metabolism"	"Acyltransferase, Transferase"		"Evidence at protein level"	"Evidence at transcript level"	"Evidence at protein level"	"Evidence at protein level"	"Low tissue specificity"	"Detected in all"			"Cell type enhanced"	"Detected in many"		"Cone photoreceptor cells: 258.3;Early spermatids: 146.5;Late spermatids: 246.2;Rod photoreceptor cells: 176.1"	"Low cell type specificity"	"Detected in all"			"Low cancer specificity"	"Detected in all"			"Low region specificity"	"Detected in all"			"Immune cell enhanced"	"Detected in many"		"non-classical monocyte: 9.6"	"Low lineage specificity"	"Detected in many"			"Low cancer specificity"	"Detected in all"			"Adipose subcutaneous - Adipocytes (Subcutaneous), Adipose visceral - Adipocytes (Visceral), Skin - Sebaceous gland cells, Testis - Early spermatids, Testis - Late spermatids, Thyroid gland - Thyroid glandular cells"	"Low region specificity"	"Detected in all"			"Low region specificity"	"Detected in all"										NA	NA			"Cluster 25: Non-specific - Unknown function"	"Cluster 3: Non-specific - Unknown function"	"Cluster 19: Astrocytes - Mixed function"	"Cluster 47: Leukemia - Hemostasis"	"Cluster 66: Photoreceptor cells - Visual perception"	16				"unprognostic (7.91e-3)"	"unprognostic (4.40e-3)"	"unprognostic (3.28e-2)"	"unprognostic (1.31e-3)"	"unprognostic (6.36e-2)"	"unprognostic (3.35e-1)"	"unprognostic (9.48e-2)"	"unprognostic (1.95e-2)"	"unprognostic (1.76e-2)"	"unprognostic (1.84e-1)"	"potential prognostic favorable (2.42e-7)"	"unprognostic (6.08e-3)"	"unprognostic (1.05e-1)"	"unprognostic (7.44e-2)"	"unprognostic (1.38e-1)"	"unprognostic (1.46e-1)"	"unprognostic (1.73e-1)"	"potential prognostic unfavorable (4.18e-4)"	"unprognostic (4.10e-2)"	"unprognostic (2.43e-2)"	"unprognostic (2.25e-1)"	"unprognostic (3.45e-1)"	"unprognostic (1.65e-1)"	"unprognostic (1.32e-1)"	"unprognostic (6.10e-3)"	"unprognostic (1.32e-1)"	"unprognostic (2.16e-1)"	"unprognostic (1.58e-1)"	"unprognostic (5.94e-2)"	"unprognostic (8.82e-2)"	"unprognostic (1.47e-1)"
AP2A1	"ADTAA, CLAPA1"	ENSG00000196961	"Adaptor related protein complex 2 subunit alpha 1"	O95782	19	49767001-49807114	"Predicted intracellular proteins, Transporters"	"Endocytosis, Protein transport, Transport"			"Evidence at protein level"	"Evidence at protein level"	"Evidence at protein level"	"Evidence at protein level"	"Low tissue specificity"	"Detected in all"			"Cell type enhanced"	"Detected in all"		"Late spermatids: 149.5;Syncytiotrophoblasts: 232.4"	"Low cell type specificity"	"Detected in all"			"Low cancer specificity"	"Detected in all"			"Low region specificity"	"Detected in all"			"Immune cell enhanced"	"Detected in many"		"non-classical monocyte: 20.6"	"Lineage enriched"	"Detected in all"	4	"monocytes: 20.6"	"Low cancer specificity"	"Detected in all"				"Low region specificity"	"Detected in all"			"Low region specificity"	"Detected in all"			CAB004306	Approved		Approved	Vesicles			NA	NA		190000	"Cluster 40: Monocytes - Innate immune response"	"Cluster 78: Testis - Transcription"	"Cluster 52: Neurons & Synapses - Synaptic function"	"Cluster 4: Non-specific - Transcription"	"Cluster 27: Syncytiotrophoblasts - Pregnancy"	45	Vesicles		"CAB004306: AB_2274034"	"unprognostic (3.63e-1)"	"unprognostic (5.78e-3)"	"unprognostic (2.79e-1)"	"unprognostic (2.24e-1)"	"unprognostic (1.37e-1)"	"unprognostic (7.18e-2)"	"unprognostic (4.03e-1)"	"unprognostic (2.87e-1)"	"unprognostic (1.04e-1)"	"unprognostic (3.15e-2)"	"unprognostic (2.40e-2)"	"unprognostic (1.01e-1)"	"unprognostic (8.65e-2)"	"unprognostic (3.57e-3)"	"unprognostic (2.46e-2)"	"unprognostic (7.74e-3)"	"unprognostic (6.81e-2)"	"unprognostic (4.00e-2)"	"unprognostic (2.03e-1)"	"unprognostic (2.19e-3)"	"unprognostic (1.10e-1)"	"unprognostic (3.10e-1)"	"unprognostic (1.47e-1)"	"unprognostic (6.22e-2)"	"unprognostic (2.07e-1)"	"unprognostic (2.47e-2)"	"unprognostic (2.01e-1)"	"unprognostic (2.55e-1)"	"unprognostic (4.57e-1)"	"unprognostic (2.45e-2)"	"unprognostic (3.16e-1)"
ARHGAP29	PARG1	ENSG00000137962	"Rho GTPase activating protein 29"	Q52LW3	1	94148988-94275068	"Predicted intracellular proteins"		"GTPase activation"		"Evidence at protein level"	"Evidence at transcript level"	"Evidence at protein level"	"Evidence at protein level"	"Low tissue specificity"	"Detected in many"			"Cell type enhanced"	"Detected in many"		"Adipocytes: 408.5;Endothelial cells: 283.8;Lymphatic endothelial cells: 437.6"	"Cell type enhanced"	"Detected in many"		"endothelial cell: 847.4;fibroblast: 1091.2;pericyte: 1467.9"	"Low cancer specificity"	"Detected in all"			"Low region specificity"	"Detected in all"			"Immune cell enhanced"	"Detected in single"		"non-classical monocyte: 1.1"	"Lineage enriched"	"Detected in single"	12	"monocytes: 1.1"	"Low cancer specificity"	"Detected in many"			"Adipose subcutaneous - Endothelial cells, Adrenal gland - Endothelial cells, Colon - Endothelial cells, Prostate - Endothelial cells, Spleen - Endothelial cells"	"Low region specificity"	"Detected in all"			"Low region specificity"	"Detected in all"			HPA026534	Approved		Approved	"Nucleoplasm,Plasma membrane,Centrosome,Cytosol"			NA	NA				"Cluster 7: Adipose tissue - Mixed function"	"Cluster 15: Non-specific - Transcription"	"Cluster 15: Kidney cancer - Membrane components"	"Cluster 41: Adipocytes & Endothelial cells - Mixed function"	4	"Nucleoplasm, Centrosome"	"Plasma membrane, Cytosol"	"HPA026534: AB_1844998"	"unprognostic (7.13e-2)"	"unprognostic (7.40e-2)"	"unprognostic (2.31e-1)"	"unprognostic (1.74e-3)"	"unprognostic (1.87e-1)"	"unprognostic (6.49e-2)"	"unprognostic (1.58e-2)"	"unprognostic (9.07e-3)"	"unprognostic (2.56e-2)"	"unprognostic (4.56e-3)"	"potential prognostic favorable (7.80e-5)"	"unprognostic (6.95e-3)"	"unprognostic (2.58e-2)"	"unprognostic (5.51e-2)"	"unprognostic (3.59e-2)"	"unprognostic (2.51e-1)"	"unprognostic (2.59e-2)"	"unprognostic (1.15e-1)"	"unprognostic (3.18e-1)"	"unprognostic (6.73e-3)"	"unprognostic (1.24e-1)"	"unprognostic (2.65e-3)"	"potential prognostic unfavorable (1.34e-4)"	"unprognostic (3.74e-1)"	"unprognostic (1.80e-1)"	"unprognostic (4.16e-1)"	"unprognostic (1.44e-1)"	"unprognostic (8.58e-3)"	"unprognostic (2.97e-1)"	"unprognostic (1.45e-1)"	"unprognostic (5.04e-3)"
ARRB1	ARR1	ENSG00000137486	"Arrestin beta 1"	P49407	11	75260122-75351705	"Predicted intracellular proteins, Transporters"	"Protein transport, Transcription, Transcription regulation, Transport"	"Signal transduction inhibitor"		"Evidence at protein level"	"Evidence at protein level"	"Evidence at protein level"	"Evidence at protein level"	"Low tissue specificity"	"Detected in all"			"Low cell type specificity"	"Detected in many"			"Low cell type specificity"	"Detected in all"			"Low cancer specificity"	"Detected in all"			"Low region specificity"	"Detected in all"			"Immune cell enhanced"	"Detected in many"		"non-classical monocyte: 137.5"	"Group enriched"	"Detected in many"	5	"dendritic cells: 42.5;granulocytes: 49.7;monocytes: 137.5"	"Low cancer specificity"	"Detected in all"			"Adrenal gland - Fibroblasts"	"Low region specificity"	"Detected in all"			"Low region specificity"	"Detected in all"			"CAB003763, HPA049318, HPA070249"	Approved		Supported	Nucleoplasm			NA	NA		3100000	"Cluster 37: Monocytes & Neutrophils - Innate immune response"	"Cluster 34: Non-specific - Mixed function"	"Cluster 38: Sub-cortical - Mixed function"	"Cluster 14: Myeloid leukemia - Innate immune response"	"Cluster 58: Macrophages - Innate immune response"	119	Nucleoplasm		"CAB003763: AB_562248, HPA049318: AB_2680711, HPA070249: AB_2732151"	"unprognostic (1.45e-1)"	"unprognostic (8.91e-2)"	"unprognostic (4.22e-1)"	"unprognostic (2.98e-2)"	"unprognostic (2.11e-1)"	"unprognostic (1.24e-2)"	"unprognostic (6.48e-2)"	"unprognostic (1.20e-3)"	"unprognostic (2.26e-3)"	"unprognostic (9.58e-2)"	"potential prognostic favorable (1.50e-7)"	"unprognostic (1.12e-3)"	"unprognostic (1.91e-1)"	"unprognostic (3.43e-3)"	"unprognostic (4.53e-2)"	"potential prognostic favorable (3.34e-5)"	"unprognostic (2.50e-1)"	"unprognostic (2.10e-2)"	"unprognostic (3.39e-1)"	"unprognostic (1.89e-1)"	"unprognostic (2.17e-1)"	"unprognostic (3.83e-1)"	"unprognostic (1.68e-1)"	"unprognostic (2.53e-1)"	"unprognostic (9.93e-2)"	"unprognostic (3.10e-2)"	"unprognostic (3.07e-1)"	"unprognostic (4.07e-1)"	"unprognostic (7.29e-2)"	"unprognostic (1.46e-1)"	"unprognostic (1.25e-1)"
ASPHD2	FLJ39838	ENSG00000128203	"Aspartate beta-hydroxylase domain containing 2"	Q6ICH7	22	26429260-26445015	"Predicted membrane proteins"		"Dioxygenase, Oxidoreductase"		"Evidence at protein level"	"Evidence at transcript level"	"Evidence at transcript level"	"Evidence at protein level"	"Tissue enhanced"	"Detected in many"		"brain: 19.0;skin 1: 10.7"	"Cell type enhanced"	"Detected in many"		"Bipolar cells: 25.8;Early spermatids: 13.6;Excitatory neurons: 13.7;Extravillous trophoblasts: 14.7;Late spermatids: 29.4"	"Low cell type specificity"	"Detected in many"			"Low cancer specificity"	"Detected in many"			"Low region specificity"	"Detected in all"			"Immune cell enhanced"	"Detected in some"		"non-classical monocyte: 5.3"	"Group enriched"	"Detected in many"	4	"dendritic cells: 2.2;monocytes: 5.3"	"Low cancer specificity"	"Detected in many"			"Skin - Keratinocyte (granular), Stomach - Gastric mucous cells, Testis - Spermatogonia"	"Low region specificity"	"Detected in all"			"Low region specificity"	"Detected in all"			HPA000820	Uncertain						NA	NA			"Cluster 23: B-cells - Immunoglobulins"	"Cluster 65: Cerebellum - Nervous system development"	"Cluster 33: Neurons - Mixed function"	"Cluster 3: Rhabdoid - Membrane components"	"Cluster 11: Late spermatids - Unknown function"	3			"HPA000820: AB_1078231"	"unprognostic (8.23e-2)"	"unprognostic (2.64e-1)"	"unprognostic (4.72e-2)"	"unprognostic (1.60e-1)"	"unprognostic (1.05e-2)"	"unprognostic (3.90e-2)"	"unprognostic (2.52e-1)"	"unprognostic (3.94e-1)"	"unprognostic (2.50e-2)"	"unprognostic (1.36e-1)"	"potential prognostic unfavorable (1.16e-4)"	"unprognostic (1.81e-1)"	"unprognostic (2.82e-3)"		"unprognostic (1.27e-1)"	"unprognostic (1.18e-1)"	"unprognostic (2.82e-1)"	"unprognostic (2.07e-1)"	"unprognostic (5.84e-2)"	"unprognostic (2.59e-2)"		"unprognostic (1.58e-1)"	"potential prognostic favorable (2.78e-4)"	"unprognostic (1.57e-1)"	"unprognostic (4.60e-2)"	"unprognostic (3.59e-1)"	"unprognostic (1.69e-1)"	"unprognostic (1.12e-1)"	"unprognostic (1.65e-1)"	"unprognostic (3.49e-2)"	"unprognostic (1.37e-1)"
ATF3		ENSG00000162772	"Activating transcription factor 3"	P18847	1	212565334-212620777	"Predicted intracellular proteins, Transcription factors"	"Transcription, Transcription regulation"	"DNA-binding, Repressor"	"Disease variant"	"Evidence at protein level"	"Evidence at protein level"	"Evidence at protein level"	"Evidence at protein level"	"Low tissue specificity"	"Detected in all"			"Cell type enhanced"	"Detected in many"		"Basal prostatic cells: 1499.4;Glandular and luminal cells: 1529.6;Secretory cells: 1233.6"	"Group enriched"	"Detected in all"	6	"endothelial cell: 116.3;ependymal cell: 62.0;vascular associated smooth muscle cell: 213.9"	"Low cancer specificity"	"Detected in all"			"Low region specificity"	"Detected in all"			"Immune cell enhanced"	"Detected in some"		"basophil: 6.5;non-classical monocyte: 6.4"	"Low lineage specificity"	"Detected in many"			"Low cancer specificity"	"Detected in all"				"Low region specificity"	"Detected in many"			"Region enhanced"	"Detected in many"		"spinal cord: 13.2"	HPA001562	Approved		Supported	"Nucleoplasm,Nucleoli,Golgi apparatus,Vesicles,Centrosome,Basal body"			Yes	Yes			"Cluster 37: Monocytes & Neutrophils - Innate immune response"	"Cluster 62: Connective tissue - ECM organization"	"Cluster 11: White matter - Signal transduction"	"Cluster 16: Thyroid cancer - Neuronal signaling"	"Cluster 37: Glandular & Luminal cells - Unknown function"	52	"Nucleoplasm, Nucleoli"	"Golgi apparatus, Vesicles, Centrosome, Basal body"	"HPA001562: AB_1078233"	"unprognostic (6.77e-2)"	"unprognostic (5.03e-2)"	"unprognostic (3.92e-2)"	"unprognostic (1.13e-1)"	"unprognostic (2.61e-2)"	"unprognostic (2.03e-1)"	"unprognostic (9.19e-2)"	"unprognostic (8.15e-2)"	"unprognostic (9.02e-2)"	"unprognostic (1.62e-1)"	"unprognostic (1.26e-2)"	"unprognostic (8.11e-3)"	"unprognostic (2.23e-1)"	"unprognostic (1.74e-1)"	"unprognostic (5.19e-2)"	"unprognostic (2.88e-1)"	"unprognostic (1.37e-1)"	"unprognostic (1.25e-1)"	"unprognostic (1.76e-1)"	"unprognostic (6.51e-3)"	"unprognostic (1.31e-1)"	"unprognostic (2.63e-2)"	"unprognostic (1.88e-2)"	"unprognostic (4.11e-1)"	"unprognostic (1.23e-1)"	"potential prognostic favorable (4.33e-5)"	"unprognostic (2.30e-2)"	"unprognostic (3.02e-2)"	"unprognostic (1.65e-1)"	"unprognostic (1.32e-2)"	"unprognostic (2.80e-1)"
BCAT1	"BCATc, BCT1"	ENSG00000060982	"Branched chain amino acid transaminase 1"	P54687	12	24810024-24949101	"Enzymes, Metabolic proteins, Predicted intracellular proteins"	"Amino-acid biosynthesis, Branched-chain amino acid biosynthesis, Lipid metabolism"	"Aminotransferase, Transferase"		"Evidence at protein level"	"Evidence at transcript level"	"Evidence at protein level"	"Evidence at protein level"	"Tissue enhanced"	"Detected in many"		"pancreas: 56.4"	"Cell type enhanced"	"Detected in many"		"Bipolar cells: 168.9;Exocrine glandular cells: 144.6;Langerhans cells: 329.5;Late spermatids: 349.4"	"Low cell type specificity"	"Detected in many"			"Cancer enhanced"	"Detected in many"		"Testicular Germ Cell Tumor (TCGA): 61.5"	"Low region specificity"	"Detected in all"			"Immune cell enhanced"	"Detected in many"		"non-classical monocyte: 17.3"	"Group enriched"	"Detected in many"	10	"dendritic cells: 5.8;monocytes: 17.3"	"Low cancer specificity"	"Detected in many"			"Adipose subcutaneous - Macrophages, Adipose visceral - Macrophages, Breast - Macrophages, Kidney - Macrophages, Minor Salivary Gland - Macrophages, Pituitary gland - Somatotropes, Skeletal muscle - Macrophages, Thyroid gland - Macrophages"	"Low region specificity"	"Detected in all"			"Low region specificity"	"Detected in all"			HPA048592	Uncertain						NA	NA		41000	"Cluster 10: Non-specific - Membrane trafficking"	"Cluster 15: Pancreas - Proteolysis"	"Cluster 45: Non-specific - Mixed function"	"Cluster 57: Stomach & Colon cancer - Digestion"	"Cluster 58: Macrophages - Innate immune response"				"HPA048592: AB_2680454"	"unprognostic (2.20e-1)"	"unprognostic (2.01e-2)"	"unprognostic (3.02e-1)"	"potential prognostic unfavorable (2.15e-4)"	"unprognostic (3.26e-2)"	"unprognostic (2.53e-1)"	"unprognostic (4.90e-2)"	"unprognostic (1.13e-3)"	"potential prognostic unfavorable (5.00e-4)"	"unprognostic (1.62e-3)"	"unprognostic (9.86e-3)"	"unprognostic (2.57e-1)"	"unprognostic (1.53e-2)"	"potential prognostic unfavorable (1.55e-5)"	"unprognostic (1.51e-2)"	"unprognostic (1.54e-1)"	"unprognostic (5.29e-2)"	"unprognostic (2.40e-2)"	"unprognostic (3.88e-1)"	"unprognostic (1.27e-2)"	"unprognostic (5.80e-3)"	"unprognostic (2.52e-3)"	"unprognostic (1.58e-1)"	"unprognostic (2.25e-1)"	"unprognostic (4.87e-2)"	"unprognostic (6.73e-3)"		"unprognostic (1.37e-3)"	"unprognostic (9.28e-2)"	"unprognostic (2.58e-2)"	"unprognostic (4.06e-2)"
BLTP3A	"C6orf107, dJ349A12.1, FLJ20302, UHRF1BP1"	ENSG00000065060	"Bridge-like lipid transfer protein family member 3A"	Q6BDS2	6	34792083-34877514	"Predicted intracellular proteins"				"Evidence at protein level"	"Evidence at transcript level"	"Evidence at protein level"	"Evidence at protein level"	"Low tissue specificity"	"Detected in all"			"Cell type enhanced"	"Detected in many"		"Inhibitory neurons: 37.7"	"Low cell type specificity"	"Detected in all"			"Low cancer specificity"	"Detected in all"			"Low region specificity"	"Detected in all"			"Immune cell enhanced"	"Detected in single"		"non-classical monocyte: 1.2"	"Low lineage specificity"	"Detected in single"			"Low cancer specificity"	"Detected in all"			"Adrenal gland - Adrenal cortex cells, Minor Salivary Gland - Minor salivary glandular cells, Testis - Early spermatids, Testis - Spermatocytes"	"Low region specificity"	"Detected in all"			"Low region specificity"	"Detected in all"			"HPA032099, HPA032100"	Uncertain		Approved	"Nucleoplasm,Nuclear membrane,Cytosol"			NA	NA				"Cluster 4: Testis - Basic cellular processes"	"Cluster 25: Non-specific - Transcription"	"Cluster 13: Non-specific - Mixed function"	"Cluster 58: Macrophages - Innate immune response"	8	"Nucleoplasm, Nuclear membrane"	Cytosol	"HPA032099: AB_10696057, HPA032100: AB_10671087"	"unprognostic (1.48e-1)"	"unprognostic (2.66e-2)"	"unprognostic (1.39e-1)"	"unprognostic (1.08e-1)"	"unprognostic (1.66e-2)"	"unprognostic (6.57e-3)"	"unprognostic (5.64e-2)"	"unprognostic (2.56e-2)"	"unprognostic (6.26e-2)"	"unprognostic (2.35e-3)"	"potential prognostic favorable (2.00e-4)"	"unprognostic (1.32e-1)"	"unprognostic (1.94e-1)"	"unprognostic (1.07e-3)"	"unprognostic (1.73e-2)"	"unprognostic (2.11e-1)"	"unprognostic (5.79e-2)"	"unprognostic (4.75e-2)"	"unprognostic (1.48e-1)"	"unprognostic (1.28e-1)"	"unprognostic (1.13e-1)"	"unprognostic (3.03e-1)"	"unprognostic (3.39e-2)"	"unprognostic (7.23e-2)"	"potential prognostic favorable (4.81e-4)"	"unprognostic (2.53e-2)"	"unprognostic (2.79e-3)"	"unprognostic (4.73e-2)"	"unprognostic (1.22e-1)"	"unprognostic (1.62e-1)"	"unprognostic (1.32e-1)"
BMP4	BMP2B	ENSG00000125378	"Bone morphogenetic protein 4"	P12644	14	53949736-53958761	"Cancer-related genes, Disease related genes, Human disease related genes, Predicted intracellular proteins, Predicted secreted proteins"	"Chondrogenesis, Differentiation, Osteogenesis"	"Cytokine, Developmental protein, Growth factor"	"Cancer-related genes, Disease variant, Microphthalmia"	"Evidence at protein level"	"Evidence at protein level"	"Evidence at protein level"	"Evidence at protein level"	"Tissue enhanced"	"Detected in many"		"choroid plexus: 76.8"	"Cell type enhanced"	"Detected in many"		"Basal squamous epithelial cells: 30.4;Cytotrophoblasts: 29.5;Fibroblasts: 44.8;Syncytiotrophoblasts: 39.6"	"Cell type enhanced"	"Detected in some"		"choroid plexus epithelial cell: 19.4;fibroblast: 26.8"	"Cancer enhanced"	"Detected in all"		"Rectum Adenocarcinoma (TCGA): 83.8"	"Region enriched"	"Detected in all"	6	"choroid plexus: 65.3"	"Immune cell enhanced"	"Detected in some"		"non-classical monocyte: 1.9"	"Group enriched"	"Detected in many"	12	"monocytes: 1.9;T-cells: 1.3"	"Cancer enhanced"	"Detected in many"		"colorectal cancer: 279.2"	"Adrenal gland - Adrenal cortex cells, Breast - Fibroblasts, Heart muscle - Fibroblasts, Liver - Hepatic stellate cells, Prostate - Fibroblasts"	"Low region specificity"	"Detected in all"			"Low region specificity"	"Detected in all"			"CAB006863, HPA066235"	Uncertain				"Secreted to blood"	Cytokine	NA	NA	162000000			"Cluster 60: Choroid plexus - Transmembrane transport"	"Cluster 23: Choroid plexus - Mixed function"	"Cluster 32: Non-specific - Cell proliferation"	"Cluster 53: Fibroblasts - ECM organization"	35			"CAB006863: , HPA066235: AB_2685641"	"unprognostic (1.22e-1)"	"unprognostic (1.73e-1)"	"unprognostic (8.28e-3)"	"unprognostic (1.52e-1)"	"unprognostic (2.86e-1)"	"unprognostic (3.28e-1)"	"unprognostic (3.98e-2)"	"potential prognostic favorable (3.49e-5)"	"unprognostic (2.25e-1)"	"unprognostic (2.01e-2)"	"potential prognostic favorable (3.70e-4)"	"unprognostic (1.79e-3)"	"unprognostic (1.41e-1)"	"unprognostic (2.60e-2)"	"unprognostic (2.21e-2)"	"unprognostic (2.33e-1)"	"unprognostic (1.14e-1)"	"unprognostic (1.25e-1)"	"unprognostic (3.12e-1)"	"unprognostic (6.04e-2)"	"unprognostic (1.13e-2)"	"potential prognostic unfavorable (3.10e-4)"	"unprognostic (3.03e-1)"	"unprognostic (1.01e-1)"	"unprognostic (5.51e-2)"	"unprognostic (3.37e-1)"	"unprognostic (3.56e-3)"	"unprognostic (7.65e-3)"	"unprognostic (1.49e-1)"	"unprognostic (3.57e-1)"	"unprognostic (3.06e-1)"
BTBD3	"dJ742J24.1, KIAA0952"	ENSG00000132640	"BTB domain containing 3"	Q9Y2F9	20	11890723-11926609	"Predicted intracellular proteins"	Neurogenesis			"Evidence at protein level"	"Evidence at protein level"	"Evidence at protein level"	"Evidence at protein level"	"Tissue enhanced"	"Detected in all"		"brain: 68.0"	"Cell type enhanced"	"Detected in many"		"Endometrial stromal cells: 220.5;Oligodendrocytes: 237.3"	"Low cell type specificity"	"Detected in all"			"Low cancer specificity"	"Detected in all"			"Low region specificity"	"Detected in all"			"Immune cell enhanced"	"Detected in some"		"non-classical monocyte: 3.5"	"Low lineage specificity"	"Detected in many"			"Low cancer specificity"	"Detected in all"			"Adipose subcutaneous - Endothelial cells, Liver - Vascular Endothelial cells, Spleen - Endothelial cells"	"Low region specificity"	"Detected in all"			"Low region specificity"	"Detected in all"			"HPA041424, HPA042048"	Uncertain		Supported	Vesicles			NA	NA			"Cluster 40: Monocytes - Innate immune response"	"Cluster 28: Neuronal - Transcription"	"Cluster 34: Non-specific - Mixed function"	"Cluster 10: Ciliated cells - Ion channel activity"	"Cluster 9: Endometrial stromal cells - Transcription"	9	Vesicles		"HPA041424: AB_10794667, HPA042048: AB_10796469"	"unprognostic (1.36e-3)"	"unprognostic (3.61e-2)"	"unprognostic (1.45e-1)"	"unprognostic (4.24e-2)"	"unprognostic (1.79e-1)"	"potential prognostic unfavorable (9.61e-4)"	"unprognostic (2.36e-2)"	"unprognostic (3.51e-3)"	"unprognostic (8.60e-2)"	"unprognostic (4.50e-2)"	"validated prognostic favorable (1.03e-6)"	"validated prognostic favorable (3.34e-4)"	"unprognostic (2.42e-1)"	"potential prognostic unfavorable (6.94e-5)"	"unprognostic (1.23e-2)"	"unprognostic (3.18e-2)"	"unprognostic (1.41e-3)"	"unprognostic (3.43e-2)"	"unprognostic (3.28e-1)"	"unprognostic (1.34e-1)"	"unprognostic (3.25e-2)"	"unprognostic (4.82e-2)"	"unprognostic (1.65e-1)"	"unprognostic (2.23e-1)"	"unprognostic (7.80e-2)"	"unprognostic (2.04e-1)"	"unprognostic (1.55e-1)"	"unprognostic (1.07e-2)"	"unprognostic (2.01e-1)"	"unprognostic (9.68e-2)"	"unprognostic (2.18e-1)"
C3orf14	HT021	ENSG00000114405	"Chromosome 3 open reading frame 14"	Q9HBI5	3	62319015-62336213	"Predicted intracellular proteins"				"Evidence at protein level"	"Evidence at transcript level"	"Evidence at transcript level"	"Evidence at protein level"	"Tissue enhanced"	"Detected in all"		"brain: 68.8"	"Cell type enhanced"	"Detected in many"		"Early spermatids: 192.9;Spermatocytes: 165.4"	"Low cell type specificity"	"Detected in all"			"Low cancer specificity"	"Detected in all"			"Low region specificity"	"Detected in all"			"Immune cell enhanced"	"Detected in many"		"non-classical monocyte: 28.3"	"Low lineage specificity"	"Detected in many"			"Low cancer specificity"	"Detected in many"			"Testis - Early spermatids"	"Low region specificity"	"Detected in all"			"Low region specificity"	"Detected in all"			HPA048286	Approved		Approved	"Plasma membrane,Cytosol"			NA	NA			"Cluster 33: Non-specific - ATP binding"	"Cluster 5: Brain & Testis - Signal transduction"	"Cluster 14: Neurons - Synaptic function"	"Cluster 27: Breast cancer - Unknown function"	"Cluster 17: Breast glandular cells - Lactation"	8	"Plasma membrane"	Cytosol	"HPA048286: AB_2680340"	"unprognostic (1.32e-2)"	"unprognostic (4.03e-2)"	"unprognostic (4.94e-2)"	"unprognostic (1.12e-1)"	"unprognostic (2.66e-1)"	"unprognostic (5.97e-2)"	"unprognostic (6.91e-3)"	"unprognostic (3.83e-2)"	"unprognostic (1.32e-1)"	"unprognostic (3.47e-2)"	"unprognostic (1.58e-2)"	"unprognostic (3.09e-1)"	"unprognostic (6.15e-2)"	"potential prognostic unfavorable (6.70e-5)"	"unprognostic (1.75e-2)"	"unprognostic (2.48e-1)"	"unprognostic (2.91e-3)"	"unprognostic (3.43e-3)"	"unprognostic (2.43e-1)"	"unprognostic (9.33e-2)"	"unprognostic (9.11e-2)"	"unprognostic (3.64e-1)"	"unprognostic (2.13e-1)"	"unprognostic (2.64e-1)"	"unprognostic (1.18e-1)"	"unprognostic (1.88e-2)"	"unprognostic (2.53e-1)"	"unprognostic (1.94e-2)"	"unprognostic (1.46e-1)"	"unprognostic (4.51e-2)"	"unprognostic (7.32e-2)"
CALB1	CALB	ENSG00000104327	"Calbindin 1"	P05937	8	90058608-90095475	"Predicted intracellular proteins"				"Evidence at protein level"	"Evidence at protein level"	"Evidence at protein level"	"Evidence at protein level"	"Tissue enhanced"	"Detected in many"		"brain: 90.3;kidney: 310.4"	"Cell type enriched"	"Detected in some"	4	"Cone photoreceptor cells: 209.0"	"Group enriched"	"Detected in many"	4	"bergmann glia: 30.7;hippocampal dentate gyrus: 97.7;LAMP5-LHX6 and Chandelier: 95.1;medium spiny neuron: 115.5;MGE interneuron: 35.5;splatter: 53.3;thalamic excitatory: 58.7"	"Cancer enhanced"	"Detected in all"		"Testicular Germ Cell Tumor (TCGA): 156.8"	"Low region specificity"	"Detected in all"			"Immune cell enhanced"	"Detected in many"		"non-classical monocyte: 7.0"	"Group enriched"	"Detected in many"	5	"granulocytes: 5.6;monocytes: 7.0"	"Low cancer specificity"	"Detected in all"			"Colon - Colon enteroendocrine cells"	"Region enhanced"	"Detected in all"		"cerebellum: 430.7"	"Group enriched"	"Detected in all"	4	"basal ganglia: 65.5;cerebellum: 159.4"	"CAB002138, HPA023099, HPA056734"	Enhanced		Approved	Vesicles			NA	NA		30000	"Cluster 7: Non-specific - Innate immune response"	"Cluster 52: Kidney - Transmembrane transport"	"Cluster 10: Cerebellum - Nucleic acid binding"	"Cluster 15: Kidney cancer - Membrane components"	"Cluster 66: Photoreceptor cells - Visual perception"	5	Vesicles		"CAB002138: AB_563448, HPA023099: AB_1845859, HPA056734: AB_2683220"	"unprognostic (5.24e-2)"	"unprognostic (3.23e-1)"		"unprognostic (1.40e-2)"	"unprognostic (5.00e-3)"	"unprognostic (7.24e-3)"	"unprognostic (1.72e-1)"	"unprognostic (4.49e-1)"	"unprognostic (4.36e-2)"	"unprognostic (6.20e-3)"	"unprognostic (4.83e-2)"	"unprognostic (1.33e-1)"	"unprognostic (1.56e-1)"	"unprognostic (1.81e-1)"	"unprognostic (9.58e-2)"	"unprognostic (1.26e-1)"	"unprognostic (8.25e-2)"	"unprognostic (1.73e-3)"	"unprognostic (1.30e-2)"	"unprognostic (4.66e-2)"	"unprognostic (1.17e-1)"	"unprognostic (1.96e-3)"	"unprognostic (1.22e-1)"	"unprognostic (1.11e-1)"	"unprognostic (2.91e-2)"	"unprognostic (7.43e-3)"	"unprognostic (2.18e-1)"	"unprognostic (7.14e-2)"	"unprognostic (9.77e-2)"	"unprognostic (6.16e-2)"	"unprognostic (3.31e-3)"
CALHM6	"C6orf187, dJ93H18.5, FAM26F, INAM, OTTHUMP00000017061, OTTHUMP00000017062, RP1-93H18.5"	ENSG00000188820	"Calcium homeostasis modulator family member 6"	Q5R3K3	6	116461370-116463771	"Predicted intracellular proteins, Predicted membrane proteins, Transporters"	"Ion transport, Transport"	"Ion channel"		"Evidence at protein level"	"Evidence at transcript level"	"Evidence at protein level"	"Evidence at protein level"	"Tissue enhanced"	"Detected in all"		"lymphoid tissue: 133.3"	"Cell type enhanced"	"Detected in many"		"B-cells: 65.6;Hofbauer cells: 69.8;Kupffer cells: 174.9;Macrophages: 73.7;monocytes: 78.9"	"Cell type enhanced"	"Detected in many"		"central nervous system macrophage: 10.4"	"Low cancer specificity"	"Detected in all"			"Low region specificity"	"Detected in many"			"Immune cell enhanced"	"Detected in all"		"intermediate monocyte: 725.9;non-classical monocyte: 866.3"	"Low lineage specificity"	"Detected in all"			"Cancer enhanced"	"Detected in many"		"Leukemia: 16.4"	"Adrenal gland - Macrophages, Liver - Kupffer cells, Minor Salivary Gland - Macrophages, Spleen - Macrophages, Stomach - Macrophages"	"Not detected"	"Not detected"			"Low region specificity"	"Detected in single"										NA	NA			"Cluster 40: Monocytes - Innate immune response"	"Cluster 70: Lymphoid tissue - Immune response"	"Cluster 22: Non-specific - Mixed function"	"Cluster 14: Myeloid leukemia - Innate immune response"	"Cluster 29: Monocytes - Innate immune response"	2				"unprognostic (3.68e-1)"	"unprognostic (2.68e-2)"		"unprognostic (1.49e-2)"	"unprognostic (6.68e-2)"	"unprognostic (2.55e-1)"	"unprognostic (1.78e-3)"	"unprognostic (2.51e-1)"	"unprognostic (2.11e-2)"	"unprognostic (3.23e-1)"	"unprognostic (1.88e-2)"	"unprognostic (1.61e-1)"	"unprognostic (1.88e-1)"	"unprognostic (3.27e-1)"		"unprognostic (6.68e-2)"	"unprognostic (7.48e-2)"	"unprognostic (2.63e-2)"	"unprognostic (6.55e-2)"	"unprognostic (1.63e-1)"	"unprognostic (8.42e-2)"	"unprognostic (3.38e-1)"	"unprognostic (1.29e-1)"	"unprognostic (2.04e-1)"	"unprognostic (1.75e-2)"	"unprognostic (1.06e-3)"	"unprognostic (4.98e-2)"	"unprognostic (1.51e-1)"	"unprognostic (1.02e-2)"	"unprognostic (2.62e-3)"	"unprognostic (1.37e-1)"
CARD9		ENSG00000187796	"Caspase recruitment domain family member 9"	Q9H257	9	136363956-136373681	"Disease related genes, Human disease related genes, Predicted intracellular proteins"	"Adaptive immunity, Immunity, Innate immunity"		"Disease variant"	"Evidence at protein level"	"Evidence at protein level"	"Evidence at protein level"	"Evidence at protein level"	"Tissue enhanced"	"Detected in many"		"bone marrow: 7.1;lymphoid tissue: 9.7"	"Cell type enhanced"	"Detected in many"		"Endometrial stromal cells: 13.1;Hofbauer cells: 25.4;Kupffer cells: 16.7;Langerhans cells: 16.6;Macrophages: 23.2;monocytes: 33.2"	"Cell type enriched"	"Detected in many"	8	"central nervous system macrophage: 27.8"	"Low cancer specificity"	"Detected in many"			"Low region specificity"	"Detected in many"			"Immune cell enhanced"	"Detected in many"		"intermediate monocyte: 56.3;non-classical monocyte: 48.7"	"Low lineage specificity"	"Detected in many"			"Cancer enriched"	"Detected in some"	6	"Leukemia: 13.1"	"Adipose subcutaneous - Macrophages, Adipose visceral - Macrophages, Adrenal gland - Macrophages, Heart muscle - Macrophages, Minor Salivary Gland - Macrophages, Prostate - T-cells, Skeletal muscle - Macrophages, Skin - Langerhans cells, Spleen - Macrophages, Stomach - Macrophages"	"Low region specificity"	"Detected in many"			"Low region specificity"	"Detected in many"			HPA059502	Enhanced						NA	NA			"Cluster 40: Monocytes - Innate immune response"	"Cluster 81: Lymphoid tissue & Bone marrow - Innate immune response"	"Cluster 43: Hindbrain - Mixed function"	"Cluster 14: Myeloid leukemia - Innate immune response"	"Cluster 29: Monocytes - Innate immune response"	63			"HPA059502: AB_2684042"	"unprognostic (5.64e-2)"	"unprognostic (9.93e-2)"	"unprognostic (6.36e-3)"	"unprognostic (6.58e-3)"		"unprognostic (1.78e-1)"	"unprognostic (1.56e-1)"	"unprognostic (3.99e-2)"			"unprognostic (4.70e-2)"	"unprognostic (7.05e-2)"	"unprognostic (1.01e-1)"		"unprognostic (4.61e-2)"	"unprognostic (2.45e-3)"	"unprognostic (8.26e-2)"			"unprognostic (1.78e-2)"	"unprognostic (1.92e-1)"		"unprognostic (1.06e-1)"			"unprognostic (2.52e-3)"		"unprognostic (7.63e-2)"	"unprognostic (8.44e-3)"		"unprognostic (1.14e-1)"
CD300C	"CMRF-35A, CMRF35, CMRF35A, IGSF16, LIR"	ENSG00000167850	"CD300c molecule"	Q08708	17	74541073-74546115	"CD markers, Predicted membrane proteins"	Immunity	Receptor		"Evidence at protein level"	"Evidence at transcript level"	"Evidence at protein level"	"Evidence at protein level"	"Tissue enhanced"	"Detected in many"		"bone marrow: 9.6;lung: 8.1;lymphoid tissue: 7.1"	"Cell type enhanced"	"Detected in some"		"Hofbauer cells: 42.5;Kupffer cells: 17.8;Langerhans cells: 16.1;Macrophages: 28.0;monocytes: 31.4"	"Group enriched"	"Detected in some"	8	"central nervous system macrophage: 4.9;leukocyte: 3.4"	"Low cancer specificity"	"Detected in many"			"Low region specificity"	"Detected in all"			"Immune cell enhanced"	"Detected in many"		"intermediate monocyte: 228.5;non-classical monocyte: 243.7"	"Low lineage specificity"	"Detected in many"			"Group enriched"	"Detected in some"	4	"Leukemia: 5.2;lymphoma: 5.0;thyroid cancer: 1.5"	"Adipose subcutaneous - Macrophages, Adipose visceral - Macrophages, Adrenal gland - Macrophages, Breast - Macrophages, Colon - Macrophages, Heart muscle - Macrophages, Kidney - Macrophages, Lung - Macrophages, Minor Salivary Gland - Macrophages, Pituitary gland - Macrophages, Prostate - Macrophages, Skeletal muscle - Macrophages, Spleen - Macrophages, Stomach - Macrophages"	"Not detected"	"Not detected"			"Low region specificity"	"Detected in single"			"HPA014523, HPA060349"	Approved		Uncertain	"Golgi apparatus,Vesicles,Mitochondria"			NA	NA			"Cluster 40: Monocytes - Innate immune response"	"Cluster 81: Lymphoid tissue & Bone marrow - Innate immune response"	"Cluster 12: Non-specific - Vasculature"	"Cluster 71: Lymphoma - Inflammatory response"	"Cluster 29: Monocytes - Innate immune response"	10	"Golgi apparatus"	"Vesicles, Mitochondria"	"HPA014523: AB_1846293, HPA060349: "	"unprognostic (2.04e-1)"	"unprognostic (5.85e-2)"	"unprognostic (3.60e-2)"	"unprognostic (1.10e-1)"	"unprognostic (3.72e-1)"	"unprognostic (1.45e-1)"	"unprognostic (1.22e-1)"	"unprognostic (3.51e-1)"	"unprognostic (3.42e-2)"		"unprognostic (3.49e-3)"	"unprognostic (2.16e-1)"	"unprognostic (1.19e-1)"		"unprognostic (6.48e-2)"	"unprognostic (9.39e-2)"	"unprognostic (6.85e-2)"	"unprognostic (1.30e-1)"	"unprognostic (9.67e-2)"	"unprognostic (1.66e-2)"	"unprognostic (3.79e-1)"	"unprognostic (9.02e-2)"	"unprognostic (1.73e-1)"		"unprognostic (5.91e-2)"	"unprognostic (7.46e-3)"	"unprognostic (7.99e-3)"	"unprognostic (7.86e-2)"	"unprognostic (4.96e-3)"	"potential prognostic unfavorable (2.96e-4)"	
CD68	"DKFZp686M18236, GP110, LAMP4, SCARD1"	ENSG00000129226	"CD68 molecule"	P34810	17	7579491-7582111	"CD markers, Plasma proteins, Predicted intracellular proteins, Predicted membrane proteins"				"Evidence at protein level"	"Evidence at protein level"	"Evidence at protein level"	"Evidence at protein level"	"Tissue enhanced"	"Detected in all"		"lung: 346.5;lymphoid tissue: 360.8"	"Cell type enhanced"	"Detected in many"		"Hofbauer cells: 223.6;Kupffer cells: 258.2;Langerhans cells: 80.9;Macrophages: 190.0;Proximal enterocytes: 193.1"	"Cell type enriched"	"Detected in some"	5	"central nervous system macrophage: 88.4"	"Low cancer specificity"	"Detected in all"			"Low region specificity"	"Detected in all"			"Immune cell enhanced"	"Detected in all"		"classical monocyte: 3264.9;intermediate monocyte: 3664.2;non-classical monocyte: 3764.8"	"Group enriched"	"Detected in all"	11	"dendritic cells: 1382.0;monocytes: 3764.8"	"Low cancer specificity"	"Detected in all"			"Adipose subcutaneous - Macrophages, Adipose visceral - Macrophages, Breast - Macrophages, Colon - Macrophages, Heart muscle - Macrophages, Lung - Macrophages, Pituitary gland - Macrophages, Prostate - Macrophages, Skeletal muscle - Macrophages, Skin - Macrophages, Spleen - Macrophages, Stomach - Macrophages, Testis - Macrophages, Thyroid gland - Macrophages"					"Low region specificity"	"Detected in all"			"CAB000051, CAB000066, HPA048982, CAB072861, CAB072862"	Enhanced		Supported	"Golgi apparatus,Vesicles"			NA	NA		11000000	"Cluster 38: Monocytes & Neutrophils - Degranulation"	"Cluster 70: Lymphoid tissue - Immune response"	"Cluster 20: Macrophages & Microglia - Immune response"	"Cluster 14: Myeloid leukemia - Innate immune response"	"Cluster 58: Macrophages - Innate immune response"	11	"Golgi apparatus, Vesicles"		"CAB000051: AB_2314148, CAB000066: AB_2074844, CAB072861: AB_2665705, CAB072862: AB_2665706, HPA048982: AB_2680587"	"unprognostic (9.25e-2)"	"unprognostic (1.97e-1)"	"unprognostic (5.80e-2)"	"unprognostic (3.41e-2)"	"unprognostic (1.47e-1)"	"unprognostic (3.15e-1)"	"unprognostic (1.53e-2)"	"unprognostic (1.00e-2)"	"unprognostic (8.87e-2)"	"unprognostic (6.68e-2)"	"unprognostic (2.00e-2)"	"unprognostic (1.48e-1)"	"unprognostic (2.48e-1)"	"unprognostic (1.53e-3)"	"unprognostic (2.68e-1)"	"unprognostic (5.75e-2)"	"unprognostic (9.00e-3)"	"unprognostic (1.58e-2)"	"unprognostic (3.51e-2)"	"unprognostic (1.26e-2)"	"unprognostic (2.58e-1)"	"unprognostic (2.69e-3)"	"unprognostic (1.10e-1)"	"unprognostic (1.82e-1)"	"unprognostic (1.24e-1)"	"unprognostic (2.09e-1)"	"unprognostic (8.14e-2)"	"unprognostic (1.82e-1)"	"unprognostic (9.50e-3)"	"unprognostic (2.51e-1)"	"unprognostic (2.14e-1)"
CDC42EP4	"BORG4, CEP4, KAIA1777, MGC17125, MGC3740"	ENSG00000179604	"CDC42 effector protein 4"	Q9H3Q1	17	73283624-73312005	"Predicted intracellular proteins"	"Cell shape"			"Evidence at protein level"	"Evidence at protein level"	"Evidence at protein level"	"Evidence at protein level"	"Low tissue specificity"	"Detected in all"			"Cell type enhanced"	"Detected in many"		"Horizontal cells: 181.9;Muller glia cells: 508.4"	"Cell type enhanced"	"Detected in many"		"astrocyte: 157.1;bergmann glia: 319.5"	"Low cancer specificity"	"Detected in all"			"Low region specificity"	"Detected in all"			"Immune cell enhanced"	"Detected in many"		"non-classical monocyte: 20.2"	"Low lineage specificity"	"Detected in many"			"Low cancer specificity"	"Detected in all"			"Adipose subcutaneous - Adipocytes (Subcutaneous)"	"Low region specificity"	"Detected in all"			"Low region specificity"	"Detected in all"			"HPA023335, HPA024797"	Approved	Supported	Supported	"Plasma membrane,Actin filaments,Microtubules"			NA	NA			"Cluster 40: Monocytes - Innate immune response"	"Cluster 64: Neuronal - Transcription"	"Cluster 44: Non-specific - Mixed function"	"Cluster 57: Stomach & Colon cancer - Digestion"	"Cluster 10: Muller glia cells - Visual perception"	20	"Actin filaments, Microtubules"	"Plasma membrane"	"HPA023335: AB_10603783, HPA024797: AB_10600696"	"unprognostic (2.58e-2)"	"unprognostic (6.64e-2)"	"unprognostic (1.23e-1)"	"unprognostic (5.28e-2)"	"unprognostic (9.37e-3)"	"unprognostic (2.20e-2)"	"unprognostic (3.87e-2)"	"unprognostic (2.25e-2)"	"unprognostic (7.14e-3)"	"unprognostic (1.66e-1)"	"potential prognostic favorable (9.34e-4)"	"unprognostic (6.61e-3)"	"unprognostic (1.13e-1)"	"unprognostic (2.35e-3)"	"unprognostic (2.53e-3)"	"unprognostic (1.30e-1)"	"unprognostic (2.27e-1)"	"unprognostic (1.57e-1)"	"unprognostic (1.01e-1)"	"unprognostic (9.84e-2)"	"unprognostic (9.10e-2)"	"unprognostic (2.05e-1)"	"unprognostic (3.77e-2)"	"unprognostic (1.70e-1)"	"unprognostic (4.26e-2)"	"unprognostic (1.82e-1)"	"unprognostic (1.29e-1)"	"unprognostic (1.36e-1)"	"unprognostic (4.06e-1)"	"unprognostic (3.21e-1)"	"unprognostic (4.18e-2)"
CDH13	CDHH	ENSG00000140945	"Cadherin 13"	P55290	16	82626965-83800640	"Plasma proteins, Predicted intracellular proteins"	"Cell adhesion"			"Evidence at protein level"	"Evidence at protein level"	"Evidence at protein level"	"Evidence at protein level"	"Tissue enhanced"	"Detected in many"		"heart muscle: 55.1;skeletal muscle: 66.1;tongue: 55.5"	"Group enriched"	"Detected in many"	4	"Excitatory neurons: 316.9;Inhibitory neurons: 827.4;Oligodendrocyte precursor cells: 315.1"	"Cell type enhanced"	"Detected in all"		"midbrain-derived inhibitory: 1191.2"	"Cancer enhanced"	"Detected in all"		"Kidney Renal Clear Cell Carcinoma (TCGA): 35.6"	"Low region specificity"	"Detected in all"			"Immune cell enhanced"	"Detected in some"		"non-classical monocyte: 4.3"	"Group enriched"	"Detected in many"	5	"granulocytes: 1.4;monocytes: 4.3"	"Cancer enhanced"	"Detected in many"		"Brain cancer: 66.5;testis cancer: 95.3"	"Adipose visceral - Endothelial cells, Lung - Fibroblast_1, Testis - Early spermatids, Testis - Late spermatids"	"Low region specificity"	"Detected in all"			"Low region specificity"	"Detected in all"			"HPA001380, CAB025863"	Enhanced		Supported	"Plasma membrane"	"Intracellular and membrane"	"Cell adhesion"	NA	NA		200000000	"Cluster 40: Monocytes - Innate immune response"	"Cluster 12: Heart muscle - Cardiac muscle contraction"	"Cluster 14: Neurons - Synaptic function"	"Cluster 64: Connective tissue cells - ECM organization"	"Cluster 65: Neurons - Synaptic function"	2	"Plasma membrane"		"CAB025863: , HPA001380: AB_1078371"	"unprognostic (1.26e-1)"	"potential prognostic unfavorable (9.77e-4)"	"unprognostic (2.46e-1)"	"unprognostic (2.64e-2)"	"unprognostic (4.60e-1)"	"unprognostic (9.07e-2)"	"unprognostic (1.70e-1)"	"unprognostic (1.50e-2)"	"unprognostic (6.47e-3)"	"unprognostic (2.93e-2)"	"validated prognostic favorable (1.93e-9)"	"validated prognostic favorable (6.97e-5)"	"unprognostic (6.80e-3)"	"unprognostic (1.34e-1)"	"unprognostic (8.41e-3)"	"unprognostic (1.43e-1)"	"unprognostic (3.30e-2)"	"unprognostic (4.46e-2)"	"unprognostic (1.19e-1)"	"unprognostic (1.04e-1)"	"unprognostic (2.13e-3)"	"unprognostic (7.78e-2)"	"unprognostic (6.16e-2)"	"unprognostic (5.57e-1)"	"unprognostic (4.24e-1)"	"unprognostic (1.50e-3)"	"unprognostic (1.15e-2)"	"unprognostic (8.98e-3)"	"unprognostic (9.13e-2)"	"unprognostic (8.74e-2)"	"unprognostic (2.69e-2)"
CDH23	"CDHR23, DFNB12, USH1D"	ENSG00000107736	"Cadherin related 23"	Q9H251	10	71396920-71815947	"Disease related genes, Human disease related genes, Predicted intracellular proteins, Predicted membrane proteins"	"Cell adhesion, Hearing, Sensory transduction, Vision"		"Deafness, Disease variant, Non-syndromic deafness, Retinitis pigmentosa, Usher syndrome"	"Evidence at protein level"	"Evidence at transcript level"	"Evidence at protein level"	"Evidence at protein level"	"Tissue enhanced"	"Detected in many"		"ovary: 34.2"	"Cell type enhanced"	"Detected in many"		"Early spermatids: 52.7;Late spermatids: 82.5;Microglial cells: 32.2;monocytes: 75.0;Muller glia cells: 81.1"	"Cell type enhanced"	"Detected in all"		"endothelial cell: 195.7;fibroblast: 113.8;lower rhombic lip: 147.5"	"Low cancer specificity"	"Detected in many"			"Low region specificity"	"Detected in all"			"Immune cell enhanced"	"Detected in many"		"intermediate monocyte: 26.8;non-classical monocyte: 38.2"	"Lineage enriched"	"Detected in many"	4	"monocytes: 38.2"	"Cancer enhanced"	"Detected in many"		"Bone cancer: 9.7"	"Adipose subcutaneous - Adipocytes (Subcutaneous), Testis - Sertoli cells"	"Not detected"	"Not detected"			"Low region specificity"	"Detected in many"			HPA017232	Approved						NA	NA		3600000	"Cluster 10: Non-specific - Membrane trafficking"	"Cluster 64: Neuronal - Transcription"	"Cluster 49: Hindbrain - Mixed function"	"Cluster 11: Neuronal - Sensory perception"	"Cluster 10: Muller glia cells - Visual perception"	1			"HPA017232: AB_1845903"	"potential prognostic favorable (1.95e-4)"	"unprognostic (1.70e-1)"	"unprognostic (6.99e-2)"	"potential prognostic favorable (5.49e-4)"		"unprognostic (1.17e-1)"	"unprognostic (6.75e-2)"	"unprognostic (1.88e-2)"	"unprognostic (1.17e-1)"		"unprognostic (3.68e-2)"	"unprognostic (6.75e-3)"		"unprognostic (7.44e-2)"	"unprognostic (1.19e-3)"	"unprognostic (1.65e-2)"	"unprognostic (1.06e-1)"	"unprognostic (3.75e-2)"	"unprognostic (2.14e-1)"	"unprognostic (9.74e-3)"	"unprognostic (6.39e-2)"	"unprognostic (2.80e-1)"	"unprognostic (3.85e-2)"			"unprognostic (2.24e-3)"		"unprognostic (1.42e-2)"	"unprognostic (1.26e-1)"		"unprognostic (3.93e-3)"
CDKN1A	"CAP20, CDKN1, CIP1, P21, p21CIP1, p21Cip1/Waf1, SDI1, WAF1"	ENSG00000124762	"Cyclin dependent kinase inhibitor 1A"	P38936	6	36676460-36687337	"Cancer-related genes, Human disease related genes, Predicted intracellular proteins"	"Cell cycle"	"Protein kinase inhibitor"	"Cancer-related genes"	"Evidence at protein level"	"Evidence at protein level"	"Evidence at protein level"	"Evidence at protein level"	"Low tissue specificity"	"Detected in all"			"Low cell type specificity"	"Detected in many"			"Group enriched"	"Detected in many"	4	"central nervous system macrophage: 45.6;choroid plexus epithelial cell: 57.6;endothelial cell: 56.7;ependymal cell: 24.7;vascular associated smooth muscle cell: 46.9"	"Low cancer specificity"	"Detected in all"			"Low region specificity"	"Detected in all"			"Immune cell enhanced"	"Detected in many"		"non-classical monocyte: 74.9"	"Group enriched"	"Detected in many"	9	"B-cells: 20.8;dendritic cells: 21.5;monocytes: 74.9"	"Low cancer specificity"	"Detected in all"			"Breast - Endothelial cells, Colon - Neutrophils"	"Region enhanced"	"Detected in all"		"olfactory bulb: 76.0"	"Low region specificity"	"Detected in all"			"CAB000064, HPA005946, CAB069401"	Supported		Supported	"Nucleoplasm,Nuclear bodies"			NA	NA			"Cluster 40: Monocytes - Innate immune response"	"Cluster 41: Smooth muscle tissue - ECM organization"	"Cluster 8: Immune cells - Immune response"	"Cluster 40: Non-specific - Unknown function"	"Cluster 41: Adipocytes & Endothelial cells - Mixed function"	190	"Nucleoplasm, Nuclear bodies"		"CAB000064: , CAB069401: AB_1620493, HPA005946: AB_2667477"	"unprognostic (6.40e-2)"	"unprognostic (1.16e-2)"	"unprognostic (7.94e-3)"	"unprognostic (4.53e-2)"	"unprognostic (7.99e-3)"	"unprognostic (1.48e-1)"	"unprognostic (1.03e-2)"	"unprognostic (1.85e-3)"	"unprognostic (4.01e-2)"	"unprognostic (4.78e-2)"	"potential prognostic favorable (1.39e-5)"	"unprognostic (1.57e-3)"	"potential prognostic favorable (8.47e-5)"	"unprognostic (3.20e-2)"	"potential prognostic favorable (2.11e-6)"	"unprognostic (2.70e-2)"	"unprognostic (2.15e-1)"	"unprognostic (1.22e-2)"	"unprognostic (2.07e-3)"	"unprognostic (4.48e-2)"	"unprognostic (1.94e-1)"	"unprognostic (5.62e-3)"	"unprognostic (2.81e-2)"	"unprognostic (2.98e-2)"	"unprognostic (2.66e-1)"	"unprognostic (2.01e-1)"	"unprognostic (2.93e-2)"	"unprognostic (4.43e-2)"	"unprognostic (4.34e-2)"	"unprognostic (1.34e-1)"	"unprognostic (6.25e-2)"
CES4A	"CES8, FLJ37464"	ENSG00000172824	"Carboxylesterase 4A"	Q5XG92	16	66988589-67010417	"Predicted intracellular proteins, Predicted secreted proteins"		"Hydrolase, Serine esterase"		"Evidence at protein level"	"Evidence at protein level"	"Evidence at transcript level"	"Evidence at protein level"	"Tissue enhanced"	"Detected in many"		"fallopian tube: 17.4;skin 1: 13.6"	"Cell type enhanced"	"Detected in many"		"Breast glandular cells: 44.7;Ciliated cells: 49.1;Excitatory neurons: 51.8;Oligodendrocytes: 35.0;Spermatocytes: 32.6"	"Low cell type specificity"	"Detected in many"			"Cancer enhanced"	"Detected in many"		"Kidney Renal Clear Cell Carcinoma (TCGA): 9.0"	"Low region specificity"	"Detected in all"			"Immune cell enhanced"	"Detected in some"		"non-classical monocyte: 3.6"	"Low lineage specificity"	"Detected in many"			"Low cancer specificity"	"Detected in some"			"Lung - Respiratory ciliated cells, Pituitary gland - Somatotropes, Skin - Keratinocyte (granular)"	"Not detected"	"Not detected"							HPA035701	Approved		Approved	Cytosol	"Secreted - unknown location"	Enzyme	NA	NA			"Cluster 13: Non-specific - Mitochondria"	"Cluster 13: Skin - Cornification"	"Cluster 34: Non-specific - Mixed function"	"Cluster 50: Lymphoma - Unknown function"	"Cluster 17: Breast glandular cells - Lactation"		Cytosol		"HPA035701: AB_10696357"		"unprognostic (3.34e-2)"						"unprognostic (1.45e-1)"	"unprognostic (4.71e-2)"	"unprognostic (4.90e-2)"	"unprognostic (1.44e-1)"	"unprognostic (6.50e-2)"	"unprognostic (3.71e-3)"	"unprognostic (4.09e-2)"	"unprognostic (6.88e-3)"	"unprognostic (1.19e-2)"	"unprognostic (4.37e-2)"	"unprognostic (1.93e-2)"	"unprognostic (9.20e-2)"		"unprognostic (2.75e-2)"		"unprognostic (3.84e-2)"							"unprognostic (2.30e-2)"	
CLIP4	"FLJ21069, RSNL2"	ENSG00000115295	"CAP-Gly domain containing linker protein family member 4"	Q8N3C7	2	29097705-29199777	"Predicted intracellular proteins, Predicted membrane proteins"				"Evidence at protein level"	"Evidence at protein level"	"Evidence at protein level"	"Evidence at protein level"	"Tissue enhanced"	"Detected in many"		"skeletal muscle: 69.4"	"Cell type enhanced"	"Detected in many"		"Early spermatids: 130.2;Inhibitory neurons: 137.1;Late spermatids: 130.5;monocytes: 140.5;Oligodendrocyte precursor cells: 122.2;Oligodendrocytes: 230.1"	"Low cell type specificity"	"Detected in all"			"Low cancer specificity"	"Detected in all"			"Low region specificity"	"Detected in all"			"Immune cell enhanced"	"Detected in many"		"non-classical monocyte: 24.7"	"Low lineage specificity"	"Detected in many"			"Low cancer specificity"	"Detected in all"			"Testis - Early spermatids, Testis - Late spermatids"	"Low region specificity"	"Detected in all"			"Low region specificity"	"Detected in all"			"HPA043366, HPA056246"	Uncertain		Approved	Vesicles			NA	NA			"Cluster 37: Monocytes & Neutrophils - Innate immune response"	"Cluster 14: Skeletal muscle - Muscle contraction"	"Cluster 28: Oligodendrocytes - Mixed function"	"Cluster 7: Liver cancer - Metabolism"	"Cluster 8: Neurons - Neuronal signaling"	15	Vesicles		"HPA043366: AB_10963051, HPA056246: AB_2683078"	"unprognostic (1.35e-1)"	"unprognostic (4.52e-2)"	"unprognostic (1.07e-1)"	"unprognostic (5.83e-3)"	"unprognostic (1.78e-2)"	"unprognostic (1.91e-1)"	"unprognostic (4.05e-1)"	"unprognostic (2.81e-1)"	"unprognostic (6.53e-2)"	"unprognostic (1.22e-2)"	"potential prognostic unfavorable (2.69e-4)"	"unprognostic (7.78e-3)"	"unprognostic (1.39e-3)"	"unprognostic (5.98e-3)"	"unprognostic (2.15e-1)"	"unprognostic (1.23e-2)"	"unprognostic (2.60e-1)"	"unprognostic (2.20e-1)"	"unprognostic (2.82e-2)"	"unprognostic (9.64e-3)"	"unprognostic (1.59e-2)"	"unprognostic (1.11e-1)"	"unprognostic (4.10e-3)"	"unprognostic (1.87e-1)"	"unprognostic (3.16e-3)"	"unprognostic (9.37e-2)"	"unprognostic (3.75e-1)"	"potential prognostic unfavorable (3.20e-4)"	"unprognostic (5.32e-2)"	"unprognostic (1.21e-1)"	"unprognostic (7.70e-2)"
CNTLN	"bA340N12.1, C9orf101, C9orf39, FLJ20276"	ENSG00000044459	Centlein	Q9NXG0	9	17134982-17503923	"Predicted intracellular proteins"				"Evidence at protein level"	"Evidence at protein level"	"Evidence at protein level"	"Evidence at protein level"	"Low tissue specificity"	"Detected in all"			"Cell type enhanced"	"Detected in many"		"Microglial cells: 87.7;Spermatocytes: 83.0"	"Low cell type specificity"	"Detected in all"			"Low cancer specificity"	"Detected in all"			"Low region specificity"	"Detected in all"			"Immune cell enhanced"	"Detected in some"		"non-classical monocyte: 3.9"	"Lineage enriched"	"Detected in single"	5	"monocytes: 3.9"	"Low cancer specificity"	"Detected in all"			"Prostate - Fibroblasts, Skin - Endothelial cells, Spleen - Endothelial cells, Thyroid gland - Fibroblasts"	"Low region specificity"	"Detected in all"			"Low region specificity"	"Detected in all"			"HPA007201, HPA036728, HPA036729"	Uncertain		Approved	Nucleoplasm,Centrosome,Cytosol			NA	NA				"Cluster 83: Liver - Metabolism"	"Cluster 25: Non-specific - Transcription"	"Cluster 43: Non-specific - Basic cellular processes"	"Cluster 6: Ovarian stromal cells - Transcription"	4	Centrosome	"Nucleoplasm, Cytosol"	"HPA007201: AB_2667775, HPA036728: AB_10670847, HPA036729: AB_10670240"	"unprognostic (5.29e-2)"	"unprognostic (2.13e-2)"	"unprognostic (2.50e-1)"	"unprognostic (1.40e-2)"	"unprognostic (2.98e-1)"	"unprognostic (9.79e-3)"	"unprognostic (3.25e-1)"	"unprognostic (1.23e-1)"	"unprognostic (1.12e-1)"	"unprognostic (9.80e-2)"	"unprognostic (2.24e-3)"	"unprognostic (1.53e-2)"	"unprognostic (7.11e-2)"	"unprognostic (4.14e-2)"	"unprognostic (2.22e-2)"	"unprognostic (4.78e-2)"	"unprognostic (7.82e-2)"	"unprognostic (1.17e-2)"	"unprognostic (1.14e-1)"	"unprognostic (4.94e-2)"	"unprognostic (1.53e-2)"	"unprognostic (2.37e-1)"	"potential prognostic unfavorable (3.75e-4)"	"unprognostic (1.86e-1)"	"unprognostic (3.81e-1)"	"unprognostic (4.38e-2)"	"unprognostic (1.59e-2)"	"unprognostic (6.64e-2)"	"unprognostic (4.55e-2)"	"unprognostic (6.72e-2)"	"unprognostic (1.65e-1)"
CORO1B	coronin-2	ENSG00000172725	"Coronin 1B"	Q9BR76	11	67435510-67443821	"Plasma proteins, Predicted intracellular proteins"		Actin-binding		"Evidence at protein level"	"Evidence at protein level"	"Evidence at protein level"	"Evidence at protein level"	"Low tissue specificity"	"Detected in all"			"Cell type enhanced"	"Detected in many"		"Distal enterocytes: 294.1;Extravillous trophoblasts: 260.9;Proximal enterocytes: 267.0"	"Cell type enhanced"	"Detected in many"		"endothelial cell: 35.6"	"Low cancer specificity"	"Detected in all"			"Low region specificity"	"Detected in all"			"Immune cell enhanced"	"Detected in all"		"non-classical monocyte: 222.9"	"Low lineage specificity"	"Detected in all"			"Low cancer specificity"	"Detected in all"			"Colon - Macrophages, Lung - Macrophages, Prostate - Prostate glandular cells, Spleen - Macrophages"	"Low region specificity"	"Detected in all"			"Low region specificity"	"Detected in all"			"CAB017616, HPA040113, HPA070456"	Enhanced		Supported	"Plasma membrane,Cytosol"			NA	NA		1400000	"Cluster 40: Monocytes - Innate immune response"	"Cluster 47: Spleen - Immune response"	"Cluster 20: Macrophages & Microglia - Immune response"	"Cluster 24: Non-specific - Unknown function"	"Cluster 5: Enterocytes - Absorption"	23	"Plasma membrane, Cytosol"		"CAB017616: AB_2087018, HPA040113: AB_2676850, HPA070456: AB_2686268"	"unprognostic (6.53e-2)"	"unprognostic (8.95e-3)"	"unprognostic (6.05e-2)"	"unprognostic (1.55e-2)"	"unprognostic (3.07e-1)"	"unprognostic (1.85e-1)"	"unprognostic (2.06e-1)"	"unprognostic (8.74e-2)"	"unprognostic (1.29e-2)"	"unprognostic (2.23e-2)"	"unprognostic (1.26e-1)"	"unprognostic (3.65e-2)"	"unprognostic (8.04e-2)"	"unprognostic (5.38e-3)"	"unprognostic (8.87e-2)"	"unprognostic (1.21e-1)"	"unprognostic (4.57e-2)"	"unprognostic (6.71e-2)"	"unprognostic (3.25e-1)"	"unprognostic (1.19e-3)"	"unprognostic (1.71e-1)"	"unprognostic (8.79e-3)"	"unprognostic (1.13e-1)"	"unprognostic (2.59e-2)"	"unprognostic (2.34e-1)"	"unprognostic (2.38e-1)"	"unprognostic (1.07e-1)"	"unprognostic (2.33e-1)"	"unprognostic (1.66e-1)"	"unprognostic (4.45e-2)"	"unprognostic (1.80e-1)"
CSF1R	"C-FMS, CD115, CSFR, FMS"	ENSG00000182578	"Colony stimulating factor 1 receptor"	P07333	5	150053291-150113372	"Cancer-related genes, CD markers, Disease related genes, Enzymes, FDA approved drug targets, Human disease related genes, Plasma proteins, Predicted intracellular proteins, Predicted membrane proteins, RAS pathway related proteins, Transporters"	"Immunity, Inflammatory response, Innate immunity"	"Kinase, Receptor, Transferase, Tyrosine-protein kinase"	"Cancer-related genes, Disease variant, FDA approved drug targets, Neurodegeneration, Proto-oncogene"	"Evidence at protein level"	"Evidence at protein level"	"Evidence at protein level"	"Evidence at protein level"	"Tissue enhanced"	"Detected in all"		"lymphoid tissue: 110.4;placenta: 99.9"	"Cell type enhanced"	"Detected in many"		"Extravillous trophoblasts: 115.8;Hofbauer cells: 327.3;Kupffer cells: 256.3;Langerhans cells: 98.3;Macrophages: 218.3;Microglial cells: 128.8;monocytes: 218.3"	"Cell type enriched"	"Detected in many"	17	"central nervous system macrophage: 840.3"	"Low cancer specificity"	"Detected in all"			"Low region specificity"	"Detected in all"			"Immune cell enhanced"	"Detected in many"		"intermediate monocyte: 444.5;non-classical monocyte: 650.1"	"Lineage enriched"	"Detected in many"	5	"monocytes: 650.1"	"Cancer enhanced"	"Detected in many"		"Leukemia: 13.3"	"Adipose subcutaneous - Macrophages, Adipose visceral - Macrophages, Adrenal gland - Macrophages, Colon - Macrophages, Kidney - Macrophages, Liver - Kupffer cells, Lung - Macrophages, Minor Salivary Gland - Macrophages, Pancreas - Macrophages, Prostate - Macrophages, Skeletal muscle - Macrophages, Skin - Langerhans cells, Spleen - Macrophages, Stomach - Macrophages, Testis - Macrophages, Thyroid gland - Macrophages"	"Low region specificity"	"Detected in all"			"Low region specificity"	"Detected in all"			"CAB008970, HPA012323"	Approved		Supported	"Vesicles,Plasma membrane"	"Intracellular and membrane"	Receptor	NA	NA		960000000	"Cluster 40: Monocytes - Innate immune response"	"Cluster 70: Lymphoid tissue - Immune response"	"Cluster 20: Macrophages & Microglia - Immune response"	"Cluster 14: Myeloid leukemia - Innate immune response"	"Cluster 58: Macrophages - Innate immune response"	19	"Vesicles, Plasma membrane"		"CAB008970: , HPA012323: AB_1848977"	"unprognostic (1.28e-1)"	"unprognostic (6.19e-2)"	"unprognostic (2.37e-1)"	"unprognostic (1.20e-1)"	"unprognostic (2.53e-2)"	"unprognostic (1.16e-1)"	"unprognostic (9.78e-2)"	"unprognostic (1.01e-1)"	"unprognostic (8.10e-2)"	"unprognostic (3.68e-1)"	"unprognostic (1.41e-2)"	"unprognostic (9.98e-2)"	"unprognostic (6.89e-2)"	"unprognostic (5.10e-2)"	"unprognostic (8.87e-2)"	"unprognostic (2.73e-3)"	"unprognostic (1.93e-2)"	"unprognostic (3.91e-2)"	"unprognostic (7.55e-2)"	"unprognostic (2.76e-2)"	"unprognostic (9.96e-2)"	"unprognostic (2.65e-1)"	"unprognostic (1.50e-1)"	"unprognostic (1.44e-1)"	"unprognostic (1.88e-2)"	"unprognostic (2.01e-2)"	"unprognostic (9.85e-2)"	"unprognostic (3.02e-2)"	"potential prognostic unfavorable (5.12e-4)"	"unprognostic (3.95e-3)"	"unprognostic (2.40e-1)"
CUX1	"CASP, CDP, CDP/Cut, CDP/Cux, CDP1, Clox, CUT, CUTL1, CUX, Cux/CDP, GOLIM6"	ENSG00000257923	"Cut like homeobox 1"	"P39880, Q13948"	7	101815904-102283958	"Cancer-related genes, Disease related genes, Predicted intracellular proteins, Predicted membrane proteins, Transcription factors"	"Transcription, Transcription regulation, Transport"	"Developmental protein, DNA-binding, Repressor"	"Cancer-related genes, Disease variant, Intellectual disability"	"Evidence at protein level"	"Evidence at protein level"	"Evidence at protein level"	"Evidence at protein level"	"Low tissue specificity"	"Detected in all"			"Cell type enhanced"	"Detected in all"		"monocytes: 361.6"	"Low cell type specificity"	"Detected in all"			"Low cancer specificity"	"Detected in all"			"Low region specificity"	"Detected in all"			"Immune cell enhanced"	"Detected in all"		"non-classical monocyte: 35.1"	"Low lineage specificity"	"Detected in all"			"Low cancer specificity"	"Detected in all"			"Thyroid gland - Thyroid glandular cells"	"Low region specificity"	"Detected in all"			"Low region specificity"	"Detected in all"			"HPA003277, HPA003317"	Approved		Supported	"Nucleoplasm,Golgi apparatus"			NA	NA			"Cluster 10: Non-specific - Membrane trafficking"	"Cluster 30: Heart muscle - Heart development"	"Cluster 2: Neurons - Nucleosome"	"Cluster 39: Non-specific - Transcription"	"Cluster 32: Smooth muscle cells - Muscle contraction"	19	"Nucleoplasm, Golgi apparatus"		"HPA003277: AB_10601804, HPA003317: AB_2666891"	"unprognostic (3.37e-1)"	"unprognostic (1.67e-2)"	"unprognostic (3.29e-1)"	"unprognostic (4.11e-3)"	"unprognostic (1.10e-2)"	"unprognostic (1.31e-1)"	"unprognostic (1.64e-2)"	"unprognostic (2.55e-1)"	"unprognostic (5.17e-2)"	"unprognostic (1.40e-2)"	"potential prognostic favorable (4.91e-5)"	"unprognostic (2.35e-1)"	"unprognostic (1.71e-2)"	"unprognostic (4.67e-1)"	"unprognostic (4.14e-1)"	"unprognostic (5.54e-2)"	"unprognostic (5.71e-2)"	"unprognostic (4.48e-2)"	"unprognostic (2.38e-2)"	"unprognostic (1.30e-3)"	"unprognostic (5.74e-2)"	"unprognostic (1.55e-1)"	"unprognostic (1.22e-2)"	"unprognostic (3.52e-1)"	"unprognostic (5.12e-2)"	"unprognostic (3.38e-1)"	"unprognostic (3.02e-1)"	"unprognostic (5.47e-2)"	"unprognostic (2.75e-1)"	"unprognostic (9.33e-3)"	"unprognostic (9.37e-2)"
CX3CR1	"CCRL1, CMKBRL1, CMKDR1, GPR13, V28"	ENSG00000168329	"C-X3-C motif chemokine receptor 1"	P49238	3	39263495-39281735	"Disease related genes, G-protein coupled receptors, Human disease related genes, Plasma proteins, Potential drug targets, Predicted membrane proteins"	"Adaptive immunity, Host-virus interaction, Immunity, Inflammatory response, Innate immunity"	"G-protein coupled receptor, Receptor, Transducer"	"Age-related macular degeneration"	"Evidence at protein level"	"Evidence at protein level"	"Evidence at protein level"	"Evidence at protein level"	"Tissue enhanced"	"Detected in many"		"brain: 34.3"	"Cell type enhanced"	"Detected in some"		"Langerhans cells: 37.8;Macrophages: 46.2;Microglial cells: 169.1;NK-cells: 184.9"	"Cell type enriched"	"Detected in many"	12	"central nervous system macrophage: 983.8"	"Group enriched"	"Detected in many"	4	"Glioblastoma Multiforme (TCGA): 39.8;Kidney Renal Clear Cell Carcinoma (TCGA): 11.6"	"Low region specificity"	"Detected in all"			"Immune cell enhanced"	"Detected in many"		"non-classical monocyte: 451.3"	"Low lineage specificity"	"Detected in many"			"Cancer enriched"	"Detected in some"	6	"Myeloma: 16.7"	"Heart muscle - T-cells"	"Low region specificity"	"Detected in all"			"Low region specificity"	"Detected in all"			"CAB032478, HPA046587"	Approved		Supported	"Plasma membrane"			NA	NA			"Cluster 37: Monocytes & Neutrophils - Innate immune response"	"Cluster 33: Brain - Neuronal signaling"	"Cluster 20: Macrophages & Microglia - Immune response"	"Cluster 51: Myeloma - Immunoglobulins"	"Cluster 19: NK-cells - Adaptive immune response"		"Plasma membrane"		"CAB032478: AB_638830, HPA046587: AB_2679708"		"unprognostic (8.51e-2)"	"unprognostic (1.09e-1)"			"unprognostic (9.40e-2)"	"unprognostic (6.10e-2)"	"unprognostic (3.66e-2)"		"unprognostic (2.09e-1)"	"potential prognostic favorable (7.39e-6)"	"unprognostic (1.11e-3)"	"unprognostic (3.88e-3)"		"unprognostic (7.23e-2)"	"unprognostic (1.82e-3)"	"unprognostic (7.50e-2)"		"unprognostic (3.23e-1)"	"unprognostic (1.15e-3)"	"unprognostic (4.55e-3)"	"unprognostic (4.18e-2)"	"unprognostic (7.69e-2)"	"unprognostic (9.11e-2)"		"unprognostic (1.77e-2)"		"unprognostic (3.25e-2)"	"unprognostic (1.53e-1)"	"unprognostic (7.14e-3)"	"unprognostic (8.43e-2)"
DUSP5	HVH3	ENSG00000138166	"Dual specificity phosphatase 5"	Q16690	10	110497907-110511533	"Enzymes, Predicted intracellular proteins"		"Hydrolase, Protein phosphatase"		"Evidence at protein level"	"Evidence at transcript level"	"Evidence at protein level"	"Evidence at protein level"	"Tissue enhanced"	"Detected in all"		"urinary bladder: 169.1"	"Cell type enhanced"	"Detected in many"		"dendritic cells: 334.3;Glandular and luminal cells: 228.2;Langerhans cells: 352.0;monocytes: 234.4;Plasma cells: 464.7"	"Cell type enhanced"	"Detected in many"		"endothelial cell: 102.9"	"Low cancer specificity"	"Detected in all"			"Low region specificity"	"Detected in all"			"Immune cell enhanced"	"Detected in many"		"non-classical monocyte: 10.3;plasmacytoid DC: 14.5"	"Low lineage specificity"	"Detected in many"			"Low cancer specificity"	"Detected in all"			"Testis - Spermatogonia"	"Region enhanced"	"Detected in all"		"cerebellum: 60.7"	"Region enriched"	"Detected in many"	5	"cerebellum: 61.2"								NA	NA			"Cluster 8: Plasmacytoid DCs - Unknown function"	"Cluster 75: Epithelium - Extracellular exosomes"	"Cluster 15: Non-specific - Transcription"	"Cluster 53: Squamous epithelial cells - Keratinization"	"Cluster 77: Plasma cells - Protein processing"	6				"unprognostic (5.16e-2)"	"unprognostic (1.18e-2)"	"unprognostic (1.69e-2)"	"unprognostic (1.67e-1)"	"unprognostic (2.86e-1)"	"unprognostic (2.18e-1)"	"unprognostic (2.72e-2)"	"unprognostic (2.38e-1)"	"unprognostic (1.77e-3)"	"potential prognostic favorable (5.71e-5)"	"unprognostic (1.17e-1)"	"unprognostic (7.29e-3)"	"unprognostic (1.16e-1)"	"unprognostic (2.04e-2)"	"unprognostic (4.66e-2)"	"potential prognostic unfavorable (4.21e-5)"	"unprognostic (1.44e-1)"	"unprognostic (1.08e-2)"	"unprognostic (1.50e-1)"	"unprognostic (1.67e-2)"	"unprognostic (9.57e-2)"	"unprognostic (2.55e-2)"	"unprognostic (4.19e-3)"	"unprognostic (3.18e-3)"	"unprognostic (5.92e-2)"	"potential prognostic favorable (1.07e-5)"	"unprognostic (1.81e-2)"	"unprognostic (1.87e-1)"	"unprognostic (4.44e-2)"	"unprognostic (2.44e-1)"	"unprognostic (6.57e-2)"
E2F1	"RBBP3, RBP3"	ENSG00000101412	"E2F transcription factor 1"	Q01094	20	33675477-33686385	"Cancer-related genes, Plasma proteins, Predicted intracellular proteins, Transcription factors"	"Apoptosis, Cell cycle, Host-virus interaction, Transcription, Transcription regulation"	"Activator, DNA-binding"	"Cancer-related genes"	"Evidence at protein level"	"Evidence at protein level"	"Evidence at protein level"	"Evidence at protein level"	"Tissue enhanced"	"Detected in many"		"bone marrow: 33.9"	"Cell type enhanced"	"Detected in many"		"Alveolar cells type 2: 21.3;Erythroid cells: 22.8;Spermatogonia: 29.8;Undifferentiated cells: 12.6"	"Low cell type specificity"	"Detected in many"			"Low cancer specificity"	"Detected in all"			"Low region specificity"	"Detected in all"			"Immune cell enhanced"	"Detected in single"		"non-classical monocyte: 1.0"	"Low lineage specificity"	"Detected in single"			"Low cancer specificity"	"Detected in all"			"Lung - Mitotic cells (Lung), Minor Salivary Gland - Mitotic cells (Minor salivary gland), Spleen - Mitotic cells (Spleen), Stomach - Mitotic cells (Stomach)"	"Low region specificity"	"Detected in all"			"Low region specificity"	"Detected in many"			"CAB000329, HPA008003, CAB019308, HPA029735"	Enhanced		Supported	Nucleoplasm,Centrosome			NA	Yes				"Cluster 77: Bone marrow - Cell proliferation"	"Cluster 34: Non-specific - Mixed function"	"Cluster 62: Non-specific - Plasma proteins"	"Cluster 52: Non-specific - Cell proliferation"	104	Nucleoplasm	Centrosome	"CAB000329: AB_627476, CAB019308: , HPA008003: AB_1847936, HPA029735: AB_2673176"	"unprognostic (3.32e-1)"	"unprognostic (7.30e-2)"	"unprognostic (9.45e-2)"	"unprognostic (2.83e-2)"	"unprognostic (1.96e-1)"	"unprognostic (1.11e-1)"	"unprognostic (3.08e-2)"	"unprognostic (3.09e-2)"	"unprognostic (2.48e-2)"	"potential prognostic unfavorable (1.15e-6)"	"unprognostic (1.10e-3)"	"potential prognostic unfavorable (6.62e-5)"	"potential prognostic unfavorable (3.71e-4)"	"validated prognostic unfavorable (1.27e-4)"	"validated prognostic unfavorable (4.86e-7)"	"unprognostic (1.30e-3)"	"unprognostic (5.91e-3)"	"unprognostic (1.63e-1)"	"unprognostic (1.84e-2)"	"unprognostic (5.05e-2)"	"unprognostic (1.14e-2)"	"potential prognostic unfavorable (1.29e-4)"	"unprognostic (1.86e-3)"	"unprognostic (1.25e-2)"	"unprognostic (5.68e-2)"	"unprognostic (4.45e-3)"	"unprognostic (4.72e-2)"	"unprognostic (2.09e-2)"	"unprognostic (1.60e-1)"	"potential prognostic favorable (8.78e-4)"	"unprognostic (1.72e-2)"
ELAVL4	"HUD, PNEM"	ENSG00000162374	"ELAV like RNA binding protein 4"	P26378	1	50024029-50203772	"Predicted intracellular proteins"	"mRNA processing, mRNA splicing"	RNA-binding		"Evidence at protein level"	"Evidence at protein level"	"Evidence at protein level"	"Evidence at protein level"	"Tissue enhanced"	"Detected in some"		"adrenal gland: 10.8;brain: 38.3"	"Group enriched"	"Detected in some"	6	"Early spermatids: 172.6;Excitatory neurons: 153.4;Inhibitory neurons: 105.2;Late spermatids: 208.1;Oligodendrocyte precursor cells: 70.7"	"Cell type enhanced"	"Detected in all"		"lower rhombic lip: 507.2"	"Cancer enhanced"	"Detected in some"		"Glioblastoma Multiforme (TCGA): 9.7"	"Low region specificity"	"Detected in all"			"Immune cell enhanced"	"Detected in single"		"non-classical monocyte: 1.2"	"Lineage enriched"	"Detected in single"	5	"monocytes: 1.2"	"Cancer enriched"	"Detected in some"	18	"Neuroblastoma: 135.7"	"Adrenal gland - Adrenal medulla cells, Colon - Colon enteroendocrine cells, Pancreas - Alpha cells, Pancreas - Beta cells, Testis - Early spermatids, Testis - Late spermatids"	"Low region specificity"	"Detected in all"			"Low region specificity"	"Detected in all"			"CAB004442, HPA043047"	Enhanced		Approved	Nucleoplasm,Vesicles			NA	NA				"Cluster 22: Brain - Synaptic signal transduction"	"Cluster 24: Neurons - Mixed function"	"Cluster 17: Neuroblastoma - Neuronal signaling"	"Cluster 34: Neurons - Neuronal signaling"	2	"Nucleoplasm, Vesicles"		"CAB004442: AB_627765, HPA043047: AB_2732502"							"unprognostic (1.10e-1)"	"unprognostic (1.43e-3)"									"unprognostic (1.16e-1)"					"unprognostic (4.36e-3)"				"unprognostic (1.64e-1)"			"unprognostic (5.23e-2)"		
EPB41L3	"4.1B, DAL1, KIAA0987"	ENSG00000082397	"Erythrocyte membrane protein band 4.1 like 3"	Q9Y2J2	18	5392381-5630700	"Plasma proteins, Predicted intracellular proteins, Predicted membrane proteins"	Apoptosis	Actin-binding	"Tumor suppressor"	"Evidence at protein level"	"Evidence at protein level"	"Evidence at protein level"	"Evidence at protein level"	"Low tissue specificity"	"Detected in all"			"Cell type enhanced"	"Detected in many"		"Excitatory neurons: 296.8;Inhibitory neurons: 228.0;Late spermatids: 302.0;monocytes: 188.0;Syncytiotrophoblasts: 252.8"	"Low cell type specificity"	"Detected in all"			"Low cancer specificity"	"Detected in many"			"Low region specificity"	"Detected in all"			"Immune cell enhanced"	"Detected in some"		"intermediate monocyte: 7.7;non-classical monocyte: 12.5"	"Lineage enriched"	"Detected in many"	5	"monocytes: 12.5"	"Low cancer specificity"	"Detected in many"			"Adipose subcutaneous - Macrophages, Kidney - Proximal tubular cells, Spleen - Macrophages, Testis - Early spermatids, Testis - Late spermatids"	"Low region specificity"	"Detected in all"			"Low region specificity"	"Detected in all"			HPA028605	Enhanced		Supported	"Plasma membrane,Cell Junctions,Primary cilium,Basal body"			NA	NA		340000	"Cluster 40: Monocytes - Innate immune response"	"Cluster 80: Non-specific - Endocytosis"	"Cluster 52: Neurons & Synapses - Synaptic function"	"Cluster 48: Adipocytes & Endothelial cells - Angiogenesis"	"Cluster 34: Neurons - Neuronal signaling"	59	"Plasma membrane, Cell Junctions"	"Primary cilium, Basal body"	"HPA028605: AB_10611963"	"unprognostic (1.77e-1)"	"unprognostic (1.37e-2)"	"unprognostic (9.32e-2)"	"unprognostic (2.51e-1)"	"unprognostic (1.95e-1)"	"unprognostic (5.93e-2)"	"unprognostic (2.30e-1)"	"unprognostic (5.00e-2)"	"unprognostic (8.30e-3)"	"unprognostic (4.56e-2)"	"potential prognostic favorable (2.61e-5)"	"unprognostic (4.08e-2)"	"unprognostic (1.48e-2)"		"unprognostic (1.00e-1)"	"unprognostic (9.99e-2)"	"unprognostic (1.83e-1)"	"unprognostic (1.07e-1)"	"unprognostic (1.65e-1)"	"unprognostic (2.18e-3)"	"unprognostic (1.95e-1)"	"unprognostic (2.51e-2)"	"unprognostic (7.71e-2)"	"unprognostic (8.21e-2)"	"unprognostic (2.88e-2)"	"unprognostic (2.58e-1)"	"unprognostic (1.62e-1)"	"unprognostic (2.01e-3)"	"unprognostic (2.05e-1)"	"unprognostic (8.77e-3)"	"unprognostic (7.64e-2)"
EPHX3	"ABHD9, FLJ22408"	ENSG00000105131	"Epoxide hydrolase 3"	Q9H6B9	19	15226919-15233435	"Enzymes, Predicted intracellular proteins"	"Lipid metabolism"	Hydrolase		"Evidence at protein level"	"Evidence at transcript level"	"Evidence at protein level"	"Evidence at protein level"	"Tissue enhanced"	"Detected in many"		"esophagus: 67.0;skin 1: 74.1;vagina: 35.5"	"Cell type enhanced"	"Detected in many"		"Basal respiratory cells: 14.8;Club cells: 18.4;Ionocytes: 14.4;Serous glandular cells: 13.3;Squamous epithelial cells: 37.2;Suprabasal keratinocytes: 67.7"	"Group enriched"	"Detected in some"	4	"pericyte: 7.0;vascular associated smooth muscle cell: 2.1"	"Cancer enhanced"	"Detected in many"		"Cervical Squamous Cell Carcinoma and Endocervical Adenocarcinoma (TCGA): 56.7"	"Not detected"	"Not detected"			"Immune cell enhanced"	"Detected in some"		"intermediate monocyte: 1.9;non-classical monocyte: 2.4"	"Group enriched"	"Detected in many"	19	"dendritic cells: 1.3;monocytes: 2.4"	"Cancer enhanced"	"Detected in some"		"Bile duct cancer: 5.7;testis cancer: 3.1"	"Prostate - Urothelial cells, Spleen - Macrophages"	"Not detected"	"Not detected"			"Low region specificity"	"Detected in all"			HPA012842	Uncertain		Approved	Nucleoplasm			NA	NA			"Cluster 10: Non-specific - Membrane trafficking"	"Cluster 27: Squamous epithelium - Keratinization"		"Cluster 53: Squamous epithelial cells - Keratinization"	"Cluster 59: Suprabasal keratinocytes - Cornification"	1	Nucleoplasm		"HPA012842: AB_10601648"	"unprognostic (1.04e-1)"	"unprognostic (2.69e-1)"	"unprognostic (2.46e-2)"	"unprognostic (2.14e-2)"		"unprognostic (9.62e-2)"			"potential prognostic favorable (4.04e-5)"	"unprognostic (9.08e-2)"	"unprognostic (2.25e-1)"	"unprognostic (5.78e-2)"	"unprognostic (9.13e-3)"		"unprognostic (4.12e-2)"	"unprognostic (4.41e-2)"	"unprognostic (8.78e-2)"	"unprognostic (1.38e-1)"	"unprognostic (1.27e-1)"	"unprognostic (6.05e-2)"	"unprognostic (1.95e-2)"	"unprognostic (1.98e-2)"	"unprognostic (1.26e-1)"			"unprognostic (1.51e-1)"	"unprognostic (2.17e-1)"	"unprognostic (2.12e-2)"	"unprognostic (3.41e-1)"	"unprognostic (4.02e-2)"	"unprognostic (9.28e-2)"
EPS8		ENSG00000151491	"Epidermal growth factor receptor pathway substrate 8"	Q12929	12	15620134-15882329	"Disease related genes, Human disease related genes, Plasma proteins, Predicted intracellular proteins"		Actin-binding	"Deafness, Non-syndromic deafness"	"Evidence at protein level"	"Evidence at transcript level"	"Evidence at protein level"	"Evidence at protein level"	"Low tissue specificity"	"Detected in many"			"Cell type enhanced"	"Detected in many"		"Distal enterocytes: 264.9;Smooth muscle cells: 262.3"	"Group enriched"	"Detected in all"	4	"pericyte: 3175.1;vascular associated smooth muscle cell: 1605.6"	"Low cancer specificity"	"Detected in all"			"Low region specificity"	"Detected in all"			"Immune cell enhanced"	"Detected in many"		"non-classical monocyte: 22.3"	"Lineage enriched"	"Detected in all"	4	"monocytes: 22.3"	"Low cancer specificity"	"Detected in all"			"Adrenal gland - Fibroblasts, Breast - Endothelial cells, Skin - Endothelial cells, Spleen - Fibroblast_2"	"Low region specificity"	"Detected in all"			"Low region specificity"	"Detected in all"			"HPA003897, HPA050209"	Approved		Approved	"Plasma membrane"			NA	NA		18000	"Cluster 37: Monocytes & Neutrophils - Innate immune response"	"Cluster 62: Connective tissue - ECM organization"	"Cluster 49: Hindbrain - Mixed function"	"Cluster 64: Connective tissue cells - ECM organization"	"Cluster 48: Smooth muscle cells - Signal transduction"	41	"Plasma membrane"		"HPA003897: AB_1848224, HPA050209: "	"unprognostic (2.66e-2)"	"unprognostic (9.97e-2)"	"unprognostic (6.66e-2)"	"unprognostic (9.17e-2)"	"unprognostic (1.39e-1)"	"unprognostic (6.95e-2)"	"unprognostic (3.14e-1)"	"unprognostic (2.60e-2)"	"unprognostic (6.29e-2)"	"potential prognostic unfavorable (2.73e-4)"	"potential prognostic favorable (8.22e-8)"	"unprognostic (1.18e-3)"	"unprognostic (6.70e-2)"	"unprognostic (1.89e-1)"	"unprognostic (4.71e-2)"	"unprognostic (8.65e-2)"	"unprognostic (1.64e-1)"	"unprognostic (2.27e-1)"	"unprognostic (1.88e-1)"	"unprognostic (1.44e-2)"	"unprognostic (1.12e-2)"	"validated prognostic unfavorable (2.87e-6)"	"validated prognostic unfavorable (3.68e-5)"	"unprognostic (3.41e-1)"	"unprognostic (1.24e-2)"	"unprognostic (6.94e-3)"	"unprognostic (9.68e-2)"	"unprognostic (1.90e-2)"	"unprognostic (6.47e-2)"	"unprognostic (3.26e-2)"	"unprognostic (4.50e-2)"
EVI5L		ENSG00000142459	"Ecotropic viral integration site 5 like"	Q96CN4	19	7830218-7864976	"Predicted intracellular proteins, Predicted membrane proteins"		"GTPase activation"		"Evidence at protein level"	"Evidence at transcript level"	"Evidence at protein level"	"Evidence at protein level"	"Tissue enhanced"	"Detected in all"		"brain: 45.7"	"Cell type enhanced"	"Detected in many"		"Horizontal cells: 36.5;Late spermatids: 30.6;Oligodendrocyte precursor cells: 47.2;Oligodendrocytes: 65.0"	"Low cell type specificity"	"Detected in all"			"Low cancer specificity"	"Detected in all"			"Low region specificity"	"Detected in all"			"Immune cell enhanced"	"Detected in single"		"non-classical monocyte: 1.2"	"Low lineage specificity"	"Detected in single"			"Low cancer specificity"	"Detected in all"			"Minor Salivary Gland - Minor salivary gland basal cells, Testis - Early spermatids, Testis - Late spermatids"	"Low region specificity"	"Detected in all"			"Low region specificity"	"Detected in all"			HPA043099	Approved		Approved	"Nucleoplasm,Golgi apparatus,Cytosol"			NA	NA				"Cluster 9: Oligodendrocytes - Myelination"	"Cluster 11: White matter - Signal transduction"	"Cluster 23: Non-specific - Transcription"	"Cluster 51: Oligodendrocytes - Unknown function"	13	Nucleoplasm	"Golgi apparatus, Cytosol"	"HPA043099: AB_10796685"	"unprognostic (9.77e-2)"	"unprognostic (1.58e-2)"	"unprognostic (1.27e-1)"	"unprognostic (3.79e-2)"	"unprognostic (2.11e-1)"	"unprognostic (1.19e-1)"	"unprognostic (2.74e-1)"	"unprognostic (3.45e-3)"	"unprognostic (2.33e-2)"	"unprognostic (1.86e-1)"	"unprognostic (1.56e-2)"	"unprognostic (1.91e-1)"	"unprognostic (4.06e-3)"	"unprognostic (1.85e-2)"	"unprognostic (1.19e-1)"	"unprognostic (9.03e-2)"	"unprognostic (6.17e-2)"	"unprognostic (2.86e-1)"	"unprognostic (2.53e-1)"	"unprognostic (2.75e-1)"	"unprognostic (3.17e-2)"	"unprognostic (2.61e-2)"	"unprognostic (2.80e-1)"	"unprognostic (6.18e-2)"	"unprognostic (2.14e-3)"	"unprognostic (5.10e-2)"	"unprognostic (1.73e-1)"	"unprognostic (8.83e-2)"	"unprognostic (7.24e-2)"	"unprognostic (1.07e-1)"	"unprognostic (1.81e-1)"
FBLN1	FBLN	ENSG00000077942	"Fibulin 1"	P23142	22	45502238-45601135	"Disease related genes, Human disease related genes, Plasma proteins, Predicted intracellular proteins, Predicted secreted proteins"	"Host-virus interaction"			"Evidence at protein level"	"Evidence at protein level"	"Evidence at protein level"	"Evidence at protein level"	"Tissue enhanced"	"Detected in all"		"choroid plexus: 1826.9"	"Cell type enhanced"	"Detected in many"		"Cytotrophoblasts: 636.6;Endometrial stromal cells: 611.2;Extravillous trophoblasts: 720.8;Fibroblasts: 1354.1;Syncytiotrophoblasts: 1303.4"	"Group enriched"	"Detected in many"	4	"choroid plexus epithelial cell: 514.9;fibroblast: 764.6"	"Cancer enhanced"	"Detected in all"		"Uterine Corpus Endometrial Carcinoma (TCGA): 641.7"	"Region enriched"	"Detected in all"	13	"choroid plexus: 1731.1"	"Immune cell enhanced"	"Detected in some"		"non-classical monocyte: 2.5"	"Low lineage specificity"	"Detected in many"			"Low cancer specificity"	"Detected in all"			"Adipose subcutaneous - Adipose progenitor cells, Adipose visceral - Adipose progenitor cells, Adrenal gland - Fibroblasts, Breast - Fibroblasts, Colon - Fibroblasts, Heart muscle - Fibroblasts, Kidney - Fibroblasts, Liver - Hepatic stellate cells, Lung - Fibroblast_2, Pancreas - Fibroblasts, Pituitary gland - Fibroblasts, Prostate - Fibroblasts, Skeletal muscle - Fibroblasts, Skin - Fibroblast_2, Stomach - Fibroblasts, Thyroid gland - Fibroblasts"	"Low region specificity"	"Detected in all"			"Low region specificity"	"Detected in all"			"HPA001612, HPA001613, CAB004393, CAB068187"	Enhanced		Approved	"Endoplasmic reticulum"	"Secreted to extracellular matrix"	Other	NA	NA		12000000000	"Cluster 10: Non-specific - Membrane trafficking"	"Cluster 60: Choroid plexus - Transmembrane transport"	"Cluster 36: Choroid plexus - Mixed function"	"Cluster 44: Connective tissue cells - ECM organization"	"Cluster 53: Fibroblasts - ECM organization"	8	"Endoplasmic reticulum"		"CAB004393: AB_671972, CAB068187: AB_2665634, HPA001612: AB_1078825, HPA001613: AB_1078824"	"potential prognostic favorable (2.24e-4)"	"unprognostic (1.84e-1)"	"unprognostic (1.64e-2)"	"unprognostic (2.56e-1)"	"unprognostic (1.77e-1)"	"unprognostic (3.62e-1)"	"potential prognostic unfavorable (7.09e-4)"	"unprognostic (6.87e-2)"	"unprognostic (6.92e-2)"	"unprognostic (8.56e-3)"	"potential prognostic unfavorable (6.46e-4)"	"unprognostic (3.20e-2)"	"potential prognostic unfavorable (5.88e-5)"	"unprognostic (6.51e-3)"	"unprognostic (1.17e-1)"	"unprognostic (8.59e-2)"	"unprognostic (5.73e-2)"	"unprognostic (1.03e-1)"	"unprognostic (4.11e-1)"	"unprognostic (7.32e-3)"	"unprognostic (5.96e-3)"	"unprognostic (1.53e-1)"	"unprognostic (1.33e-2)"	"unprognostic (1.93e-2)"	"unprognostic (3.89e-2)"	"unprognostic (7.92e-3)"	"unprognostic (8.48e-2)"	"unprognostic (2.41e-3)"	"unprognostic (1.88e-1)"	"unprognostic (2.11e-2)"	"unprognostic (3.31e-2)"
FBXL6	FBL6	ENSG00000182325	"F-box and leucine rich repeat protein 6"	Q8N531	8	144355431-144359376	"Predicted intracellular proteins"	"Ubl conjugation pathway"			"Evidence at protein level"	"Evidence at protein level"	"Evidence at transcript level"	"Evidence at protein level"	"Low tissue specificity"	"Detected in many"			"Cell type enhanced"	"Detected in many"		"Proximal enterocytes: 43.6"	"Low cell type specificity"	"Detected in all"			"Low cancer specificity"	"Detected in all"			"Low region specificity"	"Detected in all"			"Immune cell enhanced"	"Detected in single"		"non-classical monocyte: 1.6"	"Low lineage specificity"	"Detected in single"			"Low cancer specificity"	"Detected in all"				"Low region specificity"	"Detected in all"			"Low region specificity"	"Detected in all"			HPA008867			Approved	Nucleoplasm,Vesicles			Yes	No			"Cluster 29: Non-specific - Unknown function"	"Cluster 48: Stomach - Proteolysis"	"Cluster 12: Non-specific - Vasculature"	"Cluster 57: Stomach & Colon cancer - Digestion"	"Cluster 22: Proximal enterocytes - Digestion"	48	Nucleoplasm	Vesicles	"HPA008867: AB_2668161"	"unprognostic (2.04e-2)"	"unprognostic (3.37e-3)"	"unprognostic (1.34e-1)"	"unprognostic (3.08e-1)"	"unprognostic (3.55e-2)"	"unprognostic (2.15e-1)"	"unprognostic (2.98e-1)"	"potential prognostic favorable (4.26e-4)"	"unprognostic (5.92e-3)"	"unprognostic (4.59e-1)"	"unprognostic (2.32e-3)"	"unprognostic (5.09e-3)"	"unprognostic (7.19e-2)"	"unprognostic (1.29e-1)"	"unprognostic (6.26e-2)"	"unprognostic (7.90e-2)"	"unprognostic (5.81e-2)"	"unprognostic (8.00e-2)"	"unprognostic (2.85e-2)"	"unprognostic (1.33e-2)"	"unprognostic (1.85e-3)"	"potential prognostic unfavorable (9.40e-4)"	"unprognostic (1.95e-2)"	"unprognostic (3.82e-2)"	"unprognostic (2.68e-2)"	"unprognostic (8.39e-2)"	"unprognostic (1.12e-3)"	"unprognostic (1.01e-1)"	"unprognostic (9.01e-2)"	"unprognostic (7.39e-2)"	"unprognostic (9.31e-2)"
FCER1G	FcepsilonRIgamma	ENSG00000158869	"Fc epsilon receptor Ig"	P30273	1	161215234-161220699	"FDA approved drug targets, Predicted membrane proteins"	"Immunity, Innate immunity"	"IgE-binding protein, Receptor"	"FDA approved drug targets"	"Evidence at protein level"	"Evidence at protein level"	"Evidence at protein level"	"Evidence at protein level"	"Tissue enhanced"	"Detected in all"		"bone marrow: 436.7;lymphoid tissue: 458.8"	"Cell type enhanced"	"Detected in many"		"dendritic cells: 923.3;granulocytes: 1001.3;Hofbauer cells: 2835.1;Kupffer cells: 1729.0;Langerhans cells: 1885.6;Macrophages: 1764.5;monocytes: 3873.6"	"Group enriched"	"Detected in some"	29	"central nervous system macrophage: 94.5;leukocyte: 60.9"	"Low cancer specificity"	"Detected in all"			"Low region specificity"	"Detected in all"			"Immune cell enhanced"	"Detected in all"		"non-classical monocyte: 7025.3"	"Low lineage specificity"	"Detected in all"			"Cancer enhanced"	"Detected in some"		"Leukemia: 55.5;lymphoma: 18.0"	"Adipose subcutaneous - Macrophages, Adipose visceral - Macrophages, Adrenal gland - Macrophages, Breast - Macrophages, Colon - Macrophages, Heart muscle - Macrophages, Kidney - Macrophages, Minor Salivary Gland - Macrophages, Pancreas - Macrophages, Pituitary gland - Macrophages, Prostate - Macrophages, Skeletal muscle - Macrophages, Stomach - Macrophages, Thyroid gland - Macrophages"	"Low region specificity"	"Detected in all"			"Low region specificity"	"Detected in all"			"CAB022108, HPA026872"	Supported						NA	NA		59000	"Cluster 10: Non-specific - Membrane trafficking"	"Cluster 81: Lymphoid tissue & Bone marrow - Innate immune response"	"Cluster 20: Macrophages & Microglia - Immune response"	"Cluster 71: Lymphoma - Inflammatory response"	"Cluster 29: Monocytes - Innate immune response"	5			"CAB022108: , HPA026872: AB_1848473"	"unprognostic (2.13e-1)"	"unprognostic (1.10e-2)"	"unprognostic (7.61e-2)"	"unprognostic (1.06e-1)"	"unprognostic (7.52e-2)"	"unprognostic (8.27e-2)"	"unprognostic (1.94e-2)"	"unprognostic (5.02e-2)"	"unprognostic (1.50e-1)"	"unprognostic (4.65e-1)"	"potential prognostic unfavorable (7.40e-4)"	"unprognostic (2.68e-1)"	"unprognostic (2.06e-1)"	"unprognostic (2.25e-3)"	"unprognostic (5.09e-2)"	"unprognostic (1.19e-1)"	"unprognostic (2.91e-2)"	"unprognostic (1.45e-1)"	"unprognostic (2.43e-1)"	"unprognostic (1.55e-1)"	"unprognostic (3.13e-1)"	"unprognostic (6.46e-2)"	"unprognostic (9.97e-2)"	"unprognostic (2.03e-2)"	"unprognostic (1.79e-3)"	"unprognostic (3.07e-1)"	"unprognostic (2.01e-1)"	"unprognostic (2.52e-2)"	"unprognostic (1.00e-2)"	"unprognostic (4.64e-2)"	"unprognostic (2.90e-1)"
FGFRL1		ENSG00000127418	"Fibroblast growth factor receptor like 1"	Q8N441	4	1009936-1026898	"Human disease related genes, Predicted intracellular proteins, Predicted membrane proteins, Transporters"		Receptor		"Evidence at protein level"	"Evidence at protein level"	"Evidence at protein level"	"Evidence at protein level"	"Low tissue specificity"	"Detected in all"			"Cell type enhanced"	"Detected in many"		"Astrocytes: 32.2;Extravillous trophoblasts: 31.1;Muller glia cells: 84.5"	"Low cell type specificity"	"Detected in many"			"Low cancer specificity"	"Detected in all"			"Low region specificity"	"Detected in all"			"Immune cell enhanced"	"Detected in some"		"intermediate monocyte: 1.1;non-classical monocyte: 1.2"	"Low lineage specificity"	"Detected in single"			"Low cancer specificity"	"Detected in all"			"Adipose subcutaneous - Adipocytes (Subcutaneous), Adipose visceral - Adipocytes (Visceral), Adrenal gland - Adrenal cortex cells, Liver - Hepatocytes, Testis - Spermatogonia"	"Low region specificity"	"Detected in all"			"Low region specificity"	"Detected in all"			"CAB026019, HPA068828"	Approved		Supported	Vesicles			No	No			"Cluster 37: Monocytes & Neutrophils - Innate immune response"	"Cluster 68: Non-specific - Protein processing"	"Cluster 19: Astrocytes - Mixed function"	"Cluster 32: Non-specific - Cell proliferation"	"Cluster 10: Muller glia cells - Visual perception"	10	Vesicles		"CAB026019: , HPA068828: AB_2686043"	"unprognostic (2.47e-2)"	"unprognostic (7.03e-2)"	"unprognostic (2.88e-3)"	"unprognostic (1.60e-3)"	"unprognostic (3.62e-1)"	"unprognostic (1.85e-1)"	"unprognostic (4.16e-2)"	"potential prognostic unfavorable (5.87e-4)"	"unprognostic (3.01e-1)"	"unprognostic (1.56e-1)"	"unprognostic (1.62e-2)"	"unprognostic (1.18e-1)"	"unprognostic (8.37e-3)"	"unprognostic (2.28e-2)"	"unprognostic (2.32e-1)"	"unprognostic (2.30e-2)"	"unprognostic (1.94e-1)"	"unprognostic (5.94e-2)"	"unprognostic (1.66e-1)"	"unprognostic (2.57e-1)"	"unprognostic (6.24e-2)"	"unprognostic (2.49e-3)"	"unprognostic (1.02e-1)"	"unprognostic (6.43e-2)"	"unprognostic (7.87e-2)"	"unprognostic (5.13e-2)"	"unprognostic (3.82e-2)"	"unprognostic (6.72e-2)"	"unprognostic (3.83e-2)"	"unprognostic (6.45e-2)"	"unprognostic (5.04e-3)"
FILIP1L	"DOC-1, GIP130"	ENSG00000168386	"Filamin A interacting protein 1 like"	Q4L180	3	99828811-100114513	"Predicted intracellular proteins"				"Evidence at protein level"	"Evidence at protein level"	"Evidence at protein level"	"Evidence at protein level"	"Low tissue specificity"	"Detected in many"			"Cell type enhanced"	"Detected in many"		"Ductal cells: 203.0;Early spermatids: 366.8;Late spermatids: 223.7;Sertoli cells: 228.5;Smooth muscle cells: 348.5"	"Cell type enhanced"	"Detected in all"		"vascular associated smooth muscle cell: 564.3"	"Low cancer specificity"	"Detected in all"			"Low region specificity"	"Detected in all"			"Immune cell enhanced"	"Detected in some"		"non-classical monocyte: 3.0"	"Low lineage specificity"	"Detected in many"			"Cancer enhanced"	"Detected in many"		"liver cancer: 34.9;Rhabdoid: 38.7"	"Adipose subcutaneous - Smooth muscle cells, Kidney - Fibroblasts, Liver - Hepatic stellate cells, Minor Salivary Gland - Endothelial cells, Pancreas - Ductal cells, Testis - Early spermatids, Testis - Late spermatids"	"Region enriched"	"Detected in many"	7	"olfactory bulb: 18.0"	"Low region specificity"	"Detected in all"			HPA043133	Approved		Approved	"Plasma membrane"			NA	NA			"Cluster 40: Monocytes - Innate immune response"	"Cluster 62: Connective tissue - ECM organization"	"Cluster 24: Neurons - Mixed function"	"Cluster 64: Connective tissue cells - ECM organization"	"Cluster 48: Smooth muscle cells - Signal transduction"		"Plasma membrane"		"HPA043133: AB_10793991"	"unprognostic (2.22e-2)"	"unprognostic (2.32e-1)"	"unprognostic (2.99e-1)"	"unprognostic (1.83e-2)"	"unprognostic (7.08e-2)"	"unprognostic (1.08e-1)"	"unprognostic (1.56e-1)"	"unprognostic (1.84e-2)"	"unprognostic (1.96e-2)"	"unprognostic (2.53e-1)"	"potential prognostic favorable (2.36e-4)"	"unprognostic (1.50e-3)"	"unprognostic (5.26e-2)"	"unprognostic (6.28e-2)"	"unprognostic (5.31e-2)"	"unprognostic (3.52e-1)"	"unprognostic (1.71e-1)"	"unprognostic (5.87e-2)"	"unprognostic (2.46e-2)"	"unprognostic (7.89e-2)"	"potential prognostic unfavorable (2.03e-4)"	"unprognostic (1.07e-1)"	"unprognostic (4.50e-2)"	"unprognostic (2.10e-1)"	"unprognostic (3.09e-2)"	"unprognostic (9.50e-3)"	"unprognostic (5.13e-2)"	"unprognostic (1.08e-2)"	"unprognostic (3.89e-2)"	"unprognostic (8.38e-2)"	"unprognostic (1.38e-1)"
FKBP15	"FKBP133, KIAA0674, PPP1R76, WAFL"	ENSG00000119321	"FKBP prolyl isomerase family member 15"	Q5T1M5	9	113161006-113221458	"Predicted intracellular proteins"	"Endocytosis, Transport"	Actin-binding		"Evidence at protein level"	"Evidence at protein level"	"Evidence at protein level"	"Evidence at protein level"	"Low tissue specificity"	"Detected in all"			"Cell type enhanced"	"Detected in all"		"Kupffer cells: 61.1;Macrophages: 63.7"	"Low cell type specificity"	"Detected in all"			"Low cancer specificity"	"Detected in all"			"Low region specificity"	"Detected in all"			"Immune cell enhanced"	"Detected in many"		"non-classical monocyte: 5.0"	"Low lineage specificity"	"Detected in many"			"Low cancer specificity"	"Detected in all"				"Low region specificity"	"Detected in all"			"Low region specificity"	"Detected in all"			HPA007979	Approved		Approved	Nucleoli,Cytosol			NA	NA		7000	"Cluster 2: Dendritic cells - Unknown function"	"Cluster 66: Non-specific - Transcription"	"Cluster 11: White matter - Signal transduction"	"Cluster 43: Non-specific - Basic cellular processes"	"Cluster 58: Macrophages - Innate immune response"	26	Nucleoli	Cytosol	"HPA007979: AB_1848615"	"unprognostic (2.50e-1)"	"unprognostic (1.98e-1)"	"unprognostic (9.93e-2)"	"unprognostic (4.86e-2)"	"unprognostic (3.77e-3)"	"unprognostic (3.50e-2)"	"unprognostic (1.10e-1)"	"unprognostic (1.91e-2)"	"unprognostic (2.07e-1)"	"unprognostic (1.16e-2)"	"potential prognostic favorable (2.94e-4)"	"unprognostic (1.78e-2)"	"unprognostic (1.52e-1)"	"unprognostic (3.48e-3)"	"unprognostic (1.77e-1)"	"unprognostic (2.31e-1)"	"unprognostic (7.01e-3)"	"unprognostic (1.13e-1)"	"unprognostic (3.43e-1)"	"unprognostic (6.21e-2)"	"unprognostic (4.75e-1)"	"unprognostic (1.08e-1)"	"unprognostic (1.62e-2)"	"unprognostic (1.15e-1)"	"unprognostic (3.78e-2)"	"unprognostic (7.89e-2)"	"unprognostic (2.77e-1)"	"unprognostic (2.43e-1)"	"unprognostic (1.23e-3)"	"unprognostic (3.00e-2)"	"unprognostic (6.74e-2)"
FZD1	DKFZp564G072	ENSG00000157240	"Frizzled class receptor 1"	Q9UP38	7	91264433-91271326	"Cancer-related genes, G-protein coupled receptors, Plasma proteins, Predicted membrane proteins, Transporters"	"Wnt signaling pathway"	"Developmental protein, G-protein coupled receptor, Receptor, Transducer"	"Cancer-related genes"	"Evidence at protein level"	"Evidence at protein level"	"Evidence at protein level"	"Evidence at protein level"	"Low tissue specificity"	"Detected in all"			"Cell type enhanced"	"Detected in many"		"Peritubular cells: 45.8"	"Cell type enhanced"	"Detected in many"		"midbrain-derived inhibitory: 27.6;pericyte: 27.8"	"Low cancer specificity"	"Detected in all"			"Low region specificity"	"Detected in all"			"Immune cell enhanced"	"Detected in some"		"intermediate monocyte: 2.0;non-classical monocyte: 2.8"	"Lineage enriched"	"Detected in single"	5	"monocytes: 2.8"	"Low cancer specificity"	"Detected in all"			"Adrenal gland - Fibroblasts, Kidney - Fibroblasts, Lung - Fibroblast_1, Skin - Eccrine sweat gland cells, Spleen - Fibroblast_1, Thyroid gland - Thyroid glandular cells"	"Low region specificity"	"Detected in all"			"Low region specificity"	"Detected in all"			CAB013008	Approved		Supported	"Plasma membrane"			NA	NA			"Cluster 40: Monocytes - Innate immune response"	"Cluster 51: Thyroid gland - Unknown function"	"Cluster 44: Non-specific - Mixed function"	"Cluster 64: Connective tissue cells - ECM organization"	"Cluster 58: Macrophages - Innate immune response"		"Plasma membrane"		"CAB013008: "	"unprognostic (2.07e-2)"	"unprognostic (1.98e-1)"	"unprognostic (4.30e-2)"	"unprognostic (1.14e-1)"	"unprognostic (1.01e-1)"	"unprognostic (6.80e-3)"	"unprognostic (7.21e-3)"	"potential prognostic unfavorable (1.57e-4)"	"unprognostic (3.04e-1)"	"unprognostic (2.26e-2)"	"potential prognostic favorable (5.19e-12)"	"unprognostic (7.92e-3)"	"unprognostic (5.22e-3)"	"unprognostic (1.48e-2)"	"unprognostic (3.37e-1)"	"unprognostic (6.45e-3)"	"unprognostic (2.27e-2)"	"unprognostic (6.32e-2)"	"unprognostic (1.13e-1)"	"unprognostic (4.23e-3)"	"unprognostic (1.49e-3)"	"unprognostic (1.98e-1)"	"unprognostic (2.20e-1)"	"unprognostic (5.13e-3)"	"unprognostic (3.08e-2)"	"unprognostic (6.34e-2)"	"unprognostic (7.20e-3)"	"unprognostic (1.18e-2)"	"unprognostic (4.17e-2)"	"unprognostic (2.44e-1)"	"unprognostic (2.66e-2)"
GCH1	"DYT14, DYT5, DYT5a, GCH, GTPCH1"	ENSG00000131979	"GTP cyclohydrolase 1"	P30793	14	54842008-54902826	"Disease related genes, Enzymes, Human disease related genes, Metabolic proteins, Potential drug targets, Predicted intracellular proteins"	"Tetrahydrobiopterin biosynthesis"	"Allosteric enzyme, Hydrolase"	"Disease variant, Dystonia, Parkinsonism, Phenylketonuria"	"Evidence at protein level"	"Evidence at protein level"	"Evidence at protein level"	"Evidence at protein level"	"Tissue enhanced"	"Detected in many"		"bone marrow: 31.0;liver: 35.8"	"Cell type enhanced"	"Detected in many"		"Enteroendocrine cells: 100.0;Hepatocytes: 84.5;monocytes: 383.5"	"Cell type enhanced"	"Detected in all"		"endothelial cell: 79.9;leukocyte: 80.0"	"Low cancer specificity"	"Detected in all"			"Low region specificity"	"Detected in all"			"Immune cell enhanced"	"Detected in many"		"non-classical monocyte: 11.2"	"Low lineage specificity"	"Detected in many"			"Low cancer specificity"	"Detected in many"			"Kidney - Proximal tubular cells, Kidney - Proximal tubular cells"	"Low region specificity"	"Detected in many"			"Low region specificity"	"Detected in all"			HPA028612	Approved		Supported	"Nucleoplasm,Nuclear membrane,Cytosol"			No	No			"Cluster 37: Monocytes & Neutrophils - Innate immune response"	"Cluster 77: Bone marrow - Cell proliferation"	"Cluster 41: Monoamines - Neurotransmitter signalling"	"Cluster 10: Ciliated cells - Ion channel activity"	"Cluster 29: Monocytes - Innate immune response"	11	Nucleoplasm	"Nuclear membrane, Cytosol"	"HPA028612: AB_10602135"	"unprognostic (6.17e-2)"	"unprognostic (1.98e-2)"	"unprognostic (1.01e-1)"	"unprognostic (7.30e-3)"	"unprognostic (1.28e-2)"	"potential prognostic unfavorable (4.52e-4)"	"unprognostic (1.76e-1)"	"unprognostic (3.60e-2)"	"unprognostic (2.66e-1)"	"unprognostic (3.16e-2)"	"unprognostic (3.89e-1)"	"unprognostic (1.12e-1)"	"unprognostic (1.74e-2)"	"unprognostic (1.51e-2)"	"unprognostic (8.02e-2)"	"unprognostic (5.27e-2)"	"unprognostic (1.33e-1)"	"unprognostic (8.43e-2)"	"unprognostic (2.22e-2)"	"unprognostic (1.55e-2)"	"unprognostic (7.04e-2)"	"potential prognostic favorable (1.82e-5)"	"unprognostic (1.66e-1)"	"unprognostic (2.06e-1)"	"unprognostic (1.20e-1)"	"unprognostic (9.51e-2)"	"unprognostic (3.34e-1)"	"unprognostic (4.96e-3)"	"unprognostic (1.89e-3)"	"unprognostic (5.99e-3)"	"unprognostic (7.14e-2)"
GNS		ENSG00000135677	"Glucosamine (N-acetyl)-6-sulfatase"	P15586	12	64713445-64759431	"Disease related genes, Enzymes, Human disease related genes, Metabolic proteins, Potential drug targets, Predicted intracellular proteins"		Hydrolase	"Disease variant, Mucopolysaccharidosis"	"Evidence at protein level"	"Evidence at protein level"	"Evidence at protein level"	"Evidence at protein level"	"Low tissue specificity"	"Detected in all"			"Cell type enhanced"	"Detected in many"		"Kupffer cells: 167.6;monocytes: 273.6"	"Low cell type specificity"	"Detected in all"			"Low cancer specificity"	"Detected in all"			"Low region specificity"	"Detected in all"			"Immune cell enhanced"	"Detected in all"		"non-classical monocyte: 229.4"	"Low lineage specificity"	"Detected in all"			"Low cancer specificity"	"Detected in all"			"Adipose subcutaneous - Macrophages, Adrenal gland - Adrenal cortex cells, Spleen - Macrophages, Thyroid gland - Thyroid glandular cells"	"Low region specificity"	"Detected in all"			"Low region specificity"	"Detected in all"			"HPA013695, CAB026011, HPA048508"	Enhanced				"Intracellular and membrane"	Enzyme	NA	NA		1400000	"Cluster 40: Monocytes - Innate immune response"	"Cluster 51: Thyroid gland - Unknown function"	"Cluster 21: Non-specific - Metabolism"	"Cluster 38: Non-specific - Transcription"	"Cluster 29: Monocytes - Innate immune response"	5			"CAB026011: , HPA013695: AB_1849741, HPA048508: AB_2680423"	"unprognostic (2.82e-1)"	"unprognostic (2.02e-2)"	"unprognostic (2.93e-1)"	"unprognostic (1.00e-1)"	"unprognostic (1.51e-1)"	"unprognostic (1.51e-2)"	"unprognostic (1.13e-2)"	"unprognostic (2.92e-3)"	"unprognostic (1.98e-1)"	"unprognostic (2.68e-3)"	"potential prognostic favorable (2.15e-6)"	"unprognostic (4.99e-2)"	"unprognostic (4.63e-2)"	"potential prognostic unfavorable (3.42e-4)"	"unprognostic (1.58e-2)"	"unprognostic (2.54e-1)"	"unprognostic (4.09e-1)"	"unprognostic (2.94e-2)"	"unprognostic (7.73e-2)"	"unprognostic (1.93e-2)"	"unprognostic (2.70e-3)"	"unprognostic (2.00e-2)"	"unprognostic (5.79e-3)"	"unprognostic (1.35e-1)"	"unprognostic (9.00e-2)"	"unprognostic (6.21e-3)"	"unprognostic (4.71e-2)"	"unprognostic (5.55e-3)"	"unprognostic (3.44e-2)"	"unprognostic (8.62e-2)"	"unprognostic (2.32e-1)"
GUCY1A1	"GC-SA3, GUC1A3, GUCY1A3"	ENSG00000164116	"Guanylate cyclase 1 soluble subunit alpha 1"	Q02108	4	155666726-155737059	"Disease related genes, Enzymes, FDA approved drug targets, Human disease related genes, Metabolic proteins, Plasma proteins, Predicted intracellular proteins"	"cGMP biosynthesis"	Lyase	"FDA approved drug targets"	"Evidence at protein level"	"Evidence at protein level"	"Evidence at protein level"	"Evidence at protein level"	"Low tissue specificity"	"Detected in all"			"Cell type enhanced"	"Detected in many"		"Bipolar cells: 125.4;Cardiomyocytes: 101.7;Inhibitory neurons: 68.3;Prostatic glandular cells: 170.2;Sertoli cells: 76.2;Smooth muscle cells: 146.2"	"Cell type enhanced"	"Detected in all"		"midbrain-derived inhibitory: 584.0"	"Cancer enhanced"	"Detected in all"		"Prostate Adenocarcinoma (TCGA): 48.8"	"Low region specificity"	"Detected in all"			"Immune cell enhanced"	"Detected in some"		"NK-cell: 8.3;non-classical monocyte: 10.1;plasmacytoid DC: 11.5"	"Group enriched"	"Detected in many"	35	"dendritic cells: 11.5;monocytes: 10.1;NK-cells: 8.3"	"Cancer enhanced"	"Detected in many"		"prostate cancer: 29.1"	"Adipose subcutaneous - Smooth muscle cells, Adipose visceral - Endothelial cells, Adrenal gland - Fibroblasts, Kidney - Fibroblasts, Liver - Hepatic stellate cells, Pituitary gland - Fibroblasts, Spleen - Fibroblast_1, Thyroid gland - Fibroblasts"	"Low region specificity"	"Detected in all"			"Low region specificity"	"Detected in all"			"CAB010887, HPA056004, HPA058617"	Uncertain		Supported	Nucleoplasm			NA	NA		14000	"Cluster 10: Non-specific - Membrane trafficking"	"Cluster 7: Adipose tissue - Mixed function"	"Cluster 33: Neurons - Mixed function"	"Cluster 60: Prostate cancer - Unknown function"	"Cluster 48: Smooth muscle cells - Signal transduction"	2	Nucleoplasm		"CAB010887: AB_259901, HPA056004: AB_2683007, HPA058617: AB_2732624"	"unprognostic (3.45e-2)"	"unprognostic (8.61e-2)"		"unprognostic (9.27e-3)"	"unprognostic (6.29e-2)"	"unprognostic (7.79e-2)"	"unprognostic (1.33e-1)"	"unprognostic (8.83e-3)"	"unprognostic (7.31e-3)"	"unprognostic (3.93e-3)"	"validated prognostic favorable (1.33e-6)"	"validated prognostic favorable (4.13e-6)"	"unprognostic (8.26e-2)"	"unprognostic (2.64e-1)"		"potential prognostic favorable (5.94e-4)"	"unprognostic (2.65e-1)"	"unprognostic (8.38e-2)"	"unprognostic (7.93e-3)"	"unprognostic (6.44e-3)"	"unprognostic (2.44e-1)"	"unprognostic (2.00e-1)"	"unprognostic (9.77e-2)"	"unprognostic (1.61e-1)"	"unprognostic (1.24e-1)"	"potential prognostic favorable (4.77e-4)"	"unprognostic (1.41e-1)"	"unprognostic (1.29e-2)"	"unprognostic (1.74e-3)"	"unprognostic (9.73e-2)"	"unprognostic (2.56e-1)"
HECW2	"KIAA1301, NEDL2"	ENSG00000138411	"HECT, C2 and WW domain containing E3 ubiquitin protein ligase 2"	Q9P2P5	2	196189099-196593684	"Disease related genes, Enzymes, Human disease related genes, Metabolic proteins, Plasma proteins, Potential drug targets, Predicted intracellular proteins"	"Ubl conjugation pathway"	Transferase	"Disease variant"	"Evidence at protein level"	"Evidence at protein level"	"Evidence at protein level"	"Evidence at protein level"	"Low tissue specificity"	"Detected in many"			"Group enriched"	"Detected in many"	6	"Excitatory neurons: 320.2;Inhibitory neurons: 359.4;Oligodendrocyte precursor cells: 134.4;Oligodendrocytes: 428.7"	"Low cell type specificity"	"Detected in all"			"Low cancer specificity"	"Detected in many"			"Low region specificity"	"Detected in all"			"Immune cell enhanced"	"Detected in some"		"neutrophil: 4.8;non-classical monocyte: 3.7"	"Group enriched"	"Detected in many"	8	"granulocytes: 4.8;monocytes: 3.7"	"Cancer enhanced"	"Detected in many"		"Adrenocortical cancer: 8.9"	"Liver - Sinusoid Endothelial cells, Lung - Endothelial cells, Testis - Spermatogonia"	"Low region specificity"	"Detected in all"			"Low region specificity"	"Detected in all"			HPA034609	Enhanced						NA	NA			"Cluster 28: Neutrophils - Unknown function"	"Cluster 34: Non-specific - Mixed function"	"Cluster 34: Non-specific - Mixed function"	"Cluster 64: Connective tissue cells - ECM organization"	"Cluster 65: Neurons - Synaptic function"	14			"HPA034609: AB_10669993"	"unprognostic (7.54e-2)"	"unprognostic (9.06e-3)"	"unprognostic (3.68e-1)"		"unprognostic (1.89e-2)"	"unprognostic (1.34e-1)"	"unprognostic (2.50e-1)"	"potential prognostic favorable (6.87e-5)"	"unprognostic (2.97e-1)"	"unprognostic (1.89e-1)"	"potential prognostic favorable (1.99e-6)"	"unprognostic (1.39e-3)"			"potential prognostic favorable (1.55e-4)"	"unprognostic (2.60e-1)"	"unprognostic (2.07e-1)"	"unprognostic (1.50e-1)"	"unprognostic (5.58e-2)"			"unprognostic (8.77e-2)"	"unprognostic (9.48e-3)"		"unprognostic (7.93e-2)"	"unprognostic (2.35e-1)"		"unprognostic (3.44e-2)"	"unprognostic (8.59e-2)"	"unprognostic (1.61e-2)"	
HRAS	HRAS1	ENSG00000174775	"HRas proto-oncogene, GTPase"	P01112	11	532242-537321	"Cancer-related genes, Disease related genes, Enzymes, Human disease related genes, Plasma proteins, Potential drug targets, Predicted intracellular proteins, RAS pathway related proteins"		Hydrolase	"Cancer-related genes, Disease variant, Proto-oncogene"	"Evidence at protein level"	"Evidence at protein level"	"Evidence at protein level"	"Evidence at protein level"	"Low tissue specificity"	"Detected in all"			"Cell type enhanced"	"Detected in many"		"Suprabasal keratinocytes: 201.1"	"Low cell type specificity"	"Detected in all"			"Low cancer specificity"	"Detected in all"			"Low region specificity"	"Detected in all"			"Immune cell enhanced"	"Detected in some"		"non-classical monocyte: 4.0"	"Low lineage specificity"	"Detected in many"			"Low cancer specificity"	"Detected in all"				"Low region specificity"	"Detected in all"			"Low region specificity"	"Detected in all"			"CAB002015, HPA049830, HPA070222, HPA072761, CAB080330, CAB080331, CAB080332"	Supported		Supported	"Nucleoplasm,Basal body,Cytosol"			NA	NA			"Cluster 13: Non-specific - Mitochondria"	"Cluster 34: Non-specific - Mixed function"	"Cluster 45: Non-specific - Mixed function"	"Cluster 53: Squamous epithelial cells - Keratinization"	"Cluster 12: Squamous epithelial cells - Keratinization"	244	"Nucleoplasm, Cytosol"	"Basal body"	"CAB002015: , CAB080330: , CAB080331: , CAB080332: , HPA049830: AB_2680903, HPA070222: , HPA072761: "	"unprognostic (1.03e-2)"	"unprognostic (4.14e-2)"	"unprognostic (4.55e-1)"	"potential prognostic favorable (1.08e-5)"	"unprognostic (1.80e-1)"	"unprognostic (2.14e-1)"	"unprognostic (1.89e-2)"	"unprognostic (2.11e-1)"	"unprognostic (2.13e-1)"	"unprognostic (9.59e-2)"	"unprognostic (3.44e-2)"	"unprognostic (3.77e-1)"	"unprognostic (1.39e-1)"	"validated prognostic unfavorable (5.53e-6)"	"validated prognostic unfavorable (3.48e-4)"	"unprognostic (1.72e-2)"	"unprognostic (8.84e-2)"	"unprognostic (1.42e-1)"	"unprognostic (6.86e-2)"	"unprognostic (3.80e-1)"	"unprognostic (1.94e-1)"	"unprognostic (1.12e-1)"	"potential prognostic unfavorable (3.61e-4)"	"unprognostic (2.31e-2)"	"unprognostic (2.16e-1)"	"unprognostic (2.36e-1)"	"unprognostic (4.00e-1)"	"unprognostic (2.33e-1)"	"unprognostic (2.36e-1)"	"unprognostic (3.93e-2)"	"unprognostic (1.52e-1)"
IFITM3	"1-8U, DSPA2b"	ENSG00000142089	"Interferon induced transmembrane protein 3"	Q01628	11	319676-329475	"Predicted intracellular proteins, Predicted membrane proteins, Transporters"	"Antiviral defense, Immunity, Innate immunity"			"Evidence at protein level"	"Evidence at transcript level"	"Evidence at protein level"	"Evidence at protein level"	"Low tissue specificity"	"Detected in all"			"Cell type enhanced"	"Detected in many"		"Hepatocytes: 2343.9;Mesothelial cells: 3574.1;Secretory cells: 2687.2"	"Group enriched"	"Detected in many"	7	"endothelial cell: 492.4;fibroblast: 222.7;pericyte: 688.4;vascular associated smooth muscle cell: 336.0"	"Low cancer specificity"	"Detected in all"			"Low region specificity"	"Detected in all"			"Immune cell enhanced"	"Detected in all"		"neutrophil: 2953.0;non-classical monocyte: 3364.2"	"Group enriched"	"Detected in all"	6	"granulocytes: 2953.0;monocytes: 3364.2;NK-cells: 928.9"	"Low cancer specificity"	"Detected in all"			"Heart muscle - Endothelial cells"									HPA004337	Uncertain						NA	NA			"Cluster 37: Monocytes & Neutrophils - Innate immune response"	"Cluster 60: Choroid plexus - Transmembrane transport"	"Cluster 8: Immune cells - Immune response"	"Cluster 31: Non-specific - Antiviral immune response"	"Cluster 49: Non-specific - Transcription"	116			"HPA004337: AB_1851427"	"unprognostic (8.33e-2)"	"unprognostic (1.88e-2)"	"unprognostic (2.16e-1)"	"unprognostic (5.13e-2)"	"unprognostic (2.64e-1)"	"unprognostic (5.53e-2)"	"unprognostic (4.08e-3)"	"potential prognostic unfavorable (1.19e-4)"	"unprognostic (8.72e-3)"	"unprognostic (3.09e-2)"	"unprognostic (4.25e-2)"	"unprognostic (6.10e-2)"	"unprognostic (1.98e-1)"	"unprognostic (1.74e-2)"	"unprognostic (3.47e-2)"	"unprognostic (1.01e-2)"	"unprognostic (8.03e-2)"	"unprognostic (1.88e-2)"	"unprognostic (1.67e-2)"	"unprognostic (9.88e-2)"	"unprognostic (2.25e-1)"	"unprognostic (3.02e-2)"	"unprognostic (2.86e-2)"	"unprognostic (4.82e-2)"	"unprognostic (2.50e-1)"	"unprognostic (3.21e-1)"	"unprognostic (3.97e-2)"	"unprognostic (1.23e-1)"	"unprognostic (5.24e-2)"	"unprognostic (1.57e-1)"	"unprognostic (9.24e-2)"
IGFBP6		ENSG00000167779	"Insulin like growth factor binding protein 6"	P24592	12	53097436-53102345	"Plasma proteins, Predicted intracellular proteins, Predicted secreted proteins"		"Growth factor binding"		"Evidence at protein level"	"Evidence at transcript level"	"Evidence at protein level"	"Evidence at protein level"	"Tissue enhanced"	"Detected in many"		"choroid plexus: 348.1"	"Cell type enhanced"	"Detected in many"		"Basal respiratory cells: 530.2;Fibroblasts: 1573.6;Leydig cells: 978.1;Peritubular cells: 1530.1;Sertoli cells: 492.3;Smooth muscle cells: 600.5"	"Cell type enriched"	"Detected in many"	6	"fibroblast: 333.0"	"Cancer enhanced"	"Detected in all"		"Kidney Renal Papillary Cell Carcinoma (TCGA): 525.1;Thyroid Carcinoma (TCGA): 460.8"	"Low region specificity"	"Detected in all"			"Immune cell enhanced"	"Detected in many"		"eosinophil: 31.7;non-classical monocyte: 20.2"	"Low lineage specificity"	"Detected in many"			"Low cancer specificity"	"Detected in all"			"Breast - Fibroblasts, Kidney - Fibroblasts, Lung - Fibroblast_2, Minor Salivary Gland - Fibroblasts, Pancreas - Fibroblasts, Skin - Fibroblast_2, Spleen - Fibroblast_2"	"Low region specificity"	"Detected in all"			"Region enriched"	"Detected in all"	5	"spinal cord: 139.2"	"HPA008005, HPA075088"	Uncertain				"Secreted to blood"	Other	NA	NA	199000000	210000000	"Cluster 45: Eosinophils - Unknown function"	"Cluster 8: Ciliated cells - Cilium organization"	"Cluster 42: Choroid plexus - Mitochondria"	"Cluster 64: Connective tissue cells - ECM organization"	"Cluster 53: Fibroblasts - ECM organization"	37			"HPA008005: AB_1851499, HPA075088: "	"unprognostic (2.09e-1)"	"unprognostic (1.07e-2)"	"unprognostic (2.50e-3)"	"unprognostic (3.96e-1)"	"unprognostic (8.10e-3)"	"unprognostic (1.77e-1)"	"potential prognostic unfavorable (5.75e-5)"	"unprognostic (9.41e-2)"	"unprognostic (2.71e-1)"	"unprognostic (3.36e-2)"	"unprognostic (1.04e-1)"	"unprognostic (1.46e-1)"	"potential prognostic favorable (2.78e-4)"	"unprognostic (6.46e-2)"	"unprognostic (1.22e-1)"	"unprognostic (1.74e-2)"	"unprognostic (4.53e-3)"	"unprognostic (2.46e-2)"	"unprognostic (8.14e-2)"	"unprognostic (3.44e-2)"	"unprognostic (1.18e-1)"	"unprognostic (3.95e-2)"	"unprognostic (1.40e-1)"	"unprognostic (2.05e-2)"	"unprognostic (1.65e-1)"	"potential prognostic favorable (1.88e-4)"	"unprognostic (5.26e-2)"	"unprognostic (2.91e-3)"	"unprognostic (2.30e-1)"	"unprognostic (2.11e-1)"	"unprognostic (7.31e-2)"
INTS3	"C1orf60, FLJ21919, INT3, SOSS-A"	ENSG00000143624	"Integrator complex subunit 3"	Q68E01	1	153728050-153774808	"Predicted intracellular proteins"	"DNA damage, DNA repair"			"Evidence at protein level"	"Evidence at transcript level"	"Evidence at protein level"	"Evidence at protein level"	"Low tissue specificity"	"Detected in all"			"Low cell type specificity"	"Detected in all"			"Low cell type specificity"	"Detected in all"			"Low cancer specificity"	"Detected in all"			"Low region specificity"	"Detected in all"			"Immune cell enhanced"	"Detected in some"		"non-classical monocyte: 2.9"	"Low lineage specificity"	"Detected in many"			"Low cancer specificity"	"Detected in all"				"Low region specificity"	"Detected in all"			"Low region specificity"	"Detected in all"			HPA074391	Approved		Approved	Nucleoplasm,Nucleoli			NA	NA			"Cluster 37: Monocytes & Neutrophils - Innate immune response"	"Cluster 66: Non-specific - Transcription"	"Cluster 56: Hypothalamus - Neuropeptide signaling"	"Cluster 45: Non-specific - Nuclear processes"	"Cluster 37: Glandular & Luminal cells - Unknown function"	50	Nucleoli	Nucleoplasm	"HPA074391: AB_2686685"	"unprognostic (2.51e-2)"	"unprognostic (4.01e-2)"	"unprognostic (3.06e-2)"	"unprognostic (6.67e-2)"	"unprognostic (4.42e-1)"	"unprognostic (1.07e-1)"	"unprognostic (2.09e-1)"	"unprognostic (4.48e-2)"	"unprognostic (1.18e-2)"	"unprognostic (5.32e-3)"	"unprognostic (2.19e-3)"	"unprognostic (1.83e-1)"	"unprognostic (2.84e-1)"	"unprognostic (4.72e-2)"	"unprognostic (1.30e-1)"	"unprognostic (3.85e-2)"	"unprognostic (3.11e-1)"	"unprognostic (6.50e-2)"	"unprognostic (2.09e-2)"	"unprognostic (1.69e-1)"	"unprognostic (3.43e-2)"	"unprognostic (1.50e-1)"	"unprognostic (2.81e-2)"	"unprognostic (2.96e-1)"	"unprognostic (1.59e-1)"	"unprognostic (1.09e-1)"	"unprognostic (6.07e-2)"	"unprognostic (3.64e-2)"	"unprognostic (8.99e-2)"	"unprognostic (1.18e-2)"	"unprognostic (2.10e-1)"
ITGAL	"CD11A, LFA-1, LFA1A"	ENSG00000005844	"Integrin subunit alpha L"	P20701	16	30472658-30523567	"CD markers, FDA approved drug targets, Predicted intracellular proteins, Predicted membrane proteins, Transporters"	"Cell adhesion, Host-virus interaction, Phagocytosis"	"Integrin, Receptor"	"FDA approved drug targets"	"Evidence at protein level"	"Evidence at protein level"	"Evidence at protein level"	"Evidence at protein level"	"Tissue enhanced"	"Detected in many"		"bone marrow: 36.5;lymphoid tissue: 63.4"	"Cell type enhanced"	"Detected in many"		"dendritic cells: 43.0;monocytes: 180.8;NK-cells: 191.9;T-cells: 88.6"	"Cell type enriched"	"Detected in many"	5	"leukocyte: 391.4"	"Low cancer specificity"	"Detected in all"			"Low region specificity"	"Detected in many"			"Immune cell enhanced"	"Detected in all"		"non-classical monocyte: 122.4"	"Low lineage specificity"	"Detected in all"			"Group enriched"	"Detected in some"	95	"Leukemia: 76.8;lymphoma: 43.9;Myeloma: 52.9"	"Adipose subcutaneous - T-cells, Adipose visceral - T-cells, Adrenal gland - T-cells, Breast - T-cells, Colon - T-cells, Heart muscle - T-cells, Kidney - T-cells, Liver - T-cells, Minor Salivary Gland - T-cells, Pancreas - T-cells, Pituitary gland - T-cells, Prostate - T-cells, Spleen - T-cells, Thyroid gland - T-cells"	"Not detected"	"Not detected"			"Low region specificity"	"Detected in all"			CAB025011	Enhanced						NA	NA		4600000	"Cluster 37: Monocytes & Neutrophils - Innate immune response"	"Cluster 70: Lymphoid tissue - Immune response"	"Cluster 20: Macrophages & Microglia - Immune response"	"Cluster 49: HMC-1 - Innate immune response"	"Cluster 19: NK-cells - Adaptive immune response"	7			"CAB025011: "	"unprognostic (1.70e-1)"	"unprognostic (1.30e-2)"	"potential prognostic favorable (4.34e-4)"	"unprognostic (2.50e-2)"	"unprognostic (1.60e-2)"	"unprognostic (2.82e-1)"	"unprognostic (6.44e-2)"	"unprognostic (4.83e-2)"	"potential prognostic favorable (8.09e-4)"	"unprognostic (4.51e-1)"	"unprognostic (8.80e-3)"	"unprognostic (2.59e-1)"	"unprognostic (6.15e-2)"	"unprognostic (2.47e-1)"	"unprognostic (7.68e-3)"	"unprognostic (1.87e-3)"	"unprognostic (1.99e-1)"	"unprognostic (2.77e-1)"	"unprognostic (4.85e-1)"	"unprognostic (6.30e-2)"	"unprognostic (5.52e-2)"	"unprognostic (1.05e-1)"	"unprognostic (1.77e-2)"	"unprognostic (1.25e-1)"	"unprognostic (3.93e-2)"	"unprognostic (2.82e-2)"	"unprognostic (5.35e-2)"	"unprognostic (3.56e-1)"	"unprognostic (4.25e-2)"	"unprognostic (3.34e-1)"	"unprognostic (1.64e-1)"
ITSN1	"ITSN, MGC134948, MGC134949, SH3D1A, SH3P17"	ENSG00000205726	"Intersectin 1"	Q15811	21	33642400-33899861	"Plasma proteins, Predicted intracellular proteins, Predicted membrane proteins"	"Endocytosis, Exocytosis, Host-virus interaction, Protein transport, Transport"			"Evidence at protein level"	"Evidence at protein level"	"Evidence at protein level"	"Evidence at protein level"	"Low tissue specificity"	"Detected in all"			"Cell type enhanced"	"Detected in many"		"Astrocytes: 206.2;Inhibitory neurons: 145.8;Rod photoreceptor cells: 134.8"	"Low cell type specificity"	"Detected in all"			"Low cancer specificity"	"Detected in all"			"Low region specificity"	"Detected in all"			"Immune cell enhanced"	"Detected in some"		"eosinophil: 5.5;non-classical monocyte: 5.1"	"Low lineage specificity"	"Detected in many"			"Low cancer specificity"	"Detected in all"			"Adipose subcutaneous - Adipocytes (Subcutaneous), Adipose visceral - Adipocytes (Visceral), Adrenal gland - Adrenal cortex cells, Breast - Adipocytes (Breast)"	"Low region specificity"	"Detected in all"			"Low region specificity"	"Detected in all"			HPA018007	Approved		Supported	"Plasma membrane"			NA	NA			"Cluster 25: Non-specific - Unknown function"	"Cluster 62: Connective tissue - ECM organization"	"Cluster 23: Choroid plexus - Mixed function"	"Cluster 72: Neuronal - Signal transduction"	"Cluster 58: Macrophages - Innate immune response"	67	"Plasma membrane"		"HPA018007: AB_1851836"	"unprognostic (1.02e-1)"	"unprognostic (4.43e-2)"	"unprognostic (1.13e-3)"	"unprognostic (2.11e-2)"	"unprognostic (1.62e-1)"	"unprognostic (5.71e-2)"	"unprognostic (1.42e-1)"	"unprognostic (1.51e-1)"	"unprognostic (9.98e-2)"	"unprognostic (2.27e-2)"	"unprognostic (5.71e-2)"	"unprognostic (1.12e-1)"	"unprognostic (2.24e-2)"	"unprognostic (4.19e-2)"	"unprognostic (3.16e-2)"	"unprognostic (4.52e-3)"	"unprognostic (7.80e-3)"	"unprognostic (8.97e-2)"	"unprognostic (1.61e-1)"	"unprognostic (4.69e-2)"	"unprognostic (7.79e-3)"	"unprognostic (7.66e-2)"	"unprognostic (4.88e-2)"	"unprognostic (1.88e-2)"	"unprognostic (8.27e-2)"	"unprognostic (3.17e-3)"	"unprognostic (4.58e-2)"	"unprognostic (1.36e-2)"	"unprognostic (1.89e-1)"	"unprognostic (2.28e-3)"	"unprognostic (1.69e-1)"
KCNMA1	"KCa1.1, mSLO1, SLO"	ENSG00000156113	"Potassium calcium-activated channel subfamily M alpha 1"	Q12791	10	76869601-77638369	"Disease related genes, FDA approved drug targets, Human disease related genes, Predicted intracellular proteins, Predicted membrane proteins, Transporters, Voltage-gated ion channels"	"Ion transport, Potassium transport, Transport"	"Ion channel, Potassium channel, Voltage-gated channel"	"Disease variant, Epilepsy, FDA approved drug targets"	"Evidence at protein level"	"Evidence at transcript level"	"Evidence at protein level"	"Evidence at protein level"	"Tissue enhanced"	"Detected in many"		"endometrium 1: 134.1"	"Cell type enhanced"	"Detected in many"		"Astrocytes: 446.8;Bipolar cells: 485.5;Excitatory neurons: 989.5;Inhibitory neurons: 610.3;Oligodendrocyte precursor cells: 664.6"	"Low cell type specificity"	"Detected in all"			"Low cancer specificity"	"Detected in all"			"Low region specificity"	"Detected in all"			"Immune cell enhanced"	"Detected in some"		"intermediate monocyte: 2.5;non-classical monocyte: 1.7"	"Lineage enhanced"	"Detected in single"		"monocytes: 2.5"	"Low cancer specificity"	"Detected in many"			"Adipose subcutaneous - Smooth muscle cells, Adipose visceral - Smooth muscle cells, Heart muscle - Smooth muscle cells, Prostate - Smooth muscle cells, Spleen - Macrophages, Testis - Early spermatids, Testis - Late spermatids, Thyroid gland - Smooth muscle cells"	"Low region specificity"	"Detected in all"			"Low region specificity"	"Detected in all"			HPA054648	Approved						NA	NA			"Cluster 40: Monocytes - Innate immune response"	"Cluster 41: Smooth muscle tissue - ECM organization"	"Cluster 40: Astrocytes - Astrocyte-neuron interactions"	"Cluster 72: Neuronal - Signal transduction"	"Cluster 34: Neurons - Neuronal signaling"	2			"HPA054648: AB_2682556"	"unprognostic (3.41e-2)"	"unprognostic (8.13e-2)"	"unprognostic (2.04e-1)"	"unprognostic (4.61e-2)"	"unprognostic (1.11e-1)"	"unprognostic (2.12e-1)"	"unprognostic (1.00e-1)"	"unprognostic (1.54e-1)"	"unprognostic (4.35e-1)"	"unprognostic (4.26e-1)"	"potential prognostic favorable (7.57e-5)"	"unprognostic (2.38e-2)"	"unprognostic (8.94e-2)"	"unprognostic (5.27e-1)"	"unprognostic (5.40e-3)"	"potential prognostic favorable (7.51e-4)"	"unprognostic (2.54e-1)"	"unprognostic (2.08e-1)"	"unprognostic (7.68e-2)"	"unprognostic (9.29e-2)"	"potential prognostic unfavorable (6.61e-4)"	"unprognostic (2.06e-3)"	"unprognostic (1.26e-2)"	"unprognostic (4.84e-2)"	"unprognostic (2.09e-2)"	"unprognostic (1.18e-1)"	"unprognostic (2.07e-1)"	"unprognostic (1.09e-2)"	"unprognostic (2.16e-2)"	"unprognostic (1.41e-1)"	"unprognostic (6.05e-2)"
KLF4	"EZF, GKLF"	ENSG00000136826	"KLF transcription factor 4"	O43474	9	107484852-107490482	"Cancer-related genes, Human disease related genes, Predicted intracellular proteins, Transcription factors"	"Transcription, Transcription regulation"	"Activator, DNA-binding"	"Cancer-related genes"	"Evidence at protein level"	"Evidence at protein level"	"Evidence at protein level"	"Evidence at protein level"	"Tissue enhanced"	"Detected in many"		"skin 1: 246.9"	"Cell type enhanced"	"Detected in many"		"Adipocytes: 972.6;Intestinal goblet cells: 847.4"	"Cell type enhanced"	"Detected in some"		"endothelial cell: 101.2;fibroblast: 36.6;vascular associated smooth muscle cell: 47.7"	"Low cancer specificity"	"Detected in all"			"Low region specificity"	"Detected in all"			"Immune cell enhanced"	"Detected in some"		"intermediate monocyte: 1.0;non-classical monocyte: 1.0"	"Low lineage specificity"	"Detected in single"			"Low cancer specificity"	"Detected in many"			"Breast - Endothelial cells, Liver - Vascular Endothelial cells"	"Low region specificity"	"Detected in all"			"Low region specificity"	"Detected in all"			HPA002926	Enhanced		Supported	Nucleoplasm,Cytosol			NA	NA			"Cluster 38: Monocytes & Neutrophils - Degranulation"	"Cluster 13: Skin - Cornification"	"Cluster 47: Endothelial cells - Vasculature"	"Cluster 64: Connective tissue cells - ECM organization"	"Cluster 80: Non-specific - Transcription"	30	Nucleoplasm	Cytosol	"HPA002926: AB_1852541"	"unprognostic (2.55e-2)"	"unprognostic (1.72e-1)"	"unprognostic (2.56e-2)"	"unprognostic (1.99e-2)"	"unprognostic (5.12e-3)"	"unprognostic (1.06e-1)"	"unprognostic (3.31e-1)"	"unprognostic (3.77e-3)"	"unprognostic (2.90e-3)"	"unprognostic (8.80e-2)"	"validated prognostic favorable (2.11e-5)"	"validated prognostic favorable (1.13e-4)"	"unprognostic (1.07e-2)"	"unprognostic (4.46e-2)"	"unprognostic (4.96e-2)"	"unprognostic (3.16e-3)"	"unprognostic (5.82e-2)"	"unprognostic (1.59e-1)"	"unprognostic (2.54e-1)"	"unprognostic (8.49e-2)"	"unprognostic (4.23e-2)"	"unprognostic (1.42e-3)"	"unprognostic (2.50e-1)"	"unprognostic (1.36e-1)"	"unprognostic (1.42e-1)"	"unprognostic (1.35e-1)"	"unprognostic (3.17e-1)"	"unprognostic (2.87e-1)"	"unprognostic (2.26e-1)"	"unprognostic (1.20e-1)"	"unprognostic (2.99e-2)"
KLHL25	"ENC-2, ENC2, FLJ12587"	ENSG00000183655	"Kelch like family member 25"	Q9H0H3	15	85759326-85794925	"Predicted intracellular proteins"	"Translation regulation, Ubl conjugation pathway"			"Evidence at protein level"	"Evidence at transcript level"	"Evidence at protein level"	"Evidence at protein level"	"Low tissue specificity"	"Detected in many"			"Low cell type specificity"	"Detected in many"			"Low cell type specificity"	"Detected in many"			"Low cancer specificity"	"Detected in all"			"Low region specificity"	"Detected in all"			"Immune cell enhanced"	"Detected in many"		"non-classical monocyte: 3.9"	"Group enriched"	"Detected in many"	4	"monocytes: 3.9;NK-cells: 2.6;T-cells: 1.7"	"Low cancer specificity"	"Detected in all"			"Adipose subcutaneous - Adipocytes (Subcutaneous), Adipose visceral - Adipocytes (Visceral), Skin - Keratinocyte (other)"	"Low region specificity"	"Detected in all"			"Group enriched"	"Detected in all"	4	"cerebral cortex: 38.0;hippocampal formation: 21.3"	HPA023450	Approved		Approved	Nucleoplasm,Cytosol			NA	NA			"Cluster 1: T-cells - Unknown function"	"Cluster 78: Testis - Transcription"	"Cluster 40: Astrocytes - Astrocyte-neuron interactions"	"Cluster 58: Non-specific - Nuclear processes"	"Cluster 20: Enteroendocrine cells - Hormone signaling"	5	"Nucleoplasm, Cytosol"		"HPA023450: AB_1852583"	"unprognostic (4.89e-2)"	"unprognostic (1.50e-2)"	"unprognostic (3.20e-1)"	"unprognostic (1.23e-1)"	"unprognostic (1.34e-1)"	"unprognostic (3.07e-1)"	"unprognostic (1.01e-1)"	"unprognostic (7.23e-3)"	"unprognostic (1.02e-1)"	"unprognostic (1.16e-1)"	"unprognostic (3.96e-1)"	"unprognostic (1.84e-2)"	"unprognostic (3.25e-1)"	"unprognostic (9.82e-3)"	"unprognostic (1.31e-1)"	"unprognostic (5.27e-2)"	"unprognostic (6.18e-2)"	"unprognostic (5.38e-2)"	"unprognostic (8.15e-2)"	"unprognostic (3.78e-2)"	"unprognostic (6.10e-2)"	"unprognostic (5.59e-2)"	"unprognostic (4.87e-1)"	"unprognostic (8.25e-3)"	"unprognostic (9.14e-2)"	"unprognostic (2.12e-1)"	"unprognostic (2.40e-2)"	"unprognostic (1.55e-1)"	"unprognostic (2.84e-1)"	"unprognostic (9.58e-2)"	"unprognostic (1.42e-2)"
KNDC1	"bB439H18.3, C10orf23, FLJ25027, KIAA1768, RASGEF2, v-KIND, Very-KIND"	ENSG00000171798	"Kinase non-catalytic C-lobe domain containing 1"	Q76NI1	10	133160219-133226412	"Predicted intracellular proteins"		"Guanine-nucleotide releasing factor"		"Evidence at protein level"	"Evidence at transcript level"	"Evidence at transcript level"	"Evidence at protein level"	"Tissue enhanced"	"Detected in many"		"brain: 47.1;pituitary gland: 26.7"	"Cell type enhanced"	"Detected in some"		"Astrocytes: 88.6;Ciliated cells: 28.6;Excitatory neurons: 40.4;Inhibitory neurons: 34.7"	"Low cell type specificity"	"Detected in all"			"Low cancer specificity"	"Detected in many"			"Low region specificity"	"Detected in all"			"Immune cell enhanced"	"Detected in single"		"non-classical monocyte: 1.1"	"Low lineage specificity"	"Detected in single"			"Low cancer specificity"	"Detected in many"			"Adipose visceral - Mesothelial cells, Adrenal gland - Adrenal cortex cells, Colon - Colon enteroendocrine cells, Pancreas - Alpha cells, Pancreas - Beta cells"	"Low region specificity"	"Detected in all"							"HPA039624, HPA056143"	Uncertain		Approved	"Vesicles,Plasma membrane,Cytosol"			NA	NA			"Cluster 40: Monocytes - Innate immune response"	"Cluster 22: Brain - Synaptic signal transduction"	"Cluster 52: Neurons & Synapses - Synaptic function"	"Cluster 27: Breast cancer - Unknown function"	"Cluster 47: Astrocytes - Unknown function"		"Plasma membrane, Cytosol"	Vesicles	"HPA039624: AB_10671045, HPA056143: "			"unprognostic (3.12e-3)"				"unprognostic (2.47e-2)"	"unprognostic (1.19e-1)"		"unprognostic (5.86e-2)"	"unprognostic (5.98e-2)"	"unprognostic (2.11e-1)"	"unprognostic (1.69e-1)"	"unprognostic (4.31e-2)"	"unprognostic (8.53e-2)"	"potential prognostic favorable (9.68e-4)"						"unprognostic (2.13e-3)"	"unprognostic (1.58e-1)"						"unprognostic (3.57e-1)"	"unprognostic (8.56e-2)"	
LDLRAD3	LRAD3	ENSG00000179241	"Low density lipoprotein receptor class A domain containing 3"	Q86YD5	11	35943981-36232136	"Predicted membrane proteins"	"Host-virus interaction"	Receptor		"Evidence at protein level"	"Evidence at transcript level"	"Evidence at protein level"	"Evidence at protein level"	"Tissue enhanced"	"Detected in all"		"brain: 28.4"	"Cell type enhanced"	"Detected in many"		"Astrocytes: 87.6;Excitatory neurons: 66.5;Microglial cells: 100.2;Oligodendrocyte precursor cells: 289.6;Oligodendrocytes: 200.6"	"Cell type enhanced"	"Detected in many"		"endothelial cell: 563.6;fibroblast: 579.3"	"Low cancer specificity"	"Detected in all"			"Low region specificity"	"Detected in all"			"Immune cell enhanced"	"Detected in some"		"classical monocyte: 4.8;non-classical monocyte: 6.5"	"Low lineage specificity"	"Detected in many"			"Low cancer specificity"	"Detected in all"				"Low region specificity"	"Detected in all"			"Low region specificity"	"Detected in all"			HPA038251	Approved		Approved	"Cell Junctions"			NA	NA			"Cluster 38: Monocytes & Neutrophils - Degranulation"	"Cluster 34: Non-specific - Mixed function"	"Cluster 30: White matter - Myelination"	"Cluster 69: Skin cancer - ECM organization"	"Cluster 76: Oligodendrocyte precursor - Unknown function"		"Cell Junctions"		"HPA038251: AB_10675790"	"unprognostic (5.55e-2)"	"unprognostic (6.45e-3)"	"unprognostic (1.14e-1)"	"unprognostic (2.03e-3)"	"unprognostic (4.16e-3)"	"unprognostic (2.48e-1)"	"unprognostic (9.63e-2)"	"unprognostic (2.90e-1)"	"unprognostic (2.20e-1)"	"unprognostic (8.37e-3)"	"unprognostic (1.12e-1)"	"unprognostic (1.39e-2)"	"unprognostic (7.10e-3)"	"unprognostic (1.88e-2)"	"unprognostic (7.96e-3)"	"potential prognostic unfavorable (1.61e-9)"	"unprognostic (1.19e-1)"	"unprognostic (2.17e-1)"	"unprognostic (1.86e-1)"	"unprognostic (5.73e-2)"	"unprognostic (1.26e-1)"	"unprognostic (6.00e-2)"	"unprognostic (6.53e-3)"	"unprognostic (6.56e-2)"	"unprognostic (7.71e-2)"	"unprognostic (2.29e-2)"	"unprognostic (1.03e-1)"	"unprognostic (4.99e-2)"	"unprognostic (1.62e-1)"	"unprognostic (3.87e-2)"	"unprognostic (4.01e-2)"
LOXL3		ENSG00000115318	"Lysyl oxidase like 3"	P58215	2	74532258-74555690	"Disease related genes, Enzymes, Plasma proteins, Potential drug targets, Predicted intracellular proteins, Predicted secreted proteins"	"Inflammatory response"	Oxidoreductase	"Deafness, Stickler syndrome"	"Evidence at protein level"	"Evidence at protein level"	"Evidence at protein level"	"Evidence at protein level"	"Low tissue specificity"	"Detected in all"			"Cell type enhanced"	"Detected in some"		"Astrocytes: 13.3;Hofbauer cells: 17.2;Macrophages: 10.2;Melanocytes: 10.3;Microglial cells: 28.6;monocytes: 10.4;Oligodendrocyte precursor cells: 10.8;Pancreatic endocrine cells: 11.9;Sertoli cells: 10.9"	"Cell type enriched"	"Detected in many"	4	"central nervous system macrophage: 111.4"	"Group enriched"	"Detected in many"	4	"Glioblastoma Multiforme (TCGA): 20.9;Skin Cuteneous Melanoma (TCGA): 48.0"	"Low region specificity"	"Detected in all"			"Immune cell enhanced"	"Detected in some"		"intermediate monocyte: 11.7;non-classical monocyte: 9.3"	"Low lineage specificity"	"Detected in many"			"Cancer enhanced"	"Detected in all"		"Rhabdoid: 94.7;skin cancer: 164.6"	"Colon - Enteric glia cells, Heart muscle - Fibroblasts, Skeletal muscle - Fibroblasts"	"Low region specificity"	"Detected in all"			"Low region specificity"	"Detected in all"			HPA035281	Approved				"Secreted to extracellular matrix"	Enzyme	NA	NA		740000	"Cluster 40: Monocytes - Innate immune response"	"Cluster 81: Lymphoid tissue & Bone marrow - Innate immune response"	"Cluster 20: Macrophages & Microglia - Immune response"	"Cluster 69: Skin cancer - ECM organization"	"Cluster 50: Connective tissue cells - ECM organization"				"HPA035281: AB_10601766"	"unprognostic (1.01e-1)"	"unprognostic (1.30e-2)"	"unprognostic (3.39e-2)"	"potential prognostic unfavorable (4.41e-4)"	"unprognostic (6.02e-2)"	"unprognostic (7.26e-2)"	"unprognostic (3.93e-2)"	"potential prognostic unfavorable (2.05e-4)"	"unprognostic (6.05e-2)"	"unprognostic (1.20e-1)"	"unprognostic (2.43e-1)"	"unprognostic (3.09e-1)"	"unprognostic (2.36e-1)"		"unprognostic (3.31e-2)"	"potential prognostic favorable (6.06e-5)"	"unprognostic (1.34e-2)"	"unprognostic (1.19e-2)"	"unprognostic (3.06e-1)"	"unprognostic (2.34e-2)"	"unprognostic (4.19e-1)"	"unprognostic (7.64e-2)"	"unprognostic (1.07e-1)"	"unprognostic (3.44e-2)"	"unprognostic (1.71e-2)"	"potential prognostic favorable (3.36e-4)"	"unprognostic (2.76e-2)"	"unprognostic (3.03e-2)"	"unprognostic (2.84e-2)"	"unprognostic (5.32e-2)"	"unprognostic (2.24e-1)"
LPL	LIPD	ENSG00000175445	"Lipoprotein lipase"	P06858	8	19901717-19967259	"Candidate cardiovascular disease genes, Disease related genes, Enzymes, FDA approved drug targets, Human disease related genes, Metabolic proteins, Plasma proteins, Predicted intracellular proteins, Predicted secreted proteins"	"Lipid degradation, Lipid metabolism"	"Heparin-binding, Hydrolase"	"Disease variant, FDA approved drug targets, Hyperlipidemia"	"Evidence at protein level"	"Evidence at transcript level"	"Evidence at protein level"	"Evidence at protein level"	"Tissue enhanced"	"Detected in many"		"adipose tissue: 904.9;heart muscle: 394.5"	"Cell type enhanced"	"Detected in many"		"Adipocytes: 404.3;Breast glandular cells: 110.6;Cardiomyocytes: 655.2;Schwann cells: 154.4"	"Group enriched"	"Detected in many"	9	"cerebellar inhibitory: 150.9;medium spiny neuron: 166.6;pericyte: 236.7"	"Cancer enhanced"	"Detected in many"		"Glioblastoma Multiforme (TCGA): 62.0"	"Region enhanced"	"Detected in all"		"basal ganglia: 106.9"	"Immune cell enhanced"	"Detected in some"		"non-classical monocyte: 4.2"	"Lineage enriched"	"Detected in single"	6	"monocytes: 4.2"	"Cancer enhanced"	"Detected in many"		"cervical cancer: 15.6"	"Adipose subcutaneous - Adipocytes (Subcutaneous), Adipose visceral - Adipocytes (Visceral), Breast - Adipocytes (Breast), Minor Salivary Gland - Adipocytes (Minor salivary gland), Skin - Adipocytes (Skin), Testis - Endothelial cells"	"Region enhanced"	"Detected in many"		"basal ganglia: 45.3"	"Group enriched"	"Detected in all"	4	"basal ganglia: 101.9;spinal cord: 74.2"	HPA048749			Approved	Vesicles	"Secreted to blood"	Enzyme	NA	NA		45000000	"Cluster 40: Monocytes - Innate immune response"	"Cluster 7: Adipose tissue - Mixed function"	"Cluster 10: Cerebellum - Nucleic acid binding"	"Cluster 12: Bone cancer - Neuronal signaling"	"Cluster 17: Breast glandular cells - Lactation"	12	Vesicles		"HPA048749: AB_2680511"	"unprognostic (1.40e-1)"	"unprognostic (1.38e-1)"	"unprognostic (7.05e-3)"	"unprognostic (9.02e-2)"	"unprognostic (1.93e-1)"	"unprognostic (1.07e-1)"	"unprognostic (1.71e-1)"	"unprognostic (9.05e-2)"	"unprognostic (1.61e-2)"	"unprognostic (1.88e-2)"	"validated prognostic favorable (2.81e-6)"	"validated prognostic favorable (5.95e-5)"	"unprognostic (2.19e-2)"	"unprognostic (3.01e-2)"	"unprognostic (1.00e-1)"	"unprognostic (3.23e-3)"	"unprognostic (7.53e-2)"	"unprognostic (6.01e-3)"	"unprognostic (1.90e-2)"	"unprognostic (4.40e-2)"	"unprognostic (1.78e-2)"	"unprognostic (8.05e-3)"	"unprognostic (1.75e-1)"	"unprognostic (1.62e-1)"	"unprognostic (2.97e-1)"	"unprognostic (4.34e-1)"	"unprognostic (4.89e-2)"	"potential prognostic unfavorable (1.21e-4)"	"unprognostic (3.55e-3)"	"unprognostic (2.43e-1)"	
LST1	"B144, D6S49E, LST-1"	ENSG00000204482	"Leukocyte specific transcript 1"	O00453	6	31586124-31588909	"Predicted intracellular proteins, Predicted membrane proteins"	"Cell shape, Immunity"			"Evidence at protein level"	"Evidence at protein level"	"Evidence at protein level"	"Evidence at protein level"	"Tissue enhanced"	"Detected in many"		"bone marrow: 98.8;lymphoid tissue: 177.5"	"Cell type enhanced"	"Detected in many"		"Hofbauer cells: 856.7;Kupffer cells: 1125.1;Langerhans cells: 1596.9;Macrophages: 732.6;monocytes: 3867.1"	"Group enriched"	"Detected in some"	70	"central nervous system macrophage: 169.7;leukocyte: 72.3"	"Low cancer specificity"	"Detected in all"			"Low region specificity"	"Detected in all"			"Immune cell enhanced"	"Detected in all"		"non-classical monocyte: 1767.7"	"Low lineage specificity"	"Detected in all"			"Cancer enriched"	"Detected in some"	17	"Leukemia: 45.7"	"Adipose visceral - Macrophages, Adrenal gland - Macrophages, Liver - Kupffer cells, Skeletal muscle - Macrophages, Skin - Langerhans cells, Spleen - Macrophages, Stomach - Macrophages, Testis - Macrophages"	"Low region specificity"	"Detected in all"							HPA079451			Supported	"Plasma membrane,Cytosol"			NA	NA			"Cluster 37: Monocytes & Neutrophils - Innate immune response"	"Cluster 81: Lymphoid tissue & Bone marrow - Innate immune response"	"Cluster 20: Macrophages & Microglia - Immune response"	"Cluster 14: Myeloid leukemia - Innate immune response"	"Cluster 29: Monocytes - Innate immune response"		"Plasma membrane, Cytosol"		"HPA079451: "	"unprognostic (1.49e-2)"	"unprognostic (1.76e-3)"	"unprognostic (4.62e-3)"	"unprognostic (3.89e-3)"	"unprognostic (1.97e-1)"	"unprognostic (7.29e-2)"	"unprognostic (1.87e-1)"	"unprognostic (3.94e-2)"	"unprognostic (1.20e-2)"	"unprognostic (1.45e-1)"	"unprognostic (9.16e-3)"	"unprognostic (1.74e-1)"	"unprognostic (2.87e-2)"	"unprognostic (9.19e-2)"	"unprognostic (9.82e-2)"	"unprognostic (5.09e-3)"	"unprognostic (1.16e-1)"	"unprognostic (1.94e-1)"	"unprognostic (2.23e-1)"	"unprognostic (1.79e-1)"	"unprognostic (1.82e-1)"	"unprognostic (4.19e-2)"	"unprognostic (3.15e-2)"	"unprognostic (6.89e-2)"	"unprognostic (2.58e-1)"	"potential prognostic favorable (3.06e-4)"	"unprognostic (1.94e-1)"	"unprognostic (1.45e-1)"	"unprognostic (1.22e-1)"	"unprognostic (1.97e-1)"	"unprognostic (2.58e-1)"
LY6E	"RIG-E, SCA-2, TSA-1"	ENSG00000160932	"Lymphocyte antigen 6 family member E"	Q16553	8	143017982-143023832	"Predicted intracellular proteins, Predicted membrane proteins"	"Host-virus interaction"			"Evidence at protein level"	"Evidence at transcript level"	"Evidence at protein level"	"Evidence at protein level"	"Tissue enhanced"	"Detected in all"		"liver: 599.1"	"Group enriched"	"Detected in many"	4	"Cytotrophoblasts: 1517.6;Extravillous trophoblasts: 5448.4"	"Cell type enhanced"	"Detected in all"		"endothelial cell: 291.1"	"Low cancer specificity"	"Detected in all"			"Low region specificity"	"Detected in all"			"Immune cell enhanced"	"Detected in all"		"non-classical monocyte: 756.5"	"Low lineage specificity"	"Detected in all"			"Low cancer specificity"	"Detected in all"			"Prostate - Urothelial cells"	"Low region specificity"	"Detected in all"			"Low region specificity"	"Detected in all"								"Intracellular and membrane"	Other	NA	NA		46000	"Cluster 37: Monocytes & Neutrophils - Innate immune response"	"Cluster 69: Liver - Oxidoreductase activity"	"Cluster 29: Forebrain - Mixed function"	"Cluster 31: Non-specific - Antiviral immune response"	"Cluster 4: Extravillous trophoblasts - Unknown function"	8				"unprognostic (3.41e-2)"	"unprognostic (1.81e-1)"	"unprognostic (5.44e-1)"	"unprognostic (3.04e-1)"	"unprognostic (2.58e-2)"	"unprognostic (1.51e-1)"	"unprognostic (2.33e-2)"	"unprognostic (3.78e-1)"	"unprognostic (2.97e-1)"	"unprognostic (4.87e-2)"	"unprognostic (9.18e-3)"	"unprognostic (2.37e-2)"	"unprognostic (1.54e-2)"	"unprognostic (1.13e-1)"	"unprognostic (1.32e-2)"	"unprognostic (6.77e-2)"	"unprognostic (1.03e-1)"	"unprognostic (1.07e-1)"	"unprognostic (2.70e-2)"	"unprognostic (1.14e-1)"	"unprognostic (3.12e-1)"	"potential prognostic unfavorable (5.59e-4)"	"unprognostic (1.65e-3)"	"unprognostic (2.76e-2)"	"unprognostic (3.65e-3)"	"unprognostic (1.31e-2)"	"unprognostic (2.13e-1)"	"unprognostic (2.74e-1)"	"unprognostic (5.19e-2)"	"unprognostic (6.12e-3)"	"unprognostic (4.44e-1)"
LYNX1-SLURP2		ENSG00000284505	"LYNX1-SLURP2 readthrough"		8	142764334-142778224	"Predicted intracellular proteins"				"Evidence at transcript level"	"Evidence at transcript level"			"Tissue enhanced"	"Detected in many"		"esophagus: 6.1;intestine: 6.8"	"Cell type enhanced"	"Detected in some"		"Basal keratinocytes: 1.2;Serous glandular cells: 2.2;Suprabasal keratinocytes: 3.7"					"Low cancer specificity"	"Detected in some"			"Low region specificity"	"Detected in all"			"Immune cell enhanced"	"Detected in single"		"non-classical monocyte: 1.4"	"Lineage enriched"	"Detected in single"	8	"monocytes: 1.4"	"Low cancer specificity"	"Detected in single"																	"Intracellular and membrane"		NA	NA				"Cluster 75: Epithelium - Extracellular exosomes"	"Cluster 52: Neurons & Synapses - Synaptic function"	"Cluster 27: Breast cancer - Unknown function"	"Cluster 45: Non-specific - Mixed function"								"unprognostic (2.81e-3)"					"unprognostic (4.28e-3)"											"unprognostic (4.21e-3)"				"unprognostic (1.03e-3)"				"unprognostic (5.43e-2)"			"unprognostic (2.60e-2)"
MAPT	"DDPAC, FLJ31424, FTDP-17, MAPTL, MGC138549, MSTD, MTBT1, MTBT2, PPND, PPP1R103, tau, tau-40"	ENSG00000186868	"Microtubule associated protein tau"	P10636	17	45894527-46028334	"Candidate cardiovascular disease genes, Disease related genes, FDA approved drug targets, Human disease related genes, Plasma proteins, Predicted intracellular proteins, Predicted secreted proteins"			"Alzheimer disease, Disease variant, FDA approved drug targets, Neurodegeneration, Parkinsonism"	"Evidence at protein level"	"Evidence at protein level"	"Evidence at protein level"	"Evidence at protein level"	"Tissue enhanced"	"Detected in many"		"brain: 135.5;skeletal muscle: 76.2"	"Cell type enhanced"	"Detected in many"		"Astrocytes: 135.0;Bipolar cells: 278.2;Early spermatids: 130.2;Excitatory neurons: 182.9;Horizontal cells: 226.6;Inhibitory neurons: 147.3;Late spermatids: 428.0;Muller glia cells: 123.3;Oligodendrocyte precursor cells: 121.7;Oligodendrocytes: 152.5"	"Low cell type specificity"	"Detected in all"			"Cancer enhanced"	"Detected in many"		"Breast Invasive Carcinoma (TCGA): 30.6"	"Low region specificity"	"Detected in all"			"Immune cell enhanced"	"Detected in single"		"non-classical monocyte: 1.7"	"Low lineage specificity"	"Detected in single"			"Group enriched"	"Detected in many"	4	"Bone cancer: 46.4;Neuroblastoma: 13.7"	"Adipose subcutaneous - Adipocytes (Subcutaneous), Adipose visceral - Adipocytes (Visceral), Heart muscle - Cardiomyocytes, Kidney - Proximal tubular cells, Thyroid gland - Fibroblasts"	"Low region specificity"	"Detected in all"			"Low region specificity"	"Detected in all"			"CAB000151, HPA048895, HPA069524, HPA069570, CAB072344"	Enhanced		Supported	"Nuclear speckles,Plasma membrane,End piece"	"Secreted to blood"	"No annotated function"	NA	NA		53000		"Cluster 22: Brain - Synaptic signal transduction"	"Cluster 14: Neurons - Synaptic function"	"Cluster 12: Bone cancer - Neuronal signaling"	"Cluster 25: Bipolar cells - Visual perception"	218	"Plasma membrane, End piece"	"Nuclear speckles"	"CAB000151: , CAB072344: , HPA048895: AB_2680550, HPA069524: AB_2686145, HPA069570: AB_2686155"	"unprognostic (1.23e-1)"	"unprognostic (8.49e-3)"	"unprognostic (1.19e-1)"				"unprognostic (2.85e-1)"	"potential prognostic favorable (6.46e-4)"		"unprognostic (1.10e-1)"	"potential prognostic favorable (6.36e-9)"	"unprognostic (1.27e-3)"	"unprognostic (7.13e-2)"	"potential prognostic unfavorable (6.92e-5)"	"unprognostic (5.22e-2)"							"unprognostic (2.30e-2)"		"unprognostic (3.42e-2)"			"unprognostic (9.86e-2)"		"unprognostic (7.28e-2)"		
MAST2	"KIAA0807, MAST205"	ENSG00000086015	"Microtubule associated serine/threonine kinase 2"	Q6P0Q8	1	45786987-46036122	"Cancer-related genes, Enzymes, Predicted membrane proteins"		"Kinase, Serine/threonine-protein kinase, Transferase"	"Cancer-related genes"	"Evidence at protein level"	"Evidence at transcript level"	"Evidence at protein level"	"Evidence at protein level"	"Tissue enhanced"	"Detected in all"		"skeletal muscle: 126.8"	"Cell type enhanced"	"Detected in many"		"Inhibitory neurons: 83.1;Late spermatids: 53.8"	"Low cell type specificity"	"Detected in all"			"Low cancer specificity"	"Detected in all"			"Low region specificity"	"Detected in all"			"Immune cell enhanced"	"Detected in single"		"non-classical monocyte: 1.5"	"Low lineage specificity"	"Detected in single"			"Low cancer specificity"	"Detected in all"			"Adipose subcutaneous - Adipose progenitor cells, Pituitary gland - Corticotropes, Testis - Early spermatids, Testis - Late spermatids"	"Low region specificity"	"Detected in all"			"Low region specificity"	"Detected in all"			"HPA039722, HPA040155"	Approved		Approved	Cytosol			NA	NA			"Cluster 25: Non-specific - Unknown function"	"Cluster 79: Non-specific - Transcription"	"Cluster 41: Monoamines - Neurotransmitter signalling"	"Cluster 46: Lymphoma - Humoral immune response"	"Cluster 69: Neurons - Neuronal signaling"	25	Cytosol		"HPA039722: AB_10795294, HPA040155: AB_10793957"	"unprognostic (4.81e-2)"	"unprognostic (7.84e-2)"	"unprognostic (2.44e-1)"	"unprognostic (2.86e-2)"	"unprognostic (5.67e-3)"	"unprognostic (5.74e-2)"	"unprognostic (2.94e-1)"	"unprognostic (3.88e-3)"	"unprognostic (1.13e-1)"	"unprognostic (2.63e-3)"	"unprognostic (3.89e-2)"	"unprognostic (1.51e-2)"	"potential prognostic unfavorable (4.05e-5)"	"potential prognostic unfavorable (1.59e-8)"	"unprognostic (3.09e-1)"	"unprognostic (4.08e-2)"	"unprognostic (7.68e-3)"	"unprognostic (2.39e-1)"	"unprognostic (1.80e-1)"	"unprognostic (1.26e-1)"	"unprognostic (1.03e-2)"	"unprognostic (4.28e-1)"	"unprognostic (2.69e-1)"	"unprognostic (1.84e-1)"	"unprognostic (9.68e-2)"	"unprognostic (3.64e-3)"	"unprognostic (9.92e-2)"	"unprognostic (7.41e-2)"	"unprognostic (6.24e-2)"	"unprognostic (6.25e-2)"	"unprognostic (1.30e-1)"
MBD2		ENSG00000134046	"Methyl-CpG binding domain protein 2"	Q9UBB5	18	54151606-54224669	"Cancer-related genes, Predicted intracellular proteins"	"Transcription, Transcription regulation"	DNA-binding	"Cancer-related genes"	"Evidence at protein level"	"Evidence at protein level"	"Evidence at protein level"	"Evidence at protein level"	"Low tissue specificity"	"Detected in all"			"Cell type enhanced"	"Detected in all"		"monocytes: 529.0"	"Low cell type specificity"	"Detected in all"			"Low cancer specificity"	"Detected in all"			"Low region specificity"	"Detected in all"			"Immune cell enhanced"	"Detected in many"		"non-classical monocyte: 5.0"	"Low lineage specificity"	"Detected in many"			"Low cancer specificity"	"Detected in all"				"Low region specificity"	"Detected in all"			"Low region specificity"	"Detected in all"			"CAB037282, HPA067582, HPA067615"	Approved		Supported	Nucleoplasm			NA	NA			"Cluster 40: Monocytes - Innate immune response"	"Cluster 29: Squamous epithelium - Innate immune response"	"Cluster 37: Neurons - Mixed function"	"Cluster 46: Lymphoma - Humoral immune response"	"Cluster 33: Non-specific - DNA binding"	47	Nucleoplasm		"CAB037282: AB_477234, HPA067582: AB_2685866, HPA067615: AB_2685872"	"unprognostic (2.23e-1)"	"unprognostic (9.84e-2)"	"unprognostic (3.27e-2)"	"unprognostic (1.44e-1)"	"unprognostic (1.73e-2)"	"unprognostic (1.18e-1)"	"unprognostic (1.10e-1)"	"unprognostic (1.43e-1)"	"unprognostic (2.53e-1)"	"unprognostic (1.50e-2)"	"validated prognostic favorable (1.60e-5)"	"validated prognostic favorable (6.08e-4)"	"unprognostic (3.48e-2)"	"unprognostic (3.18e-3)"	"unprognostic (5.65e-2)"	"potential prognostic unfavorable (2.26e-6)"	"unprognostic (6.34e-2)"	"unprognostic (1.92e-2)"	"unprognostic (3.53e-1)"	"unprognostic (4.05e-2)"	"unprognostic (3.60e-1)"	"unprognostic (2.78e-2)"	"unprognostic (3.36e-2)"	"unprognostic (3.92e-3)"	"unprognostic (2.14e-1)"	"unprognostic (5.69e-2)"	"unprognostic (6.03e-2)"	"unprognostic (3.42e-1)"	"unprognostic (9.70e-2)"	"unprognostic (3.05e-1)"	"unprognostic (9.41e-3)"
MTMR11	CRA	ENSG00000014914	"Myotubularin related protein 11"	A4FU01	1	149928651-149936879	"Predicted intracellular proteins"				"Evidence at protein level"	"Evidence at protein level"	"Evidence at transcript level"	"Evidence at protein level"	"Tissue enhanced"	"Detected in many"		"intestine: 25.9"	"Cell type enhanced"	"Detected in many"		"Distal enterocytes: 119.3;Enteroendocrine cells: 44.2;Intestinal goblet cells: 100.3;Paneth cells: 77.1;Proximal enterocytes: 103.9"	"Low cell type specificity"	"Detected in many"			"Low cancer specificity"	"Detected in many"			"Low region specificity"	"Detected in all"			"Immune cell enhanced"	"Detected in some"		"intermediate monocyte: 1.3;myeloid DC: 1.7;non-classical monocyte: 1.3"	"Group enriched"	"Detected in many"	16	"dendritic cells: 1.7;monocytes: 1.3"	"Low cancer specificity"	"Detected in many"			"Heart muscle - Fibroblasts, Thyroid gland - Fibroblasts"	"Low region specificity"	"Detected in all"			"Low region specificity"	"Detected in all"			"HPA030351, HPA072906"	Enhanced		Approved	Centrosome			NA	NA			"Cluster 40: Monocytes - Innate immune response"	"Cluster 45: Intestine - Digestion"	"Cluster 3: Choroid plexus - Cilium"	"Cluster 5: Rhabdoid - Unknown function"	"Cluster 45: Non-specific - Mixed function"		Centrosome		"HPA030351: AB_10602185, HPA072906: "	"unprognostic (6.02e-2)"	"unprognostic (4.13e-1)"	"unprognostic (3.53e-1)"	"potential prognostic unfavorable (7.17e-4)"	"unprognostic (8.49e-3)"	"unprognostic (4.93e-3)"	"unprognostic (2.06e-1)"	"unprognostic (1.86e-1)"	"unprognostic (3.42e-1)"		"validated prognostic favorable (2.27e-8)"	"validated prognostic favorable (9.02e-5)"	"unprognostic (3.15e-1)"	"unprognostic (3.93e-3)"	"unprognostic (5.20e-2)"	"unprognostic (1.71e-1)"	"potential prognostic unfavorable (2.50e-4)"	"unprognostic (5.13e-2)"	"unprognostic (1.07e-1)"	"unprognostic (4.77e-2)"	"unprognostic (5.19e-2)"	"unprognostic (4.04e-2)"	"unprognostic (2.11e-1)"	"unprognostic (3.27e-1)"	"unprognostic (4.66e-2)"	"unprognostic (8.32e-3)"	"unprognostic (1.06e-2)"	"unprognostic (5.05e-2)"	"unprognostic (1.06e-1)"	"unprognostic (2.82e-2)"	"unprognostic (1.31e-2)"
MTSS1	"KIAA0429, MIM, MIMA, MIMB"	ENSG00000170873	"MTSS I-BAR domain containing 1"	O43312	8	124550784-124728473	"Plasma proteins, Predicted intracellular proteins"		Actin-binding	"Tumor suppressor"	"Evidence at protein level"	"Evidence at protein level"	"Evidence at protein level"	"Evidence at protein level"	"Low tissue specificity"	"Detected in all"			"Cell type enhanced"	"Detected in many"		"Inhibitory neurons: 199.2;monocytes: 359.3;Oligodendrocyte precursor cells: 338.2"	"Low cell type specificity"	"Detected in all"			"Cancer enhanced"	"Detected in all"		"Kidney Chromophobe (TCGA): 95.7"	"Low region specificity"	"Detected in all"			"Immune cell enhanced"	"Detected in many"		"non-classical monocyte: 169.7"	"Group enriched"	"Detected in all"	5	"B-cells: 50.6;monocytes: 169.7"	"Cancer enhanced"	"Detected in all"		"thyroid cancer: 46.4"	"Kidney - Endothelial cells, Liver - Hepatocytes, Pituitary gland - Undifferentiated cells (Pituitary gland)"	"Low region specificity"	"Detected in all"			"Low region specificity"	"Detected in all"			"HPA019613, HPA064003, HPA075540"	Approved	Supported	Approved	"Plasma membrane,Cytosol"			NA	NA		49000	"Cluster 40: Monocytes - Innate immune response"	"Cluster 19: Non-specific - Basic cellular processes"	"Cluster 25: Non-specific - Transcription"	"Cluster 40: Non-specific - Unknown function"	"Cluster 65: Neurons - Synaptic function"	5	"Plasma membrane, Cytosol"		"HPA019613: , HPA064003: , HPA075540: AB_2686756"	"unprognostic (3.73e-3)"	"unprognostic (6.71e-2)"	"unprognostic (5.47e-1)"	"unprognostic (1.07e-2)"	"unprognostic (6.17e-2)"	"unprognostic (4.90e-2)"	"unprognostic (1.25e-1)"	"potential prognostic favorable (4.69e-5)"	"unprognostic (3.31e-1)"	"unprognostic (8.84e-3)"	"validated prognostic favorable (7.31e-11)"	"validated prognostic favorable (4.72e-4)"	"unprognostic (8.89e-2)"	"unprognostic (3.20e-2)"	"unprognostic (7.61e-2)"	"unprognostic (2.57e-2)"	"unprognostic (4.51e-2)"	"unprognostic (1.89e-1)"	"unprognostic (4.07e-2)"	"unprognostic (1.72e-1)"	"unprognostic (8.51e-2)"	"unprognostic (2.16e-1)"	"unprognostic (8.39e-3)"	"unprognostic (1.96e-1)"	"unprognostic (1.87e-2)"	"unprognostic (8.14e-3)"	"unprognostic (4.62e-2)"	"unprognostic (5.12e-2)"	"unprognostic (1.99e-1)"	"unprognostic (2.17e-1)"	"unprognostic (2.49e-1)"
MYOF	"FER1L3, KIAA1207"	ENSG00000138119	Myoferlin	Q9NZM1	10	93306429-93482334	"Disease related genes, Human disease related genes, Plasma proteins, Potential drug targets, Predicted intracellular proteins, Predicted membrane proteins, Transporters"				"Evidence at protein level"	"Evidence at protein level"	"Evidence at protein level"	"Evidence at protein level"	"Low tissue specificity"	"Detected in many"			"Cell type enhanced"	"Detected in many"		"Alveolar cells type 1: 147.4;Glandular and luminal cells: 129.4"	"Cell type enhanced"	"Detected in many"		"central nervous system macrophage: 264.4;choroid plexus epithelial cell: 346.6;endothelial cell: 251.4;pericyte: 248.4;vascular associated smooth muscle cell: 224.5"	"Low cancer specificity"	"Detected in all"			"Region enhanced"	"Detected in all"		"choroid plexus: 78.3"	"Immune cell enhanced"	"Detected in some"		"intermediate monocyte: 20.4;non-classical monocyte: 26.7"	"Group enriched"	"Detected in many"	57	"dendritic cells: 8.1;monocytes: 26.7"	"Low cancer specificity"	"Detected in many"			"Adipose visceral - Adipose progenitor cells, Adrenal gland - Adrenal cortex cells"	"Low region specificity"	"Detected in many"			"Low region specificity"	"Detected in all"			HPA014245	Enhanced		Supported	"Vesicles,Plasma membrane,Primary cilium,Primary cilium tip,Centriolar satellite,Basal body"			NA	NA		1600000	"Cluster 40: Monocytes - Innate immune response"	"Cluster 62: Connective tissue - ECM organization"	"Cluster 8: Immune cells - Immune response"	"Cluster 53: Squamous epithelial cells - Keratinization"	"Cluster 37: Glandular & Luminal cells - Unknown function"	5	"Vesicles, Plasma membrane, Centriolar satellite"	"Primary cilium, Primary cilium tip, Basal body"	"HPA014245: AB_1848495"	"unprognostic (1.13e-1)"	"unprognostic (2.50e-1)"	"unprognostic (1.25e-1)"	"unprognostic (1.34e-1)"	"unprognostic (3.56e-1)"	"unprognostic (3.64e-2)"	"unprognostic (1.12e-1)"	"unprognostic (6.23e-3)"	"unprognostic (9.08e-2)"	"unprognostic (4.73e-1)"	"potential prognostic favorable (4.25e-5)"	"unprognostic (1.51e-1)"	"unprognostic (1.38e-1)"	"unprognostic (2.67e-2)"	"unprognostic (1.89e-1)"	"unprognostic (5.30e-3)"	"unprognostic (4.18e-2)"	"unprognostic (2.64e-2)"	"unprognostic (2.76e-3)"	"unprognostic (6.93e-3)"	"unprognostic (4.41e-3)"	"potential prognostic unfavorable (4.95e-4)"	"unprognostic (2.69e-2)"	"unprognostic (1.37e-1)"	"unprognostic (6.53e-2)"	"unprognostic (7.82e-2)"	"unprognostic (3.01e-2)"	"unprognostic (3.40e-1)"	"unprognostic (4.88e-3)"	"unprognostic (5.23e-2)"	"unprognostic (4.34e-3)"
NAAA	ASAHL	ENSG00000138744	"N-acylethanolamine acid amidase"	Q02083	4	75913660-75941013	"Enzymes, Metabolic proteins, Predicted intracellular proteins"	"Fatty acid metabolism, Lipid degradation, Lipid metabolism"	Hydrolase		"Evidence at protein level"	"Evidence at transcript level"	"Evidence at protein level"	"Evidence at protein level"	"Low tissue specificity"	"Detected in all"			"Cell type enhanced"	"Detected in many"		"monocytes: 204.2;Prostatic glandular cells: 147.2;Proximal enterocytes: 149.9"	"Low cell type specificity"	"Detected in all"			"Cancer enriched"	"Detected in all"	4	"Prostate Adenocarcinoma (TCGA): 133.4"	"Low region specificity"	"Detected in all"			"Immune cell enhanced"	"Detected in all"		"intermediate monocyte: 671.9;non-classical monocyte: 585.2"	"Lineage enriched"	"Detected in all"	5	"monocytes: 671.9"	"Low cancer specificity"	"Detected in all"			"Prostate - Prostate glandular cells, Spleen - Macrophages, Thyroid gland - Fibroblasts"	"Low region specificity"	"Detected in all"			"Low region specificity"	"Detected in all"			CAB026135	Approved				"Intracellular and membrane"	Enzyme	NA	NA			"Cluster 40: Monocytes - Innate immune response"	"Cluster 37: Liver & Intestine - Lipid metabolism"	"Cluster 44: Non-specific - Mixed function"	"Cluster 60: Prostate cancer - Unknown function"	"Cluster 29: Monocytes - Innate immune response"				"CAB026135: "	"unprognostic (3.76e-3)"	"potential prognostic unfavorable (8.34e-4)"	"unprognostic (5.48e-2)"	"unprognostic (2.46e-1)"	"unprognostic (2.82e-2)"	"unprognostic (1.37e-1)"	"unprognostic (5.56e-2)"	"unprognostic (6.83e-3)"	"unprognostic (5.76e-2)"	"unprognostic (1.64e-2)"	"unprognostic (8.15e-3)"	"unprognostic (4.52e-1)"	"unprognostic (7.10e-3)"	"unprognostic (5.02e-2)"	"unprognostic (6.80e-3)"	"unprognostic (3.67e-1)"	"unprognostic (1.59e-1)"	"unprognostic (1.58e-1)"	"unprognostic (2.38e-1)"	"unprognostic (4.66e-3)"	"unprognostic (1.83e-1)"	"unprognostic (2.20e-2)"	"unprognostic (2.16e-1)"	"unprognostic (1.97e-1)"	"unprognostic (4.87e-2)"	"unprognostic (4.24e-1)"	"unprognostic (1.10e-1)"	"unprognostic (2.67e-1)"	"unprognostic (7.83e-2)"	"unprognostic (1.40e-3)"	"unprognostic (1.28e-2)"
NHSL1	"bA43P8.1, C6orf63, KIAA1357"	ENSG00000135540	"NHS like 1"	Q5SYE7	6	138422043-138692571	"Predicted intracellular proteins"				"Evidence at protein level"	"Evidence at transcript level"	"Evidence at protein level"	"Evidence at protein level"	"Tissue enhanced"	"Detected in many"		"intestine: 22.4"	"Cell type enriched"	"Detected in many"	4	"Astrocytes: 476.2"	"Cell type enhanced"	"Detected in all"		"astrocyte: 944.8;bergmann glia: 1279.1;choroid plexus epithelial cell: 518.0"	"Low cancer specificity"	"Detected in all"			"Low region specificity"	"Detected in all"			"Immune cell enhanced"	"Detected in some"		"intermediate monocyte: 1.6;non-classical monocyte: 1.7"	"Low lineage specificity"	"Detected in single"			"Low cancer specificity"	"Detected in all"			"Liver - Hepatocytes, Lung - Alveolar cells type 2, Skin - Keratinocyte (other)"	"Low region specificity"	"Detected in all"			"Low region specificity"	"Detected in all"			"HPA029966, HPA029967"	Uncertain		Approved	"Nucleoplasm,Nuclear membrane"			NA	NA			"Cluster 40: Monocytes - Innate immune response"	"Cluster 37: Liver & Intestine - Lipid metabolism"	"Cluster 44: Non-specific - Mixed function"	"Cluster 54: Non-specific - Transcription"	"Cluster 47: Astrocytes - Unknown function"	11	"Nuclear membrane"	Nucleoplasm	"HPA029966: AB_10601972, HPA029967: AB_2673271"	"unprognostic (4.32e-2)"	"unprognostic (1.75e-1)"	"unprognostic (1.59e-1)"	"unprognostic (5.85e-2)"	"unprognostic (1.23e-2)"	"unprognostic (5.83e-2)"	"unprognostic (2.40e-2)"	"unprognostic (3.91e-2)"	"unprognostic (1.37e-1)"	"unprognostic (7.73e-2)"	"potential prognostic favorable (5.91e-5)"	"unprognostic (3.04e-3)"	"unprognostic (2.06e-1)"	"unprognostic (2.35e-1)"	"unprognostic (1.35e-1)"	"unprognostic (1.13e-1)"	"unprognostic (2.07e-1)"	"unprognostic (1.24e-2)"	"unprognostic (1.88e-2)"	"unprognostic (1.51e-2)"	"unprognostic (1.84e-1)"	"unprognostic (2.61e-1)"	"unprognostic (2.65e-1)"	"unprognostic (1.17e-1)"	"unprognostic (1.46e-2)"	"unprognostic (2.21e-1)"	"unprognostic (1.15e-1)"	"unprognostic (5.02e-2)"	"unprognostic (5.07e-1)"	"unprognostic (4.50e-2)"	"unprognostic (9.27e-2)"
NOXA1	"FLJ25475, NY-CO-31, SDCCAG31"	ENSG00000188747	"NADPH oxidase activator 1"	Q86UR1	9	137423350-137434406	"Predicted intracellular proteins"				"Evidence at protein level"	"Evidence at transcript level"	"Evidence at protein level"	"Evidence at protein level"	"Low tissue specificity"	"Detected in all"			"Cell type enhanced"	"Detected in many"		"Distal enterocytes: 36.7;Gastric mucus-secreting cells: 52.5;Proximal enterocytes: 42.6"	"Low cell type specificity"	"Detected in all"			"Low cancer specificity"	"Detected in all"			"Low region specificity"	"Detected in all"			"Immune cell enhanced"	"Detected in single"		"non-classical monocyte: 2.6"	"Low lineage specificity"	"Detected in single"			"Cancer enhanced"	"Detected in many"		"Gallbladder cancer: 44.1"		"Not detected"	"Not detected"			"Low region specificity"	"Detected in some"			HPA044781	Uncertain		Approved	Vesicles			NA	NA			"Cluster 37: Monocytes & Neutrophils - Innate immune response"	"Cluster 48: Stomach - Proteolysis"	"Cluster 32: Cerebral cortex - Mixed function"	"Cluster 57: Stomach & Colon cancer - Digestion"	"Cluster 5: Enterocytes - Absorption"	3	Vesicles		"HPA044781: AB_10960532"	"unprognostic (6.72e-2)"	"unprognostic (5.73e-2)"	"unprognostic (3.26e-2)"	"unprognostic (9.20e-2)"	"unprognostic (6.02e-3)"	"unprognostic (4.20e-2)"	"unprognostic (4.18e-2)"	"unprognostic (2.81e-1)"	"unprognostic (9.05e-2)"	"unprognostic (2.85e-2)"	"unprognostic (3.52e-3)"	"unprognostic (2.75e-2)"	"potential prognostic favorable (2.96e-5)"	"unprognostic (2.15e-1)"	"unprognostic (1.87e-1)"	"unprognostic (9.11e-3)"	"unprognostic (1.39e-1)"	"unprognostic (2.56e-1)"	"unprognostic (1.81e-1)"	"unprognostic (2.22e-1)"	"unprognostic (8.64e-2)"	"potential prognostic favorable (7.91e-4)"	"unprognostic (8.64e-2)"	"unprognostic (5.41e-3)"	"unprognostic (2.63e-1)"	"unprognostic (1.36e-1)"	"unprognostic (1.20e-1)"	"unprognostic (3.73e-2)"	"unprognostic (1.86e-1)"	"unprognostic (1.96e-1)"	"unprognostic (1.25e-1)"
OAS1	"IFI-4, OIAS, OIASI"	ENSG00000089127	"2'-5'-oligoadenylate synthetase 1"	P00973	12	112905856-112933219	"Disease related genes, Enzymes, Potential drug targets, Predicted intracellular proteins"	"Antiviral defense, Host-virus interaction, Immunity, Innate immunity"	"Nucleotidyltransferase, RNA-binding, Transferase"	"Disease variant"	"Evidence at protein level"	"Evidence at protein level"	"Evidence at protein level"	"Evidence at protein level"	"Tissue enhanced"	"Detected in all"		"salivary gland: 88.5;urinary bladder: 106.9"	"Cell type enhanced"	"Detected in many"		"Distal enterocytes: 146.4;Hofbauer cells: 108.6;monocytes: 110.8"	"Cell type enhanced"	"Detected in many"		"central nervous system macrophage: 85.8;endothelial cell: 43.6"	"Low cancer specificity"	"Detected in all"			"Low region specificity"	"Detected in all"			"Immune cell enhanced"	"Detected in all"		"non-classical monocyte: 575.0"	"Low lineage specificity"	"Detected in all"			"Low cancer specificity"	"Detected in many"			"Skeletal muscle - Fibroblasts"	"Not detected"	"Not detected"			"Low region specificity"	"Detected in all"			"HPA003657, CAB021104"	Uncertain		Supported	Nucleoplasm,Cytosol	"Intracellular and membrane"	Immunity	NA	NA			"Cluster 10: Non-specific - Membrane trafficking"	"Cluster 75: Epithelium - Extracellular exosomes"	"Cluster 43: Hindbrain - Mixed function"	"Cluster 31: Non-specific - Antiviral immune response"	"Cluster 58: Macrophages - Innate immune response"	6	"Nucleoplasm, Cytosol"		"CAB021104: AB_10057722, HPA003657: AB_1854747"	"unprognostic (4.75e-3)"	"unprognostic (2.62e-1)"	"unprognostic (2.29e-1)"	"unprognostic (1.09e-2)"	"unprognostic (1.06e-1)"	"unprognostic (2.14e-1)"	"unprognostic (3.29e-2)"	"unprognostic (2.15e-1)"	"unprognostic (3.40e-2)"	"unprognostic (2.75e-1)"	"unprognostic (7.42e-3)"	"unprognostic (1.90e-1)"	"unprognostic (1.89e-2)"	"unprognostic (1.24e-2)"	"unprognostic (1.21e-1)"	"potential prognostic unfavorable (9.00e-5)"	"unprognostic (3.04e-1)"	"unprognostic (7.77e-2)"	"unprognostic (2.46e-1)"	"unprognostic (1.10e-1)"	"unprognostic (8.66e-2)"	"potential prognostic unfavorable (3.22e-5)"	"unprognostic (1.41e-2)"	"unprognostic (2.34e-1)"	"unprognostic (9.99e-2)"	"unprognostic (2.64e-2)"	"unprognostic (2.68e-1)"	"unprognostic (5.74e-2)"	"unprognostic (9.14e-3)"	"unprognostic (2.06e-2)"	"unprognostic (6.70e-2)"
OAS3		ENSG00000111331	"2'-5'-oligoadenylate synthetase 3"	Q9Y6K5	12	112938051-112976460	"Enzymes, Predicted intracellular proteins"	"Antiviral defense, Immunity, Innate immunity"	"Nucleotidyltransferase, RNA-binding, Transferase"		"Evidence at protein level"	"Evidence at protein level"	"Evidence at protein level"	"Evidence at protein level"	"Low tissue specificity"	"Detected in many"			"Cell type enhanced"	"Detected in many"		"Lymphatic endothelial cells: 42.3"	"Cell type enriched"	"Detected in many"	4	"endothelial cell: 49.9"	"Low cancer specificity"	"Detected in all"			"Low region specificity"	"Detected in all"			"Immune cell enhanced"	"Detected in many"		"non-classical monocyte: 15.3"	"Low lineage specificity"	"Detected in all"			"Low cancer specificity"	"Detected in many"				"Not detected"	"Not detected"							"HPA041253, HPA041372"	Uncertain		Supported	"Nucleoplasm,Plasma membrane,Cytosol"			Yes	No		30000	"Cluster 37: Monocytes & Neutrophils - Innate immune response"	"Cluster 77: Bone marrow - Cell proliferation"	"Cluster 43: Hindbrain - Mixed function"	"Cluster 31: Non-specific - Antiviral immune response"	"Cluster 41: Adipocytes & Endothelial cells - Mixed function"	18	"Nucleoplasm, Cytosol"	"Plasma membrane"	"HPA041253: AB_10794990, HPA041372: AB_10795590"	"unprognostic (9.88e-2)"	"unprognostic (1.29e-1)"	"unprognostic (3.44e-2)"	"unprognostic (1.39e-1)"	"unprognostic (1.10e-1)"	"unprognostic (3.48e-2)"	"unprognostic (8.78e-2)"	"unprognostic (3.78e-2)"	"unprognostic (1.25e-1)"	"unprognostic (3.32e-1)"	"unprognostic (1.13e-3)"	"unprognostic (2.11e-1)"	"unprognostic (1.17e-1)"	"unprognostic (5.84e-2)"	"unprognostic (1.53e-2)"	"unprognostic (1.73e-2)"	"unprognostic (3.43e-2)"	"unprognostic (3.30e-2)"	"unprognostic (1.27e-1)"	"unprognostic (3.95e-1)"	"unprognostic (1.86e-1)"	"potential prognostic unfavorable (6.47e-5)"	"unprognostic (3.06e-3)"	"unprognostic (9.59e-2)"	"unprognostic (3.68e-2)"	"unprognostic (5.76e-3)"	"unprognostic (2.17e-2)"	"unprognostic (8.94e-2)"	"unprognostic (7.91e-2)"	"unprognostic (4.32e-2)"	"unprognostic (2.54e-2)"
P2RX1	P2X1	ENSG00000108405	"Purinergic receptor P2X 1"	P51575	17	3896592-3916476	"Predicted membrane proteins"	"Apoptosis, Ion transport, Transport"	"Ion channel, Ligand-gated ion channel, Receptor"	"Disease variant"	"Evidence at protein level"	"Evidence at transcript level"	"Evidence at protein level"	"Evidence at protein level"	"Tissue enhanced"	"Detected in many"		"bone marrow: 41.6;pancreas: 63.1;urinary bladder: 73.0"	"Cell type enhanced"	"Detected in some"		"dendritic cells: 48.3;Erythroid cells: 16.5;granulocytes: 67.4;monocytes: 72.6;Plasma cells: 39.8"	"Group enriched"	"Detected in some"	4	"central nervous system macrophage: 14.2;leukocyte: 21.4;vascular associated smooth muscle cell: 7.4"	"Low cancer specificity"	"Detected in many"			"Low region specificity"	"Detected in some"			"Immune cell enhanced"	"Detected in many"		"non-classical monocyte: 46.5"	"Group enriched"	"Detected in many"	30	"dendritic cells: 15.2;granulocytes: 23.6;monocytes: 46.5"	"Group enriched"	"Detected in some"	9	"Leukemia: 14.1;Myeloma: 15.5"	"Adipose subcutaneous - Smooth muscle cells, Adipose visceral - Smooth muscle cells, Minor Salivary Gland - Plasma cells, Skin - Smooth muscle cells"	"Not detected"	"Not detected"			"Region enriched"	"Detected in single"	5	"midbrain: 1.8"	HPA057678			Approved	"Endoplasmic reticulum"			NA	NA			"Cluster 37: Monocytes & Neutrophils - Innate immune response"	"Cluster 48: Stomach - Proteolysis"	"Cluster 46: Brainstem - Mixed function"	"Cluster 35: RS4;11 - Unknown function"	"Cluster 57: Platelets - Hemostasis"	4	"Endoplasmic reticulum"		"HPA057678: "	"unprognostic (9.25e-3)"		"unprognostic (6.95e-2)"			"unprognostic (4.09e-3)"									"unprognostic (2.79e-2)"	"potential prognostic favorable (1.04e-4)"	"unprognostic (2.03e-2)"	"unprognostic (7.35e-3)"	"unprognostic (1.23e-1)"			"unprognostic (2.86e-1)"	"unprognostic (2.51e-2)"	"unprognostic (3.11e-2)"		"unprognostic (1.30e-1)"		"unprognostic (2.97e-1)"	"unprognostic (1.01e-1)"		
PDGFRB	"CD140b, JTK12, PDGFR, PDGFR1"	ENSG00000113721	"Platelet derived growth factor receptor beta"	P09619	5	150113839-150155872	"Cancer-related genes, CD markers, Disease related genes, Enzymes, FDA approved drug targets, Human disease related genes, Plasma proteins, Predicted intracellular proteins, Predicted membrane proteins, RAS pathway related proteins, Transporters"	Chemotaxis	"Developmental protein, Kinase, Receptor, Transferase, Tyrosine-protein kinase"	"Cancer-related genes, Disease variant, FDA approved drug targets, Proto-oncogene"	"Evidence at protein level"	"Evidence at protein level"	"Evidence at protein level"	"Evidence at protein level"	"Low tissue specificity"	"Detected in many"			"Cell type enhanced"	"Detected in many"		"Fibroblasts: 138.3;Leydig cells: 158.6;Peritubular cells: 202.3;Sertoli cells: 514.0;Smooth muscle cells: 264.7"	"Cell type enhanced"	"Detected in many"		"pericyte: 1272.1;vascular associated smooth muscle cell: 573.5"	"Low cancer specificity"	"Detected in all"			"Low region specificity"	"Detected in all"			"Immune cell enhanced"	"Detected in single"		"non-classical monocyte: 1.6"	"Low lineage specificity"	"Detected in single"			"Cancer enhanced"	"Detected in many"		"Adrenocortical cancer: 36.3;testis cancer: 35.2"	"Adipose subcutaneous - Adipose progenitor cells, Adipose visceral - Adipose progenitor cells, Adrenal gland - Fibroblasts, Kidney - Fibroblasts, Pituitary gland - Fibroblasts, Prostate - Fibroblasts"	"Low region specificity"	"Detected in all"			"Low region specificity"	"Detected in all"			"CAB003842, CAB018144, HPA028499"	Enhanced		Supported	"Golgi apparatus,Vesicles"			NA	NA		24000000	"Cluster 33: Non-specific - ATP binding"	"Cluster 7: Adipose tissue - Mixed function"	"Cluster 23: Choroid plexus - Mixed function"	"Cluster 44: Connective tissue cells - ECM organization"	"Cluster 48: Smooth muscle cells - Signal transduction"	59	Vesicles	"Golgi apparatus"	"CAB003842: AB_562328, CAB018144: AB_2162497, HPA028499: AB_10602018"	"unprognostic (2.32e-2)"	"unprognostic (5.35e-2)"	"unprognostic (7.84e-2)"	"unprognostic (2.84e-1)"	"unprognostic (1.30e-2)"	"unprognostic (2.92e-2)"	"unprognostic (2.58e-1)"	"unprognostic (3.22e-2)"	"unprognostic (9.09e-2)"	"unprognostic (4.05e-2)"	"unprognostic (1.19e-2)"	"unprognostic (1.21e-3)"	"potential prognostic unfavorable (5.35e-5)"	"unprognostic (1.18e-1)"	"unprognostic (3.11e-1)"	"unprognostic (1.88e-1)"	"unprognostic (5.43e-3)"	"unprognostic (1.67e-2)"	"unprognostic (1.83e-1)"	"unprognostic (3.85e-3)"	"unprognostic (1.34e-3)"	"unprognostic (5.78e-2)"	"unprognostic (1.18e-1)"	"unprognostic (2.50e-1)"	"unprognostic (2.58e-1)"	"unprognostic (2.00e-2)"	"unprognostic (6.30e-3)"	"unprognostic (7.20e-3)"	"unprognostic (2.45e-2)"	"unprognostic (9.92e-2)"	"unprognostic (6.78e-2)"
PECAM1	CD31	ENSG00000261371	"Platelet and endothelial cell adhesion molecule 1"	P16284	17	64319415-64413776	"Cancer-related genes, Candidate cardiovascular disease genes, CD markers, Plasma proteins, Predicted intracellular proteins, Predicted membrane proteins"	"Cell adhesion, Phagocytosis"		"Cancer-related genes"	"Evidence at protein level"	"Evidence at protein level"	"Evidence at protein level"	"Evidence at protein level"	"Tissue enhanced"	"Detected in all"		"placenta: 439.6"	"Cell type enhanced"	"Detected in many"		"Adipocytes: 681.6;Endothelial cells: 592.8;Lymphatic endothelial cells: 217.7;monocytes: 309.0;Plasma cells: 138.0"	"Cell type enhanced"	"Detected in many"		"central nervous system macrophage: 140.9;endothelial cell: 446.3;leukocyte: 107.9"	"Cancer enhanced"	"Detected in all"		"Kidney Renal Clear Cell Carcinoma (TCGA): 166.1"	"Low region specificity"	"Detected in all"			"Immune cell enhanced"	"Detected in all"		"non-classical monocyte: 706.3"	"Low lineage specificity"	"Detected in all"			"Cancer enriched"	"Detected in many"	5	"Leukemia: 41.9"	"Adipose subcutaneous - Endothelial cells, Adipose visceral - Endothelial cells, Adrenal gland - Endothelial cells, Breast - Endothelial cells, Colon - Endothelial cells, Heart muscle - Endothelial cells, Kidney - Endothelial cells, Liver - Vascular Endothelial cells, Lung - Endothelial cells, Minor Salivary Gland - Endothelial cells, Pancreas - Endothelial cells, Pituitary gland - Endothelial cells, Prostate - Endothelial cells, Skeletal muscle - Endothelial cells, Skin - Endothelial cells, Stomach - Endothelial cells, Testis - Endothelial cells, Thyroid gland - Endothelial cells"	"Low region specificity"	"Detected in all"			"Low region specificity"	"Detected in all"			"HPA004690, HPA004871"	Enhanced		Approved	"Nucleoli,Plasma membrane"			NA	NA		66000000	"Cluster 37: Monocytes & Neutrophils - Innate immune response"	"Cluster 58: Placenta - Pregnancy"	"Cluster 47: Endothelial cells - Vasculature"	"Cluster 48: Adipocytes & Endothelial cells - Angiogenesis"	"Cluster 41: Adipocytes & Endothelial cells - Mixed function"	66	"Nucleoli, Plasma membrane"		"HPA004690: AB_1078462, HPA004871: "	"unprognostic (1.07e-1)"	"unprognostic (3.74e-1)"	"unprognostic (1.71e-1)"	"unprognostic (6.38e-2)"	"unprognostic (5.71e-2)"	"unprognostic (1.12e-1)"	"unprognostic (2.42e-2)"		"unprognostic (2.23e-2)"	"unprognostic (1.01e-1)"	"validated prognostic favorable (1.17e-10)"	"validated prognostic favorable (6.17e-5)"	"potential prognostic unfavorable (7.07e-4)"	"unprognostic (2.02e-1)"	"unprognostic (8.94e-2)"	"unprognostic (1.09e-3)"	"unprognostic (6.36e-2)"	"unprognostic (5.17e-3)"	"unprognostic (1.02e-1)"	"unprognostic (3.52e-2)"		"unprognostic (2.20e-1)"		"unprognostic (1.32e-1)"	"unprognostic (3.53e-2)"	"unprognostic (1.57e-1)"	"unprognostic (2.10e-1)"	"unprognostic (2.35e-3)"	"unprognostic (8.33e-3)"	"unprognostic (1.06e-2)"	"unprognostic (1.84e-1)"
PHTF2	DKFZp434D166	ENSG00000006576	"Putative homeodomain transcription factor 2"	Q8N3S3	7	77798773-77957503	"Predicted membrane proteins, Transcription factors"				"Evidence at protein level"	"Evidence at transcript level"	"Evidence at transcript level"	"Evidence at protein level"	"Tissue enhanced"	"Detected in all"		"skeletal muscle: 107.2;tongue: 52.1"	"Cell type enhanced"	"Detected in many"		"Excitatory neurons: 105.4;Inhibitory neurons: 90.7;monocytes: 112.7;Oligodendrocytes: 134.4"	"Low cell type specificity"	"Detected in all"			"Cancer enhanced"	"Detected in all"		"Testicular Germ Cell Tumor (TCGA): 44.5"	"Low region specificity"	"Detected in all"			"Immune cell enhanced"	"Detected in all"		"non-classical monocyte: 25.7"	"Low lineage specificity"	"Detected in all"			"Low cancer specificity"	"Detected in all"			"Spleen - B-cells (Spleen), Testis - Spermatocytes, Testis - Spermatogonia"	"Low region specificity"	"Detected in all"			"Low region specificity"	"Detected in all"			HPA012312	Uncertain		Approved	Nucleoplasm,Cytosol			NA	NA			"Cluster 42: Non-specific - Vesicular transport"	"Cluster 14: Skeletal muscle - Muscle contraction"	"Cluster 53: Neurons - Mixed function"	"Cluster 39: Non-specific - Transcription"	"Cluster 78: NK-cells & T-cells - Immune system & Transcription"		Nucleoplasm	Cytosol	"HPA012312: AB_2668649"	"unprognostic (1.55e-1)"	"unprognostic (2.78e-1)"	"unprognostic (3.48e-2)"	"unprognostic (1.70e-1)"	"unprognostic (5.90e-2)"	"unprognostic (2.69e-2)"	"unprognostic (8.01e-2)"	"unprognostic (2.14e-1)"	"unprognostic (8.47e-2)"	"potential prognostic unfavorable (8.99e-4)"	"unprognostic (4.43e-2)"	"unprognostic (8.00e-2)"	"potential prognostic unfavorable (7.52e-4)"	"unprognostic (6.03e-3)"	"unprognostic (2.09e-2)"	"unprognostic (9.62e-2)"	"unprognostic (1.87e-3)"	"unprognostic (1.15e-1)"	"unprognostic (2.64e-1)"	"unprognostic (4.84e-2)"	"potential prognostic unfavorable (2.11e-5)"	"unprognostic (1.49e-2)"	"unprognostic (7.65e-3)"	"unprognostic (5.20e-2)"	"unprognostic (2.33e-1)"	"unprognostic (5.76e-3)"	"unprognostic (5.53e-2)"	"unprognostic (2.28e-2)"	"unprognostic (2.46e-1)"	"potential prognostic unfavorable (5.71e-4)"	"unprognostic (6.04e-2)"
PILRA	FDF03	ENSG00000085514	"Paired immunoglobin like type 2 receptor alpha"	Q9UKJ1	7	100367530-100400096	"Predicted membrane proteins, Predicted secreted proteins"	"Host-virus interaction"	Receptor		"Evidence at protein level"	"Evidence at transcript level"	"Evidence at protein level"	"Evidence at protein level"	"Low tissue specificity"	"Detected in all"			"Cell type enhanced"	"Detected in many"		"Hofbauer cells: 129.9;Kupffer cells: 84.8;Langerhans cells: 82.8;Macrophages: 124.2;monocytes: 429.9"	"Cell type enhanced"	"Detected in all"		"central nervous system macrophage: 204.2"	"Low cancer specificity"	"Detected in all"			"Low region specificity"	"Detected in all"			"Immune cell enhanced"	"Detected in many"		"neutrophil: 1664.4;non-classical monocyte: 1150.6"	"Group enriched"	"Detected in all"	5	"granulocytes: 1664.4;monocytes: 1150.6"	"Cancer enhanced"	"Detected in some"		"Leukemia: 6.8"	"Adipose subcutaneous - Macrophages, Adipose visceral - Macrophages"									HPA056132	Approved				"Secreted to blood"	Receptor	NA	NA		2200000	"Cluster 37: Monocytes & Neutrophils - Innate immune response"	"Cluster 81: Lymphoid tissue & Bone marrow - Innate immune response"	"Cluster 25: Non-specific - Transcription"	"Cluster 14: Myeloid leukemia - Innate immune response"	"Cluster 29: Monocytes - Innate immune response"	4			"HPA056132: AB_2683048"	"unprognostic (2.66e-2)"	"unprognostic (2.03e-1)"	"unprognostic (4.99e-2)"	"unprognostic (1.84e-2)"	"unprognostic (2.10e-1)"	"unprognostic (1.53e-1)"	"unprognostic (5.62e-2)"	"unprognostic (1.13e-1)"	"unprognostic (2.20e-1)"	"unprognostic (2.02e-1)"	"unprognostic (4.29e-2)"	"unprognostic (3.17e-1)"	"unprognostic (1.81e-1)"	"unprognostic (7.75e-2)"	"unprognostic (6.17e-2)"	"unprognostic (1.13e-1)"	"unprognostic (9.92e-3)"	"unprognostic (2.19e-1)"	"unprognostic (2.47e-1)"	"unprognostic (7.38e-2)"	"unprognostic (2.97e-1)"	"unprognostic (4.48e-2)"	"unprognostic (7.81e-2)"	"unprognostic (6.33e-2)"	"unprognostic (4.61e-2)"	"unprognostic (9.89e-2)"	"unprognostic (1.95e-3)"	"unprognostic (5.81e-3)"	"unprognostic (9.50e-3)"	"unprognostic (1.63e-1)"	"unprognostic (1.50e-1)"
POFUT1	"FUT12, KIAA0180, O-Fuc-T, O-FUT"	ENSG00000101346	"Protein O-fucosyltransferase 1"	Q9H488	20	32207855-32238658	"Disease related genes, Enzymes, Human disease related genes, Potential drug targets, Predicted intracellular proteins"	"Carbohydrate metabolism, Fucose metabolism, Notch signaling pathway"	"Glycosyltransferase, Transferase"		"Evidence at protein level"	"Evidence at protein level"	"Evidence at protein level"	"Evidence at protein level"	"Low tissue specificity"	"Detected in all"			"Low cell type specificity"	"Detected in many"			"Low cell type specificity"	"Detected in all"			"Low cancer specificity"	"Detected in all"			"Low region specificity"	"Detected in all"			"Immune cell enhanced"	"Detected in many"		"non-classical monocyte: 18.3"	"Lineage enriched"	"Detected in all"	5	"monocytes: 18.3"	"Low cancer specificity"	"Detected in all"			"Breast - Fibroblasts, Thyroid gland - Thyroid glandular cells"	"Low region specificity"	"Detected in all"			"Low region specificity"	"Detected in all"			"HPA054519, HPA059935"	Approved		Approved	Centrosome	"Intracellular and membrane"	Enzyme	NA	NA		62000	"Cluster 40: Monocytes - Innate immune response"	"Cluster 1: Liver & Kidney - Metabolism"	"Cluster 44: Non-specific - Mixed function"	"Cluster 62: Non-specific - Plasma proteins"	"Cluster 22: Proximal enterocytes - Digestion"	3	Centrosome		"HPA054519: AB_2682515, HPA059935: AB_2684171"	"unprognostic (1.04e-1)"	"unprognostic (6.38e-2)"	"unprognostic (1.26e-3)"	"unprognostic (7.56e-3)"	"unprognostic (4.65e-2)"	"unprognostic (5.70e-2)"	"unprognostic (9.04e-2)"	"potential prognostic unfavorable (1.63e-4)"	"unprognostic (2.48e-1)"	"unprognostic (1.01e-1)"	"unprognostic (1.04e-2)"	"unprognostic (2.01e-1)"	"unprognostic (3.38e-1)"	"unprognostic (1.80e-1)"	"unprognostic (1.22e-1)"	"unprognostic (9.87e-3)"	"unprognostic (5.87e-2)"	"unprognostic (8.29e-2)"	"unprognostic (6.58e-2)"	"unprognostic (4.68e-2)"	"potential prognostic unfavorable (1.47e-5)"	"unprognostic (6.64e-2)"	"unprognostic (2.75e-1)"	"unprognostic (8.00e-2)"	"unprognostic (2.37e-3)"	"unprognostic (4.19e-2)"	"unprognostic (2.61e-1)"	"unprognostic (7.18e-2)"	"unprognostic (3.53e-1)"	"unprognostic (1.84e-2)"	"unprognostic (3.87e-1)"
POU2F2	"OCT2, OTF2"	ENSG00000028277	"POU class 2 homeobox 2"	P09086	19	42086110-42196585	"Cancer-related genes, Predicted intracellular proteins, Transcription factors"	"Transcription, Transcription regulation"	"Activator, DNA-binding"	"Cancer-related genes"	"Evidence at protein level"	"Evidence at protein level"	"Evidence at protein level"	"Evidence at protein level"	"Tissue enhanced"	"Detected in many"		"lymphoid tissue: 49.6"	"Cell type enhanced"	"Detected in many"		"B-cells: 250.8;Kupffer cells: 103.9;Langerhans cells: 138.2;Macrophages: 103.5;monocytes: 292.5;Plasma cells: 113.3"	"Cell type enhanced"	"Detected in all"		"central nervous system macrophage: 157.2"	"Low cancer specificity"	"Detected in many"			"Low region specificity"	"Detected in all"			"Immune cell enhanced"	"Detected in many"		"non-classical monocyte: 95.1"	"Low lineage specificity"	"Detected in all"			"Group enriched"	"Detected in many"	4	"lymphoma: 105.5;Myeloma: 32.3"	"Adipose subcutaneous - T-cells, Spleen - B-cells (Spleen)"	"Low region specificity"	"Detected in many"			"Low region specificity"	"Detected in all"			"CAB002513, HPA049056, HPA062096, HPA064404, HPA073998"	Enhanced		Enhanced	Nucleoplasm,Vesicles			NA	NA			"Cluster 40: Monocytes - Innate immune response"	"Cluster 70: Lymphoid tissue - Immune response"	"Cluster 10: Cerebellum - Nucleic acid binding"	"Cluster 55: Lymphoma - Immune response"	"Cluster 73: B-cells - B-cell function"	10	"Nucleoplasm, Vesicles"		"CAB002513: AB_442118, HPA049056: AB_2732550, HPA062096: AB_2684681, HPA064404: AB_2685259, HPA073998: "	"unprognostic (1.04e-2)"	"unprognostic (2.14e-2)"	"unprognostic (1.37e-2)"	"unprognostic (1.04e-1)"	"unprognostic (3.07e-2)"	"unprognostic (3.40e-1)"	"unprognostic (1.86e-2)"	"unprognostic (3.52e-2)"	"unprognostic (9.15e-2)"	"unprognostic (9.70e-2)"	"unprognostic (3.41e-3)"	"unprognostic (3.45e-2)"	"unprognostic (1.13e-1)"			"unprognostic (2.63e-2)"	"unprognostic (3.65e-1)"	"unprognostic (2.24e-2)"	"unprognostic (9.99e-2)"	"unprognostic (1.76e-1)"	"unprognostic (3.67e-2)"	"unprognostic (3.42e-1)"	"unprognostic (1.02e-3)"	"unprognostic (1.67e-1)"	"unprognostic (1.46e-1)"	"unprognostic (8.78e-3)"	"unprognostic (7.01e-2)"	"unprognostic (3.85e-1)"	"unprognostic (8.54e-2)"	"unprognostic (1.28e-1)"	"unprognostic (2.72e-2)"
PPARGC1B	"PERC, PGC1B, PPARAGCIbeta"	ENSG00000155846	"PPARG coactivator 1 beta"	Q86YN6	5	149730298-149855022	"Human disease related genes, Predicted intracellular proteins"	"Transcription, Transcription regulation"	"Activator, RNA-binding"		"Evidence at protein level"	"Evidence at protein level"	"Evidence at protein level"	"Evidence at protein level"	"Tissue enhanced"	"Detected in many"		"retina: 11.7"	"Cell type enhanced"	"Detected in many"		"Bipolar cells: 101.2;Cone photoreceptor cells: 66.3;Rod photoreceptor cells: 83.0"	"Low cell type specificity"	"Detected in many"			"Low cancer specificity"	"Detected in many"			"Low region specificity"	"Detected in all"			"Immune cell enhanced"	"Detected in some"		"non-classical monocyte: 3.1"	"Low lineage specificity"	"Detected in many"			"Low cancer specificity"	"Detected in all"			"Heart muscle - Cardiomyocytes, Testis - Spermatogonia"	"Low region specificity"	"Detected in many"			"Low region specificity"	"Detected in all"			HPA050543			Supported	Nucleoplasm,Cytosol			NA	Yes			"Cluster 40: Monocytes - Innate immune response"	"Cluster 39: Retina & Testis - Cilium"	"Cluster 10: Cerebellum - Nucleic acid binding"	"Cluster 26: Non-specific - Mitochondria & RNA binding"	"Cluster 25: Bipolar cells - Visual perception"	2	Nucleoplasm	Cytosol	"HPA050543: AB_2681165"	"unprognostic (5.65e-2)"	"unprognostic (1.60e-1)"	"unprognostic (1.25e-2)"	"unprognostic (2.34e-2)"	"unprognostic (3.29e-2)"	"unprognostic (4.81e-2)"		"unprognostic (1.94e-2)"	"unprognostic (1.21e-2)"		"unprognostic (8.85e-2)"	"unprognostic (2.08e-1)"			"unprognostic (1.77e-1)"	"unprognostic (1.77e-1)"	"unprognostic (4.97e-2)"	"unprognostic (6.84e-2)"	"unprognostic (8.23e-3)"	"unprognostic (6.98e-3)"	"unprognostic (1.23e-1)"	"unprognostic (1.20e-1)"	"unprognostic (1.59e-1)"	"unprognostic (3.06e-1)"	"unprognostic (5.71e-3)"	"unprognostic (3.21e-1)"	"unprognostic (1.62e-2)"	"unprognostic (9.25e-2)"	"unprognostic (1.33e-1)"		"unprognostic (1.02e-3)"
PPM1L	PP2CE	ENSG00000163590	"Protein phosphatase, Mg2+/Mn2+ dependent 1L"	Q5SGD2	3	160755602-161078902	"Enzymes, Metabolic proteins, Predicted intracellular proteins, Predicted membrane proteins"		"Hydrolase, Protein phosphatase"		"Evidence at protein level"	"Evidence at transcript level"	"Evidence at protein level"	"Evidence at protein level"	"Low tissue specificity"	"Detected in all"			"Cell type enhanced"	"Detected in many"		"Astrocytes: 120.1;Excitatory neurons: 333.0;Inhibitory neurons: 168.3;Oligodendrocyte precursor cells: 104.7"	"Low cell type specificity"	"Detected in all"			"Cancer enhanced"	"Detected in all"		"Kidney Chromophobe (TCGA): 20.4"	"Low region specificity"	"Detected in all"			"Immune cell enhanced"	"Detected in many"		"non-classical monocyte: 4.9"	"Low lineage specificity"	"Detected in many"			"Low cancer specificity"	"Detected in many"			"Adrenal gland - Adrenal cortex cells, Pituitary gland - Corticotropes"	"Low region specificity"	"Detected in all"			"Low region specificity"	"Detected in all"			"HPA019891, HPA019953"	Approved		Approved	Nucleoplasm,Cytosol			NA	NA		16000	"Cluster 25: Non-specific - Unknown function"	"Cluster 3: Non-specific - Unknown function"	"Cluster 52: Neurons & Synapses - Synaptic function"	"Cluster 21: Lymphoma - Adaptive immune response"	"Cluster 34: Neurons - Neuronal signaling"	1	Cytosol	Nucleoplasm	"HPA019891: AB_1855631, HPA019953: AB_2170360"	"potential prognostic favorable (1.18e-4)"	"unprognostic (3.87e-3)"	"unprognostic (1.03e-1)"	"unprognostic (1.14e-1)"	"unprognostic (2.29e-1)"	"unprognostic (4.41e-2)"	"unprognostic (6.49e-2)"	"unprognostic (1.33e-3)"	"unprognostic (7.78e-2)"	"unprognostic (1.42e-1)"	"validated prognostic favorable (7.70e-5)"	"validated prognostic favorable (3.86e-4)"	"unprognostic (2.16e-1)"	"unprognostic (1.75e-1)"	"unprognostic (3.87e-1)"	"unprognostic (1.43e-1)"	"unprognostic (2.48e-2)"	"unprognostic (6.89e-3)"	"unprognostic (2.39e-2)"	"unprognostic (8.33e-2)"		"unprognostic (1.31e-3)"	"unprognostic (2.99e-2)"	"unprognostic (1.95e-1)"	"unprognostic (2.41e-1)"	"unprognostic (2.93e-1)"	"unprognostic (7.05e-3)"	"unprognostic (9.59e-2)"	"unprognostic (2.00e-1)"	"unprognostic (1.20e-2)"	"unprognostic (7.82e-2)"
PRR11	FLJ11029	ENSG00000068489	"Proline rich 11"	Q96HE9	17	59155732-59206709	"Predicted intracellular proteins"				"Evidence at protein level"	"Evidence at transcript level"	"Evidence at protein level"	"Evidence at protein level"	"Tissue enhanced"	"Detected in many"		"bone marrow: 17.8;lymphoid tissue: 20.0"	"Cell type enhanced"	"Detected in many"		"Erythroid cells: 54.0;Extravillous trophoblasts: 38.7;Kupffer cells: 23.2;Undifferentiated cells: 28.2"	"Cell type enhanced"	"Detected in many"		"central nervous system macrophage: 13.8"	"Low cancer specificity"	"Detected in all"			"Low region specificity"	"Detected in all"			"Immune cell enhanced"	"Detected in many"		"non-classical monocyte: 9.6"	"Low lineage specificity"	"Detected in many"			"Low cancer specificity"	"Detected in all"			"Adrenal gland - Mitotic cells (Adrenal gland), Lung - Mitotic cells (Lung), Minor Salivary Gland - Mitotic cells (Minor salivary gland), Skin - Mitotic cells (Skin), Spleen - Mitotic cells (Spleen), Stomach - Mitotic cells (Stomach)"	"Low region specificity"	"Detected in single"			"Low region specificity"	"Detected in all"			"HPA023923, HPA052376"	Uncertain		Approved	"Endoplasmic reticulum"			Yes	Yes			"Cluster 25: Non-specific - Unknown function"	"Cluster 67: Lymphoid tissue & Bone marrow - Cell proliferation"	"Cluster 48: Non-specific - Mixed function"	"Cluster 27: Breast cancer - Unknown function"	"Cluster 52: Non-specific - Cell proliferation"	4	"Endoplasmic reticulum"		"HPA023923: AB_1855783, HPA052376: AB_2681803"	"unprognostic (2.42e-1)"	"unprognostic (2.68e-2)"	"unprognostic (2.22e-1)"	"unprognostic (6.41e-3)"	"unprognostic (9.33e-2)"	"unprognostic (8.61e-2)"	"unprognostic (1.94e-1)"	"unprognostic (2.20e-1)"	"unprognostic (1.80e-2)"	"potential prognostic unfavorable (5.78e-5)"	"potential prognostic unfavorable (5.86e-5)"	"unprognostic (1.39e-2)"	"potential prognostic unfavorable (8.25e-6)"	"validated prognostic unfavorable (3.80e-7)"	"validated prognostic unfavorable (1.25e-7)"	"potential prognostic unfavorable (7.56e-6)"	"unprognostic (1.09e-3)"	"unprognostic (8.30e-3)"	"unprognostic (3.53e-1)"	"unprognostic (2.11e-1)"	"unprognostic (4.74e-1)"	"unprognostic (1.30e-3)"	"unprognostic (2.30e-3)"	"unprognostic (2.38e-1)"	"unprognostic (9.30e-2)"	"unprognostic (1.54e-2)"	"unprognostic (4.48e-3)"	"unprognostic (9.41e-2)"	"unprognostic (1.18e-1)"	"unprognostic (1.07e-2)"	"unprognostic (9.37e-2)"
PTPN13	"PTP-BAS, PTP-BL, PTP1E, PTPL1"	ENSG00000163629	"Protein tyrosine phosphatase non-receptor type 13"	Q12923	4	86594315-86815171	"Cancer-related genes, Enzymes, Predicted intracellular proteins"		"Hydrolase, Protein phosphatase"	"Cancer-related genes"	"Evidence at protein level"	"Evidence at transcript level"	"Evidence at protein level"	"Evidence at protein level"	"Tissue enhanced"	"Detected in many"		"retina: 120.5"	"Cell type enhanced"	"Detected in many"		"Alveolar cells type 2: 117.8;Astrocytes: 156.7;Cone photoreceptor cells: 135.9;Oligodendrocytes: 186.5;Rod photoreceptor cells: 163.5"	"Low cell type specificity"	"Detected in all"			"Low cancer specificity"	"Detected in many"			"Low region specificity"	"Detected in all"			"Immune cell enhanced"	"Detected in some"		"non-classical monocyte: 2.0"	"Low lineage specificity"	"Detected in single"			"Low cancer specificity"	"Detected in all"			"Adipose visceral - Mesothelial cells, Liver - Hepatic stellate cells, Lung - Alveolar cells type 2, Skin - Keratinocyte (other), Testis - Spermatocytes, Testis - Spermatogonia, Thyroid gland - Thyroid glandular cells"	"Low region specificity"	"Detected in all"			"Low region specificity"	"Detected in all"			"CAB002213, HPA065290"	Approved		Approved	"Plasma membrane,Primary cilium,Primary cilium transition zone,Basal body,Cytosol"			NA	NA			"Cluster 37: Monocytes & Neutrophils - Innate immune response"	"Cluster 39: Retina & Testis - Cilium"	"Cluster 55: Non-specific - Transcription"	"Cluster 1: Neuronal - Visual perception"	"Cluster 66: Photoreceptor cells - Visual perception"	33	"Plasma membrane, Primary cilium"	"Primary cilium transition zone, Basal body, Cytosol"	"CAB002213: AB_564089, HPA065290: "	"unprognostic (6.40e-3)"	"unprognostic (2.37e-2)"	"unprognostic (1.40e-1)"	"unprognostic (9.20e-2)"	"unprognostic (2.39e-1)"	"unprognostic (1.64e-2)"	"unprognostic (1.85e-1)"	"unprognostic (5.34e-1)"	"unprognostic (7.81e-3)"	"unprognostic (9.60e-2)"	"validated prognostic favorable (2.43e-6)"	"validated prognostic favorable (4.91e-4)"	"unprognostic (2.46e-1)"		"unprognostic (1.28e-1)"	"unprognostic (7.18e-2)"	"unprognostic (2.12e-1)"	"unprognostic (2.61e-1)"	"unprognostic (1.33e-1)"	"unprognostic (2.62e-2)"	"unprognostic (2.96e-1)"	"unprognostic (2.12e-2)"	"unprognostic (1.10e-1)"	"unprognostic (1.27e-1)"	"unprognostic (1.40e-1)"	"unprognostic (3.19e-1)"	"unprognostic (3.55e-1)"	"unprognostic (2.28e-3)"	"unprognostic (1.62e-1)"	"unprognostic (2.00e-1)"	"unprognostic (6.05e-2)"
RASL11A		ENSG00000122035	"RAS like family 11 member A"	Q6T310	13	27270830-27275192	"Enzymes, Predicted intracellular proteins"	"Transcription, Transcription regulation"	Hydrolase		"Evidence at protein level"	"Evidence at protein level"	"Evidence at protein level"	"Evidence at protein level"	"Low tissue specificity"	"Detected in many"			"Cell type enhanced"	"Detected in many"		"Gastric mucus-secreting cells: 38.9;monocytes: 33.8;Smooth muscle cells: 110.3"	"Group enriched"	"Detected in many"	4	"hippocampal CA4: 30.5;pericyte: 47.9;vascular associated smooth muscle cell: 33.2"	"Low cancer specificity"	"Detected in many"			"Low region specificity"	"Detected in all"			"Immune cell enhanced"	"Detected in some"		"non-classical monocyte: 1.3"	"Low lineage specificity"	"Detected in many"			"Cancer enhanced"	"Detected in many"		"Rhabdoid: 11.7"	"Spleen - Fibroblast_2"	"Low region specificity"	"Detected in all"			"Low region specificity"	"Detected in many"			"HPA004859, HPA053296"	Supported		Approved	"Nuclear bodies"			Yes	No			"Cluster 40: Monocytes - Innate immune response"	"Cluster 41: Smooth muscle tissue - ECM organization"	"Cluster 15: Non-specific - Transcription"	"Cluster 64: Connective tissue cells - ECM organization"	"Cluster 48: Smooth muscle cells - Signal transduction"	12	"Nuclear bodies"		"HPA004859: AB_2667270, HPA053296: AB_2682106"	"unprognostic (1.51e-2)"	"unprognostic (1.99e-1)"	"unprognostic (8.68e-3)"	"unprognostic (1.31e-1)"	"unprognostic (2.75e-3)"	"unprognostic (1.79e-2)"	"unprognostic (1.49e-1)"	"unprognostic (1.62e-2)"	"unprognostic (4.38e-2)"	"unprognostic (5.65e-2)"	"unprognostic (1.35e-1)"	"unprognostic (5.81e-3)"	"unprognostic (3.77e-3)"	"unprognostic (6.49e-2)"	"unprognostic (1.55e-1)"	"potential prognostic favorable (2.24e-4)"	"unprognostic (9.91e-2)"	"unprognostic (1.22e-1)"	"unprognostic (2.93e-1)"	"unprognostic (4.15e-1)"	"unprognostic (8.81e-2)"	"unprognostic (3.02e-2)"	"unprognostic (9.66e-3)"	"unprognostic (9.47e-2)"	"unprognostic (1.39e-1)"	"unprognostic (2.29e-2)"		"unprognostic (5.49e-2)"	"unprognostic (1.58e-1)"	"unprognostic (1.16e-1)"	"unprognostic (1.34e-1)"
RBBP8	"COM1, CtIP, RIM, SCKL2"	ENSG00000101773	"RB binding protein 8, endonuclease"	Q99708	18	22798261-23026488	"Disease related genes, Human disease related genes, Plasma proteins, Predicted intracellular proteins"	"Cell cycle, Cell division, DNA damage, DNA repair, Meiosis, Mitosis"	"DNA-binding, Endonuclease, Hydrolase, Nuclease"	"Disease variant, Dwarfism, Intellectual disability"	"Evidence at protein level"	"Evidence at protein level"	"Evidence at protein level"	"Evidence at protein level"	"Low tissue specificity"	"Detected in all"			"Cell type enhanced"	"Detected in all"		"Basal respiratory cells: 117.6;monocytes: 170.0;Spermatocytes: 123.2"	"Cell type enriched"	"Detected in all"	7	"choroid plexus epithelial cell: 307.9"	"Low cancer specificity"	"Detected in all"			"Region enriched"	"Detected in all"	6	"choroid plexus: 83.7"	"Immune cell enhanced"	"Detected in many"		"non-classical monocyte: 37.0"	"Low lineage specificity"	"Detected in all"			"Low cancer specificity"	"Detected in all"			"Breast - Breast myoepithelial cells, Kidney - Endothelial cells, Testis - Spermatocytes"	"Low region specificity"	"Detected in all"			"Low region specificity"	"Detected in all"			"HPA039890, HPA052946"	Approved		Supported	Nucleoplasm			NA	Yes			"Cluster 40: Monocytes - Innate immune response"	"Cluster 60: Choroid plexus - Transmembrane transport"	"Cluster 23: Choroid plexus - Mixed function"	"Cluster 10: Ciliated cells - Ion channel activity"	"Cluster 29: Monocytes - Innate immune response"	59	Nucleoplasm		"HPA039890: AB_10794756, HPA052946: AB_2681996"	"unprognostic (8.85e-2)"	"unprognostic (1.72e-3)"	"unprognostic (4.06e-2)"	"unprognostic (1.05e-1)"	"unprognostic (1.71e-2)"	"unprognostic (1.88e-1)"	"unprognostic (1.13e-1)"	"unprognostic (5.00e-2)"	"unprognostic (3.09e-1)"	"unprognostic (7.81e-2)"	"unprognostic (8.54e-2)"	"unprognostic (3.73e-2)"	"unprognostic (3.94e-1)"	"unprognostic (2.49e-3)"	"potential prognostic unfavorable (3.47e-4)"	"unprognostic (9.35e-2)"	"unprognostic (1.10e-1)"	"unprognostic (9.82e-2)"	"unprognostic (2.52e-2)"	"unprognostic (1.01e-2)"	"unprognostic (2.19e-1)"	"unprognostic (1.07e-3)"	"unprognostic (1.06e-2)"	"unprognostic (6.10e-3)"	"unprognostic (3.77e-1)"	"unprognostic (5.51e-2)"	"potential prognostic unfavorable (3.90e-4)"	"unprognostic (3.53e-3)"	"unprognostic (1.64e-1)"	"unprognostic (2.87e-3)"	"unprognostic (1.92e-1)"
RHOC	"ARH9, ARHC"	ENSG00000155366	"Ras homolog family member C"	P08134	1	112701127-112707434	"Cancer-related genes, Predicted intracellular proteins"			"Cancer-related genes"	"Evidence at protein level"	"Evidence at transcript level"	"Evidence at protein level"	"Evidence at protein level"	"Low tissue specificity"	"Detected in all"			"Cell type enhanced"	"Detected in many"		"Distal enterocytes: 961.1;Pancreatic endocrine cells: 842.2;Proximal enterocytes: 939.2"	"Cell type enhanced"	"Detected in many"		"endothelial cell: 116.9;pericyte: 118.1;vascular associated smooth muscle cell: 78.4"	"Low cancer specificity"	"Detected in all"			"Low region specificity"	"Detected in all"			"Immune cell enhanced"	"Detected in all"		"non-classical monocyte: 1403.4"	"Lineage enriched"	"Detected in all"	4	"monocytes: 1403.4"	"Low cancer specificity"	"Detected in all"				"Low region specificity"	"Detected in all"			"Low region specificity"	"Detected in all"			HPA051461	Uncertain						NA	NA		1200000	"Cluster 37: Monocytes & Neutrophils - Innate immune response"	"Cluster 24: Parathyroid gland - Vesicular transport"	"Cluster 44: Non-specific - Mixed function"	"Cluster 72: Neuronal - Signal transduction"	"Cluster 45: Non-specific - Mixed function"	34			"HPA051461: AB_2681493"	"unprognostic (7.56e-2)"	"unprognostic (1.16e-2)"	"unprognostic (1.50e-1)"	"unprognostic (1.53e-2)"	"unprognostic (4.25e-2)"	"unprognostic (3.32e-1)"	"unprognostic (3.41e-2)"	"unprognostic (3.21e-2)"	"unprognostic (5.82e-2)"	"unprognostic (9.08e-2)"	"unprognostic (8.39e-3)"	"unprognostic (3.81e-1)"	"unprognostic (2.06e-2)"	"validated prognostic unfavorable (2.90e-4)"	"validated prognostic unfavorable (8.90e-4)"	"validated prognostic unfavorable (1.13e-4)"	"validated prognostic unfavorable (2.60e-5)"	"unprognostic (3.42e-1)"	"unprognostic (9.02e-3)"	"unprognostic (1.28e-1)"	"unprognostic (2.40e-1)"	"unprognostic (1.06e-3)"	"unprognostic (2.35e-1)"	"unprognostic (9.15e-2)"	"unprognostic (1.14e-1)"	"unprognostic (2.05e-1)"	"unprognostic (2.89e-1)"	"unprognostic (7.71e-2)"	"unprognostic (3.21e-1)"	"unprognostic (6.42e-2)"	"unprognostic (5.09e-3)"
RIN1		ENSG00000174791	"Ras and Rab interactor 1"	Q13671	11	66330241-66336840	"Predicted intracellular proteins, RAS pathway related proteins"	Endocytosis	"GTPase activation"		"Evidence at protein level"	"Evidence at protein level"	"Evidence at protein level"	"Evidence at protein level"	"Tissue enhanced"	"Detected in many"		"skin 1: 25.8"	"Cell type enhanced"	"Detected in many"		"Basal keratinocytes: 20.1;Basal respiratory cells: 23.6;Basal squamous epithelial cells: 24.8;monocytes: 24.5"	"Cell type enhanced"	"Detected in many"		"hippocampal dentate gyrus: 45.7"	"Low cancer specificity"	"Detected in many"			"Low region specificity"	"Detected in all"			"Immune cell enhanced"	"Detected in some"		"non-classical monocyte: 9.8"	"Lineage enriched"	"Detected in many"	6	"monocytes: 9.8"	"Low cancer specificity"	"Detected in many"			"Kidney - Endothelial cells, Liver - Vascular Endothelial cells, Skin - Keratinocyte (other)"	"Low region specificity"	"Detected in many"							HPA035491	Uncertain						NA	NA			"Cluster 37: Monocytes & Neutrophils - Innate immune response"	"Cluster 80: Non-specific - Endocytosis"	"Cluster 29: Forebrain - Mixed function"	"Cluster 72: Neuronal - Signal transduction"	"Cluster 12: Squamous epithelial cells - Keratinization"	63			"HPA035491: AB_10601608"	"potential prognostic unfavorable (3.59e-4)"	"unprognostic (2.77e-2)"	"unprognostic (7.71e-2)"	"unprognostic (2.22e-2)"	"unprognostic (3.85e-1)"	"unprognostic (8.74e-2)"	"validated prognostic unfavorable (2.61e-4)"	"validated prognostic unfavorable (8.78e-4)"	"unprognostic (1.27e-1)"		"unprognostic (1.83e-2)"	"unprognostic (3.24e-2)"	"unprognostic (2.67e-1)"		"unprognostic (3.52e-1)"	"unprognostic (3.36e-3)"	"unprognostic (2.55e-3)"	"unprognostic (1.05e-2)"	"unprognostic (1.79e-2)"	"unprognostic (1.51e-3)"	"unprognostic (5.23e-2)"	"unprognostic (6.02e-2)"	"unprognostic (2.72e-1)"	"unprognostic (2.94e-1)"	"potential prognostic favorable (2.97e-5)"	"unprognostic (3.49e-2)"	"unprognostic (1.10e-2)"	"unprognostic (4.05e-3)"	"unprognostic (3.21e-2)"	"unprognostic (3.75e-2)"	"unprognostic (1.16e-1)"
RNF144B	"bA528A10.3, IBRDC2, P53RFP"	ENSG00000137393	"Ring finger protein 144B"	Q7Z419	6	18387350-18468870	"Enzymes, Metabolic proteins, Predicted membrane proteins"	"Apoptosis, Ubl conjugation pathway"	Transferase		"Evidence at protein level"	"Evidence at protein level"	"Evidence at protein level"	"Evidence at protein level"	"Tissue enhanced"	"Detected in all"		"skeletal muscle: 54.9"	"Cell type enhanced"	"Detected in many"		"Basal keratinocytes: 326.7;Langerhans cells: 296.8;monocytes: 1645.6;Schwann cells: 263.9;Suprabasal keratinocytes: 714.4"	"Cell type enriched"	"Detected in many"	5	"endothelial cell: 655.8"	"Low cancer specificity"	"Detected in all"			"Low region specificity"	"Detected in all"			"Immune cell enhanced"	"Detected in many"		"non-classical monocyte: 72.3"	"Group enriched"	"Detected in many"	9	"dendritic cells: 18.4;granulocytes: 36.8;monocytes: 72.3"	"Cancer enhanced"	"Detected in many"		"lymphoma: 28.9"	"Skeletal muscle - Skeletal myocytes"	"Low region specificity"	"Detected in all"			"Low region specificity"	"Detected in all"			"CAB046013, HPA054127, HPA072469"	Uncertain		Approved	Nucleoli,Mitochondria			NA	NA			"Cluster 40: Monocytes - Innate immune response"	"Cluster 19: Non-specific - Basic cellular processes"	"Cluster 47: Endothelial cells - Vasculature"	"Cluster 46: Lymphoma - Humoral immune response"	"Cluster 29: Monocytes - Innate immune response"	10	Nucleoli	Mitochondria	"CAB046013: AB_11126028, HPA054127: AB_2682391, HPA072469: "	"unprognostic (1.29e-1)"	"unprognostic (9.36e-3)"	"unprognostic (1.71e-1)"	"unprognostic (2.24e-1)"	"unprognostic (3.38e-1)"	"unprognostic (3.75e-2)"	"unprognostic (6.26e-2)"	"unprognostic (2.95e-1)"	"unprognostic (6.43e-3)"	"unprognostic (9.91e-2)"	"potential prognostic favorable (2.33e-4)"	"unprognostic (3.49e-2)"	"unprognostic (1.42e-1)"	"unprognostic (3.17e-1)"	"potential prognostic favorable (4.09e-5)"	"unprognostic (1.90e-2)"	"unprognostic (1.23e-1)"	"unprognostic (2.71e-1)"	"unprognostic (5.53e-1)"	"unprognostic (1.89e-2)"	"unprognostic (1.14e-1)"	"unprognostic (3.21e-2)"	"unprognostic (1.72e-2)"	"unprognostic (1.83e-1)"	"unprognostic (6.93e-2)"	"unprognostic (6.85e-2)"	"unprognostic (4.73e-2)"	"unprognostic (8.17e-2)"	"unprognostic (1.48e-1)"	"unprognostic (7.23e-2)"	"unprognostic (7.82e-3)"
SAMD4A	"DKFZP434H0350, hSmaug1, KIAA1053, SAMD4, Smaug, SMG, SMGA"	ENSG00000020577	"Sterile alpha motif domain containing 4A"	Q9UPU9	14	54566117-54793315	"Predicted intracellular proteins"	"Translation regulation"	Repressor		"Evidence at protein level"	"Evidence at protein level"	"Evidence at protein level"	"Evidence at protein level"	"Tissue enhanced"	"Detected in many"		"brain: 83.7;skeletal muscle: 90.9;testis: 104.9"	"Group enriched"	"Detected in many"	4	"Early spermatids: 840.1;Late spermatids: 2389.6"	"Cell type enhanced"	"Detected in all"		"bergmann glia: 996.0"	"Low cancer specificity"	"Detected in all"			"Low region specificity"	"Detected in all"			"Immune cell enhanced"	"Detected in some"		"intermediate monocyte: 1.2;non-classical monocyte: 1.0"	"Low lineage specificity"	"Detected in single"			"Low cancer specificity"	"Detected in all"			"Skeletal muscle - Skeletal myocytes, Testis - Late spermatids"	"Low region specificity"	"Detected in all"			"Low region specificity"	"Detected in all"			"HPA043061, HPA065309"	Approved		Approved	"Cell Junctions,Cytosol"			NA	NA				"Cluster 44: Testis - Spermatogenesis"	"Cluster 43: Hindbrain - Mixed function"	"Cluster 3: Rhabdoid - Membrane components"	"Cluster 11: Late spermatids - Unknown function"	13	"Cell Junctions"	Cytosol	"HPA043061: AB_2678299, HPA065309: AB_2685462"	"unprognostic (3.37e-2)"	"unprognostic (5.10e-2)"	"unprognostic (2.29e-2)"	"unprognostic (7.21e-3)"	"unprognostic (7.06e-3)"	"unprognostic (7.43e-3)"	"unprognostic (2.04e-1)"	"unprognostic (2.53e-2)"	"unprognostic (4.85e-2)"	"unprognostic (2.70e-1)"	"potential prognostic favorable (4.78e-4)"	"unprognostic (1.50e-2)"	"unprognostic (6.70e-2)"	"unprognostic (1.35e-1)"	"unprognostic (1.99e-2)"	"unprognostic (2.98e-2)"	"unprognostic (2.05e-3)"	"unprognostic (4.48e-2)"	"unprognostic (4.04e-1)"	"unprognostic (2.67e-2)"	"potential prognostic unfavorable (6.33e-5)"	"unprognostic (1.95e-1)"	"unprognostic (5.46e-2)"	"unprognostic (1.35e-1)"	"unprognostic (8.46e-2)"	"unprognostic (1.03e-1)"	"unprognostic (2.27e-1)"	"unprognostic (1.47e-2)"	"unprognostic (8.05e-3)"	"unprognostic (3.71e-2)"	"unprognostic (9.91e-2)"
SFMBT2	KIAA1617	ENSG00000198879	"Scm like with four mbt domains 2"	Q5VUG0	10	7158624-7411488	"Predicted intracellular proteins"		Repressor		"Evidence at protein level"	"Evidence at protein level"	"Evidence at protein level"	"Evidence at protein level"	"Low tissue specificity"	"Detected in all"			"Cell type enhanced"	"Detected in many"		"Astrocytes: 140.6;Inhibitory neurons: 99.6;Microglial cells: 590.5;monocytes: 167.6;Oligodendrocytes: 105.8"	"Cell type enriched"	"Detected in all"	5	"central nervous system macrophage: 3486.3"	"Low cancer specificity"	"Detected in many"			"Low region specificity"	"Detected in all"			"Immune cell enhanced"	"Detected in some"		"non-classical monocyte: 4.6"	"Group enriched"	"Detected in many"	4	"dendritic cells: 2.4;monocytes: 4.6"	"Cancer enhanced"	"Detected in many"		"Myeloma: 17.5"		"Low region specificity"	"Detected in many"			"Low region specificity"	"Detected in all"			"HPA035447, HPA035448, HPA070388"	Uncertain		Supported	"Nucleoplasm,Nuclear speckles"			NA	NA			"Cluster 37: Monocytes & Neutrophils - Innate immune response"	"Cluster 28: Neuronal - Transcription"	"Cluster 20: Macrophages & Microglia - Immune response"	"Cluster 14: Myeloid leukemia - Innate immune response"	"Cluster 58: Macrophages - Innate immune response"	12	"Nucleoplasm, Nuclear speckles"		"HPA035447: AB_2674628, HPA035448: AB_10669904, HPA070388: "	"unprognostic (7.97e-2)"	"unprognostic (7.95e-2)"	"unprognostic (2.94e-2)"	"unprognostic (2.07e-2)"	"unprognostic (1.26e-1)"	"unprognostic (9.06e-2)"	"unprognostic (4.86e-2)"	"potential prognostic favorable (2.60e-4)"	"unprognostic (5.09e-3)"	"unprognostic (2.76e-1)"	"unprognostic (2.23e-3)"	"unprognostic (7.16e-2)"	"unprognostic (1.76e-1)"		"unprognostic (2.62e-2)"	"unprognostic (2.64e-1)"	"unprognostic (8.49e-2)"	"unprognostic (1.62e-1)"	"unprognostic (3.61e-1)"	"unprognostic (7.57e-2)"	"unprognostic (1.91e-1)"	"unprognostic (1.22e-1)"	"unprognostic (9.78e-3)"	"unprognostic (3.26e-1)"		"unprognostic (1.07e-2)"	"unprognostic (2.25e-1)"	"unprognostic (6.03e-2)"	"unprognostic (4.55e-2)"	"unprognostic (8.21e-3)"	
SHCBP1	"FLJ22009, PAL"	ENSG00000171241	"SHC binding and spindle associated 1"	Q8NEM2	16	46578591-46621379	"Predicted intracellular proteins"				"Evidence at protein level"	"Evidence at transcript level"	"Evidence at protein level"	"Evidence at protein level"	"Tissue enhanced"	"Detected in many"		"bone marrow: 17.2;lymphoid tissue: 10.3"	"Cell type enhanced"	"Detected in many"		"Erythroid cells: 17.6;Extravillous trophoblasts: 30.3;Plasma cells: 48.5;Spermatocytes: 34.9;Spermatogonia: 20.7"	"Cell type enhanced"	"Detected in many"		"bergmann glia: 55.6"	"Low cancer specificity"	"Detected in many"			"Low region specificity"	"Detected in all"			"Immune cell enhanced"	"Detected in some"		"non-classical monocyte: 2.5"	"Low lineage specificity"	"Detected in many"			"Low cancer specificity"	"Detected in all"			"Adrenal gland - Mitotic cells (Adrenal gland), Kidney - Ascending Loop of Henle cells, Lung - Mitotic cells (Lung), Minor Salivary Gland - Mitotic cells (Minor salivary gland), Spleen - Mitotic cells (Spleen), Stomach - Mitotic cells (Stomach), Testis - Spermatocytes, Thyroid gland - Mitotic cells (Thyroid)"	"Low region specificity"	"Detected in many"			"Not detected"	"Not detected"			HPA048876	Uncertain		Approved	"Nuclear bodies,Microtubules,Midbody,Mitotic spindle"			Yes	Yes			"Cluster 23: B-cells - Immunoglobulins"	"Cluster 77: Bone marrow - Cell proliferation"	"Cluster 48: Non-specific - Mixed function"	"Cluster 68: Non-specific - Cell cycle regulation"	"Cluster 61: Plasma cells - Immunoglobulins & histones"	21	"Nuclear bodies"	"Microtubules, Midbody, Mitotic spindle"	"HPA048876: AB_2680542"	"unprognostic (1.16e-2)"	"potential prognostic unfavorable (3.59e-4)"	"unprognostic (3.38e-1)"	"unprognostic (1.18e-1)"	"unprognostic (1.36e-1)"	"unprognostic (1.04e-1)"	"unprognostic (2.16e-1)"	"unprognostic (1.93e-1)"	"unprognostic (6.29e-2)"	"unprognostic (6.22e-3)"	"validated prognostic unfavorable (1.94e-6)"	"validated prognostic unfavorable (2.85e-6)"	"potential prognostic unfavorable (2.94e-11)"	"validated prognostic unfavorable (1.84e-4)"	"validated prognostic unfavorable (5.01e-8)"	"potential prognostic unfavorable (9.92e-7)"	"unprognostic (1.34e-3)"	"unprognostic (2.39e-1)"	"unprognostic (1.25e-2)"	"unprognostic (3.95e-1)"	"unprognostic (3.90e-2)"	"validated prognostic unfavorable (1.43e-7)"	"validated prognostic unfavorable (5.21e-5)"		"unprognostic (2.52e-3)"	"unprognostic (8.34e-2)"	"unprognostic (3.64e-2)"	"unprognostic (3.24e-1)"	"unprognostic (2.60e-1)"		"unprognostic (3.26e-2)"
SLC22A15	FLIPT1	ENSG00000163393	"Solute carrier family 22 member 15"	Q8IZD6	1	115976513-116070054	"Metabolic proteins, Predicted membrane proteins, Transporters"	"Amino-acid transport, Ion transport, Transport"			"Evidence at protein level"	"Evidence at protein level"	"Evidence at transcript level"	"Evidence at protein level"	"Tissue enhanced"	"Detected in many"		"bone marrow: 30.3"	"Cell type enriched"	"Detected in many"	4	"Oligodendrocytes: 232.8"	"Cell type enhanced"	"Detected in all"		"oligodendrocyte: 472.4"	"Low cancer specificity"	"Detected in many"			"Low region specificity"	"Detected in all"			"Immune cell enhanced"	"Detected in some"		"neutrophil: 1.3;non-classical monocyte: 1.2"	"Group enriched"	"Detected in many"	8	"granulocytes: 1.3;monocytes: 1.2"	"Low cancer specificity"	"Detected in many"			"Skin - Keratinocyte (other)"	"Low region specificity"	"Detected in all"			"Low region specificity"	"Detected in all"			HPA019785	Uncertain						NA	NA			"Cluster 35: Neutrophils - Protein binding"	"Cluster 5: Brain & Testis - Signal transduction"	"Cluster 28: Oligodendrocytes - Mixed function"	"Cluster 14: Myeloid leukemia - Innate immune response"	"Cluster 51: Oligodendrocytes - Unknown function"	1			"HPA019785: AB_1857011"	"unprognostic (1.52e-1)"	"unprognostic (2.32e-1)"	"unprognostic (7.76e-2)"	"unprognostic (1.22e-2)"	"unprognostic (1.56e-2)"	"unprognostic (8.13e-3)"	"unprognostic (1.60e-2)"	"unprognostic (6.34e-3)"	"unprognostic (1.69e-1)"	"unprognostic (1.11e-2)"	"potential prognostic unfavorable (5.87e-4)"	"unprognostic (9.90e-2)"	"unprognostic (2.03e-2)"	"potential prognostic unfavorable (2.43e-5)"	"unprognostic (1.86e-1)"	"unprognostic (1.15e-2)"	"unprognostic (3.30e-1)"	"unprognostic (1.03e-1)"	"unprognostic (2.82e-2)"			"unprognostic (4.30e-2)"	"unprognostic (4.38e-2)"	"unprognostic (1.22e-1)"	"unprognostic (1.18e-1)"	"unprognostic (9.89e-2)"	"unprognostic (3.25e-1)"	"unprognostic (9.77e-3)"	"unprognostic (4.48e-2)"	"unprognostic (5.94e-3)"	
SLC2A6	"GLUT6, GLUT9, HSA011372"	ENSG00000160326	"Solute carrier family 2 member 6"	Q9UGQ3	9	133471094-133479127	"Metabolic proteins, Predicted membrane proteins, Transporters"	"Sugar transport, Transport"			"Evidence at protein level"	"Evidence at protein level"	"Evidence at protein level"	"Evidence at protein level"	"Tissue enhanced"	"Detected in many"		"brain: 17.0;lymphoid tissue: 12.9"	"Cell type enriched"	"Detected in many"	4	"monocytes: 219.2"	"Low cell type specificity"	"Detected in all"			"Low cancer specificity"	"Detected in many"			"Low region specificity"	"Detected in all"			"Immune cell enhanced"	"Detected in many"		"non-classical monocyte: 73.5"	"Low lineage specificity"	"Detected in all"			"Low cancer specificity"	"Detected in all"			"Spleen - B-cells (Spleen)"	"Low region specificity"	"Detected in all"			"Low region specificity"	"Detected in all"			"HPA042272, CAB046014"	Uncertain						NA	NA			"Cluster 10: Non-specific - Membrane trafficking"	"Cluster 34: Non-specific - Mixed function"	"Cluster 52: Neurons & Synapses - Synaptic function"	"Cluster 55: Lymphoma - Immune response"	"Cluster 29: Monocytes - Innate immune response"	1			"CAB046014: AB_2270444, HPA042272: AB_2677924"	"unprognostic (2.01e-2)"	"unprognostic (3.75e-1)"	"unprognostic (5.13e-2)"	"unprognostic (6.95e-3)"	"unprognostic (2.26e-2)"	"unprognostic (1.03e-1)"	"unprognostic (1.54e-2)"	"unprognostic (5.78e-2)"	"unprognostic (5.20e-2)"		"potential prognostic unfavorable (9.84e-9)"	"unprognostic (2.40e-2)"	"unprognostic (2.38e-1)"	"unprognostic (1.46e-3)"	"unprognostic (1.66e-3)"	"unprognostic (7.85e-2)"	"unprognostic (2.71e-1)"	"unprognostic (4.15e-2)"	"unprognostic (2.74e-1)"	"unprognostic (9.34e-2)"	"unprognostic (3.02e-2)"	"unprognostic (3.97e-2)"	"unprognostic (3.74e-3)"		"unprognostic (5.09e-3)"	"unprognostic (4.20e-2)"	"unprognostic (3.00e-1)"	"unprognostic (7.00e-2)"	"unprognostic (5.53e-2)"		"unprognostic (5.15e-2)"
SLC7A7	"LPI, y+LAT-1"	ENSG00000155465	"Solute carrier family 7 member 7"	Q9UM01	14	22773222-22829820	"Disease related genes, FDA approved drug targets, Human disease related genes, Metabolic proteins, Predicted intracellular proteins, Predicted membrane proteins, Transporters"	"Amino-acid transport, Transport"		"Disease variant, FDA approved drug targets, Osteoporosis"	"Evidence at protein level"	"Evidence at protein level"	"Evidence at protein level"	"Evidence at protein level"	"Tissue enhanced"	"Detected in many"		"intestine: 117.6;kidney: 261.6"	"Cell type enhanced"	"Detected in many"		"Hofbauer cells: 247.6;Kupffer cells: 327.7;Macrophages: 131.4;monocytes: 264.1;Proximal enterocytes: 399.8;Proximal tubular cells: 264.5"	"Group enriched"	"Detected in many"	12	"central nervous system macrophage: 102.4;leukocyte: 28.6"	"Low cancer specificity"	"Detected in all"			"Low region specificity"	"Detected in all"			"Immune cell enhanced"	"Detected in many"		"intermediate monocyte: 393.7;non-classical monocyte: 447.3"	"Lineage enriched"	"Detected in many"	5	"monocytes: 447.3"	"Low cancer specificity"	"Detected in many"			"Adipose subcutaneous - Macrophages, Adipose visceral - Macrophages, Adrenal gland - Macrophages, Breast - Macrophages, Colon - Macrophages, Heart muscle - Macrophages, Kidney - Proximal tubular cells, Kidney - Proximal tubular cells, Lung - Macrophages, Minor Salivary Gland - Macrophages, Pituitary gland - Macrophages, Prostate - Macrophages, Skeletal muscle - Macrophages, Stomach - Macrophages, Testis - Early spermatids, Testis - Late spermatids, Thyroid gland - Macrophages"	"Low region specificity"	"Detected in many"			"Low region specificity"	"Detected in many"			HPA036227	Enhanced						NA	NA			"Cluster 40: Monocytes - Innate immune response"	"Cluster 52: Kidney - Transmembrane transport"	"Cluster 20: Macrophages & Microglia - Immune response"	"Cluster 53: Squamous epithelial cells - Keratinization"	"Cluster 22: Proximal enterocytes - Digestion"				"HPA036227: AB_10696653"	"unprognostic (1.44e-1)"	"unprognostic (1.27e-1)"	"unprognostic (2.29e-1)"	"unprognostic (2.59e-1)"	"unprognostic (2.24e-1)"	"unprognostic (2.27e-2)"	"unprognostic (1.19e-2)"	"unprognostic (2.12e-1)"	"unprognostic (1.03e-1)"	"unprognostic (1.78e-1)"	"unprognostic (7.61e-2)"	"unprognostic (1.38e-1)"	"unprognostic (6.10e-2)"	"unprognostic (4.85e-3)"	"unprognostic (1.86e-1)"	"unprognostic (2.58e-1)"	"unprognostic (5.88e-2)"	"unprognostic (3.59e-2)"	"unprognostic (1.31e-1)"	"unprognostic (3.62e-3)"	"unprognostic (4.60e-1)"	"unprognostic (2.02e-3)"	"unprognostic (5.04e-2)"	"unprognostic (1.20e-1)"	"unprognostic (2.87e-3)"	"unprognostic (3.50e-2)"	"unprognostic (1.80e-1)"	"unprognostic (3.58e-2)"	"unprognostic (4.06e-2)"	"unprognostic (2.54e-1)"	"unprognostic (3.08e-1)"
SMAD1	"JV4-1, MADH1, MADR1"	ENSG00000170365	"SMAD family member 1"	Q15797	4	145481194-145559176	"Cancer-related genes, Disease related genes, Predicted intracellular proteins, Transcription factors"	"Transcription, Transcription regulation"	DNA-binding	"Cancer-related genes"	"Evidence at protein level"	"Evidence at protein level"	"Evidence at protein level"	"Evidence at protein level"	"Low tissue specificity"	"Detected in all"			"Cell type enhanced"	"Detected in many"		"Early spermatids: 247.7;Endothelial cells: 118.8;Lymphatic endothelial cells: 217.7"	"Low cell type specificity"	"Detected in all"			"Low cancer specificity"	"Detected in all"			"Low region specificity"	"Detected in all"			"Immune cell enhanced"	"Detected in many"		"basophil: 46.5;non-classical monocyte: 22.3"	"Group enriched"	"Detected in many"	5	"granulocytes: 46.5;monocytes: 22.3"	"Low cancer specificity"	"Detected in all"			"Liver - Hepatocytes, Prostate - Endothelial cells"	"Low region specificity"	"Detected in all"			"Low region specificity"	"Detected in all"			CAB005389	Approved		Supported	Nucleoplasm,Cytosol			NA	NA			"Cluster 42: Non-specific - Vesicular transport"	"Cluster 62: Connective tissue - ECM organization"	"Cluster 40: Astrocytes - Astrocyte-neuron interactions"	"Cluster 46: Lymphoma - Humoral immune response"	"Cluster 54: Lymphatic endothelial cells - Lymph vessel development"	60	"Nucleoplasm, Cytosol"		"CAB005389: AB_656608"	"unprognostic (2.40e-2)"	"unprognostic (1.29e-1)"	"unprognostic (5.56e-2)"	"unprognostic (1.25e-1)"	"unprognostic (1.04e-1)"	"unprognostic (3.20e-1)"	"unprognostic (3.87e-1)"	"unprognostic (1.98e-1)"	"unprognostic (8.38e-2)"	"unprognostic (6.95e-3)"	"unprognostic (3.27e-3)"	"unprognostic (3.40e-2)"	"unprognostic (5.75e-2)"	"unprognostic (8.67e-2)"	"unprognostic (3.00e-3)"	"unprognostic (1.94e-2)"	"unprognostic (6.47e-3)"	"unprognostic (1.74e-1)"	"unprognostic (3.10e-1)"	"potential prognostic unfavorable (7.25e-5)"	"unprognostic (7.26e-2)"	"unprognostic (2.01e-1)"	"unprognostic (3.77e-2)"	"unprognostic (1.44e-1)"	"unprognostic (2.95e-2)"	"unprognostic (1.17e-1)"	"unprognostic (5.19e-2)"	"unprognostic (3.60e-1)"	"unprognostic (8.84e-2)"	"unprognostic (1.08e-3)"	"unprognostic (3.11e-1)"
SNX24	SBBI31	ENSG00000064652	"Sorting nexin 24"	Q9Y343	5	122843439-123029354	"Predicted intracellular proteins"	"Protein transport, Transport"			"Evidence at protein level"	"Evidence at transcript level"	"Evidence at protein level"	"Evidence at protein level"	"Low tissue specificity"	"Detected in all"			"Cell type enhanced"	"Detected in all"		"Late spermatids: 105.2"	"Low cell type specificity"	"Detected in all"			"Low cancer specificity"	"Detected in all"			"Low region specificity"	"Detected in all"			"Immune cell enhanced"	"Detected in some"		"non-classical monocyte: 3.2"	"Low lineage specificity"	"Detected in many"			"Low cancer specificity"	"Detected in all"			"Testis - Early spermatids"	"Low region specificity"	"Detected in all"			"Low region specificity"	"Detected in all"			"HPA044566, HPA073934"	Approved		Approved	Vesicles			NA	NA			"Cluster 37: Monocytes & Neutrophils - Innate immune response"	"Cluster 34: Non-specific - Mixed function"	"Cluster 45: Non-specific - Mixed function"	"Cluster 69: Skin cancer - ECM organization"	"Cluster 34: Neurons - Neuronal signaling"	10	Vesicles		"HPA044566: AB_10797034, HPA073934: AB_2686644"	"unprognostic (5.34e-2)"	"unprognostic (3.00e-1)"	"unprognostic (6.75e-2)"	"unprognostic (2.08e-1)"	"unprognostic (1.32e-2)"	"unprognostic (1.00e-1)"	"unprognostic (6.15e-2)"	"unprognostic (7.75e-2)"	"unprognostic (2.25e-1)"	"unprognostic (4.30e-2)"	"potential prognostic favorable (1.99e-4)"	"unprognostic (2.55e-2)"	"unprognostic (2.10e-2)"	"unprognostic (1.07e-3)"	"unprognostic (1.33e-2)"	"unprognostic (1.18e-1)"	"unprognostic (7.94e-2)"	"unprognostic (2.80e-1)"	"unprognostic (5.88e-2)"	"unprognostic (8.14e-2)"	"unprognostic (7.12e-2)"	"unprognostic (4.10e-2)"	"unprognostic (5.75e-2)"	"unprognostic (1.59e-1)"	"unprognostic (4.98e-2)"	"unprognostic (3.50e-1)"	"unprognostic (8.47e-2)"	"unprognostic (3.26e-2)"	"unprognostic (2.48e-1)"	"unprognostic (1.56e-1)"	"unprognostic (2.66e-3)"
SORT1	"Gp95, NT3"	ENSG00000134243	"Sortilin 1"	Q99523	1	109309568-109397918	"Disease related genes, Potential drug targets, Predicted intracellular proteins, Predicted membrane proteins, Transporters"	"Differentiation, Endocytosis, Osteogenesis, Transport"	"Developmental protein, Receptor"		"Evidence at protein level"	"Evidence at protein level"	"Evidence at protein level"	"Evidence at protein level"	"Tissue enhanced"	"Detected in all"		"brain: 150.6"	"Cell type enhanced"	"Detected in many"		"Oligodendrocytes: 416.8"	"Cell type enhanced"	"Detected in all"		"oligodendrocyte: 865.7"	"Low cancer specificity"	"Detected in all"			"Low region specificity"	"Detected in all"			"Immune cell enhanced"	"Detected in many"		"intermediate monocyte: 9.2;non-classical monocyte: 10.9"	"Low lineage specificity"	"Detected in many"			"Low cancer specificity"	"Detected in all"			"Adipose subcutaneous - Adipocytes (Subcutaneous), Adipose visceral - Adipocytes (Visceral), Adrenal gland - Adrenal cortex cells, Breast - Adipocytes (Breast), Prostate - Smooth muscle cells"	"Low region specificity"	"Detected in all"			"Low region specificity"	"Detected in all"			"HPA006889, CAB011498"	Enhanced		Supported	"Golgi apparatus,Plasma membrane,Cytosol"			NA	NA		40000	"Cluster 25: Non-specific - Unknown function"	"Cluster 54: Non-specific - Basic cellular processes"	"Cluster 11: White matter - Signal transduction"	"Cluster 9: Skin cancer - Melanin biosynthesis"	"Cluster 51: Oligodendrocytes - Unknown function"	58	"Golgi apparatus, Cytosol"	"Plasma membrane"	"CAB011498: AB_2192606, HPA006889: AB_1080056"	"unprognostic (1.92e-1)"	"unprognostic (5.29e-2)"	"unprognostic (1.03e-2)"	"unprognostic (3.61e-1)"	"potential prognostic favorable (2.02e-5)"	"unprognostic (5.63e-2)"	"unprognostic (2.17e-1)"	"unprognostic (2.51e-2)"	"unprognostic (1.75e-1)"	"unprognostic (1.31e-3)"	"validated prognostic favorable (2.94e-4)"	"validated prognostic favorable (2.80e-4)"	"unprognostic (4.33e-2)"	"unprognostic (1.99e-3)"	"unprognostic (8.20e-2)"	"unprognostic (1.21e-2)"	"unprognostic (4.21e-2)"	"unprognostic (2.50e-1)"	"unprognostic (2.09e-1)"	"unprognostic (2.51e-1)"	"unprognostic (9.90e-2)"	"unprognostic (9.34e-2)"	"unprognostic (4.51e-2)"	"unprognostic (7.37e-2)"	"unprognostic (3.81e-3)"	"unprognostic (1.41e-1)"	"unprognostic (3.03e-2)"	"unprognostic (5.14e-2)"	"unprognostic (7.09e-2)"	"unprognostic (1.46e-1)"	"unprognostic (9.26e-2)"
SOX15	"SOX20, SOX26, SOX27"	ENSG00000129194	"SRY-box transcription factor 15"	O60248	17	7588178-7590094	"Predicted intracellular proteins, Transcription factors"	"Transcription, Transcription regulation"	"Activator, DNA-binding, Repressor"		"Evidence at protein level"	"Evidence at protein level"	"Evidence at protein level"	"Evidence at protein level"	"Tissue enhanced"	"Detected in many"		"esophagus: 84.9;skin 1: 46.7"	"Group enriched"	"Detected in many"	4	"Basal keratinocytes: 178.5;Basal squamous epithelial cells: 420.8;Squamous epithelial cells: 360.5;Suprabasal keratinocytes: 164.8"	"Low cell type specificity"	"Detected in many"			"Cancer enhanced"	"Detected in many"		"Head and Neck Squamous Cell Carcinoma (TCGA): 77.8;Testicular Germ Cell Tumor (TCGA): 129.8"	"Low region specificity"	"Detected in all"			"Immune cell enhanced"	"Detected in some"		"intermediate monocyte: 6.7;non-classical monocyte: 10.6"	"Lineage enriched"	"Detected in many"	5	"monocytes: 10.6"	"Cancer enhanced"	"Detected in all"		"cervical cancer: 73.6;Esophageal cancer: 53.2;head and neck cancer: 82.2"	"Minor Salivary Gland - Minor salivary gland basal cells, Skin - Keratinocyte (other), Thyroid gland - Fibroblasts"	"Not detected"	"Not detected"							"HPA067196, HPA074049"	Enhanced		Approved	Nucleoplasm,Nucleoli,Vesicles			Yes	NA			"Cluster 37: Monocytes & Neutrophils - Innate immune response"	"Cluster 27: Squamous epithelium - Keratinization"	"Cluster 10: Cerebellum - Nucleic acid binding"	"Cluster 53: Squamous epithelial cells - Keratinization"	"Cluster 12: Squamous epithelial cells - Keratinization"	26	Nucleoplasm	"Nucleoli, Vesicles"	"HPA067196: AB_2685802, HPA074049: AB_2686656"	"unprognostic (9.76e-2)"	"unprognostic (2.02e-2)"	"unprognostic (4.65e-3)"	"unprognostic (3.57e-1)"		"unprognostic (2.75e-2)"	"unprognostic (4.44e-2)"	"unprognostic (3.03e-1)"	"unprognostic (2.07e-1)"			"unprognostic (6.67e-2)"	"unprognostic (6.75e-2)"			"unprognostic (1.61e-3)"	"unprognostic (1.33e-1)"	"unprognostic (1.76e-2)"	"unprognostic (5.59e-2)"	"unprognostic (5.93e-2)"	"potential prognostic favorable (8.00e-4)"	"unprognostic (9.45e-2)"	"unprognostic (2.43e-1)"	"unprognostic (1.41e-1)"		"unprognostic (1.25e-1)"	"unprognostic (3.67e-1)"	"unprognostic (1.14e-1)"	"unprognostic (1.77e-1)"	"unprognostic (3.51e-3)"	"unprognostic (6.29e-2)"
SPATA6	"FLJ10007, SRF-1, SRF1"	ENSG00000132122	"Spermatogenesis associated 6"	Q9NWH7	1	48295373-48472208	"Cancer-related genes, Predicted intracellular proteins"	"Differentiation, Spermatogenesis"	"Developmental protein"	"Cancer-related genes"	"Evidence at protein level"	"Evidence at transcript level"	"Evidence at protein level"	"Evidence at protein level"	"Tissue enhanced"	"Detected in many"		"testis: 48.6"	"Cell type enriched"	"Detected in many"	4	"Late spermatids: 4759.5"	"Cell type enhanced"	"Detected in all"		"oligodendrocyte precursor cell: 817.9"	"Low cancer specificity"	"Detected in many"			"Low region specificity"	"Detected in all"			"Immune cell enhanced"	"Detected in some"		"non-classical monocyte: 5.9"	"Group enriched"	"Detected in many"	4	"granulocytes: 3.6;monocytes: 5.9"	"Low cancer specificity"	"Detected in many"			"Testis - Early spermatids, Testis - Late spermatids"	"Low region specificity"	"Detected in all"			"Low region specificity"	"Detected in all"			HPA028234			Approved	"Nucleoplasm,Golgi apparatus,Vesicles"	"Intracellular and membrane"	"Developmental protein"	NA	NA			"Cluster 25: Non-specific - Unknown function"	"Cluster 74: Spermatids - Flagellum assembly"	"Cluster 11: White matter - Signal transduction"	"Cluster 69: Skin cancer - ECM organization"	"Cluster 63: Late spermatids - Spermatogenesis"	1	"Golgi apparatus, Vesicles"	Nucleoplasm	"HPA028234: AB_2672532"	"unprognostic (1.43e-3)"	"unprognostic (1.09e-1)"	"unprognostic (9.78e-3)"	"unprognostic (7.06e-2)"	"unprognostic (2.78e-2)"	"unprognostic (2.05e-1)"	"unprognostic (2.82e-1)"	"unprognostic (7.88e-2)"		"unprognostic (6.97e-2)"	"potential prognostic favorable (3.26e-7)"	"unprognostic (4.86e-3)"	"unprognostic (3.17e-2)"		"unprognostic (8.21e-3)"	"potential prognostic favorable (5.65e-5)"	"unprognostic (2.53e-1)"	"unprognostic (6.79e-3)"	"unprognostic (2.15e-1)"	"unprognostic (2.24e-1)"	"unprognostic (4.06e-1)"	"unprognostic (3.53e-1)"	"unprognostic (5.61e-2)"	"unprognostic (4.79e-2)"	"unprognostic (1.96e-1)"	"unprognostic (1.04e-1)"	"unprognostic (1.86e-2)"	"unprognostic (1.22e-1)"	"unprognostic (1.09e-1)"	"unprognostic (3.01e-1)"	"unprognostic (3.09e-1)"
SPRED1	"FLJ33903, PPP1R147"	ENSG00000166068	"Sprouty related EVH1 domain containing 1"	Q7Z699	15	38252836-38357249	"Disease related genes, Human disease related genes, Predicted intracellular proteins, Predicted membrane proteins"			"Disease variant"	"Evidence at protein level"	"Evidence at protein level"	"Evidence at protein level"	"Evidence at protein level"	"Low tissue specificity"	"Detected in many"			"Cell type enhanced"	"Detected in many"		"Astrocytes: 164.7;Excitatory neurons: 158.0;Microglial cells: 190.6;Oligodendrocyte precursor cells: 260.8;Oligodendrocytes: 136.7"	"Cell type enhanced"	"Detected in all"		"central nervous system macrophage: 907.8"	"Low cancer specificity"	"Detected in all"			"Low region specificity"	"Detected in all"			"Immune cell enhanced"	"Detected in single"		"non-classical monocyte: 1.4"	"Lineage enriched"	"Detected in single"	4	"monocytes: 1.4"	"Low cancer specificity"	"Detected in all"			"Liver - Vascular Endothelial cells"	"Low region specificity"	"Detected in all"			"Low region specificity"	"Detected in all"			"HPA042193, HPA061805"	Approved		Supported	Nucleoplasm			NA	NA			"Cluster 37: Monocytes & Neutrophils - Innate immune response"	"Cluster 34: Non-specific - Mixed function"	"Cluster 7: Non-specific - Ribosome"	"Cluster 3: Rhabdoid - Membrane components"	"Cluster 76: Oligodendrocyte precursor - Unknown function"	316	Nucleoplasm		"HPA042193: AB_10794079, HPA061805: AB_2684617"	"unprognostic (2.94e-2)"	"unprognostic (1.60e-1)"	"unprognostic (2.47e-1)"	"unprognostic (1.63e-2)"	"unprognostic (1.47e-1)"	"unprognostic (1.14e-1)"	"unprognostic (1.68e-1)"	"unprognostic (3.74e-3)"	"unprognostic (1.62e-1)"	"unprognostic (1.54e-1)"	"potential prognostic favorable (5.70e-5)"	"unprognostic (5.20e-3)"	"unprognostic (4.81e-2)"	"potential prognostic unfavorable (3.78e-4)"	"unprognostic (1.18e-1)"	"unprognostic (1.32e-1)"	"unprognostic (1.45e-2)"	"unprognostic (3.06e-2)"	"unprognostic (3.15e-1)"	"unprognostic (4.77e-3)"	"unprognostic (1.54e-3)"	"unprognostic (1.42e-2)"	"unprognostic (3.07e-2)"	"unprognostic (9.06e-2)"	"unprognostic (3.69e-1)"	"unprognostic (1.06e-2)"	"unprognostic (7.43e-2)"	"potential prognostic unfavorable (2.63e-4)"	"unprognostic (1.71e-1)"	"unprognostic (6.58e-2)"	"unprognostic (3.07e-1)"
STXBP2	"Hunc18b, MUNC18-2, Unc18-2, UNC18B"	ENSG00000076944	"Syntaxin binding protein 2"	Q15833	19	7636772-7647873	"Disease related genes, Human disease related genes, Plasma proteins, Predicted intracellular proteins"	"Exocytosis, Protein transport, Transport"		"Disease variant"	"Evidence at protein level"	"Evidence at protein level"	"Evidence at protein level"	"Evidence at protein level"	"Tissue enhanced"	"Detected in all"		"lymphoid tissue: 153.3"	"Cell type enhanced"	"Detected in many"		"Hofbauer cells: 365.0;monocytes: 867.9"	"Group enriched"	"Detected in some"	5	"central nervous system macrophage: 20.7;choroid plexus epithelial cell: 8.2;leukocyte: 31.6"	"Low cancer specificity"	"Detected in all"			"Low region specificity"	"Detected in all"			"Immune cell enhanced"	"Detected in all"		"non-classical monocyte: 837.8"	"Low lineage specificity"	"Detected in all"			"Low cancer specificity"	"Detected in all"			"Adipose subcutaneous - Macrophages, Adipose visceral - Macrophages, Breast - Breast glandular cells, Pituitary gland - Somatotropes, Skin - Keratinocyte (other), Spleen - Neutrophils, Stomach - Gastric mucous cells"	"Low region specificity"	"Detected in all"			"Low region specificity"	"Detected in many"			"HPA015564, HPA063868"	Approved		Enhanced	Cytosol			No	No		1400000	"Cluster 37: Monocytes & Neutrophils - Innate immune response"	"Cluster 47: Spleen - Immune response"	"Cluster 12: Non-specific - Vasculature"	"Cluster 14: Myeloid leukemia - Innate immune response"	"Cluster 29: Monocytes - Innate immune response"	6	Cytosol		"HPA015564: AB_1857626, HPA063868: AB_2685136"	"unprognostic (9.74e-2)"	"unprognostic (2.67e-1)"	"unprognostic (2.93e-1)"	"unprognostic (1.93e-2)"	"unprognostic (1.03e-1)"	"unprognostic (4.85e-2)"	"unprognostic (5.97e-2)"	"unprognostic (3.60e-2)"	"unprognostic (4.87e-2)"	"unprognostic (1.58e-1)"	"unprognostic (7.00e-2)"	"unprognostic (6.99e-3)"	"unprognostic (7.01e-2)"	"unprognostic (3.90e-3)"	"unprognostic (2.99e-2)"	"unprognostic (3.38e-2)"	"unprognostic (6.08e-2)"	"unprognostic (2.95e-1)"	"unprognostic (1.77e-1)"	"unprognostic (6.98e-2)"	"unprognostic (1.84e-1)"	"unprognostic (2.35e-2)"	"unprognostic (1.44e-1)"	"unprognostic (8.45e-2)"	"unprognostic (1.54e-1)"	"unprognostic (1.56e-1)"	"unprognostic (2.12e-1)"	"unprognostic (5.65e-2)"	"unprognostic (9.54e-2)"	"unprognostic (5.16e-2)"	"unprognostic (5.88e-2)"
TBC1D16	"FLJ20748, MGC25062"	ENSG00000167291	"TBC1 domain family member 16"	Q8TBP0	17	79932343-80035872	"Predicted intracellular proteins"		"GTPase activation"		"Evidence at protein level"	"Evidence at protein level"	"Evidence at transcript level"	"Evidence at protein level"	"Low tissue specificity"	"Detected in many"			"Cell type enhanced"	"Detected in many"		"Horizontal cells: 78.1;Melanocytes: 96.2"	"Cell type enhanced"	"Detected in all"		"fibroblast: 121.6"	"Cancer enriched"	"Detected in all"	5	"Skin Cuteneous Melanoma (TCGA): 127.9"	"Low region specificity"	"Detected in all"			"Immune cell enhanced"	"Detected in some"		"intermediate monocyte: 1.9;non-classical monocyte: 2.3"	"Lineage enhanced"	"Detected in single"		"monocytes: 2.3"	"Cancer enriched"	"Detected in all"	4	"skin cancer: 234.2"	"Adipose subcutaneous - Adipocytes (Subcutaneous), Adipose visceral - Adipocytes (Visceral), Breast - Adipocytes (Breast)"	"Low region specificity"	"Detected in all"			"Low region specificity"	"Detected in all"			"HPA024482, HPA065839"	Approved		Approved	"Intermediate filaments"			NA	NA			"Cluster 40: Monocytes - Innate immune response"	"Cluster 34: Non-specific - Mixed function"	"Cluster 38: Sub-cortical - Mixed function"	"Cluster 9: Skin cancer - Melanin biosynthesis"	"Cluster 58: Macrophages - Innate immune response"	2	"Intermediate filaments"		"HPA024482: AB_1857790, HPA065839: AB_2685566"	"unprognostic (6.91e-2)"	"unprognostic (1.88e-1)"	"unprognostic (4.30e-3)"	"unprognostic (1.53e-2)"	"unprognostic (1.02e-1)"	"unprognostic (6.56e-2)"	"unprognostic (1.50e-3)"	"unprognostic (5.69e-2)"	"unprognostic (1.09e-1)"	"unprognostic (7.38e-2)"	"unprognostic (3.81e-3)"	"unprognostic (7.14e-3)"	"unprognostic (8.07e-2)"	"unprognostic (4.08e-3)"	"unprognostic (7.39e-3)"	"unprognostic (2.51e-1)"	"potential prognostic unfavorable (3.45e-4)"	"unprognostic (2.16e-1)"	"unprognostic (1.27e-1)"	"unprognostic (4.17e-2)"	"unprognostic (1.13e-1)"	"unprognostic (1.60e-1)"	"unprognostic (2.88e-1)"	"unprognostic (3.76e-1)"	"unprognostic (1.92e-3)"	"potential prognostic favorable (3.84e-4)"	"unprognostic (7.95e-2)"	"unprognostic (8.47e-2)"	"unprognostic (3.59e-1)"	"unprognostic (1.15e-2)"	"unprognostic (1.93e-2)"
TBC1D8	"AD3, GRAMD8, HBLP1, VRP"	ENSG00000204634	"TBC1 domain family member 8"	O95759	2	101007228-101252866	"Predicted intracellular proteins, Predicted membrane proteins"		"GTPase activation"		"Evidence at protein level"	"Evidence at transcript level"	"Evidence at protein level"	"Evidence at protein level"	"Low tissue specificity"	"Detected in all"			"Cell type enhanced"	"Detected in many"		"Basal prostatic cells: 104.5;monocytes: 227.2"	"Low cell type specificity"	"Detected in all"			"Low cancer specificity"	"Detected in all"			"Low region specificity"	"Detected in all"			"Immune cell enhanced"	"Detected in many"		"intermediate monocyte: 30.1;non-classical monocyte: 38.3"	"Lineage enriched"	"Detected in many"	5	"monocytes: 38.3"	"Low cancer specificity"	"Detected in all"			"Breast - Breast glandular cells, Kidney - Endothelial cells"	"Low region specificity"	"Detected in all"			"Low region specificity"	"Detected in all"			"CAB015211, HPA074921"	Uncertain		Approved	"Nucleoplasm,Plasma membrane,Centrosome"			NA	NA			"Cluster 37: Monocytes & Neutrophils - Innate immune response"	"Cluster 19: Non-specific - Basic cellular processes"	"Cluster 50: Non-specific - Nucleic acid binding"	"Cluster 2: Mucus-secreting cells - Unknown function"	"Cluster 29: Monocytes - Innate immune response"	7	"Nucleoplasm, Plasma membrane"	Centrosome	"CAB015211: , HPA074921: "	"unprognostic (3.45e-1)"	"unprognostic (3.17e-1)"	"unprognostic (5.38e-2)"	"unprognostic (1.04e-1)"	"unprognostic (4.58e-2)"	"unprognostic (9.05e-3)"	"unprognostic (1.22e-1)"	"unprognostic (5.15e-3)"	"unprognostic (2.88e-2)"	"unprognostic (4.77e-3)"	"potential prognostic favorable (6.42e-4)"	"unprognostic (2.48e-3)"	"unprognostic (4.18e-2)"	"unprognostic (6.15e-3)"	"unprognostic (4.41e-2)"	"unprognostic (2.09e-1)"	"unprognostic (5.58e-2)"	"unprognostic (3.24e-1)"	"unprognostic (1.03e-1)"	"unprognostic (1.54e-1)"	"unprognostic (7.97e-2)"	"unprognostic (6.83e-2)"	"potential prognostic unfavorable (8.15e-5)"	"unprognostic (2.32e-1)"	"unprognostic (2.05e-1)"	"unprognostic (1.80e-1)"	"unprognostic (3.27e-1)"	"unprognostic (7.75e-2)"	"unprognostic (1.78e-1)"	"unprognostic (3.51e-2)"	"unprognostic (1.47e-1)"
TESC	"CHP3, FLJ20607, TSC"	ENSG00000088992	Tescalcin	Q96BS2	12	117038923-117099479	"Predicted intracellular proteins"	"Differentiation, Protein transport, Transport"	"Protein kinase inhibitor"		"Evidence at protein level"	"Evidence at protein level"	"Evidence at protein level"	"Evidence at protein level"	"Tissue enhanced"	"Detected in many"		"salivary gland: 320.1"	"Cell type enhanced"	"Detected in many"		"Exocrine glandular cells: 259.2;Gastric mucus-secreting cells: 303.6;Late spermatids: 316.9;monocytes: 237.6;Oocytes: 233.8;Serous glandular cells: 553.4"	"Cell type enhanced"	"Detected in many"		"pericyte: 376.3"	"Low cancer specificity"	"Detected in all"			"Low region specificity"	"Detected in all"			"Immune cell enhanced"	"Detected in many"		"non-classical monocyte: 262.4"	"Lineage enriched"	"Detected in all"	5	"monocytes: 262.4"	"Cancer enhanced"	"Detected in many"		"Bile duct cancer: 88.8;Gastric cancer: 89.6;Leukemia: 85.6"	"Adipose subcutaneous - Endothelial cells, Adipose visceral - Endothelial cells, Heart muscle - Cardiomyocytes, Minor Salivary Gland - Minor salivary glandular cells, Pituitary gland - Undifferentiated cells (Pituitary gland), Skin - Eccrine sweat gland cells, Stomach - Gastric mucous cells, Testis - Early spermatids, Testis - Late spermatids"	"Not detected"	"Not detected"			"Low region specificity"	"Detected in all"			HPA053200	Enhanced		Supported	Nucleoplasm,Cytosol			NA	NA			"Cluster 25: Non-specific - Unknown function"	"Cluster 15: Pancreas - Proteolysis"	"Cluster 51: Neurons - Mixed function"	"Cluster 57: Stomach & Colon cancer - Digestion"	"Cluster 75: Serous glandular cells - Salivary secretion"	8	Nucleoplasm	Cytosol	"HPA053200: AB_2682079"	"unprognostic (8.14e-2)"	"unprognostic (3.52e-3)"	"unprognostic (2.27e-2)"	"unprognostic (2.64e-2)"	"unprognostic (4.47e-3)"	"unprognostic (1.06e-3)"	"unprognostic (9.13e-2)"	"unprognostic (3.46e-1)"	"potential prognostic favorable (5.15e-4)"	"unprognostic (7.22e-2)"	"unprognostic (1.28e-2)"	"potential prognostic favorable (2.69e-4)"	"unprognostic (1.28e-2)"	"unprognostic (7.47e-3)"	"unprognostic (8.55e-2)"	"unprognostic (1.56e-1)"	"unprognostic (6.45e-2)"	"unprognostic (3.58e-2)"	"unprognostic (1.38e-1)"	"unprognostic (4.71e-2)"	"unprognostic (2.63e-2)"	"unprognostic (6.29e-2)"	"unprognostic (1.30e-1)"	"unprognostic (3.35e-2)"	"unprognostic (5.13e-3)"	"unprognostic (1.67e-1)"	"unprognostic (3.89e-1)"	"unprognostic (1.61e-1)"	"unprognostic (2.64e-1)"	"unprognostic (7.04e-2)"	"unprognostic (3.62e-2)"
TFRC	"CD71, p90, TFR1"	ENSG00000072274	"Transferrin receptor"	P02786	3	196012511-196082153	"Cancer-related genes, CD markers, Disease related genes, Enzymes, FDA approved drug targets, Human disease related genes, Metabolic proteins, Plasma proteins, Predicted intracellular proteins, Predicted membrane proteins, Predicted secreted proteins, Transporters"	"Endocytosis, Host-virus interaction"	"Host cell receptor for virus entry, Receptor, Transducer"	"Cancer-related genes, Disease variant, FDA approved drug targets"	"Evidence at protein level"	"Evidence at protein level"	"Evidence at protein level"	"Evidence at protein level"	"Low tissue specificity"	"Detected in all"			"Cell type enhanced"	"Detected in many"		"Erythroid cells: 451.2;monocytes: 612.3;Syncytiotrophoblasts: 467.6"	"Cell type enriched"	"Detected in all"	6	"endothelial cell: 425.2"	"Low cancer specificity"	"Detected in all"			"Low region specificity"	"Detected in all"			"Immune cell enhanced"	"Detected in many"		"non-classical monocyte: 9.2"	"Low lineage specificity"	"Detected in many"			"Low cancer specificity"	"Detected in all"			"Adrenal gland - Adrenal cortex cells"	"Low region specificity"	"Detected in all"			"Low region specificity"	"Detected in all"			"CAB000153, HPA028598"	Enhanced		Supported	Endosomes,Lysosomes	"Secreted to blood"	Receptor	NA	NA	1310000000	73000000	"Cluster 13: Non-specific - Mitochondria"	"Cluster 56: Non-specific - Unknown function"	"Cluster 52: Neurons & Synapses - Synaptic function"	"Cluster 51: Myeloma - Immunoglobulins"	"Cluster 58: Macrophages - Innate immune response"	138	"Endosomes, Lysosomes"		"CAB000153: AB_2533029, HPA028598: AB_10601599"	"unprognostic (1.60e-2)"	"unprognostic (3.39e-2)"	"unprognostic (5.13e-2)"	"potential prognostic unfavorable (1.85e-4)"	"unprognostic (2.38e-1)"	"unprognostic (1.11e-1)"	"unprognostic (8.70e-2)"	"potential prognostic unfavorable (1.03e-4)"	"unprognostic (5.60e-2)"	"potential prognostic unfavorable (5.77e-4)"	"unprognostic (3.95e-3)"	"unprognostic (1.14e-1)"	"unprognostic (1.88e-2)"	"validated prognostic unfavorable (9.59e-6)"	"validated prognostic unfavorable (4.51e-6)"	"unprognostic (2.55e-2)"	"unprognostic (8.36e-3)"	"unprognostic (1.66e-2)"	"potential prognostic favorable (9.13e-4)"	"unprognostic (1.15e-2)"	"unprognostic (9.70e-3)"	"unprognostic (9.81e-3)"	"unprognostic (6.19e-2)"	"unprognostic (1.12e-2)"	"unprognostic (2.82e-2)"	"unprognostic (1.80e-2)"	"unprognostic (9.43e-3)"	"unprognostic (3.05e-2)"	"unprognostic (5.45e-2)"	"unprognostic (2.02e-3)"	"unprognostic (7.72e-2)"
TIAM2	STEF	ENSG00000146426	"TIAM Rac1 associated GEF 2"	Q8IVF5	6	154832697-155257723	"Predicted intracellular proteins"		"Guanine-nucleotide releasing factor"		"Evidence at protein level"	"Evidence at protein level"	"Evidence at transcript level"	"Evidence at protein level"	"Tissue enhanced"	"Detected in many"		"brain: 15.9;testis: 12.7"	"Cell type enriched"	"Detected in many"	5	"Late spermatids: 360.3"	"Low cell type specificity"	"Detected in all"			"Low cancer specificity"	"Detected in many"			"Low region specificity"	"Detected in all"			"Immune cell enhanced"	"Detected in many"		"neutrophil: 6.4;non-classical monocyte: 9.5"	"Low lineage specificity"	"Detected in many"			"Low cancer specificity"	"Detected in many"			"Pancreas - Ductal cells, Testis - Late spermatids"	"Low region specificity"	"Detected in all"			"Region enhanced"	"Detected in all"		"olfactory bulb: 50.7"	"HPA011134, HPA013903"	Approved		Supported	"Nucleoplasm,Nucleoli fibrillar center,Cytosol"			No	No			"Cluster 37: Monocytes & Neutrophils - Innate immune response"	"Cluster 22: Brain - Synaptic signal transduction"	"Cluster 53: Neurons - Mixed function"	"Cluster 6: Leukemia - Signal transduction"	"Cluster 11: Late spermatids - Unknown function"	9	"Nucleoplasm, Nucleoli fibrillar center"	Cytosol	"HPA011134: AB_1858005, HPA013903: AB_1858004"		"unprognostic (2.02e-1)"	"unprognostic (4.39e-2)"			"unprognostic (8.52e-2)"	"unprognostic (1.40e-1)"	"unprognostic (1.22e-3)"		"unprognostic (4.67e-2)"					"unprognostic (6.12e-2)"		"unprognostic (2.89e-1)"		"unprognostic (2.37e-1)"	"unprognostic (1.39e-2)"	"unprognostic (1.36e-1)"	"unprognostic (1.43e-2)"	"unprognostic (1.15e-1)"	"unprognostic (6.77e-3)"		"unprognostic (2.25e-1)"	"unprognostic (6.40e-3)"	"unprognostic (8.32e-2)"	"unprognostic (1.47e-1)"	"unprognostic (1.50e-2)"	"unprognostic (3.31e-2)"
TJP2	"DFNA51, X104, ZO-2, ZO2"	ENSG00000119139	"Tight junction protein 2"	Q9UDY2	9	69121264-69274615	"Cancer-related genes, Disease related genes, Human disease related genes, Plasma proteins, Predicted intracellular proteins"			"Cancer-related genes, Disease variant, Intrahepatic cholestasis"	"Evidence at protein level"	"Evidence at protein level"	"Evidence at protein level"	"Evidence at protein level"	"Low tissue specificity"	"Detected in all"			"Cell type enhanced"	"Detected in many"		"Astrocytes: 72.5;Oligodendrocytes: 76.8;Rod photoreceptor cells: 47.9"	"Cell type enhanced"	"Detected in all"		"astrocyte: 211.9;bergmann glia: 370.8"	"Low cancer specificity"	"Detected in all"			"Low region specificity"	"Detected in all"			"Immune cell enhanced"	"Detected in some"		"non-classical monocyte: 2.3"	"Low lineage specificity"	"Detected in single"			"Low cancer specificity"	"Detected in all"				"Low region specificity"	"Detected in all"			"Low region specificity"	"Detected in all"			"HPA001813, CAB009228, HPA070714"	Supported		Enhanced	"Nucleoplasm,Plasma membrane,Cell Junctions"			NA	NA		1000000	"Cluster 40: Monocytes - Innate immune response"	"Cluster 39: Retina & Testis - Cilium"	"Cluster 13: Oligodendrocytes - Mixed function"	"Cluster 53: Squamous epithelial cells - Keratinization"	"Cluster 45: Non-specific - Mixed function"	49	"Plasma membrane, Cell Junctions"	Nucleoplasm	"CAB009228: AB_2203583, HPA001813: AB_1080764, HPA070714: AB_2732161"	"unprognostic (1.11e-1)"	"unprognostic (1.16e-1)"	"unprognostic (2.27e-1)"	"unprognostic (1.54e-1)"	"unprognostic (1.17e-1)"	"unprognostic (1.03e-1)"	"unprognostic (2.31e-1)"	"unprognostic (2.32e-2)"	"unprognostic (9.98e-2)"	"unprognostic (9.50e-2)"	"validated prognostic favorable (1.97e-12)"	"validated prognostic favorable (1.52e-5)"	"unprognostic (1.45e-2)"	"unprognostic (7.33e-3)"	"unprognostic (5.82e-2)"	"unprognostic (5.35e-2)"	"unprognostic (1.07e-1)"	"unprognostic (4.13e-2)"	"unprognostic (2.79e-2)"	"unprognostic (3.52e-2)"	"unprognostic (3.41e-1)"	"unprognostic (1.51e-3)"	"unprognostic (4.05e-1)"	"unprognostic (1.46e-1)"	"unprognostic (1.48e-2)"	"unprognostic (4.44e-2)"	"unprognostic (7.58e-3)"	"unprognostic (1.89e-2)"	"unprognostic (1.70e-1)"	"unprognostic (2.07e-2)"	"unprognostic (1.60e-1)"
TNF	"DIF, TNF-alpha, TNFA, TNFSF2"	ENSG00000232810	"Tumor necrosis factor"	P01375	6	31575565-31578336	"Cancer-related genes, Candidate cardiovascular disease genes, Disease related genes, FDA approved drug targets, Human disease related genes, Plasma proteins, Predicted intracellular proteins, Predicted secreted proteins"		Cytokine	"Cancer-related genes, FDA approved drug targets"	"Evidence at protein level"	"Evidence at protein level"	"Evidence at protein level"	"Evidence at protein level"	"Tissue enhanced"	"Detected in many"		"bone marrow: 20.9;lymphoid tissue: 6.3"	"Cell type enhanced"	"Detected in many"		"B-cells: 100.4;Hofbauer cells: 84.3;Langerhans cells: 59.4;Macrophages: 158.2;monocytes: 97.8;Secretory cells: 58.0;T-cells: 93.4"	"Group enriched"	"Detected in some"	144	"central nervous system macrophage: 11.6;leukocyte: 17.3"	"Cancer enriched"	"Detected in single"	4	"Ovary Serous Cystadenocarcinoma (TCGA): 2.1"	"Low region specificity"	"Detected in single"			"Immune cell enhanced"	"Detected in many"		"non-classical monocyte: 73.4"	"Group enriched"	"Detected in all"	6	"granulocytes: 22.7;monocytes: 73.4;T-cells: 41.4"	"Group enriched"	"Detected in many"	5	"Leukemia: 13.7;lymphoma: 34.9"	"Thyroid gland - T-cells"	"Not detected"	"Not detected"			"Low region specificity"	"Detected in single"			CAB078469	Supported				"Secreted to blood"	Cytokine	NA	NA	10100		"Cluster 37: Monocytes & Neutrophils - Innate immune response"	"Cluster 81: Lymphoid tissue & Bone marrow - Innate immune response"	"Cluster 23: Choroid plexus - Mixed function"	"Cluster 55: Lymphoma - Immune response"	"Cluster 80: Non-specific - Transcription"	72			"CAB078469: AB_908070"			"unprognostic (4.29e-2)"					"unprognostic (3.12e-2)"							"unprognostic (2.61e-1)"					"unprognostic (1.68e-1)"	"unprognostic (2.63e-2)"		"unprognostic (1.56e-3)"								
TNFRSF1B	"CD120b, p75, TNF-R-II, TNF-R75, TNFBR, TNFR2, TNFR80"	ENSG00000028137	"TNF receptor superfamily member 1B"	P20333	1	12166991-12209228	"Cancer-related genes, Candidate cardiovascular disease genes, CD markers, Human disease related genes, Plasma proteins, Predicted membrane proteins, Predicted secreted proteins"	Apoptosis	Receptor	"Cancer-related genes"	"Evidence at protein level"	"Evidence at protein level"	"Evidence at protein level"	"Evidence at protein level"	"Tissue enhanced"	"Detected in many"		"lymphoid tissue: 66.5"	"Cell type enhanced"	"Detected in many"		"dendritic cells: 328.8;Kupffer cells: 240.4;Langerhans cells: 352.6;Macrophages: 265.8;monocytes: 743.2;NK-cells: 332.9"	"Cell type enhanced"	"Detected in some"		"central nervous system macrophage: 150.7;endothelial cell: 76.7;leukocyte: 246.6"	"Low cancer specificity"	"Detected in all"			"Low region specificity"	"Detected in all"			"Immune cell enhanced"	"Detected in many"		"non-classical monocyte: 387.7"	"Low lineage specificity"	"Detected in all"			"Cancer enhanced"	"Detected in many"		"Leukemia: 29.3"	"Adrenal gland - Macrophages, Breast - Endothelial cells, Colon - Endothelial cells, Heart muscle - Endothelial cells, Skeletal muscle - Endothelial cells, Testis - Endothelial cells"	"Low region specificity"	"Detected in many"			"Low region specificity"	"Detected in all"			HPA004796	Approved				"Secreted to blood"	Receptor	NA	NA	3230000	6400000	"Cluster 37: Monocytes & Neutrophils - Innate immune response"	"Cluster 70: Lymphoid tissue - Immune response"	"Cluster 12: Non-specific - Vasculature"	"Cluster 55: Lymphoma - Immune response"	"Cluster 29: Monocytes - Innate immune response"	21			"HPA004796: AB_1078436"	"unprognostic (1.97e-2)"	"unprognostic (2.79e-2)"	"unprognostic (3.84e-3)"	"unprognostic (1.94e-2)"	"unprognostic (2.34e-3)"	"unprognostic (3.25e-2)"	"unprognostic (1.78e-1)"	"unprognostic (2.90e-1)"	"unprognostic (2.25e-3)"	"unprognostic (2.81e-1)"	"potential prognostic favorable (1.36e-5)"	"unprognostic (5.14e-2)"	"unprognostic (2.38e-1)"	"unprognostic (7.70e-2)"	"unprognostic (9.59e-2)"	"unprognostic (4.79e-2)"	"unprognostic (5.96e-2)"	"unprognostic (7.85e-3)"	"unprognostic (1.86e-1)"	"unprognostic (1.36e-3)"	"unprognostic (1.78e-1)"	"unprognostic (3.27e-1)"	"unprognostic (1.75e-2)"	"unprognostic (1.66e-1)"	"unprognostic (3.46e-2)"	"unprognostic (2.72e-2)"	"unprognostic (8.84e-3)"	"unprognostic (2.45e-1)"	"unprognostic (1.22e-3)"	"unprognostic (2.64e-1)"	"unprognostic (9.56e-2)"
TPPP3	"CGI-38, p20, p25gamma"	ENSG00000159713	"Tubulin polymerization promoting protein family member 3"	Q9BW30	16	67389809-67393518	"Predicted intracellular proteins"				"Evidence at protein level"	"Evidence at protein level"	"Evidence at protein level"	"Evidence at protein level"	"Tissue enhanced"	"Detected in all"		"fallopian tube: 830.2"	"Cell type enhanced"	"Detected in many"		"Ciliated cells: 1271.6;Ionocytes: 279.4;Melanocytes: 651.1;Suprabasal keratinocytes: 250.3"	"Cell type enriched"	"Detected in many"	6	"ependymal cell: 315.8"	"Low cancer specificity"	"Detected in all"			"Low region specificity"	"Detected in all"			"Immune cell enhanced"	"Detected in many"		"non-classical monocyte: 66.0"	"Low lineage specificity"	"Detected in many"			"Cancer enhanced"	"Detected in many"		"Gastric cancer: 58.6"	"Colon - Enteric glia cells, Kidney - Podocytes, Lung - Respiratory ciliated cells, Minor Salivary Gland - Fibroblasts, Pituitary gland - Thyrotropes, Testis - Early spermatids, Testis - Late spermatids, Thyroid gland - Fibroblasts"	"Low region specificity"	"Detected in all"			"Low region specificity"	"Detected in all"			HPA061691	Enhanced						NA	NA		24000	"Cluster 40: Monocytes - Innate immune response"	"Cluster 8: Ciliated cells - Cilium organization"	"Cluster 46: Brainstem - Mixed function"	"Cluster 10: Ciliated cells - Ion channel activity"	"Cluster 42: Ciliated cells - Cilium assembly"	1			"HPA061691: "	"potential prognostic unfavorable (6.70e-4)"	"unprognostic (2.19e-1)"	"unprognostic (8.09e-2)"	"unprognostic (1.29e-2)"	"unprognostic (1.28e-1)"	"unprognostic (1.09e-2)"	"unprognostic (1.49e-3)"	"potential prognostic unfavorable (5.56e-5)"	"unprognostic (3.00e-3)"	"unprognostic (5.90e-2)"	"unprognostic (2.12e-2)"	"potential prognostic favorable (6.19e-4)"	"unprognostic (2.87e-2)"	"unprognostic (6.85e-2)"	"unprognostic (2.37e-1)"	"unprognostic (1.06e-1)"	"unprognostic (4.38e-3)"	"unprognostic (7.02e-3)"	"unprognostic (3.01e-1)"	"unprognostic (7.80e-3)"	"unprognostic (5.67e-2)"	"unprognostic (3.33e-3)"	"unprognostic (5.41e-3)"	"unprognostic (6.91e-2)"	"unprognostic (1.54e-1)"	"unprognostic (3.39e-1)"	"unprognostic (9.56e-2)"	"unprognostic (7.31e-2)"	"unprognostic (2.04e-1)"	"unprognostic (8.93e-2)"	"unprognostic (2.04e-1)"
TRIQK	"C8orf83, DKFZp779L1068, LOC286144, PRO0845"	ENSG00000205133	"Triple QxxK/R motif containing"	Q629K1	8	92883532-93017673	"Predicted intracellular proteins, Predicted membrane proteins"				"Evidence at protein level"	"Evidence at transcript level"	"No human protein/transcript evidence"	"Evidence at protein level"	"Low tissue specificity"	"Detected in all"			"Low cell type specificity"	"Detected in many"			"Low cell type specificity"	"Detected in all"			"Low cancer specificity"	"Detected in all"			"Low region specificity"	"Detected in all"			"Immune cell enhanced"	"Detected in many"		"non-classical monocyte: 33.2"	"Low lineage specificity"	"Detected in all"			"Low cancer specificity"	"Detected in all"			"Adrenal gland - Adrenal cortex cells, Liver - Hepatocytes, Skin - Endothelial cells, Thyroid gland - Thyroid glandular cells"	"Low region specificity"	"Detected in all"			"Low region specificity"	"Detected in all"										NA	NA			"Cluster 37: Monocytes & Neutrophils - Innate immune response"	"Cluster 1: Liver & Kidney - Metabolism"	"Cluster 55: Non-specific - Transcription"	"Cluster 40: Non-specific - Unknown function"	"Cluster 16: Intestinal goblet cells - Mucin production"					"unprognostic (2.84e-2)"	"unprognostic (5.57e-3)"		"unprognostic (1.51e-1)"	"unprognostic (4.90e-1)"	"unprognostic (1.04e-1)"	"unprognostic (2.97e-2)"	"unprognostic (3.95e-2)"	"unprognostic (2.10e-1)"	"unprognostic (6.22e-3)"	"potential prognostic favorable (3.35e-8)"	"unprognostic (8.87e-2)"	"unprognostic (5.30e-3)"	"unprognostic (3.08e-1)"		"unprognostic (1.73e-1)"	"unprognostic (4.40e-2)"	"unprognostic (1.80e-2)"	"unprognostic (2.46e-2)"	"unprognostic (2.86e-2)"	"unprognostic (2.39e-3)"	"unprognostic (5.18e-2)"	"unprognostic (1.37e-1)"	"unprognostic (1.35e-1)"	"unprognostic (7.74e-2)"	"potential prognostic unfavorable (5.03e-4)"	"unprognostic (3.59e-1)"	"unprognostic (8.07e-2)"	"unprognostic (3.26e-1)"	"unprognostic (3.87e-2)"	"unprognostic (9.97e-2)"
TRMT61A	"C14orf172, FLJ40452, GCD14, Gcd14p, hTRM61"	ENSG00000166166	"TRNA methyltransferase 61A"	Q96FX7	14	103529196-103537073	"Enzymes, Predicted intracellular proteins"	"tRNA processing"	"Methyltransferase, Transferase"		"Evidence at protein level"	"Evidence at transcript level"	"Evidence at protein level"	"Evidence at protein level"	"Low tissue specificity"	"Detected in all"			"Low cell type specificity"	"Detected in many"			"Low cell type specificity"	"Detected in all"			"Low cancer specificity"	"Detected in all"			"Low region specificity"	"Detected in all"			"Immune cell enhanced"	"Detected in many"		"non-classical monocyte: 10.8"	"Low lineage specificity"	"Detected in many"			"Low cancer specificity"	"Detected in all"				"Low region specificity"	"Detected in all"			"Low region specificity"	"Detected in all"			HPA024269			Approved	Mitochondria			NA	NA			"Cluster 33: Non-specific - ATP binding"	"Cluster 66: Non-specific - Transcription"	"Cluster 6: Non-specific - Immune response"	"Cluster 30: Non-specific - Gene expression regulation"	"Cluster 39: Non-specific - Basic cellular processes"	21	Mitochondria		"HPA024269: "	"unprognostic (3.05e-1)"	"unprognostic (1.34e-1)"	"unprognostic (1.94e-1)"	"unprognostic (1.15e-1)"	"unprognostic (3.39e-2)"	"unprognostic (5.77e-2)"	"unprognostic (1.55e-1)"	"unprognostic (2.93e-2)"	"unprognostic (2.56e-2)"	"unprognostic (3.89e-1)"	"unprognostic (2.62e-1)"	"unprognostic (2.87e-1)"	"unprognostic (3.87e-2)"	"potential prognostic unfavorable (1.53e-5)"	"unprognostic (5.97e-3)"	"unprognostic (2.90e-1)"	"unprognostic (2.34e-1)"	"unprognostic (2.49e-1)"	"unprognostic (1.03e-1)"	"unprognostic (2.12e-1)"	"unprognostic (8.38e-2)"	"unprognostic (6.86e-2)"	"unprognostic (2.47e-1)"	"potential prognostic unfavorable (1.42e-4)"	"unprognostic (2.19e-2)"	"unprognostic (1.80e-1)"	"unprognostic (1.01e-1)"	"unprognostic (1.20e-1)"	"unprognostic (1.09e-1)"	"unprognostic (8.30e-2)"	"unprognostic (2.96e-1)"
TTYH3	KIAA1691	ENSG00000136295	"Tweety family member 3"	Q9C0H2	7	2631961-2664802	"Predicted membrane proteins, Transporters"	"Ion transport, Transport"	"Chloride channel, Ion channel"		"Evidence at protein level"	"Evidence at transcript level"	"Evidence at protein level"	"Evidence at protein level"	"Tissue enhanced"	"Detected in all"		"brain: 94.1"	"Cell type enhanced"	"Detected in many"		"Hofbauer cells: 124.9;Kupffer cells: 76.1;Macrophages: 68.3;Melanocytes: 63.6;monocytes: 119.0"	"Low cell type specificity"	"Detected in all"			"Low cancer specificity"	"Detected in all"			"Low region specificity"	"Detected in all"			"Immune cell enhanced"	"Detected in many"		"intermediate monocyte: 9.9;non-classical monocyte: 8.4"	"Lineage enriched"	"Detected in many"	5	"monocytes: 9.9"	"Low cancer specificity"	"Detected in all"			"Adipose subcutaneous - Macrophages, Adipose visceral - Macrophages, Minor Salivary Gland - Minor salivary glandular cells, Spleen - Macrophages"	"Low region specificity"	"Detected in all"			"Low region specificity"	"Detected in all"			HPA053520	Uncertain						NA	NA		28000	"Cluster 40: Monocytes - Innate immune response"	"Cluster 65: Cerebellum - Nervous system development"	"Cluster 40: Astrocytes - Astrocyte-neuron interactions"	"Cluster 9: Skin cancer - Melanin biosynthesis"	"Cluster 58: Macrophages - Innate immune response"	2			"HPA053520: AB_2682176"	"unprognostic (4.66e-1)"	"unprognostic (3.25e-2)"	"unprognostic (7.23e-2)"	"unprognostic (2.79e-3)"	"unprognostic (8.34e-2)"	"unprognostic (1.99e-1)"	"unprognostic (2.88e-2)"	"unprognostic (2.84e-3)"	"unprognostic (1.23e-1)"	"unprognostic (3.67e-2)"	"unprognostic (1.20e-2)"	"unprognostic (1.57e-1)"	"unprognostic (4.29e-2)"	"potential prognostic unfavorable (4.71e-6)"	"unprognostic (1.62e-1)"	"unprognostic (5.70e-2)"	"unprognostic (1.20e-2)"	"unprognostic (2.29e-1)"	"unprognostic (1.44e-1)"	"unprognostic (5.74e-3)"	"unprognostic (3.25e-2)"	"unprognostic (1.73e-2)"	"unprognostic (2.09e-2)"	"unprognostic (2.75e-2)"	"unprognostic (9.90e-3)"	"unprognostic (5.73e-2)"	"unprognostic (2.36e-1)"	"unprognostic (1.75e-1)"	"unprognostic (2.04e-1)"	"unprognostic (1.13e-1)"	"unprognostic (5.63e-2)"
UTRN	"DMDL, DRP, DRP1"	ENSG00000152818	Utrophin	P46939	6	144285335-144853034	"Plasma proteins, Predicted intracellular proteins"		Actin-binding		"Evidence at protein level"	"Evidence at protein level"	"Evidence at protein level"	"Evidence at protein level"	"Low tissue specificity"	"Detected in all"			"Cell type enhanced"	"Detected in many"		"Early spermatids: 542.8;Late spermatids: 385.0;Lymphatic endothelial cells: 440.1;Microglial cells: 406.2"	"Cell type enhanced"	"Detected in all"		"endothelial cell: 1762.0;pericyte: 1749.0;vascular associated smooth muscle cell: 2274.1"	"Low cancer specificity"	"Detected in all"			"Low region specificity"	"Detected in all"			"Immune cell enhanced"	"Detected in all"		"non-classical monocyte: 157.0"	"Lineage enriched"	"Detected in all"	4	"monocytes: 157.0"	"Low cancer specificity"	"Detected in all"			"Adipose visceral - Endothelial cells, Lung - Alveolar cells type 1, Skeletal muscle - Endothelial cells, Testis - Early spermatids, Testis - Late spermatids"	"Low region specificity"	"Detected in all"			"Low region specificity"	"Detected in all"			"CAB016348, HPA018894"	Enhanced		Supported	"Nucleoplasm,Plasma membrane,Primary cilium,Basal body"			NA	NA		16000	"Cluster 40: Monocytes - Innate immune response"	"Cluster 16: Non-specific - Transcription"	"Cluster 49: Hindbrain - Mixed function"	"Cluster 28: Non-specific - Nuclear processes"	"Cluster 55: Non-specific - Transcription"	54	"Plasma membrane"	"Nucleoplasm, Primary cilium, Basal body"	"CAB016348: AB_628424, HPA018894: AB_10600839"	"unprognostic (3.61e-2)"	"unprognostic (1.22e-1)"	"unprognostic (6.66e-2)"	"unprognostic (6.57e-2)"	"unprognostic (1.19e-1)"	"unprognostic (7.02e-2)"	"unprognostic (5.53e-2)"	"unprognostic (1.54e-1)"	"unprognostic (7.61e-2)"	"unprognostic (4.24e-3)"	"validated prognostic favorable (4.36e-7)"	"validated prognostic favorable (5.33e-5)"	"unprognostic (2.12e-1)"	"unprognostic (1.57e-3)"	"unprognostic (3.77e-1)"	"unprognostic (7.65e-2)"	"unprognostic (2.82e-1)"	"unprognostic (2.57e-2)"	"unprognostic (1.36e-1)"	"unprognostic (7.01e-2)"	"unprognostic (2.11e-1)"	"unprognostic (1.28e-1)"	"unprognostic (1.33e-1)"	"unprognostic (2.99e-1)"	"unprognostic (1.32e-2)"	"unprognostic (2.63e-2)"	"unprognostic (2.79e-1)"	"unprognostic (4.08e-2)"	"unprognostic (3.38e-1)"	"unprognostic (2.90e-1)"	"unprognostic (2.40e-1)"
WARS1	"IFI53, IFP53, WARS"	ENSG00000140105	"Tryptophanyl-tRNA synthetase 1"	P23381	14	100333790-100376805	"Disease related genes, Enzymes, Human disease related genes, Metabolic proteins, Plasma proteins, Potential drug targets, Predicted intracellular proteins"	"Angiogenesis, Protein biosynthesis"	"Aminoacyl-tRNA synthetase, Ligase"	"Disease variant, Intellectual disability, Neurodegeneration, Neuropathy"	"Evidence at protein level"	"Evidence at protein level"	"Evidence at protein level"	"Evidence at protein level"	"Tissue enhanced"	"Detected in all"		"placenta: 313.5"	"Cell type enhanced"	"Detected in all"		"Lymphatic endothelial cells: 157.5;monocytes: 514.5"	"Low cell type specificity"	"Detected in all"			"Low cancer specificity"	"Detected in all"			"Low region specificity"	"Detected in all"			"Immune cell enhanced"	"Detected in all"		"intermediate monocyte: 1347.2;non-classical monocyte: 1617.8"	"Low lineage specificity"	"Detected in all"			"Low cancer specificity"	"Detected in all"			"Adrenal gland - Neutrophils, Breast - Endothelial cells, Colon - Endothelial cells, Heart muscle - Endothelial cells, Kidney - Endothelial cells, Testis - Early spermatids"	"Low region specificity"	"Detected in all"			"Low region specificity"	"Detected in all"			"HPA005573, HPA018944"	Enhanced		Enhanced	Cytosol			No	No		34000000	"Cluster 40: Monocytes - Innate immune response"	"Cluster 57: Lung - Lung function"	"Cluster 41: Monoamines - Neurotransmitter signalling"	"Cluster 13: Non-specific - Mixed function"	"Cluster 41: Adipocytes & Endothelial cells - Mixed function"	8	Cytosol		"HPA005573: AB_2667366, HPA018944: AB_2669986"	"unprognostic (9.57e-2)"	"unprognostic (2.74e-2)"		"unprognostic (1.92e-1)"	"unprognostic (9.60e-2)"	"unprognostic (8.42e-2)"	"unprognostic (8.00e-2)"	"unprognostic (1.88e-1)"	"unprognostic (4.79e-2)"	"unprognostic (5.50e-2)"	"unprognostic (5.41e-3)"	"unprognostic (6.04e-2)"	"unprognostic (2.95e-2)"	"unprognostic (3.60e-3)"		"unprognostic (1.13e-2)"	"unprognostic (6.07e-2)"	"unprognostic (1.27e-1)"	"unprognostic (9.88e-2)"	"unprognostic (1.57e-2)"	"unprognostic (4.36e-1)"	"unprognostic (2.31e-2)"	"unprognostic (6.14e-3)"	"unprognostic (1.86e-1)"	"unprognostic (3.10e-1)"	"unprognostic (1.49e-2)"	"unprognostic (8.04e-2)"	"unprognostic (3.59e-2)"	"unprognostic (2.25e-2)"	"unprognostic (9.89e-2)"	"unprognostic (1.42e-2)"
WDR62	"C19orf14, DKFZP434J046, FLJ33298, MCPH2"	ENSG00000075702	"WD repeat domain 62"	O43379	19	36054649-36105108	"Disease related genes, Human disease related genes, Predicted intracellular proteins"	Neurogenesis		"Disease variant, Intellectual disability, Primary microcephaly"	"Evidence at protein level"	"Evidence at protein level"	"Evidence at protein level"	"Evidence at protein level"	"Tissue enhanced"	"Detected in many"		"skeletal muscle: 106.5;testis: 61.9;tongue: 60.6"	"Cell type enhanced"	"Detected in many"		"Cone photoreceptor cells: 69.7;Early spermatids: 42.8;Late spermatids: 43.4;Rod photoreceptor cells: 47.4;Spermatocytes: 61.2"	"Low cell type specificity"	"Detected in many"			"Cancer enhanced"	"Detected in many"		"Testicular Germ Cell Tumor (TCGA): 24.3"	"Low region specificity"	"Detected in all"			"Immune cell enhanced"	"Detected in single"		"non-classical monocyte: 2.7"	"Lineage enriched"	"Detected in single"	4	"monocytes: 2.7"	"Low cancer specificity"	"Detected in all"			"Adrenal gland - Mitotic cells (Adrenal gland), Colon - Mitotic cells (Colon), Heart muscle - Cardiomyocytes, Lung - Mitotic cells (Lung), Skeletal muscle - Skeletal myocytes, Skeletal muscle - Skeletal myocytes, Spleen - Mitotic cells (Spleen), Stomach - Mitotic cells (Stomach), Testis - Early spermatids, Testis - Late spermatids"	"Not detected"	"Not detected"			"Low region specificity"	"Detected in all"			"HPA043255, HPA043639"	Enhanced		Approved	"Centriolar satellite,Cytosol"			NA	NA			"Cluster 33: Non-specific - ATP binding"	"Cluster 72: Testis & Skeletal muscle - Protein ubiquitination"	"Cluster 48: Non-specific - Mixed function"	"Cluster 4: Non-specific - Transcription"	"Cluster 31: Spermatocytes - Spermatogenesis"	49	Cytosol	"Centriolar satellite"	"HPA043255: AB_2678393, HPA043639: AB_2678593"	"unprognostic (1.11e-1)"	"unprognostic (5.22e-1)"	"unprognostic (1.36e-1)"	"unprognostic (5.83e-3)"	"unprognostic (3.84e-2)"	"unprognostic (1.59e-1)"	"unprognostic (3.06e-1)"	"unprognostic (1.99e-2)"	"unprognostic (9.87e-3)"	"potential prognostic unfavorable (2.99e-5)"		"unprognostic (3.27e-3)"		"validated prognostic unfavorable (1.43e-6)"	"validated prognostic unfavorable (1.80e-4)"	"unprognostic (4.06e-3)"	"unprognostic (4.21e-2)"	"potential prognostic favorable (7.94e-4)"	"unprognostic (3.58e-2)"	"unprognostic (4.24e-2)"	"unprognostic (2.83e-2)"	"unprognostic (4.79e-2)"	"unprognostic (3.00e-2)"	"unprognostic (1.05e-1)"	"unprognostic (1.54e-2)"	"unprognostic (1.60e-1)"	"unprognostic (2.00e-1)"	"unprognostic (4.59e-3)"	"unprognostic (1.67e-1)"		"unprognostic (1.40e-1)"
XYLT1	"PXYLT1, XT-I"	ENSG00000103489	"Xylosyltransferase 1"	Q86Y38	16	17101769-17470960	"Disease related genes, Enzymes, Human disease related genes, Metabolic proteins, Potential drug targets, Predicted intracellular proteins, Predicted secreted proteins"		"Glycosyltransferase, Transferase"	"Disease variant, Dwarfism"	"Evidence at protein level"	"Evidence at transcript level"	"Evidence at protein level"	"Evidence at protein level"	"Low tissue specificity"	"Detected in many"			"Cell type enriched"	"Detected in many"	6	"Oligodendrocyte precursor cells: 1121.1"	"Cell type enhanced"	"Detected in all"		"bergmann glia: 1956.0;oligodendrocyte precursor cell: 1799.3"	"Low cancer specificity"	"Detected in many"			"Low region specificity"	"Detected in all"			"Immune cell enhanced"	"Detected in some"		"non-classical monocyte: 2.0"	"Lineage enriched"	"Detected in single"	4	"monocytes: 2.0"	"Low cancer specificity"	"Detected in many"			"Spleen - Fibroblast_2"	"Low region specificity"	"Detected in all"			"Low region specificity"	"Detected in all"			"HPA007478, HPA007966"	Approved		Approved	"Endoplasmic reticulum,Plasma membrane"	"Secreted to blood"	Enzyme	NA	NA		56000	"Cluster 40: Monocytes - Innate immune response"	"Cluster 17: Neuronal - Synaptic function"	"Cluster 51: Neurons - Mixed function"	"Cluster 6: Leukemia - Signal transduction"	"Cluster 76: Oligodendrocyte precursor - Unknown function"	1	"Plasma membrane"	"Endoplasmic reticulum"	"HPA007478: AB_1080616, HPA007966: AB_1080618"	"unprognostic (2.03e-3)"	"unprognostic (1.43e-1)"	"unprognostic (1.56e-1)"	"unprognostic (1.02e-1)"	"unprognostic (2.41e-1)"	"unprognostic (1.37e-1)"	"unprognostic (2.82e-1)"	"unprognostic (3.52e-2)"	"unprognostic (1.43e-1)"		"potential prognostic favorable (1.81e-4)"	"unprognostic (1.97e-2)"	"unprognostic (4.08e-1)"			"unprognostic (1.37e-1)"	"unprognostic (1.93e-2)"	"unprognostic (1.88e-2)"	"unprognostic (1.99e-1)"			"unprognostic (1.10e-1)"	"unprognostic (1.77e-1)"	"unprognostic (1.41e-1)"	"unprognostic (2.46e-1)"	"unprognostic (2.80e-1)"	"unprognostic (1.70e-3)"	"unprognostic (2.01e-1)"	"unprognostic (1.03e-1)"	"unprognostic (4.85e-2)"	
ZDHHC1	"C16orf1, HSU90653, ZNF377"	ENSG00000159714	"Zinc finger DHHC-type containing 1"	Q8WTX9	16	67394152-67416833	"Enzymes, Metabolic proteins, Predicted membrane proteins"		"Acyltransferase, Transferase"		"Evidence at protein level"	"Evidence at transcript level"	"Evidence at protein level"	"Evidence at protein level"	"Low tissue specificity"	"Detected in many"			"Cell type enhanced"	"Detected in many"		"Ciliated cells: 58.3;Late spermatids: 49.5"	"Cell type enhanced"	"Detected in all"		"ependymal cell: 64.6"	"Low cancer specificity"	"Detected in all"			"Low region specificity"	"Detected in all"			"Immune cell enhanced"	"Detected in some"		"intermediate monocyte: 1.4;non-classical monocyte: 1.3"	"Low lineage specificity"	"Detected in single"			"Low cancer specificity"	"Detected in many"			"Adipose subcutaneous - Adipose progenitor cells, Lung - Respiratory ciliated cells, Skin - Fibroblast_2, Spleen - Endothelial cells"	"Low region specificity"	"Detected in all"			"Low region specificity"	"Detected in all"			"HPA042531, HPA048659"	Uncertain		Approved	Cytosol			NA	NA			"Cluster 40: Monocytes - Innate immune response"	"Cluster 66: Non-specific - Transcription"	"Cluster 17: Choroid plexus - Cilium"	"Cluster 27: Breast cancer - Unknown function"	"Cluster 42: Ciliated cells - Cilium assembly"	14	Cytosol		"HPA042531: AB_2678041, HPA048659: AB_2680483"	"unprognostic (1.63e-3)"	"unprognostic (9.43e-2)"	"unprognostic (2.78e-2)"	"unprognostic (1.54e-1)"	"unprognostic (4.23e-2)"	"unprognostic (7.09e-3)"	"unprognostic (3.58e-2)"	"unprognostic (2.69e-2)"	"unprognostic (1.89e-1)"	"unprognostic (3.35e-3)"	"unprognostic (3.72e-2)"	"unprognostic (1.95e-2)"	"unprognostic (2.99e-2)"	"unprognostic (1.08e-1)"	"unprognostic (2.69e-1)"	"unprognostic (1.24e-2)"	"unprognostic (2.77e-1)"	"unprognostic (1.28e-1)"	"unprognostic (1.11e-1)"	"unprognostic (1.32e-1)"	"unprognostic (3.23e-1)"	"unprognostic (2.26e-3)"	"unprognostic (1.05e-1)"	"unprognostic (2.19e-1)"	"unprognostic (1.91e-2)"	"unprognostic (1.12e-1)"	"unprognostic (2.07e-1)"	"unprognostic (1.13e-1)"	"unprognostic (9.64e-2)"	"unprognostic (5.08e-2)"	"unprognostic (3.29e-2)"
ZNF197	"D3S1363E, P18, ZKSCAN9, ZNF166, ZSCAN41"	ENSG00000186448	"Zinc finger protein 197"	O14709	3	44584888-44648471	"Plasma proteins, Predicted intracellular proteins, Transcription factors"	"Transcription, Transcription regulation"	DNA-binding		"Evidence at protein level"	"Evidence at transcript level"	"Evidence at transcript level"	"Evidence at protein level"	"Low tissue specificity"	"Detected in all"			"Low cell type specificity"	"Detected in many"			"Low cell type specificity"	"Detected in all"			"Low cancer specificity"	"Detected in all"			"Low region specificity"	"Detected in all"			"Immune cell enhanced"	"Detected in some"		"non-classical monocyte: 4.7"	"Low lineage specificity"	"Detected in many"			"Low cancer specificity"	"Detected in all"								"Low region specificity"	"Detected in all"			HPA054567	Uncertain		Approved	Nucleoplasm			NA	NA			"Cluster 29: Non-specific - Unknown function"	"Cluster 66: Non-specific - Transcription"	"Cluster 25: Non-specific - Transcription"	"Cluster 8: Non-specific - Basic cellular processes"	"Cluster 55: Non-specific - Transcription"	6	Nucleoplasm		"HPA054567: AB_2682527"	"unprognostic (6.05e-3)"	"unprognostic (1.51e-1)"	"unprognostic (6.29e-3)"	"potential prognostic unfavorable (2.38e-4)"	"unprognostic (1.54e-1)"	"unprognostic (2.30e-2)"	"unprognostic (1.59e-1)"	"unprognostic (2.64e-2)"	"unprognostic (1.85e-2)"	"unprognostic (1.81e-3)"	"potential prognostic favorable (7.68e-5)"	"unprognostic (6.51e-3)"	"unprognostic (2.95e-1)"	"unprognostic (3.14e-2)"	"unprognostic (2.80e-2)"	"unprognostic (1.29e-1)"	"potential prognostic unfavorable (9.19e-4)"	"unprognostic (3.80e-1)"	"unprognostic (3.73e-1)"	"unprognostic (8.50e-2)"	"unprognostic (1.23e-2)"	"unprognostic (2.57e-1)"	"unprognostic (6.71e-2)"	"potential prognostic unfavorable (7.82e-4)"	"unprognostic (1.28e-2)"	"unprognostic (1.61e-1)"	"unprognostic (1.65e-2)"	"unprognostic (9.70e-2)"	"unprognostic (4.07e-2)"	"unprognostic (4.19e-2)"	"unprognostic (5.91e-2)"
ZNF710	"DKFZp547K1113, FLJ00306, FLJ37393"	ENSG00000140548	"Zinc finger protein 710"	Q8N1W2	15	90001324-90082206	"Predicted intracellular proteins, Transcription factors"	"Transcription, Transcription regulation"	DNA-binding		"Evidence at protein level"	"Evidence at transcript level"	"Evidence at protein level"	"Evidence at protein level"	"Tissue enhanced"	"Detected in all"		"pancreas: 42.8"	"Cell type enhanced"	"Detected in many"		"Astrocytes: 36.8;Langerhans cells: 34.8;Microglial cells: 143.1;Oligodendrocytes: 33.9"	"Cell type enriched"	"Detected in all"	5	"central nervous system macrophage: 675.1"	"Low cancer specificity"	"Detected in all"			"Low region specificity"	"Detected in all"			"Immune cell enhanced"	"Detected in many"		"non-classical monocyte: 5.7"	"Group enriched"	"Detected in many"	6	"dendritic cells: 1.4;granulocytes: 1.9;monocytes: 5.7"	"Low cancer specificity"	"Detected in all"			"Adipose subcutaneous - Adipose progenitor cells"					"Low region specificity"	"Detected in all"			"HPA030226, HPA030227, HPA030228"	Uncertain		Approved	Nucleoplasm,Mitochondria			NA	NA			"Cluster 37: Monocytes & Neutrophils - Innate immune response"	"Cluster 19: Non-specific - Basic cellular processes"	"Cluster 27: Non-specific - Mixed function"	"Cluster 14: Myeloid leukemia - Innate immune response"	"Cluster 28: Dendritic cells - Antigen presentation"	6	Mitochondria	Nucleoplasm	"HPA030226: AB_2673384, HPA030227: AB_10599855, HPA030228: AB_10601899"	"unprognostic (3.81e-2)"	"unprognostic (5.06e-3)"	"unprognostic (2.01e-1)"	"unprognostic (2.56e-2)"	"unprognostic (2.29e-1)"	"unprognostic (1.11e-1)"	"unprognostic (8.90e-2)"	"unprognostic (3.61e-2)"	"unprognostic (2.69e-2)"	"unprognostic (5.11e-2)"	"potential prognostic favorable (2.93e-4)"	"unprognostic (3.58e-2)"	"unprognostic (1.13e-2)"	"unprognostic (5.95e-2)"	"unprognostic (1.27e-2)"	"unprognostic (1.66e-2)"	"unprognostic (2.17e-2)"	"unprognostic (1.06e-2)"	"unprognostic (6.31e-2)"	"unprognostic (3.70e-2)"	"unprognostic (1.43e-1)"	"unprognostic (6.10e-2)"	"unprognostic (5.66e-2)"	"unprognostic (9.39e-2)"	"unprognostic (2.29e-1)"	"unprognostic (2.00e-1)"	"unprognostic (6.48e-2)"	"unprognostic (3.78e-2)"	"unprognostic (1.42e-1)"	"unprognostic (1.58e-1)"	"unprognostic (6.69e-2)"
ZXDC	"FLJ13861, MGC11349"	ENSG00000070476	"ZXD family zinc finger C"	Q2QGD7	3	126437601-126475891	"Predicted intracellular proteins, Transcription factors"	"Transcription, Transcription regulation"	Activator		"Evidence at protein level"	"Evidence at protein level"	"Evidence at protein level"	"Evidence at protein level"	"Tissue enhanced"	"Detected in all"		"bone marrow: 39.0"	"Cell type enhanced"	"Detected in many"		"Astrocytes: 80.2;Oligodendrocyte precursor cells: 63.7;Oligodendrocytes: 92.3"	"Low cell type specificity"	"Detected in all"			"Low cancer specificity"	"Detected in all"			"Low region specificity"	"Detected in all"			"Immune cell enhanced"	"Detected in some"		"non-classical monocyte: 4.4"	"Group enriched"	"Detected in many"	4	"dendritic cells: 1.1;granulocytes: 1.7;monocytes: 4.4"	"Low cancer specificity"	"Detected in all"			"Minor Salivary Gland - Minor salivary glandular cells, Testis - Spermatogonia"	"Low region specificity"	"Detected in all"			"Low region specificity"	"Detected in all"			HPA049593			Approved	Nucleoli			Yes	No			"Cluster 7: Non-specific - Innate immune response"	"Cluster 40: Non-specific - Transcription"	"Cluster 6: Non-specific - Immune response"	"Cluster 63: Non-specific - Protein processing"	"Cluster 49: Non-specific - Transcription"	24	Nucleoli		"HPA049593: AB_2680828"	"unprognostic (4.05e-2)"	"unprognostic (1.23e-1)"	"unprognostic (2.18e-1)"	"unprognostic (9.81e-2)"	"unprognostic (1.21e-1)"	"unprognostic (2.79e-2)"	"unprognostic (1.17e-1)"	"unprognostic (6.08e-2)"	"unprognostic (2.40e-1)"	"unprognostic (4.05e-2)"	"potential prognostic favorable (1.12e-6)"	"unprognostic (1.55e-2)"	"unprognostic (3.69e-1)"	"unprognostic (4.42e-3)"	"unprognostic (3.47e-2)"	"unprognostic (1.19e-1)"	"unprognostic (2.48e-1)"	"unprognostic (1.59e-3)"	"unprognostic (1.27e-1)"	"unprognostic (3.05e-2)"	"unprognostic (3.56e-1)"	"unprognostic (1.90e-1)"	"unprognostic (1.16e-1)"	"unprognostic (2.55e-1)"	"unprognostic (1.96e-2)"	"unprognostic (4.72e-3)"	"unprognostic (1.19e-2)"	"unprognostic (1.11e-1)"	"unprognostic (2.32e-1)"	"unprognostic (3.26e-2)"	"unprognostic (1.26e-1)"
